KEY,FREQ,REF_AREA,IR_TYPE,TR_TYPE,MATURITY_CAT,BS_COUNT_SECTOR,CURRENCY_TRANS,IR_BUS_COV,IR_FV_TYPE,TIME_PERIOD,OBS_VALUE,OBS_STATUS,OBS_CONF,OBS_PRE_BREAK,OBS_COM,TIME_FORMAT,BREAKS,COLLECTION,COMPILING_ORG,DISS_ORG,DOM_SER_IDS,PUBL_ECB,PUBL_MU,PUBL_PUBLIC,COMPILATION,COVERAGE,DECIMALS,NAT_TITLE,SOURCE_AGENCY,TITLE,TITLE_COMPL,UNIT,UNIT_MULT
IRS.M.GR.L.L40.CI.0000.EUR.N.Z,M,GR,L,L40,CI,0000,EUR,N,Z,1992-10,23.5,A,F,,,P1M,,A,,,,,,,,,2,,,Long-term interest rate for convergence purposes - Euro,"Greece, Long-term interest rate for convergence purposes - Unspecified rate type, Debt security issued, 10 years maturity, New business coverage, denominated in Euro - Unspecified counterpart sector",PC,0
IRS.M.GR.L.L40.CI.0000.EUR.N.Z,M,GR,L,L40,CI,0000,EUR,N,Z,1992-11,25,A,F,,,P1M,,A,,,,,,,,,2,,,Long-term interest rate for convergence purposes - Euro,"Greece, Long-term interest rate for convergence purposes - Unspecified rate type, Debt security issued, 10 years maturity, New business coverage, denominated in Euro - Unspecified counterpart sector",PC,0
IRS.M.GR.L.L40.CI.0000.EUR.N.Z,M,GR,L,L40,CI,0000,EUR,N,Z,1992-12,24.5,A,F,,,P1M,,A,,,,,,,,,2,,,Long-term interest rate for convergence purposes - Euro,"Greece, Long-term interest rate for convergence purposes - Unspecified rate type, Debt security issued, 10 years maturity, New business coverage, denominated in Euro - Unspecified counterpart sector",PC,0
IRS.M.GR.L.L40.CI.0000.EUR.N.Z,M,GR,L,L40,CI,0000,EUR,N,Z,1993-01,24.5,A,F,,,P1M,,A,,,,,,,,,2,,,Long-term interest rate for convergence purposes - Euro,"Greece, Long-term interest rate for convergence purposes - Unspecified rate type, Debt security issued, 10 years maturity, New business coverage, denominated in Euro - Unspecified counterpart sector",PC,0
IRS.M.GR.L.L40.CI.0000.EUR.N.Z,M,GR,L,L40,CI,0000,EUR,N,Z,1993-02,24.5,A,F,,,P1M,,A,,,,,,,,,2,,,Long-term interest rate for convergence purposes - Euro,"Greece, Long-term interest rate for convergence purposes - Unspecified rate type, Debt security issued, 10 years maturity, New business coverage, denominated in Euro - Unspecified counterpart sector",PC,0
IRS.M.GR.L.L40.CI.0000.EUR.N.Z,M,GR,L,L40,CI,0000,EUR,N,Z,1993-03,24.5,A,F,,,P1M,,A,,,,,,,,,2,,,Long-term interest rate for convergence purposes - Euro,"Greece, Long-term interest rate for convergence purposes - Unspecified rate type, Debt security issued, 10 years maturity, New business coverage, denominated in Euro - Unspecified counterpart sector",PC,0
IRS.M.GR.L.L40.CI.0000.EUR.N.Z,M,GR,L,L40,CI,0000,EUR,N,Z,1993-04,24.38,A,F,,,P1M,,A,,,,,,,,,2,,,Long-term interest rate for convergence purposes - Euro,"Greece, Long-term interest rate for convergence purposes - Unspecified rate type, Debt security issued, 10 years maturity, New business coverage, denominated in Euro - Unspecified counterpart sector",PC,0
IRS.M.GR.L.L40.CI.0000.EUR.N.Z,M,GR,L,L40,CI,0000,EUR,N,Z,1993-05,23.88,A,F,,,P1M,,A,,,,,,,,,2,,,Long-term interest rate for convergence purposes - Euro,"Greece, Long-term interest rate for convergence purposes - Unspecified rate type, Debt security issued, 10 years maturity, New business coverage, denominated in Euro - Unspecified counterpart sector",PC,0
IRS.M.GR.L.L40.CI.0000.EUR.N.Z,M,GR,L,L40,CI,0000,EUR,N,Z,1993-06,23.38,A,F,,,P1M,,A,,,,,,,,,2,,,Long-term interest rate for convergence purposes - Euro,"Greece, Long-term interest rate for convergence purposes - Unspecified rate type, Debt security issued, 10 years maturity, New business coverage, denominated in Euro - Unspecified counterpart sector",PC,0
IRS.M.GR.L.L40.CI.0000.EUR.N.Z,M,GR,L,L40,CI,0000,EUR,N,Z,1993-07,22.88,A,F,,,P1M,,A,,,,,,,,,2,,,Long-term interest rate for convergence purposes - Euro,"Greece, Long-term interest rate for convergence purposes - Unspecified rate type, Debt security issued, 10 years maturity, New business coverage, denominated in Euro - Unspecified counterpart sector",PC,0
IRS.M.GR.L.L40.CI.0000.EUR.N.Z,M,GR,L,L40,CI,0000,EUR,N,Z,1993-08,22.25,A,F,,,P1M,,A,,,,,,,,,2,,,Long-term interest rate for convergence purposes - Euro,"Greece, Long-term interest rate for convergence purposes - Unspecified rate type, Debt security issued, 10 years maturity, New business coverage, denominated in Euro - Unspecified counterpart sector",PC,0
IRS.M.GR.L.L40.CI.0000.EUR.N.Z,M,GR,L,L40,CI,0000,EUR,N,Z,1993-09,22.25,A,F,,,P1M,,A,,,,,,,,,2,,,Long-term interest rate for convergence purposes - Euro,"Greece, Long-term interest rate for convergence purposes - Unspecified rate type, Debt security issued, 10 years maturity, New business coverage, denominated in Euro - Unspecified counterpart sector",PC,0
IRS.M.GR.L.L40.CI.0000.EUR.N.Z,M,GR,L,L40,CI,0000,EUR,N,Z,1993-10,22.25,A,F,,,P1M,,A,,,,,,,,,2,,,Long-term interest rate for convergence purposes - Euro,"Greece, Long-term interest rate for convergence purposes - Unspecified rate type, Debt security issued, 10 years maturity, New business coverage, denominated in Euro - Unspecified counterpart sector",PC,0
IRS.M.GR.L.L40.CI.0000.EUR.N.Z,M,GR,L,L40,CI,0000,EUR,N,Z,1993-11,22.25,A,F,,,P1M,,A,,,,,,,,,2,,,Long-term interest rate for convergence purposes - Euro,"Greece, Long-term interest rate for convergence purposes - Unspecified rate type, Debt security issued, 10 years maturity, New business coverage, denominated in Euro - Unspecified counterpart sector",PC,0
IRS.M.GR.L.L40.CI.0000.EUR.N.Z,M,GR,L,L40,CI,0000,EUR,N,Z,1993-12,22.25,A,F,,,P1M,,A,,,,,,,,,2,,,Long-term interest rate for convergence purposes - Euro,"Greece, Long-term interest rate for convergence purposes - Unspecified rate type, Debt security issued, 10 years maturity, New business coverage, denominated in Euro - Unspecified counterpart sector",PC,0
IRS.M.GR.L.L40.CI.0000.EUR.N.Z,M,GR,L,L40,CI,0000,EUR,N,Z,1994-01,22,A,F,,,P1M,,A,,,,,,,,,2,,,Long-term interest rate for convergence purposes - Euro,"Greece, Long-term interest rate for convergence purposes - Unspecified rate type, Debt security issued, 10 years maturity, New business coverage, denominated in Euro - Unspecified counterpart sector",PC,0
IRS.M.GR.L.L40.CI.0000.EUR.N.Z,M,GR,L,L40,CI,0000,EUR,N,Z,1994-02,21.25,A,F,,,P1M,,A,,,,,,,,,2,,,Long-term interest rate for convergence purposes - Euro,"Greece, Long-term interest rate for convergence purposes - Unspecified rate type, Debt security issued, 10 years maturity, New business coverage, denominated in Euro - Unspecified counterpart sector",PC,0
IRS.M.GR.L.L40.CI.0000.EUR.N.Z,M,GR,L,L40,CI,0000,EUR,N,Z,1994-03,20.38,A,F,,,P1M,,A,,,,,,,,,2,,,Long-term interest rate for convergence purposes - Euro,"Greece, Long-term interest rate for convergence purposes - Unspecified rate type, Debt security issued, 10 years maturity, New business coverage, denominated in Euro - Unspecified counterpart sector",PC,0
IRS.M.GR.L.L40.CI.0000.EUR.N.Z,M,GR,L,L40,CI,0000,EUR,N,Z,1994-04,20,A,F,,,P1M,,A,,,,,,,,,2,,,Long-term interest rate for convergence purposes - Euro,"Greece, Long-term interest rate for convergence purposes - Unspecified rate type, Debt security issued, 10 years maturity, New business coverage, denominated in Euro - Unspecified counterpart sector",PC,0
IRS.M.GR.L.L40.CI.0000.EUR.N.Z,M,GR,L,L40,CI,0000,EUR,N,Z,1994-05,20.38,A,F,,,P1M,,A,,,,,,,,,2,,,Long-term interest rate for convergence purposes - Euro,"Greece, Long-term interest rate for convergence purposes - Unspecified rate type, Debt security issued, 10 years maturity, New business coverage, denominated in Euro - Unspecified counterpart sector",PC,0
IRS.M.GR.L.L40.CI.0000.EUR.N.Z,M,GR,L,L40,CI,0000,EUR,N,Z,1994-06,20.75,A,F,,,P1M,,A,,,,,,,,,2,,,Long-term interest rate for convergence purposes - Euro,"Greece, Long-term interest rate for convergence purposes - Unspecified rate type, Debt security issued, 10 years maturity, New business coverage, denominated in Euro - Unspecified counterpart sector",PC,0
IRS.M.GR.L.L40.CI.0000.EUR.N.Z,M,GR,L,L40,CI,0000,EUR,N,Z,1994-07,21.13,A,F,,,P1M,,A,,,,,,,,,2,,,Long-term interest rate for convergence purposes - Euro,"Greece, Long-term interest rate for convergence purposes - Unspecified rate type, Debt security issued, 10 years maturity, New business coverage, denominated in Euro - Unspecified counterpart sector",PC,0
IRS.M.GR.L.L40.CI.0000.EUR.N.Z,M,GR,L,L40,CI,0000,EUR,N,Z,1994-08,21.5,A,F,,,P1M,,A,,,,,,,,,2,,,Long-term interest rate for convergence purposes - Euro,"Greece, Long-term interest rate for convergence purposes - Unspecified rate type, Debt security issued, 10 years maturity, New business coverage, denominated in Euro - Unspecified counterpart sector",PC,0
IRS.M.GR.L.L40.CI.0000.EUR.N.Z,M,GR,L,L40,CI,0000,EUR,N,Z,1994-09,21.5,A,F,,,P1M,,A,,,,,,,,,2,,,Long-term interest rate for convergence purposes - Euro,"Greece, Long-term interest rate for convergence purposes - Unspecified rate type, Debt security issued, 10 years maturity, New business coverage, denominated in Euro - Unspecified counterpart sector",PC,0
IRS.M.GR.L.L40.CI.0000.EUR.N.Z,M,GR,L,L40,CI,0000,EUR,N,Z,1994-10,20.67,A,F,,,P1M,,A,,,,,,,,,2,,,Long-term interest rate for convergence purposes - Euro,"Greece, Long-term interest rate for convergence purposes - Unspecified rate type, Debt security issued, 10 years maturity, New business coverage, denominated in Euro - Unspecified counterpart sector",PC,0
IRS.M.GR.L.L40.CI.0000.EUR.N.Z,M,GR,L,L40,CI,0000,EUR,N,Z,1994-11,19.83,A,F,,,P1M,,A,,,,,,,,,2,,,Long-term interest rate for convergence purposes - Euro,"Greece, Long-term interest rate for convergence purposes - Unspecified rate type, Debt security issued, 10 years maturity, New business coverage, denominated in Euro - Unspecified counterpart sector",PC,0
IRS.M.GR.L.L40.CI.0000.EUR.N.Z,M,GR,L,L40,CI,0000,EUR,N,Z,1994-12,19,A,F,,,P1M,,A,,,,,,,,,2,,,Long-term interest rate for convergence purposes - Euro,"Greece, Long-term interest rate for convergence purposes - Unspecified rate type, Debt security issued, 10 years maturity, New business coverage, denominated in Euro - Unspecified counterpart sector",PC,0
IRS.M.GR.L.L40.CI.0000.EUR.N.Z,M,GR,L,L40,CI,0000,EUR,N,Z,1995-01,19,A,F,,,P1M,,A,,,,,,,,,2,,,Long-term interest rate for convergence purposes - Euro,"Greece, Long-term interest rate for convergence purposes - Unspecified rate type, Debt security issued, 10 years maturity, New business coverage, denominated in Euro - Unspecified counterpart sector",PC,0
IRS.M.GR.L.L40.CI.0000.EUR.N.Z,M,GR,L,L40,CI,0000,EUR,N,Z,1995-02,18.5,A,F,,,P1M,,A,,,,,,,,,2,,,Long-term interest rate for convergence purposes - Euro,"Greece, Long-term interest rate for convergence purposes - Unspecified rate type, Debt security issued, 10 years maturity, New business coverage, denominated in Euro - Unspecified counterpart sector",PC,0
IRS.M.GR.L.L40.CI.0000.EUR.N.Z,M,GR,L,L40,CI,0000,EUR,N,Z,1995-03,18.25,A,F,,,P1M,,A,,,,,,,,,2,,,Long-term interest rate for convergence purposes - Euro,"Greece, Long-term interest rate for convergence purposes - Unspecified rate type, Debt security issued, 10 years maturity, New business coverage, denominated in Euro - Unspecified counterpart sector",PC,0
IRS.M.GR.L.L40.CI.0000.EUR.N.Z,M,GR,L,L40,CI,0000,EUR,N,Z,1995-04,18,A,F,,,P1M,,A,,,,,,,,,2,,,Long-term interest rate for convergence purposes - Euro,"Greece, Long-term interest rate for convergence purposes - Unspecified rate type, Debt security issued, 10 years maturity, New business coverage, denominated in Euro - Unspecified counterpart sector",PC,0
IRS.M.GR.L.L40.CI.0000.EUR.N.Z,M,GR,L,L40,CI,0000,EUR,N,Z,1995-05,17.58,A,F,,,P1M,,A,,,,,,,,,2,,,Long-term interest rate for convergence purposes - Euro,"Greece, Long-term interest rate for convergence purposes - Unspecified rate type, Debt security issued, 10 years maturity, New business coverage, denominated in Euro - Unspecified counterpart sector",PC,0
IRS.M.GR.L.L40.CI.0000.EUR.N.Z,M,GR,L,L40,CI,0000,EUR,N,Z,1995-06,17.24,A,F,,,P1M,,A,,,,,,,,,2,,,Long-term interest rate for convergence purposes - Euro,"Greece, Long-term interest rate for convergence purposes - Unspecified rate type, Debt security issued, 10 years maturity, New business coverage, denominated in Euro - Unspecified counterpart sector",PC,0
IRS.M.GR.L.L40.CI.0000.EUR.N.Z,M,GR,L,L40,CI,0000,EUR,N,Z,1995-07,16.72,A,F,,,P1M,,A,,,,,,,,,2,,,Long-term interest rate for convergence purposes - Euro,"Greece, Long-term interest rate for convergence purposes - Unspecified rate type, Debt security issued, 10 years maturity, New business coverage, denominated in Euro - Unspecified counterpart sector",PC,0
IRS.M.GR.L.L40.CI.0000.EUR.N.Z,M,GR,L,L40,CI,0000,EUR,N,Z,1995-08,16.19,A,F,,,P1M,,A,,,,,,,,,2,,,Long-term interest rate for convergence purposes - Euro,"Greece, Long-term interest rate for convergence purposes - Unspecified rate type, Debt security issued, 10 years maturity, New business coverage, denominated in Euro - Unspecified counterpart sector",PC,0
IRS.M.GR.L.L40.CI.0000.EUR.N.Z,M,GR,L,L40,CI,0000,EUR,N,Z,1995-09,15.72,A,F,,,P1M,,A,,,,,,,,,2,,,Long-term interest rate for convergence purposes - Euro,"Greece, Long-term interest rate for convergence purposes - Unspecified rate type, Debt security issued, 10 years maturity, New business coverage, denominated in Euro - Unspecified counterpart sector",PC,0
IRS.M.GR.L.L40.CI.0000.EUR.N.Z,M,GR,L,L40,CI,0000,EUR,N,Z,1995-10,15.56,A,F,,,P1M,,A,,,,,,,,,2,,,Long-term interest rate for convergence purposes - Euro,"Greece, Long-term interest rate for convergence purposes - Unspecified rate type, Debt security issued, 10 years maturity, New business coverage, denominated in Euro - Unspecified counterpart sector",PC,0
IRS.M.GR.L.L40.CI.0000.EUR.N.Z,M,GR,L,L40,CI,0000,EUR,N,Z,1995-11,15.4,A,F,,,P1M,,A,,,,,,,,,2,,,Long-term interest rate for convergence purposes - Euro,"Greece, Long-term interest rate for convergence purposes - Unspecified rate type, Debt security issued, 10 years maturity, New business coverage, denominated in Euro - Unspecified counterpart sector",PC,0
IRS.M.GR.L.L40.CI.0000.EUR.N.Z,M,GR,L,L40,CI,0000,EUR,N,Z,1995-12,15.35,A,F,,,P1M,,A,,,,,,,,,2,,,Long-term interest rate for convergence purposes - Euro,"Greece, Long-term interest rate for convergence purposes - Unspecified rate type, Debt security issued, 10 years maturity, New business coverage, denominated in Euro - Unspecified counterpart sector",PC,0
IRS.M.GR.L.L40.CI.0000.EUR.N.Z,M,GR,L,L40,CI,0000,EUR,N,Z,1996-01,15.3,A,F,,,P1M,,A,,,,,,,,,2,,,Long-term interest rate for convergence purposes - Euro,"Greece, Long-term interest rate for convergence purposes - Unspecified rate type, Debt security issued, 10 years maturity, New business coverage, denominated in Euro - Unspecified counterpart sector",PC,0
IRS.M.GR.L.L40.CI.0000.EUR.N.Z,M,GR,L,L40,CI,0000,EUR,N,Z,1996-02,15.3,A,F,,,P1M,,A,,,,,,,,,2,,,Long-term interest rate for convergence purposes - Euro,"Greece, Long-term interest rate for convergence purposes - Unspecified rate type, Debt security issued, 10 years maturity, New business coverage, denominated in Euro - Unspecified counterpart sector",PC,0
IRS.M.GR.L.L40.CI.0000.EUR.N.Z,M,GR,L,L40,CI,0000,EUR,N,Z,1996-03,14.9,A,F,,,P1M,,A,,,,,,,,,2,,,Long-term interest rate for convergence purposes - Euro,"Greece, Long-term interest rate for convergence purposes - Unspecified rate type, Debt security issued, 10 years maturity, New business coverage, denominated in Euro - Unspecified counterpart sector",PC,0
IRS.M.GR.L.L40.CI.0000.EUR.N.Z,M,GR,L,L40,CI,0000,EUR,N,Z,1996-04,14.8,A,F,,,P1M,,A,,,,,,,,,2,,,Long-term interest rate for convergence purposes - Euro,"Greece, Long-term interest rate for convergence purposes - Unspecified rate type, Debt security issued, 10 years maturity, New business coverage, denominated in Euro - Unspecified counterpart sector",PC,0
IRS.M.GR.L.L40.CI.0000.EUR.N.Z,M,GR,L,L40,CI,0000,EUR,N,Z,1996-05,14.87,A,F,,,P1M,,A,,,,,,,,,2,,,Long-term interest rate for convergence purposes - Euro,"Greece, Long-term interest rate for convergence purposes - Unspecified rate type, Debt security issued, 10 years maturity, New business coverage, denominated in Euro - Unspecified counterpart sector",PC,0
IRS.M.GR.L.L40.CI.0000.EUR.N.Z,M,GR,L,L40,CI,0000,EUR,N,Z,1996-06,14.95,A,F,,,P1M,,A,,,,,,,,,2,,,Long-term interest rate for convergence purposes - Euro,"Greece, Long-term interest rate for convergence purposes - Unspecified rate type, Debt security issued, 10 years maturity, New business coverage, denominated in Euro - Unspecified counterpart sector",PC,0
IRS.M.GR.L.L40.CI.0000.EUR.N.Z,M,GR,L,L40,CI,0000,EUR,N,Z,1996-07,14.61,A,F,,,P1M,,A,,,,,,,,,2,,,Long-term interest rate for convergence purposes - Euro,"Greece, Long-term interest rate for convergence purposes - Unspecified rate type, Debt security issued, 10 years maturity, New business coverage, denominated in Euro - Unspecified counterpart sector",PC,0
IRS.M.GR.L.L40.CI.0000.EUR.N.Z,M,GR,L,L40,CI,0000,EUR,N,Z,1996-08,14.46,A,F,,,P1M,,A,,,,,,,,,2,,,Long-term interest rate for convergence purposes - Euro,"Greece, Long-term interest rate for convergence purposes - Unspecified rate type, Debt security issued, 10 years maturity, New business coverage, denominated in Euro - Unspecified counterpart sector",PC,0
IRS.M.GR.L.L40.CI.0000.EUR.N.Z,M,GR,L,L40,CI,0000,EUR,N,Z,1996-09,14.23,A,F,,,P1M,,A,,,,,,,,,2,,,Long-term interest rate for convergence purposes - Euro,"Greece, Long-term interest rate for convergence purposes - Unspecified rate type, Debt security issued, 10 years maturity, New business coverage, denominated in Euro - Unspecified counterpart sector",PC,0
IRS.M.GR.L.L40.CI.0000.EUR.N.Z,M,GR,L,L40,CI,0000,EUR,N,Z,1996-10,14,A,F,,,P1M,,A,,,,,,,,,2,,,Long-term interest rate for convergence purposes - Euro,"Greece, Long-term interest rate for convergence purposes - Unspecified rate type, Debt security issued, 10 years maturity, New business coverage, denominated in Euro - Unspecified counterpart sector",PC,0
IRS.M.GR.L.L40.CI.0000.EUR.N.Z,M,GR,L,L40,CI,0000,EUR,N,Z,1996-11,13.36,A,F,,,P1M,,A,,,,,,,,,2,,,Long-term interest rate for convergence purposes - Euro,"Greece, Long-term interest rate for convergence purposes - Unspecified rate type, Debt security issued, 10 years maturity, New business coverage, denominated in Euro - Unspecified counterpart sector",PC,0
IRS.M.GR.L.L40.CI.0000.EUR.N.Z,M,GR,L,L40,CI,0000,EUR,N,Z,1996-12,12.42,A,F,,,P1M,,A,,,,,,,,,2,,,Long-term interest rate for convergence purposes - Euro,"Greece, Long-term interest rate for convergence purposes - Unspecified rate type, Debt security issued, 10 years maturity, New business coverage, denominated in Euro - Unspecified counterpart sector",PC,0
IRS.M.GR.L.L40.CI.0000.EUR.N.Z,M,GR,L,L40,CI,0000,EUR,N,Z,1997-01,12.29,A,F,,,P1M,,A,,,,,,,,,2,,,Long-term interest rate for convergence purposes - Euro,"Greece, Long-term interest rate for convergence purposes - Unspecified rate type, Debt security issued, 10 years maturity, New business coverage, denominated in Euro - Unspecified counterpart sector",PC,0
IRS.M.GR.L.L40.CI.0000.EUR.N.Z,M,GR,L,L40,CI,0000,EUR,N,Z,1997-02,10.87,A,F,,,P1M,,A,,,,,,,,,2,,,Long-term interest rate for convergence purposes - Euro,"Greece, Long-term interest rate for convergence purposes - Unspecified rate type, Debt security issued, 10 years maturity, New business coverage, denominated in Euro - Unspecified counterpart sector",PC,0
IRS.M.GR.L.L40.CI.0000.EUR.N.Z,M,GR,L,L40,CI,0000,EUR,N,Z,1997-03,9.45,A,F,,,P1M,,A,,,,,,,,,2,,,Long-term interest rate for convergence purposes - Euro,"Greece, Long-term interest rate for convergence purposes - Unspecified rate type, Debt security issued, 10 years maturity, New business coverage, denominated in Euro - Unspecified counterpart sector",PC,0
IRS.M.GR.L.L40.CI.0000.EUR.N.Z,M,GR,L,L40,CI,0000,EUR,N,Z,1997-04,9.33,A,F,,,P1M,,A,,,,,,,,,2,,,Long-term interest rate for convergence purposes - Euro,"Greece, Long-term interest rate for convergence purposes - Unspecified rate type, Debt security issued, 10 years maturity, New business coverage, denominated in Euro - Unspecified counterpart sector",PC,0
IRS.M.GR.L.L40.CI.0000.EUR.N.Z,M,GR,L,L40,CI,0000,EUR,N,Z,1997-05,8.92,A,F,,,P1M,,A,,,,,,,,,2,,,Long-term interest rate for convergence purposes - Euro,"Greece, Long-term interest rate for convergence purposes - Unspecified rate type, Debt security issued, 10 years maturity, New business coverage, denominated in Euro - Unspecified counterpart sector",PC,0
IRS.M.GR.L.L40.CI.0000.EUR.N.Z,M,GR,L,L40,CI,0000,EUR,N,Z,1997-06,9.15,A,F,,,P1M,,A,,,,,,,,,2,,,Long-term interest rate for convergence purposes - Euro,"Greece, Long-term interest rate for convergence purposes - Unspecified rate type, Debt security issued, 10 years maturity, New business coverage, denominated in Euro - Unspecified counterpart sector",PC,0
IRS.M.GR.L.L40.CI.0000.EUR.N.Z,M,GR,L,L40,CI,0000,EUR,N,Z,1997-07,9.42,A,F,,,P1M,,A,,,,,,,,,2,,,Long-term interest rate for convergence purposes - Euro,"Greece, Long-term interest rate for convergence purposes - Unspecified rate type, Debt security issued, 10 years maturity, New business coverage, denominated in Euro - Unspecified counterpart sector",PC,0
IRS.M.GR.L.L40.CI.0000.EUR.N.Z,M,GR,L,L40,CI,0000,EUR,N,Z,1997-08,9.63,A,F,,,P1M,,A,,,,,,,,,2,,,Long-term interest rate for convergence purposes - Euro,"Greece, Long-term interest rate for convergence purposes - Unspecified rate type, Debt security issued, 10 years maturity, New business coverage, denominated in Euro - Unspecified counterpart sector",PC,0
IRS.M.GR.L.L40.CI.0000.EUR.N.Z,M,GR,L,L40,CI,0000,EUR,N,Z,1997-09,9.43,A,F,,,P1M,,A,,,,,,,,,2,,,Long-term interest rate for convergence purposes - Euro,"Greece, Long-term interest rate for convergence purposes - Unspecified rate type, Debt security issued, 10 years maturity, New business coverage, denominated in Euro - Unspecified counterpart sector",PC,0
IRS.M.GR.L.L40.CI.0000.EUR.N.Z,M,GR,L,L40,CI,0000,EUR,N,Z,1997-10,9.3,A,F,,,P1M,,A,,,,,,,,,2,,,Long-term interest rate for convergence purposes - Euro,"Greece, Long-term interest rate for convergence purposes - Unspecified rate type, Debt security issued, 10 years maturity, New business coverage, denominated in Euro - Unspecified counterpart sector",PC,0
IRS.M.GR.L.L40.CI.0000.EUR.N.Z,M,GR,L,L40,CI,0000,EUR,N,Z,1997-11,10.76,A,F,,,P1M,,A,,,,,,,,,2,,,Long-term interest rate for convergence purposes - Euro,"Greece, Long-term interest rate for convergence purposes - Unspecified rate type, Debt security issued, 10 years maturity, New business coverage, denominated in Euro - Unspecified counterpart sector",PC,0
IRS.M.GR.L.L40.CI.0000.EUR.N.Z,M,GR,L,L40,CI,0000,EUR,N,Z,1997-12,10.48,A,F,,,P1M,,A,,,,,,,,,2,,,Long-term interest rate for convergence purposes - Euro,"Greece, Long-term interest rate for convergence purposes - Unspecified rate type, Debt security issued, 10 years maturity, New business coverage, denominated in Euro - Unspecified counterpart sector",PC,0
IRS.M.GR.L.L40.CI.0000.EUR.N.Z,M,GR,L,L40,CI,0000,EUR,N,Z,1998-01,11.03,A,F,,,P1M,,A,,,,,,,,,2,,,Long-term interest rate for convergence purposes - Euro,"Greece, Long-term interest rate for convergence purposes - Unspecified rate type, Debt security issued, 10 years maturity, New business coverage, denominated in Euro - Unspecified counterpart sector",PC,0
IRS.M.GR.L.L40.CI.0000.EUR.N.Z,M,GR,L,L40,CI,0000,EUR,N,Z,1998-02,11.04,A,F,,,P1M,,A,,,,,,,,,2,,,Long-term interest rate for convergence purposes - Euro,"Greece, Long-term interest rate for convergence purposes - Unspecified rate type, Debt security issued, 10 years maturity, New business coverage, denominated in Euro - Unspecified counterpart sector",PC,0
IRS.M.GR.L.L40.CI.0000.EUR.N.Z,M,GR,L,L40,CI,0000,EUR,N,Z,1998-03,9.27,A,F,,,P1M,,A,,,,,,,,,2,,,Long-term interest rate for convergence purposes - Euro,"Greece, Long-term interest rate for convergence purposes - Unspecified rate type, Debt security issued, 10 years maturity, New business coverage, denominated in Euro - Unspecified counterpart sector",PC,0
IRS.M.GR.L.L40.CI.0000.EUR.N.Z,M,GR,L,L40,CI,0000,EUR,N,Z,1998-04,8.11,A,F,,,P1M,,A,,,,,,,,,2,,,Long-term interest rate for convergence purposes - Euro,"Greece, Long-term interest rate for convergence purposes - Unspecified rate type, Debt security issued, 10 years maturity, New business coverage, denominated in Euro - Unspecified counterpart sector",PC,0
IRS.M.GR.L.L40.CI.0000.EUR.N.Z,M,GR,L,L40,CI,0000,EUR,N,Z,1998-05,7.85,A,F,,,P1M,,A,,,,,,,,,2,,,Long-term interest rate for convergence purposes - Euro,"Greece, Long-term interest rate for convergence purposes - Unspecified rate type, Debt security issued, 10 years maturity, New business coverage, denominated in Euro - Unspecified counterpart sector",PC,0
IRS.M.GR.L.L40.CI.0000.EUR.N.Z,M,GR,L,L40,CI,0000,EUR,N,Z,1998-06,7.74,A,F,,,P1M,,A,,,,,,,,,2,,,Long-term interest rate for convergence purposes - Euro,"Greece, Long-term interest rate for convergence purposes - Unspecified rate type, Debt security issued, 10 years maturity, New business coverage, denominated in Euro - Unspecified counterpart sector",PC,0
IRS.M.GR.L.L40.CI.0000.EUR.N.Z,M,GR,L,L40,CI,0000,EUR,N,Z,1998-07,7.67,A,F,,,P1M,,A,,,,,,,,,2,,,Long-term interest rate for convergence purposes - Euro,"Greece, Long-term interest rate for convergence purposes - Unspecified rate type, Debt security issued, 10 years maturity, New business coverage, denominated in Euro - Unspecified counterpart sector",PC,0
IRS.M.GR.L.L40.CI.0000.EUR.N.Z,M,GR,L,L40,CI,0000,EUR,N,Z,1998-08,7.56,A,F,,,P1M,,A,,,,,,,,,2,,,Long-term interest rate for convergence purposes - Euro,"Greece, Long-term interest rate for convergence purposes - Unspecified rate type, Debt security issued, 10 years maturity, New business coverage, denominated in Euro - Unspecified counterpart sector",PC,0
IRS.M.GR.L.L40.CI.0000.EUR.N.Z,M,GR,L,L40,CI,0000,EUR,N,Z,1998-09,8.25,A,F,,,P1M,,A,,,,,,,,,2,,,Long-term interest rate for convergence purposes - Euro,"Greece, Long-term interest rate for convergence purposes - Unspecified rate type, Debt security issued, 10 years maturity, New business coverage, denominated in Euro - Unspecified counterpart sector",PC,0
IRS.M.GR.L.L40.CI.0000.EUR.N.Z,M,GR,L,L40,CI,0000,EUR,N,Z,1998-10,8.45,A,F,,,P1M,,A,,,,,,,,,2,,,Long-term interest rate for convergence purposes - Euro,"Greece, Long-term interest rate for convergence purposes - Unspecified rate type, Debt security issued, 10 years maturity, New business coverage, denominated in Euro - Unspecified counterpart sector",PC,0
IRS.M.GR.L.L40.CI.0000.EUR.N.Z,M,GR,L,L40,CI,0000,EUR,N,Z,1998-11,7.65,A,F,,,P1M,,A,,,,,,,,,2,,,Long-term interest rate for convergence purposes - Euro,"Greece, Long-term interest rate for convergence purposes - Unspecified rate type, Debt security issued, 10 years maturity, New business coverage, denominated in Euro - Unspecified counterpart sector",PC,0
IRS.M.GR.L.L40.CI.0000.EUR.N.Z,M,GR,L,L40,CI,0000,EUR,N,Z,1998-12,7.17,A,F,,,P1M,,A,,,,,,,,,2,,,Long-term interest rate for convergence purposes - Euro,"Greece, Long-term interest rate for convergence purposes - Unspecified rate type, Debt security issued, 10 years maturity, New business coverage, denominated in Euro - Unspecified counterpart sector",PC,0
IRS.M.GR.L.L40.CI.0000.EUR.N.Z,M,GR,L,L40,CI,0000,EUR,N,Z,1999-01,6.32,A,F,,,P1M,,A,,,,,,,,,2,,,Long-term interest rate for convergence purposes - Euro,"Greece, Long-term interest rate for convergence purposes - Unspecified rate type, Debt security issued, 10 years maturity, New business coverage, denominated in Euro - Unspecified counterpart sector",PC,0
IRS.M.GR.L.L40.CI.0000.EUR.N.Z,M,GR,L,L40,CI,0000,EUR,N,Z,1999-02,5.96,A,F,,,P1M,,A,,,,,,,,,2,,,Long-term interest rate for convergence purposes - Euro,"Greece, Long-term interest rate for convergence purposes - Unspecified rate type, Debt security issued, 10 years maturity, New business coverage, denominated in Euro - Unspecified counterpart sector",PC,0
IRS.M.GR.L.L40.CI.0000.EUR.N.Z,M,GR,L,L40,CI,0000,EUR,N,Z,1999-03,5.97,A,F,,,P1M,,A,,,,,,,,,2,,,Long-term interest rate for convergence purposes - Euro,"Greece, Long-term interest rate for convergence purposes - Unspecified rate type, Debt security issued, 10 years maturity, New business coverage, denominated in Euro - Unspecified counterpart sector",PC,0
IRS.M.GR.L.L40.CI.0000.EUR.N.Z,M,GR,L,L40,CI,0000,EUR,N,Z,1999-04,5.85,A,F,,,P1M,,A,,,,,,,,,2,,,Long-term interest rate for convergence purposes - Euro,"Greece, Long-term interest rate for convergence purposes - Unspecified rate type, Debt security issued, 10 years maturity, New business coverage, denominated in Euro - Unspecified counterpart sector",PC,0
IRS.M.GR.L.L40.CI.0000.EUR.N.Z,M,GR,L,L40,CI,0000,EUR,N,Z,1999-05,5.75,A,F,,,P1M,,A,,,,,,,,,2,,,Long-term interest rate for convergence purposes - Euro,"Greece, Long-term interest rate for convergence purposes - Unspecified rate type, Debt security issued, 10 years maturity, New business coverage, denominated in Euro - Unspecified counterpart sector",PC,0
IRS.M.GR.L.L40.CI.0000.EUR.N.Z,M,GR,L,L40,CI,0000,EUR,N,Z,1999-06,6.02,A,F,,,P1M,,A,,,,,,,,,2,,,Long-term interest rate for convergence purposes - Euro,"Greece, Long-term interest rate for convergence purposes - Unspecified rate type, Debt security issued, 10 years maturity, New business coverage, denominated in Euro - Unspecified counterpart sector",PC,0
IRS.M.GR.L.L40.CI.0000.EUR.N.Z,M,GR,L,L40,CI,0000,EUR,N,Z,1999-07,6.37,A,F,,,P1M,,A,,,,,,,,,2,,,Long-term interest rate for convergence purposes - Euro,"Greece, Long-term interest rate for convergence purposes - Unspecified rate type, Debt security issued, 10 years maturity, New business coverage, denominated in Euro - Unspecified counterpart sector",PC,0
IRS.M.GR.L.L40.CI.0000.EUR.N.Z,M,GR,L,L40,CI,0000,EUR,N,Z,1999-08,6.66,A,F,,,P1M,,A,,,,,,,,,2,,,Long-term interest rate for convergence purposes - Euro,"Greece, Long-term interest rate for convergence purposes - Unspecified rate type, Debt security issued, 10 years maturity, New business coverage, denominated in Euro - Unspecified counterpart sector",PC,0
IRS.M.GR.L.L40.CI.0000.EUR.N.Z,M,GR,L,L40,CI,0000,EUR,N,Z,1999-09,6.64,A,F,,,P1M,,A,,,,,,,,,2,,,Long-term interest rate for convergence purposes - Euro,"Greece, Long-term interest rate for convergence purposes - Unspecified rate type, Debt security issued, 10 years maturity, New business coverage, denominated in Euro - Unspecified counterpart sector",PC,0
IRS.M.GR.L.L40.CI.0000.EUR.N.Z,M,GR,L,L40,CI,0000,EUR,N,Z,1999-10,7.03,A,F,,,P1M,,A,,,,,,,,,2,,,Long-term interest rate for convergence purposes - Euro,"Greece, Long-term interest rate for convergence purposes - Unspecified rate type, Debt security issued, 10 years maturity, New business coverage, denominated in Euro - Unspecified counterpart sector",PC,0
IRS.M.GR.L.L40.CI.0000.EUR.N.Z,M,GR,L,L40,CI,0000,EUR,N,Z,1999-11,6.61,A,F,,,P1M,,A,,,,,,,,,2,,,Long-term interest rate for convergence purposes - Euro,"Greece, Long-term interest rate for convergence purposes - Unspecified rate type, Debt security issued, 10 years maturity, New business coverage, denominated in Euro - Unspecified counterpart sector",PC,0
IRS.M.GR.L.L40.CI.0000.EUR.N.Z,M,GR,L,L40,CI,0000,EUR,N,Z,1999-12,6.39,A,F,,,P1M,,A,,,,,,,,,2,,,Long-term interest rate for convergence purposes - Euro,"Greece, Long-term interest rate for convergence purposes - Unspecified rate type, Debt security issued, 10 years maturity, New business coverage, denominated in Euro - Unspecified counterpart sector",PC,0
IRS.M.GR.L.L40.CI.0000.EUR.N.Z,M,GR,L,L40,CI,0000,EUR,N,Z,2000-01,6.6,A,F,,,P1M,,A,,,,,,,,,2,,,Long-term interest rate for convergence purposes - Euro,"Greece, Long-term interest rate for convergence purposes - Unspecified rate type, Debt security issued, 10 years maturity, New business coverage, denominated in Euro - Unspecified counterpart sector",PC,0
IRS.M.GR.L.L40.CI.0000.EUR.N.Z,M,GR,L,L40,CI,0000,EUR,N,Z,2000-02,6.48,A,F,,,P1M,,A,,,,,,,,,2,,,Long-term interest rate for convergence purposes - Euro,"Greece, Long-term interest rate for convergence purposes - Unspecified rate type, Debt security issued, 10 years maturity, New business coverage, denominated in Euro - Unspecified counterpart sector",PC,0
IRS.M.GR.L.L40.CI.0000.EUR.N.Z,M,GR,L,L40,CI,0000,EUR,N,Z,2000-03,6.24,A,F,,,P1M,,A,,,,,,,,,2,,,Long-term interest rate for convergence purposes - Euro,"Greece, Long-term interest rate for convergence purposes - Unspecified rate type, Debt security issued, 10 years maturity, New business coverage, denominated in Euro - Unspecified counterpart sector",PC,0
IRS.M.GR.L.L40.CI.0000.EUR.N.Z,M,GR,L,L40,CI,0000,EUR,N,Z,2000-04,6.09,A,F,,,P1M,,A,,,,,,,,,2,,,Long-term interest rate for convergence purposes - Euro,"Greece, Long-term interest rate for convergence purposes - Unspecified rate type, Debt security issued, 10 years maturity, New business coverage, denominated in Euro - Unspecified counterpart sector",PC,0
IRS.M.GR.L.L40.CI.0000.EUR.N.Z,M,GR,L,L40,CI,0000,EUR,N,Z,2000-05,6.18,A,F,,,P1M,,A,,,,,,,,,2,,,Long-term interest rate for convergence purposes - Euro,"Greece, Long-term interest rate for convergence purposes - Unspecified rate type, Debt security issued, 10 years maturity, New business coverage, denominated in Euro - Unspecified counterpart sector",PC,0
IRS.M.GR.L.L40.CI.0000.EUR.N.Z,M,GR,L,L40,CI,0000,EUR,N,Z,2000-06,6.06,A,F,,,P1M,,A,,,,,,,,,2,,,Long-term interest rate for convergence purposes - Euro,"Greece, Long-term interest rate for convergence purposes - Unspecified rate type, Debt security issued, 10 years maturity, New business coverage, denominated in Euro - Unspecified counterpart sector",PC,0
IRS.M.GR.L.L40.CI.0000.EUR.N.Z,M,GR,L,L40,CI,0000,EUR,N,Z,2000-07,6.08,A,F,,,P1M,,A,,,,,,,,,2,,,Long-term interest rate for convergence purposes - Euro,"Greece, Long-term interest rate for convergence purposes - Unspecified rate type, Debt security issued, 10 years maturity, New business coverage, denominated in Euro - Unspecified counterpart sector",PC,0
IRS.M.GR.L.L40.CI.0000.EUR.N.Z,M,GR,L,L40,CI,0000,EUR,N,Z,2000-08,6.04,A,F,,,P1M,,A,,,,,,,,,2,,,Long-term interest rate for convergence purposes - Euro,"Greece, Long-term interest rate for convergence purposes - Unspecified rate type, Debt security issued, 10 years maturity, New business coverage, denominated in Euro - Unspecified counterpart sector",PC,0
IRS.M.GR.L.L40.CI.0000.EUR.N.Z,M,GR,L,L40,CI,0000,EUR,N,Z,2000-09,6.05,A,F,,,P1M,,A,,,,,,,,,2,,,Long-term interest rate for convergence purposes - Euro,"Greece, Long-term interest rate for convergence purposes - Unspecified rate type, Debt security issued, 10 years maturity, New business coverage, denominated in Euro - Unspecified counterpart sector",PC,0
IRS.M.GR.L.L40.CI.0000.EUR.N.Z,M,GR,L,L40,CI,0000,EUR,N,Z,2000-10,5.97,A,F,,,P1M,,A,,,,,,,,,2,,,Long-term interest rate for convergence purposes - Euro,"Greece, Long-term interest rate for convergence purposes - Unspecified rate type, Debt security issued, 10 years maturity, New business coverage, denominated in Euro - Unspecified counterpart sector",PC,0
IRS.M.GR.L.L40.CI.0000.EUR.N.Z,M,GR,L,L40,CI,0000,EUR,N,Z,2000-11,5.87,A,F,,,P1M,,A,,,,,,,,,2,,,Long-term interest rate for convergence purposes - Euro,"Greece, Long-term interest rate for convergence purposes - Unspecified rate type, Debt security issued, 10 years maturity, New business coverage, denominated in Euro - Unspecified counterpart sector",PC,0
IRS.M.GR.L.L40.CI.0000.EUR.N.Z,M,GR,L,L40,CI,0000,EUR,N,Z,2000-12,5.54,A,F,,,P1M,,A,,,,,,,,,2,,,Long-term interest rate for convergence purposes - Euro,"Greece, Long-term interest rate for convergence purposes - Unspecified rate type, Debt security issued, 10 years maturity, New business coverage, denominated in Euro - Unspecified counterpart sector",PC,0
IRS.M.GR.L.L40.CI.0000.EUR.N.Z,M,GR,L,L40,CI,0000,EUR,N,Z,2001-01,5.35,A,F,,,P1M,,A,,,,,,,,,2,,,Long-term interest rate for convergence purposes - Euro,"Greece, Long-term interest rate for convergence purposes - Unspecified rate type, Debt security issued, 10 years maturity, New business coverage, denominated in Euro - Unspecified counterpart sector",PC,0
IRS.M.GR.L.L40.CI.0000.EUR.N.Z,M,GR,L,L40,CI,0000,EUR,N,Z,2001-02,5.35,A,F,,,P1M,,A,,,,,,,,,2,,,Long-term interest rate for convergence purposes - Euro,"Greece, Long-term interest rate for convergence purposes - Unspecified rate type, Debt security issued, 10 years maturity, New business coverage, denominated in Euro - Unspecified counterpart sector",PC,0
IRS.M.GR.L.L40.CI.0000.EUR.N.Z,M,GR,L,L40,CI,0000,EUR,N,Z,2001-03,5.28,A,F,,,P1M,,A,,,,,,,,,2,,,Long-term interest rate for convergence purposes - Euro,"Greece, Long-term interest rate for convergence purposes - Unspecified rate type, Debt security issued, 10 years maturity, New business coverage, denominated in Euro - Unspecified counterpart sector",PC,0
IRS.M.GR.L.L40.CI.0000.EUR.N.Z,M,GR,L,L40,CI,0000,EUR,N,Z,2001-04,5.39,A,F,,,P1M,,A,,,,,,,,,2,,,Long-term interest rate for convergence purposes - Euro,"Greece, Long-term interest rate for convergence purposes - Unspecified rate type, Debt security issued, 10 years maturity, New business coverage, denominated in Euro - Unspecified counterpart sector",PC,0
IRS.M.GR.L.L40.CI.0000.EUR.N.Z,M,GR,L,L40,CI,0000,EUR,N,Z,2001-05,5.54,A,F,,,P1M,,A,,,,,,,,,2,,,Long-term interest rate for convergence purposes - Euro,"Greece, Long-term interest rate for convergence purposes - Unspecified rate type, Debt security issued, 10 years maturity, New business coverage, denominated in Euro - Unspecified counterpart sector",PC,0
IRS.M.GR.L.L40.CI.0000.EUR.N.Z,M,GR,L,L40,CI,0000,EUR,N,Z,2001-06,5.48,A,F,,,P1M,,A,,,,,,,,,2,,,Long-term interest rate for convergence purposes - Euro,"Greece, Long-term interest rate for convergence purposes - Unspecified rate type, Debt security issued, 10 years maturity, New business coverage, denominated in Euro - Unspecified counterpart sector",PC,0
IRS.M.GR.L.L40.CI.0000.EUR.N.Z,M,GR,L,L40,CI,0000,EUR,N,Z,2001-07,5.51,A,F,,,P1M,,A,,,,,,,,,2,,,Long-term interest rate for convergence purposes - Euro,"Greece, Long-term interest rate for convergence purposes - Unspecified rate type, Debt security issued, 10 years maturity, New business coverage, denominated in Euro - Unspecified counterpart sector",PC,0
IRS.M.GR.L.L40.CI.0000.EUR.N.Z,M,GR,L,L40,CI,0000,EUR,N,Z,2001-08,5.33,A,F,,,P1M,,A,,,,,,,,,2,,,Long-term interest rate for convergence purposes - Euro,"Greece, Long-term interest rate for convergence purposes - Unspecified rate type, Debt security issued, 10 years maturity, New business coverage, denominated in Euro - Unspecified counterpart sector",PC,0
IRS.M.GR.L.L40.CI.0000.EUR.N.Z,M,GR,L,L40,CI,0000,EUR,N,Z,2001-09,5.31,A,F,,,P1M,,A,,,,,,,,,2,,,Long-term interest rate for convergence purposes - Euro,"Greece, Long-term interest rate for convergence purposes - Unspecified rate type, Debt security issued, 10 years maturity, New business coverage, denominated in Euro - Unspecified counterpart sector",PC,0
IRS.M.GR.L.L40.CI.0000.EUR.N.Z,M,GR,L,L40,CI,0000,EUR,N,Z,2001-10,5.07,A,F,,,P1M,,A,,,,,,,,,2,,,Long-term interest rate for convergence purposes - Euro,"Greece, Long-term interest rate for convergence purposes - Unspecified rate type, Debt security issued, 10 years maturity, New business coverage, denominated in Euro - Unspecified counterpart sector",PC,0
IRS.M.GR.L.L40.CI.0000.EUR.N.Z,M,GR,L,L40,CI,0000,EUR,N,Z,2001-11,4.9,A,F,,,P1M,,A,,,,,,,,,2,,,Long-term interest rate for convergence purposes - Euro,"Greece, Long-term interest rate for convergence purposes - Unspecified rate type, Debt security issued, 10 years maturity, New business coverage, denominated in Euro - Unspecified counterpart sector",PC,0
IRS.M.GR.L.L40.CI.0000.EUR.N.Z,M,GR,L,L40,CI,0000,EUR,N,Z,2001-12,5.13,A,F,,,P1M,,A,,,,,,,,,2,,,Long-term interest rate for convergence purposes - Euro,"Greece, Long-term interest rate for convergence purposes - Unspecified rate type, Debt security issued, 10 years maturity, New business coverage, denominated in Euro - Unspecified counterpart sector",PC,0
IRS.M.GR.L.L40.CI.0000.EUR.N.Z,M,GR,L,L40,CI,0000,EUR,N,Z,2002-01,5.24,A,F,,,P1M,,A,,,,,,,,,2,,,Long-term interest rate for convergence purposes - Euro,"Greece, Long-term interest rate for convergence purposes - Unspecified rate type, Debt security issued, 10 years maturity, New business coverage, denominated in Euro - Unspecified counterpart sector",PC,0
IRS.M.GR.L.L40.CI.0000.EUR.N.Z,M,GR,L,L40,CI,0000,EUR,N,Z,2002-02,5.31,A,F,,,P1M,,A,,,,,,,,,2,,,Long-term interest rate for convergence purposes - Euro,"Greece, Long-term interest rate for convergence purposes - Unspecified rate type, Debt security issued, 10 years maturity, New business coverage, denominated in Euro - Unspecified counterpart sector",PC,0
IRS.M.GR.L.L40.CI.0000.EUR.N.Z,M,GR,L,L40,CI,0000,EUR,N,Z,2002-03,5.5,A,F,,,P1M,,A,,,,,,,,,2,,,Long-term interest rate for convergence purposes - Euro,"Greece, Long-term interest rate for convergence purposes - Unspecified rate type, Debt security issued, 10 years maturity, New business coverage, denominated in Euro - Unspecified counterpart sector",PC,0
IRS.M.GR.L.L40.CI.0000.EUR.N.Z,M,GR,L,L40,CI,0000,EUR,N,Z,2002-04,5.51,A,F,,,P1M,,A,,,,,,,,,2,,,Long-term interest rate for convergence purposes - Euro,"Greece, Long-term interest rate for convergence purposes - Unspecified rate type, Debt security issued, 10 years maturity, New business coverage, denominated in Euro - Unspecified counterpart sector",PC,0
IRS.M.GR.L.L40.CI.0000.EUR.N.Z,M,GR,L,L40,CI,0000,EUR,N,Z,2002-05,5.52,A,F,,,P1M,,A,,,,,,,,,2,,,Long-term interest rate for convergence purposes - Euro,"Greece, Long-term interest rate for convergence purposes - Unspecified rate type, Debt security issued, 10 years maturity, New business coverage, denominated in Euro - Unspecified counterpart sector",PC,0
IRS.M.GR.L.L40.CI.0000.EUR.N.Z,M,GR,L,L40,CI,0000,EUR,N,Z,2002-06,5.37,A,F,,,P1M,,A,,,,,,,,,2,,,Long-term interest rate for convergence purposes - Euro,"Greece, Long-term interest rate for convergence purposes - Unspecified rate type, Debt security issued, 10 years maturity, New business coverage, denominated in Euro - Unspecified counterpart sector",PC,0
IRS.M.GR.L.L40.CI.0000.EUR.N.Z,M,GR,L,L40,CI,0000,EUR,N,Z,2002-07,5.21,A,F,,,P1M,,A,,,,,,,,,2,,,Long-term interest rate for convergence purposes - Euro,"Greece, Long-term interest rate for convergence purposes - Unspecified rate type, Debt security issued, 10 years maturity, New business coverage, denominated in Euro - Unspecified counterpart sector",PC,0
IRS.M.GR.L.L40.CI.0000.EUR.N.Z,M,GR,L,L40,CI,0000,EUR,N,Z,2002-08,4.95,A,F,,,P1M,,A,,,,,,,,,2,,,Long-term interest rate for convergence purposes - Euro,"Greece, Long-term interest rate for convergence purposes - Unspecified rate type, Debt security issued, 10 years maturity, New business coverage, denominated in Euro - Unspecified counterpart sector",PC,0
IRS.M.GR.L.L40.CI.0000.EUR.N.Z,M,GR,L,L40,CI,0000,EUR,N,Z,2002-09,4.73,A,F,,,P1M,,A,,,,,,,,,2,,,Long-term interest rate for convergence purposes - Euro,"Greece, Long-term interest rate for convergence purposes - Unspecified rate type, Debt security issued, 10 years maturity, New business coverage, denominated in Euro - Unspecified counterpart sector",PC,0
IRS.M.GR.L.L40.CI.0000.EUR.N.Z,M,GR,L,L40,CI,0000,EUR,N,Z,2002-10,4.79,A,F,,,P1M,,A,,,,,,,,,2,,,Long-term interest rate for convergence purposes - Euro,"Greece, Long-term interest rate for convergence purposes - Unspecified rate type, Debt security issued, 10 years maturity, New business coverage, denominated in Euro - Unspecified counterpart sector",PC,0
IRS.M.GR.L.L40.CI.0000.EUR.N.Z,M,GR,L,L40,CI,0000,EUR,N,Z,2002-11,4.76,A,F,,,P1M,,A,,,,,,,,,2,,,Long-term interest rate for convergence purposes - Euro,"Greece, Long-term interest rate for convergence purposes - Unspecified rate type, Debt security issued, 10 years maturity, New business coverage, denominated in Euro - Unspecified counterpart sector",PC,0
IRS.M.GR.L.L40.CI.0000.EUR.N.Z,M,GR,L,L40,CI,0000,EUR,N,Z,2002-12,4.58,A,F,,,P1M,,A,,,,,,,,,2,,,Long-term interest rate for convergence purposes - Euro,"Greece, Long-term interest rate for convergence purposes - Unspecified rate type, Debt security issued, 10 years maturity, New business coverage, denominated in Euro - Unspecified counterpart sector",PC,0
IRS.M.GR.L.L40.CI.0000.EUR.N.Z,M,GR,L,L40,CI,0000,EUR,N,Z,2003-01,4.43,A,F,,,P1M,,A,,,,,,,,,2,,,Long-term interest rate for convergence purposes - Euro,"Greece, Long-term interest rate for convergence purposes - Unspecified rate type, Debt security issued, 10 years maturity, New business coverage, denominated in Euro - Unspecified counterpart sector",PC,0
IRS.M.GR.L.L40.CI.0000.EUR.N.Z,M,GR,L,L40,CI,0000,EUR,N,Z,2003-02,4.24,A,F,,,P1M,,A,,,,,,,,,2,,,Long-term interest rate for convergence purposes - Euro,"Greece, Long-term interest rate for convergence purposes - Unspecified rate type, Debt security issued, 10 years maturity, New business coverage, denominated in Euro - Unspecified counterpart sector",PC,0
IRS.M.GR.L.L40.CI.0000.EUR.N.Z,M,GR,L,L40,CI,0000,EUR,N,Z,2003-03,4.26,A,F,,,P1M,,A,,,,,,,,,2,,,Long-term interest rate for convergence purposes - Euro,"Greece, Long-term interest rate for convergence purposes - Unspecified rate type, Debt security issued, 10 years maturity, New business coverage, denominated in Euro - Unspecified counterpart sector",PC,0
IRS.M.GR.L.L40.CI.0000.EUR.N.Z,M,GR,L,L40,CI,0000,EUR,N,Z,2003-04,4.38,A,F,,,P1M,,A,,,,,,,,,2,,,Long-term interest rate for convergence purposes - Euro,"Greece, Long-term interest rate for convergence purposes - Unspecified rate type, Debt security issued, 10 years maturity, New business coverage, denominated in Euro - Unspecified counterpart sector",PC,0
IRS.M.GR.L.L40.CI.0000.EUR.N.Z,M,GR,L,L40,CI,0000,EUR,N,Z,2003-05,4.02,A,F,,,P1M,,A,,,,,,,,,2,,,Long-term interest rate for convergence purposes - Euro,"Greece, Long-term interest rate for convergence purposes - Unspecified rate type, Debt security issued, 10 years maturity, New business coverage, denominated in Euro - Unspecified counterpart sector",PC,0
IRS.M.GR.L.L40.CI.0000.EUR.N.Z,M,GR,L,L40,CI,0000,EUR,N,Z,2003-06,3.81,A,F,,,P1M,,A,,,,,,,,,2,,,Long-term interest rate for convergence purposes - Euro,"Greece, Long-term interest rate for convergence purposes - Unspecified rate type, Debt security issued, 10 years maturity, New business coverage, denominated in Euro - Unspecified counterpart sector",PC,0
IRS.M.GR.L.L40.CI.0000.EUR.N.Z,M,GR,L,L40,CI,0000,EUR,N,Z,2003-07,4.12,A,F,,,P1M,,A,,,,,,,,,2,,,Long-term interest rate for convergence purposes - Euro,"Greece, Long-term interest rate for convergence purposes - Unspecified rate type, Debt security issued, 10 years maturity, New business coverage, denominated in Euro - Unspecified counterpart sector",PC,0
IRS.M.GR.L.L40.CI.0000.EUR.N.Z,M,GR,L,L40,CI,0000,EUR,N,Z,2003-08,4.29,A,F,,,P1M,,A,,,,,,,,,2,,,Long-term interest rate for convergence purposes - Euro,"Greece, Long-term interest rate for convergence purposes - Unspecified rate type, Debt security issued, 10 years maturity, New business coverage, denominated in Euro - Unspecified counterpart sector",PC,0
IRS.M.GR.L.L40.CI.0000.EUR.N.Z,M,GR,L,L40,CI,0000,EUR,N,Z,2003-09,4.32,A,F,,,P1M,,A,,,,,,,,,2,,,Long-term interest rate for convergence purposes - Euro,"Greece, Long-term interest rate for convergence purposes - Unspecified rate type, Debt security issued, 10 years maturity, New business coverage, denominated in Euro - Unspecified counterpart sector",PC,0
IRS.M.GR.L.L40.CI.0000.EUR.N.Z,M,GR,L,L40,CI,0000,EUR,N,Z,2003-10,4.38,A,F,,,P1M,,A,,,,,,,,,2,,,Long-term interest rate for convergence purposes - Euro,"Greece, Long-term interest rate for convergence purposes - Unspecified rate type, Debt security issued, 10 years maturity, New business coverage, denominated in Euro - Unspecified counterpart sector",PC,0
IRS.M.GR.L.L40.CI.0000.EUR.N.Z,M,GR,L,L40,CI,0000,EUR,N,Z,2003-11,4.51,A,F,,,P1M,,A,,,,,,,,,2,,,Long-term interest rate for convergence purposes - Euro,"Greece, Long-term interest rate for convergence purposes - Unspecified rate type, Debt security issued, 10 years maturity, New business coverage, denominated in Euro - Unspecified counterpart sector",PC,0
IRS.M.GR.L.L40.CI.0000.EUR.N.Z,M,GR,L,L40,CI,0000,EUR,N,Z,2003-12,4.45,A,F,,,P1M,,A,,,,,,,,,2,,,Long-term interest rate for convergence purposes - Euro,"Greece, Long-term interest rate for convergence purposes - Unspecified rate type, Debt security issued, 10 years maturity, New business coverage, denominated in Euro - Unspecified counterpart sector",PC,0
IRS.M.GR.L.L40.CI.0000.EUR.N.Z,M,GR,L,L40,CI,0000,EUR,N,Z,2004-01,4.37,A,F,,,P1M,,A,,,,,,,,,2,,,Long-term interest rate for convergence purposes - Euro,"Greece, Long-term interest rate for convergence purposes - Unspecified rate type, Debt security issued, 10 years maturity, New business coverage, denominated in Euro - Unspecified counterpart sector",PC,0
IRS.M.GR.L.L40.CI.0000.EUR.N.Z,M,GR,L,L40,CI,0000,EUR,N,Z,2004-02,4.35,A,F,,,P1M,,A,,,,,,,,,2,,,Long-term interest rate for convergence purposes - Euro,"Greece, Long-term interest rate for convergence purposes - Unspecified rate type, Debt security issued, 10 years maturity, New business coverage, denominated in Euro - Unspecified counterpart sector",PC,0
IRS.M.GR.L.L40.CI.0000.EUR.N.Z,M,GR,L,L40,CI,0000,EUR,N,Z,2004-03,4.17,A,F,,,P1M,,A,,,,,,,,,2,,,Long-term interest rate for convergence purposes - Euro,"Greece, Long-term interest rate for convergence purposes - Unspecified rate type, Debt security issued, 10 years maturity, New business coverage, denominated in Euro - Unspecified counterpart sector",PC,0
IRS.M.GR.L.L40.CI.0000.EUR.N.Z,M,GR,L,L40,CI,0000,EUR,N,Z,2004-04,4.35,A,F,,,P1M,,A,,,,,,,,,2,,,Long-term interest rate for convergence purposes - Euro,"Greece, Long-term interest rate for convergence purposes - Unspecified rate type, Debt security issued, 10 years maturity, New business coverage, denominated in Euro - Unspecified counterpart sector",PC,0
IRS.M.GR.L.L40.CI.0000.EUR.N.Z,M,GR,L,L40,CI,0000,EUR,N,Z,2004-05,4.49,A,F,,,P1M,,A,,,,,,,,,2,,,Long-term interest rate for convergence purposes - Euro,"Greece, Long-term interest rate for convergence purposes - Unspecified rate type, Debt security issued, 10 years maturity, New business coverage, denominated in Euro - Unspecified counterpart sector",PC,0
IRS.M.GR.L.L40.CI.0000.EUR.N.Z,M,GR,L,L40,CI,0000,EUR,N,Z,2004-06,4.55,A,F,,,P1M,,A,,,,,,,,,2,,,Long-term interest rate for convergence purposes - Euro,"Greece, Long-term interest rate for convergence purposes - Unspecified rate type, Debt security issued, 10 years maturity, New business coverage, denominated in Euro - Unspecified counterpart sector",PC,0
IRS.M.GR.L.L40.CI.0000.EUR.N.Z,M,GR,L,L40,CI,0000,EUR,N,Z,2004-07,4.44,A,F,,,P1M,,A,,,,,,,,,2,,,Long-term interest rate for convergence purposes - Euro,"Greece, Long-term interest rate for convergence purposes - Unspecified rate type, Debt security issued, 10 years maturity, New business coverage, denominated in Euro - Unspecified counterpart sector",PC,0
IRS.M.GR.L.L40.CI.0000.EUR.N.Z,M,GR,L,L40,CI,0000,EUR,N,Z,2004-08,4.28,A,F,,,P1M,,A,,,,,,,,,2,,,Long-term interest rate for convergence purposes - Euro,"Greece, Long-term interest rate for convergence purposes - Unspecified rate type, Debt security issued, 10 years maturity, New business coverage, denominated in Euro - Unspecified counterpart sector",PC,0
IRS.M.GR.L.L40.CI.0000.EUR.N.Z,M,GR,L,L40,CI,0000,EUR,N,Z,2004-09,4.22,A,F,,,P1M,,A,,,,,,,,,2,,,Long-term interest rate for convergence purposes - Euro,"Greece, Long-term interest rate for convergence purposes - Unspecified rate type, Debt security issued, 10 years maturity, New business coverage, denominated in Euro - Unspecified counterpart sector",PC,0
IRS.M.GR.L.L40.CI.0000.EUR.N.Z,M,GR,L,L40,CI,0000,EUR,N,Z,2004-10,4.11,A,F,,,P1M,,A,,,,,,,,,2,,,Long-term interest rate for convergence purposes - Euro,"Greece, Long-term interest rate for convergence purposes - Unspecified rate type, Debt security issued, 10 years maturity, New business coverage, denominated in Euro - Unspecified counterpart sector",PC,0
IRS.M.GR.L.L40.CI.0000.EUR.N.Z,M,GR,L,L40,CI,0000,EUR,N,Z,2004-11,3.97,A,F,,,P1M,,A,,,,,,,,,2,,,Long-term interest rate for convergence purposes - Euro,"Greece, Long-term interest rate for convergence purposes - Unspecified rate type, Debt security issued, 10 years maturity, New business coverage, denominated in Euro - Unspecified counterpart sector",PC,0
IRS.M.GR.L.L40.CI.0000.EUR.N.Z,M,GR,L,L40,CI,0000,EUR,N,Z,2004-12,3.77,A,F,,,P1M,,A,,,,,,,,,2,,,Long-term interest rate for convergence purposes - Euro,"Greece, Long-term interest rate for convergence purposes - Unspecified rate type, Debt security issued, 10 years maturity, New business coverage, denominated in Euro - Unspecified counterpart sector",PC,0
IRS.M.GR.L.L40.CI.0000.EUR.N.Z,M,GR,L,L40,CI,0000,EUR,N,Z,2005-01,3.69,A,F,,,P1M,,A,,,,,,,,,2,,,Long-term interest rate for convergence purposes - Euro,"Greece, Long-term interest rate for convergence purposes - Unspecified rate type, Debt security issued, 10 years maturity, New business coverage, denominated in Euro - Unspecified counterpart sector",PC,0
IRS.M.GR.L.L40.CI.0000.EUR.N.Z,M,GR,L,L40,CI,0000,EUR,N,Z,2005-02,3.69,A,F,,,P1M,,A,,,,,,,,,2,,,Long-term interest rate for convergence purposes - Euro,"Greece, Long-term interest rate for convergence purposes - Unspecified rate type, Debt security issued, 10 years maturity, New business coverage, denominated in Euro - Unspecified counterpart sector",PC,0
IRS.M.GR.L.L40.CI.0000.EUR.N.Z,M,GR,L,L40,CI,0000,EUR,N,Z,2005-03,3.92,A,F,,,P1M,,A,,,,,,,,,2,,,Long-term interest rate for convergence purposes - Euro,"Greece, Long-term interest rate for convergence purposes - Unspecified rate type, Debt security issued, 10 years maturity, New business coverage, denominated in Euro - Unspecified counterpart sector",PC,0
IRS.M.GR.L.L40.CI.0000.EUR.N.Z,M,GR,L,L40,CI,0000,EUR,N,Z,2005-04,3.76,A,F,,,P1M,,A,,,,,,,,,2,,,Long-term interest rate for convergence purposes - Euro,"Greece, Long-term interest rate for convergence purposes - Unspecified rate type, Debt security issued, 10 years maturity, New business coverage, denominated in Euro - Unspecified counterpart sector",PC,0
IRS.M.GR.L.L40.CI.0000.EUR.N.Z,M,GR,L,L40,CI,0000,EUR,N,Z,2005-05,3.6,A,F,,,P1M,,A,,,,,,,,,2,,,Long-term interest rate for convergence purposes - Euro,"Greece, Long-term interest rate for convergence purposes - Unspecified rate type, Debt security issued, 10 years maturity, New business coverage, denominated in Euro - Unspecified counterpart sector",PC,0
IRS.M.GR.L.L40.CI.0000.EUR.N.Z,M,GR,L,L40,CI,0000,EUR,N,Z,2005-06,3.44,A,F,,,P1M,,A,,,,,,,,,2,,,Long-term interest rate for convergence purposes - Euro,"Greece, Long-term interest rate for convergence purposes - Unspecified rate type, Debt security issued, 10 years maturity, New business coverage, denominated in Euro - Unspecified counterpart sector",PC,0
IRS.M.GR.L.L40.CI.0000.EUR.N.Z,M,GR,L,L40,CI,0000,EUR,N,Z,2005-07,3.46,A,F,,,P1M,,A,,,,,,,,,2,,,Long-term interest rate for convergence purposes - Euro,"Greece, Long-term interest rate for convergence purposes - Unspecified rate type, Debt security issued, 10 years maturity, New business coverage, denominated in Euro - Unspecified counterpart sector",PC,0
IRS.M.GR.L.L40.CI.0000.EUR.N.Z,M,GR,L,L40,CI,0000,EUR,N,Z,2005-08,3.47,A,F,,,P1M,,A,,,,,,,,,2,,,Long-term interest rate for convergence purposes - Euro,"Greece, Long-term interest rate for convergence purposes - Unspecified rate type, Debt security issued, 10 years maturity, New business coverage, denominated in Euro - Unspecified counterpart sector",PC,0
IRS.M.GR.L.L40.CI.0000.EUR.N.Z,M,GR,L,L40,CI,0000,EUR,N,Z,2005-09,3.3,A,F,,,P1M,,A,,,,,,,,,2,,,Long-term interest rate for convergence purposes - Euro,"Greece, Long-term interest rate for convergence purposes - Unspecified rate type, Debt security issued, 10 years maturity, New business coverage, denominated in Euro - Unspecified counterpart sector",PC,0
IRS.M.GR.L.L40.CI.0000.EUR.N.Z,M,GR,L,L40,CI,0000,EUR,N,Z,2005-10,3.45,A,F,,,P1M,,A,,,,,,,,,2,,,Long-term interest rate for convergence purposes - Euro,"Greece, Long-term interest rate for convergence purposes - Unspecified rate type, Debt security issued, 10 years maturity, New business coverage, denominated in Euro - Unspecified counterpart sector",PC,0
IRS.M.GR.L.L40.CI.0000.EUR.N.Z,M,GR,L,L40,CI,0000,EUR,N,Z,2005-11,3.67,A,F,,,P1M,,A,,,,,,,,,2,,,Long-term interest rate for convergence purposes - Euro,"Greece, Long-term interest rate for convergence purposes - Unspecified rate type, Debt security issued, 10 years maturity, New business coverage, denominated in Euro - Unspecified counterpart sector",PC,0
IRS.M.GR.L.L40.CI.0000.EUR.N.Z,M,GR,L,L40,CI,0000,EUR,N,Z,2005-12,3.57,A,F,,,P1M,,A,,,,,,,,,2,,,Long-term interest rate for convergence purposes - Euro,"Greece, Long-term interest rate for convergence purposes - Unspecified rate type, Debt security issued, 10 years maturity, New business coverage, denominated in Euro - Unspecified counterpart sector",PC,0
IRS.M.GR.L.L40.CI.0000.EUR.N.Z,M,GR,L,L40,CI,0000,EUR,N,Z,2006-01,3.6,A,F,,,P1M,,A,,,,,,,,,2,,,Long-term interest rate for convergence purposes - Euro,"Greece, Long-term interest rate for convergence purposes - Unspecified rate type, Debt security issued, 10 years maturity, New business coverage, denominated in Euro - Unspecified counterpart sector",PC,0
IRS.M.GR.L.L40.CI.0000.EUR.N.Z,M,GR,L,L40,CI,0000,EUR,N,Z,2006-02,3.77,A,F,,,P1M,,A,,,,,,,,,2,,,Long-term interest rate for convergence purposes - Euro,"Greece, Long-term interest rate for convergence purposes - Unspecified rate type, Debt security issued, 10 years maturity, New business coverage, denominated in Euro - Unspecified counterpart sector",PC,0
IRS.M.GR.L.L40.CI.0000.EUR.N.Z,M,GR,L,L40,CI,0000,EUR,N,Z,2006-03,3.95,A,F,,,P1M,,A,,,,,,,,,2,,,Long-term interest rate for convergence purposes - Euro,"Greece, Long-term interest rate for convergence purposes - Unspecified rate type, Debt security issued, 10 years maturity, New business coverage, denominated in Euro - Unspecified counterpart sector",PC,0
IRS.M.GR.L.L40.CI.0000.EUR.N.Z,M,GR,L,L40,CI,0000,EUR,N,Z,2006-04,4.23,A,F,,,P1M,,A,,,,,,,,,2,,,Long-term interest rate for convergence purposes - Euro,"Greece, Long-term interest rate for convergence purposes - Unspecified rate type, Debt security issued, 10 years maturity, New business coverage, denominated in Euro - Unspecified counterpart sector",PC,0
IRS.M.GR.L.L40.CI.0000.EUR.N.Z,M,GR,L,L40,CI,0000,EUR,N,Z,2006-05,4.3,A,F,,,P1M,,A,,,,,,,,,2,,,Long-term interest rate for convergence purposes - Euro,"Greece, Long-term interest rate for convergence purposes - Unspecified rate type, Debt security issued, 10 years maturity, New business coverage, denominated in Euro - Unspecified counterpart sector",PC,0
IRS.M.GR.L.L40.CI.0000.EUR.N.Z,M,GR,L,L40,CI,0000,EUR,N,Z,2006-06,4.31,A,F,,,P1M,,A,,,,,,,,,2,,,Long-term interest rate for convergence purposes - Euro,"Greece, Long-term interest rate for convergence purposes - Unspecified rate type, Debt security issued, 10 years maturity, New business coverage, denominated in Euro - Unspecified counterpart sector",PC,0
IRS.M.GR.L.L40.CI.0000.EUR.N.Z,M,GR,L,L40,CI,0000,EUR,N,Z,2006-07,4.33,A,F,,,P1M,,A,,,,,,,,,2,,,Long-term interest rate for convergence purposes - Euro,"Greece, Long-term interest rate for convergence purposes - Unspecified rate type, Debt security issued, 10 years maturity, New business coverage, denominated in Euro - Unspecified counterpart sector",PC,0
IRS.M.GR.L.L40.CI.0000.EUR.N.Z,M,GR,L,L40,CI,0000,EUR,N,Z,2006-08,4.19,A,F,,,P1M,,A,,,,,,,,,2,,,Long-term interest rate for convergence purposes - Euro,"Greece, Long-term interest rate for convergence purposes - Unspecified rate type, Debt security issued, 10 years maturity, New business coverage, denominated in Euro - Unspecified counterpart sector",PC,0
IRS.M.GR.L.L40.CI.0000.EUR.N.Z,M,GR,L,L40,CI,0000,EUR,N,Z,2006-09,4.06,A,F,,,P1M,,A,,,,,,,,,2,,,Long-term interest rate for convergence purposes - Euro,"Greece, Long-term interest rate for convergence purposes - Unspecified rate type, Debt security issued, 10 years maturity, New business coverage, denominated in Euro - Unspecified counterpart sector",PC,0
IRS.M.GR.L.L40.CI.0000.EUR.N.Z,M,GR,L,L40,CI,0000,EUR,N,Z,2006-10,4.08,A,F,,,P1M,,A,,,,,,,,,2,,,Long-term interest rate for convergence purposes - Euro,"Greece, Long-term interest rate for convergence purposes - Unspecified rate type, Debt security issued, 10 years maturity, New business coverage, denominated in Euro - Unspecified counterpart sector",PC,0
IRS.M.GR.L.L40.CI.0000.EUR.N.Z,M,GR,L,L40,CI,0000,EUR,N,Z,2006-11,3.98,A,F,,,P1M,,A,,,,,,,,,2,,,Long-term interest rate for convergence purposes - Euro,"Greece, Long-term interest rate for convergence purposes - Unspecified rate type, Debt security issued, 10 years maturity, New business coverage, denominated in Euro - Unspecified counterpart sector",PC,0
IRS.M.GR.L.L40.CI.0000.EUR.N.Z,M,GR,L,L40,CI,0000,EUR,N,Z,2006-12,4.04,A,F,,,P1M,,A,,,,,,,,,2,,,Long-term interest rate for convergence purposes - Euro,"Greece, Long-term interest rate for convergence purposes - Unspecified rate type, Debt security issued, 10 years maturity, New business coverage, denominated in Euro - Unspecified counterpart sector",PC,0
IRS.M.GR.L.L40.CI.0000.EUR.N.Z,M,GR,L,L40,CI,0000,EUR,N,Z,2007-01,4.28,A,F,,,P1M,,A,,,,,,,,,2,,,Long-term interest rate for convergence purposes - Euro,"Greece, Long-term interest rate for convergence purposes - Unspecified rate type, Debt security issued, 10 years maturity, New business coverage, denominated in Euro - Unspecified counterpart sector",PC,0
IRS.M.GR.L.L40.CI.0000.EUR.N.Z,M,GR,L,L40,CI,0000,EUR,N,Z,2007-02,4.3,A,F,,,P1M,,A,,,,,,,,,2,,,Long-term interest rate for convergence purposes - Euro,"Greece, Long-term interest rate for convergence purposes - Unspecified rate type, Debt security issued, 10 years maturity, New business coverage, denominated in Euro - Unspecified counterpart sector",PC,0
IRS.M.GR.L.L40.CI.0000.EUR.N.Z,M,GR,L,L40,CI,0000,EUR,N,Z,2007-03,4.2,A,F,,,P1M,,A,,,,,,,,,2,,,Long-term interest rate for convergence purposes - Euro,"Greece, Long-term interest rate for convergence purposes - Unspecified rate type, Debt security issued, 10 years maturity, New business coverage, denominated in Euro - Unspecified counterpart sector",PC,0
IRS.M.GR.L.L40.CI.0000.EUR.N.Z,M,GR,L,L40,CI,0000,EUR,N,Z,2007-04,4.4,A,F,,,P1M,,A,,,,,,,,,2,,,Long-term interest rate for convergence purposes - Euro,"Greece, Long-term interest rate for convergence purposes - Unspecified rate type, Debt security issued, 10 years maturity, New business coverage, denominated in Euro - Unspecified counterpart sector",PC,0
IRS.M.GR.L.L40.CI.0000.EUR.N.Z,M,GR,L,L40,CI,0000,EUR,N,Z,2007-05,4.51,A,F,,,P1M,,A,,,,,,,,,2,,,Long-term interest rate for convergence purposes - Euro,"Greece, Long-term interest rate for convergence purposes - Unspecified rate type, Debt security issued, 10 years maturity, New business coverage, denominated in Euro - Unspecified counterpart sector",PC,0
IRS.M.GR.L.L40.CI.0000.EUR.N.Z,M,GR,L,L40,CI,0000,EUR,N,Z,2007-06,4.8,A,F,,,P1M,,A,,,,,,,,,2,,,Long-term interest rate for convergence purposes - Euro,"Greece, Long-term interest rate for convergence purposes - Unspecified rate type, Debt security issued, 10 years maturity, New business coverage, denominated in Euro - Unspecified counterpart sector",PC,0
IRS.M.GR.L.L40.CI.0000.EUR.N.Z,M,GR,L,L40,CI,0000,EUR,N,Z,2007-07,4.79,A,F,,,P1M,,A,,,,,,,,,2,,,Long-term interest rate for convergence purposes - Euro,"Greece, Long-term interest rate for convergence purposes - Unspecified rate type, Debt security issued, 10 years maturity, New business coverage, denominated in Euro - Unspecified counterpart sector",PC,0
IRS.M.GR.L.L40.CI.0000.EUR.N.Z,M,GR,L,L40,CI,0000,EUR,N,Z,2007-08,4.62,A,F,,,P1M,,A,,,,,,,,,2,,,Long-term interest rate for convergence purposes - Euro,"Greece, Long-term interest rate for convergence purposes - Unspecified rate type, Debt security issued, 10 years maturity, New business coverage, denominated in Euro - Unspecified counterpart sector",PC,0
IRS.M.GR.L.L40.CI.0000.EUR.N.Z,M,GR,L,L40,CI,0000,EUR,N,Z,2007-09,4.56,A,F,,,P1M,,A,,,,,,,,,2,,,Long-term interest rate for convergence purposes - Euro,"Greece, Long-term interest rate for convergence purposes - Unspecified rate type, Debt security issued, 10 years maturity, New business coverage, denominated in Euro - Unspecified counterpart sector",PC,0
IRS.M.GR.L.L40.CI.0000.EUR.N.Z,M,GR,L,L40,CI,0000,EUR,N,Z,2007-10,4.58,A,F,,,P1M,,A,,,,,,,,,2,,,Long-term interest rate for convergence purposes - Euro,"Greece, Long-term interest rate for convergence purposes - Unspecified rate type, Debt security issued, 10 years maturity, New business coverage, denominated in Euro - Unspecified counterpart sector",PC,0
IRS.M.GR.L.L40.CI.0000.EUR.N.Z,M,GR,L,L40,CI,0000,EUR,N,Z,2007-11,4.43,A,F,,,P1M,,A,,,,,,,,,2,,,Long-term interest rate for convergence purposes - Euro,"Greece, Long-term interest rate for convergence purposes - Unspecified rate type, Debt security issued, 10 years maturity, New business coverage, denominated in Euro - Unspecified counterpart sector",PC,0
IRS.M.GR.L.L40.CI.0000.EUR.N.Z,M,GR,L,L40,CI,0000,EUR,N,Z,2007-12,4.53,A,F,,,P1M,,A,,,,,,,,,2,,,Long-term interest rate for convergence purposes - Euro,"Greece, Long-term interest rate for convergence purposes - Unspecified rate type, Debt security issued, 10 years maturity, New business coverage, denominated in Euro - Unspecified counterpart sector",PC,0
IRS.M.GR.L.L40.CI.0000.EUR.N.Z,M,GR,L,L40,CI,0000,EUR,N,Z,2008-01,4.4,A,F,,,P1M,,A,,,,,,,,,2,,,Long-term interest rate for convergence purposes - Euro,"Greece, Long-term interest rate for convergence purposes - Unspecified rate type, Debt security issued, 10 years maturity, New business coverage, denominated in Euro - Unspecified counterpart sector",PC,0
IRS.M.GR.L.L40.CI.0000.EUR.N.Z,M,GR,L,L40,CI,0000,EUR,N,Z,2008-02,4.36,A,F,,,P1M,,A,,,,,,,,,2,,,Long-term interest rate for convergence purposes - Euro,"Greece, Long-term interest rate for convergence purposes - Unspecified rate type, Debt security issued, 10 years maturity, New business coverage, denominated in Euro - Unspecified counterpart sector",PC,0
IRS.M.GR.L.L40.CI.0000.EUR.N.Z,M,GR,L,L40,CI,0000,EUR,N,Z,2008-03,4.42,A,F,,,P1M,,A,,,,,,,,,2,,,Long-term interest rate for convergence purposes - Euro,"Greece, Long-term interest rate for convergence purposes - Unspecified rate type, Debt security issued, 10 years maturity, New business coverage, denominated in Euro - Unspecified counterpart sector",PC,0
IRS.M.GR.L.L40.CI.0000.EUR.N.Z,M,GR,L,L40,CI,0000,EUR,N,Z,2008-04,4.54,A,F,,,P1M,,A,,,,,,,,,2,,,Long-term interest rate for convergence purposes - Euro,"Greece, Long-term interest rate for convergence purposes - Unspecified rate type, Debt security issued, 10 years maturity, New business coverage, denominated in Euro - Unspecified counterpart sector",PC,0
IRS.M.GR.L.L40.CI.0000.EUR.N.Z,M,GR,L,L40,CI,0000,EUR,N,Z,2008-05,4.74,A,F,,,P1M,,A,,,,,,,,,2,,,Long-term interest rate for convergence purposes - Euro,"Greece, Long-term interest rate for convergence purposes - Unspecified rate type, Debt security issued, 10 years maturity, New business coverage, denominated in Euro - Unspecified counterpart sector",PC,0
IRS.M.GR.L.L40.CI.0000.EUR.N.Z,M,GR,L,L40,CI,0000,EUR,N,Z,2008-06,5.17,A,F,,,P1M,,A,,,,,,,,,2,,,Long-term interest rate for convergence purposes - Euro,"Greece, Long-term interest rate for convergence purposes - Unspecified rate type, Debt security issued, 10 years maturity, New business coverage, denominated in Euro - Unspecified counterpart sector",PC,0
IRS.M.GR.L.L40.CI.0000.EUR.N.Z,M,GR,L,L40,CI,0000,EUR,N,Z,2008-07,5.15,A,F,,,P1M,,A,,,,,,,,,2,,,Long-term interest rate for convergence purposes - Euro,"Greece, Long-term interest rate for convergence purposes - Unspecified rate type, Debt security issued, 10 years maturity, New business coverage, denominated in Euro - Unspecified counterpart sector",PC,0
IRS.M.GR.L.L40.CI.0000.EUR.N.Z,M,GR,L,L40,CI,0000,EUR,N,Z,2008-08,4.87,A,F,,,P1M,,A,,,,,,,,,2,,,Long-term interest rate for convergence purposes - Euro,"Greece, Long-term interest rate for convergence purposes - Unspecified rate type, Debt security issued, 10 years maturity, New business coverage, denominated in Euro - Unspecified counterpart sector",PC,0
IRS.M.GR.L.L40.CI.0000.EUR.N.Z,M,GR,L,L40,CI,0000,EUR,N,Z,2008-09,4.88,A,F,,,P1M,,A,,,,,,,,,2,,,Long-term interest rate for convergence purposes - Euro,"Greece, Long-term interest rate for convergence purposes - Unspecified rate type, Debt security issued, 10 years maturity, New business coverage, denominated in Euro - Unspecified counterpart sector",PC,0
IRS.M.GR.L.L40.CI.0000.EUR.N.Z,M,GR,L,L40,CI,0000,EUR,N,Z,2008-10,4.93,A,F,,,P1M,,A,,,,,,,,,2,,,Long-term interest rate for convergence purposes - Euro,"Greece, Long-term interest rate for convergence purposes - Unspecified rate type, Debt security issued, 10 years maturity, New business coverage, denominated in Euro - Unspecified counterpart sector",PC,0
IRS.M.GR.L.L40.CI.0000.EUR.N.Z,M,GR,L,L40,CI,0000,EUR,N,Z,2008-11,5.09,A,F,,,P1M,,A,,,,,,,,,2,,,Long-term interest rate for convergence purposes - Euro,"Greece, Long-term interest rate for convergence purposes - Unspecified rate type, Debt security issued, 10 years maturity, New business coverage, denominated in Euro - Unspecified counterpart sector",PC,0
IRS.M.GR.L.L40.CI.0000.EUR.N.Z,M,GR,L,L40,CI,0000,EUR,N,Z,2008-12,5.08,A,F,,,P1M,,A,,,,,,,,,2,,,Long-term interest rate for convergence purposes - Euro,"Greece, Long-term interest rate for convergence purposes - Unspecified rate type, Debt security issued, 10 years maturity, New business coverage, denominated in Euro - Unspecified counterpart sector",PC,0
IRS.M.GR.L.L40.CI.0000.EUR.N.Z,M,GR,L,L40,CI,0000,EUR,N,Z,2009-01,5.6,A,F,,,P1M,,A,,,,,,,,,2,,,Long-term interest rate for convergence purposes - Euro,"Greece, Long-term interest rate for convergence purposes - Unspecified rate type, Debt security issued, 10 years maturity, New business coverage, denominated in Euro - Unspecified counterpart sector",PC,0
IRS.M.GR.L.L40.CI.0000.EUR.N.Z,M,GR,L,L40,CI,0000,EUR,N,Z,2009-02,5.7,A,F,,,P1M,,A,,,,,,,,,2,,,Long-term interest rate for convergence purposes - Euro,"Greece, Long-term interest rate for convergence purposes - Unspecified rate type, Debt security issued, 10 years maturity, New business coverage, denominated in Euro - Unspecified counterpart sector",PC,0
IRS.M.GR.L.L40.CI.0000.EUR.N.Z,M,GR,L,L40,CI,0000,EUR,N,Z,2009-03,5.87,A,F,,,P1M,,A,,,,,,,,,2,,,Long-term interest rate for convergence purposes - Euro,"Greece, Long-term interest rate for convergence purposes - Unspecified rate type, Debt security issued, 10 years maturity, New business coverage, denominated in Euro - Unspecified counterpart sector",PC,0
IRS.M.GR.L.L40.CI.0000.EUR.N.Z,M,GR,L,L40,CI,0000,EUR,N,Z,2009-04,5.5,A,F,,,P1M,,A,,,,,,,,,2,,,Long-term interest rate for convergence purposes - Euro,"Greece, Long-term interest rate for convergence purposes - Unspecified rate type, Debt security issued, 10 years maturity, New business coverage, denominated in Euro - Unspecified counterpart sector",PC,0
IRS.M.GR.L.L40.CI.0000.EUR.N.Z,M,GR,L,L40,CI,0000,EUR,N,Z,2009-05,5.22,A,F,,,P1M,,A,,,,,,,,,2,,,Long-term interest rate for convergence purposes - Euro,"Greece, Long-term interest rate for convergence purposes - Unspecified rate type, Debt security issued, 10 years maturity, New business coverage, denominated in Euro - Unspecified counterpart sector",PC,0
IRS.M.GR.L.L40.CI.0000.EUR.N.Z,M,GR,L,L40,CI,0000,EUR,N,Z,2009-06,5.33,A,F,,,P1M,,A,,,,,,,,,2,,,Long-term interest rate for convergence purposes - Euro,"Greece, Long-term interest rate for convergence purposes - Unspecified rate type, Debt security issued, 10 years maturity, New business coverage, denominated in Euro - Unspecified counterpart sector",PC,0
IRS.M.GR.L.L40.CI.0000.EUR.N.Z,M,GR,L,L40,CI,0000,EUR,N,Z,2009-07,4.89,A,F,,,P1M,,A,,,,,,,,,2,,,Long-term interest rate for convergence purposes - Euro,"Greece, Long-term interest rate for convergence purposes - Unspecified rate type, Debt security issued, 10 years maturity, New business coverage, denominated in Euro - Unspecified counterpart sector",PC,0
IRS.M.GR.L.L40.CI.0000.EUR.N.Z,M,GR,L,L40,CI,0000,EUR,N,Z,2009-08,4.52,A,F,,,P1M,,A,,,,,,,,,2,,,Long-term interest rate for convergence purposes - Euro,"Greece, Long-term interest rate for convergence purposes - Unspecified rate type, Debt security issued, 10 years maturity, New business coverage, denominated in Euro - Unspecified counterpart sector",PC,0
IRS.M.GR.L.L40.CI.0000.EUR.N.Z,M,GR,L,L40,CI,0000,EUR,N,Z,2009-09,4.56,A,F,,,P1M,,A,,,,,,,,,2,,,Long-term interest rate for convergence purposes - Euro,"Greece, Long-term interest rate for convergence purposes - Unspecified rate type, Debt security issued, 10 years maturity, New business coverage, denominated in Euro - Unspecified counterpart sector",PC,0
IRS.M.GR.L.L40.CI.0000.EUR.N.Z,M,GR,L,L40,CI,0000,EUR,N,Z,2009-10,4.57,A,F,,,P1M,,A,,,,,,,,,2,,,Long-term interest rate for convergence purposes - Euro,"Greece, Long-term interest rate for convergence purposes - Unspecified rate type, Debt security issued, 10 years maturity, New business coverage, denominated in Euro - Unspecified counterpart sector",PC,0
IRS.M.GR.L.L40.CI.0000.EUR.N.Z,M,GR,L,L40,CI,0000,EUR,N,Z,2009-11,4.84,A,F,,,P1M,,A,,,,,,,,,2,,,Long-term interest rate for convergence purposes - Euro,"Greece, Long-term interest rate for convergence purposes - Unspecified rate type, Debt security issued, 10 years maturity, New business coverage, denominated in Euro - Unspecified counterpart sector",PC,0
IRS.M.GR.L.L40.CI.0000.EUR.N.Z,M,GR,L,L40,CI,0000,EUR,N,Z,2009-12,5.49,A,F,,,P1M,,A,,,,,,,,,2,,,Long-term interest rate for convergence purposes - Euro,"Greece, Long-term interest rate for convergence purposes - Unspecified rate type, Debt security issued, 10 years maturity, New business coverage, denominated in Euro - Unspecified counterpart sector",PC,0
IRS.M.GR.L.L40.CI.0000.EUR.N.Z,M,GR,L,L40,CI,0000,EUR,N,Z,2010-01,6.02,A,F,,,P1M,,A,,,,,,,,,2,,,Long-term interest rate for convergence purposes - Euro,"Greece, Long-term interest rate for convergence purposes - Unspecified rate type, Debt security issued, 10 years maturity, New business coverage, denominated in Euro - Unspecified counterpart sector",PC,0
IRS.M.GR.L.L40.CI.0000.EUR.N.Z,M,GR,L,L40,CI,0000,EUR,N,Z,2010-02,6.46,A,F,,,P1M,,A,,,,,,,,,2,,,Long-term interest rate for convergence purposes - Euro,"Greece, Long-term interest rate for convergence purposes - Unspecified rate type, Debt security issued, 10 years maturity, New business coverage, denominated in Euro - Unspecified counterpart sector",PC,0
IRS.M.GR.L.L40.CI.0000.EUR.N.Z,M,GR,L,L40,CI,0000,EUR,N,Z,2010-03,6.24,A,F,,,P1M,,A,,,,,,,,,2,,,Long-term interest rate for convergence purposes - Euro,"Greece, Long-term interest rate for convergence purposes - Unspecified rate type, Debt security issued, 10 years maturity, New business coverage, denominated in Euro - Unspecified counterpart sector",PC,0
IRS.M.GR.L.L40.CI.0000.EUR.N.Z,M,GR,L,L40,CI,0000,EUR,N,Z,2010-04,7.83,A,F,,,P1M,,A,,,,,,,,,2,,,Long-term interest rate for convergence purposes - Euro,"Greece, Long-term interest rate for convergence purposes - Unspecified rate type, Debt security issued, 10 years maturity, New business coverage, denominated in Euro - Unspecified counterpart sector",PC,0
IRS.M.GR.L.L40.CI.0000.EUR.N.Z,M,GR,L,L40,CI,0000,EUR,N,Z,2010-05,7.97,A,F,,,P1M,,A,,,,,,,,,2,,,Long-term interest rate for convergence purposes - Euro,"Greece, Long-term interest rate for convergence purposes - Unspecified rate type, Debt security issued, 10 years maturity, New business coverage, denominated in Euro - Unspecified counterpart sector",PC,0
IRS.M.GR.L.L40.CI.0000.EUR.N.Z,M,GR,L,L40,CI,0000,EUR,N,Z,2010-06,9.1,A,F,,,P1M,,A,,,,,,,,,2,,,Long-term interest rate for convergence purposes - Euro,"Greece, Long-term interest rate for convergence purposes - Unspecified rate type, Debt security issued, 10 years maturity, New business coverage, denominated in Euro - Unspecified counterpart sector",PC,0
IRS.M.GR.L.L40.CI.0000.EUR.N.Z,M,GR,L,L40,CI,0000,EUR,N,Z,2010-07,10.34,A,F,,,P1M,,A,,,,,,,,,2,,,Long-term interest rate for convergence purposes - Euro,"Greece, Long-term interest rate for convergence purposes - Unspecified rate type, Debt security issued, 10 years maturity, New business coverage, denominated in Euro - Unspecified counterpart sector",PC,0
IRS.M.GR.L.L40.CI.0000.EUR.N.Z,M,GR,L,L40,CI,0000,EUR,N,Z,2010-08,10.7,A,F,,,P1M,,A,,,,,,,,,2,,,Long-term interest rate for convergence purposes - Euro,"Greece, Long-term interest rate for convergence purposes - Unspecified rate type, Debt security issued, 10 years maturity, New business coverage, denominated in Euro - Unspecified counterpart sector",PC,0
IRS.M.GR.L.L40.CI.0000.EUR.N.Z,M,GR,L,L40,CI,0000,EUR,N,Z,2010-09,11.34,A,F,,,P1M,,A,,,,,,,,,2,,,Long-term interest rate for convergence purposes - Euro,"Greece, Long-term interest rate for convergence purposes - Unspecified rate type, Debt security issued, 10 years maturity, New business coverage, denominated in Euro - Unspecified counterpart sector",PC,0
IRS.M.GR.L.L40.CI.0000.EUR.N.Z,M,GR,L,L40,CI,0000,EUR,N,Z,2010-10,9.57,A,F,,,P1M,,A,,,,,,,,,2,,,Long-term interest rate for convergence purposes - Euro,"Greece, Long-term interest rate for convergence purposes - Unspecified rate type, Debt security issued, 10 years maturity, New business coverage, denominated in Euro - Unspecified counterpart sector",PC,0
IRS.M.GR.L.L40.CI.0000.EUR.N.Z,M,GR,L,L40,CI,0000,EUR,N,Z,2010-11,11.52,A,F,,,P1M,,A,,,,,,,,,2,,,Long-term interest rate for convergence purposes - Euro,"Greece, Long-term interest rate for convergence purposes - Unspecified rate type, Debt security issued, 10 years maturity, New business coverage, denominated in Euro - Unspecified counterpart sector",PC,0
IRS.M.GR.L.L40.CI.0000.EUR.N.Z,M,GR,L,L40,CI,0000,EUR,N,Z,2010-12,12.01,A,F,,,P1M,,A,,,,,,,,,2,,,Long-term interest rate for convergence purposes - Euro,"Greece, Long-term interest rate for convergence purposes - Unspecified rate type, Debt security issued, 10 years maturity, New business coverage, denominated in Euro - Unspecified counterpart sector",PC,0
IRS.M.GR.L.L40.CI.0000.EUR.N.Z,M,GR,L,L40,CI,0000,EUR,N,Z,2011-01,11.73,A,F,,,P1M,,A,,,,,,,,,2,,,Long-term interest rate for convergence purposes - Euro,"Greece, Long-term interest rate for convergence purposes - Unspecified rate type, Debt security issued, 10 years maturity, New business coverage, denominated in Euro - Unspecified counterpart sector",PC,0
IRS.M.GR.L.L40.CI.0000.EUR.N.Z,M,GR,L,L40,CI,0000,EUR,N,Z,2011-02,11.4,A,F,,,P1M,,A,,,,,,,,,2,,,Long-term interest rate for convergence purposes - Euro,"Greece, Long-term interest rate for convergence purposes - Unspecified rate type, Debt security issued, 10 years maturity, New business coverage, denominated in Euro - Unspecified counterpart sector",PC,0
IRS.M.GR.L.L40.CI.0000.EUR.N.Z,M,GR,L,L40,CI,0000,EUR,N,Z,2011-03,12.44,A,F,,,P1M,,A,,,,,,,,,2,,,Long-term interest rate for convergence purposes - Euro,"Greece, Long-term interest rate for convergence purposes - Unspecified rate type, Debt security issued, 10 years maturity, New business coverage, denominated in Euro - Unspecified counterpart sector",PC,0
IRS.M.GR.L.L40.CI.0000.EUR.N.Z,M,GR,L,L40,CI,0000,EUR,N,Z,2011-04,13.86,A,F,,,P1M,,A,,,,,,,,,2,,,Long-term interest rate for convergence purposes - Euro,"Greece, Long-term interest rate for convergence purposes - Unspecified rate type, Debt security issued, 10 years maturity, New business coverage, denominated in Euro - Unspecified counterpart sector",PC,0
IRS.M.GR.L.L40.CI.0000.EUR.N.Z,M,GR,L,L40,CI,0000,EUR,N,Z,2011-05,15.94,A,F,,,P1M,,A,,,,,,,,,2,,,Long-term interest rate for convergence purposes - Euro,"Greece, Long-term interest rate for convergence purposes - Unspecified rate type, Debt security issued, 10 years maturity, New business coverage, denominated in Euro - Unspecified counterpart sector",PC,0
IRS.M.GR.L.L40.CI.0000.EUR.N.Z,M,GR,L,L40,CI,0000,EUR,N,Z,2011-06,16.69,A,F,,,P1M,,A,,,,,,,,,2,,,Long-term interest rate for convergence purposes - Euro,"Greece, Long-term interest rate for convergence purposes - Unspecified rate type, Debt security issued, 10 years maturity, New business coverage, denominated in Euro - Unspecified counterpart sector",PC,0
IRS.M.GR.L.L40.CI.0000.EUR.N.Z,M,GR,L,L40,CI,0000,EUR,N,Z,2011-07,16.15,A,F,,,P1M,,A,,,,,,,,,2,,,Long-term interest rate for convergence purposes - Euro,"Greece, Long-term interest rate for convergence purposes - Unspecified rate type, Debt security issued, 10 years maturity, New business coverage, denominated in Euro - Unspecified counterpart sector",PC,0
IRS.M.GR.L.L40.CI.0000.EUR.N.Z,M,GR,L,L40,CI,0000,EUR,N,Z,2011-08,15.9,A,F,,,P1M,,A,,,,,,,,,2,,,Long-term interest rate for convergence purposes - Euro,"Greece, Long-term interest rate for convergence purposes - Unspecified rate type, Debt security issued, 10 years maturity, New business coverage, denominated in Euro - Unspecified counterpart sector",PC,0
IRS.M.GR.L.L40.CI.0000.EUR.N.Z,M,GR,L,L40,CI,0000,EUR,N,Z,2011-09,17.78,A,F,,,P1M,,A,,,,,,,,,2,,,Long-term interest rate for convergence purposes - Euro,"Greece, Long-term interest rate for convergence purposes - Unspecified rate type, Debt security issued, 10 years maturity, New business coverage, denominated in Euro - Unspecified counterpart sector",PC,0
IRS.M.GR.L.L40.CI.0000.EUR.N.Z,M,GR,L,L40,CI,0000,EUR,N,Z,2011-10,18.04,A,F,,,P1M,,A,,,,,,,,,2,,,Long-term interest rate for convergence purposes - Euro,"Greece, Long-term interest rate for convergence purposes - Unspecified rate type, Debt security issued, 10 years maturity, New business coverage, denominated in Euro - Unspecified counterpart sector",PC,0
IRS.M.GR.L.L40.CI.0000.EUR.N.Z,M,GR,L,L40,CI,0000,EUR,N,Z,2011-11,17.92,A,F,,,P1M,,A,,,,,,,,,2,,,Long-term interest rate for convergence purposes - Euro,"Greece, Long-term interest rate for convergence purposes - Unspecified rate type, Debt security issued, 10 years maturity, New business coverage, denominated in Euro - Unspecified counterpart sector",PC,0
IRS.M.GR.L.L40.CI.0000.EUR.N.Z,M,GR,L,L40,CI,0000,EUR,N,Z,2011-12,21.14,A,F,,,P1M,,A,,,,,,,,,2,,,Long-term interest rate for convergence purposes - Euro,"Greece, Long-term interest rate for convergence purposes - Unspecified rate type, Debt security issued, 10 years maturity, New business coverage, denominated in Euro - Unspecified counterpart sector",PC,0
IRS.M.GR.L.L40.CI.0000.EUR.N.Z,M,GR,L,L40,CI,0000,EUR,N,Z,2012-01,25.91,A,F,,,P1M,,A,,,,,,,,,2,,,Long-term interest rate for convergence purposes - Euro,"Greece, Long-term interest rate for convergence purposes - Unspecified rate type, Debt security issued, 10 years maturity, New business coverage, denominated in Euro - Unspecified counterpart sector",PC,0
IRS.M.GR.L.L40.CI.0000.EUR.N.Z,M,GR,L,L40,CI,0000,EUR,N,Z,2012-02,29.24,A,F,,,P1M,,A,,,,,,,,,2,,,Long-term interest rate for convergence purposes - Euro,"Greece, Long-term interest rate for convergence purposes - Unspecified rate type, Debt security issued, 10 years maturity, New business coverage, denominated in Euro - Unspecified counterpart sector",PC,0
IRS.M.GR.L.L40.CI.0000.EUR.N.Z,M,GR,L,L40,CI,0000,EUR,N,Z,2012-03,19.07,A,F,,,P1M,,A,,,,,,,,,2,,,Long-term interest rate for convergence purposes - Euro,"Greece, Long-term interest rate for convergence purposes - Unspecified rate type, Debt security issued, 10 years maturity, New business coverage, denominated in Euro - Unspecified counterpart sector",PC,0
IRS.M.GR.L.L40.CI.0000.EUR.N.Z,M,GR,L,L40,CI,0000,EUR,N,Z,2012-04,21.48,A,F,,,P1M,,A,,,,,,,,,2,,,Long-term interest rate for convergence purposes - Euro,"Greece, Long-term interest rate for convergence purposes - Unspecified rate type, Debt security issued, 10 years maturity, New business coverage, denominated in Euro - Unspecified counterpart sector",PC,0
IRS.M.GR.L.L40.CI.0000.EUR.N.Z,M,GR,L,L40,CI,0000,EUR,N,Z,2012-05,26.9,A,F,,,P1M,,A,,,,,,,,,2,,,Long-term interest rate for convergence purposes - Euro,"Greece, Long-term interest rate for convergence purposes - Unspecified rate type, Debt security issued, 10 years maturity, New business coverage, denominated in Euro - Unspecified counterpart sector",PC,0
IRS.M.GR.L.L40.CI.0000.EUR.N.Z,M,GR,L,L40,CI,0000,EUR,N,Z,2012-06,27.82,A,F,,,P1M,,A,,,,,,,,,2,,,Long-term interest rate for convergence purposes - Euro,"Greece, Long-term interest rate for convergence purposes - Unspecified rate type, Debt security issued, 10 years maturity, New business coverage, denominated in Euro - Unspecified counterpart sector",PC,0
IRS.M.GR.L.L40.CI.0000.EUR.N.Z,M,GR,L,L40,CI,0000,EUR,N,Z,2012-07,25.82,A,F,,,P1M,,A,,,,,,,,,2,,,Long-term interest rate for convergence purposes - Euro,"Greece, Long-term interest rate for convergence purposes - Unspecified rate type, Debt security issued, 10 years maturity, New business coverage, denominated in Euro - Unspecified counterpart sector",PC,0
IRS.M.GR.L.L40.CI.0000.EUR.N.Z,M,GR,L,L40,CI,0000,EUR,N,Z,2012-08,24.34,A,F,,,P1M,,A,,,,,,,,,2,,,Long-term interest rate for convergence purposes - Euro,"Greece, Long-term interest rate for convergence purposes - Unspecified rate type, Debt security issued, 10 years maturity, New business coverage, denominated in Euro - Unspecified counterpart sector",PC,0
IRS.M.GR.L.L40.CI.0000.EUR.N.Z,M,GR,L,L40,CI,0000,EUR,N,Z,2012-09,20.91,A,F,,,P1M,,A,,,,,,,,,2,,,Long-term interest rate for convergence purposes - Euro,"Greece, Long-term interest rate for convergence purposes - Unspecified rate type, Debt security issued, 10 years maturity, New business coverage, denominated in Euro - Unspecified counterpart sector",PC,0
IRS.M.GR.L.L40.CI.0000.EUR.N.Z,M,GR,L,L40,CI,0000,EUR,N,Z,2012-10,17.96,A,F,,,P1M,,A,,,,,,,,,2,,,Long-term interest rate for convergence purposes - Euro,"Greece, Long-term interest rate for convergence purposes - Unspecified rate type, Debt security issued, 10 years maturity, New business coverage, denominated in Euro - Unspecified counterpart sector",PC,0
IRS.M.GR.L.L40.CI.0000.EUR.N.Z,M,GR,L,L40,CI,0000,EUR,N,Z,2012-11,17.2,A,F,,,P1M,,A,,,,,,,,,2,,,Long-term interest rate for convergence purposes - Euro,"Greece, Long-term interest rate for convergence purposes - Unspecified rate type, Debt security issued, 10 years maturity, New business coverage, denominated in Euro - Unspecified counterpart sector",PC,0
IRS.M.GR.L.L40.CI.0000.EUR.N.Z,M,GR,L,L40,CI,0000,EUR,N,Z,2012-12,13.33,A,F,,,P1M,,A,,,,,,,,,2,,,Long-term interest rate for convergence purposes - Euro,"Greece, Long-term interest rate for convergence purposes - Unspecified rate type, Debt security issued, 10 years maturity, New business coverage, denominated in Euro - Unspecified counterpart sector",PC,0
IRS.M.GR.L.L40.CI.0000.EUR.N.Z,M,GR,L,L40,CI,0000,EUR,N,Z,2013-01,11.1,A,F,,,P1M,,A,,,,,,,,,2,,,Long-term interest rate for convergence purposes - Euro,"Greece, Long-term interest rate for convergence purposes - Unspecified rate type, Debt security issued, 10 years maturity, New business coverage, denominated in Euro - Unspecified counterpart sector",PC,0
IRS.M.GR.L.L40.CI.0000.EUR.N.Z,M,GR,L,L40,CI,0000,EUR,N,Z,2013-02,10.95,A,F,,,P1M,,A,,,,,,,,,2,,,Long-term interest rate for convergence purposes - Euro,"Greece, Long-term interest rate for convergence purposes - Unspecified rate type, Debt security issued, 10 years maturity, New business coverage, denominated in Euro - Unspecified counterpart sector",PC,0
IRS.M.GR.L.L40.CI.0000.EUR.N.Z,M,GR,L,L40,CI,0000,EUR,N,Z,2013-03,11.38,A,F,,,P1M,,A,,,,,,,,,2,,,Long-term interest rate for convergence purposes - Euro,"Greece, Long-term interest rate for convergence purposes - Unspecified rate type, Debt security issued, 10 years maturity, New business coverage, denominated in Euro - Unspecified counterpart sector",PC,0
IRS.M.GR.L.L40.CI.0000.EUR.N.Z,M,GR,L,L40,CI,0000,EUR,N,Z,2013-04,11.58,A,F,,,P1M,,A,,,,,,,,,2,,,Long-term interest rate for convergence purposes - Euro,"Greece, Long-term interest rate for convergence purposes - Unspecified rate type, Debt security issued, 10 years maturity, New business coverage, denominated in Euro - Unspecified counterpart sector",PC,0
IRS.M.GR.L.L40.CI.0000.EUR.N.Z,M,GR,L,L40,CI,0000,EUR,N,Z,2013-05,9.07,A,F,,,P1M,,A,,,,,,,,,2,,,Long-term interest rate for convergence purposes - Euro,"Greece, Long-term interest rate for convergence purposes - Unspecified rate type, Debt security issued, 10 years maturity, New business coverage, denominated in Euro - Unspecified counterpart sector",PC,0
IRS.M.GR.L.L40.CI.0000.EUR.N.Z,M,GR,L,L40,CI,0000,EUR,N,Z,2013-06,10.07,A,F,,,P1M,,A,,,,,,,,,2,,,Long-term interest rate for convergence purposes - Euro,"Greece, Long-term interest rate for convergence purposes - Unspecified rate type, Debt security issued, 10 years maturity, New business coverage, denominated in Euro - Unspecified counterpart sector",PC,0
IRS.M.GR.L.L40.CI.0000.EUR.N.Z,M,GR,L,L40,CI,0000,EUR,N,Z,2013-07,10.53,A,F,,,P1M,,A,,,,,,,,,2,,,Long-term interest rate for convergence purposes - Euro,"Greece, Long-term interest rate for convergence purposes - Unspecified rate type, Debt security issued, 10 years maturity, New business coverage, denominated in Euro - Unspecified counterpart sector",PC,0
IRS.M.GR.L.L40.CI.0000.EUR.N.Z,M,GR,L,L40,CI,0000,EUR,N,Z,2013-08,10.01,A,F,,,P1M,,A,,,,,,,,,2,,,Long-term interest rate for convergence purposes - Euro,"Greece, Long-term interest rate for convergence purposes - Unspecified rate type, Debt security issued, 10 years maturity, New business coverage, denominated in Euro - Unspecified counterpart sector",PC,0
IRS.M.GR.L.L40.CI.0000.EUR.N.Z,M,GR,L,L40,CI,0000,EUR,N,Z,2013-09,10.15,A,F,,,P1M,,A,,,,,,,,,2,,,Long-term interest rate for convergence purposes - Euro,"Greece, Long-term interest rate for convergence purposes - Unspecified rate type, Debt security issued, 10 years maturity, New business coverage, denominated in Euro - Unspecified counterpart sector",PC,0
IRS.M.GR.L.L40.CI.0000.EUR.N.Z,M,GR,L,L40,CI,0000,EUR,N,Z,2013-10,8.74,A,F,,,P1M,,A,,,,,,,,,2,,,Long-term interest rate for convergence purposes - Euro,"Greece, Long-term interest rate for convergence purposes - Unspecified rate type, Debt security issued, 10 years maturity, New business coverage, denominated in Euro - Unspecified counterpart sector",PC,0
IRS.M.GR.L.L40.CI.0000.EUR.N.Z,M,GR,L,L40,CI,0000,EUR,N,Z,2013-11,8.41,A,F,,,P1M,,A,,,,,,,,,2,,,Long-term interest rate for convergence purposes - Euro,"Greece, Long-term interest rate for convergence purposes - Unspecified rate type, Debt security issued, 10 years maturity, New business coverage, denominated in Euro - Unspecified counterpart sector",PC,0
IRS.M.GR.L.L40.CI.0000.EUR.N.Z,M,GR,L,L40,CI,0000,EUR,N,Z,2013-12,8.66,A,F,,,P1M,,A,,,,,,,,,2,,,Long-term interest rate for convergence purposes - Euro,"Greece, Long-term interest rate for convergence purposes - Unspecified rate type, Debt security issued, 10 years maturity, New business coverage, denominated in Euro - Unspecified counterpart sector",PC,0
IRS.M.GR.L.L40.CI.0000.EUR.N.Z,M,GR,L,L40,CI,0000,EUR,N,Z,2014-01,8.18,A,F,,,P1M,,A,,,,,,,,,2,,,Long-term interest rate for convergence purposes - Euro,"Greece, Long-term interest rate for convergence purposes - Unspecified rate type, Debt security issued, 10 years maturity, New business coverage, denominated in Euro - Unspecified counterpart sector",PC,0
IRS.M.GR.L.L40.CI.0000.EUR.N.Z,M,GR,L,L40,CI,0000,EUR,N,Z,2014-02,7.7,A,F,,,P1M,,A,,,,,,,,,2,,,Long-term interest rate for convergence purposes - Euro,"Greece, Long-term interest rate for convergence purposes - Unspecified rate type, Debt security issued, 10 years maturity, New business coverage, denominated in Euro - Unspecified counterpart sector",PC,0
IRS.M.GR.L.L40.CI.0000.EUR.N.Z,M,GR,L,L40,CI,0000,EUR,N,Z,2014-03,6.9,A,F,,,P1M,,A,,,,,,,,,2,,,Long-term interest rate for convergence purposes - Euro,"Greece, Long-term interest rate for convergence purposes - Unspecified rate type, Debt security issued, 10 years maturity, New business coverage, denominated in Euro - Unspecified counterpart sector",PC,0
IRS.M.GR.L.L40.CI.0000.EUR.N.Z,M,GR,L,L40,CI,0000,EUR,N,Z,2014-04,6.2,A,F,,,P1M,,A,,,,,,,,,2,,,Long-term interest rate for convergence purposes - Euro,"Greece, Long-term interest rate for convergence purposes - Unspecified rate type, Debt security issued, 10 years maturity, New business coverage, denominated in Euro - Unspecified counterpart sector",PC,0
IRS.M.GR.L.L40.CI.0000.EUR.N.Z,M,GR,L,L40,CI,0000,EUR,N,Z,2014-05,6.38,A,F,,,P1M,,A,,,,,,,,,2,,,Long-term interest rate for convergence purposes - Euro,"Greece, Long-term interest rate for convergence purposes - Unspecified rate type, Debt security issued, 10 years maturity, New business coverage, denominated in Euro - Unspecified counterpart sector",PC,0
IRS.M.GR.L.L40.CI.0000.EUR.N.Z,M,GR,L,L40,CI,0000,EUR,N,Z,2014-06,5.93,A,F,,,P1M,,A,,,,,,,,,2,,,Long-term interest rate for convergence purposes - Euro,"Greece, Long-term interest rate for convergence purposes - Unspecified rate type, Debt security issued, 10 years maturity, New business coverage, denominated in Euro - Unspecified counterpart sector",PC,0
IRS.M.GR.L.L40.CI.0000.EUR.N.Z,M,GR,L,L40,CI,0000,EUR,N,Z,2014-07,6.1,A,F,,,P1M,,A,,,,,,,,,2,,,Long-term interest rate for convergence purposes - Euro,"Greece, Long-term interest rate for convergence purposes - Unspecified rate type, Debt security issued, 10 years maturity, New business coverage, denominated in Euro - Unspecified counterpart sector",PC,0
IRS.M.GR.L.L40.CI.0000.EUR.N.Z,M,GR,L,L40,CI,0000,EUR,N,Z,2014-08,6.09,A,F,,,P1M,,A,,,,,,,,,2,,,Long-term interest rate for convergence purposes - Euro,"Greece, Long-term interest rate for convergence purposes - Unspecified rate type, Debt security issued, 10 years maturity, New business coverage, denominated in Euro - Unspecified counterpart sector",PC,0
IRS.M.GR.L.L40.CI.0000.EUR.N.Z,M,GR,L,L40,CI,0000,EUR,N,Z,2014-09,5.89,A,F,,,P1M,,A,,,,,,,,,2,,,Long-term interest rate for convergence purposes - Euro,"Greece, Long-term interest rate for convergence purposes - Unspecified rate type, Debt security issued, 10 years maturity, New business coverage, denominated in Euro - Unspecified counterpart sector",PC,0
IRS.M.GR.L.L40.CI.0000.EUR.N.Z,M,GR,L,L40,CI,0000,EUR,N,Z,2014-10,7.26,A,F,,,P1M,,A,,,,,,,,,2,,,Long-term interest rate for convergence purposes - Euro,"Greece, Long-term interest rate for convergence purposes - Unspecified rate type, Debt security issued, 10 years maturity, New business coverage, denominated in Euro - Unspecified counterpart sector",PC,0
IRS.M.GR.L.L40.CI.0000.EUR.N.Z,M,GR,L,L40,CI,0000,EUR,N,Z,2014-11,8.1,A,F,,,P1M,,A,,,,,,,,,2,,,Long-term interest rate for convergence purposes - Euro,"Greece, Long-term interest rate for convergence purposes - Unspecified rate type, Debt security issued, 10 years maturity, New business coverage, denominated in Euro - Unspecified counterpart sector",PC,0
IRS.M.GR.L.L40.CI.0000.EUR.N.Z,M,GR,L,L40,CI,0000,EUR,N,Z,2014-12,8.42,A,F,,,P1M,,A,,,,,,,,,2,,,Long-term interest rate for convergence purposes - Euro,"Greece, Long-term interest rate for convergence purposes - Unspecified rate type, Debt security issued, 10 years maturity, New business coverage, denominated in Euro - Unspecified counterpart sector",PC,0
IRS.M.GR.L.L40.CI.0000.EUR.N.Z,M,GR,L,L40,CI,0000,EUR,N,Z,2015-01,9.48,A,F,,,P1M,,A,,,,,,,,,2,,,Long-term interest rate for convergence purposes - Euro,"Greece, Long-term interest rate for convergence purposes - Unspecified rate type, Debt security issued, 10 years maturity, New business coverage, denominated in Euro - Unspecified counterpart sector",PC,0
IRS.M.GR.L.L40.CI.0000.EUR.N.Z,M,GR,L,L40,CI,0000,EUR,N,Z,2015-02,9.72,A,F,,,P1M,,A,,,,,,,,,2,,,Long-term interest rate for convergence purposes - Euro,"Greece, Long-term interest rate for convergence purposes - Unspecified rate type, Debt security issued, 10 years maturity, New business coverage, denominated in Euro - Unspecified counterpart sector",PC,0
IRS.M.GR.L.L40.CI.0000.EUR.N.Z,M,GR,L,L40,CI,0000,EUR,N,Z,2015-03,10.52,A,F,,,P1M,,A,,,,,,,,,2,,,Long-term interest rate for convergence purposes - Euro,"Greece, Long-term interest rate for convergence purposes - Unspecified rate type, Debt security issued, 10 years maturity, New business coverage, denominated in Euro - Unspecified counterpart sector",PC,0
IRS.M.GR.L.L40.CI.0000.EUR.N.Z,M,GR,L,L40,CI,0000,EUR,N,Z,2015-04,12,A,F,,,P1M,,A,,,,,,,,,2,,,Long-term interest rate for convergence purposes - Euro,"Greece, Long-term interest rate for convergence purposes - Unspecified rate type, Debt security issued, 10 years maturity, New business coverage, denominated in Euro - Unspecified counterpart sector",PC,0
IRS.M.GR.L.L40.CI.0000.EUR.N.Z,M,GR,L,L40,CI,0000,EUR,N,Z,2015-05,10.95,A,F,,,P1M,,A,,,,,,,,,2,,,Long-term interest rate for convergence purposes - Euro,"Greece, Long-term interest rate for convergence purposes - Unspecified rate type, Debt security issued, 10 years maturity, New business coverage, denominated in Euro - Unspecified counterpart sector",PC,0
IRS.M.GR.L.L40.CI.0000.EUR.N.Z,M,GR,L,L40,CI,0000,EUR,N,Z,2015-06,11.43,A,F,,,P1M,,A,,,,,,,,,2,,,Long-term interest rate for convergence purposes - Euro,"Greece, Long-term interest rate for convergence purposes - Unspecified rate type, Debt security issued, 10 years maturity, New business coverage, denominated in Euro - Unspecified counterpart sector",PC,0
IRS.M.GR.L.L40.CI.0000.EUR.N.Z,M,GR,L,L40,CI,0000,EUR,N,Z,2015-07,,M,F,,,P1M,,A,,,,,,,,,2,,,Long-term interest rate for convergence purposes - Euro,"Greece, Long-term interest rate for convergence purposes - Unspecified rate type, Debt security issued, 10 years maturity, New business coverage, denominated in Euro - Unspecified counterpart sector",PC,0
IRS.M.GR.L.L40.CI.0000.EUR.N.Z,M,GR,L,L40,CI,0000,EUR,N,Z,2015-08,10.26,A,F,,,P1M,,A,,,,,,,,,2,,,Long-term interest rate for convergence purposes - Euro,"Greece, Long-term interest rate for convergence purposes - Unspecified rate type, Debt security issued, 10 years maturity, New business coverage, denominated in Euro - Unspecified counterpart sector",PC,0
IRS.M.GR.L.L40.CI.0000.EUR.N.Z,M,GR,L,L40,CI,0000,EUR,N,Z,2015-09,8.54,A,F,,,P1M,,A,,,,,,,,,2,,,Long-term interest rate for convergence purposes - Euro,"Greece, Long-term interest rate for convergence purposes - Unspecified rate type, Debt security issued, 10 years maturity, New business coverage, denominated in Euro - Unspecified counterpart sector",PC,0
IRS.M.GR.L.L40.CI.0000.EUR.N.Z,M,GR,L,L40,CI,0000,EUR,N,Z,2015-10,7.81,A,F,,,P1M,,A,,,,,,,,,2,,,Long-term interest rate for convergence purposes - Euro,"Greece, Long-term interest rate for convergence purposes - Unspecified rate type, Debt security issued, 10 years maturity, New business coverage, denominated in Euro - Unspecified counterpart sector",PC,0
IRS.M.GR.L.L40.CI.0000.EUR.N.Z,M,GR,L,L40,CI,0000,EUR,N,Z,2015-11,7.41,A,F,,,P1M,,A,,,,,,,,,2,,,Long-term interest rate for convergence purposes - Euro,"Greece, Long-term interest rate for convergence purposes - Unspecified rate type, Debt security issued, 10 years maturity, New business coverage, denominated in Euro - Unspecified counterpart sector",PC,0
IRS.M.GR.L.L40.CI.0000.EUR.N.Z,M,GR,L,L40,CI,0000,EUR,N,Z,2015-12,8.21,A,F,,,P1M,,A,,,,,,,,,2,,,Long-term interest rate for convergence purposes - Euro,"Greece, Long-term interest rate for convergence purposes - Unspecified rate type, Debt security issued, 10 years maturity, New business coverage, denominated in Euro - Unspecified counterpart sector",PC,0
IRS.M.GR.L.L40.CI.0000.EUR.N.Z,M,GR,L,L40,CI,0000,EUR,N,Z,2016-01,9.08,A,F,,,P1M,,A,,,,,,,,,2,,,Long-term interest rate for convergence purposes - Euro,"Greece, Long-term interest rate for convergence purposes - Unspecified rate type, Debt security issued, 10 years maturity, New business coverage, denominated in Euro - Unspecified counterpart sector",PC,0
IRS.M.GR.L.L40.CI.0000.EUR.N.Z,M,GR,L,L40,CI,0000,EUR,N,Z,2016-02,10.41,A,F,,,P1M,,A,,,,,,,,,2,,,Long-term interest rate for convergence purposes - Euro,"Greece, Long-term interest rate for convergence purposes - Unspecified rate type, Debt security issued, 10 years maturity, New business coverage, denominated in Euro - Unspecified counterpart sector",PC,0
IRS.M.GR.L.L40.CI.0000.EUR.N.Z,M,GR,L,L40,CI,0000,EUR,N,Z,2016-03,9.12,A,F,,,P1M,,A,,,,,,,,,2,,,Long-term interest rate for convergence purposes - Euro,"Greece, Long-term interest rate for convergence purposes - Unspecified rate type, Debt security issued, 10 years maturity, New business coverage, denominated in Euro - Unspecified counterpart sector",PC,0
IRS.M.GR.L.L40.CI.0000.EUR.N.Z,M,GR,L,L40,CI,0000,EUR,N,Z,2016-04,9.03,A,F,,,P1M,,A,,,,,,,,,2,,,Long-term interest rate for convergence purposes - Euro,"Greece, Long-term interest rate for convergence purposes - Unspecified rate type, Debt security issued, 10 years maturity, New business coverage, denominated in Euro - Unspecified counterpart sector",PC,0
IRS.M.GR.L.L40.CI.0000.EUR.N.Z,M,GR,L,L40,CI,0000,EUR,N,Z,2016-05,7.64,A,F,,,P1M,,A,,,,,,,,,2,,,Long-term interest rate for convergence purposes - Euro,"Greece, Long-term interest rate for convergence purposes - Unspecified rate type, Debt security issued, 10 years maturity, New business coverage, denominated in Euro - Unspecified counterpart sector",PC,0
IRS.M.GR.L.L40.CI.0000.EUR.N.Z,M,GR,L,L40,CI,0000,EUR,N,Z,2016-06,7.92,A,F,,,P1M,,A,,,,,,,,,2,,,Long-term interest rate for convergence purposes - Euro,"Greece, Long-term interest rate for convergence purposes - Unspecified rate type, Debt security issued, 10 years maturity, New business coverage, denominated in Euro - Unspecified counterpart sector",PC,0
IRS.M.GR.L.L40.CI.0000.EUR.N.Z,M,GR,L,L40,CI,0000,EUR,N,Z,2016-07,7.99,A,F,,,P1M,,A,,,,,,,,,2,,,Long-term interest rate for convergence purposes - Euro,"Greece, Long-term interest rate for convergence purposes - Unspecified rate type, Debt security issued, 10 years maturity, New business coverage, denominated in Euro - Unspecified counterpart sector",PC,0
IRS.M.GR.L.L40.CI.0000.EUR.N.Z,M,GR,L,L40,CI,0000,EUR,N,Z,2016-08,8.19,A,F,,,P1M,,A,,,,,,,,,2,,,Long-term interest rate for convergence purposes - Euro,"Greece, Long-term interest rate for convergence purposes - Unspecified rate type, Debt security issued, 10 years maturity, New business coverage, denominated in Euro - Unspecified counterpart sector",PC,0
IRS.M.GR.L.L40.CI.0000.EUR.N.Z,M,GR,L,L40,CI,0000,EUR,N,Z,2016-09,8.34,A,F,,,P1M,,A,,,,,,,,,2,,,Long-term interest rate for convergence purposes - Euro,"Greece, Long-term interest rate for convergence purposes - Unspecified rate type, Debt security issued, 10 years maturity, New business coverage, denominated in Euro - Unspecified counterpart sector",PC,0
IRS.M.GR.L.L40.CI.0000.EUR.N.Z,M,GR,L,L40,CI,0000,EUR,N,Z,2016-10,8.33,A,F,,,P1M,,A,,,,,,,,,2,,,Long-term interest rate for convergence purposes - Euro,"Greece, Long-term interest rate for convergence purposes - Unspecified rate type, Debt security issued, 10 years maturity, New business coverage, denominated in Euro - Unspecified counterpart sector",PC,0
IRS.M.GR.L.L40.CI.0000.EUR.N.Z,M,GR,L,L40,CI,0000,EUR,N,Z,2016-11,7.33,A,F,,,P1M,,A,,,,,,,,,2,,,Long-term interest rate for convergence purposes - Euro,"Greece, Long-term interest rate for convergence purposes - Unspecified rate type, Debt security issued, 10 years maturity, New business coverage, denominated in Euro - Unspecified counterpart sector",PC,0
IRS.M.GR.L.L40.CI.0000.EUR.N.Z,M,GR,L,L40,CI,0000,EUR,N,Z,2016-12,6.94,A,F,,,P1M,,A,,,,,,,,,2,,,Long-term interest rate for convergence purposes - Euro,"Greece, Long-term interest rate for convergence purposes - Unspecified rate type, Debt security issued, 10 years maturity, New business coverage, denominated in Euro - Unspecified counterpart sector",PC,0
IRS.M.GR.L.L40.CI.0000.EUR.N.Z,M,GR,L,L40,CI,0000,EUR,N,Z,2017-01,7.04,A,F,,,P1M,,A,,,,,,,,,2,,,Long-term interest rate for convergence purposes - Euro,"Greece, Long-term interest rate for convergence purposes - Unspecified rate type, Debt security issued, 10 years maturity, New business coverage, denominated in Euro - Unspecified counterpart sector",PC,0
IRS.M.GR.L.L40.CI.0000.EUR.N.Z,M,GR,L,L40,CI,0000,EUR,N,Z,2017-02,7.52,A,F,,,P1M,,A,,,,,,,,,2,,,Long-term interest rate for convergence purposes - Euro,"Greece, Long-term interest rate for convergence purposes - Unspecified rate type, Debt security issued, 10 years maturity, New business coverage, denominated in Euro - Unspecified counterpart sector",PC,0
IRS.M.GR.L.L40.CI.0000.EUR.N.Z,M,GR,L,L40,CI,0000,EUR,N,Z,2017-03,7.17,A,F,,,P1M,,A,,,,,,,,,2,,,Long-term interest rate for convergence purposes - Euro,"Greece, Long-term interest rate for convergence purposes - Unspecified rate type, Debt security issued, 10 years maturity, New business coverage, denominated in Euro - Unspecified counterpart sector",PC,0
IRS.M.GR.L.L40.CI.0000.EUR.N.Z,M,GR,L,L40,CI,0000,EUR,N,Z,2017-04,6.7,A,F,,,P1M,,A,,,,,,,,,2,,,Long-term interest rate for convergence purposes - Euro,"Greece, Long-term interest rate for convergence purposes - Unspecified rate type, Debt security issued, 10 years maturity, New business coverage, denominated in Euro - Unspecified counterpart sector",PC,0
IRS.M.GR.L.L40.CI.0000.EUR.N.Z,M,GR,L,L40,CI,0000,EUR,N,Z,2017-05,5.86,A,F,,,P1M,,A,,,,,,,,,2,,,Long-term interest rate for convergence purposes - Euro,"Greece, Long-term interest rate for convergence purposes - Unspecified rate type, Debt security issued, 10 years maturity, New business coverage, denominated in Euro - Unspecified counterpart sector",PC,0
IRS.M.GR.L.L40.CI.0000.EUR.N.Z,M,GR,L,L40,CI,0000,EUR,N,Z,2017-06,5.76,A,F,,,P1M,,A,,,,,,,,,2,,,Long-term interest rate for convergence purposes - Euro,"Greece, Long-term interest rate for convergence purposes - Unspecified rate type, Debt security issued, 10 years maturity, New business coverage, denominated in Euro - Unspecified counterpart sector",PC,0
IRS.M.GR.L.L40.CI.0000.EUR.N.Z,M,GR,L,L40,CI,0000,EUR,N,Z,2017-07,5.33,A,F,,,P1M,,A,,,,,,,,,2,,,Long-term interest rate for convergence purposes - Euro,"Greece, Long-term interest rate for convergence purposes - Unspecified rate type, Debt security issued, 10 years maturity, New business coverage, denominated in Euro - Unspecified counterpart sector",PC,0
IRS.M.GR.L.L40.CI.0000.EUR.N.Z,M,GR,L,L40,CI,0000,EUR,N,Z,2017-08,5.55,A,F,,,P1M,,A,,,,,,,,,2,,,Long-term interest rate for convergence purposes - Euro,"Greece, Long-term interest rate for convergence purposes - Unspecified rate type, Debt security issued, 10 years maturity, New business coverage, denominated in Euro - Unspecified counterpart sector",PC,0
IRS.M.GR.L.L40.CI.0000.EUR.N.Z,M,GR,L,L40,CI,0000,EUR,N,Z,2017-09,5.56,A,F,,,P1M,,A,,,,,,,,,2,,,Long-term interest rate for convergence purposes - Euro,"Greece, Long-term interest rate for convergence purposes - Unspecified rate type, Debt security issued, 10 years maturity, New business coverage, denominated in Euro - Unspecified counterpart sector",PC,0
IRS.M.GR.L.L40.CI.0000.EUR.N.Z,M,GR,L,L40,CI,0000,EUR,N,Z,2017-10,5.59,A,F,,,P1M,,A,,,,,,,,,2,,,Long-term interest rate for convergence purposes - Euro,"Greece, Long-term interest rate for convergence purposes - Unspecified rate type, Debt security issued, 10 years maturity, New business coverage, denominated in Euro - Unspecified counterpart sector",PC,0
IRS.M.GR.L.L40.CI.0000.EUR.N.Z,M,GR,L,L40,CI,0000,EUR,N,Z,2017-11,5.22,A,F,,,P1M,,A,,,,,,,,,2,,,Long-term interest rate for convergence purposes - Euro,"Greece, Long-term interest rate for convergence purposes - Unspecified rate type, Debt security issued, 10 years maturity, New business coverage, denominated in Euro - Unspecified counterpart sector",PC,0
IRS.M.GR.L.L40.CI.0000.EUR.N.Z,M,GR,L,L40,CI,0000,EUR,N,Z,2017-12,4.44,A,F,,,P1M,,A,,,,,,,,,2,,,Long-term interest rate for convergence purposes - Euro,"Greece, Long-term interest rate for convergence purposes - Unspecified rate type, Debt security issued, 10 years maturity, New business coverage, denominated in Euro - Unspecified counterpart sector",PC,0
IRS.M.GR.L.L40.CI.0000.EUR.N.Z,M,GR,L,L40,CI,0000,EUR,N,Z,2018-01,3.79,A,F,,,P1M,,A,,,,,,,,,2,,,Long-term interest rate for convergence purposes - Euro,"Greece, Long-term interest rate for convergence purposes - Unspecified rate type, Debt security issued, 10 years maturity, New business coverage, denominated in Euro - Unspecified counterpart sector",PC,0
IRS.M.GR.L.L40.CI.0000.EUR.N.Z,M,GR,L,L40,CI,0000,EUR,N,Z,2018-02,4.14,A,F,,,P1M,,A,,,,,,,,,2,,,Long-term interest rate for convergence purposes - Euro,"Greece, Long-term interest rate for convergence purposes - Unspecified rate type, Debt security issued, 10 years maturity, New business coverage, denominated in Euro - Unspecified counterpart sector",PC,0
IRS.M.GR.L.L40.CI.0000.EUR.N.Z,M,GR,L,L40,CI,0000,EUR,N,Z,2018-03,4.27,A,F,,,P1M,,A,,,,,,,,,2,,,Long-term interest rate for convergence purposes - Euro,"Greece, Long-term interest rate for convergence purposes - Unspecified rate type, Debt security issued, 10 years maturity, New business coverage, denominated in Euro - Unspecified counterpart sector",PC,0
IRS.M.GR.L.L40.CI.0000.EUR.N.Z,M,GR,L,L40,CI,0000,EUR,N,Z,2018-04,4.04,A,F,,,P1M,,A,,,,,,,,,2,,,Long-term interest rate for convergence purposes - Euro,"Greece, Long-term interest rate for convergence purposes - Unspecified rate type, Debt security issued, 10 years maturity, New business coverage, denominated in Euro - Unspecified counterpart sector",PC,0
IRS.M.GR.L.L40.CI.0000.EUR.N.Z,M,GR,L,L40,CI,0000,EUR,N,Z,2018-05,4.29,A,F,,,P1M,,A,,,,,,,,,2,,,Long-term interest rate for convergence purposes - Euro,"Greece, Long-term interest rate for convergence purposes - Unspecified rate type, Debt security issued, 10 years maturity, New business coverage, denominated in Euro - Unspecified counterpart sector",PC,0
IRS.M.GR.L.L40.CI.0000.EUR.N.Z,M,GR,L,L40,CI,0000,EUR,N,Z,2018-06,4.39,A,F,,,P1M,,A,,,,,,,,,2,,,Long-term interest rate for convergence purposes - Euro,"Greece, Long-term interest rate for convergence purposes - Unspecified rate type, Debt security issued, 10 years maturity, New business coverage, denominated in Euro - Unspecified counterpart sector",PC,0
IRS.M.GR.L.L40.CI.0000.EUR.N.Z,M,GR,L,L40,CI,0000,EUR,N,Z,2018-07,3.88,A,F,,,P1M,,A,,,,,,,,,2,,,Long-term interest rate for convergence purposes - Euro,"Greece, Long-term interest rate for convergence purposes - Unspecified rate type, Debt security issued, 10 years maturity, New business coverage, denominated in Euro - Unspecified counterpart sector",PC,0
IRS.M.GR.L.L40.CI.0000.EUR.N.Z,M,GR,L,L40,CI,0000,EUR,N,Z,2018-08,4.18,A,F,,,P1M,,A,,,,,,,,,2,,,Long-term interest rate for convergence purposes - Euro,"Greece, Long-term interest rate for convergence purposes - Unspecified rate type, Debt security issued, 10 years maturity, New business coverage, denominated in Euro - Unspecified counterpart sector",PC,0
IRS.M.GR.L.L40.CI.0000.EUR.N.Z,M,GR,L,L40,CI,0000,EUR,N,Z,2018-09,4.17,A,F,,,P1M,,A,,,,,,,,,2,,,Long-term interest rate for convergence purposes - Euro,"Greece, Long-term interest rate for convergence purposes - Unspecified rate type, Debt security issued, 10 years maturity, New business coverage, denominated in Euro - Unspecified counterpart sector",PC,0
IRS.M.GR.L.L40.CI.0000.EUR.N.Z,M,GR,L,L40,CI,0000,EUR,N,Z,2018-10,4.37,A,F,,,P1M,,A,,,,,,,,,2,,,Long-term interest rate for convergence purposes - Euro,"Greece, Long-term interest rate for convergence purposes - Unspecified rate type, Debt security issued, 10 years maturity, New business coverage, denominated in Euro - Unspecified counterpart sector",PC,0
IRS.M.GR.L.L40.CI.0000.EUR.N.Z,M,GR,L,L40,CI,0000,EUR,N,Z,2018-11,4.42,A,F,,,P1M,,A,,,,,,,,,2,,,Long-term interest rate for convergence purposes - Euro,"Greece, Long-term interest rate for convergence purposes - Unspecified rate type, Debt security issued, 10 years maturity, New business coverage, denominated in Euro - Unspecified counterpart sector",PC,0
IRS.M.GR.L.L40.CI.0000.EUR.N.Z,M,GR,L,L40,CI,0000,EUR,N,Z,2018-12,4.28,A,F,,,P1M,,A,,,,,,,,,2,,,Long-term interest rate for convergence purposes - Euro,"Greece, Long-term interest rate for convergence purposes - Unspecified rate type, Debt security issued, 10 years maturity, New business coverage, denominated in Euro - Unspecified counterpart sector",PC,0
IRS.M.GR.L.L40.CI.0000.EUR.N.Z,M,GR,L,L40,CI,0000,EUR,N,Z,2019-01,4.21,A,F,,,P1M,,A,,,,,,,,,2,,,Long-term interest rate for convergence purposes - Euro,"Greece, Long-term interest rate for convergence purposes - Unspecified rate type, Debt security issued, 10 years maturity, New business coverage, denominated in Euro - Unspecified counterpart sector",PC,0
IRS.M.GR.L.L40.CI.0000.EUR.N.Z,M,GR,L,L40,CI,0000,EUR,N,Z,2019-02,3.84,A,F,,,P1M,,A,,,,,,,,,2,,,Long-term interest rate for convergence purposes - Euro,"Greece, Long-term interest rate for convergence purposes - Unspecified rate type, Debt security issued, 10 years maturity, New business coverage, denominated in Euro - Unspecified counterpart sector",PC,0
IRS.M.GR.L.L40.CI.0000.EUR.N.Z,M,GR,L,L40,CI,0000,EUR,N,Z,2019-03,3.76,A,F,,,P1M,,A,,,,,,,,,2,,,Long-term interest rate for convergence purposes - Euro,"Greece, Long-term interest rate for convergence purposes - Unspecified rate type, Debt security issued, 10 years maturity, New business coverage, denominated in Euro - Unspecified counterpart sector",PC,0
IRS.M.GR.L.L40.CI.0000.EUR.N.Z,M,GR,L,L40,CI,0000,EUR,N,Z,2019-04,3.42,A,F,,,P1M,,A,,,,,,,,,2,,,Long-term interest rate for convergence purposes - Euro,"Greece, Long-term interest rate for convergence purposes - Unspecified rate type, Debt security issued, 10 years maturity, New business coverage, denominated in Euro - Unspecified counterpart sector",PC,0
IRS.M.GR.L.L40.CI.0000.EUR.N.Z,M,GR,L,L40,CI,0000,EUR,N,Z,2019-05,3.37,A,F,,,P1M,,A,,,,,,,,,2,,,Long-term interest rate for convergence purposes - Euro,"Greece, Long-term interest rate for convergence purposes - Unspecified rate type, Debt security issued, 10 years maturity, New business coverage, denominated in Euro - Unspecified counterpart sector",PC,0
IRS.M.GR.L.L40.CI.0000.EUR.N.Z,M,GR,L,L40,CI,0000,EUR,N,Z,2019-06,2.67,A,F,,,P1M,,A,,,,,,,,,2,,,Long-term interest rate for convergence purposes - Euro,"Greece, Long-term interest rate for convergence purposes - Unspecified rate type, Debt security issued, 10 years maturity, New business coverage, denominated in Euro - Unspecified counterpart sector",PC,0
IRS.M.GR.L.L40.CI.0000.EUR.N.Z,M,GR,L,L40,CI,0000,EUR,N,Z,2019-07,2.16,A,F,,,P1M,,A,,,,,,,,,2,,,Long-term interest rate for convergence purposes - Euro,"Greece, Long-term interest rate for convergence purposes - Unspecified rate type, Debt security issued, 10 years maturity, New business coverage, denominated in Euro - Unspecified counterpart sector",PC,0
IRS.M.GR.L.L40.CI.0000.EUR.N.Z,M,GR,L,L40,CI,0000,EUR,N,Z,2019-08,1.98,A,F,,,P1M,,A,,,,,,,,,2,,,Long-term interest rate for convergence purposes - Euro,"Greece, Long-term interest rate for convergence purposes - Unspecified rate type, Debt security issued, 10 years maturity, New business coverage, denominated in Euro - Unspecified counterpart sector",PC,0
IRS.M.GR.L.L40.CI.0000.EUR.N.Z,M,GR,L,L40,CI,0000,EUR,N,Z,2019-09,1.5,A,F,,,P1M,,A,,,,,,,,,2,,,Long-term interest rate for convergence purposes - Euro,"Greece, Long-term interest rate for convergence purposes - Unspecified rate type, Debt security issued, 10 years maturity, New business coverage, denominated in Euro - Unspecified counterpart sector",PC,0
IRS.M.GR.L.L40.CI.0000.EUR.N.Z,M,GR,L,L40,CI,0000,EUR,N,Z,2019-10,1.34,A,F,,,P1M,,A,,,,,,,,,2,,,Long-term interest rate for convergence purposes - Euro,"Greece, Long-term interest rate for convergence purposes - Unspecified rate type, Debt security issued, 10 years maturity, New business coverage, denominated in Euro - Unspecified counterpart sector",PC,0
IRS.M.GR.L.L40.CI.0000.EUR.N.Z,M,GR,L,L40,CI,0000,EUR,N,Z,2019-11,1.36,A,F,,,P1M,,A,,,,,,,,,2,,,Long-term interest rate for convergence purposes - Euro,"Greece, Long-term interest rate for convergence purposes - Unspecified rate type, Debt security issued, 10 years maturity, New business coverage, denominated in Euro - Unspecified counterpart sector",PC,0
IRS.M.GR.L.L40.CI.0000.EUR.N.Z,M,GR,L,L40,CI,0000,EUR,N,Z,2019-12,1.42,A,F,,,P1M,,A,,,,,,,,,2,,,Long-term interest rate for convergence purposes - Euro,"Greece, Long-term interest rate for convergence purposes - Unspecified rate type, Debt security issued, 10 years maturity, New business coverage, denominated in Euro - Unspecified counterpart sector",PC,0
IRS.M.GR.L.L40.CI.0000.EUR.N.Z,M,GR,L,L40,CI,0000,EUR,N,Z,2020-01,1.34,A,F,,,P1M,,A,,,,,,,,,2,,,Long-term interest rate for convergence purposes - Euro,"Greece, Long-term interest rate for convergence purposes - Unspecified rate type, Debt security issued, 10 years maturity, New business coverage, denominated in Euro - Unspecified counterpart sector",PC,0
IRS.M.GR.L.L40.CI.0000.EUR.N.Z,M,GR,L,L40,CI,0000,EUR,N,Z,2020-02,1.07,A,F,,,P1M,,A,,,,,,,,,2,,,Long-term interest rate for convergence purposes - Euro,"Greece, Long-term interest rate for convergence purposes - Unspecified rate type, Debt security issued, 10 years maturity, New business coverage, denominated in Euro - Unspecified counterpart sector",PC,0
IRS.M.GR.L.L40.CI.0000.EUR.N.Z,M,GR,L,L40,CI,0000,EUR,N,Z,2020-03,1.97,A,F,,,P1M,,A,,,,,,,,,2,,,Long-term interest rate for convergence purposes - Euro,"Greece, Long-term interest rate for convergence purposes - Unspecified rate type, Debt security issued, 10 years maturity, New business coverage, denominated in Euro - Unspecified counterpart sector",PC,0
IRS.M.GR.L.L40.CI.0000.EUR.N.Z,M,GR,L,L40,CI,0000,EUR,N,Z,2020-04,2.05,A,F,,,P1M,,A,,,,,,,,,2,,,Long-term interest rate for convergence purposes - Euro,"Greece, Long-term interest rate for convergence purposes - Unspecified rate type, Debt security issued, 10 years maturity, New business coverage, denominated in Euro - Unspecified counterpart sector",PC,0
IRS.M.GR.L.L40.CI.0000.EUR.N.Z,M,GR,L,L40,CI,0000,EUR,N,Z,2020-05,1.93,A,F,,,P1M,,A,,,,,,,,,2,,,Long-term interest rate for convergence purposes - Euro,"Greece, Long-term interest rate for convergence purposes - Unspecified rate type, Debt security issued, 10 years maturity, New business coverage, denominated in Euro - Unspecified counterpart sector",PC,0
IRS.M.GR.L.L40.CI.0000.EUR.N.Z,M,GR,L,L40,CI,0000,EUR,N,Z,2020-06,1.32,A,F,,,P1M,,A,,,,,,,,,2,,,Long-term interest rate for convergence purposes - Euro,"Greece, Long-term interest rate for convergence purposes - Unspecified rate type, Debt security issued, 10 years maturity, New business coverage, denominated in Euro - Unspecified counterpart sector",PC,0
IRS.M.GR.L.L40.CI.0000.EUR.N.Z,M,GR,L,L40,CI,0000,EUR,N,Z,2020-07,1.14,A,F,,,P1M,,A,,,,,,,,,2,,,Long-term interest rate for convergence purposes - Euro,"Greece, Long-term interest rate for convergence purposes - Unspecified rate type, Debt security issued, 10 years maturity, New business coverage, denominated in Euro - Unspecified counterpart sector",PC,0
IRS.M.GR.L.L40.CI.0000.EUR.N.Z,M,GR,L,L40,CI,0000,EUR,N,Z,2020-08,1.08,A,F,,,P1M,,A,,,,,,,,,2,,,Long-term interest rate for convergence purposes - Euro,"Greece, Long-term interest rate for convergence purposes - Unspecified rate type, Debt security issued, 10 years maturity, New business coverage, denominated in Euro - Unspecified counterpart sector",PC,0
IRS.M.GR.L.L40.CI.0000.EUR.N.Z,M,GR,L,L40,CI,0000,EUR,N,Z,2020-09,1.08,A,F,,,P1M,,A,,,,,,,,,2,,,Long-term interest rate for convergence purposes - Euro,"Greece, Long-term interest rate for convergence purposes - Unspecified rate type, Debt security issued, 10 years maturity, New business coverage, denominated in Euro - Unspecified counterpart sector",PC,0
IRS.M.GR.L.L40.CI.0000.EUR.N.Z,M,GR,L,L40,CI,0000,EUR,N,Z,2020-10,0.9,A,F,,,P1M,,A,,,,,,,,,2,,,Long-term interest rate for convergence purposes - Euro,"Greece, Long-term interest rate for convergence purposes - Unspecified rate type, Debt security issued, 10 years maturity, New business coverage, denominated in Euro - Unspecified counterpart sector",PC,0
IRS.M.GR.L.L40.CI.0000.EUR.N.Z,M,GR,L,L40,CI,0000,EUR,N,Z,2020-11,0.75,A,F,,,P1M,,A,,,,,,,,,2,,,Long-term interest rate for convergence purposes - Euro,"Greece, Long-term interest rate for convergence purposes - Unspecified rate type, Debt security issued, 10 years maturity, New business coverage, denominated in Euro - Unspecified counterpart sector",PC,0
IRS.M.GR.L.L40.CI.0000.EUR.N.Z,M,GR,L,L40,CI,0000,EUR,N,Z,2020-12,0.63,A,F,,,P1M,,A,,,,,,,,,2,,,Long-term interest rate for convergence purposes - Euro,"Greece, Long-term interest rate for convergence purposes - Unspecified rate type, Debt security issued, 10 years maturity, New business coverage, denominated in Euro - Unspecified counterpart sector",PC,0
IRS.M.GR.L.L40.CI.0000.EUR.N.Z,M,GR,L,L40,CI,0000,EUR,N,Z,2021-01,0.65,A,F,,,P1M,,A,,,,,,,,,2,,,Long-term interest rate for convergence purposes - Euro,"Greece, Long-term interest rate for convergence purposes - Unspecified rate type, Debt security issued, 10 years maturity, New business coverage, denominated in Euro - Unspecified counterpart sector",PC,0
IRS.M.GR.L.L40.CI.0000.EUR.N.Z,M,GR,L,L40,CI,0000,EUR,N,Z,2021-02,0.81,A,F,,,P1M,,A,,,,,,,,,2,,,Long-term interest rate for convergence purposes - Euro,"Greece, Long-term interest rate for convergence purposes - Unspecified rate type, Debt security issued, 10 years maturity, New business coverage, denominated in Euro - Unspecified counterpart sector",PC,0
IRS.M.GR.L.L40.CI.0000.EUR.N.Z,M,GR,L,L40,CI,0000,EUR,N,Z,2021-03,0.91,A,F,,,P1M,,A,,,,,,,,,2,,,Long-term interest rate for convergence purposes - Euro,"Greece, Long-term interest rate for convergence purposes - Unspecified rate type, Debt security issued, 10 years maturity, New business coverage, denominated in Euro - Unspecified counterpart sector",PC,0
IRS.M.GR.L.L40.CI.0000.EUR.N.Z,M,GR,L,L40,CI,0000,EUR,N,Z,2021-04,0.88,A,F,,,P1M,,A,,,,,,,,,2,,,Long-term interest rate for convergence purposes - Euro,"Greece, Long-term interest rate for convergence purposes - Unspecified rate type, Debt security issued, 10 years maturity, New business coverage, denominated in Euro - Unspecified counterpart sector",PC,0
IRS.M.GR.L.L40.CI.0000.EUR.N.Z,M,GR,L,L40,CI,0000,EUR,N,Z,2021-05,0.99,A,F,,,P1M,,A,,,,,,,,,2,,,Long-term interest rate for convergence purposes - Euro,"Greece, Long-term interest rate for convergence purposes - Unspecified rate type, Debt security issued, 10 years maturity, New business coverage, denominated in Euro - Unspecified counterpart sector",PC,0
IRS.M.GR.L.L40.CI.0000.EUR.N.Z,M,GR,L,L40,CI,0000,EUR,N,Z,2021-06,0.81,A,F,,,P1M,,A,,,,,,,,,2,,,Long-term interest rate for convergence purposes - Euro,"Greece, Long-term interest rate for convergence purposes - Unspecified rate type, Debt security issued, 10 years maturity, New business coverage, denominated in Euro - Unspecified counterpart sector",PC,0
IRS.M.GR.L.L40.CI.0000.EUR.N.Z,M,GR,L,L40,CI,0000,EUR,N,Z,2021-07,0.7,A,F,,,P1M,,A,,,,,,,,,2,,,Long-term interest rate for convergence purposes - Euro,"Greece, Long-term interest rate for convergence purposes - Unspecified rate type, Debt security issued, 10 years maturity, New business coverage, denominated in Euro - Unspecified counterpart sector",PC,0
IRS.M.GR.L.L40.CI.0000.EUR.N.Z,M,GR,L,L40,CI,0000,EUR,N,Z,2021-08,0.59,A,F,,,P1M,,A,,,,,,,,,2,,,Long-term interest rate for convergence purposes - Euro,"Greece, Long-term interest rate for convergence purposes - Unspecified rate type, Debt security issued, 10 years maturity, New business coverage, denominated in Euro - Unspecified counterpart sector",PC,0
IRS.M.GR.L.L40.CI.0000.EUR.N.Z,M,GR,L,L40,CI,0000,EUR,N,Z,2021-09,0.8,A,F,,,P1M,,A,,,,,,,,,2,,,Long-term interest rate for convergence purposes - Euro,"Greece, Long-term interest rate for convergence purposes - Unspecified rate type, Debt security issued, 10 years maturity, New business coverage, denominated in Euro - Unspecified counterpart sector",PC,0
IRS.M.GR.L.L40.CI.0000.EUR.N.Z,M,GR,L,L40,CI,0000,EUR,N,Z,2021-10,0.96,A,F,,,P1M,,A,,,,,,,,,2,,,Long-term interest rate for convergence purposes - Euro,"Greece, Long-term interest rate for convergence purposes - Unspecified rate type, Debt security issued, 10 years maturity, New business coverage, denominated in Euro - Unspecified counterpart sector",PC,0
IRS.M.GR.L.L40.CI.0000.EUR.N.Z,M,GR,L,L40,CI,0000,EUR,N,Z,2021-11,1.22,A,F,,,P1M,,A,,,,,,,,,2,,,Long-term interest rate for convergence purposes - Euro,"Greece, Long-term interest rate for convergence purposes - Unspecified rate type, Debt security issued, 10 years maturity, New business coverage, denominated in Euro - Unspecified counterpart sector",PC,0
IRS.M.GR.L.L40.CI.0000.EUR.N.Z,M,GR,L,L40,CI,0000,EUR,N,Z,2021-12,1.29,A,F,,,P1M,,A,,,,,,,,,2,,,Long-term interest rate for convergence purposes - Euro,"Greece, Long-term interest rate for convergence purposes - Unspecified rate type, Debt security issued, 10 years maturity, New business coverage, denominated in Euro - Unspecified counterpart sector",PC,0
IRS.M.GR.L.L40.CI.0000.EUR.N.Z,M,GR,L,L40,CI,0000,EUR,N,Z,2022-01,1.62,A,F,,,P1M,,A,,,,,,,,,2,,,Long-term interest rate for convergence purposes - Euro,"Greece, Long-term interest rate for convergence purposes - Unspecified rate type, Debt security issued, 10 years maturity, New business coverage, denominated in Euro - Unspecified counterpart sector",PC,0
IRS.M.GR.L.L40.CI.0000.EUR.N.Z,M,GR,L,L40,CI,0000,EUR,N,Z,2022-02,2.46,A,F,,,P1M,,A,,,,,,,,,2,,,Long-term interest rate for convergence purposes - Euro,"Greece, Long-term interest rate for convergence purposes - Unspecified rate type, Debt security issued, 10 years maturity, New business coverage, denominated in Euro - Unspecified counterpart sector",PC,0
IRS.M.GR.L.L40.CI.0000.EUR.N.Z,M,GR,L,L40,CI,0000,EUR,N,Z,2022-03,2.61,A,F,,,P1M,,A,,,,,,,,,2,,,Long-term interest rate for convergence purposes - Euro,"Greece, Long-term interest rate for convergence purposes - Unspecified rate type, Debt security issued, 10 years maturity, New business coverage, denominated in Euro - Unspecified counterpart sector",PC,0
IRS.M.GR.L.L40.CI.0000.EUR.N.Z,M,GR,L,L40,CI,0000,EUR,N,Z,2022-04,2.89,A,F,,,P1M,,A,,,,,,,,,2,,,Long-term interest rate for convergence purposes - Euro,"Greece, Long-term interest rate for convergence purposes - Unspecified rate type, Debt security issued, 10 years maturity, New business coverage, denominated in Euro - Unspecified counterpart sector",PC,0
IRS.M.GR.L.L40.CI.0000.EUR.N.Z,M,GR,L,L40,CI,0000,EUR,N,Z,2022-05,3.54,A,F,,,P1M,,A,,,,,,,,,2,,,Long-term interest rate for convergence purposes - Euro,"Greece, Long-term interest rate for convergence purposes - Unspecified rate type, Debt security issued, 10 years maturity, New business coverage, denominated in Euro - Unspecified counterpart sector",PC,0
IRS.M.GR.L.L40.CI.0000.EUR.N.Z,M,GR,L,L40,CI,0000,EUR,N,Z,2022-06,3.93,A,F,,,P1M,,A,,,,,,,,,2,,,Long-term interest rate for convergence purposes - Euro,"Greece, Long-term interest rate for convergence purposes - Unspecified rate type, Debt security issued, 10 years maturity, New business coverage, denominated in Euro - Unspecified counterpart sector",PC,0
IRS.M.GR.L.L40.CI.0000.EUR.N.Z,M,GR,L,L40,CI,0000,EUR,N,Z,2022-07,3.38,A,F,,,P1M,,A,,,,,,,,,2,,,Long-term interest rate for convergence purposes - Euro,"Greece, Long-term interest rate for convergence purposes - Unspecified rate type, Debt security issued, 10 years maturity, New business coverage, denominated in Euro - Unspecified counterpart sector",PC,0
IRS.M.GR.L.L40.CI.0000.EUR.N.Z,M,GR,L,L40,CI,0000,EUR,N,Z,2022-08,3.46,A,F,,,P1M,,A,,,,,,,,,2,,,Long-term interest rate for convergence purposes - Euro,"Greece, Long-term interest rate for convergence purposes - Unspecified rate type, Debt security issued, 10 years maturity, New business coverage, denominated in Euro - Unspecified counterpart sector",PC,0
IRS.M.GR.L.L40.CI.0000.EUR.N.Z,M,GR,L,L40,CI,0000,EUR,N,Z,2022-09,4.44,A,F,,,P1M,,A,,,,,,,,,2,,,Long-term interest rate for convergence purposes - Euro,"Greece, Long-term interest rate for convergence purposes - Unspecified rate type, Debt security issued, 10 years maturity, New business coverage, denominated in Euro - Unspecified counterpart sector",PC,0
IRS.M.GR.L.L40.CI.0000.EUR.N.Z,M,GR,L,L40,CI,0000,EUR,N,Z,2022-10,4.87,A,F,,,P1M,,A,,,,,,,,,2,,,Long-term interest rate for convergence purposes - Euro,"Greece, Long-term interest rate for convergence purposes - Unspecified rate type, Debt security issued, 10 years maturity, New business coverage, denominated in Euro - Unspecified counterpart sector",PC,0
IRS.M.GR.L.L40.CI.0000.EUR.N.Z,M,GR,L,L40,CI,0000,EUR,N,Z,2022-11,4.42,A,F,,,P1M,,A,,,,,,,,,2,,,Long-term interest rate for convergence purposes - Euro,"Greece, Long-term interest rate for convergence purposes - Unspecified rate type, Debt security issued, 10 years maturity, New business coverage, denominated in Euro - Unspecified counterpart sector",PC,0
IRS.M.GR.L.L40.CI.0000.EUR.N.Z,M,GR,L,L40,CI,0000,EUR,N,Z,2022-12,4.22,A,F,,,P1M,,A,,,,,,,,,2,,,Long-term interest rate for convergence purposes - Euro,"Greece, Long-term interest rate for convergence purposes - Unspecified rate type, Debt security issued, 10 years maturity, New business coverage, denominated in Euro - Unspecified counterpart sector",PC,0
IRS.M.GR.L.L40.CI.0000.EUR.N.Z,M,GR,L,L40,CI,0000,EUR,N,Z,2023-01,4.29,A,F,,,P1M,,A,,,,,,,,,2,,,Long-term interest rate for convergence purposes - Euro,"Greece, Long-term interest rate for convergence purposes - Unspecified rate type, Debt security issued, 10 years maturity, New business coverage, denominated in Euro - Unspecified counterpart sector",PC,0
IRS.M.GR.L.L40.CI.0000.EUR.N.Z,M,GR,L,L40,CI,0000,EUR,N,Z,2023-02,4.26,A,F,,,P1M,,A,,,,,,,,,2,,,Long-term interest rate for convergence purposes - Euro,"Greece, Long-term interest rate for convergence purposes - Unspecified rate type, Debt security issued, 10 years maturity, New business coverage, denominated in Euro - Unspecified counterpart sector",PC,0
IRS.M.GR.L.L40.CI.0000.EUR.N.Z,M,GR,L,L40,CI,0000,EUR,N,Z,2023-03,4.29,A,F,,,P1M,,A,,,,,,,,,2,,,Long-term interest rate for convergence purposes - Euro,"Greece, Long-term interest rate for convergence purposes - Unspecified rate type, Debt security issued, 10 years maturity, New business coverage, denominated in Euro - Unspecified counterpart sector",PC,0
IRS.M.GR.L.L40.CI.0000.EUR.N.Z,M,GR,L,L40,CI,0000,EUR,N,Z,2023-04,4.22,A,F,,,P1M,,A,,,,,,,,,2,,,Long-term interest rate for convergence purposes - Euro,"Greece, Long-term interest rate for convergence purposes - Unspecified rate type, Debt security issued, 10 years maturity, New business coverage, denominated in Euro - Unspecified counterpart sector",PC,0
IRS.M.GR.L.L40.CI.0000.EUR.N.Z,M,GR,L,L40,CI,0000,EUR,N,Z,2023-05,3.98,A,F,,,P1M,,A,,,,,,,,,2,,,Long-term interest rate for convergence purposes - Euro,"Greece, Long-term interest rate for convergence purposes - Unspecified rate type, Debt security issued, 10 years maturity, New business coverage, denominated in Euro - Unspecified counterpart sector",PC,0
IRS.M.GR.L.L40.CI.0000.EUR.N.Z,M,GR,L,L40,CI,0000,EUR,N,Z,2023-06,3.71,A,F,,,P1M,,A,,,,,,,,,2,,,Long-term interest rate for convergence purposes - Euro,"Greece, Long-term interest rate for convergence purposes - Unspecified rate type, Debt security issued, 10 years maturity, New business coverage, denominated in Euro - Unspecified counterpart sector",PC,0
IRS.M.GR.L.L40.CI.0000.EUR.N.Z,M,GR,L,L40,CI,0000,EUR,N,Z,2023-07,3.85,A,F,,,P1M,,A,,,,,,,,,2,,,Long-term interest rate for convergence purposes - Euro,"Greece, Long-term interest rate for convergence purposes - Unspecified rate type, Debt security issued, 10 years maturity, New business coverage, denominated in Euro - Unspecified counterpart sector",PC,0
IRS.M.GR.L.L40.CI.0000.EUR.N.Z,M,GR,L,L40,CI,0000,EUR,N,Z,2023-08,3.88,A,F,,,P1M,,A,,,,,,,,,2,,,Long-term interest rate for convergence purposes - Euro,"Greece, Long-term interest rate for convergence purposes - Unspecified rate type, Debt security issued, 10 years maturity, New business coverage, denominated in Euro - Unspecified counterpart sector",PC,0
IRS.M.GR.L.L40.CI.0000.EUR.N.Z,M,GR,L,L40,CI,0000,EUR,N,Z,2023-09,4.08,A,F,,,P1M,,A,,,,,,,,,2,,,Long-term interest rate for convergence purposes - Euro,"Greece, Long-term interest rate for convergence purposes - Unspecified rate type, Debt security issued, 10 years maturity, New business coverage, denominated in Euro - Unspecified counterpart sector",PC,0
IRS.M.GR.L.L40.CI.0000.EUR.N.Z,M,GR,L,L40,CI,0000,EUR,N,Z,2023-10,4.3,A,F,,,P1M,,A,,,,,,,,,2,,,Long-term interest rate for convergence purposes - Euro,"Greece, Long-term interest rate for convergence purposes - Unspecified rate type, Debt security issued, 10 years maturity, New business coverage, denominated in Euro - Unspecified counterpart sector",PC,0
IRS.M.GR.L.L40.CI.0000.EUR.N.Z,M,GR,L,L40,CI,0000,EUR,N,Z,2023-11,3.88,A,F,,,P1M,,A,,,,,,,,,2,,,Long-term interest rate for convergence purposes - Euro,"Greece, Long-term interest rate for convergence purposes - Unspecified rate type, Debt security issued, 10 years maturity, New business coverage, denominated in Euro - Unspecified counterpart sector",PC,0
IRS.M.GR.L.L40.CI.0000.EUR.N.Z,M,GR,L,L40,CI,0000,EUR,N,Z,2023-12,3.28,A,F,,,P1M,,A,,,,,,,,,2,,,Long-term interest rate for convergence purposes - Euro,"Greece, Long-term interest rate for convergence purposes - Unspecified rate type, Debt security issued, 10 years maturity, New business coverage, denominated in Euro - Unspecified counterpart sector",PC,0
IRS.M.GR.L.L40.CI.0000.EUR.N.Z,M,GR,L,L40,CI,0000,EUR,N,Z,2024-01,3.29,A,F,,,P1M,,A,,,,,,,,,2,,,Long-term interest rate for convergence purposes - Euro,"Greece, Long-term interest rate for convergence purposes - Unspecified rate type, Debt security issued, 10 years maturity, New business coverage, denominated in Euro - Unspecified counterpart sector",PC,0
IRS.M.GR.L.L40.CI.0000.EUR.N.Z,M,GR,L,L40,CI,0000,EUR,N,Z,2024-02,3.45,A,F,,,P1M,,A,,,,,,,,,2,,,Long-term interest rate for convergence purposes - Euro,"Greece, Long-term interest rate for convergence purposes - Unspecified rate type, Debt security issued, 10 years maturity, New business coverage, denominated in Euro - Unspecified counterpart sector",PC,0
IRS.M.GR.L.L40.CI.0000.EUR.N.Z,M,GR,L,L40,CI,0000,EUR,N,Z,2024-03,3.37,A,F,,,P1M,,A,,,,,,,,,2,,,Long-term interest rate for convergence purposes - Euro,"Greece, Long-term interest rate for convergence purposes - Unspecified rate type, Debt security issued, 10 years maturity, New business coverage, denominated in Euro - Unspecified counterpart sector",PC,0
IRS.M.GR.L.L40.CI.0000.EUR.N.Z,M,GR,L,L40,CI,0000,EUR,N,Z,2024-04,3.49,A,F,,,P1M,,A,,,,,,,,,2,,,Long-term interest rate for convergence purposes - Euro,"Greece, Long-term interest rate for convergence purposes - Unspecified rate type, Debt security issued, 10 years maturity, New business coverage, denominated in Euro - Unspecified counterpart sector",PC,0
IRS.M.GR.L.L40.CI.0000.EUR.N.Z,M,GR,L,L40,CI,0000,EUR,N,Z,2024-05,3.55,A,F,,,P1M,,A,,,,,,,,,2,,,Long-term interest rate for convergence purposes - Euro,"Greece, Long-term interest rate for convergence purposes - Unspecified rate type, Debt security issued, 10 years maturity, New business coverage, denominated in Euro - Unspecified counterpart sector",PC,0
IRS.M.GR.L.L40.CI.0000.EUR.N.Z,M,GR,L,L40,CI,0000,EUR,N,Z,2024-06,3.65,A,F,,,P1M,,A,,,,,,,,,2,,,Long-term interest rate for convergence purposes - Euro,"Greece, Long-term interest rate for convergence purposes - Unspecified rate type, Debt security issued, 10 years maturity, New business coverage, denominated in Euro - Unspecified counterpart sector",PC,0
IRS.M.GR.L.L40.CI.0000.EUR.N.Z,M,GR,L,L40,CI,0000,EUR,N,Z,2024-07,3.5,A,F,,,P1M,,A,,,,,,,,,2,,,Long-term interest rate for convergence purposes - Euro,"Greece, Long-term interest rate for convergence purposes - Unspecified rate type, Debt security issued, 10 years maturity, New business coverage, denominated in Euro - Unspecified counterpart sector",PC,0
IRS.M.GR.L.L40.CI.0000.EUR.N.Z,M,GR,L,L40,CI,0000,EUR,N,Z,2024-08,3.31,A,F,,,P1M,,A,,,,,,,,,2,,,Long-term interest rate for convergence purposes - Euro,"Greece, Long-term interest rate for convergence purposes - Unspecified rate type, Debt security issued, 10 years maturity, New business coverage, denominated in Euro - Unspecified counterpart sector",PC,0
IRS.M.GR.L.L40.CI.0000.EUR.N.Z,M,GR,L,L40,CI,0000,EUR,N,Z,2024-09,3.19,A,F,,,P1M,,A,,,,,,,,,2,,,Long-term interest rate for convergence purposes - Euro,"Greece, Long-term interest rate for convergence purposes - Unspecified rate type, Debt security issued, 10 years maturity, New business coverage, denominated in Euro - Unspecified counterpart sector",PC,0
IRS.M.GR.L.L40.CI.0000.EUR.N.Z,M,GR,L,L40,CI,0000,EUR,N,Z,2024-10,3.16,A,F,,,P1M,,A,,,,,,,,,2,,,Long-term interest rate for convergence purposes - Euro,"Greece, Long-term interest rate for convergence purposes - Unspecified rate type, Debt security issued, 10 years maturity, New business coverage, denominated in Euro - Unspecified counterpart sector",PC,0
IRS.M.GR.L.L40.CI.0000.EUR.N.Z,M,GR,L,L40,CI,0000,EUR,N,Z,2024-11,3.19,A,F,,,P1M,,A,,,,,,,,,2,,,Long-term interest rate for convergence purposes - Euro,"Greece, Long-term interest rate for convergence purposes - Unspecified rate type, Debt security issued, 10 years maturity, New business coverage, denominated in Euro - Unspecified counterpart sector",PC,0
IRS.M.GR.L.L40.CI.0000.EUR.N.Z,M,GR,L,L40,CI,0000,EUR,N,Z,2024-12,3.05,A,F,,,P1M,,A,,,,,,,,,2,,,Long-term interest rate for convergence purposes - Euro,"Greece, Long-term interest rate for convergence purposes - Unspecified rate type, Debt security issued, 10 years maturity, New business coverage, denominated in Euro - Unspecified counterpart sector",PC,0
IRS.M.GR.L.L40.CI.0000.EUR.N.Z,M,GR,L,L40,CI,0000,EUR,N,Z,2025-01,3.35,A,F,,,P1M,,A,,,,,,,,,2,,,Long-term interest rate for convergence purposes - Euro,"Greece, Long-term interest rate for convergence purposes - Unspecified rate type, Debt security issued, 10 years maturity, New business coverage, denominated in Euro - Unspecified counterpart sector",PC,0
IRS.M.GR.L.L40.CI.0000.EUR.N.Z,M,GR,L,L40,CI,0000,EUR,N,Z,2025-02,3.29,A,F,,,P1M,,A,,,,,,,,,2,,,Long-term interest rate for convergence purposes - Euro,"Greece, Long-term interest rate for convergence purposes - Unspecified rate type, Debt security issued, 10 years maturity, New business coverage, denominated in Euro - Unspecified counterpart sector",PC,0
IRS.M.GR.L.L40.CI.0000.EUR.N.Z,M,GR,L,L40,CI,0000,EUR,N,Z,2025-03,3.6,A,F,,,P1M,,A,,,,,,,,,2,,,Long-term interest rate for convergence purposes - Euro,"Greece, Long-term interest rate for convergence purposes - Unspecified rate type, Debt security issued, 10 years maturity, New business coverage, denominated in Euro - Unspecified counterpart sector",PC,0
IRS.M.GR.L.L40.CI.0000.EUR.N.Z,M,GR,L,L40,CI,0000,EUR,N,Z,2025-04,3.44,A,F,,,P1M,,A,,,,,,,,,2,,,Long-term interest rate for convergence purposes - Euro,"Greece, Long-term interest rate for convergence purposes - Unspecified rate type, Debt security issued, 10 years maturity, New business coverage, denominated in Euro - Unspecified counterpart sector",PC,0
IRS.M.GR.L.L40.CI.0000.EUR.N.Z,M,GR,L,L40,CI,0000,EUR,N,Z,2025-05,3.37,A,F,,,P1M,,A,,,,,,,,,2,,,Long-term interest rate for convergence purposes - Euro,"Greece, Long-term interest rate for convergence purposes - Unspecified rate type, Debt security issued, 10 years maturity, New business coverage, denominated in Euro - Unspecified counterpart sector",PC,0
IRS.M.GR.L.L40.CI.0000.EUR.N.Z,M,GR,L,L40,CI,0000,EUR,N,Z,2025-06,3.29,A,F,,,P1M,,A,,,,,,,,,2,,,Long-term interest rate for convergence purposes - Euro,"Greece, Long-term interest rate for convergence purposes - Unspecified rate type, Debt security issued, 10 years maturity, New business coverage, denominated in Euro - Unspecified counterpart sector",PC,0
IRS.M.GR.L.L40.CI.0000.EUR.N.Z,M,GR,L,L40,CI,0000,EUR,N,Z,2025-07,3.36,A,F,,,P1M,,A,,,,,,,,,2,,,Long-term interest rate for convergence purposes - Euro,"Greece, Long-term interest rate for convergence purposes - Unspecified rate type, Debt security issued, 10 years maturity, New business coverage, denominated in Euro - Unspecified counterpart sector",PC,0
IRS.M.GR.L.L40.CI.0000.EUR.N.Z,M,GR,L,L40,CI,0000,EUR,N,Z,2025-08,3.37,A,F,,,P1M,,A,,,,,,,,,2,,,Long-term interest rate for convergence purposes - Euro,"Greece, Long-term interest rate for convergence purposes - Unspecified rate type, Debt security issued, 10 years maturity, New business coverage, denominated in Euro - Unspecified counterpart sector",PC,0
IRS.M.GR.L.L40.CI.0000.EUR.N.Z,M,GR,L,L40,CI,0000,EUR,N,Z,2025-09,3.39,A,F,,,P1M,,A,,,,,,,,,2,,,Long-term interest rate for convergence purposes - Euro,"Greece, Long-term interest rate for convergence purposes - Unspecified rate type, Debt security issued, 10 years maturity, New business coverage, denominated in Euro - Unspecified counterpart sector",PC,0
IRS.M.GR.L.L40.CI.0000.EUR.N.Z,M,GR,L,L40,CI,0000,EUR,N,Z,2025-10,3.3,A,F,,,P1M,,A,,,,,,,,,2,,,Long-term interest rate for convergence purposes - Euro,"Greece, Long-term interest rate for convergence purposes - Unspecified rate type, Debt security issued, 10 years maturity, New business coverage, denominated in Euro - Unspecified counterpart sector",PC,0
IRS.M.GR.L.L40.CI.0000.EUR.N.Z,M,GR,L,L40,CI,0000,EUR,N,Z,2025-11,3.3,A,F,,,P1M,,A,,,,,,,,,2,,,Long-term interest rate for convergence purposes - Euro,"Greece, Long-term interest rate for convergence purposes - Unspecified rate type, Debt security issued, 10 years maturity, New business coverage, denominated in Euro - Unspecified counterpart sector",PC,0
IRS.M.GR.L.L40.CI.0000.EUR.N.Z,M,GR,L,L40,CI,0000,EUR,N,Z,2025-12,3.44,A,F,,,P1M,,A,,,,,,,,,2,,,Long-term interest rate for convergence purposes - Euro,"Greece, Long-term interest rate for convergence purposes - Unspecified rate type, Debt security issued, 10 years maturity, New business coverage, denominated in Euro - Unspecified counterpart sector",PC,0
IRS.M.GR.L.L40.CI.0000.EUR.N.Z,M,GR,L,L40,CI,0000,EUR,N,Z,2026-01,3.43,A,F,,,P1M,,A,,,,,,,,,2,,,Long-term interest rate for convergence purposes - Euro,"Greece, Long-term interest rate for convergence purposes - Unspecified rate type, Debt security issued, 10 years maturity, New business coverage, denominated in Euro - Unspecified counterpart sector",PC,0
IRS.M.GR.L.L40.CI.0000.EUR.N.Z,M,GR,L,L40,CI,0000,EUR,N,Z,2026-02,3.39,A,F,,,P1M,,A,,,,,,,,,2,,,Long-term interest rate for convergence purposes - Euro,"Greece, Long-term interest rate for convergence purposes - Unspecified rate type, Debt security issued, 10 years maturity, New business coverage, denominated in Euro - Unspecified counterpart sector",PC,0
IRS.M.GR.L.L40.CI.0000.EUR.N.Z,M,GR,L,L40,CI,0000,EUR,N,Z,2026-03,3.71,A,F,,,P1M,,A,,,,,,,,,2,,,Long-term interest rate for convergence purposes - Euro,"Greece, Long-term interest rate for convergence purposes - Unspecified rate type, Debt security issued, 10 years maturity, New business coverage, denominated in Euro - Unspecified counterpart sector",PC,0
IRS.M.GR.L.L40.CI.0000.EUR.N.Z,M,GR,L,L40,CI,0000,EUR,N,Z,2026-04,3.78,A,F,,,P1M,,A,,,,,,,,,2,,,Long-term interest rate for convergence purposes - Euro,"Greece, Long-term interest rate for convergence purposes - Unspecified rate type, Debt security issued, 10 years maturity, New business coverage, denominated in Euro - Unspecified counterpart sector",PC,0
IRS.M.GR.L.L40.CI.0000.EUR.N.Z,M,GR,L,L40,CI,0000,EUR,N,Z,2026-05,3.75,A,F,,,P1M,,A,,,,,,,,,2,,,Long-term interest rate for convergence purposes - Euro,"Greece, Long-term interest rate for convergence purposes - Unspecified rate type, Debt security issued, 10 years maturity, New business coverage, denominated in Euro - Unspecified counterpart sector",PC,0
IRS.M.GR.L.L40.CI.0000.EUR.N.Z,M,GR,L,L40,CI,0000,EUR,N,Z,2026-06,3.64,A,F,,,P1M,,A,,,,,,,,,2,,,Long-term interest rate for convergence purposes - Euro,"Greece, Long-term interest rate for convergence purposes - Unspecified rate type, Debt security issued, 10 years maturity, New business coverage, denominated in Euro - Unspecified counterpart sector",PC,0
IRS.M.GR.L.L40.CI.0000.EUR.N.Z,M,GR,L,L40,CI,0000,EUR,N,Z,2026-07,3.79,A,F,,,P1M,,A,,,,,,,,,2,,,Long-term interest rate for convergence purposes - Euro,"Greece, Long-term interest rate for convergence purposes - Unspecified rate type, Debt security issued, 10 years maturity, New business coverage, denominated in Euro - Unspecified counterpart sector",PC,0
IRS.M.GR.L.L40.CI.0000.EUR.N.Z,M,GR,L,L40,CI,0000,EUR,N,Z,2026-08,3.87,A,F,,,P1M,,A,,,,,,,,,2,,,Long-term interest rate for convergence purposes - Euro,"Greece, Long-term interest rate for convergence purposes - Unspecified rate type, Debt security issued, 10 years maturity, New business coverage, denominated in Euro - Unspecified counterpart sector",PC,0
