DATE,IUDMRZC
02 Jan 1985,3.6906
03 Jan 1985,3.7301
04 Jan 1985,3.7066
07 Jan 1985,3.7363
08 Jan 1985,3.6779
09 Jan 1985,3.6989
10 Jan 1985,3.7024
11 Jan 1985,3.7519
14 Jan 1985,3.8318
15 Jan 1985,3.8568
16 Jan 1985,3.8567
17 Jan 1985,3.8517
18 Jan 1985,3.8403
21 Jan 1985,3.7114
22 Jan 1985,3.6247
23 Jan 1985,3.5489
24 Jan 1985,3.618
25 Jan 1985,3.6029
28 Jan 1985,3.7936
29 Jan 1985,3.7745
30 Jan 1985,3.6749
31 Jan 1985,3.6226
01 Feb 1985,3.6559
04 Feb 1985,3.6766
05 Feb 1985,3.6391
06 Feb 1985,3.6381
07 Feb 1985,3.5617
08 Feb 1985,3.5642
11 Feb 1985,3.5989
12 Feb 1985,3.5984
13 Feb 1985,3.5455
14 Feb 1985,3.5012
15 Feb 1985,3.4282
18 Feb 1985,3.4299
19 Feb 1985,3.418
20 Feb 1985,3.3824
21 Feb 1985,3.418
22 Feb 1985,3.4802
25 Feb 1985,3.4862
26 Feb 1985,3.4773
27 Feb 1985,3.4359
28 Feb 1985,3.2689
01 Mar 1985,3.26
04 Mar 1985,3.18
05 Mar 1985,3.1674
06 Mar 1985,3.1822
07 Mar 1985,3.1628
08 Mar 1985,3.1462
11 Mar 1985,3.1175
12 Mar 1985,3.1526
13 Mar 1985,3.1652
14 Mar 1985,3.1776
15 Mar 1985,3.1461
18 Mar 1985,3.1401
19 Mar 1985,3.1454
20 Mar 1985,3.3111
21 Mar 1985,3.3837
22 Mar 1985,3.4557
25 Mar 1985,3.5332
26 Mar 1985,3.5371
27 Mar 1985,3.6062
28 Mar 1985,3.6108
29 Mar 1985,3.5657
01 Apr 1985,3.5559
02 Apr 1985,3.6114
03 Apr 1985,3.6263
04 Apr 1985,3.6268
09 Apr 1985,3.6026
10 Apr 1985,3.6119
11 Apr 1985,3.63
12 Apr 1985,3.6215
15 Apr 1985,3.6121
16 Apr 1985,3.6132
17 Apr 1985,3.6104
18 Apr 1985,3.6458
19 Apr 1985,3.6419
22 Apr 1985,3.6933
23 Apr 1985,3.6995
24 Apr 1985,3.7082
25 Apr 1985,3.7084
26 Apr 1985,3.716
29 Apr 1985,3.7191
30 Apr 1985,3.7207
01 May 1985,3.7311
02 May 1985,3.7141
03 May 1985,3.7082
07 May 1985,3.7427
08 May 1985,3.7769
09 May 1985,3.7993
10 May 1985,3.7623
13 May 1985,3.749
14 May 1985,3.6997
15 May 1985,3.6684
16 May 1985,3.6551
17 May 1985,3.6462
20 May 1985,3.8816
21 May 1985,3.8823
22 May 1985,3.882
23 May 1985,3.8944
24 May 1985,3.897
28 May 1985,3.9005
29 May 1985,3.8966
30 May 1985,3.8985
31 May 1985,3.9092
03 Jun 1985,3.9153
04 Jun 1985,3.9219
05 Jun 1985,3.9083
06 Jun 1985,3.914
07 Jun 1985,3.8958
10 Jun 1985,3.8993
11 Jun 1985,3.8895
12 Jun 1985,3.8975
13 Jun 1985,3.9001
14 Jun 1985,3.9209
17 Jun 1985,3.9485
18 Jun 1985,3.9592
19 Jun 1985,3.9774
20 Jun 1985,4.0071
21 Jun 1985,4.0247
24 Jun 1985,3.9881
25 Jun 1985,3.9887
26 Jun 1985,3.9884
27 Jun 1985,3.9848
28 Jun 1985,3.9946
01 Jul 1985,3.9982
02 Jul 1985,4.0016
03 Jul 1985,3.9658
04 Jul 1985,3.9667
05 Jul 1985,3.98
08 Jul 1985,3.9714
09 Jul 1985,3.9601
10 Jul 1985,3.9888
11 Jul 1985,4.0026
12 Jul 1985,4.0379
15 Jul 1985,4.0333
16 Jul 1985,4.0742
17 Jul 1985,4.0355
18 Jul 1985,4.0417
19 Jul 1985,4.0542
22 Jul 1985,4.061
23 Jul 1985,4.0541
24 Jul 1985,4.0189
25 Jul 1985,4.0019
26 Jul 1985,4.0092
29 Jul 1985,3.9891
30 Jul 1985,3.9846
31 Jul 1985,3.9382
01 Aug 1985,3.9625
02 Aug 1985,3.9857
05 Aug 1985,3.9776
06 Aug 1985,3.977
07 Aug 1985,3.981
08 Aug 1985,3.9649
09 Aug 1985,3.9676
12 Aug 1985,3.93
13 Aug 1985,3.9007
14 Aug 1985,3.8964
15 Aug 1985,3.8883
16 Aug 1985,3.8929
19 Aug 1985,3.827
20 Aug 1985,3.8464
21 Aug 1985,3.8785
22 Aug 1985,3.8596
23 Aug 1985,3.8574
27 Aug 1985,3.8451
28 Aug 1985,3.8359
29 Aug 1985,3.8207
30 Aug 1985,3.8212
02 Sep 1985,3.8241
03 Sep 1985,3.8293
04 Sep 1985,3.8245
05 Sep 1985,3.8505
06 Sep 1985,3.8613
09 Sep 1985,3.8901
10 Sep 1985,3.8588
11 Sep 1985,3.8321
12 Sep 1985,3.8246
13 Sep 1985,3.831
16 Sep 1985,3.7895
17 Sep 1985,3.7918
18 Sep 1985,3.7601
19 Sep 1985,3.7227
20 Sep 1985,3.7087
23 Sep 1985,3.7007
24 Sep 1985,3.7629
25 Sep 1985,3.7568
26 Sep 1985,3.7645
27 Sep 1985,3.7816
30 Sep 1985,3.7831
01 Oct 1985,3.7621
02 Oct 1985,3.7431
03 Oct 1985,3.7272
04 Oct 1985,3.7252
07 Oct 1985,3.738
08 Oct 1985,3.7637
09 Oct 1985,3.769
10 Oct 1985,3.795
11 Oct 1985,3.8014
14 Oct 1985,3.7404
15 Oct 1985,3.7305
16 Oct 1985,3.7273
17 Oct 1985,3.731
18 Oct 1985,3.8024
21 Oct 1985,3.7801
22 Oct 1985,3.7429
23 Oct 1985,3.7333
24 Oct 1985,3.7355
25 Oct 1985,3.7676
28 Oct 1985,3.7795
29 Oct 1985,3.778
30 Oct 1985,3.7918
31 Oct 1985,3.8297
01 Nov 1985,3.8249
04 Nov 1985,3.8286
05 Nov 1985,3.8203
06 Nov 1985,3.819
07 Nov 1985,3.8184
08 Nov 1985,3.8332
11 Nov 1985,3.8303
12 Nov 1985,3.844
13 Nov 1985,3.8568
14 Nov 1985,3.9125
15 Nov 1985,3.8758
18 Nov 1985,3.8816
19 Nov 1985,3.8759
20 Nov 1985,3.8783
21 Nov 1985,3.8857
22 Nov 1985,3.8939
25 Nov 1985,3.9073
26 Nov 1985,3.8681
27 Nov 1985,3.8702
28 Nov 1985,3.8763
29 Nov 1985,3.8955
02 Dec 1985,3.9141
03 Dec 1985,3.9093
04 Dec 1985,3.8932
05 Dec 1985,3.9065
06 Dec 1985,3.915
09 Dec 1985,3.9276
10 Dec 1985,3.9898
11 Dec 1985,4.0303
12 Dec 1985,4.0312
13 Dec 1985,4.0272
16 Dec 1985,4.0096
17 Dec 1985,4.0075
18 Dec 1985,4.0101
19 Dec 1985,4.0157
20 Dec 1985,4.0564
23 Dec 1985,4.0658
24 Dec 1985,4.0757
27 Dec 1985,4.0898
30 Dec 1985,4.1202
31 Dec 1985,4.141
02 Jan 1986,4.1512
03 Jan 1986,4.1507
06 Jan 1986,4.2088
07 Jan 1986,4.2235
08 Jan 1986,4.2548
09 Jan 1986,4.3674
10 Jan 1986,4.3171
13 Jan 1986,4.3518
14 Jan 1986,4.3949
15 Jan 1986,4.3895
16 Jan 1986,4.344
17 Jan 1986,4.3585
20 Jan 1986,4.369
21 Jan 1986,4.3708
22 Jan 1986,4.3473
23 Jan 1986,4.3403
24 Jan 1986,4.2373
27 Jan 1986,4.2103
28 Jan 1986,4.183
29 Jan 1986,4.2384
30 Jan 1986,4.2268
31 Jan 1986,4.2266
03 Feb 1986,4.2279
04 Feb 1986,4.2278
05 Feb 1986,4.2367
06 Feb 1986,4.2226
07 Feb 1986,4.2334
10 Feb 1986,4.2273
11 Feb 1986,4.1972
12 Feb 1986,4.1971
13 Feb 1986,4.1974
14 Feb 1986,4.2067
17 Feb 1986,4.1698
18 Feb 1986,4.1311
19 Feb 1986,4.1061
20 Feb 1986,4.0968
21 Feb 1986,4.0872
24 Feb 1986,3.9914
25 Feb 1986,3.9878
26 Feb 1986,3.9997
27 Feb 1986,3.9793
28 Feb 1986,4.0004
03 Mar 1986,4.0332
04 Mar 1986,4.0336
05 Mar 1986,4.144
06 Mar 1986,4.1489
07 Mar 1986,4.1476
10 Mar 1986,4.1115
11 Mar 1986,4.0933
12 Mar 1986,4.146
13 Mar 1986,4.1389
14 Mar 1986,4.1479
17 Mar 1986,4.1611
18 Mar 1986,4.2044
19 Mar 1986,4.2839
20 Mar 1986,4.3505
21 Mar 1986,4.2314
24 Mar 1986,4.2329
25 Mar 1986,4.2516
26 Mar 1986,4.2249
27 Mar 1986,4.2212
01 Apr 1986,4.167
02 Apr 1986,4.1552
03 Apr 1986,4.1485
04 Apr 1986,4.0625
07 Apr 1986,3.9559
08 Apr 1986,3.9131
09 Apr 1986,3.8853
10 Apr 1986,3.8764
11 Apr 1986,3.9055
14 Apr 1986,3.9056
15 Apr 1986,3.8819
16 Apr 1986,3.8626
17 Apr 1986,3.8443
18 Apr 1986,3.8251
21 Apr 1986,3.746
22 Apr 1986,3.7485
23 Apr 1986,3.7571
24 Apr 1986,3.7412
25 Apr 1986,3.7344
28 Apr 1986,3.7045
29 Apr 1986,3.6543
30 Apr 1986,3.6677
01 May 1986,3.7164
02 May 1986,3.7318
06 May 1986,3.7238
07 May 1986,3.6638
08 May 1986,3.6595
09 May 1986,3.5883
12 May 1986,3.5748
13 May 1986,3.5771
14 May 1986,3.4494
15 May 1986,3.4869
16 May 1986,3.4066
19 May 1986,3.4695
20 May 1986,3.4108
21 May 1986,3.4255
22 May 1986,3.3478
23 May 1986,3.3502
27 May 1986,3.3423
28 May 1986,3.3542
29 May 1986,3.3446
30 May 1986,3.4114
02 Jun 1986,3.3639
03 Jun 1986,3.3435
04 Jun 1986,3.3282
05 Jun 1986,3.3372
06 Jun 1986,3.37
09 Jun 1986,3.3611
10 Jun 1986,3.3581
11 Jun 1986,3.3668
12 Jun 1986,3.4024
13 Jun 1986,3.3908
16 Jun 1986,3.416
17 Jun 1986,3.4352
18 Jun 1986,3.4472
19 Jun 1986,3.4362
20 Jun 1986,3.4549
23 Jun 1986,3.4297
24 Jun 1986,3.4239
25 Jun 1986,3.4463
26 Jun 1986,3.4513
27 Jun 1986,3.5459
30 Jun 1986,3.5409
01 Jul 1986,3.5415
02 Jul 1986,3.5503
03 Jul 1986,3.5844
04 Jul 1986,3.5584
07 Jul 1986,3.5319
08 Jul 1986,3.5147
09 Jul 1986,3.5647
10 Jul 1986,3.5643
11 Jul 1986,3.602
14 Jul 1986,3.6471
15 Jul 1986,3.6347
16 Jul 1986,3.6387
17 Jul 1986,3.6342
18 Jul 1986,3.6749
21 Jul 1986,3.6845
22 Jul 1986,3.6845
23 Jul 1986,3.6485
24 Jul 1986,3.6568
25 Jul 1986,3.651
28 Jul 1986,3.682
29 Jul 1986,3.6618
30 Jul 1986,3.6307
31 Jul 1986,3.6735
01 Aug 1986,3.6698
04 Aug 1986,3.6817
05 Aug 1986,3.6789
06 Aug 1986,3.6942
07 Aug 1986,3.6702
08 Aug 1986,3.6669
11 Aug 1986,3.6602
12 Aug 1986,3.6654
13 Aug 1986,3.662
14 Aug 1986,3.666
15 Aug 1986,3.6665
18 Aug 1986,3.6047
19 Aug 1986,3.6001
20 Aug 1986,3.6209
21 Aug 1986,3.6218
22 Aug 1986,3.6272
26 Aug 1986,3.6267
27 Aug 1986,3.6216
28 Aug 1986,3.613
29 Aug 1986,3.6189
01 Sep 1986,3.626
02 Sep 1986,3.6121
03 Sep 1986,3.5759
04 Sep 1986,3.587
05 Sep 1986,3.6094
08 Sep 1986,3.6238
09 Sep 1986,3.6343
10 Sep 1986,3.6333
11 Sep 1986,3.673
12 Sep 1986,3.7064
15 Sep 1986,3.6858
16 Sep 1986,3.6991
17 Sep 1986,3.7061
18 Sep 1986,3.7468
19 Sep 1986,3.7727
22 Sep 1986,3.7931
23 Sep 1986,3.8184
24 Sep 1986,3.8761
25 Sep 1986,3.8917
26 Sep 1986,3.9134
29 Sep 1986,3.9621
30 Sep 1986,3.9516
01 Oct 1986,3.9303
02 Oct 1986,3.9791
03 Oct 1986,3.9778
06 Oct 1986,3.9786
07 Oct 1986,3.9789
08 Oct 1986,3.9894
09 Oct 1986,4.0085
10 Oct 1986,4.0141
13 Oct 1986,4.0092
14 Oct 1986,4.026
15 Oct 1986,3.9994
16 Oct 1986,4.0118
17 Oct 1986,4.0606
20 Oct 1986,4.1099
21 Oct 1986,4.0929
22 Oct 1986,4.0957
23 Oct 1986,4.0934
24 Oct 1986,4.1129
27 Oct 1986,4.1019
28 Oct 1986,4.1036
29 Oct 1986,4.1185
30 Oct 1986,4.1203
31 Oct 1986,4.097
03 Nov 1986,4.1091
04 Nov 1986,4.1157
05 Nov 1986,4.1419
06 Nov 1986,4.1412
07 Nov 1986,4.1613
10 Nov 1986,4.1756
11 Nov 1986,4.1899
12 Nov 1986,4.219
13 Nov 1986,4.3237
14 Nov 1986,4.2438
17 Nov 1986,4.1757
18 Nov 1986,4.1558
19 Nov 1986,4.1332
20 Nov 1986,4.1317
21 Nov 1986,4.1442
24 Nov 1986,4.1406
25 Nov 1986,4.1379
26 Nov 1986,4.1341
27 Nov 1986,4.1651
28 Nov 1986,4.1371
01 Dec 1986,4.1595
02 Dec 1986,4.1514
03 Dec 1986,4.1473
04 Dec 1986,4.149
05 Dec 1986,4.1345
08 Dec 1986,4.1211
09 Dec 1986,4.1233
10 Dec 1986,4.0958
11 Dec 1986,4.0594
12 Dec 1986,4.0578
15 Dec 1986,4.0877
16 Dec 1986,4.0711
17 Dec 1986,4.0733
18 Dec 1986,4.0005
19 Dec 1986,4.0136
22 Dec 1986,4.0368
23 Dec 1986,4.0439
24 Dec 1986,4.0489
29 Dec 1986,4.0501
30 Dec 1986,4.0643
31 Dec 1986,4.0618
02 Jan 1987,4.04
05 Jan 1987,4.0039
06 Jan 1987,3.9979
07 Jan 1987,3.984
08 Jan 1987,3.9632
09 Jan 1987,3.9725
12 Jan 1987,3.9579
13 Jan 1987,3.9763
14 Jan 1987,3.9836
15 Jan 1987,3.9866
16 Jan 1987,3.9302
19 Jan 1987,3.9822
20 Jan 1987,3.9618
21 Jan 1987,3.9521
22 Jan 1987,3.912
23 Jan 1987,3.8852
26 Jan 1987,3.9517
27 Jan 1987,3.9438
28 Jan 1987,3.94
29 Jan 1987,3.9357
30 Jan 1987,3.9436
02 Feb 1987,3.946
03 Feb 1987,3.9426
04 Feb 1987,3.9174
05 Feb 1987,3.9116
06 Feb 1987,3.8911
09 Feb 1987,3.8588
10 Feb 1987,3.8546
11 Feb 1987,3.8658
12 Feb 1987,3.8237
13 Feb 1987,3.7544
16 Feb 1987,3.6695
17 Feb 1987,3.6366
18 Feb 1987,3.6163
19 Feb 1987,3.5952
20 Feb 1987,3.4888
23 Feb 1987,3.4428
24 Feb 1987,3.4307
25 Feb 1987,3.4538
26 Feb 1987,3.4711
27 Feb 1987,3.4584
02 Mar 1987,3.4545
03 Mar 1987,3.4959
04 Mar 1987,3.4889
05 Mar 1987,3.4671
06 Mar 1987,3.4754
09 Mar 1987,3.4999
10 Mar 1987,3.5076
11 Mar 1987,3.4818
12 Mar 1987,3.4942
13 Mar 1987,3.4781
16 Mar 1987,3.4483
17 Mar 1987,3.4081
18 Mar 1987,3.3741
19 Mar 1987,3.3731
20 Mar 1987,3.3794
23 Mar 1987,3.383
24 Mar 1987,3.4155
25 Mar 1987,3.4237
26 Mar 1987,3.3595
27 Mar 1987,3.3248
30 Mar 1987,3.35
31 Mar 1987,3.374
01 Apr 1987,3.3899
02 Apr 1987,3.3907
03 Apr 1987,3.3356
06 Apr 1987,3.3079
07 Apr 1987,3.3444
08 Apr 1987,3.3629
09 Apr 1987,3.3659
10 Apr 1987,3.445
13 Apr 1987,3.4531
14 Apr 1987,3.5385
15 Apr 1987,3.6028
16 Apr 1987,3.6586
21 Apr 1987,3.6391
22 Apr 1987,3.632
23 Apr 1987,3.6143
24 Apr 1987,3.6178
27 Apr 1987,3.6561
28 Apr 1987,3.7043
29 Apr 1987,3.6729
30 Apr 1987,3.6656
01 May 1987,3.6408
05 May 1987,3.6008
06 May 1987,3.6188
07 May 1987,3.5846
08 May 1987,3.5498
11 May 1987,3.5281
12 May 1987,3.4958
13 May 1987,3.467
14 May 1987,3.478
15 May 1987,3.5184
18 May 1987,3.6069
19 May 1987,3.5799
20 May 1987,3.5938
21 May 1987,3.6378
22 May 1987,3.6522
26 May 1987,3.6686
27 May 1987,3.6784
28 May 1987,3.6556
29 May 1987,3.6343
01 Jun 1987,3.6658
02 Jun 1987,3.6932
03 Jun 1987,3.6867
04 Jun 1987,3.6609
05 Jun 1987,3.6709
08 Jun 1987,3.6528
09 Jun 1987,3.6432
10 Jun 1987,3.6578
11 Jun 1987,3.6893
12 Jun 1987,3.7735
15 Jun 1987,3.8187
16 Jun 1987,3.8469
17 Jun 1987,3.8535
18 Jun 1987,3.8439
19 Jun 1987,3.8422
22 Jun 1987,3.7668
23 Jun 1987,3.8029
24 Jun 1987,3.8771
25 Jun 1987,3.9172
26 Jun 1987,3.8897
29 Jun 1987,3.8921
30 Jun 1987,3.9076
01 Jul 1987,3.9396
02 Jul 1987,3.9525
03 Jul 1987,3.9243
06 Jul 1987,3.9314
07 Jul 1987,3.9248
08 Jul 1987,3.9018
09 Jul 1987,3.8879
10 Jul 1987,3.9085
13 Jul 1987,3.8771
14 Jul 1987,3.8342
15 Jul 1987,3.8147
16 Jul 1987,3.7953
17 Jul 1987,3.7913
20 Jul 1987,3.779
21 Jul 1987,3.7912
22 Jul 1987,3.8101
23 Jul 1987,3.8096
24 Jul 1987,3.801
27 Jul 1987,3.88
28 Jul 1987,3.8399
29 Jul 1987,3.8143
30 Jul 1987,3.8176
31 Jul 1987,3.8403
03 Aug 1987,3.855
04 Aug 1987,3.7921
05 Aug 1987,3.7869
06 Aug 1987,3.9298
07 Aug 1987,3.9859
10 Aug 1987,3.9749
11 Aug 1987,3.9924
12 Aug 1987,3.9896
13 Aug 1987,4.0482
14 Aug 1987,4.0063
17 Aug 1987,3.971
18 Aug 1987,3.9841
19 Aug 1987,4.0142
20 Aug 1987,4.0686
21 Aug 1987,4.0487
24 Aug 1987,4.0024
25 Aug 1987,4.0181
26 Aug 1987,3.9916
27 Aug 1987,3.9354
28 Aug 1987,3.9399
01 Sep 1987,3.9353
02 Sep 1987,3.9157
03 Sep 1987,3.9255
04 Sep 1987,3.9508
07 Sep 1987,3.9689
08 Sep 1987,3.9899
09 Sep 1987,3.9963
10 Sep 1987,4.0021
11 Sep 1987,3.9492
14 Sep 1987,3.9539
15 Sep 1987,3.9362
16 Sep 1987,3.9231
17 Sep 1987,3.9082
18 Sep 1987,3.9093
21 Sep 1987,3.9096
22 Sep 1987,3.9692
23 Sep 1987,3.9783
24 Sep 1987,4.0877
25 Sep 1987,4.1027
28 Sep 1987,4.0661
29 Sep 1987,4.1055
30 Sep 1987,4.1303
01 Oct 1987,4.1379
02 Oct 1987,4.1621
05 Oct 1987,4.1648
06 Oct 1987,4.1844
07 Oct 1987,4.239
08 Oct 1987,4.2785
09 Oct 1987,4.3298
12 Oct 1987,4.3368
13 Oct 1987,4.3355
14 Oct 1987,4.31
15 Oct 1987,4.3896
16 Oct 1987,4.4078
19 Oct 1987,4.5287
20 Oct 1987,4.5389
21 Oct 1987,4.5232
22 Oct 1987,4.4872
23 Oct 1987,4.4023
26 Oct 1987,4.2342
27 Oct 1987,4.3007
28 Oct 1987,4.2514
29 Oct 1987,4.2671
30 Oct 1987,4.3357
02 Nov 1987,4.3716
03 Nov 1987,4.3011
04 Nov 1987,4.1822
05 Nov 1987,4.1055
06 Nov 1987,3.9937
09 Nov 1987,3.7121
10 Nov 1987,3.7095
11 Nov 1987,3.7654
12 Nov 1987,3.8069
13 Nov 1987,3.8312
16 Nov 1987,3.7882
17 Nov 1987,3.7665
18 Nov 1987,3.7671
19 Nov 1987,3.7491
20 Nov 1987,3.755
23 Nov 1987,3.7087
24 Nov 1987,3.7452
25 Nov 1987,3.7499
26 Nov 1987,3.7301
27 Nov 1987,3.7153
30 Nov 1987,3.6699
01 Dec 1987,3.624
02 Dec 1987,3.6397
03 Dec 1987,3.5955
04 Dec 1987,3.5726
07 Dec 1987,3.6035
08 Dec 1987,3.6571
09 Dec 1987,3.6542
10 Dec 1987,3.6662
11 Dec 1987,3.6792
14 Dec 1987,3.7587
15 Dec 1987,3.8006
16 Dec 1987,3.8098
17 Dec 1987,3.755
18 Dec 1987,3.7701
21 Dec 1987,3.7371
22 Dec 1987,3.7593
23 Dec 1987,3.7538
24 Dec 1987,3.7312
29 Dec 1987,3.7317
30 Dec 1987,3.76
31 Dec 1987,3.7552
04 Jan 1988,3.7817
05 Jan 1988,3.8082
06 Jan 1988,3.8471
07 Jan 1988,3.8735
08 Jan 1988,3.9806
11 Jan 1988,3.9669
12 Jan 1988,3.9907
13 Jan 1988,4.0314
14 Jan 1988,3.9831
15 Jan 1988,4.0298
18 Jan 1988,3.9508
19 Jan 1988,4.0064
20 Jan 1988,3.9596
21 Jan 1988,3.9531
22 Jan 1988,3.944
25 Jan 1988,3.9167
26 Jan 1988,3.9248
27 Jan 1988,3.913
28 Jan 1988,3.8787
29 Jan 1988,3.8765
01 Feb 1988,3.8677
02 Feb 1988,3.8322
03 Feb 1988,3.815
04 Feb 1988,3.8047
05 Feb 1988,3.7917
08 Feb 1988,3.8102
09 Feb 1988,3.786
10 Feb 1988,3.7801
11 Feb 1988,3.7809
12 Feb 1988,3.7912
15 Feb 1988,3.7771
16 Feb 1988,3.7728
17 Feb 1988,3.7752
18 Feb 1988,3.7682
19 Feb 1988,3.7486
22 Feb 1988,3.7584
23 Feb 1988,3.7533
24 Feb 1988,3.7533
25 Feb 1988,3.7607
26 Feb 1988,3.7442
29 Feb 1988,3.7381
01 Mar 1988,3.732
02 Mar 1988,3.7186
03 Mar 1988,3.7091
04 Mar 1988,3.7156
07 Mar 1988,3.6876
08 Mar 1988,3.6955
09 Mar 1988,3.6952
10 Mar 1988,3.6844
11 Mar 1988,3.6803
14 Mar 1988,3.6745
15 Mar 1988,3.6768
16 Mar 1988,3.7036
17 Mar 1988,3.6946
18 Mar 1988,3.6789
21 Mar 1988,3.6859
22 Mar 1988,3.6728
23 Mar 1988,3.6693
24 Mar 1988,3.6843
25 Mar 1988,3.687
28 Mar 1988,3.689
29 Mar 1988,3.6732
30 Mar 1988,3.613
31 Mar 1988,3.4842
05 Apr 1988,3.4427
06 Apr 1988,3.478
07 Apr 1988,3.4891
08 Apr 1988,3.3842
11 Apr 1988,3.3657
12 Apr 1988,3.3667
13 Apr 1988,3.3422
14 Apr 1988,3.3625
15 Apr 1988,3.3474
18 Apr 1988,3.3497
19 Apr 1988,3.3588
20 Apr 1988,3.3635
21 Apr 1988,3.3948
22 Apr 1988,3.4698
25 Apr 1988,3.5266
26 Apr 1988,3.4972
27 Apr 1988,3.4625
28 Apr 1988,3.4633
29 Apr 1988,3.4415
03 May 1988,3.4726
04 May 1988,3.4638
05 May 1988,3.4342
06 May 1988,3.4535
09 May 1988,3.4504
10 May 1988,3.4594
11 May 1988,3.4811
12 May 1988,3.4685
13 May 1988,3.4373
16 May 1988,3.4396
17 May 1988,3.4195
18 May 1988,3.4085
19 May 1988,3.3821
20 May 1988,3.328
23 May 1988,3.4278
24 May 1988,3.4049
25 May 1988,3.4159
26 May 1988,3.4186
27 May 1988,3.4867
31 May 1988,3.5308
01 Jun 1988,3.5689
02 Jun 1988,3.5754
03 Jun 1988,3.5589
06 Jun 1988,3.5249
07 Jun 1988,3.4968
08 Jun 1988,3.4821
09 Jun 1988,3.4694
10 Jun 1988,3.4754
13 Jun 1988,3.4728
14 Jun 1988,3.4676
15 Jun 1988,3.4563
16 Jun 1988,3.4609
17 Jun 1988,3.4567
20 Jun 1988,3.4504
21 Jun 1988,3.4526
22 Jun 1988,3.453
23 Jun 1988,3.4833
24 Jun 1988,3.5231
27 Jun 1988,3.5301
28 Jun 1988,3.5168
29 Jun 1988,3.5016
30 Jun 1988,3.4894
01 Jul 1988,3.4781
04 Jul 1988,3.4786
05 Jul 1988,3.4873
06 Jul 1988,3.5039
07 Jul 1988,3.5115
08 Jul 1988,3.5403
11 Jul 1988,3.5358
12 Jul 1988,3.5117
13 Jul 1988,3.5351
14 Jul 1988,3.5544
15 Jul 1988,3.5766
18 Jul 1988,3.5873
19 Jul 1988,3.5547
20 Jul 1988,3.5659
21 Jul 1988,3.5874
22 Jul 1988,3.5723
25 Jul 1988,3.5723
26 Jul 1988,3.5802
27 Jul 1988,3.5819
28 Jul 1988,3.567
29 Jul 1988,3.574
01 Aug 1988,3.5735
02 Aug 1988,3.5806
03 Aug 1988,3.5821
04 Aug 1988,3.5881
05 Aug 1988,3.5829
08 Aug 1988,3.6066
09 Aug 1988,3.6274
10 Aug 1988,3.6498
11 Aug 1988,3.66
12 Aug 1988,3.6534
15 Aug 1988,3.6754
16 Aug 1988,3.6742
17 Aug 1988,3.6668
18 Aug 1988,3.6434
19 Aug 1988,3.6139
22 Aug 1988,3.6038
23 Aug 1988,3.6184
24 Aug 1988,3.6435
25 Aug 1988,3.6641
26 Aug 1988,3.705
30 Aug 1988,3.7089
31 Aug 1988,3.7305
01 Sep 1988,3.7309
02 Sep 1988,3.7359
05 Sep 1988,3.7344
06 Sep 1988,3.7366
07 Sep 1988,3.7451
08 Sep 1988,3.7962
09 Sep 1988,3.8091
12 Sep 1988,3.789
13 Sep 1988,3.7761
14 Sep 1988,3.757
15 Sep 1988,3.7432
16 Sep 1988,3.7282
19 Sep 1988,3.7885
20 Sep 1988,3.764
21 Sep 1988,3.7741
22 Sep 1988,3.7754
23 Sep 1988,3.7671
26 Sep 1988,3.7723
27 Sep 1988,3.7685
28 Sep 1988,3.7655
29 Sep 1988,3.7866
30 Sep 1988,3.7903
03 Oct 1988,3.7922
04 Oct 1988,3.7867
05 Oct 1988,3.7362
06 Oct 1988,3.7077
07 Oct 1988,3.6703
10 Oct 1988,3.6559
11 Oct 1988,3.6709
12 Oct 1988,3.6678
13 Oct 1988,3.682
14 Oct 1988,3.6173
17 Oct 1988,3.5852
18 Oct 1988,3.5181
19 Oct 1988,3.5288
20 Oct 1988,3.5375
21 Oct 1988,3.4326
24 Oct 1988,3.4915
25 Oct 1988,3.4926
26 Oct 1988,3.4898
27 Oct 1988,3.4907
28 Oct 1988,3.48
31 Oct 1988,3.4527
01 Nov 1988,3.4378
02 Nov 1988,3.4532
03 Nov 1988,3.4272
04 Nov 1988,3.4103
07 Nov 1988,3.4185
08 Nov 1988,3.4195
09 Nov 1988,3.4547
10 Nov 1988,3.476
11 Nov 1988,3.5018
14 Nov 1988,3.5046
15 Nov 1988,3.5198
16 Nov 1988,3.5331
17 Nov 1988,3.5638
18 Nov 1988,3.573
21 Nov 1988,3.6386
22 Nov 1988,3.6624
23 Nov 1988,3.6519
24 Nov 1988,3.6314
25 Nov 1988,3.6921
28 Nov 1988,3.7172
29 Nov 1988,3.7071
30 Nov 1988,3.6756
01 Dec 1988,3.6773
02 Dec 1988,3.6891
05 Dec 1988,3.6705
06 Dec 1988,3.6804
07 Dec 1988,3.6755
08 Dec 1988,3.7041
09 Dec 1988,3.733
12 Dec 1988,3.7337
13 Dec 1988,3.7527
14 Dec 1988,3.7759
15 Dec 1988,3.7744
16 Dec 1988,3.7799
19 Dec 1988,3.7674
20 Dec 1988,3.7774
21 Dec 1988,3.7913
22 Dec 1988,3.7686
23 Dec 1988,3.7732
28 Dec 1988,3.7877
29 Dec 1988,3.7932
30 Dec 1988,3.8067
03 Jan 1989,3.8148
04 Jan 1989,3.8057
05 Jan 1989,3.8029
06 Jan 1989,3.7799
09 Jan 1989,3.7566
10 Jan 1989,3.7613
11 Jan 1989,3.7628
12 Jan 1989,3.7776
13 Jan 1989,3.7788
16 Jan 1989,3.7585
17 Jan 1989,3.7644
18 Jan 1989,3.7831
19 Jan 1989,3.7835
20 Jan 1989,3.7743
23 Jan 1989,3.7348
24 Jan 1989,3.7396
25 Jan 1989,3.7225
26 Jan 1989,3.737
27 Jan 1989,3.7083
30 Jan 1989,3.7014
31 Jan 1989,3.6933
01 Feb 1989,3.6782
02 Feb 1989,3.6583
03 Feb 1989,3.6125
06 Feb 1989,3.5885
07 Feb 1989,3.5973
08 Feb 1989,3.5755
09 Feb 1989,3.5736
10 Feb 1989,3.594
13 Feb 1989,3.6096
14 Feb 1989,3.5897
15 Feb 1989,3.5624
16 Feb 1989,3.5154
17 Feb 1989,3.4965
20 Feb 1989,3.462
21 Feb 1989,3.4883
22 Feb 1989,3.5222
23 Feb 1989,3.4952
24 Feb 1989,3.5129
27 Feb 1989,3.5499
28 Feb 1989,3.5035
01 Mar 1989,3.5036
02 Mar 1989,3.4665
03 Mar 1989,3.4692
06 Mar 1989,3.4541
07 Mar 1989,3.4699
08 Mar 1989,3.4463
09 Mar 1989,3.4255
10 Mar 1989,3.4432
13 Mar 1989,3.4366
14 Mar 1989,3.435
15 Mar 1989,3.4965
16 Mar 1989,3.4787
17 Mar 1989,3.4991
20 Mar 1989,3.4913
21 Mar 1989,3.4669
22 Mar 1989,3.4593
23 Mar 1989,3.4787
28 Mar 1989,3.5058
29 Mar 1989,3.5085
30 Mar 1989,3.5206
31 Mar 1989,3.5316
03 Apr 1989,3.5594
04 Apr 1989,3.553
05 Apr 1989,3.5671
06 Apr 1989,3.5583
07 Apr 1989,3.6117
10 Apr 1989,3.6032
11 Apr 1989,3.6102
12 Apr 1989,3.6146
13 Apr 1989,3.6421
14 Apr 1989,3.6502
17 Apr 1989,3.6313
18 Apr 1989,3.6249
19 Apr 1989,3.6205
20 Apr 1989,3.6517
21 Apr 1989,3.6914
24 Apr 1989,3.6886
25 Apr 1989,3.6788
26 Apr 1989,3.663
27 Apr 1989,3.6692
28 Apr 1989,3.6481
02 May 1989,3.6487
03 May 1989,3.6289
04 May 1989,3.5729
05 May 1989,3.5846
08 May 1989,3.5735
09 May 1989,3.5889
10 May 1989,3.5897
11 May 1989,3.5774
12 May 1989,3.5717
15 May 1989,3.5737
16 May 1989,3.5572
17 May 1989,3.5541
18 May 1989,3.5664
19 May 1989,3.56
22 May 1989,3.7049
23 May 1989,3.7078
24 May 1989,3.7165
25 May 1989,3.7114
26 May 1989,3.7375
30 May 1989,3.7512
31 May 1989,3.7609
01 Jun 1989,3.7643
02 Jun 1989,3.8222
05 Jun 1989,3.8428
06 Jun 1989,3.8357
07 Jun 1989,3.823
08 Jun 1989,3.7991
09 Jun 1989,3.8254
12 Jun 1989,3.8262
13 Jun 1989,3.8515
14 Jun 1989,3.8496
15 Jun 1989,3.8436
16 Jun 1989,3.8265
19 Jun 1989,3.8126
20 Jun 1989,3.8091
21 Jun 1989,3.8229
22 Jun 1989,3.8182
23 Jun 1989,3.8255
26 Jun 1989,3.8278
27 Jun 1989,3.7787
28 Jun 1989,3.7406
29 Jun 1989,3.7555
30 Jun 1989,3.7552
03 Jul 1989,3.7186
04 Jul 1989,3.7017
05 Jul 1989,3.6818
06 Jul 1989,3.6819
07 Jul 1989,3.6617
10 Jul 1989,3.6573
11 Jul 1989,3.6359
12 Jul 1989,3.6209
13 Jul 1989,3.5984
14 Jul 1989,3.5798
17 Jul 1989,3.5281
18 Jul 1989,3.5312
19 Jul 1989,3.5322
20 Jul 1989,3.5135
21 Jul 1989,3.5152
24 Jul 1989,3.5192
25 Jul 1989,3.4961
26 Jul 1989,3.4602
27 Jul 1989,3.436
28 Jul 1989,3.4351
31 Jul 1989,3.4053
01 Aug 1989,3.4327
02 Aug 1989,3.4406
03 Aug 1989,3.4471
04 Aug 1989,3.4509
07 Aug 1989,3.4628
08 Aug 1989,3.4107
09 Aug 1989,3.3928
10 Aug 1989,3.369
11 Aug 1989,3.3784
14 Aug 1989,3.3731
15 Aug 1989,3.3949
16 Aug 1989,3.3917
17 Aug 1989,3.3807
18 Aug 1989,3.3548
21 Aug 1989,3.2884
22 Aug 1989,3.2936
23 Aug 1989,3.3259
24 Aug 1989,3.3219
25 Aug 1989,3.3182
29 Aug 1989,3.3234
30 Aug 1989,3.3176
31 Aug 1989,3.3524
01 Sep 1989,3.3697
04 Sep 1989,3.377
05 Sep 1989,3.3959
06 Sep 1989,3.4121
07 Sep 1989,3.409
08 Sep 1989,3.4128
11 Sep 1989,3.4181
12 Sep 1989,3.423
13 Sep 1989,3.4314
14 Sep 1989,3.4405
15 Sep 1989,3.4468
18 Sep 1989,3.3998
19 Sep 1989,3.4098
20 Sep 1989,3.4135
21 Sep 1989,3.4396
22 Sep 1989,3.4477
25 Sep 1989,3.4496
26 Sep 1989,3.4868
27 Sep 1989,3.5116
28 Sep 1989,3.5307
29 Sep 1989,3.549
02 Oct 1989,3.5495
03 Oct 1989,3.5521
04 Oct 1989,3.5963
05 Oct 1989,3.6057
06 Oct 1989,3.5929
09 Oct 1989,3.6203
10 Oct 1989,3.6262
11 Oct 1989,3.6381
12 Oct 1989,3.6563
13 Oct 1989,3.6724
16 Oct 1989,3.595
17 Oct 1989,3.6063
18 Oct 1989,3.6411
19 Oct 1989,3.6661
20 Oct 1989,3.6715
23 Oct 1989,3.675
24 Oct 1989,3.6292
25 Oct 1989,3.573
26 Oct 1989,3.5526
27 Oct 1989,3.5784
30 Oct 1989,3.5549
31 Oct 1989,3.5372
01 Nov 1989,3.5481
02 Nov 1989,3.5677
03 Nov 1989,3.5742
06 Nov 1989,3.5735
07 Nov 1989,3.5724
08 Nov 1989,3.5522
09 Nov 1989,3.5478
10 Nov 1989,3.5087
13 Nov 1989,3.4695
14 Nov 1989,3.4888
15 Nov 1989,3.4937
16 Nov 1989,3.4927
17 Nov 1989,3.519
20 Nov 1989,3.5582
21 Nov 1989,3.5403
22 Nov 1989,3.5525
23 Nov 1989,3.5659
24 Nov 1989,3.5738
27 Nov 1989,3.6077
28 Nov 1989,3.6015
29 Nov 1989,3.6072
30 Nov 1989,3.6023
01 Dec 1989,3.5995
04 Dec 1989,3.5732
05 Dec 1989,3.5741
06 Dec 1989,3.5922
07 Dec 1989,3.5807
08 Dec 1989,3.559
11 Dec 1989,3.5131
12 Dec 1989,3.5317
13 Dec 1989,3.5358
14 Dec 1989,3.5118
15 Dec 1989,3.5083
18 Dec 1989,3.5351
19 Dec 1989,3.5172
20 Dec 1989,3.507
21 Dec 1989,3.535
22 Dec 1989,3.5315
27 Dec 1989,3.5406
28 Dec 1989,3.5329
29 Dec 1989,3.5345
02 Jan 1990,3.5373
03 Jan 1990,3.5306
04 Jan 1990,3.5283
05 Jan 1990,3.5232
08 Jan 1990,3.5633
09 Jan 1990,3.5708
10 Jan 1990,3.5703
11 Jan 1990,3.557
12 Jan 1990,3.5514
15 Jan 1990,3.5911
16 Jan 1990,3.6139
17 Jan 1990,3.6622
18 Jan 1990,3.6914
19 Jan 1990,3.7067
22 Jan 1990,3.691
23 Jan 1990,3.7051
24 Jan 1990,3.7217
25 Jan 1990,3.7191
26 Jan 1990,3.7054
29 Jan 1990,3.6983
30 Jan 1990,3.6947
31 Jan 1990,3.6851
01 Feb 1990,3.6602
02 Feb 1990,3.683
05 Feb 1990,3.7194
06 Feb 1990,3.7333
07 Feb 1990,3.7553
08 Feb 1990,3.7394
09 Feb 1990,3.7691
12 Feb 1990,3.7963
13 Feb 1990,3.8197
14 Feb 1990,3.8479
15 Feb 1990,3.8869
16 Feb 1990,3.9211
19 Feb 1990,3.9798
20 Feb 1990,4.0241
21 Feb 1990,4.0152
22 Feb 1990,4.0049
23 Feb 1990,3.9671
26 Feb 1990,3.9357
27 Feb 1990,3.922
28 Feb 1990,3.9674
01 Mar 1990,3.9728
02 Mar 1990,3.9715
05 Mar 1990,4.003
06 Mar 1990,4.0512
07 Mar 1990,4.0687
08 Mar 1990,4.0693
09 Mar 1990,4.0989
12 Mar 1990,4.119
13 Mar 1990,4.1223
14 Mar 1990,4.1178
15 Mar 1990,4.1328
16 Mar 1990,4.1251
19 Mar 1990,4.1566
20 Mar 1990,4.1545
21 Mar 1990,4.1669
22 Mar 1990,4.1652
23 Mar 1990,4.1521
26 Mar 1990,4.1265
27 Mar 1990,4.1243
28 Mar 1990,4.1235
29 Mar 1990,4.1248
30 Mar 1990,4.1319
02 Apr 1990,4.127
03 Apr 1990,4.1249
04 Apr 1990,4.1072
05 Apr 1990,4.088
06 Apr 1990,4.0812
09 Apr 1990,4.0672
10 Apr 1990,4.0816
11 Apr 1990,4.0926
12 Apr 1990,4.1436
17 Apr 1990,4.1701
18 Apr 1990,4.1797
19 Apr 1990,4.1918
20 Apr 1990,4.1831
23 Apr 1990,4.1896
24 Apr 1990,4.1928
25 Apr 1990,4.2053
26 Apr 1990,4.2215
27 Apr 1990,4.2478
30 Apr 1990,4.261
01 May 1990,4.2509
02 May 1990,4.2349
03 May 1990,4.1087
04 May 1990,4.0578
08 May 1990,4.0495
09 May 1990,4.0553
10 May 1990,4.068
11 May 1990,4.2776
14 May 1990,4.2717
15 May 1990,4.2788
16 May 1990,4.2655
17 May 1990,4.1491
18 May 1990,4.1334
21 May 1990,4.1017
22 May 1990,4.0887
23 May 1990,4.1099
24 May 1990,4.1432
25 May 1990,4.1756
29 May 1990,4.2228
30 May 1990,4.1944
31 May 1990,4.2072
01 Jun 1990,4.1587
04 Jun 1990,4.1351
05 Jun 1990,4.1396
06 Jun 1990,4.1508
07 Jun 1990,4.1449
08 Jun 1990,4.1496
11 Jun 1990,4.1634
12 Jun 1990,4.1472
13 Jun 1990,4.1334
14 Jun 1990,4.1262
15 Jun 1990,4.1396
18 Jun 1990,4.1795
19 Jun 1990,4.1951
20 Jun 1990,4.1611
21 Jun 1990,4.1897
22 Jun 1990,4.1907
25 Jun 1990,4.182
26 Jun 1990,4.1909
27 Jun 1990,4.2214
28 Jun 1990,4.2463
29 Jun 1990,4.2359
02 Jul 1990,4.2419
03 Jul 1990,4.2705
04 Jul 1990,4.2684
05 Jul 1990,4.274
06 Jul 1990,4.2935
09 Jul 1990,4.3213
10 Jul 1990,4.3303
11 Jul 1990,4.378
12 Jul 1990,4.3859
13 Jul 1990,4.3905
16 Jul 1990,4.3439
17 Jul 1990,4.3581
18 Jul 1990,4.3791
19 Jul 1990,4.4198
20 Jul 1990,4.3831
23 Jul 1990,4.3687
24 Jul 1990,4.3929
25 Jul 1990,4.4231
26 Jul 1990,4.3742
27 Jul 1990,4.3645
30 Jul 1990,4.3528
31 Jul 1990,4.3568
01 Aug 1990,4.336
02 Aug 1990,4.322
03 Aug 1990,4.2702
06 Aug 1990,4.2595
07 Aug 1990,4.2712
08 Aug 1990,4.2678
09 Aug 1990,4.2691
10 Aug 1990,4.2532
13 Aug 1990,4.2602
14 Aug 1990,4.2635
15 Aug 1990,4.2643
16 Aug 1990,4.2544
17 Aug 1990,4.2651
20 Aug 1990,4.2075
21 Aug 1990,4.1911
22 Aug 1990,4.2088
23 Aug 1990,4.215
24 Aug 1990,4.2462
28 Aug 1990,4.2386
29 Aug 1990,4.2548
30 Aug 1990,4.3088
31 Aug 1990,4.2822
03 Sep 1990,4.3041
04 Sep 1990,4.2901
05 Sep 1990,4.3028
06 Sep 1990,4.3011
07 Sep 1990,4.3188
10 Sep 1990,4.3188
11 Sep 1990,4.2966
12 Sep 1990,4.303
13 Sep 1990,4.2904
14 Sep 1990,4.2793
17 Sep 1990,4.2982
18 Sep 1990,4.2921
19 Sep 1990,4.2974
20 Sep 1990,4.2865
21 Sep 1990,4.2923
24 Sep 1990,4.3104
25 Sep 1990,4.3096
26 Sep 1990,4.3417
27 Sep 1990,4.3728
28 Sep 1990,4.345
01 Oct 1990,4.3358
02 Oct 1990,4.3311
03 Oct 1990,4.3332
04 Oct 1990,4.3049
05 Oct 1990,4.2015
08 Oct 1990,4.2604
09 Oct 1990,4.284
10 Oct 1990,4.2858
11 Oct 1990,4.3083
12 Oct 1990,4.3192
15 Oct 1990,4.3404
16 Oct 1990,4.3371
17 Oct 1990,4.3378
18 Oct 1990,4.3474
19 Oct 1990,4.3245
22 Oct 1990,4.3231
23 Oct 1990,4.323
24 Oct 1990,4.3243
25 Oct 1990,4.2963
26 Oct 1990,4.2996
29 Oct 1990,4.2886
30 Oct 1990,4.2439
31 Oct 1990,4.2168
01 Nov 1990,4.2281
02 Nov 1990,4.1776
05 Nov 1990,4.1516
06 Nov 1990,4.1507
07 Nov 1990,4.1136
08 Nov 1990,4.1167
09 Nov 1990,4.1158
12 Nov 1990,4.1166
13 Nov 1990,4.0738
14 Nov 1990,4.0695
15 Nov 1990,4.0558
16 Nov 1990,4.0519
19 Nov 1990,4.0043
20 Nov 1990,3.9801
21 Nov 1990,3.9719
22 Nov 1990,3.9538
23 Nov 1990,3.9135
26 Nov 1990,3.9008
27 Nov 1990,3.902
28 Nov 1990,3.9718
29 Nov 1990,3.9728
30 Nov 1990,4.0088
03 Dec 1990,4.0289
04 Dec 1990,4.0267
05 Dec 1990,4.0327
06 Dec 1990,4.0279
07 Dec 1990,3.9956
10 Dec 1990,3.9974
11 Dec 1990,4.0491
12 Dec 1990,4.0454
13 Dec 1990,4.0653
14 Dec 1990,4.0751
17 Dec 1990,3.9937
18 Dec 1990,4.0452
19 Dec 1990,4.0538
20 Dec 1990,4.0606
21 Dec 1990,4.0483
24 Dec 1990,4.0715
27 Dec 1990,4.079
28 Dec 1990,4.0866
31 Dec 1990,4.0902
02 Jan 1991,4.1119
03 Jan 1991,4.0856
04 Jan 1991,4.0995
07 Jan 1991,4.1087
08 Jan 1991,4.1056
09 Jan 1991,4.1092
10 Jan 1991,4.1125
11 Jan 1991,4.1221
14 Jan 1991,4.0986
15 Jan 1991,4.0991
16 Jan 1991,4.1232
17 Jan 1991,4.1343
18 Jan 1991,4.1506
21 Jan 1991,4.0466
22 Jan 1991,4.0481
23 Jan 1991,4.0451
24 Jan 1991,4.0637
25 Jan 1991,4.0574
28 Jan 1991,4.0878
29 Jan 1991,4.0912
30 Jan 1991,4.096
31 Jan 1991,4.1033
01 Feb 1991,4.1135
04 Feb 1991,4.143
05 Feb 1991,4.1841
06 Feb 1991,4.2035
07 Feb 1991,4.1897
08 Feb 1991,4.1999
11 Feb 1991,4.1969
12 Feb 1991,4.1783
13 Feb 1991,4.1282
14 Feb 1991,4.0999
15 Feb 1991,4.0953
18 Feb 1991,4.0293
19 Feb 1991,4.0276
20 Feb 1991,4.0403
21 Feb 1991,4.0541
22 Feb 1991,4.0881
25 Feb 1991,4.0967
26 Feb 1991,4.1116
27 Feb 1991,4.116
28 Feb 1991,4.1033
01 Mar 1991,4.1048
04 Mar 1991,4.1078
05 Mar 1991,4.0883
06 Mar 1991,4.0792
07 Mar 1991,4.0601
08 Mar 1991,4.0816
11 Mar 1991,4.0736
12 Mar 1991,4.0917
13 Mar 1991,4.0987
14 Mar 1991,4.1153
15 Mar 1991,4.1239
18 Mar 1991,4.1369
19 Mar 1991,4.1575
20 Mar 1991,4.1614
21 Mar 1991,4.126
22 Mar 1991,4.1339
25 Mar 1991,4.1186
26 Mar 1991,4.1097
27 Mar 1991,4.1068
28 Mar 1991,4.0752
02 Apr 1991,4.0614
03 Apr 1991,4.0499
04 Apr 1991,4.0407
05 Apr 1991,4.0501
08 Apr 1991,4.0501
09 Apr 1991,4.0457
10 Apr 1991,4.0438
11 Apr 1991,4.0442
12 Apr 1991,4.0422
15 Apr 1991,4.013
16 Apr 1991,4.0059
17 Apr 1991,4.0104
18 Apr 1991,3.9929
19 Apr 1991,4.0189
22 Apr 1991,4.0252
23 Apr 1991,4.0321
24 Apr 1991,4.0388
25 Apr 1991,4.0386
26 Apr 1991,4.0374
29 Apr 1991,4.0444
30 Apr 1991,4.063
01 May 1991,4.0536
02 May 1991,4.038
03 May 1991,4.0003
07 May 1991,4.0058
08 May 1991,4.0026
09 May 1991,4.0079
10 May 1991,4.0176
13 May 1991,4.018
14 May 1991,4.0225
15 May 1991,4.0481
16 May 1991,4.039
17 May 1991,4.0529
20 May 1991,4.1064
21 May 1991,4.098
22 May 1991,4.0823
23 May 1991,4.0845
24 May 1991,4.0683
28 May 1991,4.0573
29 May 1991,4.0526
30 May 1991,4.0672
31 May 1991,4.0929
03 Jun 1991,4.0984
04 Jun 1991,4.1044
05 Jun 1991,4.1199
06 Jun 1991,4.1278
07 Jun 1991,4.1342
10 Jun 1991,4.138
11 Jun 1991,4.1532
12 Jun 1991,4.1731
13 Jun 1991,4.1796
14 Jun 1991,4.1778
17 Jun 1991,4.1704
18 Jun 1991,4.1757
19 Jun 1991,4.1985
20 Jun 1991,4.2109
21 Jun 1991,4.2071
24 Jun 1991,4.2031
25 Jun 1991,4.2122
26 Jun 1991,4.2195
27 Jun 1991,4.2264
28 Jun 1991,4.2444
01 Jul 1991,4.2375
02 Jul 1991,4.2417
03 Jul 1991,4.2367
04 Jul 1991,4.2308
05 Jul 1991,4.2255
08 Jul 1991,4.2231
09 Jul 1991,4.2277
10 Jul 1991,4.2265
11 Jul 1991,4.2326
12 Jul 1991,4.2833
15 Jul 1991,4.3056
16 Jul 1991,4.2984
17 Jul 1991,4.2888
18 Jul 1991,4.2565
19 Jul 1991,4.2869
22 Jul 1991,4.2759
23 Jul 1991,4.2963
24 Jul 1991,4.3005
25 Jul 1991,4.2992
26 Jul 1991,4.3022
29 Jul 1991,4.3081
30 Jul 1991,4.3201
31 Jul 1991,4.3351
01 Aug 1991,4.3482
02 Aug 1991,4.3554
05 Aug 1991,4.3397
06 Aug 1991,4.3364
07 Aug 1991,4.3351
08 Aug 1991,4.3355
09 Aug 1991,4.3294
12 Aug 1991,4.3337
13 Aug 1991,4.3511
14 Aug 1991,4.353
15 Aug 1991,4.3596
16 Aug 1991,4.3791
19 Aug 1991,4.2995
20 Aug 1991,4.2887
21 Aug 1991,4.2996
22 Aug 1991,4.3012
23 Aug 1991,4.2957
27 Aug 1991,4.2649
28 Aug 1991,4.2514
29 Aug 1991,4.2469
30 Aug 1991,4.2428
02 Sep 1991,4.2184
03 Sep 1991,4.2028
04 Sep 1991,4.1576
05 Sep 1991,4.1671
06 Sep 1991,4.17
09 Sep 1991,4.1366
10 Sep 1991,4.1292
11 Sep 1991,4.1388
12 Sep 1991,4.1404
13 Sep 1991,4.1551
16 Sep 1991,4.1463
17 Sep 1991,4.1581
18 Sep 1991,4.1452
19 Sep 1991,4.1521
20 Sep 1991,4.1531
23 Sep 1991,4.1608
24 Sep 1991,4.1658
25 Sep 1991,4.162
26 Sep 1991,4.1569
27 Sep 1991,4.1341
30 Sep 1991,4.1435
01 Oct 1991,4.1592
02 Oct 1991,4.155
03 Oct 1991,4.158
04 Oct 1991,4.1526
07 Oct 1991,4.1473
08 Oct 1991,4.1608
09 Oct 1991,4.1641
10 Oct 1991,4.1429
11 Oct 1991,4.1294
14 Oct 1991,4.1197
15 Oct 1991,4.1183
16 Oct 1991,4.1202
17 Oct 1991,4.1325
18 Oct 1991,4.1209
21 Oct 1991,4.135
22 Oct 1991,4.136
23 Oct 1991,4.1352
24 Oct 1991,4.1382
25 Oct 1991,4.1494
28 Oct 1991,4.1514
29 Oct 1991,4.1407
30 Oct 1991,4.1497
31 Oct 1991,4.1525
01 Nov 1991,4.1524
04 Nov 1991,4.1557
05 Nov 1991,4.1543
06 Nov 1991,4.1577
07 Nov 1991,4.1523
08 Nov 1991,4.1694
11 Nov 1991,4.1659
12 Nov 1991,4.1638
13 Nov 1991,4.1656
14 Nov 1991,4.1686
15 Nov 1991,4.1752
18 Nov 1991,4.1682
19 Nov 1991,4.1584
20 Nov 1991,4.1524
21 Nov 1991,4.1566
22 Nov 1991,4.1831
25 Nov 1991,4.1935
26 Nov 1991,4.1971
27 Nov 1991,4.1976
28 Nov 1991,4.2146
29 Nov 1991,4.2258
02 Dec 1991,4.2467
03 Dec 1991,4.263
04 Dec 1991,4.2715
05 Dec 1991,4.2642
06 Dec 1991,4.2719
09 Dec 1991,4.2759
10 Dec 1991,4.2915
11 Dec 1991,4.293
12 Dec 1991,4.3055
13 Dec 1991,4.2971
16 Dec 1991,4.3147
17 Dec 1991,4.3269
18 Dec 1991,4.3358
19 Dec 1991,4.3587
20 Dec 1991,4.3732
23 Dec 1991,4.3932
24 Dec 1991,4.4018
27 Dec 1991,4.4064
30 Dec 1991,4.4137
31 Dec 1991,4.4241
02 Jan 1992,4.4124
03 Jan 1992,4.3932
06 Jan 1992,4.3756
07 Jan 1992,4.3498
08 Jan 1992,4.3078
09 Jan 1992,4.3041
10 Jan 1992,4.3123
13 Jan 1992,4.3355
14 Jan 1992,4.3094
15 Jan 1992,4.2994
16 Jan 1992,4.3033
17 Jan 1992,4.2922
20 Jan 1992,4.2552
21 Jan 1992,4.2643
22 Jan 1992,4.2672
23 Jan 1992,4.2526
24 Jan 1992,4.2335
27 Jan 1992,4.2322
28 Jan 1992,4.2412
29 Jan 1992,4.234
30 Jan 1992,4.2295
31 Jan 1992,4.2399
03 Feb 1992,4.2419
04 Feb 1992,4.243
05 Feb 1992,4.2444
06 Feb 1992,4.2406
07 Feb 1992,4.2159
10 Feb 1992,4.2106
11 Feb 1992,4.209
12 Feb 1992,4.2134
13 Feb 1992,4.2174
14 Feb 1992,4.2441
17 Feb 1992,4.1927
18 Feb 1992,4.19
19 Feb 1992,4.2005
20 Feb 1992,4.204
21 Feb 1992,4.2213
24 Feb 1992,4.2223
25 Feb 1992,4.2287
26 Feb 1992,4.1973
27 Feb 1992,4.1884
28 Feb 1992,4.2005
02 Mar 1992,4.1976
03 Mar 1992,4.1798
04 Mar 1992,4.1725
05 Mar 1992,4.2022
06 Mar 1992,4.2179
09 Mar 1992,4.2181
10 Mar 1992,4.2203
11 Mar 1992,4.2668
12 Mar 1992,4.3045
13 Mar 1992,4.3475
16 Mar 1992,4.3572
17 Mar 1992,4.3452
18 Mar 1992,4.3522
19 Mar 1992,4.3683
20 Mar 1992,4.3934
23 Mar 1992,4.4174
24 Mar 1992,4.4181
25 Mar 1992,4.4232
26 Mar 1992,4.4343
27 Mar 1992,4.4455
30 Mar 1992,4.4671
31 Mar 1992,4.4695
01 Apr 1992,4.4877
02 Apr 1992,4.4849
03 Apr 1992,4.4902
06 Apr 1992,4.4931
07 Apr 1992,4.495
08 Apr 1992,4.4808
09 Apr 1992,4.4696
10 Apr 1992,4.4867
13 Apr 1992,4.4774
14 Apr 1992,4.5353
15 Apr 1992,4.5449
16 Apr 1992,4.5236
21 Apr 1992,4.5205
22 Apr 1992,4.5244
23 Apr 1992,4.5102
24 Apr 1992,4.5195
27 Apr 1992,4.5364
28 Apr 1992,4.5373
29 Apr 1992,4.5237
30 Apr 1992,4.498
01 May 1992,4.4913
05 May 1992,4.4492
06 May 1992,4.433
07 May 1992,4.4289
08 May 1992,4.414
11 May 1992,4.4048
12 May 1992,4.4107
13 May 1992,4.4021
14 May 1992,4.388
15 May 1992,4.391
18 May 1992,4.4945
19 May 1992,4.4637
20 May 1992,4.4249
21 May 1992,4.4344
22 May 1992,4.4144
26 May 1992,4.4389
27 May 1992,4.4467
28 May 1992,4.4027
29 May 1992,4.3776
01 Jun 1992,4.3652
02 Jun 1992,4.3696
03 Jun 1992,4.3791
04 Jun 1992,4.3813
05 Jun 1992,4.3841
08 Jun 1992,4.385
09 Jun 1992,4.3907
10 Jun 1992,4.3822
11 Jun 1992,4.363
12 Jun 1992,4.3619
15 Jun 1992,4.3575
16 Jun 1992,4.3493
17 Jun 1992,4.3489
18 Jun 1992,4.3659
19 Jun 1992,4.3702
22 Jun 1992,4.3823
23 Jun 1992,4.3936
24 Jun 1992,4.4012
25 Jun 1992,4.4037
26 Jun 1992,4.3826
29 Jun 1992,4.3991
30 Jun 1992,4.424
01 Jul 1992,4.4216
02 Jul 1992,4.4203
03 Jul 1992,4.3998
06 Jul 1992,4.3961
07 Jul 1992,4.4
08 Jul 1992,4.4047
09 Jul 1992,4.4112
10 Jul 1992,4.4259
13 Jul 1992,4.4016
14 Jul 1992,4.4185
15 Jul 1992,4.4573
16 Jul 1992,4.4615
17 Jul 1992,4.4817
20 Jul 1992,4.523
21 Jul 1992,4.5674
22 Jul 1992,4.6063
23 Jul 1992,4.5945
24 Jul 1992,4.5917
27 Jul 1992,4.5929
28 Jul 1992,4.6037
29 Jul 1992,4.6219
30 Jul 1992,4.6415
31 Jul 1992,4.7056
03 Aug 1992,4.7398
04 Aug 1992,4.7123
05 Aug 1992,4.721
06 Aug 1992,4.7211
07 Aug 1992,4.7258
10 Aug 1992,4.7147
11 Aug 1992,4.7042
12 Aug 1992,4.7119
13 Aug 1992,4.73
14 Aug 1992,4.6965
17 Aug 1992,4.7047
18 Aug 1992,4.7264
19 Aug 1992,4.743
20 Aug 1992,4.7552
21 Aug 1992,4.783
24 Aug 1992,4.802
25 Aug 1992,4.8582
26 Aug 1992,4.8821
27 Aug 1992,4.9266
28 Aug 1992,4.9452
01 Sep 1992,5.0275
02 Sep 1992,4.9341
03 Sep 1992,4.883
04 Sep 1992,4.8742
07 Sep 1992,4.8824
08 Sep 1992,4.9386
09 Sep 1992,4.9562
10 Sep 1992,4.9562
11 Sep 1992,4.9953
14 Sep 1992,4.9281
15 Sep 1992,5.0208
16 Sep 1992,5.0887
17 Sep 1992,4.8926
18 Sep 1992,4.7562
21 Sep 1992,4.6162
22 Sep 1992,4.3655
23 Sep 1992,4.263
24 Sep 1992,4.1912
25 Sep 1992,4.1011
28 Sep 1992,4.0457
29 Sep 1992,4.0641
30 Sep 1992,3.9974
01 Oct 1992,3.9777
02 Oct 1992,3.9935
05 Oct 1992,4.0646
06 Oct 1992,4.0559
07 Oct 1992,4.04
08 Oct 1992,4.0126
09 Oct 1992,4.0263
12 Oct 1992,4.016
13 Oct 1992,4.0173
14 Oct 1992,3.9619
15 Oct 1992,3.9055
16 Oct 1992,3.7777
19 Oct 1992,3.728
20 Oct 1992,3.7198
21 Oct 1992,3.5928
22 Oct 1992,3.525
23 Oct 1992,3.5568
26 Oct 1992,3.4985
27 Oct 1992,3.4518
28 Oct 1992,3.3585
29 Oct 1992,3.3349
30 Oct 1992,3.3617
02 Nov 1992,3.3989
03 Nov 1992,3.4007
04 Nov 1992,3.3805
05 Nov 1992,3.3411
06 Nov 1992,3.3504
09 Nov 1992,3.3411
10 Nov 1992,3.3391
11 Nov 1992,3.3441
12 Nov 1992,3.3481
13 Nov 1992,3.3948
16 Nov 1992,3.4171
17 Nov 1992,3.4189
18 Nov 1992,3.45
19 Nov 1992,3.4245
20 Nov 1992,3.4375
23 Nov 1992,3.4553
24 Nov 1992,3.4638
25 Nov 1992,3.4659
26 Nov 1992,3.4832
27 Nov 1992,3.5228
30 Nov 1992,3.5847
01 Dec 1992,3.5829
02 Dec 1992,3.5807
03 Dec 1992,3.6131
04 Dec 1992,3.6194
07 Dec 1992,3.6389
08 Dec 1992,3.6651
09 Dec 1992,3.6999
10 Dec 1992,3.7438
11 Dec 1992,3.7315
14 Dec 1992,3.6893
15 Dec 1992,3.7167
16 Dec 1992,3.7404
17 Dec 1992,3.7186
18 Dec 1992,3.7501
21 Dec 1992,3.7625
22 Dec 1992,3.7132
23 Dec 1992,3.6606
24 Dec 1992,3.6483
29 Dec 1992,3.6189
30 Dec 1992,3.6147
31 Dec 1992,3.6183
04 Jan 1993,3.6246
05 Jan 1993,3.6142
06 Jan 1993,3.6062
07 Jan 1993,3.6027
08 Jan 1993,3.6248
11 Jan 1993,3.6407
12 Jan 1993,3.6443
13 Jan 1993,3.6642
14 Jan 1993,3.6621
15 Jan 1993,3.6666
18 Jan 1993,3.5888
19 Jan 1993,3.5732
20 Jan 1993,3.5474
21 Jan 1993,3.5382
22 Jan 1993,3.5375
25 Jan 1993,3.5432
26 Jan 1993,3.4148
27 Jan 1993,3.3578
28 Jan 1993,3.3409
29 Jan 1993,3.3511
01 Feb 1993,3.3249
02 Feb 1993,3.3491
03 Feb 1993,3.3515
04 Feb 1993,3.3047
05 Feb 1993,3.2977
08 Feb 1993,3.2945
09 Feb 1993,3.2711
10 Feb 1993,3.244
11 Feb 1993,3.2197
12 Feb 1993,3.2627
15 Feb 1993,3.1155
16 Feb 1993,3.1286
17 Feb 1993,3.1364
18 Feb 1993,3.121
19 Feb 1993,3.1111
22 Feb 1993,3.088
23 Feb 1993,3.0632
24 Feb 1993,3.039
25 Feb 1993,3.0539
26 Feb 1993,3.0431
01 Mar 1993,3.0414
02 Mar 1993,3.044
03 Mar 1993,3.0425
04 Mar 1993,3.0389
05 Mar 1993,3.0326
08 Mar 1993,3.0335
09 Mar 1993,3.0239
10 Mar 1993,3.0018
11 Mar 1993,2.9857
12 Mar 1993,2.9862
15 Mar 1993,2.9768
16 Mar 1993,2.9941
17 Mar 1993,2.9312
18 Mar 1993,2.922
19 Mar 1993,2.9222
22 Mar 1993,3.0114
23 Mar 1993,3.0219
24 Mar 1993,3.0429
25 Mar 1993,3.0295
26 Mar 1993,3.0358
29 Mar 1993,3.0469
30 Mar 1993,3.0382
31 Mar 1993,3.0063
01 Apr 1993,2.9979
02 Apr 1993,2.9982
05 Apr 1993,2.9963
06 Apr 1993,3.002
07 Apr 1993,3.0051
08 Apr 1993,3.0171
13 Apr 1993,3.0137
14 Apr 1993,3.0238
15 Apr 1993,3.0345
16 Apr 1993,3.057
19 Apr 1993,3.0915
20 Apr 1993,3.091
21 Apr 1993,3.1008
22 Apr 1993,3.1354
23 Apr 1993,3.1199
26 Apr 1993,3.1258
27 Apr 1993,3.0877
28 Apr 1993,3.13
29 Apr 1993,3.1844
30 Apr 1993,3.2059
04 May 1993,3.2177
05 May 1993,3.2131
06 May 1993,3.2172
07 May 1993,3.2093
10 May 1993,3.2284
11 May 1993,3.2425
12 May 1993,3.2239
13 May 1993,3.2263
14 May 1993,3.225
17 May 1993,3.2332
18 May 1993,3.2232
19 May 1993,3.2232
20 May 1993,3.2114
21 May 1993,3.1952
24 May 1993,3.2609
25 May 1993,3.2602
26 May 1993,3.233
27 May 1993,3.2296
28 May 1993,3.2484
01 Jun 1993,3.2412
02 Jun 1993,3.2398
03 Jun 1993,3.2392
04 Jun 1993,3.2425
07 Jun 1993,3.2494
08 Jun 1993,3.2496
09 Jun 1993,3.2565
10 Jun 1993,3.2568
11 Jun 1993,3.2532
14 Jun 1993,3.2515
15 Jun 1993,3.2489
16 Jun 1993,3.2517
17 Jun 1993,3.2482
18 Jun 1993,3.2446
21 Jun 1993,3.2574
22 Jun 1993,3.2556
23 Jun 1993,3.2624
24 Jun 1993,3.267
25 Jun 1993,3.2771
28 Jun 1993,3.2759
29 Jun 1993,3.2529
30 Jun 1993,3.2549
01 Jul 1993,3.238
02 Jul 1993,3.2372
05 Jul 1993,3.2283
06 Jul 1993,3.22
07 Jul 1993,3.2122
08 Jul 1993,3.217
09 Jul 1993,3.2084
12 Jul 1993,3.2079
13 Jul 1993,3.1959
14 Jul 1993,3.1827
15 Jul 1993,3.1684
16 Jul 1993,3.1865
19 Jul 1993,3.1924
20 Jul 1993,3.1776
21 Jul 1993,3.1834
22 Jul 1993,3.1784
23 Jul 1993,3.179
26 Jul 1993,3.1813
27 Jul 1993,3.1749
28 Jul 1993,3.1648
29 Jul 1993,3.1587
30 Jul 1993,3.1344
02 Aug 1993,3.1215
03 Aug 1993,3.1193
04 Aug 1993,3.1299
05 Aug 1993,3.1296
06 Aug 1993,3.1438
09 Aug 1993,3.1482
10 Aug 1993,3.1513
11 Aug 1993,3.1554
12 Aug 1993,3.1929
13 Aug 1993,3.1787
16 Aug 1993,3.1713
17 Aug 1993,3.1752
18 Aug 1993,3.1816
19 Aug 1993,3.1526
20 Aug 1993,3.1755
23 Aug 1993,3.1735
24 Aug 1993,3.1722
25 Aug 1993,3.1548
26 Aug 1993,3.1337
27 Aug 1993,3.1034
31 Aug 1993,3.09
01 Sep 1993,3.089
02 Sep 1993,3.0957
03 Sep 1993,3.0867
06 Sep 1993,3.0517
07 Sep 1993,3.0509
08 Sep 1993,3.0476
09 Sep 1993,3.037
10 Sep 1993,3.0392
13 Sep 1993,3.0139
14 Sep 1993,3.0272
15 Sep 1993,3.0776
16 Sep 1993,3.137
17 Sep 1993,3.1411
20 Sep 1993,3.1399
21 Sep 1993,3.1612
22 Sep 1993,3.1562
23 Sep 1993,3.1309
24 Sep 1993,3.1061
27 Sep 1993,3.0826
28 Sep 1993,3.0751
29 Sep 1993,3.0794
30 Sep 1993,3.0692
01 Oct 1993,3.0672
04 Oct 1993,3.0546
05 Oct 1993,3.0289
06 Oct 1993,3.0282
07 Oct 1993,3.0425
08 Oct 1993,3.0419
11 Oct 1993,3.0407
12 Oct 1993,3.0466
13 Oct 1993,3.0484
14 Oct 1993,3.0571
15 Oct 1993,3.0513
18 Oct 1993,3.0385
19 Oct 1993,3.029
20 Oct 1993,3.0041
21 Oct 1993,2.9649
22 Oct 1993,2.9356
25 Oct 1993,2.9645
26 Oct 1993,2.9551
27 Oct 1993,2.9811
28 Oct 1993,2.9804
29 Oct 1993,2.9697
01 Nov 1993,2.9669
02 Nov 1993,2.9567
03 Nov 1993,2.9346
04 Nov 1993,2.9177
05 Nov 1993,2.9452
08 Nov 1993,2.9621
09 Nov 1993,2.9615
10 Nov 1993,2.9873
11 Nov 1993,3.0067
12 Nov 1993,2.9701
15 Nov 1993,2.9565
16 Nov 1993,2.9346
17 Nov 1993,2.9041
18 Nov 1993,2.9066
19 Nov 1993,2.9098
22 Nov 1993,2.9487
23 Nov 1993,2.9646
24 Nov 1993,2.9661
25 Nov 1993,2.9658
26 Nov 1993,2.9567
29 Nov 1993,2.9402
30 Nov 1993,2.9234
01 Dec 1993,2.8822
02 Dec 1993,2.8914
03 Dec 1993,2.9064
06 Dec 1993,2.8811
07 Dec 1993,2.8785
08 Dec 1993,2.8515
09 Dec 1993,2.8502
10 Dec 1993,2.8334
13 Dec 1993,2.8044
14 Dec 1993,2.7869
15 Dec 1993,2.7942
16 Dec 1993,2.7607
17 Dec 1993,2.763
20 Dec 1993,2.7732
21 Dec 1993,2.7601
22 Dec 1993,2.7633
23 Dec 1993,2.7395
24 Dec 1993,2.7317
29 Dec 1993,2.6884
30 Dec 1993,2.6664
31 Dec 1993,2.6594
04 Jan 1994,2.7057
05 Jan 1994,2.7267
06 Jan 1994,2.7621
07 Jan 1994,2.7696
10 Jan 1994,2.764
11 Jan 1994,2.755
12 Jan 1994,2.7607
13 Jan 1994,2.7847
14 Jan 1994,2.7888
17 Jan 1994,2.7884
18 Jan 1994,2.746
19 Jan 1994,2.6626
20 Jan 1994,2.6707
21 Jan 1994,2.6778
24 Jan 1994,2.6829
25 Jan 1994,2.689
26 Jan 1994,2.6871
27 Jan 1994,2.708
28 Jan 1994,2.7056
31 Jan 1994,2.7006
01 Feb 1994,2.6996
02 Feb 1994,2.6881
03 Feb 1994,2.7142
04 Feb 1994,2.7535
07 Feb 1994,2.8018
08 Feb 1994,2.797
09 Feb 1994,2.8312
10 Feb 1994,2.8251
11 Feb 1994,2.8419
14 Feb 1994,2.831
15 Feb 1994,2.8637
16 Feb 1994,2.8663
17 Feb 1994,2.82
18 Feb 1994,2.8435
21 Feb 1994,2.91
22 Feb 1994,2.9556
23 Feb 1994,2.9659
24 Feb 1994,3.0588
25 Feb 1994,3.0855
28 Feb 1994,3.0602
01 Mar 1994,3.0744
02 Mar 1994,3.1084
03 Mar 1994,3.0574
04 Mar 1994,3.0386
07 Mar 1994,2.9673
08 Mar 1994,2.9363
09 Mar 1994,2.9146
10 Mar 1994,2.9448
11 Mar 1994,3.0645
14 Mar 1994,3.0454
15 Mar 1994,2.9842
16 Mar 1994,3.0251
17 Mar 1994,3.0165
18 Mar 1994,3.0961
21 Mar 1994,3.1257
22 Mar 1994,3.1269
23 Mar 1994,3.1225
24 Mar 1994,3.2469
25 Mar 1994,3.2861
28 Mar 1994,3.2565
29 Mar 1994,3.2553
30 Mar 1994,3.2408
31 Mar 1994,3.2107
05 Apr 1994,3.2043
06 Apr 1994,3.159
07 Apr 1994,3.2018
08 Apr 1994,3.2543
11 Apr 1994,3.2448
12 Apr 1994,3.2255
13 Apr 1994,3.2193
14 Apr 1994,3.2346
15 Apr 1994,3.195
18 Apr 1994,3.2235
19 Apr 1994,3.2436
20 Apr 1994,3.2389
21 Apr 1994,3.2642
22 Apr 1994,3.2786
25 Apr 1994,3.303
26 Apr 1994,3.3125
27 Apr 1994,3.2973
28 Apr 1994,3.3151
29 Apr 1994,3.3313
03 May 1994,3.359
04 May 1994,3.4254
05 May 1994,3.414
06 May 1994,3.434
09 May 1994,3.4519
10 May 1994,3.4398
11 May 1994,3.4157
12 May 1994,3.4253
13 May 1994,3.4634
16 May 1994,3.4487
17 May 1994,3.4348
18 May 1994,3.4117
19 May 1994,3.4719
20 May 1994,3.4759
23 May 1994,3.4847
24 May 1994,3.5073
25 May 1994,3.5526
26 May 1994,3.5829
27 May 1994,3.6551
31 May 1994,3.7214
01 Jun 1994,3.7939
02 Jun 1994,3.7304
03 Jun 1994,3.672
06 Jun 1994,3.6395
07 Jun 1994,3.6618
08 Jun 1994,3.6471
09 Jun 1994,3.6537
10 Jun 1994,3.6321
13 Jun 1994,3.6719
14 Jun 1994,3.7168
15 Jun 1994,3.7098
16 Jun 1994,3.7944
17 Jun 1994,3.8201
20 Jun 1994,3.868
21 Jun 1994,3.8986
22 Jun 1994,3.8753
23 Jun 1994,3.8215
24 Jun 1994,3.8475
27 Jun 1994,3.8393
28 Jun 1994,3.8263
29 Jun 1994,3.8184
30 Jun 1994,3.8558
01 Jul 1994,3.8575
04 Jul 1994,3.8548
05 Jul 1994,3.8603
06 Jul 1994,3.8623
07 Jul 1994,3.8515
08 Jul 1994,3.8614
11 Jul 1994,3.8534
12 Jul 1994,3.8239
13 Jul 1994,3.8204
14 Jul 1994,3.8021
15 Jul 1994,3.8035
18 Jul 1994,3.7957
19 Jul 1994,3.7771
20 Jul 1994,3.7897
21 Jul 1994,3.7943
22 Jul 1994,3.8122
25 Jul 1994,3.8199
26 Jul 1994,3.8208
27 Jul 1994,3.8585
28 Jul 1994,3.8918
29 Jul 1994,3.9401
01 Aug 1994,3.93
02 Aug 1994,3.8694
03 Aug 1994,3.8588
04 Aug 1994,3.8676
05 Aug 1994,3.8417
08 Aug 1994,3.8131
09 Aug 1994,3.8288
10 Aug 1994,3.8267
11 Aug 1994,3.8499
12 Aug 1994,3.8312
15 Aug 1994,3.8015
16 Aug 1994,3.7941
17 Aug 1994,3.7829
18 Aug 1994,3.7188
19 Aug 1994,3.7307
22 Aug 1994,3.7265
23 Aug 1994,3.7148
24 Aug 1994,3.7057
25 Aug 1994,3.6877
26 Aug 1994,3.692
30 Aug 1994,3.6928
31 Aug 1994,3.7053
01 Sep 1994,3.7001
02 Sep 1994,3.6976
05 Sep 1994,3.7009
06 Sep 1994,3.7145
07 Sep 1994,3.7152
08 Sep 1994,3.7236
09 Sep 1994,3.7625
12 Sep 1994,3.7984
13 Sep 1994,3.8217
14 Sep 1994,3.8455
15 Sep 1994,3.8358
16 Sep 1994,3.8418
19 Sep 1994,3.8522
20 Sep 1994,3.8924
21 Sep 1994,3.8957
22 Sep 1994,3.8842
23 Sep 1994,3.8739
26 Sep 1994,3.8668
27 Sep 1994,3.8643
28 Sep 1994,3.8363
29 Sep 1994,3.8232
30 Sep 1994,3.7913
03 Oct 1994,3.8036
04 Oct 1994,3.8038
05 Oct 1994,3.8094
06 Oct 1994,3.8165
07 Oct 1994,3.827
10 Oct 1994,3.827
11 Oct 1994,3.8181
12 Oct 1994,3.8108
13 Oct 1994,3.7973
14 Oct 1994,3.8046
17 Oct 1994,3.7779
18 Oct 1994,3.7898
19 Oct 1994,3.7955
20 Oct 1994,3.7998
21 Oct 1994,3.8072
24 Oct 1994,3.8085
25 Oct 1994,3.8229
26 Oct 1994,3.8394
27 Oct 1994,3.8735
28 Oct 1994,3.8577
31 Oct 1994,3.8598
01 Nov 1994,3.8395
02 Nov 1994,3.848
03 Nov 1994,3.8301
04 Nov 1994,3.8263
07 Nov 1994,3.8356
08 Nov 1994,3.8344
09 Nov 1994,3.8202
10 Nov 1994,3.816
11 Nov 1994,3.8198
14 Nov 1994,3.8211
15 Nov 1994,3.8119
16 Nov 1994,3.8018
17 Nov 1994,3.8028
18 Nov 1994,3.8001
21 Nov 1994,3.8074
22 Nov 1994,3.7982
23 Nov 1994,3.7863
24 Nov 1994,3.7892
25 Nov 1994,3.7813
28 Nov 1994,3.7591
29 Nov 1994,3.7749
30 Nov 1994,3.8113
01 Dec 1994,3.8347
02 Dec 1994,3.8193
05 Dec 1994,3.8219
06 Dec 1994,3.8462
07 Dec 1994,3.8464
08 Dec 1994,3.846
09 Dec 1994,3.8416
12 Dec 1994,3.844
13 Dec 1994,3.8552
14 Dec 1994,3.8501
15 Dec 1994,3.8267
16 Dec 1994,3.8235
19 Dec 1994,3.816
20 Dec 1994,3.8073
21 Dec 1994,3.7964
22 Dec 1994,3.7911
23 Dec 1994,3.8003
28 Dec 1994,3.7964
29 Dec 1994,3.8282
30 Dec 1994,3.8296
03 Jan 1995,3.8388
04 Jan 1995,3.8345
05 Jan 1995,3.8448
06 Jan 1995,3.8417
09 Jan 1995,3.8443
10 Jan 1995,3.8685
11 Jan 1995,3.8776
12 Jan 1995,3.8654
13 Jan 1995,3.8621
16 Jan 1995,3.8447
17 Jan 1995,3.8467
18 Jan 1995,3.8649
19 Jan 1995,3.8795
20 Jan 1995,3.8908
23 Jan 1995,3.9136
24 Jan 1995,3.9269
25 Jan 1995,3.9257
26 Jan 1995,3.903
27 Jan 1995,3.8861
30 Jan 1995,3.8773
31 Jan 1995,3.8671
01 Feb 1995,3.8651
02 Feb 1995,3.8745
03 Feb 1995,3.8749
06 Feb 1995,3.8595
07 Feb 1995,3.8328
08 Feb 1995,3.84
09 Feb 1995,3.8436
10 Feb 1995,3.8498
13 Feb 1995,3.8822
14 Feb 1995,3.8955
15 Feb 1995,3.8778
16 Feb 1995,3.8601
17 Feb 1995,3.8582
20 Feb 1995,3.8711
21 Feb 1995,3.8793
22 Feb 1995,3.8705
23 Feb 1995,3.848
24 Feb 1995,3.8631
27 Feb 1995,3.8663
28 Feb 1995,3.8681
01 Mar 1995,3.864
02 Mar 1995,3.8512
03 Mar 1995,3.8618
06 Mar 1995,3.8812
07 Mar 1995,3.914
08 Mar 1995,3.918
09 Mar 1995,3.9279
10 Mar 1995,3.9216
13 Mar 1995,3.9225
14 Mar 1995,3.8786
15 Mar 1995,3.8641
16 Mar 1995,3.831
17 Mar 1995,3.8287
20 Mar 1995,3.8246
21 Mar 1995,3.8181
22 Mar 1995,3.8249
23 Mar 1995,3.8636
24 Mar 1995,3.8395
27 Mar 1995,3.8549
28 Mar 1995,3.8535
29 Mar 1995,3.8837
30 Mar 1995,3.839
31 Mar 1995,3.8595
03 Apr 1995,3.8398
04 Apr 1995,3.8271
05 Apr 1995,3.8086
06 Apr 1995,3.8028
07 Apr 1995,3.7678
10 Apr 1995,3.7922
11 Apr 1995,3.7877
12 Apr 1995,3.7732
13 Apr 1995,3.7767
18 Apr 1995,3.7886
19 Apr 1995,3.8126
20 Apr 1995,3.8049
21 Apr 1995,3.7871
24 Apr 1995,3.7908
25 Apr 1995,3.7977
26 Apr 1995,3.7732
27 Apr 1995,3.7731
28 Apr 1995,3.7848
01 May 1995,3.7886
02 May 1995,3.7686
03 May 1995,3.7347
04 May 1995,3.7176
05 May 1995,3.6493
09 May 1995,3.6229
10 May 1995,3.5191
11 May 1995,3.5178
12 May 1995,3.5887
15 May 1995,3.5564
16 May 1995,3.542
17 May 1995,3.5662
18 May 1995,3.5407
19 May 1995,3.5284
22 May 1995,3.531
23 May 1995,3.5012
24 May 1995,3.4441
25 May 1995,3.445
26 May 1995,3.4912
30 May 1995,3.4889
31 May 1995,3.5072
01 Jun 1995,3.4979
02 Jun 1995,3.4534
05 Jun 1995,3.4623
06 Jun 1995,3.4284
07 Jun 1995,3.4459
08 Jun 1995,3.4825
09 Jun 1995,3.5617
12 Jun 1995,3.5805
13 Jun 1995,3.5362
14 Jun 1995,3.5467
15 Jun 1995,3.5397
16 Jun 1995,3.5884
19 Jun 1995,3.5711
20 Jun 1995,3.5676
21 Jun 1995,3.5666
22 Jun 1995,3.5325
23 Jun 1995,3.5662
26 Jun 1995,3.6206
27 Jun 1995,3.647
28 Jun 1995,3.7083
29 Jun 1995,3.693
30 Jun 1995,3.7052
03 Jul 1995,3.672
04 Jul 1995,3.654
05 Jul 1995,3.6557
06 Jul 1995,3.649
07 Jul 1995,3.5814
10 Jul 1995,3.5516
11 Jul 1995,3.5302
12 Jul 1995,3.5047
13 Jul 1995,3.5358
14 Jul 1995,3.5674
17 Jul 1995,3.561
18 Jul 1995,3.5669
19 Jul 1995,3.5744
20 Jul 1995,3.5803
21 Jul 1995,3.5919
24 Jul 1995,3.5755
25 Jul 1995,3.5847
26 Jul 1995,3.5635
27 Jul 1995,3.5339
28 Jul 1995,3.5546
31 Jul 1995,3.5487
01 Aug 1995,3.538
02 Aug 1995,3.5038
03 Aug 1995,3.5135
04 Aug 1995,3.5027
07 Aug 1995,3.5005
08 Aug 1995,3.484
09 Aug 1995,3.4883
10 Aug 1995,3.4665
11 Aug 1995,3.4942
14 Aug 1995,3.5306
15 Aug 1995,3.5383
16 Aug 1995,3.5295
17 Aug 1995,3.4719
18 Aug 1995,3.4702
21 Aug 1995,3.4428
22 Aug 1995,3.4309
23 Aug 1995,3.4457
24 Aug 1995,3.4388
25 Aug 1995,3.435
29 Aug 1995,3.4381
30 Aug 1995,3.4378
31 Aug 1995,3.4551
01 Sep 1995,3.427
04 Sep 1995,3.42
05 Sep 1995,3.4227
06 Sep 1995,3.4142
07 Sep 1995,3.4055
08 Sep 1995,3.4095
11 Sep 1995,3.4103
12 Sep 1995,3.3989
13 Sep 1995,3.3906
14 Sep 1995,3.4008
15 Sep 1995,3.4089
18 Sep 1995,3.4246
19 Sep 1995,3.4262
20 Sep 1995,3.4279
21 Sep 1995,3.4271
22 Sep 1995,3.4877
25 Sep 1995,3.499
26 Sep 1995,3.5069
27 Sep 1995,3.5655
28 Sep 1995,3.5811
29 Sep 1995,3.5786
02 Oct 1995,3.5694
03 Oct 1995,3.5677
04 Oct 1995,3.553
05 Oct 1995,3.5536
06 Oct 1995,3.5852
09 Oct 1995,3.6356
10 Oct 1995,3.6657
11 Oct 1995,3.6661
12 Oct 1995,3.6841
13 Oct 1995,3.6663
16 Oct 1995,3.6758
17 Oct 1995,3.668
18 Oct 1995,3.6354
19 Oct 1995,3.6215
20 Oct 1995,3.6484
23 Oct 1995,3.6662
24 Oct 1995,3.661
25 Oct 1995,3.6148
26 Oct 1995,3.6045
27 Oct 1995,3.6188
30 Oct 1995,3.6139
31 Oct 1995,3.6119
01 Nov 1995,3.6151
02 Nov 1995,3.6118
03 Nov 1995,3.5996
06 Nov 1995,3.5764
07 Nov 1995,3.5672
08 Nov 1995,3.5296
09 Nov 1995,3.5543
10 Nov 1995,3.5787
13 Nov 1995,3.5745
14 Nov 1995,3.5633
15 Nov 1995,3.5624
16 Nov 1995,3.463
17 Nov 1995,3.4665
20 Nov 1995,3.479
21 Nov 1995,3.4966
22 Nov 1995,3.4858
23 Nov 1995,3.4792
24 Nov 1995,3.4628
27 Nov 1995,3.4454
28 Nov 1995,3.4587
29 Nov 1995,3.4529
30 Nov 1995,3.4515
01 Dec 1995,3.442
04 Dec 1995,3.4431
05 Dec 1995,3.4215
06 Dec 1995,3.3973
07 Dec 1995,3.4054
08 Dec 1995,3.4291
11 Dec 1995,3.4289
12 Dec 1995,3.4393
13 Dec 1995,3.4319
14 Dec 1995,3.4082
15 Dec 1995,3.4082
18 Dec 1995,3.4279
19 Dec 1995,3.4373
20 Dec 1995,3.4282
21 Dec 1995,3.4519
22 Dec 1995,3.4484
27 Dec 1995,3.4332
28 Dec 1995,3.4346
29 Dec 1995,3.4377
02 Jan 1996,3.4053
03 Jan 1996,3.409
04 Jan 1996,3.3941
05 Jan 1996,3.4145
08 Jan 1996,3.4269
09 Jan 1996,3.4333
10 Jan 1996,3.4496
11 Jan 1996,3.4451
12 Jan 1996,3.4484
15 Jan 1996,3.4422
16 Jan 1996,3.4359
17 Jan 1996,3.4206
18 Jan 1996,3.3861
19 Jan 1996,3.3785
22 Jan 1996,3.3832
23 Jan 1996,3.3847
24 Jan 1996,3.3861
25 Jan 1996,3.4004
26 Jan 1996,3.4393
29 Jan 1996,3.4513
30 Jan 1996,3.4466
31 Jan 1996,3.4647
01 Feb 1996,3.4633
02 Feb 1996,3.4813
05 Feb 1996,3.5572
06 Feb 1996,3.5479
07 Feb 1996,3.5427
08 Feb 1996,3.5136
09 Feb 1996,3.5195
12 Feb 1996,3.515
13 Feb 1996,3.5184
14 Feb 1996,3.5418
15 Feb 1996,3.4911
16 Feb 1996,3.494
19 Feb 1996,3.5424
20 Feb 1996,3.5732
21 Feb 1996,3.5471
22 Feb 1996,3.531
23 Feb 1996,3.5501
26 Feb 1996,3.5963
27 Feb 1996,3.6162
28 Feb 1996,3.6248
29 Feb 1996,3.6674
01 Mar 1996,3.6373
04 Mar 1996,3.6151
05 Mar 1996,3.6031
06 Mar 1996,3.5951
07 Mar 1996,3.5922
08 Mar 1996,3.6768
11 Mar 1996,3.6945
12 Mar 1996,3.7118
13 Mar 1996,3.694
14 Mar 1996,3.6727
15 Mar 1996,3.6851
18 Mar 1996,3.6783
19 Mar 1996,3.6851
20 Mar 1996,3.6803
21 Mar 1996,3.699
22 Mar 1996,3.7273
25 Mar 1996,3.7084
26 Mar 1996,3.7125
27 Mar 1996,3.6718
28 Mar 1996,3.6707
29 Mar 1996,3.6591
01 Apr 1996,3.6473
02 Apr 1996,3.6365
03 Apr 1996,3.6371
04 Apr 1996,3.6461
09 Apr 1996,3.6654
10 Apr 1996,3.6475
11 Apr 1996,3.6676
12 Apr 1996,3.642
15 Apr 1996,3.6433
16 Apr 1996,3.6165
17 Apr 1996,3.6287
18 Apr 1996,3.6268
19 Apr 1996,3.6257
22 Apr 1996,3.6151
23 Apr 1996,3.6185
24 Apr 1996,3.624
25 Apr 1996,3.6103
26 Apr 1996,3.6083
29 Apr 1996,3.6114
30 Apr 1996,3.6084
01 May 1996,3.6047
02 May 1996,3.644
03 May 1996,3.6941
07 May 1996,3.6997
08 May 1996,3.69
09 May 1996,3.6941
10 May 1996,3.7094
13 May 1996,3.712
14 May 1996,3.7102
15 May 1996,3.7019
16 May 1996,3.7403
17 May 1996,3.7303
20 May 1996,3.7288
21 May 1996,3.7354
22 May 1996,3.7414
23 May 1996,3.7388
24 May 1996,3.7374
28 May 1996,3.7356
29 May 1996,3.7514
30 May 1996,3.7846
31 May 1996,3.7922
03 Jun 1996,3.7783
04 Jun 1996,3.7551
05 Jun 1996,3.7573
06 Jun 1996,3.7206
07 Jun 1996,3.7982
10 Jun 1996,3.7867
11 Jun 1996,3.7604
12 Jun 1996,3.7799
13 Jun 1996,3.7984
14 Jun 1996,3.812
17 Jun 1996,3.8077
18 Jun 1996,3.7796
19 Jun 1996,3.7741
20 Jun 1996,3.7632
21 Jun 1996,3.7426
24 Jun 1996,3.7496
25 Jun 1996,3.7531
26 Jun 1996,3.7508
27 Jun 1996,3.7593
28 Jun 1996,3.7524
01 Jul 1996,3.7548
02 Jul 1996,3.7263
03 Jul 1996,3.7208
04 Jul 1996,3.7085
05 Jul 1996,3.7254
08 Jul 1996,3.723
09 Jul 1996,3.7101
10 Jul 1996,3.6938
11 Jul 1996,3.6938
12 Jul 1996,3.7028
15 Jul 1996,3.7068
16 Jul 1996,3.7149
17 Jul 1996,3.7052
18 Jul 1996,3.6852
19 Jul 1996,3.6921
22 Jul 1996,3.6957
23 Jul 1996,3.6901
24 Jul 1996,3.688
25 Jul 1996,3.689
26 Jul 1996,3.6893
29 Jul 1996,3.6923
30 Jul 1996,3.6944
31 Jul 1996,3.6836
01 Aug 1996,3.6671
02 Aug 1996,3.6317
05 Aug 1996,3.6232
06 Aug 1996,3.5942
07 Aug 1996,3.5948
08 Aug 1996,3.6081
09 Aug 1996,3.609
12 Aug 1996,3.6061
13 Aug 1996,3.5875
14 Aug 1996,3.6023
15 Aug 1996,3.5542
16 Aug 1996,3.54
19 Aug 1996,3.5328
20 Aug 1996,3.5288
21 Aug 1996,3.5491
22 Aug 1996,3.5269
23 Aug 1996,3.5435
27 Aug 1996,3.5625
28 Aug 1996,3.567
29 Aug 1996,3.5806
30 Aug 1996,3.6035
02 Sep 1996,3.5983
03 Sep 1996,3.6041
04 Sep 1996,3.6027
05 Sep 1996,3.5909
06 Sep 1996,3.5795
09 Sep 1996,3.5619
10 Sep 1996,3.5682
11 Sep 1996,3.5728
12 Sep 1996,3.5848
13 Sep 1996,3.573
16 Sep 1996,3.5561
17 Sep 1996,3.5589
18 Sep 1996,3.5796
19 Sep 1996,3.5791
20 Sep 1996,3.5634
23 Sep 1996,3.5762
24 Sep 1996,3.5646
25 Sep 1996,3.552
26 Sep 1996,3.523
27 Sep 1996,0
30 Sep 1996,3.4738
01 Oct 1996,3.4597
02 Oct 1996,3.4293
03 Oct 1996,3.4279
04 Oct 1996,3.3958
07 Oct 1996,3.3976
08 Oct 1996,3.3861
09 Oct 1996,3.3723
10 Oct 1996,3.4111
11 Oct 1996,3.412
14 Oct 1996,3.383
15 Oct 1996,3.3584
16 Oct 1996,3.4107
17 Oct 1996,3.4254
18 Oct 1996,3.4412
21 Oct 1996,3.431
22 Oct 1996,3.4087
23 Oct 1996,3.3896
24 Oct 1996,3.4011
25 Oct 1996,3.3687
28 Oct 1996,3.3824
29 Oct 1996,3.3868
30 Oct 1996,3.4402
31 Oct 1996,3.4715
01 Nov 1996,3.503
04 Nov 1996,3.4963
05 Nov 1996,3.4766
06 Nov 1996,3.46
07 Nov 1996,3.505
08 Nov 1996,3.4904
11 Nov 1996,3.4823
12 Nov 1996,3.4633
13 Nov 1996,3.4949
14 Nov 1996,3.4453
15 Nov 1996,3.4273
18 Nov 1996,3.4114
19 Nov 1996,3.3862
20 Nov 1996,3.408
21 Nov 1996,3.3969
22 Nov 1996,3.4017
25 Nov 1996,3.3812
26 Nov 1996,3.3676
27 Nov 1996,3.3807
28 Nov 1996,3.3708
29 Nov 1996,3.3502
02 Dec 1996,3.3379
03 Dec 1996,3.327
04 Dec 1996,3.356
05 Dec 1996,3.3838
06 Dec 1996,3.4621
09 Dec 1996,3.4354
10 Dec 1996,3.421
11 Dec 1996,3.4593
12 Dec 1996,3.4622
13 Dec 1996,3.4441
16 Dec 1996,3.4305
17 Dec 1996,3.4708
18 Dec 1996,3.4984
19 Dec 1996,3.478
20 Dec 1996,3.4424
23 Dec 1996,3.4181
24 Dec 1996,3.4219
27 Dec 1996,3.4155
30 Dec 1996,3.4131
31 Dec 1996,3.4151
02 Jan 1997,3.4795
03 Jan 1997,3.4716
06 Jan 1997,3.4828
07 Jan 1997,3.4829
08 Jan 1997,3.4844
09 Jan 1997,3.4632
10 Jan 1997,3.4756
13 Jan 1997,3.4631
14 Jan 1997,3.4546
15 Jan 1997,3.4443
16 Jan 1997,3.4054
17 Jan 1997,3.3926
20 Jan 1997,3.4066
21 Jan 1997,3.4387
22 Jan 1997,3.4021
23 Jan 1997,3.4514
24 Jan 1997,3.4985
27 Jan 1997,3.4409
28 Jan 1997,3.4279
29 Jan 1997,3.4549
30 Jan 1997,3.407
31 Jan 1997,3.4098
03 Feb 1997,3.3897
04 Feb 1997,3.3605
05 Feb 1997,3.3589
06 Feb 1997,3.3274
07 Feb 1997,3.24
10 Feb 1997,3.2221
11 Feb 1997,3.2207
12 Feb 1997,3.2378
13 Feb 1997,3.2251
14 Feb 1997,3.2278
17 Feb 1997,3.2399
18 Feb 1997,3.2449
19 Feb 1997,3.2508
20 Feb 1997,3.2454
21 Feb 1997,3.2542
24 Feb 1997,3.2739
25 Feb 1997,3.2672
26 Feb 1997,3.2883
27 Feb 1997,3.2819
28 Feb 1997,3.3242
03 Mar 1997,3.3252
04 Mar 1997,3.3337
05 Mar 1997,3.3815
06 Mar 1997,3.3636
07 Mar 1997,3.3674
10 Mar 1997,3.3516
11 Mar 1997,3.3592
12 Mar 1997,3.4041
13 Mar 1997,3.44
14 Mar 1997,3.4197
17 Mar 1997,3.4533
18 Mar 1997,3.4433
19 Mar 1997,3.4639
20 Mar 1997,3.5094
21 Mar 1997,3.4999
24 Mar 1997,3.5128
25 Mar 1997,3.5266
26 Mar 1997,3.5414
27 Mar 1997,3.5291
01 Apr 1997,3.5581
02 Apr 1997,3.5472
03 Apr 1997,3.564
04 Apr 1997,3.5586
07 Apr 1997,3.5482
08 Apr 1997,3.5591
09 Apr 1997,3.5686
10 Apr 1997,3.5804
11 Apr 1997,3.6025
14 Apr 1997,3.5854
15 Apr 1997,3.5523
16 Apr 1997,3.5481
17 Apr 1997,3.538
18 Apr 1997,3.5527
21 Apr 1997,3.5698
22 Apr 1997,3.5749
23 Apr 1997,3.5652
24 Apr 1997,3.5738
25 Apr 1997,3.5828
28 Apr 1997,3.5693
29 Apr 1997,3.5409
30 Apr 1997,3.5052
01 May 1997,3.5085
02 May 1997,3.4845
06 May 1997,3.4527
07 May 1997,3.5105
08 May 1997,3.5522
09 May 1997,3.5291
12 May 1997,3.5124
13 May 1997,3.512
14 May 1997,3.4908
15 May 1997,3.5368
16 May 1997,3.5574
19 May 1997,3.5707
20 May 1997,3.5648
21 May 1997,3.5786
22 May 1997,3.6781
23 May 1997,3.6358
27 May 1997,3.6479
28 May 1997,3.6725
29 May 1997,3.6645
30 May 1997,3.6639
02 Jun 1997,3.6623
03 Jun 1997,3.6219
04 Jun 1997,3.6426
05 Jun 1997,3.6444
06 Jun 1997,3.6322
09 Jun 1997,3.6632
10 Jun 1997,3.6534
11 Jun 1997,3.6543
12 Jun 1997,3.6535
13 Jun 1997,3.6507
16 Jun 1997,3.6308
17 Jun 1997,3.6496
18 Jun 1997,3.7004
19 Jun 1997,3.7428
20 Jun 1997,3.6799
23 Jun 1997,3.6886
24 Jun 1997,3.672
25 Jun 1997,3.658
26 Jun 1997,3.6617
27 Jun 1997,3.6473
30 Jun 1997,3.6591
01 Jul 1997,3.6231
02 Jul 1997,3.5861
03 Jul 1997,3.6049
04 Jul 1997,3.6031
07 Jul 1997,3.6055
08 Jul 1997,3.6369
09 Jul 1997,3.6448
10 Jul 1997,3.658
11 Jul 1997,3.6487
14 Jul 1997,3.6706
15 Jul 1997,3.674
16 Jul 1997,3.6505
17 Jul 1997,3.6105
18 Jul 1997,3.5883
21 Jul 1997,3.6071
22 Jul 1997,3.6019
23 Jul 1997,3.6059
24 Jul 1997,3.6123
25 Jul 1997,3.5942
28 Jul 1997,3.6103
29 Jul 1997,3.6023
30 Jul 1997,3.5766
31 Jul 1997,3.5984
01 Aug 1997,3.6242
04 Aug 1997,3.6441
05 Aug 1997,3.6487
06 Aug 1997,3.632
07 Aug 1997,3.6058
08 Aug 1997,3.6516
11 Aug 1997,3.6492
12 Aug 1997,3.5871
13 Aug 1997,3.6031
14 Aug 1997,3.5867
15 Aug 1997,3.581
18 Aug 1997,3.5662
19 Aug 1997,3.5683
20 Aug 1997,3.5575
21 Aug 1997,3.5536
22 Aug 1997,3.6005
26 Aug 1997,3.5947
27 Aug 1997,3.604
28 Aug 1997,3.5981
29 Aug 1997,3.6084
01 Sep 1997,3.6035
02 Sep 1997,3.6005
03 Sep 1997,3.5973
04 Sep 1997,3.5982
05 Sep 1997,3.6002
08 Sep 1997,3.5916
09 Sep 1997,3.6292
10 Sep 1997,3.62
11 Sep 1997,3.6175
12 Sep 1997,3.5974
15 Sep 1997,3.5773
16 Sep 1997,3.501
17 Sep 1997,3.5004
18 Sep 1997,3.4592
19 Sep 1997,3.4785
22 Sep 1997,3.45
23 Sep 1997,3.4513
24 Sep 1997,3.4384
25 Sep 1997,3.4331
26 Sep 1997,3.3363
29 Sep 1997,3.3741
30 Sep 1997,3.3585
01 Oct 1997,3.2948
02 Oct 1997,3.2822
03 Oct 1997,3.183
06 Oct 1997,3.1678
07 Oct 1997,3.191
08 Oct 1997,3.2377
09 Oct 1997,3.2861
10 Oct 1997,3.2932
13 Oct 1997,3.2658
14 Oct 1997,3.2486
15 Oct 1997,3.2522
16 Oct 1997,3.2607
17 Oct 1997,3.2551
20 Oct 1997,3.2884
21 Oct 1997,3.2726
22 Oct 1997,3.2641
23 Oct 1997,3.2178
24 Oct 1997,3.2082
27 Oct 1997,3.1819
28 Oct 1997,3.2125
29 Oct 1997,3.1937
30 Oct 1997,3.1645
31 Oct 1997,3.1564
03 Nov 1997,3.1776
04 Nov 1997,3.1773
05 Nov 1997,3.1869
06 Nov 1997,3.2192
07 Nov 1997,3.2008
10 Nov 1997,3.2094
11 Nov 1997,3.235
12 Nov 1997,3.3035
13 Nov 1997,3.3061
14 Nov 1997,3.3091
17 Nov 1997,3.302
18 Nov 1997,3.3069
19 Nov 1997,3.2865
20 Nov 1997,3.27
21 Nov 1997,3.2822
24 Nov 1997,3.2719
25 Nov 1997,3.263
26 Nov 1997,3.2619
27 Nov 1997,3.2485
28 Nov 1997,3.1713
01 Dec 1997,3.1611
02 Dec 1997,3.1648
03 Dec 1997,3.1703
04 Dec 1997,3.1642
05 Dec 1997,3.2004
08 Dec 1997,3.1837
09 Dec 1997,3.137
10 Dec 1997,3.109
11 Dec 1997,3.0614
12 Dec 1997,3.0495
15 Dec 1997,3.0355
16 Dec 1997,3.0385
17 Dec 1997,3.0762
18 Dec 1997,3.0879
19 Dec 1997,3.0918
22 Dec 1997,3.1001
23 Dec 1997,3.0872
24 Dec 1997,3.0775
29 Dec 1997,3.0757
30 Dec 1997,3.1073
31 Dec 1997,3.088
02 Jan 1998,3.0922
05 Jan 1998,3.0203
06 Jan 1998,3.0762
07 Jan 1998,3.1009
08 Jan 1998,3.1055
09 Jan 1998,3.0968
12 Jan 1998,3.0689
13 Jan 1998,3.0666
14 Jan 1998,3.086
15 Jan 1998,3.0877
16 Jan 1998,3.0981
19 Jan 1998,3.106
20 Jan 1998,3.0986
21 Jan 1998,3.0986
22 Jan 1998,3.0984
23 Jan 1998,3.1096
26 Jan 1998,3.1301
27 Jan 1998,3.1331
28 Jan 1998,3.1554
29 Jan 1998,3.1447
30 Jan 1998,3.1438
02 Feb 1998,3.1472
03 Feb 1998,3.1537
04 Feb 1998,3.1772
05 Feb 1998,3.1419
06 Feb 1998,3.1314
09 Feb 1998,3.1224
10 Feb 1998,3.0327
11 Feb 1998,3.0206
12 Feb 1998,3.0186
13 Feb 1998,3.014
16 Feb 1998,3.0141
17 Feb 1998,3.0163
18 Feb 1998,3.0206
19 Feb 1998,2.9968
20 Feb 1998,3.0151
23 Feb 1998,3.0324
24 Feb 1998,3.0429
25 Feb 1998,3.0451
26 Feb 1998,3.0401
27 Feb 1998,3.0544
02 Mar 1998,3.0283
03 Mar 1998,3.0383
04 Mar 1998,3.0296
05 Mar 1998,3.037
06 Mar 1998,3.0356
09 Mar 1998,2.9987
10 Mar 1998,3.0023
11 Mar 1998,2.9947
12 Mar 1998,2.9836
13 Mar 1998,2.9916
16 Mar 1998,2.9708
17 Mar 1998,2.9874
18 Mar 1998,2.9961
19 Mar 1998,3.0072
20 Mar 1998,2.9743
23 Mar 1998,2.9861
24 Mar 1998,2.979
25 Mar 1998,2.9805
26 Mar 1998,2.9839
27 Mar 1998,2.9872
30 Mar 1998,2.9849
31 Mar 1998,2.9619
01 Apr 1998,2.9646
02 Apr 1998,2.9259
03 Apr 1998,2.8834
06 Apr 1998,2.8783
07 Apr 1998,2.886
08 Apr 1998,2.8964
09 Apr 1998,2.8926
14 Apr 1998,2.897
15 Apr 1998,2.8968
16 Apr 1998,2.9009
17 Apr 1998,2.9031
20 Apr 1998,2.9016
21 Apr 1998,2.9053
22 Apr 1998,2.9138
23 Apr 1998,2.9118
24 Apr 1998,2.9066
27 Apr 1998,2.9243
28 Apr 1998,2.9238
29 Apr 1998,2.9217
30 Apr 1998,2.9175
01 May 1998,2.8933
05 May 1998,2.9132
06 May 1998,2.9129
07 May 1998,2.9205
08 May 1998,2.9172
11 May 1998,2.9176
12 May 1998,2.9177
13 May 1998,2.9036
14 May 1998,2.9056
15 May 1998,2.9305
18 May 1998,2.9303
19 May 1998,3.0284
20 May 1998,3.0086
21 May 1998,2.9584
22 May 1998,2.9557
26 May 1998,2.9115
27 May 1998,2.9004
28 May 1998,2.8915
29 May 1998,2.8255
01 Jun 1998,2.7779
02 Jun 1998,2.7889
03 Jun 1998,2.7922
04 Jun 1998,2.8453
05 Jun 1998,2.8511
08 Jun 1998,2.8455
09 Jun 1998,2.8503
10 Jun 1998,2.8199
11 Jun 1998,2.7798
12 Jun 1998,2.7812
15 Jun 1998,2.7799
16 Jun 1998,2.8293
17 Jun 1998,2.8745
18 Jun 1998,2.8747
19 Jun 1998,2.8808
22 Jun 1998,2.8613
23 Jun 1998,2.8748
24 Jun 1998,2.8815
25 Jun 1998,2.9006
26 Jun 1998,2.9147
29 Jun 1998,2.9145
30 Jun 1998,2.8855
01 Jul 1998,2.8603
02 Jul 1998,2.824
03 Jul 1998,2.7896
06 Jul 1998,2.7637
07 Jul 1998,2.7682
08 Jul 1998,2.811
09 Jul 1998,2.7725
10 Jul 1998,2.7843
13 Jul 1998,2.7969
14 Jul 1998,2.7669
15 Jul 1998,2.7769
16 Jul 1998,2.7653
17 Jul 1998,2.7575
20 Jul 1998,2.7578
21 Jul 1998,2.7484
22 Jul 1998,2.758
23 Jul 1998,2.7546
24 Jul 1998,2.7595
27 Jul 1998,2.7619
28 Jul 1998,2.7395
29 Jul 1998,2.7463
30 Jul 1998,2.7582
31 Jul 1998,2.7466
03 Aug 1998,2.7196
04 Aug 1998,2.7171
05 Aug 1998,2.7004
06 Aug 1998,2.6742
07 Aug 1998,2.6739
10 Aug 1998,2.6711
11 Aug 1998,2.6548
12 Aug 1998,2.6562
13 Aug 1998,2.6955
14 Aug 1998,2.7157
17 Aug 1998,2.7341
18 Aug 1998,2.6616
19 Aug 1998,2.6643
20 Aug 1998,2.662
21 Aug 1998,2.5947
24 Aug 1998,2.5937
25 Aug 1998,2.579
26 Aug 1998,2.5823
27 Aug 1998,2.5437
28 Aug 1998,2.5365
01 Sep 1998,2.5542
02 Sep 1998,2.5714
03 Sep 1998,2.5397
04 Sep 1998,2.5485
07 Sep 1998,2.5577
08 Sep 1998,2.5819
09 Sep 1998,2.5653
10 Sep 1998,2.548
11 Sep 1998,2.5662
14 Sep 1998,2.5839
15 Sep 1998,2.5922
16 Sep 1998,2.5833
17 Sep 1998,2.5531
18 Sep 1998,2.5634
21 Sep 1998,2.5542
22 Sep 1998,2.5891
23 Sep 1998,2.6336
24 Sep 1998,2.6654
25 Sep 1998,2.7015
28 Sep 1998,2.705
29 Sep 1998,2.6954
30 Sep 1998,2.6342
01 Oct 1998,2.5658
02 Oct 1998,2.5282
05 Oct 1998,2.5393
06 Oct 1998,2.593
07 Oct 1998,2.6528
08 Oct 1998,2.7176
09 Oct 1998,2.8718
12 Oct 1998,2.8913
13 Oct 1998,2.8632
14 Oct 1998,2.8086
15 Oct 1998,2.778
16 Oct 1998,2.6908
19 Oct 1998,2.6692
20 Oct 1998,2.6445
21 Oct 1998,2.6142
22 Oct 1998,2.6104
23 Oct 1998,2.6302
26 Oct 1998,2.6496
27 Oct 1998,2.6082
28 Oct 1998,2.5916
29 Oct 1998,2.5581
30 Oct 1998,2.5613
02 Nov 1998,2.5749
03 Nov 1998,2.5054
04 Nov 1998,2.505
05 Nov 1998,2.4713
06 Nov 1998,2.465
09 Nov 1998,2.4039
10 Nov 1998,2.3903
11 Nov 1998,2.4045
12 Nov 1998,2.3939
13 Nov 1998,2.3878
16 Nov 1998,2.39
17 Nov 1998,2.3906
18 Nov 1998,2.3599
19 Nov 1998,2.3802
20 Nov 1998,2.3872
23 Nov 1998,2.3536
24 Nov 1998,2.3812
25 Nov 1998,2.3808
26 Nov 1998,2.3795
27 Nov 1998,2.3813
30 Nov 1998,2.3606
01 Dec 1998,2.3298
02 Dec 1998,2.3099
03 Dec 1998,2.2735
04 Dec 1998,2.2304
07 Dec 1998,2.2303
08 Dec 1998,2.2184
09 Dec 1998,2.1944
10 Dec 1998,2.1664
11 Dec 1998,2.1279
14 Dec 1998,2.1218
15 Dec 1998,2.11
16 Dec 1998,2.0673
17 Dec 1998,2.0395
18 Dec 1998,2.0399
21 Dec 1998,2.0315
22 Dec 1998,2.0264
23 Dec 1998,2.0145
24 Dec 1998,2.0345
29 Dec 1998,2.0149
30 Dec 1998,2.0015
31 Dec 1998,2.006
04 Jan 1999,1.9943
05 Jan 1999,2.0234
06 Jan 1999,2.0383
07 Jan 1999,2.0312
08 Jan 1999,2.0285
11 Jan 1999,2.0358
12 Jan 1999,2.0415
13 Jan 1999,2.0198
14 Jan 1999,2.034
15 Jan 1999,2.026
18 Jan 1999,2.0262
19 Jan 1999,2.0317
20 Jan 1999,2.0045
21 Jan 1999,1.9835
22 Jan 1999,1.9581
25 Jan 1999,1.9769
26 Jan 1999,1.978
27 Jan 1999,1.9747
28 Jan 1999,1.9653
29 Jan 1999,1.9162
01 Feb 1999,1.9133
02 Feb 1999,1.8941
03 Feb 1999,1.8974
04 Feb 1999,1.8855
05 Feb 1999,1.8674
08 Feb 1999,1.8841
09 Feb 1999,1.8812
10 Feb 1999,1.899
11 Feb 1999,1.9176
12 Feb 1999,1.954
15 Feb 1999,1.9713
16 Feb 1999,1.9593
17 Feb 1999,1.8878
18 Feb 1999,1.8878
19 Feb 1999,1.8884
22 Feb 1999,1.884
23 Feb 1999,1.8751
24 Feb 1999,1.8584
25 Feb 1999,1.8868
26 Feb 1999,1.8991
01 Mar 1999,1.9159
02 Mar 1999,1.9104
03 Mar 1999,1.9113
04 Mar 1999,1.9324
05 Mar 1999,1.8946
08 Mar 1999,1.894
09 Mar 1999,1.89
10 Mar 1999,1.8688
11 Mar 1999,1.8468
12 Mar 1999,1.8177
15 Mar 1999,1.8185
16 Mar 1999,1.796
17 Mar 1999,1.7993
18 Mar 1999,1.8124
19 Mar 1999,1.8138
22 Mar 1999,1.8156
23 Mar 1999,1.8067
24 Mar 1999,1.8102
25 Mar 1999,1.7862
26 Mar 1999,1.786
29 Mar 1999,1.788
30 Mar 1999,1.7848
31 Mar 1999,1.7537
01 Apr 1999,1.7223
06 Apr 1999,1.6995
07 Apr 1999,1.6813
08 Apr 1999,1.6479
09 Apr 1999,1.599
12 Apr 1999,1.56
13 Apr 1999,1.5656
14 Apr 1999,1.5695
15 Apr 1999,1.5667
16 Apr 1999,1.6194
19 Apr 1999,1.6405
20 Apr 1999,1.6437
21 Apr 1999,1.6774
22 Apr 1999,1.6847
23 Apr 1999,1.6977
26 Apr 1999,1.711
27 Apr 1999,1.7362
28 Apr 1999,1.8599
29 Apr 1999,1.8526
30 Apr 1999,1.8503
04 May 1999,1.8555
05 May 1999,1.8624
06 May 1999,1.8663
07 May 1999,1.8711
10 May 1999,1.8761
11 May 1999,1.8851
12 May 1999,1.8889
13 May 1999,1.9056
14 May 1999,1.9173
17 May 1999,1.9247
18 May 1999,1.9299
19 May 1999,1.9779
20 May 1999,1.954
21 May 1999,1.9318
24 May 1999,1.9262
25 May 1999,1.9089
26 May 1999,1.8867
27 May 1999,1.8738
28 May 1999,1.8747
01 Jun 1999,1.8639
02 Jun 1999,1.8661
03 Jun 1999,1.8557
04 Jun 1999,1.8631
07 Jun 1999,1.8742
08 Jun 1999,1.8754
09 Jun 1999,1.8832
10 Jun 1999,1.9039
11 Jun 1999,1.9018
14 Jun 1999,1.8845
15 Jun 1999,1.8502
16 Jun 1999,1.8663
17 Jun 1999,1.8741
18 Jun 1999,1.8632
21 Jun 1999,1.8644
22 Jun 1999,1.8768
23 Jun 1999,1.8782
24 Jun 1999,1.9071
25 Jun 1999,1.9032
28 Jun 1999,1.9027
29 Jun 1999,1.8973
30 Jun 1999,1.9172
01 Jul 1999,1.9042
02 Jul 1999,1.9099
05 Jul 1999,1.9104
06 Jul 1999,1.918
07 Jul 1999,1.9179
08 Jul 1999,1.9278
09 Jul 1999,1.8845
12 Jul 1999,1.8568
13 Jul 1999,1.8452
14 Jul 1999,1.8245
15 Jul 1999,1.8376
16 Jul 1999,1.8255
19 Jul 1999,1.83
20 Jul 1999,1.8501
21 Jul 1999,1.8481
22 Jul 1999,1.8603
23 Jul 1999,1.8731
26 Jul 1999,1.9008
27 Jul 1999,1.9405
28 Jul 1999,2.0192
29 Jul 1999,2.0185
30 Jul 1999,2.0118
02 Aug 1999,2.0391
03 Aug 1999,2.0617
04 Aug 1999,2.0693
05 Aug 1999,2.0765
06 Aug 1999,2.0957
09 Aug 1999,2.1491
10 Aug 1999,2.2068
11 Aug 1999,2.2222
12 Aug 1999,2.2598
13 Aug 1999,2.2642
16 Aug 1999,2.2803
17 Aug 1999,2.2948
18 Aug 1999,2.2556
19 Aug 1999,2.2455
20 Aug 1999,2.2448
23 Aug 1999,2.2313
24 Aug 1999,2.2461
25 Aug 1999,2.2536
26 Aug 1999,2.2733
27 Aug 1999,2.2921
31 Aug 1999,2.3168
01 Sep 1999,2.3263
02 Sep 1999,2.3244
03 Sep 1999,2.318
06 Sep 1999,2.3207
07 Sep 1999,2.332
08 Sep 1999,2.3304
09 Sep 1999,2.355
10 Sep 1999,2.3651
13 Sep 1999,2.3642
14 Sep 1999,2.3642
15 Sep 1999,2.3828
16 Sep 1999,2.3879
17 Sep 1999,2.3765
20 Sep 1999,2.3747
21 Sep 1999,2.3672
22 Sep 1999,2.351
23 Sep 1999,2.321
24 Sep 1999,2.2889
27 Sep 1999,2.2626
28 Sep 1999,2.2636
29 Sep 1999,2.2674
30 Sep 1999,2.2686
01 Oct 1999,2.2794
04 Oct 1999,2.2487
05 Oct 1999,2.2411
06 Oct 1999,2.2369
07 Oct 1999,2.2339
08 Oct 1999,2.2258
11 Oct 1999,2.2236
12 Oct 1999,2.2358
13 Oct 1999,2.2733
14 Oct 1999,2.2927
15 Oct 1999,2.2916
18 Oct 1999,2.2911
19 Oct 1999,2.2948
20 Oct 1999,2.31
21 Oct 1999,2.3204
22 Oct 1999,2.3282
25 Oct 1999,2.372
26 Oct 1999,2.3813
27 Oct 1999,2.283
28 Oct 1999,2.2617
29 Oct 1999,2.1876
01 Nov 1999,2.1335
02 Nov 1999,2.0765
03 Nov 1999,2.0777
04 Nov 1999,2.0209
05 Nov 1999,2.0029
08 Nov 1999,2.0004
09 Nov 1999,2.0208
10 Nov 1999,2.0671
11 Nov 1999,2.0931
12 Nov 1999,2.0762
15 Nov 1999,2.0833
16 Nov 1999,2.0554
17 Nov 1999,2.0618
18 Nov 1999,2.0767
19 Nov 1999,2.0754
22 Nov 1999,2.0781
23 Nov 1999,2.0624
24 Nov 1999,2.0486
25 Nov 1999,2.0734
26 Nov 1999,2.0949
29 Nov 1999,2.071
30 Nov 1999,2.049
01 Dec 1999,2.0438
02 Dec 1999,2.0474
03 Dec 1999,2.073
06 Dec 1999,2.0635
07 Dec 1999,2.0368
08 Dec 1999,2.0434
09 Dec 1999,2.0416
10 Dec 1999,2.0107
13 Dec 1999,1.9958
14 Dec 1999,1.9806
15 Dec 1999,1.9612
16 Dec 1999,1.9439
17 Dec 1999,1.9585
20 Dec 1999,1.9569
21 Dec 1999,1.9507
22 Dec 1999,1.9614
23 Dec 1999,1.9608
24 Dec 1999,1.9611
29 Dec 1999,1.9617
30 Dec 1999,1.9524
04 Jan 2000,1.9952
05 Jan 2000,2.008
06 Jan 2000,2.0151
07 Jan 2000,1.9943
10 Jan 2000,1.9703
11 Jan 2000,1.9648
12 Jan 2000,1.9931
13 Jan 2000,2.0074
14 Jan 2000,2.0337
17 Jan 2000,2.0482
18 Jan 2000,2.1055
19 Jan 2000,2.1701
20 Jan 2000,2.1982
21 Jan 2000,2.1973
24 Jan 2000,2.2048
25 Jan 2000,2.2046
26 Jan 2000,2.2267
27 Jan 2000,2.2716
28 Jan 2000,2.2936
31 Jan 2000,2.2814
01 Feb 2000,2.2342
02 Feb 2000,2.2382
03 Feb 2000,2.2259
04 Feb 2000,2.2339
07 Feb 2000,2.2324
08 Feb 2000,2.2188
09 Feb 2000,2.1962
10 Feb 2000,2.1848
11 Feb 2000,2.1835
14 Feb 2000,2.169
15 Feb 2000,2.1797
16 Feb 2000,2.1429
17 Feb 2000,2.1425
18 Feb 2000,2.144
21 Feb 2000,2.1401
22 Feb 2000,2.1052
23 Feb 2000,2.1014
24 Feb 2000,2.1036
25 Feb 2000,2.1096
28 Feb 2000,2.1184
29 Feb 2000,2.1349
01 Mar 2000,2.1087
02 Mar 2000,2.099
03 Mar 2000,2.0531
06 Mar 2000,2.0426
07 Mar 2000,2.0354
08 Mar 2000,2.0221
09 Mar 2000,2.0175
10 Mar 2000,2.0118
13 Mar 2000,2.0129
14 Mar 2000,2.0221
15 Mar 2000,2.0017
16 Mar 2000,1.9782
17 Mar 2000,1.9295
20 Mar 2000,1.9309
21 Mar 2000,1.9395
22 Mar 2000,2.0821
23 Mar 2000,2.1036
24 Mar 2000,2.1054
27 Mar 2000,2.1029
28 Mar 2000,2.1121
29 Mar 2000,2.1432
30 Mar 2000,2.138
31 Mar 2000,2.1313
03 Apr 2000,2.1106
04 Apr 2000,2.1098
05 Apr 2000,2.078
06 Apr 2000,2.0758
07 Apr 2000,2.0735
10 Apr 2000,2.051
11 Apr 2000,2.0363
12 Apr 2000,2.038
13 Apr 2000,2.0319
14 Apr 2000,2.0161
17 Apr 2000,2.0203
18 Apr 2000,2.0355
19 Apr 2000,2.0926
20 Apr 2000,2.1063
25 Apr 2000,2.1298
26 Apr 2000,2.1261
27 Apr 2000,2.1026
28 Apr 2000,2.0927
02 May 2000,2.0914
03 May 2000,2.0696
04 May 2000,2.0904
05 May 2000,2.1146
08 May 2000,2.1152
09 May 2000,2.0973
10 May 2000,2.0956
11 May 2000,2.0912
12 May 2000,2.0855
15 May 2000,2.0752
16 May 2000,2.0743
17 May 2000,2.1652
18 May 2000,2.1715
19 May 2000,2.1882
22 May 2000,2.1938
23 May 2000,2.199
24 May 2000,2.1975
25 May 2000,2.1991
26 May 2000,2.1937
30 May 2000,2.1984
31 May 2000,2.203
01 Jun 2000,2.1474
02 Jun 2000,2.0852
05 Jun 2000,2.0894
06 Jun 2000,2.1168
07 Jun 2000,2.1236
08 Jun 2000,2.1356
09 Jun 2000,2.1398
12 Jun 2000,2.1417
13 Jun 2000,2.1487
14 Jun 2000,2.1626
15 Jun 2000,2.1593
16 Jun 2000,2.1305
19 Jun 2000,2.1205
20 Jun 2000,2.1109
21 Jun 2000,2.1109
22 Jun 2000,2.1261
23 Jun 2000,2.1396
26 Jun 2000,2.137
27 Jun 2000,2.1065
28 Jun 2000,2.0938
29 Jun 2000,2.0589
30 Jun 2000,2.0586
03 Jul 2000,2.0595
04 Jul 2000,2.076
05 Jul 2000,2.0875
06 Jul 2000,2.1128
07 Jul 2000,2.1087
10 Jul 2000,2.1122
11 Jul 2000,2.0955
12 Jul 2000,2.0908
13 Jul 2000,2.1068
14 Jul 2000,2.1155
17 Jul 2000,2.128
18 Jul 2000,2.1415
19 Jul 2000,2.1476
20 Jul 2000,2.156
21 Jul 2000,2.1644
24 Jul 2000,2.1718
25 Jul 2000,2.1745
26 Jul 2000,2.2336
27 Jul 2000,2.2121
28 Jul 2000,2.2304
31 Jul 2000,2.2334
01 Aug 2000,2.2234
02 Aug 2000,2.2256
03 Aug 2000,2.2151
04 Aug 2000,2.2199
07 Aug 2000,2.2228
08 Aug 2000,2.2271
09 Aug 2000,2.2253
10 Aug 2000,2.2294
11 Aug 2000,2.242
14 Aug 2000,2.1812
15 Aug 2000,2.1799
16 Aug 2000,2.1911
17 Aug 2000,2.2123
18 Aug 2000,2.2184
21 Aug 2000,2.233
22 Aug 2000,2.2455
23 Aug 2000,2.2423
24 Aug 2000,2.2402
25 Aug 2000,2.2465
29 Aug 2000,2.2594
30 Aug 2000,2.2642
31 Aug 2000,2.267
01 Sep 2000,2.2531
04 Sep 2000,2.2479
05 Sep 2000,2.2505
06 Sep 2000,2.2462
07 Sep 2000,2.2446
08 Sep 2000,2.2536
11 Sep 2000,2.2559
12 Sep 2000,2.264
13 Sep 2000,2.2875
14 Sep 2000,2.2528
15 Sep 2000,2.269
18 Sep 2000,2.2935
19 Sep 2000,2.2972
20 Sep 2000,2.3049
21 Sep 2000,2.2998
22 Sep 2000,2.2738
25 Sep 2000,2.2766
26 Sep 2000,2.2824
27 Sep 2000,2.289
28 Sep 2000,2.3
29 Sep 2000,2.3037
02 Oct 2000,2.3058
03 Oct 2000,2.3263
04 Oct 2000,2.3413
05 Oct 2000,2.3429
06 Oct 2000,2.3449
09 Oct 2000,2.3183
10 Oct 2000,2.3038
11 Oct 2000,2.2785
12 Oct 2000,2.2644
13 Oct 2000,2.2394
16 Oct 2000,2.2419
17 Oct 2000,2.2529
18 Oct 2000,2.3128
19 Oct 2000,2.3335
20 Oct 2000,2.3596
23 Oct 2000,2.3766
24 Oct 2000,2.3975
25 Oct 2000,2.3802
26 Oct 2000,2.365
27 Oct 2000,2.3702
30 Oct 2000,2.3676
31 Oct 2000,2.3659
01 Nov 2000,2.3672
02 Nov 2000,2.3551
03 Nov 2000,2.3616
06 Nov 2000,2.3581
07 Nov 2000,2.3604
08 Nov 2000,2.3676
09 Nov 2000,2.3495
10 Nov 2000,2.3461
13 Nov 2000,2.3562
14 Nov 2000,2.3663
15 Nov 2000,2.3336
16 Nov 2000,2.339
17 Nov 2000,2.3434
20 Nov 2000,2.345
21 Nov 2000,2.3397
22 Nov 2000,2.3021
23 Nov 2000,2.2808
24 Nov 2000,2.2604
27 Nov 2000,2.2406
28 Nov 2000,2.2175
29 Nov 2000,2.2066
30 Nov 2000,2.1961
01 Dec 2000,2.1968
04 Dec 2000,2.1853
05 Dec 2000,2.1845
06 Dec 2000,2.1887
07 Dec 2000,2.185
08 Dec 2000,2.1927
11 Dec 2000,2.1977
12 Dec 2000,2.2045
13 Dec 2000,2.1982
14 Dec 2000,2.2142
15 Dec 2000,2.2154
18 Dec 2000,2.2231
19 Dec 2000,2.234
20 Dec 2000,2.2171
21 Dec 2000,2.2283
22 Dec 2000,2.2324
27 Dec 2000,2.2317
28 Dec 2000,2.2283
29 Dec 2000,2.239
02 Jan 2001,2.2234
03 Jan 2001,2.1938
04 Jan 2001,2.2003
05 Jan 2001,2.2016
08 Jan 2001,2.215
09 Jan 2001,2.2143
10 Jan 2001,2.2124
11 Jan 2001,2.2165
12 Jan 2001,2.2278
15 Jan 2001,2.2198
16 Jan 2001,2.228
17 Jan 2001,2.2112
18 Jan 2001,2.211
19 Jan 2001,2.2187
22 Jan 2001,2.2298
23 Jan 2001,2.2286
24 Jan 2001,2.2229
25 Jan 2001,2.2164
26 Jan 2001,2.2119
29 Jan 2001,2.2071
30 Jan 2001,2.2135
31 Jan 2001,2.2156
01 Feb 2001,2.2425
02 Feb 2001,2.2638
05 Feb 2001,2.2659
06 Feb 2001,2.2631
07 Feb 2001,2.2537
08 Feb 2001,2.267
09 Feb 2001,2.2584
12 Feb 2001,2.2528
13 Feb 2001,2.2554
14 Feb 2001,2.1785
15 Feb 2001,2.1869
16 Feb 2001,2.1778
19 Feb 2001,2.166
20 Feb 2001,2.1605
21 Feb 2001,2.1567
22 Feb 2001,2.167
23 Feb 2001,2.1842
26 Feb 2001,2.1847
27 Feb 2001,2.1745
28 Feb 2001,2.2282
01 Mar 2001,2.2031
02 Mar 2001,2.1986
05 Mar 2001,2.2024
06 Mar 2001,2.2142
07 Mar 2001,2.2287
08 Mar 2001,2.2312
09 Mar 2001,2.2531
12 Mar 2001,2.2605
13 Mar 2001,2.2251
14 Mar 2001,2.2342
15 Mar 2001,2.2858
16 Mar 2001,2.2525
19 Mar 2001,2.2559
20 Mar 2001,2.2605
21 Mar 2001,2.2553
22 Mar 2001,2.2284
23 Mar 2001,2.2648
26 Mar 2001,2.2844
27 Mar 2001,2.3073
28 Mar 2001,2.3542
29 Mar 2001,2.4563
30 Mar 2001,2.4891
02 Apr 2001,2.4812
03 Apr 2001,2.4865
04 Apr 2001,2.4763
05 Apr 2001,2.4514
06 Apr 2001,2.4349
09 Apr 2001,2.436
10 Apr 2001,2.4638
11 Apr 2001,2.4954
12 Apr 2001,2.5175
17 Apr 2001,2.5517
18 Apr 2001,2.5697
19 Apr 2001,2.5738
20 Apr 2001,2.5794
23 Apr 2001,2.5737
24 Apr 2001,2.562
25 Apr 2001,2.5792
26 Apr 2001,2.6238
27 Apr 2001,2.6407
30 Apr 2001,2.7015
01 May 2001,2.6617
02 May 2001,2.629
03 May 2001,2.6088
04 May 2001,2.5707
08 May 2001,2.5654
09 May 2001,2.5341
10 May 2001,2.5206
11 May 2001,2.5047
14 May 2001,2.4988
15 May 2001,2.5121
16 May 2001,2.5456
17 May 2001,2.5562
18 May 2001,2.5649
21 May 2001,2.5641
22 May 2001,2.5441
23 May 2001,2.5542
24 May 2001,2.5528
25 May 2001,2.6026
29 May 2001,2.6217
30 May 2001,2.658
31 May 2001,2.6732
01 Jun 2001,2.6389
04 Jun 2001,2.6381
05 Jun 2001,2.6149
06 Jun 2001,2.5882
07 Jun 2001,2.5596
08 Jun 2001,2.5653
11 Jun 2001,2.5572
12 Jun 2001,2.554
13 Jun 2001,2.5998
14 Jun 2001,2.5801
15 Jun 2001,2.5704
18 Jun 2001,2.5649
19 Jun 2001,2.5378
20 Jun 2001,2.4947
21 Jun 2001,2.5584
22 Jun 2001,2.5377
25 Jun 2001,2.5262
26 Jun 2001,2.5306
27 Jun 2001,2.5552
28 Jun 2001,2.6083
29 Jun 2001,2.6414
02 Jul 2001,2.6334
03 Jul 2001,2.6231
04 Jul 2001,2.6082
05 Jul 2001,2.5873
06 Jul 2001,2.571
09 Jul 2001,2.561
10 Jul 2001,2.5611
11 Jul 2001,2.5463
12 Jul 2001,2.5556
13 Jul 2001,2.5601
16 Jul 2001,2.5523
17 Jul 2001,2.5568
18 Jul 2001,2.5328
19 Jul 2001,2.5395
20 Jul 2001,2.5513
23 Jul 2001,2.5678
24 Jul 2001,2.589
25 Jul 2001,2.6332
26 Jul 2001,2.64
27 Jul 2001,2.6378
30 Jul 2001,2.6319
31 Jul 2001,2.5776
01 Aug 2001,2.5504
02 Aug 2001,2.5255
03 Aug 2001,2.4803
06 Aug 2001,2.4642
07 Aug 2001,2.4751
08 Aug 2001,2.442
09 Aug 2001,2.371
10 Aug 2001,2.3857
13 Aug 2001,2.3772
14 Aug 2001,2.4049
15 Aug 2001,2.3404
16 Aug 2001,2.3335
17 Aug 2001,2.3071
20 Aug 2001,2.3134
21 Aug 2001,2.3273
22 Aug 2001,2.3449
23 Aug 2001,2.3524
24 Aug 2001,2.3734
28 Aug 2001,2.3627
29 Aug 2001,2.3653
30 Aug 2001,2.3633
31 Aug 2001,2.3609
03 Sep 2001,2.3604
04 Sep 2001,2.4158
05 Sep 2001,2.4475
06 Sep 2001,2.463
07 Sep 2001,2.442
10 Sep 2001,2.4273
11 Sep 2001,2.4305
12 Sep 2001,2.4323
13 Sep 2001,2.4999
14 Sep 2001,2.5326
17 Sep 2001,2.5412
18 Sep 2001,2.573
19 Sep 2001,2.5792
20 Sep 2001,2.5638
21 Sep 2001,2.5361
24 Sep 2001,2.4886
25 Sep 2001,2.4983
26 Sep 2001,2.5317
27 Sep 2001,2.6101
28 Sep 2001,2.6115
01 Oct 2001,2.6221
02 Oct 2001,2.6727
03 Oct 2001,2.6263
04 Oct 2001,2.6406
05 Oct 2001,2.6179
08 Oct 2001,2.6066
09 Oct 2001,2.6193
10 Oct 2001,2.6352
11 Oct 2001,2.6312
12 Oct 2001,2.6004
15 Oct 2001,2.5831
16 Oct 2001,2.5728
17 Oct 2001,2.5714
18 Oct 2001,2.5846
19 Oct 2001,2.6068
22 Oct 2001,2.6171
23 Oct 2001,2.6167
24 Oct 2001,2.4886
25 Oct 2001,2.4263
26 Oct 2001,2.4831
29 Oct 2001,2.4734
30 Oct 2001,2.4546
31 Oct 2001,2.3891
01 Nov 2001,2.3586
02 Nov 2001,2.3755
05 Nov 2001,2.3569
06 Nov 2001,2.3225
07 Nov 2001,2.2834
08 Nov 2001,2.2558
09 Nov 2001,2.2265
12 Nov 2001,2.2068
13 Nov 2001,2.243
14 Nov 2001,2.2861
15 Nov 2001,2.4008
16 Nov 2001,2.407
19 Nov 2001,2.4119
20 Nov 2001,2.4388
21 Nov 2001,2.4757
22 Nov 2001,2.4477
23 Nov 2001,2.4541
26 Nov 2001,2.4726
27 Nov 2001,2.5439
28 Nov 2001,2.5198
29 Nov 2001,2.5
30 Nov 2001,2.4705
03 Dec 2001,2.4309
04 Dec 2001,2.4275
05 Dec 2001,2.4451
06 Dec 2001,2.5245
07 Dec 2001,2.5649
10 Dec 2001,2.5463
11 Dec 2001,2.5829
12 Dec 2001,2.5332
13 Dec 2001,2.5144
14 Dec 2001,2.5193
17 Dec 2001,2.5254
18 Dec 2001,2.5206
19 Dec 2001,2.5032
20 Dec 2001,2.5017
21 Dec 2001,2.5116
24 Dec 2001,2.5076
27 Dec 2001,2.546
28 Dec 2001,2.5601
31 Dec 2001,2.5602
02 Jan 2002,2.549
03 Jan 2002,2.5411
04 Jan 2002,2.5531
07 Jan 2002,2.5385
08 Jan 2002,2.5351
09 Jan 2002,2.5468
10 Jan 2002,2.5293
11 Jan 2002,2.5171
14 Jan 2002,2.4963
15 Jan 2002,2.4893
16 Jan 2002,2.4319
17 Jan 2002,2.4085
18 Jan 2002,2.4196
21 Jan 2002,2.4048
22 Jan 2002,2.4183
23 Jan 2002,2.399
24 Jan 2002,2.4912
25 Jan 2002,2.5061
28 Jan 2002,2.5123
29 Jan 2002,2.5262
30 Jan 2002,2.5177
31 Jan 2002,2.4985
01 Feb 2002,2.4922
04 Feb 2002,2.4645
05 Feb 2002,2.4377
06 Feb 2002,2.4391
07 Feb 2002,2.4618
08 Feb 2002,2.4682
11 Feb 2002,2.4797
12 Feb 2002,2.4991
13 Feb 2002,2.5158
14 Feb 2002,2.4948
15 Feb 2002,2.4717
18 Feb 2002,2.4604
19 Feb 2002,2.4452
20 Feb 2002,2.4711
21 Feb 2002,2.4931
22 Feb 2002,2.4735
25 Feb 2002,2.4823
26 Feb 2002,2.4909
27 Feb 2002,2.4751
28 Feb 2002,2.4283
01 Mar 2002,2.4598
04 Mar 2002,2.4633
05 Mar 2002,2.4974
06 Mar 2002,2.5043
07 Mar 2002,2.5345
08 Mar 2002,2.49
11 Mar 2002,2.5047
12 Mar 2002,2.5208
13 Mar 2002,2.5108
14 Mar 2002,2.5087
15 Mar 2002,2.5117
18 Mar 2002,2.5005
19 Mar 2002,2.4989
20 Mar 2002,2.517
21 Mar 2002,2.5259
22 Mar 2002,2.5465
25 Mar 2002,2.5539
26 Mar 2002,2.5308
27 Mar 2002,2.4966
28 Mar 2002,2.4711
02 Apr 2002,2.4411
03 Apr 2002,2.3961
04 Apr 2002,2.3819
05 Apr 2002,2.409
08 Apr 2002,2.4175
09 Apr 2002,2.4227
10 Apr 2002,2.4193
11 Apr 2002,2.3921
12 Apr 2002,2.3919
15 Apr 2002,2.3706
16 Apr 2002,2.3858
17 Apr 2002,2.4127
18 Apr 2002,2.4009
19 Apr 2002,2.3983
22 Apr 2002,2.3822
23 Apr 2002,2.4126
24 Apr 2002,2.4666
25 Apr 2002,2.456
26 Apr 2002,2.4525
29 Apr 2002,2.4591
30 Apr 2002,2.4598
01 May 2002,2.453
02 May 2002,2.4526
03 May 2002,2.4274
07 May 2002,2.4111
08 May 2002,2.4058
09 May 2002,2.422
10 May 2002,2.4053
13 May 2002,2.4219
14 May 2002,2.4455
15 May 2002,2.4246
16 May 2002,2.3911
17 May 2002,2.4129
20 May 2002,2.3878
21 May 2002,2.3557
22 May 2002,2.3599
23 May 2002,2.4263
24 May 2002,2.408
27 May 2002,2.4246
28 May 2002,2.4153
29 May 2002,2.4202
30 May 2002,2.426
31 May 2002,2.4154
05 Jun 2002,2.4015
06 Jun 2002,2.396
07 Jun 2002,2.3832
10 Jun 2002,2.3863
11 Jun 2002,2.3914
12 Jun 2002,2.3887
13 Jun 2002,2.3011
14 Jun 2002,2.264
17 Jun 2002,2.2663
18 Jun 2002,2.2668
19 Jun 2002,2.2631
20 Jun 2002,2.2791
21 Jun 2002,2.2879
24 Jun 2002,2.2454
25 Jun 2002,2.3077
26 Jun 2002,2.2754
27 Jun 2002,2.2785
28 Jun 2002,2.3093
01 Jul 2002,2.3362
02 Jul 2002,2.3292
03 Jul 2002,2.3428
04 Jul 2002,2.3483
05 Jul 2002,2.378
08 Jul 2002,2.3949
09 Jul 2002,2.3711
10 Jul 2002,2.4365
11 Jul 2002,2.3914
12 Jul 2002,2.355
15 Jul 2002,2.3524
16 Jul 2002,2.3815
17 Jul 2002,2.416
18 Jul 2002,2.4605
19 Jul 2002,2.462
22 Jul 2002,2.4568
23 Jul 2002,2.4148
24 Jul 2002,2.3909
25 Jul 2002,2.412
26 Jul 2002,2.4109
29 Jul 2002,2.5375
30 Jul 2002,2.5144
31 Jul 2002,2.514
01 Aug 2002,2.455
02 Aug 2002,2.4424
05 Aug 2002,2.3908
06 Aug 2002,2.4104
07 Aug 2002,2.4281
08 Aug 2002,2.4293
09 Aug 2002,2.4258
12 Aug 2002,2.3664
13 Aug 2002,2.3265
14 Aug 2002,2.2684
15 Aug 2002,2.2691
16 Aug 2002,2.2387
19 Aug 2002,2.2318
20 Aug 2002,2.2104
21 Aug 2002,2.219
22 Aug 2002,2.2279
23 Aug 2002,2.2338
27 Aug 2002,2.2472
28 Aug 2002,2.236
29 Aug 2002,2.2408
30 Aug 2002,2.2306
02 Sep 2002,2.1905
03 Sep 2002,2.1571
04 Sep 2002,2.1429
05 Sep 2002,2.139
06 Sep 2002,2.1389
09 Sep 2002,2.1583
10 Sep 2002,2.197
11 Sep 2002,2.2241
12 Sep 2002,2.2203
13 Sep 2002,2.2178
16 Sep 2002,2.2115
17 Sep 2002,2.2174
18 Sep 2002,2.2087
19 Sep 2002,2.1102
20 Sep 2002,2.1032
23 Sep 2002,2.0886
24 Sep 2002,2.1321
25 Sep 2002,2.2592
26 Sep 2002,2.2598
27 Sep 2002,2.2511
30 Sep 2002,2.2236
01 Oct 2002,2.2378
02 Oct 2002,2.2754
03 Oct 2002,2.3115
04 Oct 2002,2.3331
07 Oct 2002,2.325
08 Oct 2002,2.3491
09 Oct 2002,2.3018
10 Oct 2002,2.3113
11 Oct 2002,2.3565
14 Oct 2002,2.3951
15 Oct 2002,2.4664
16 Oct 2002,2.5124
17 Oct 2002,2.5004
18 Oct 2002,2.4955
21 Oct 2002,2.4954
22 Oct 2002,2.5179
23 Oct 2002,2.4861
24 Oct 2002,2.4455
25 Oct 2002,2.4323
28 Oct 2002,2.411
29 Oct 2002,2.3646
30 Oct 2002,2.3546
31 Oct 2002,2.3349
01 Nov 2002,2.3617
04 Nov 2002,2.3994
05 Nov 2002,2.4304
06 Nov 2002,2.4337
07 Nov 2002,2.4054
08 Nov 2002,2.3883
11 Nov 2002,2.3613
12 Nov 2002,2.3177
13 Nov 2002,2.2972
14 Nov 2002,2.3083
15 Nov 2002,2.3362
18 Nov 2002,2.3584
19 Nov 2002,2.3456
20 Nov 2002,2.3586
21 Nov 2002,2.3961
22 Nov 2002,2.415
25 Nov 2002,2.4421
26 Nov 2002,2.4112
27 Nov 2002,2.4424
28 Nov 2002,2.4522
29 Nov 2002,2.4304
02 Dec 2002,2.4504
03 Dec 2002,2.4275
04 Dec 2002,2.4091
05 Dec 2002,2.3871
06 Dec 2002,2.3674
09 Dec 2002,2.3629
10 Dec 2002,2.3705
11 Dec 2002,2.3738
12 Dec 2002,2.3592
13 Dec 2002,2.3363
16 Dec 2002,2.3148
17 Dec 2002,2.3017
18 Dec 2002,2.2776
19 Dec 2002,2.2515
20 Dec 2002,2.2192
23 Dec 2002,2.2203
24 Dec 2002,2.22
27 Dec 2002,2.1764
30 Dec 2002,2.1711
31 Dec 2002,2.1688
02 Jan 2003,2.1891
03 Jan 2003,2.2152
06 Jan 2003,2.2145
07 Jan 2003,2.1979
08 Jan 2003,2.1736
09 Jan 2003,2.1389
10 Jan 2003,2.0819
13 Jan 2003,2.1076
14 Jan 2003,2.1325
15 Jan 2003,2.1476
16 Jan 2003,2.1395
17 Jan 2003,2.0914
20 Jan 2003,2.0633
21 Jan 2003,2.0478
22 Jan 2003,2.0373
23 Jan 2003,2.02
24 Jan 2003,1.9474
27 Jan 2003,1.9185
28 Jan 2003,1.9473
29 Jan 2003,1.9453
30 Jan 2003,1.9875
31 Jan 2003,2.0086
03 Feb 2003,2.0337
04 Feb 2003,1.9929
05 Feb 2003,1.9549
06 Feb 2003,1.8608
07 Feb 2003,1.7991
10 Feb 2003,1.8216
11 Feb 2003,1.8178
12 Feb 2003,1.7612
13 Feb 2003,1.7499
14 Feb 2003,1.7808
17 Feb 2003,1.7817
18 Feb 2003,1.7783
19 Feb 2003,1.7401
20 Feb 2003,1.7371
21 Feb 2003,1.6946
24 Feb 2003,1.6371
25 Feb 2003,1.6483
26 Feb 2003,1.7009
27 Feb 2003,1.7551
28 Feb 2003,1.7635
03 Mar 2003,1.746
04 Mar 2003,1.7117
05 Mar 2003,1.7052
06 Mar 2003,1.6507
07 Mar 2003,1.5926
10 Mar 2003,1.5854
11 Mar 2003,1.5847
12 Mar 2003,1.6159
13 Mar 2003,1.7292
14 Mar 2003,1.818
17 Mar 2003,1.9109
18 Mar 2003,1.9114
19 Mar 2003,2.0569
20 Mar 2003,2.0329
21 Mar 2003,2.0686
24 Mar 2003,2.0498
25 Mar 2003,2.0598
26 Mar 2003,2.068
27 Mar 2003,1.9791
28 Mar 2003,1.9363
31 Mar 2003,1.8647
01 Apr 2003,1.8528
02 Apr 2003,1.866
03 Apr 2003,1.9147
04 Apr 2003,1.9433
07 Apr 2003,2.0105
08 Apr 2003,2.0003
09 Apr 2003,1.9907
10 Apr 2003,1.927
11 Apr 2003,1.959
14 Apr 2003,2.0054
15 Apr 2003,1.9856
16 Apr 2003,1.9705
17 Apr 2003,1.9523
22 Apr 2003,1.9442
23 Apr 2003,1.956
24 Apr 2003,1.9165
25 Apr 2003,1.9036
28 Apr 2003,1.8847
29 Apr 2003,1.9074
30 Apr 2003,1.9317
01 May 2003,1.8606
02 May 2003,1.928
06 May 2003,1.9361
07 May 2003,1.8941
08 May 2003,1.8634
09 May 2003,1.8687
12 May 2003,1.844
13 May 2003,1.8119
14 May 2003,1.8368
15 May 2003,1.8091
16 May 2003,1.774
19 May 2003,1.7136
20 May 2003,1.6966
21 May 2003,1.7159
22 May 2003,1.7189
23 May 2003,1.6875
27 May 2003,1.7054
28 May 2003,1.7862
29 May 2003,1.7278
30 May 2003,1.7299
02 Jun 2003,1.7328
03 Jun 2003,1.6878
04 Jun 2003,1.6861
05 Jun 2003,1.6316
06 Jun 2003,1.6668
09 Jun 2003,1.5781
10 Jun 2003,1.5703
11 Jun 2003,1.5792
12 Jun 2003,1.5748
13 Jun 2003,1.5121
16 Jun 2003,1.5108
17 Jun 2003,1.5495
18 Jun 2003,1.6373
19 Jun 2003,1.6851
20 Jun 2003,1.6998
23 Jun 2003,1.702
24 Jun 2003,1.7112
25 Jun 2003,1.6575
26 Jun 2003,1.7672
27 Jun 2003,1.8033
30 Jun 2003,1.7138
01 Jul 2003,1.7141
02 Jul 2003,1.7908
03 Jul 2003,1.8341
04 Jul 2003,1.8178
07 Jul 2003,1.8462
08 Jul 2003,1.8482
09 Jul 2003,1.84
10 Jul 2003,1.7514
11 Jul 2003,1.7547
14 Jul 2003,1.7171
15 Jul 2003,1.8014
16 Jul 2003,1.7706
17 Jul 2003,1.8203
18 Jul 2003,1.8202
21 Jul 2003,1.8677
22 Jul 2003,1.8513
23 Jul 2003,1.8524
24 Jul 2003,1.9179
25 Jul 2003,1.8522
28 Jul 2003,1.927
29 Jul 2003,1.8829
30 Jul 2003,1.8861
31 Jul 2003,1.9515
01 Aug 2003,1.9659
04 Aug 2003,1.9362
05 Aug 2003,1.9549
06 Aug 2003,1.91
07 Aug 2003,1.8865
08 Aug 2003,1.8465
11 Aug 2003,1.8931
12 Aug 2003,1.8699
13 Aug 2003,1.9196
14 Aug 2003,1.9684
15 Aug 2003,1.9444
18 Aug 2003,1.9628
19 Aug 2003,1.9508
20 Aug 2003,1.9657
21 Aug 2003,1.9919
22 Aug 2003,1.9898
26 Aug 2003,1.9865
27 Aug 2003,2.0031
28 Aug 2003,1.9759
29 Aug 2003,1.995
01 Sep 2003,1.9989
02 Sep 2003,2.0991
03 Sep 2003,2.1411
04 Sep 2003,2.1141
05 Sep 2003,2.0967
08 Sep 2003,2.066
09 Sep 2003,2.0778
10 Sep 2003,2.0444
11 Sep 2003,2.0581
12 Sep 2003,1.9875
15 Sep 2003,2.0178
16 Sep 2003,2.0783
17 Sep 2003,2.1001
18 Sep 2003,2.0847
19 Sep 2003,2.0528
22 Sep 2003,2.0529
23 Sep 2003,2.0249
24 Sep 2003,2.0142
25 Sep 2003,1.9967
26 Sep 2003,1.9682
29 Sep 2003,1.9543
30 Sep 2003,1.892
01 Oct 2003,1.8954
02 Oct 2003,1.9815
03 Oct 2003,2.0825
06 Oct 2003,2.0679
07 Oct 2003,2.0699
08 Oct 2003,2.0672
09 Oct 2003,2.105
10 Oct 2003,2.0304
13 Oct 2003,2.0762
14 Oct 2003,2.1076
15 Oct 2003,2.1979
16 Oct 2003,2.1945
17 Oct 2003,2.1944
20 Oct 2003,2.1848
21 Oct 2003,2.1688
22 Oct 2003,2.198
23 Oct 2003,2.2469
24 Oct 2003,2.2707
27 Oct 2003,2.2809
28 Oct 2003,2.2398
29 Oct 2003,2.2595
30 Oct 2003,2.262
31 Oct 2003,2.2315
03 Nov 2003,2.3019
04 Nov 2003,2.2655
05 Nov 2003,2.2366
06 Nov 2003,2.26
07 Nov 2003,2.2856
10 Nov 2003,2.2496
11 Nov 2003,2.2459
12 Nov 2003,2.2267
13 Nov 2003,2.1935
14 Nov 2003,2.1701
17 Nov 2003,2.1412
18 Nov 2003,2.1496
19 Nov 2003,2.1587
20 Nov 2003,2.1521
21 Nov 2003,2.1604
24 Nov 2003,2.2205
25 Nov 2003,2.2445
26 Nov 2003,2.1838
27 Nov 2003,2.2157
28 Nov 2003,2.2249
01 Dec 2003,2.2341
02 Dec 2003,2.2244
03 Dec 2003,2.2
04 Dec 2003,2.1983
05 Dec 2003,2.1328
08 Dec 2003,2.1251
09 Dec 2003,2.1082
10 Dec 2003,2.0434
11 Dec 2003,2.0686
12 Dec 2003,1.9925
15 Dec 2003,2.0006
16 Dec 2003,1.9511
17 Dec 2003,1.9285
18 Dec 2003,1.9241
19 Dec 2003,1.9527
22 Dec 2003,1.9384
23 Dec 2003,1.9291
24 Dec 2003,1.9311
29 Dec 2003,1.9255
30 Dec 2003,1.9654
31 Dec 2003,1.9394
02 Jan 2004,1.9719
05 Jan 2004,2.0042
06 Jan 2004,1.9903
07 Jan 2004,1.9691
08 Jan 2004,1.972
09 Jan 2004,1.8763
12 Jan 2004,1.8803
13 Jan 2004,1.8553
14 Jan 2004,1.8791
15 Jan 2004,1.8772
16 Jan 2004,1.8856
19 Jan 2004,1.8825
20 Jan 2004,1.8825
21 Jan 2004,1.9229
22 Jan 2004,1.936
23 Jan 2004,1.9099
26 Jan 2004,1.9496
27 Jan 2004,1.9509
28 Jan 2004,1.9799
29 Jan 2004,2.0404
30 Jan 2004,2.0382
02 Feb 2004,2.0555
03 Feb 2004,2.0548
04 Feb 2004,2.0304
05 Feb 2004,2.0325
06 Feb 2004,1.9887
09 Feb 2004,1.9921
10 Feb 2004,1.9838
11 Feb 2004,1.9694
12 Feb 2004,1.963
13 Feb 2004,1.9092
16 Feb 2004,1.9178
17 Feb 2004,1.9233
18 Feb 2004,1.8881
19 Feb 2004,1.9473
20 Feb 2004,1.9456
23 Feb 2004,1.9572
24 Feb 2004,1.9142
25 Feb 2004,1.9088
26 Feb 2004,1.9194
27 Feb 2004,1.8789
01 Mar 2004,1.906
02 Mar 2004,1.8883
03 Mar 2004,1.9532
04 Mar 2004,1.9355
05 Mar 2004,1.8548
08 Mar 2004,1.7914
09 Mar 2004,1.7724
10 Mar 2004,1.7706
11 Mar 2004,1.7647
12 Mar 2004,1.765
15 Mar 2004,1.763
16 Mar 2004,1.7666
17 Mar 2004,1.7778
18 Mar 2004,1.7789
19 Mar 2004,1.7851
22 Mar 2004,1.7735
23 Mar 2004,1.777
24 Mar 2004,1.7644
25 Mar 2004,1.7638
26 Mar 2004,1.7649
29 Mar 2004,1.8292
30 Mar 2004,1.8263
31 Mar 2004,1.8049
01 Apr 2004,1.8168
02 Apr 2004,1.8581
05 Apr 2004,1.8717
06 Apr 2004,1.8832
07 Apr 2004,1.8745
08 Apr 2004,1.8699
13 Apr 2004,1.9149
14 Apr 2004,1.9414
15 Apr 2004,1.917
16 Apr 2004,1.899
19 Apr 2004,1.9145
20 Apr 2004,1.9481
21 Apr 2004,1.9774
22 Apr 2004,1.9751
23 Apr 2004,1.9809
26 Apr 2004,1.9949
27 Apr 2004,1.985
28 Apr 2004,1.9907
29 Apr 2004,1.9922
30 Apr 2004,1.9846
04 May 2004,1.9389
05 May 2004,1.9341
06 May 2004,1.993
07 May 2004,2.043
10 May 2004,2.0549
11 May 2004,2.0464
12 May 2004,2.059
13 May 2004,2.0784
14 May 2004,2.0431
17 May 2004,2.0035
18 May 2004,2.0271
19 May 2004,2.1056
20 May 2004,2.1133
21 May 2004,2.1027
24 May 2004,2.1154
25 May 2004,2.1032
26 May 2004,2.0715
27 May 2004,2.0585
28 May 2004,2.0901
01 Jun 2004,2.0987
02 Jun 2004,2.086
03 Jun 2004,2.0747
04 Jun 2004,2.0748
07 Jun 2004,2.0717
08 Jun 2004,2.0627
09 Jun 2004,2.1111
10 Jun 2004,2.1232
11 Jun 2004,2.1305
14 Jun 2004,2.1372
15 Jun 2004,2.0643
16 Jun 2004,2.1104
17 Jun 2004,2.1494
18 Jun 2004,2.1003
21 Jun 2004,2.1028
22 Jun 2004,2.1317
23 Jun 2004,2.1159
24 Jun 2004,2.0797
25 Jun 2004,2.0887
28 Jun 2004,2.1137
29 Jun 2004,2.1159
30 Jun 2004,2.0743
01 Jul 2004,2.0639
02 Jul 2004,2.0272
05 Jul 2004,2.0305
06 Jul 2004,2.0397
07 Jul 2004,2.03
08 Jul 2004,2.0279
09 Jul 2004,2.0389
12 Jul 2004,2.0363
13 Jul 2004,2.07
14 Jul 2004,2.0572
15 Jul 2004,2.0673
16 Jul 2004,2.0119
19 Jul 2004,2.0216
20 Jul 2004,2.0304
21 Jul 2004,2.0914
22 Jul 2004,2.0848
23 Jul 2004,2.0978
26 Jul 2004,2.1212
27 Jul 2004,2.1396
28 Jul 2004,2.1974
29 Jul 2004,2.1914
30 Jul 2004,2.1371
02 Aug 2004,2.1387
03 Aug 2004,2.1311
04 Aug 2004,2.1235
05 Aug 2004,2.074
06 Aug 2004,2.007
09 Aug 2004,2.0343
10 Aug 2004,2.0268
11 Aug 2004,2.026
12 Aug 2004,2.0076
13 Aug 2004,2.0054
16 Aug 2004,2.0115
17 Aug 2004,2.007
18 Aug 2004,2.006
19 Aug 2004,2.0099
20 Aug 2004,2.0025
23 Aug 2004,2.056
24 Aug 2004,2.0516
25 Aug 2004,2.013
26 Aug 2004,2.0076
27 Aug 2004,2.0118
31 Aug 2004,1.9763
01 Sep 2004,1.9813
02 Sep 2004,2.0073
03 Sep 2004,2.0543
06 Sep 2004,2.0172
07 Sep 2004,2.0302
08 Sep 2004,2.0263
09 Sep 2004,1.9978
10 Sep 2004,1.9873
13 Sep 2004,1.9976
14 Sep 2004,1.9813
15 Sep 2004,1.9936
16 Sep 2004,2.0148
17 Sep 2004,1.9938
20 Sep 2004,1.9782
21 Sep 2004,1.9573
22 Sep 2004,1.9168
23 Sep 2004,1.9126
24 Sep 2004,1.9228
27 Sep 2004,1.9066
28 Sep 2004,1.9137
29 Sep 2004,1.9157
30 Sep 2004,1.9126
01 Oct 2004,1.9218
04 Oct 2004,1.9411
05 Oct 2004,1.9209
06 Oct 2004,1.9319
07 Oct 2004,1.946
08 Oct 2004,1.8929
11 Oct 2004,1.8975
12 Oct 2004,1.8813
13 Oct 2004,1.9092
14 Oct 2004,1.8894
15 Oct 2004,1.8898
18 Oct 2004,1.8772
19 Oct 2004,1.9041
20 Oct 2004,1.8527
21 Oct 2004,1.8533
22 Oct 2004,1.8484
25 Oct 2004,1.8351
26 Oct 2004,1.8408
27 Oct 2004,1.8534
28 Oct 2004,1.8875
29 Oct 2004,1.8821
01 Nov 2004,1.8909
02 Nov 2004,1.9503
03 Nov 2004,1.9328
04 Nov 2004,1.9008
05 Nov 2004,1.9406
08 Nov 2004,1.9504
09 Nov 2004,1.916
10 Nov 2004,1.9117
11 Nov 2004,1.882
12 Nov 2004,1.8638
15 Nov 2004,1.8454
16 Nov 2004,1.8437
17 Nov 2004,1.8736
18 Nov 2004,1.9128
19 Nov 2004,1.8824
22 Nov 2004,1.8394
23 Nov 2004,1.8237
24 Nov 2004,1.8309
25 Nov 2004,1.8027
26 Nov 2004,1.8043
29 Nov 2004,1.8365
30 Nov 2004,1.8275
01 Dec 2004,1.8477
02 Dec 2004,1.8738
03 Dec 2004,1.8468
06 Dec 2004,1.8087
07 Dec 2004,1.7926
08 Dec 2004,1.7835
09 Dec 2004,1.7665
10 Dec 2004,1.7599
13 Dec 2004,1.7479
14 Dec 2004,1.7288
15 Dec 2004,1.6972
16 Dec 2004,1.7039
17 Dec 2004,1.721
20 Dec 2004,1.7063
21 Dec 2004,1.7196
22 Dec 2004,1.695
23 Dec 2004,1.6868
24 Dec 2004,1.6902
29 Dec 2004,1.7742
30 Dec 2004,1.7689
31 Dec 2004,1.7389
04 Jan 2005,1.721
05 Jan 2005,1.7266
06 Jan 2005,1.7055
07 Jan 2005,1.7027
10 Jan 2005,1.7035
11 Jan 2005,1.7094
12 Jan 2005,1.7008
13 Jan 2005,1.6845
14 Jan 2005,1.7082
17 Jan 2005,1.6991
18 Jan 2005,1.7318
19 Jan 2005,1.769
20 Jan 2005,1.7935
21 Jan 2005,1.7899
24 Jan 2005,1.7854
25 Jan 2005,1.7876
26 Jan 2005,1.7998
27 Jan 2005,1.8258
28 Jan 2005,1.8029
31 Jan 2005,1.8012
01 Feb 2005,1.781
02 Feb 2005,1.7831
03 Feb 2005,1.7893
04 Feb 2005,1.7261
07 Feb 2005,1.7004
08 Feb 2005,1.6914
09 Feb 2005,1.6902
10 Feb 2005,1.7098
11 Feb 2005,1.735
14 Feb 2005,1.7626
15 Feb 2005,1.7707
16 Feb 2005,1.7121
17 Feb 2005,1.7413
18 Feb 2005,1.791
21 Feb 2005,1.8303
22 Feb 2005,1.8358
23 Feb 2005,1.8512
24 Feb 2005,1.8766
25 Feb 2005,1.8316
28 Feb 2005,1.7926
01 Mar 2005,1.8462
02 Mar 2005,1.8923
03 Mar 2005,1.8807
04 Mar 2005,1.8659
07 Mar 2005,1.8756
08 Mar 2005,1.9076
09 Mar 2005,1.9169
10 Mar 2005,1.9258
11 Mar 2005,1.9121
14 Mar 2005,1.9112
15 Mar 2005,1.8502
16 Mar 2005,1.8323
17 Mar 2005,1.8597
18 Mar 2005,1.8801
21 Mar 2005,1.8919
22 Mar 2005,1.8376
23 Mar 2005,1.8997
24 Mar 2005,1.8895
29 Mar 2005,1.8689
30 Mar 2005,1.8242
31 Mar 2005,1.786
01 Apr 2005,1.8285
04 Apr 2005,1.7866
05 Apr 2005,1.8023
06 Apr 2005,1.78
07 Apr 2005,1.7408
08 Apr 2005,1.7878
11 Apr 2005,1.7835
12 Apr 2005,1.7903
13 Apr 2005,1.7716
14 Apr 2005,1.7676
15 Apr 2005,1.7404
18 Apr 2005,1.7267
19 Apr 2005,1.7424
20 Apr 2005,1.7726
21 Apr 2005,1.7645
22 Apr 2005,1.7718
25 Apr 2005,1.7563
26 Apr 2005,1.7517
27 Apr 2005,1.727
28 Apr 2005,1.7207
29 Apr 2005,1.727
03 May 2005,1.7139
04 May 2005,1.7502
05 May 2005,1.7322
06 May 2005,1.7985
09 May 2005,1.7666
10 May 2005,1.7214
11 May 2005,1.6676
12 May 2005,1.6496
13 May 2005,1.6211
16 May 2005,1.63
17 May 2005,1.6135
18 May 2005,1.6421
19 May 2005,1.68
20 May 2005,1.7289
23 May 2005,1.7001
24 May 2005,1.6766
25 May 2005,1.6711
26 May 2005,1.7148
27 May 2005,1.754
31 May 2005,1.6865
01 Jun 2005,1.6607
02 Jun 2005,1.6661
03 Jun 2005,1.6755
06 Jun 2005,1.6881
07 Jun 2005,1.6452
08 Jun 2005,1.609
09 Jun 2005,1.6137
10 Jun 2005,1.6153
13 Jun 2005,1.6447
14 Jun 2005,1.6755
15 Jun 2005,1.7356
16 Jun 2005,1.7455
17 Jun 2005,1.7281
20 Jun 2005,1.7467
21 Jun 2005,1.6897
22 Jun 2005,1.6153
23 Jun 2005,1.6244
24 Jun 2005,1.6003
27 Jun 2005,1.5661
28 Jun 2005,1.6075
29 Jun 2005,1.5955
30 Jun 2005,1.5479
01 Jul 2005,1.5786
04 Jul 2005,1.5886
05 Jul 2005,1.6259
06 Jul 2005,1.6407
07 Jul 2005,1.5655
08 Jul 2005,1.5766
11 Jul 2005,1.6525
12 Jul 2005,1.6671
13 Jul 2005,1.6516
14 Jul 2005,1.6787
15 Jul 2005,1.6847
18 Jul 2005,1.6406
19 Jul 2005,1.6699
20 Jul 2005,1.6947
21 Jul 2005,1.7164
22 Jul 2005,1.6513
25 Jul 2005,1.6471
26 Jul 2005,1.6607
27 Jul 2005,1.6579
28 Jul 2005,1.6678
29 Jul 2005,1.6672
01 Aug 2005,1.7111
02 Aug 2005,1.7167
03 Aug 2005,1.7189
04 Aug 2005,1.6855
05 Aug 2005,1.7256
08 Aug 2005,1.7032
09 Aug 2005,1.7041
10 Aug 2005,1.6909
11 Aug 2005,1.693
12 Aug 2005,1.6315
15 Aug 2005,1.6188
16 Aug 2005,1.5907
17 Aug 2005,1.5601
18 Aug 2005,1.5371
19 Aug 2005,1.5548
22 Aug 2005,1.5559
23 Aug 2005,1.531
24 Aug 2005,1.5201
25 Aug 2005,1.5027
26 Aug 2005,1.5083
30 Aug 2005,1.477
31 Aug 2005,1.4703
01 Sep 2005,1.4371
02 Sep 2005,1.4459
05 Sep 2005,1.4534
06 Sep 2005,1.4883
07 Sep 2005,1.5062
08 Sep 2005,1.4987
09 Sep 2005,1.4698
12 Sep 2005,1.5401
13 Sep 2005,1.5023
14 Sep 2005,1.4824
15 Sep 2005,1.5025
16 Sep 2005,1.5635
19 Sep 2005,1.5378
20 Sep 2005,1.5376
21 Sep 2005,1.4774
22 Sep 2005,1.4892
23 Sep 2005,1.5143
26 Sep 2005,1.5759
27 Sep 2005,1.5704
28 Sep 2005,1.5447
29 Sep 2005,1.5337
30 Sep 2005,1.5419
03 Oct 2005,1.5572
04 Oct 2005,1.5265
05 Oct 2005,1.5162
06 Oct 2005,1.5046
07 Oct 2005,1.5159
10 Oct 2005,1.5009
11 Oct 2005,1.526
12 Oct 2005,1.5656
13 Oct 2005,1.6111
14 Oct 2005,1.6073
17 Oct 2005,1.605
18 Oct 2005,1.5899
19 Oct 2005,1.5586
20 Oct 2005,1.6076
21 Oct 2005,1.5802
24 Oct 2005,1.5741
25 Oct 2005,1.6132
26 Oct 2005,1.6216
27 Oct 2005,1.6059
28 Oct 2005,1.5663
31 Oct 2005,1.5435
01 Nov 2005,1.5482
02 Nov 2005,1.6047
03 Nov 2005,1.6248
04 Nov 2005,1.5977
07 Nov 2005,1.5913
08 Nov 2005,1.5637
09 Nov 2005,1.6056
10 Nov 2005,1.5966
11 Nov 2005,1.6051
14 Nov 2005,1.5908
15 Nov 2005,1.5283
16 Nov 2005,1.4386
17 Nov 2005,1.4877
18 Nov 2005,1.5347
21 Nov 2005,1.4962
22 Nov 2005,1.5237
23 Nov 2005,1.5317
24 Nov 2005,1.4769
25 Nov 2005,1.4734
28 Nov 2005,1.4816
29 Nov 2005,1.5107
30 Nov 2005,1.4892
01 Dec 2005,1.4529
02 Dec 2005,1.487
05 Dec 2005,1.5303
06 Dec 2005,1.5118
07 Dec 2005,1.5445
08 Dec 2005,1.4951
09 Dec 2005,1.5649
12 Dec 2005,1.5334
13 Dec 2005,1.5187
14 Dec 2005,1.4948
15 Dec 2005,1.5019
16 Dec 2005,1.4682
19 Dec 2005,1.4312
20 Dec 2005,1.4224
21 Dec 2005,1.4569
22 Dec 2005,1.426
23 Dec 2005,1.4224
28 Dec 2005,1.3598
29 Dec 2005,1.3691
30 Dec 2005,1.3453
03 Jan 2006,1.3459
04 Jan 2006,1.3111
05 Jan 2006,1.3091
06 Jan 2006,1.3136
09 Jan 2006,1.3436
10 Jan 2006,1.3663
11 Jan 2006,1.333
12 Jan 2006,1.3011
13 Jan 2006,1.2789
16 Jan 2006,1.2684
17 Jan 2006,1.1761
18 Jan 2006,1.169
19 Jan 2006,1.2523
20 Jan 2006,1.2477
23 Jan 2006,1.2157
24 Jan 2006,1.2259
25 Jan 2006,1.2955
26 Jan 2006,1.3609
27 Jan 2006,1.3749
30 Jan 2006,1.3334
31 Jan 2006,1.311
01 Feb 2006,1.3499
02 Feb 2006,1.3662
03 Feb 2006,1.3344
06 Feb 2006,1.356
07 Feb 2006,1.3768
08 Feb 2006,1.3693
09 Feb 2006,1.3065
10 Feb 2006,1.2949
13 Feb 2006,1.3452
14 Feb 2006,1.3271
15 Feb 2006,1.371
16 Feb 2006,1.3489
17 Feb 2006,1.3163
20 Feb 2006,1.2928
21 Feb 2006,1.3012
22 Feb 2006,1.2279
23 Feb 2006,1.2516
24 Feb 2006,1.2938
27 Feb 2006,1.3421
28 Feb 2006,1.3029
01 Mar 2006,1.2778
02 Mar 2006,1.3354
03 Mar 2006,1.3614
06 Mar 2006,1.3598
07 Mar 2006,1.3588
08 Mar 2006,1.3869
09 Mar 2006,1.4134
10 Mar 2006,1.4382
13 Mar 2006,1.4419
14 Mar 2006,1.4024
15 Mar 2006,1.4135
16 Mar 2006,1.3929
17 Mar 2006,1.4432
20 Mar 2006,1.4219
21 Mar 2006,1.4602
22 Mar 2006,1.4252
23 Mar 2006,1.4345
24 Mar 2006,1.4281
27 Mar 2006,1.4342
28 Mar 2006,1.4743
29 Mar 2006,1.4688
30 Mar 2006,1.4679
31 Mar 2006,1.4698
03 Apr 2006,1.4836
04 Apr 2006,1.4848
05 Apr 2006,1.4468
06 Apr 2006,1.4475
07 Apr 2006,1.4354
10 Apr 2006,1.463
11 Apr 2006,1.4654
12 Apr 2006,1.4732
13 Apr 2006,1.545
18 Apr 2006,1.5355
19 Apr 2006,1.527
20 Apr 2006,1.5441
21 Apr 2006,1.5844
24 Apr 2006,1.6182
25 Apr 2006,1.6761
26 Apr 2006,1.7158
27 Apr 2006,1.6726
28 Apr 2006,1.6382
02 May 2006,1.6216
03 May 2006,1.6212
04 May 2006,1.6565
05 May 2006,1.6365
08 May 2006,1.6558
09 May 2006,1.6664
10 May 2006,1.6442
11 May 2006,1.6704
12 May 2006,1.6806
15 May 2006,1.6224
16 May 2006,1.6233
17 May 2006,1.7142
18 May 2006,1.5998
19 May 2006,1.6226
22 May 2006,1.5837
23 May 2006,1.6342
24 May 2006,1.6074
25 May 2006,1.5714
26 May 2006,1.5758
30 May 2006,1.6007
31 May 2006,1.6033
01 Jun 2006,1.6432
02 Jun 2006,1.5994
05 Jun 2006,1.6157
06 Jun 2006,1.6709
07 Jun 2006,1.6546
08 Jun 2006,1.6373
09 Jun 2006,1.5973
12 Jun 2006,1.5713
13 Jun 2006,1.579
14 Jun 2006,1.5846
15 Jun 2006,1.6664
16 Jun 2006,1.6541
19 Jun 2006,1.7094
20 Jun 2006,1.7602
21 Jun 2006,1.7629
22 Jun 2006,1.773
23 Jun 2006,1.7734
26 Jun 2006,1.7626
27 Jun 2006,1.7691
28 Jun 2006,1.7738
29 Jun 2006,1.7469
30 Jun 2006,1.7249
03 Jul 2006,1.7512
04 Jul 2006,1.7103
05 Jul 2006,1.7492
06 Jul 2006,1.7132
07 Jul 2006,1.6767
10 Jul 2006,1.6943
11 Jul 2006,1.6598
12 Jul 2006,1.6863
13 Jul 2006,1.6523
14 Jul 2006,1.5916
17 Jul 2006,1.6278
18 Jul 2006,1.6532
19 Jul 2006,1.6134
20 Jul 2006,1.6055
21 Jul 2006,1.5936
24 Jul 2006,1.5793
25 Jul 2006,1.6252
26 Jul 2006,1.6481
27 Jul 2006,1.5888
28 Jul 2006,1.5676
31 Jul 2006,1.5726
01 Aug 2006,1.5833
02 Aug 2006,1.6213
03 Aug 2006,1.7009
04 Aug 2006,1.6575
07 Aug 2006,1.629
08 Aug 2006,1.5995
09 Aug 2006,1.5908
10 Aug 2006,1.6103
11 Aug 2006,1.6446
14 Aug 2006,1.6591
15 Aug 2006,1.6377
16 Aug 2006,1.5607
17 Aug 2006,1.5448
18 Aug 2006,1.4972
21 Aug 2006,1.4654
22 Aug 2006,1.4291
23 Aug 2006,1.436
24 Aug 2006,1.4523
25 Aug 2006,1.4441
29 Aug 2006,1.4731
30 Aug 2006,1.4639
31 Aug 2006,1.433
01 Sep 2006,1.4184
04 Sep 2006,1.4465
05 Sep 2006,1.4714
06 Sep 2006,1.4961
07 Sep 2006,1.4899
08 Sep 2006,1.4676
11 Sep 2006,1.4983
12 Sep 2006,1.5397
13 Sep 2006,1.5024
14 Sep 2006,1.5068
15 Sep 2006,1.5059
18 Sep 2006,1.5819
19 Sep 2006,1.5542
20 Sep 2006,1.5445
21 Sep 2006,1.5239
22 Sep 2006,1.4549
25 Sep 2006,1.4266
26 Sep 2006,1.4405
27 Sep 2006,1.4527
28 Sep 2006,1.4798
29 Sep 2006,1.5139
02 Oct 2006,1.51
03 Oct 2006,1.5415
04 Oct 2006,1.5217
05 Oct 2006,1.5137
06 Oct 2006,1.553
09 Oct 2006,1.5456
10 Oct 2006,1.5855
11 Oct 2006,1.5761
12 Oct 2006,1.5748
13 Oct 2006,1.6023
16 Oct 2006,1.5944
17 Oct 2006,1.5933
18 Oct 2006,1.6078
19 Oct 2006,1.6249
20 Oct 2006,1.6499
23 Oct 2006,1.6609
24 Oct 2006,1.6521
25 Oct 2006,1.6436
26 Oct 2006,1.6017
27 Oct 2006,1.532
30 Oct 2006,1.4895
31 Oct 2006,1.4437
01 Nov 2006,1.449
02 Nov 2006,1.4928
03 Nov 2006,1.508
06 Nov 2006,1.5263
07 Nov 2006,1.4683
08 Nov 2006,1.4894
09 Nov 2006,1.4587
10 Nov 2006,1.4422
13 Nov 2006,1.4822
14 Nov 2006,1.4565
15 Nov 2006,1.4826
16 Nov 2006,1.4954
17 Nov 2006,1.4843
20 Nov 2006,1.4625
21 Nov 2006,1.474
22 Nov 2006,1.4811
23 Nov 2006,1.5018
24 Nov 2006,1.4586
27 Nov 2006,1.4959
28 Nov 2006,1.4678
29 Nov 2006,1.4744
30 Nov 2006,1.4373
01 Dec 2006,1.3972
04 Dec 2006,1.3999
05 Dec 2006,1.4326
06 Dec 2006,1.4414
07 Dec 2006,1.4695
08 Dec 2006,1.4957
11 Dec 2006,1.5314
12 Dec 2006,1.5497
13 Dec 2006,1.5707
14 Dec 2006,1.6053
15 Dec 2006,1.6074
18 Dec 2006,1.6262
19 Dec 2006,1.6496
20 Dec 2006,1.6276
21 Dec 2006,1.6409
22 Dec 2006,1.6456
27 Dec 2006,1.6988
28 Dec 2006,1.7011
29 Dec 2006,1.6562
02 Jan 2007,1.6676
03 Jan 2007,1.6915
04 Jan 2007,1.6755
05 Jan 2007,1.6962
08 Jan 2007,1.6804
09 Jan 2007,1.696
10 Jan 2007,1.7072
11 Jan 2007,1.7471
12 Jan 2007,1.7924
15 Jan 2007,1.7858
16 Jan 2007,1.8185
17 Jan 2007,1.8228
18 Jan 2007,1.8067
19 Jan 2007,1.8077
22 Jan 2007,1.7937
23 Jan 2007,1.8099
24 Jan 2007,1.8368
25 Jan 2007,1.8858
26 Jan 2007,1.9131
29 Jan 2007,1.938
30 Jan 2007,1.9204
31 Jan 2007,1.9057
01 Feb 2007,1.9308
02 Feb 2007,1.9252
05 Feb 2007,1.9131
06 Feb 2007,1.9082
07 Feb 2007,1.8855
08 Feb 2007,1.855
09 Feb 2007,1.9056
12 Feb 2007,1.9208
13 Feb 2007,1.8122
14 Feb 2007,1.8017
15 Feb 2007,1.7273
16 Feb 2007,1.7373
19 Feb 2007,1.7536
20 Feb 2007,1.7739
21 Feb 2007,1.7564
22 Feb 2007,1.8044
23 Feb 2007,1.7587
26 Feb 2007,1.7058
27 Feb 2007,1.6691
28 Feb 2007,1.6618
01 Mar 2007,1.652
02 Mar 2007,1.6453
05 Mar 2007,1.6296
06 Mar 2007,1.6397
07 Mar 2007,1.6433
08 Mar 2007,1.6492
09 Mar 2007,1.6942
12 Mar 2007,1.6875
13 Mar 2007,1.6549
14 Mar 2007,1.6252
15 Mar 2007,1.6766
16 Mar 2007,1.6791
19 Mar 2007,1.7037
20 Mar 2007,1.7306
21 Mar 2007,1.7279
22 Mar 2007,1.7599
23 Mar 2007,1.7907
26 Mar 2007,1.7905
27 Mar 2007,1.8264
28 Mar 2007,1.8148
29 Mar 2007,1.8387
30 Mar 2007,1.8413
02 Apr 2007,1.848
03 Apr 2007,1.8906
04 Apr 2007,1.8637
05 Apr 2007,1.8699
10 Apr 2007,1.8834
11 Apr 2007,1.8809
12 Apr 2007,1.912
13 Apr 2007,1.9565
16 Apr 2007,1.9296
17 Apr 2007,1.94
18 Apr 2007,1.8962
19 Apr 2007,1.9256
20 Apr 2007,1.9254
23 Apr 2007,1.9171
24 Apr 2007,1.9286
25 Apr 2007,1.9372
26 Apr 2007,1.9785
27 Apr 2007,2.0015
30 Apr 2007,1.9257
01 May 2007,1.9544
02 May 2007,1.9889
03 May 2007,2.0204
04 May 2007,2.0038
08 May 2007,1.981
09 May 2007,1.9824
10 May 2007,2.0015
11 May 2007,1.988
14 May 2007,2.0374
15 May 2007,2.0503
16 May 2007,2.0433
17 May 2007,2.0651
18 May 2007,2.0812
21 May 2007,2.0881
22 May 2007,2.0847
23 May 2007,2.1323
24 May 2007,2.1118
25 May 2007,2.1296
29 May 2007,2.1249
30 May 2007,2.1351
31 May 2007,2.1432
01 Jun 2007,2.1754
04 Jun 2007,2.1782
05 Jun 2007,2.1966
06 Jun 2007,2.1367
07 Jun 2007,2.1969
08 Jun 2007,2.2127
11 Jun 2007,2.2048
12 Jun 2007,2.2282
13 Jun 2007,2.2439
14 Jun 2007,2.2407
15 Jun 2007,2.2496
18 Jun 2007,2.2506
19 Jun 2007,2.2016
20 Jun 2007,2.2305
21 Jun 2007,2.2272
22 Jun 2007,2.2296
25 Jun 2007,2.2126
26 Jun 2007,2.2151
27 Jun 2007,2.2086
28 Jun 2007,2.2117
29 Jun 2007,2.2299
02 Jul 2007,2.1915
03 Jul 2007,2.2508
04 Jul 2007,2.2772
05 Jul 2007,2.3004
06 Jul 2007,2.3185
09 Jul 2007,2.3203
10 Jul 2007,2.2136
11 Jul 2007,2.2279
12 Jul 2007,2.2552
13 Jul 2007,2.2869
16 Jul 2007,2.2571
17 Jul 2007,2.2799
18 Jul 2007,2.199
19 Jul 2007,2.1954
20 Jul 2007,2.1235
23 Jul 2007,2.1413
24 Jul 2007,2.1341
25 Jul 2007,2.1077
26 Jul 2007,2.0479
27 Jul 2007,2.0476
30 Jul 2007,2.0167
31 Jul 2007,2.0523
01 Aug 2007,2.0518
02 Aug 2007,2.0787
03 Aug 2007,2.0219
06 Aug 2007,2.0318
07 Aug 2007,2.0385
08 Aug 2007,2.1199
09 Aug 2007,2.0889
10 Aug 2007,2.0744
13 Aug 2007,2.0886
14 Aug 2007,1.9725
15 Aug 2007,1.9357
16 Aug 2007,1.8882
17 Aug 2007,1.8834
20 Aug 2007,1.8742
21 Aug 2007,1.8269
22 Aug 2007,1.9185
23 Aug 2007,1.8774
24 Aug 2007,1.8932
28 Aug 2007,1.8691
29 Aug 2007,1.8549
30 Aug 2007,1.8348
31 Aug 2007,1.8362
03 Sep 2007,1.8702
04 Sep 2007,1.8512
05 Sep 2007,1.8
06 Sep 2007,1.7968
07 Sep 2007,1.7535
10 Sep 2007,1.7161
11 Sep 2007,1.7176
12 Sep 2007,1.7072
13 Sep 2007,1.7302
14 Sep 2007,1.6722
17 Sep 2007,1.6554
18 Sep 2007,1.7591
19 Sep 2007,1.8032
20 Sep 2007,1.8277
21 Sep 2007,1.8699
24 Sep 2007,1.8534
25 Sep 2007,1.8192
26 Sep 2007,1.8513
27 Sep 2007,1.8493
28 Sep 2007,1.7911
01 Oct 2007,1.7704
02 Oct 2007,1.7304
03 Oct 2007,1.7119
04 Oct 2007,1.7012
05 Oct 2007,1.7201
08 Oct 2007,1.7337
09 Oct 2007,1.6833
10 Oct 2007,1.7686
11 Oct 2007,1.8005
12 Oct 2007,1.8503
15 Oct 2007,1.8697
16 Oct 2007,1.8657
17 Oct 2007,1.8147
18 Oct 2007,1.7661
19 Oct 2007,1.6951
22 Oct 2007,1.7027
23 Oct 2007,1.7225
24 Oct 2007,1.6694
25 Oct 2007,1.6885
26 Oct 2007,1.6905
29 Oct 2007,1.6708
30 Oct 2007,1.6908
31 Oct 2007,1.7284
01 Nov 2007,1.6935
02 Nov 2007,1.6407
05 Nov 2007,1.6301
06 Nov 2007,1.621
07 Nov 2007,1.5647
08 Nov 2007,1.5198
09 Nov 2007,1.4824
12 Nov 2007,1.5009
13 Nov 2007,1.5099
14 Nov 2007,1.496
15 Nov 2007,1.4376
16 Nov 2007,1.4154
19 Nov 2007,1.4115
20 Nov 2007,1.4173
21 Nov 2007,1.3585
22 Nov 2007,1.331
23 Nov 2007,1.3801
26 Nov 2007,1.3697
27 Nov 2007,1.3991
28 Nov 2007,1.4692
29 Nov 2007,1.3819
30 Nov 2007,1.4412
03 Dec 2007,1.3896
04 Dec 2007,1.3336
05 Dec 2007,1.3164
06 Dec 2007,1.3828
07 Dec 2007,1.4965
10 Dec 2007,1.5643
11 Dec 2007,1.5302
12 Dec 2007,1.6479
13 Dec 2007,1.6069
14 Dec 2007,1.6354
17 Dec 2007,1.6013
18 Dec 2007,1.5974
19 Dec 2007,1.5375
20 Dec 2007,1.4554
21 Dec 2007,1.5062
24 Dec 2007,1.4607
27 Dec 2007,1.5009
28 Dec 2007,1.4235
31 Dec 2007,1.3801
02 Jan 2008,1.3336
03 Jan 2008,1.3687
04 Jan 2008,1.3324
07 Jan 2008,1.3364
08 Jan 2008,1.3647
09 Jan 2008,1.3044
10 Jan 2008,1.2786
11 Jan 2008,1.2772
14 Jan 2008,1.2691
15 Jan 2008,1.2727
16 Jan 2008,1.2596
17 Jan 2008,1.2735
18 Jan 2008,1.2711
21 Jan 2008,1.1973
22 Jan 2008,1.3085
23 Jan 2008,1.2411
24 Jan 2008,1.334
25 Jan 2008,1.3078
28 Jan 2008,1.278
29 Jan 2008,1.3672
30 Jan 2008,1.3566
31 Jan 2008,1.2847
01 Feb 2008,1.2852
04 Feb 2008,1.3306
05 Feb 2008,1.2436
06 Feb 2008,1.2975
07 Feb 2008,1.2619
08 Feb 2008,1.2488
11 Feb 2008,1.3099
12 Feb 2008,1.3453
13 Feb 2008,1.3279
14 Feb 2008,1.34
15 Feb 2008,1.3171
18 Feb 2008,1.3653
19 Feb 2008,1.35
20 Feb 2008,1.3833
21 Feb 2008,1.3841
22 Feb 2008,1.3843
25 Feb 2008,1.4256
26 Feb 2008,1.4193
27 Feb 2008,1.4092
28 Feb 2008,1.3037
29 Feb 2008,1.176
03 Mar 2008,1.1646
04 Mar 2008,1.1316
05 Mar 2008,1.2016
06 Mar 2008,1.1098
07 Mar 2008,1.0486
10 Mar 2008,1.0134
11 Mar 2008,1.0706
12 Mar 2008,1.1179
13 Mar 2008,1.0462
14 Mar 2008,0.9934
17 Mar 2008,0.924
18 Mar 2008,0.9257
19 Mar 2008,0.901
20 Mar 2008,0.8657
25 Mar 2008,0.9874
26 Mar 2008,0.9751
27 Mar 2008,1.0625
28 Mar 2008,1.0124
31 Mar 2008,0.9588
01 Apr 2008,1.0452
02 Apr 2008,1.0281
03 Apr 2008,1.0511
04 Apr 2008,1.0537
07 Apr 2008,1.1247
08 Apr 2008,1.1423
09 Apr 2008,1.1576
10 Apr 2008,1.1232
11 Apr 2008,1.0567
14 Apr 2008,1.0797
15 Apr 2008,1.0881
16 Apr 2008,1.1898
17 Apr 2008,1.2967
18 Apr 2008,1.3679
21 Apr 2008,1.3203
22 Apr 2008,1.3306
23 Apr 2008,1.3082
24 Apr 2008,1.4005
25 Apr 2008,1.3904
28 Apr 2008,1.3504
29 Apr 2008,1.3
30 Apr 2008,1.2802
01 May 2008,1.2401
02 May 2008,1.3639
06 May 2008,1.2767
07 May 2008,1.3014
08 May 2008,1.2259
09 May 2008,1.1967
12 May 2008,1.2034
13 May 2008,1.2715
14 May 2008,1.337
15 May 2008,1.368
16 May 2008,1.3211
19 May 2008,1.3849
20 May 2008,1.3601
21 May 2008,1.4362
22 May 2008,1.4806
23 May 2008,1.4292
27 May 2008,1.4342
28 May 2008,1.4721
29 May 2008,1.5241
30 May 2008,1.474
02 Jun 2008,1.4716
03 Jun 2008,1.5239
04 Jun 2008,1.4113
05 Jun 2008,1.4335
06 Jun 2008,1.3776
09 Jun 2008,1.4692
10 Jun 2008,1.3928
11 Jun 2008,1.4006
12 Jun 2008,1.3517
13 Jun 2008,1.3831
16 Jun 2008,1.3398
17 Jun 2008,1.3061
18 Jun 2008,1.3083
19 Jun 2008,1.3939
20 Jun 2008,1.3031
23 Jun 2008,1.2858
24 Jun 2008,1.2949
25 Jun 2008,1.2701
26 Jun 2008,1.183
27 Jun 2008,1.2311
30 Jun 2008,1.262
01 Jul 2008,1.2515
02 Jul 2008,1.2173
03 Jul 2008,1.102
04 Jul 2008,1.0365
07 Jul 2008,0.9855
08 Jul 2008,1.0342
09 Jul 2008,1.0755
10 Jul 2008,1.0803
11 Jul 2008,1.101
14 Jul 2008,1.1028
15 Jul 2008,1.1244
16 Jul 2008,1.2442
17 Jul 2008,1.3348
18 Jul 2008,1.5013
21 Jul 2008,1.4599
22 Jul 2008,1.3874
23 Jul 2008,1.4534
24 Jul 2008,1.5093
25 Jul 2008,1.5641
28 Jul 2008,1.5475
29 Jul 2008,1.4939
30 Jul 2008,1.4532
31 Jul 2008,1.4434
01 Aug 2008,1.4451
04 Aug 2008,1.3969
05 Aug 2008,1.3548
06 Aug 2008,1.3289
07 Aug 2008,1.2713
08 Aug 2008,1.2564
11 Aug 2008,1.2571
12 Aug 2008,1.127
13 Aug 2008,1.1208
14 Aug 2008,1.153
15 Aug 2008,1.0604
18 Aug 2008,1.0853
19 Aug 2008,1.096
20 Aug 2008,1.0723
21 Aug 2008,1.0504
22 Aug 2008,1.0901
26 Aug 2008,0.9827
27 Aug 2008,0.9974
28 Aug 2008,0.9801
29 Aug 2008,0.9674
01 Sep 2008,0.9485
02 Sep 2008,1.0336
03 Sep 2008,1.0732
04 Sep 2008,1.0451
05 Sep 2008,1.0818
08 Sep 2008,1.1897
09 Sep 2008,1.1632
10 Sep 2008,1.183
11 Sep 2008,1.1991
12 Sep 2008,1.3309
15 Sep 2008,1.2309
16 Sep 2008,1.3472
17 Sep 2008,1.3512
18 Sep 2008,1.2827
19 Sep 2008,1.3572
22 Sep 2008,1.4376
23 Sep 2008,1.4115
24 Sep 2008,1.3893
25 Sep 2008,1.4278
26 Sep 2008,1.3686
29 Sep 2008,1.2444
30 Sep 2008,1.3316
01 Oct 2008,1.3136
02 Oct 2008,1.3003
03 Oct 2008,1.3874
06 Oct 2008,1.3894
07 Oct 2008,1.6983
08 Oct 2008,1.8266
09 Oct 2008,1.8995
10 Oct 2008,2.0324
13 Oct 2008,2.2961
14 Oct 2008,2.4137
15 Oct 2008,2.3932
16 Oct 2008,2.3934
17 Oct 2008,2.4091
20 Oct 2008,2.2929
21 Oct 2008,2.308
22 Oct 2008,2.2036
23 Oct 2008,2.1821
24 Oct 2008,2.0759
27 Oct 2008,2.1203
28 Oct 2008,2.215
29 Oct 2008,2.2699
30 Oct 2008,2.3043
31 Oct 2008,2.4491
03 Nov 2008,2.4354
04 Nov 2008,2.4945
05 Nov 2008,2.5063
06 Nov 2008,2.5111
07 Nov 2008,2.4036
10 Nov 2008,2.412
11 Nov 2008,2.4532
12 Nov 2008,2.4133
13 Nov 2008,2.4269
14 Nov 2008,2.425
17 Nov 2008,2.476
18 Nov 2008,2.5243
19 Nov 2008,2.6182
20 Nov 2008,2.5277
21 Nov 2008,2.6443
24 Nov 2008,2.8051
25 Nov 2008,2.7995
26 Nov 2008,2.7437
27 Nov 2008,2.7519
28 Nov 2008,2.7839
01 Dec 2008,2.7118
02 Dec 2008,2.596
03 Dec 2008,2.4659
04 Dec 2008,2.4717
05 Dec 2008,2.4642
08 Dec 2008,2.6489
09 Dec 2008,2.611
10 Dec 2008,2.472
11 Dec 2008,2.3779
12 Dec 2008,2.3356
15 Dec 2008,2.2461
16 Dec 2008,2.0386
17 Dec 2008,1.8943
18 Dec 2008,1.8404
19 Dec 2008,1.8173
22 Dec 2008,1.7678
23 Dec 2008,1.7622
24 Dec 2008,1.6996
29 Dec 2008,1.7429
30 Dec 2008,1.7138
31 Dec 2008,1.625
02 Jan 2009,1.6253
05 Jan 2009,1.6943
06 Jan 2009,1.7829
07 Jan 2009,1.7498
08 Jan 2009,1.6077
09 Jan 2009,1.4809
12 Jan 2009,1.4795
13 Jan 2009,1.5424
14 Jan 2009,1.4653
15 Jan 2009,1.4149
16 Jan 2009,1.568
19 Jan 2009,1.6387
20 Jan 2009,1.422
21 Jan 2009,1.3547
22 Jan 2009,1.3897
23 Jan 2009,1.5651
26 Jan 2009,1.5254
27 Jan 2009,1.4807
28 Jan 2009,1.3783
29 Jan 2009,1.2836
30 Jan 2009,1.3365
02 Feb 2009,1.3287
03 Feb 2009,1.4004
04 Feb 2009,1.5102
05 Feb 2009,1.5132
06 Feb 2009,1.5549
09 Feb 2009,1.6323
10 Feb 2009,1.4954
11 Feb 2009,1.2755
12 Feb 2009,1.1396
13 Feb 2009,1.2432
16 Feb 2009,1.1912
17 Feb 2009,0.9744
18 Feb 2009,0.9747
19 Feb 2009,1.0681
20 Feb 2009,0.9702
23 Feb 2009,0.9777
24 Feb 2009,0.9522
25 Feb 2009,0.9943
26 Feb 2009,1.1727
27 Feb 2009,1.1674
02 Mar 2009,1.1108
03 Mar 2009,1.1249
04 Mar 2009,1.2765
05 Mar 2009,1.0991
06 Mar 2009,1.0138
09 Mar 2009,1.253
10 Mar 2009,1.3026
11 Mar 2009,1.3511
12 Mar 2009,1.2462
13 Mar 2009,1.2384
16 Mar 2009,1.3008
17 Mar 2009,1.2523
18 Mar 2009,1.2297
19 Mar 2009,1.0114
20 Mar 2009,0.9806
23 Mar 2009,1.0811
24 Mar 2009,1.2422
25 Mar 2009,1.159
26 Mar 2009,1.1818
27 Mar 2009,1.1678
30 Mar 2009,1.0929
31 Mar 2009,1.0674
01 Apr 2009,1.0085
02 Apr 2009,1.2261
03 Apr 2009,1.211
06 Apr 2009,1.1769
07 Apr 2009,1.13
08 Apr 2009,1.0419
09 Apr 2009,0.9774
14 Apr 2009,0.9066
15 Apr 2009,0.955
16 Apr 2009,0.9124
17 Apr 2009,1.0082
20 Apr 2009,0.8595
21 Apr 2009,0.9394
22 Apr 2009,1.0826
23 Apr 2009,1.1007
24 Apr 2009,1.0618
27 Apr 2009,1.0696
28 Apr 2009,1.0617
29 Apr 2009,1.0594
30 Apr 2009,1.1256
01 May 2009,1.1479
05 May 2009,1.1378
06 May 2009,1.185
07 May 2009,1.2244
08 May 2009,1.2512
11 May 2009,1.1697
12 May 2009,1.1437
13 May 2009,1.0052
14 May 2009,0.9673
15 May 2009,1.0142
18 May 2009,0.9145
19 May 2009,0.8807
20 May 2009,0.9703
21 May 2009,0.9791
22 May 2009,1.0164
26 May 2009,0.9367
27 May 2009,0.9935
28 May 2009,1.0148
29 May 2009,0.9807
01 Jun 2009,1.0446
02 Jun 2009,1.0738
03 Jun 2009,0.985
04 Jun 2009,1.0431
05 Jun 2009,1.0998
08 Jun 2009,1.0767
09 Jun 2009,1.0665
10 Jun 2009,1.1377
11 Jun 2009,1.226
12 Jun 2009,1.1581
15 Jun 2009,1.0631
16 Jun 2009,1.1398
17 Jun 2009,1.0249
18 Jun 2009,1.0891
19 Jun 2009,1.0299
22 Jun 2009,0.9893
23 Jun 2009,0.9807
24 Jun 2009,0.9474
25 Jun 2009,0.918
26 Jun 2009,0.915
29 Jun 2009,0.8587
30 Jun 2009,0.9421
01 Jul 2009,1.0351
02 Jul 2009,1.013
03 Jul 2009,0.9785
06 Jul 2009,0.9378
07 Jul 2009,0.9457
08 Jul 2009,0.9562
09 Jul 2009,1.1084
10 Jul 2009,1.0449
13 Jul 2009,1.0025
14 Jul 2009,1.1087
15 Jul 2009,1.1812
16 Jul 2009,1.17
17 Jul 2009,1.189
20 Jul 2009,1.2182
21 Jul 2009,1.2272
22 Jul 2009,1.3168
23 Jul 2009,1.4278
24 Jul 2009,1.3894
27 Jul 2009,1.3813
28 Jul 2009,1.3395
29 Jul 2009,1.3695
30 Jul 2009,1.3195
31 Jul 2009,1.1844
03 Aug 2009,1.2596
04 Aug 2009,1.2271
05 Aug 2009,1.1942
06 Aug 2009,1.1592
07 Aug 2009,1.2004
10 Aug 2009,1.1749
11 Aug 2009,1.2182
12 Aug 2009,1.1898
13 Aug 2009,1.1795
14 Aug 2009,1.0792
17 Aug 2009,1.0137
18 Aug 2009,1.0659
19 Aug 2009,1.0003
20 Aug 2009,1.0408
21 Aug 2009,1.0579
24 Aug 2009,1.0282
25 Aug 2009,0.951
26 Aug 2009,0.944
27 Aug 2009,0.9523
28 Aug 2009,0.9491
01 Sep 2009,0.9536
02 Sep 2009,0.9376
03 Sep 2009,0.9867
04 Sep 2009,0.9902
07 Sep 2009,0.9942
08 Sep 2009,1.0185
09 Sep 2009,1.074
10 Sep 2009,1
11 Sep 2009,0.9285
14 Sep 2009,0.9209
15 Sep 2009,0.9603
16 Sep 2009,1.0293
17 Sep 2009,1.112
18 Sep 2009,1.0981
21 Sep 2009,1.0956
22 Sep 2009,1.1296
23 Sep 2009,1.0908
24 Sep 2009,1.014
25 Sep 2009,0.9388
28 Sep 2009,0.9483
29 Sep 2009,0.9366
30 Sep 2009,0.9087
01 Oct 2009,0.762
02 Oct 2009,0.6728
05 Oct 2009,0.6155
06 Oct 2009,0.615
07 Oct 2009,0.573
08 Oct 2009,0.5048
09 Oct 2009,0.5749
12 Oct 2009,0.5064
13 Oct 2009,0.5568
14 Oct 2009,0.6304
15 Oct 2009,0.6271
16 Oct 2009,0.6517
19 Oct 2009,0.662
20 Oct 2009,0.6153
21 Oct 2009,0.7499
22 Oct 2009,0.766
23 Oct 2009,0.7308
26 Oct 2009,0.7528
27 Oct 2009,0.6799
28 Oct 2009,0.6799
29 Oct 2009,0.7288
30 Oct 2009,0.6843
02 Nov 2009,0.716
03 Nov 2009,0.7585
04 Nov 2009,0.8055
05 Nov 2009,0.8182
06 Nov 2009,0.8332
09 Nov 2009,0.7796
10 Nov 2009,0.7244
11 Nov 2009,0.695
12 Nov 2009,0.7229
13 Nov 2009,0.7514
16 Nov 2009,0.7107
17 Nov 2009,0.6924
18 Nov 2009,0.705
19 Nov 2009,0.6886
20 Nov 2009,0.6922
23 Nov 2009,0.7234
24 Nov 2009,0.7278
25 Nov 2009,0.7061
26 Nov 2009,0.6189
27 Nov 2009,0.639
30 Nov 2009,0.5994
01 Dec 2009,0.6119
02 Dec 2009,0.637
03 Dec 2009,0.6546
04 Dec 2009,0.6794
07 Dec 2009,0.6615
08 Dec 2009,0.6553
09 Dec 2009,0.6308
10 Dec 2009,0.7337
11 Dec 2009,0.746
14 Dec 2009,0.7145
15 Dec 2009,0.8072
16 Dec 2009,0.7919
17 Dec 2009,0.7542
18 Dec 2009,0.6858
21 Dec 2009,0.7777
22 Dec 2009,0.8129
23 Dec 2009,0.8859
24 Dec 2009,0.8892
29 Dec 2009,0.9602
30 Dec 2009,0.9494
31 Dec 2009,0.891
04 Jan 2010,0.8371
05 Jan 2010,0.8552
06 Jan 2010,0.8663
07 Jan 2010,0.8458
08 Jan 2010,0.8326
11 Jan 2010,0.7623
12 Jan 2010,0.7549
13 Jan 2010,0.7655
14 Jan 2010,0.7744
15 Jan 2010,0.7356
18 Jan 2010,0.7517
19 Jan 2010,0.8821
20 Jan 2010,0.9079
21 Jan 2010,0.8379
22 Jan 2010,0.8581
25 Jan 2010,0.8606
26 Jan 2010,0.8611
27 Jan 2010,0.9052
28 Jan 2010,0.9569
29 Jan 2010,0.9211
01 Feb 2010,0.9071
02 Feb 2010,0.9197
03 Feb 2010,0.92
04 Feb 2010,0.9222
05 Feb 2010,0.9178
08 Feb 2010,0.9881
09 Feb 2010,0.9955
10 Feb 2010,1.0256
11 Feb 2010,1.161
12 Feb 2010,1.1437
15 Feb 2010,1.1122
16 Feb 2010,1.0703
17 Feb 2010,1.043
18 Feb 2010,1.0713
19 Feb 2010,1.1239
22 Feb 2010,1.0838
23 Feb 2010,1.0391
24 Feb 2010,0.9529
25 Feb 2010,0.9118
26 Feb 2010,0.8887
01 Mar 2010,0.9134
02 Mar 2010,0.8444
03 Mar 2010,0.8548
04 Mar 2010,0.8204
05 Mar 2010,0.9026
08 Mar 2010,0.9448
09 Mar 2010,0.8908
10 Mar 2010,0.9164
11 Mar 2010,0.9693
12 Mar 2010,0.9225
15 Mar 2010,0.8811
16 Mar 2010,0.8334
17 Mar 2010,0.8092
18 Mar 2010,0.7947
19 Mar 2010,0.7769
22 Mar 2010,0.744
23 Mar 2010,0.7662
24 Mar 2010,0.7895
25 Mar 2010,0.7991
26 Mar 2010,0.7919
29 Mar 2010,0.7254
30 Mar 2010,0.7547
31 Mar 2010,0.7012
01 Apr 2010,0.6836
06 Apr 2010,0.7501
07 Apr 2010,0.7657
08 Apr 2010,0.6993
09 Apr 2010,0.7296
12 Apr 2010,0.7224
13 Apr 2010,0.6913
14 Apr 2010,0.6925
15 Apr 2010,0.7118
16 Apr 2010,0.6713
19 Apr 2010,0.6769
20 Apr 2010,0.721
21 Apr 2010,0.6816
22 Apr 2010,0.6928
23 Apr 2010,0.7626
26 Apr 2010,0.7638
27 Apr 2010,0.7278
28 Apr 2010,0.7113
29 Apr 2010,0.7219
30 Apr 2010,0.6322
04 May 2010,0.6276
05 May 2010,0.6636
06 May 2010,0.6319
07 May 2010,0.6596
10 May 2010,0.7292
11 May 2010,0.7009
12 May 2010,0.7255
13 May 2010,0.7532
14 May 2010,0.7046
17 May 2010,0.7312
18 May 2010,0.7906
19 May 2010,0.7574
20 May 2010,0.6914
21 May 2010,0.7318
24 May 2010,0.7497
25 May 2010,0.7296
26 May 2010,0.8168
27 May 2010,0.817
28 May 2010,0.7872
01 Jun 2010,0.7446
02 Jun 2010,0.6758
03 Jun 2010,0.7656
04 Jun 2010,0.7211
07 Jun 2010,0.7584
08 Jun 2010,0.8091
09 Jun 2010,0.8633
10 Jun 2010,0.8588
11 Jun 2010,0.7716
14 Jun 2010,0.8678
15 Jun 2010,0.871
16 Jun 2010,0.8636
17 Jun 2010,0.7897
18 Jun 2010,0.8777
21 Jun 2010,0.7673
22 Jun 2010,0.7038
23 Jun 2010,0.693
24 Jun 2010,0.6489
25 Jun 2010,0.6484
28 Jun 2010,0.6611
29 Jun 2010,0.7171
30 Jun 2010,0.6648
01 Jul 2010,0.6412
02 Jul 2010,0.7098
05 Jul 2010,0.6929
06 Jul 2010,0.7331
07 Jul 2010,0.7668
08 Jul 2010,0.7741
09 Jul 2010,0.7935
12 Jul 2010,0.8255
13 Jul 2010,0.8114
14 Jul 2010,0.8408
15 Jul 2010,0.8556
16 Jul 2010,0.8387
19 Jul 2010,0.8689
20 Jul 2010,0.8887
21 Jul 2010,0.9197
22 Jul 2010,0.9742
23 Jul 2010,1.0159
26 Jul 2010,1.033
27 Jul 2010,1.0589
28 Jul 2010,1.0254
29 Jul 2010,0.9594
30 Jul 2010,0.8747
02 Aug 2010,0.8891
03 Aug 2010,0.8255
04 Aug 2010,0.8442
05 Aug 2010,0.7867
06 Aug 2010,0.7792
09 Aug 2010,0.799
10 Aug 2010,0.8049
11 Aug 2010,0.6986
12 Aug 2010,0.6701
13 Aug 2010,0.6879
16 Aug 2010,0.6529
17 Aug 2010,0.6158
18 Aug 2010,0.626
19 Aug 2010,0.605
20 Aug 2010,0.6016
23 Aug 2010,0.5866
24 Aug 2010,0.5119
25 Aug 2010,0.4938
26 Aug 2010,0.5136
27 Aug 2010,0.5252
31 Aug 2010,0.4577
01 Sep 2010,0.5226
02 Sep 2010,0.4902
03 Sep 2010,0.4992
06 Sep 2010,0.4584
07 Sep 2010,0.3971
08 Sep 2010,0.4466
09 Sep 2010,0.4691
10 Sep 2010,0.5247
13 Sep 2010,0.4913
14 Sep 2010,0.428
15 Sep 2010,0.4313
16 Sep 2010,0.4901
17 Sep 2010,0.4885
20 Sep 2010,0.5138
21 Sep 2010,0.4855
22 Sep 2010,0.3818
23 Sep 2010,0.3992
24 Sep 2010,0.4826
27 Sep 2010,0.4309
28 Sep 2010,0.4239
29 Sep 2010,0.4029
30 Sep 2010,0.4299
01 Oct 2010,0.4433
04 Oct 2010,0.4362
05 Oct 2010,0.4746
06 Oct 2010,0.3894
07 Oct 2010,0.401
08 Oct 2010,0.3162
11 Oct 2010,0.3373
12 Oct 2010,0.2572
13 Oct 2010,0.2602
14 Oct 2010,0.2777
15 Oct 2010,0.3566
18 Oct 2010,0.3548
19 Oct 2010,0.389
20 Oct 2010,0.3535
21 Oct 2010,0.3084
22 Oct 2010,0.3349
25 Oct 2010,0.3072
26 Oct 2010,0.4238
27 Oct 2010,0.4836
28 Oct 2010,0.4992
29 Oct 2010,0.4312
01 Nov 2010,0.4088
02 Nov 2010,0.4063
03 Nov 2010,0.3773
04 Nov 2010,0.3177
05 Nov 2010,0.3356
08 Nov 2010,0.3556
09 Nov 2010,0.3799
10 Nov 2010,0.4562
11 Nov 2010,0.4136
12 Nov 2010,0.4115
15 Nov 2010,0.4365
16 Nov 2010,0.4926
17 Nov 2010,0.5065
18 Nov 2010,0.5987
19 Nov 2010,0.5732
22 Nov 2010,0.5232
23 Nov 2010,0.4784
24 Nov 2010,0.56
25 Nov 2010,0.5902
26 Nov 2010,0.5866
29 Nov 2010,0.6242
30 Nov 2010,0.5611
01 Dec 2010,0.6632
02 Dec 2010,0.7081
03 Dec 2010,0.7266
06 Dec 2010,0.7035
07 Dec 2010,0.7249
08 Dec 2010,0.7515
09 Dec 2010,0.6741
10 Dec 2010,0.6953
13 Dec 2010,0.7107
14 Dec 2010,0.7205
15 Dec 2010,0.7259
16 Dec 2010,0.7315
17 Dec 2010,0.6688
20 Dec 2010,0.5965
21 Dec 2010,0.6196
22 Dec 2010,0.6214
23 Dec 2010,0.6167
24 Dec 2010,0.627
29 Dec 2010,0.6722
30 Dec 2010,0.5695
31 Dec 2010,0.4934
04 Jan 2011,0.5452
05 Jan 2011,0.6048
06 Jan 2011,0.5392
07 Jan 2011,0.5374
10 Jan 2011,0.5271
11 Jan 2011,0.5595
12 Jan 2011,0.6039
13 Jan 2011,0.6018
14 Jan 2011,0.6097
17 Jan 2011,0.6253
18 Jan 2011,0.6856
19 Jan 2011,0.6676
20 Jan 2011,0.7359
21 Jan 2011,0.7592
24 Jan 2011,0.7455
25 Jan 2011,0.7213
26 Jan 2011,0.7145
27 Jan 2011,0.7019
28 Jan 2011,0.643
31 Jan 2011,0.6548
01 Feb 2011,0.6851
02 Feb 2011,0.7175
03 Feb 2011,0.7104
04 Feb 2011,0.7653
07 Feb 2011,0.7823
08 Feb 2011,0.7846
09 Feb 2011,0.7942
10 Feb 2011,0.7971
11 Feb 2011,0.8128
14 Feb 2011,0.7915
15 Feb 2011,0.7976
16 Feb 2011,0.7789
17 Feb 2011,0.7686
18 Feb 2011,0.7994
21 Feb 2011,0.7298
22 Feb 2011,0.6668
23 Feb 2011,0.636
24 Feb 2011,0.5648
25 Feb 2011,0.5633
28 Feb 2011,0.5469
01 Mar 2011,0.5382
02 Mar 2011,0.5654
03 Mar 2011,0.6367
04 Mar 2011,0.5653
07 Mar 2011,0.5728
08 Mar 2011,0.6051
09 Mar 2011,0.5916
10 Mar 2011,0.5629
11 Mar 2011,0.5477
14 Mar 2011,0.4989
15 Mar 2011,0.516
16 Mar 2011,0.4691
17 Mar 2011,0.4981
18 Mar 2011,0.4501
21 Mar 2011,0.458
22 Mar 2011,0.5337
23 Mar 2011,0.5306
24 Mar 2011,0.5649
25 Mar 2011,0.5808
28 Mar 2011,0.551
29 Mar 2011,0.5967
30 Mar 2011,0.6131
31 Mar 2011,0.6233
01 Apr 2011,0.6175
04 Apr 2011,0.6147
05 Apr 2011,0.6415
06 Apr 2011,0.6377
07 Apr 2011,0.6123
08 Apr 2011,0.6526
11 Apr 2011,0.6546
12 Apr 2011,0.5855
13 Apr 2011,0.6034
14 Apr 2011,0.6053
15 Apr 2011,0.5411
18 Apr 2011,0.5259
19 Apr 2011,0.5239
20 Apr 2011,0.5449
21 Apr 2011,0.5046
26 Apr 2011,0.4685
27 Apr 2011,0.5444
28 Apr 2011,0.4551
03 May 2011,0.4071
04 May 2011,0.3657
05 May 2011,0.3893
06 May 2011,0.4209
09 May 2011,0.426
10 May 2011,0.418
11 May 2011,0.4443
12 May 2011,0.4099
13 May 2011,0.3818
16 May 2011,0.403
17 May 2011,0.4174
18 May 2011,0.458
19 May 2011,0.4782
20 May 2011,0.4641
23 May 2011,0.4625
24 May 2011,0.4455
25 May 2011,0.4174
26 May 2011,0.388
27 May 2011,0.3651
31 May 2011,0.3524
01 Jun 2011,0.3196
02 Jun 2011,0.3179
03 Jun 2011,0.3485
06 Jun 2011,0.3178
07 Jun 2011,0.3363
08 Jun 2011,0.2821
09 Jun 2011,0.2745
10 Jun 2011,0.2313
13 Jun 2011,0.2479
14 Jun 2011,0.23
15 Jun 2011,0.1564
16 Jun 2011,0.1606
17 Jun 2011,0.1843
20 Jun 2011,0.2303
21 Jun 2011,0.2224
22 Jun 2011,0.2304
23 Jun 2011,0.2111
24 Jun 2011,0.1966
27 Jun 2011,0.2527
28 Jun 2011,0.3195
29 Jun 2011,0.3574
30 Jun 2011,0.3989
01 Jul 2011,0.3944
04 Jul 2011,0.3874
05 Jul 2011,0.3326
06 Jul 2011,0.3062
07 Jul 2011,0.3352
08 Jul 2011,0.2638
11 Jul 2011,0.2038
12 Jul 2011,0.1973
13 Jul 2011,0.1834
14 Jul 2011,0.1559
15 Jul 2011,0.1298
18 Jul 2011,0.0918
19 Jul 2011,0.0793
20 Jul 2011,0.1064
21 Jul 2011,0.1967
22 Jul 2011,0.1503
25 Jul 2011,0.1248
26 Jul 2011,0.1745
27 Jul 2011,0.0956
28 Jul 2011,0.0482
29 Jul 2011,-0.0472
01 Aug 2011,-0.1031
02 Aug 2011,-0.1194
03 Aug 2011,-0.1059
04 Aug 2011,-0.1318
05 Aug 2011,-0.0919
08 Aug 2011,-0.0735
09 Aug 2011,0.0558
10 Aug 2011,-0.1064
11 Aug 2011,-0.042
12 Aug 2011,-0.1489
15 Aug 2011,-0.1599
16 Aug 2011,-0.2263
17 Aug 2011,-0.3042
18 Aug 2011,-0.3631
19 Aug 2011,-0.2992
22 Aug 2011,-0.3265
23 Aug 2011,-0.2731
24 Aug 2011,-0.1783
25 Aug 2011,-0.1317
26 Aug 2011,-0.0618
30 Aug 2011,-0.0614
31 Aug 2011,0.0138
01 Sep 2011,-0.0385
02 Sep 2011,-0.0862
05 Sep 2011,-0.1663
06 Sep 2011,-0.16
07 Sep 2011,-0.1607
08 Sep 2011,-0.1903
09 Sep 2011,-0.2786
12 Sep 2011,-0.3194
13 Sep 2011,-0.2615
14 Sep 2011,-0.233
15 Sep 2011,-0.1917
16 Sep 2011,-0.2381
19 Sep 2011,-0.2848
20 Sep 2011,-0.2802
21 Sep 2011,-0.2411
22 Sep 2011,-0.2927
23 Sep 2011,-0.2367
26 Sep 2011,-0.1776
27 Sep 2011,-0.1089
28 Sep 2011,-0.1143
29 Sep 2011,-0.1791
30 Sep 2011,-0.2349
03 Oct 2011,-0.2552
04 Oct 2011,-0.2921
05 Oct 2011,-0.2466
06 Oct 2011,-0.2744
07 Oct 2011,-0.3117
10 Oct 2011,-0.2038
11 Oct 2011,-0.17
12 Oct 2011,-0.1002
13 Oct 2011,-0.1013
14 Oct 2011,-0.0414
17 Oct 2011,-0.0775
18 Oct 2011,-0.1449
19 Oct 2011,-0.0899
20 Oct 2011,-0.0885
21 Oct 2011,-0.0618
24 Oct 2011,-0.0079
25 Oct 2011,-0.0058
26 Oct 2011,-0.0224
27 Oct 2011,0.0621
28 Oct 2011,0.027
31 Oct 2011,-0.1115
01 Nov 2011,-0.2662
02 Nov 2011,-0.2541
03 Nov 2011,-0.2053
04 Nov 2011,-0.2391
07 Nov 2011,-0.2432
08 Nov 2011,-0.2638
09 Nov 2011,-0.296
10 Nov 2011,-0.2835
11 Nov 2011,-0.2541
14 Nov 2011,-0.3066
15 Nov 2011,-0.3293
16 Nov 2011,-0.3538
17 Nov 2011,-0.3166
18 Nov 2011,-0.3084
21 Nov 2011,-0.269
22 Nov 2011,-0.3574
23 Nov 2011,-0.4072
24 Nov 2011,-0.4044
25 Nov 2011,-0.3582
28 Nov 2011,-0.3926
29 Nov 2011,-0.4255
30 Nov 2011,-0.3402
01 Dec 2011,-0.401
02 Dec 2011,-0.3488
05 Dec 2011,-0.2789
06 Dec 2011,-0.3617
07 Dec 2011,-0.3706
08 Dec 2011,-0.4241
09 Dec 2011,-0.3964
12 Dec 2011,-0.3999
13 Dec 2011,-0.4155
14 Dec 2011,-0.4681
15 Dec 2011,-0.4938
16 Dec 2011,-0.5369
19 Dec 2011,-0.5412
20 Dec 2011,-0.522
21 Dec 2011,-0.5408
22 Dec 2011,-0.5624
23 Dec 2011,-0.5668
28 Dec 2011,-0.5906
29 Dec 2011,-0.6155
30 Dec 2011,-0.5942
03 Jan 2012,-0.5516
04 Jan 2012,-0.5624
05 Jan 2012,-0.6054
06 Jan 2012,-0.6778
09 Jan 2012,-0.6974
10 Jan 2012,-0.6225
11 Jan 2012,-0.6533
12 Jan 2012,-0.6327
13 Jan 2012,-0.6562
16 Jan 2012,-0.6409
17 Jan 2012,-0.6705
18 Jan 2012,-0.6613
19 Jan 2012,-0.6099
20 Jan 2012,-0.5745
23 Jan 2012,-0.5198
24 Jan 2012,-0.4545
25 Jan 2012,-0.4464
26 Jan 2012,-0.5008
27 Jan 2012,-0.5202
30 Jan 2012,-0.5731
31 Jan 2012,-0.5901
01 Feb 2012,-0.5306
02 Feb 2012,-0.5232
03 Feb 2012,-0.4803
06 Feb 2012,-0.4928
07 Feb 2012,-0.4624
08 Feb 2012,-0.5185
09 Feb 2012,-0.5209
10 Feb 2012,-0.5791
13 Feb 2012,-0.535
14 Feb 2012,-0.6554
15 Feb 2012,-0.6312
16 Feb 2012,-0.5839
17 Feb 2012,-0.5914
20 Feb 2012,-0.5254
21 Feb 2012,-0.5374
22 Feb 2012,-0.6318
23 Feb 2012,-0.628
24 Feb 2012,-0.6578
27 Feb 2012,-0.7012
28 Feb 2012,-0.7042
29 Feb 2012,-0.6717
01 Mar 2012,-0.5998
02 Mar 2012,-0.643
05 Mar 2012,-0.5895
06 Mar 2012,-0.6284
07 Mar 2012,-0.6082
08 Mar 2012,-0.6081
09 Mar 2012,-0.5935
12 Mar 2012,-0.6284
13 Mar 2012,-0.5882
14 Mar 2012,-0.506
15 Mar 2012,-0.4564
16 Mar 2012,-0.4038
19 Mar 2012,-0.4033
20 Mar 2012,-0.3902
21 Mar 2012,-0.4248
22 Mar 2012,-0.448
23 Mar 2012,-0.489
26 Mar 2012,-0.4474
27 Mar 2012,-0.5015
28 Mar 2012,-0.5491
29 Mar 2012,-0.5701
30 Mar 2012,-0.5797
02 Apr 2012,-0.5436
03 Apr 2012,-0.5937
04 Apr 2012,-0.5595
05 Apr 2012,-0.5922
10 Apr 2012,-0.6866
11 Apr 2012,-0.6543
12 Apr 2012,-0.6532
13 Apr 2012,-0.6822
16 Apr 2012,-0.7073
17 Apr 2012,-0.641
18 Apr 2012,-0.5843
19 Apr 2012,-0.5289
20 Apr 2012,-0.5168
23 Apr 2012,-0.5603
24 Apr 2012,-0.5718
25 Apr 2012,-0.5099
26 Apr 2012,-0.5311
27 Apr 2012,-0.5464
30 Apr 2012,-0.5575
01 May 2012,-0.5806
02 May 2012,-0.6011
03 May 2012,-0.5925
04 May 2012,-0.61
08 May 2012,-0.6378
09 May 2012,-0.6641
10 May 2012,-0.643
11 May 2012,-0.7083
14 May 2012,-0.7385
15 May 2012,-0.74
16 May 2012,-0.7584
17 May 2012,-0.7923
18 May 2012,-0.787
21 May 2012,-0.7655
22 May 2012,-0.6983
23 May 2012,-0.7374
24 May 2012,-0.728
25 May 2012,-0.679
28 May 2012,-0.6308
29 May 2012,-0.6272
30 May 2012,-0.6865
31 May 2012,-0.74
01 Jun 2012,-0.7283
06 Jun 2012,-0.6364
07 Jun 2012,-0.5853
08 Jun 2012,-0.6023
11 Jun 2012,-0.5596
12 Jun 2012,-0.5419
13 Jun 2012,-0.5334
14 Jun 2012,-0.5654
15 Jun 2012,-0.6412
18 Jun 2012,-0.6441
19 Jun 2012,-0.6243
20 Jun 2012,-0.5996
21 Jun 2012,-0.6019
22 Jun 2012,-0.5839
25 Jun 2012,-0.6108
26 Jun 2012,-0.5992
27 Jun 2012,-0.5589
28 Jun 2012,-0.5888
29 Jun 2012,-0.5593
02 Jul 2012,-0.5786
03 Jul 2012,-0.5252
04 Jul 2012,-0.5671
05 Jul 2012,-0.624
06 Jul 2012,-0.6417
09 Jul 2012,-0.6243
10 Jul 2012,-0.5857
11 Jul 2012,-0.5827
12 Jul 2012,-0.5892
13 Jul 2012,-0.5866
16 Jul 2012,-0.6244
17 Jul 2012,-0.6867
18 Jul 2012,-0.7097
19 Jul 2012,-0.7096
20 Jul 2012,-0.7245
23 Jul 2012,-0.6993
24 Jul 2012,-0.7142
25 Jul 2012,-0.702
26 Jul 2012,-0.6859
27 Jul 2012,-0.6334
30 Jul 2012,-0.648
31 Jul 2012,-0.6927
01 Aug 2012,-0.6812
02 Aug 2012,-0.7328
03 Aug 2012,-0.6294
06 Aug 2012,-0.6838
07 Aug 2012,-0.6468
08 Aug 2012,-0.6712
09 Aug 2012,-0.6553
10 Aug 2012,-0.7248
13 Aug 2012,-0.7103
14 Aug 2012,-0.71
15 Aug 2012,-0.6859
16 Aug 2012,-0.6689
17 Aug 2012,-0.6954
20 Aug 2012,-0.6731
21 Aug 2012,-0.6137
22 Aug 2012,-0.6531
23 Aug 2012,-0.6746
24 Aug 2012,-0.6949
28 Aug 2012,-0.7292
29 Aug 2012,-0.7366
30 Aug 2012,-0.7822
31 Aug 2012,-0.8061
03 Sep 2012,-0.7966
04 Sep 2012,-0.8268
05 Sep 2012,-0.7766
06 Sep 2012,-0.7181
07 Sep 2012,-0.7351
10 Sep 2012,-0.6877
11 Sep 2012,-0.6655
12 Sep 2012,-0.6169
13 Sep 2012,-0.6479
14 Sep 2012,-0.6176
17 Sep 2012,-0.6982
18 Sep 2012,-0.6498
19 Sep 2012,-0.637
20 Sep 2012,-0.6438
21 Sep 2012,-0.6311
24 Sep 2012,-0.608
25 Sep 2012,-0.5559
26 Sep 2012,-0.594
27 Sep 2012,-0.5736
28 Sep 2012,-0.5683
01 Oct 2012,-0.5566
02 Oct 2012,-0.5663
03 Oct 2012,-0.6055
04 Oct 2012,-0.6059
05 Oct 2012,-0.5731
08 Oct 2012,-0.6245
09 Oct 2012,-0.6126
10 Oct 2012,-0.6052
11 Oct 2012,-0.6902
12 Oct 2012,-0.7436
15 Oct 2012,-0.6773
16 Oct 2012,-0.6103
17 Oct 2012,-0.541
18 Oct 2012,-0.5296
19 Oct 2012,-0.5441
22 Oct 2012,-0.5274
23 Oct 2012,-0.5747
24 Oct 2012,-0.5495
25 Oct 2012,-0.5295
26 Oct 2012,-0.5508
29 Oct 2012,-0.5959
30 Oct 2012,-0.5736
31 Oct 2012,-0.5629
01 Nov 2012,-0.5541
02 Nov 2012,-0.5663
05 Nov 2012,-0.5818
06 Nov 2012,-0.569
07 Nov 2012,-0.6095
08 Nov 2012,-0.6053
09 Nov 2012,-0.6396
12 Nov 2012,-0.6493
13 Nov 2012,-0.6491
14 Nov 2012,-0.6465
15 Nov 2012,-0.6572
16 Nov 2012,-0.6592
19 Nov 2012,-0.6473
20 Nov 2012,-0.6132
21 Nov 2012,-0.5907
22 Nov 2012,-0.5957
23 Nov 2012,-0.6138
26 Nov 2012,-0.6312
27 Nov 2012,-0.6515
28 Nov 2012,-0.69
29 Nov 2012,-0.7186
30 Nov 2012,-0.6983
03 Dec 2012,-0.7115
04 Dec 2012,-0.7271
05 Dec 2012,-0.7009
06 Dec 2012,-0.7509
07 Dec 2012,-0.7587
10 Dec 2012,-0.7321
11 Dec 2012,-0.7454
12 Dec 2012,-0.7174
13 Dec 2012,-0.7183
14 Dec 2012,-0.756
17 Dec 2012,-0.7386
18 Dec 2012,-0.6996
19 Dec 2012,-0.6779
20 Dec 2012,-0.6769
21 Dec 2012,-0.7171
24 Dec 2012,-0.7082
27 Dec 2012,-0.7704
28 Dec 2012,-0.7365
31 Dec 2012,-0.7293
02 Jan 2013,-0.6366
03 Jan 2013,-0.5603
04 Jan 2013,-0.5399
07 Jan 2013,-0.5201
08 Jan 2013,-0.5359
09 Jan 2013,-0.5426
10 Jan 2013,-0.8902
11 Jan 2013,-0.8788
14 Jan 2013,-0.8965
15 Jan 2013,-0.8986
16 Jan 2013,-0.9608
17 Jan 2013,-0.9308
18 Jan 2013,-0.9272
21 Jan 2013,-0.8938
22 Jan 2013,-0.9334
23 Jan 2013,-0.9775
24 Jan 2013,-0.9675
25 Jan 2013,-0.9495
28 Jan 2013,-0.927
29 Jan 2013,-0.9274
30 Jan 2013,-0.9163
31 Jan 2013,-0.9442
01 Feb 2013,-0.9934
04 Feb 2013,-1.0265
05 Feb 2013,-0.9865
06 Feb 2013,-0.945
07 Feb 2013,-0.9867
08 Feb 2013,-0.997
11 Feb 2013,-0.9784
12 Feb 2013,-1.0496
13 Feb 2013,-0.9892
14 Feb 2013,-1.0023
15 Feb 2013,-0.9786
18 Feb 2013,-0.9619
19 Feb 2013,-0.9465
20 Feb 2013,-0.9817
21 Feb 2013,-1.0293
22 Feb 2013,-1.0142
25 Feb 2013,-1.0226
26 Feb 2013,-1.0936
27 Feb 2013,-1.0951
28 Feb 2013,-1.1363
01 Mar 2013,-1.2125
04 Mar 2013,-1.2119
05 Mar 2013,-1.1891
06 Mar 2013,-1.1716
07 Mar 2013,-1.1492
08 Mar 2013,-1.1332
11 Mar 2013,-1.1889
12 Mar 2013,-1.2821
13 Mar 2013,-1.2779
14 Mar 2013,-1.2355
15 Mar 2013,-1.2291
18 Mar 2013,-1.2669
19 Mar 2013,-1.2788
20 Mar 2013,-1.2482
21 Mar 2013,-1.2419
22 Mar 2013,-1.2838
25 Mar 2013,-1.3361
26 Mar 2013,-1.3471
27 Mar 2013,-1.3745
28 Mar 2013,-1.374
02 Apr 2013,-1.3626
03 Apr 2013,-1.3803
04 Apr 2013,-1.3807
05 Apr 2013,-1.4226
08 Apr 2013,-1.3867
09 Apr 2013,-1.3768
10 Apr 2013,-1.3718
11 Apr 2013,-1.3812
12 Apr 2013,-1.3655
15 Apr 2013,-1.3585
16 Apr 2013,-1.2818
17 Apr 2013,-1.2701
18 Apr 2013,-1.2747
19 Apr 2013,-1.2422
22 Apr 2013,-1.2902
23 Apr 2013,-1.2659
24 Apr 2013,-1.2735
25 Apr 2013,-1.2346
26 Apr 2013,-1.2606
29 Apr 2013,-1.2533
30 Apr 2013,-1.2315
01 May 2013,-1.2155
02 May 2013,-1.2303
03 May 2013,-1.1868
07 May 2013,-1.1484
08 May 2013,-1.1696
09 May 2013,-1.1447
10 May 2013,-1.098
13 May 2013,-1.096
14 May 2013,-1.0768
15 May 2013,-1.0335
16 May 2013,-1.0762
17 May 2013,-1.0423
20 May 2013,-1.0192
21 May 2013,-0.9776
22 May 2013,-0.987
23 May 2013,-0.9639
24 May 2013,-1.0285
28 May 2013,-1.0415
29 May 2013,-1.0097
30 May 2013,-0.9989
31 May 2013,-0.9501
03 Jun 2013,-0.9302
04 Jun 2013,-0.8965
05 Jun 2013,-0.8849
06 Jun 2013,-0.8339
07 Jun 2013,-0.7609
10 Jun 2013,-0.717
11 Jun 2013,-0.6053
12 Jun 2013,-0.6423
13 Jun 2013,-0.65
14 Jun 2013,-0.717
17 Jun 2013,-0.7259
18 Jun 2013,-0.7189
19 Jun 2013,-0.7351
20 Jun 2013,-0.6298
21 Jun 2013,-0.5258
24 Jun 2013,-0.2821
25 Jun 2013,-0.3085
26 Jun 2013,-0.3916
27 Jun 2013,-0.3779
28 Jun 2013,-0.3497
01 Jul 2013,-0.4056
02 Jul 2013,-0.4664
03 Jul 2013,-0.4762
04 Jul 2013,-0.5562
05 Jul 2013,-0.5398
08 Jul 2013,-0.5278
09 Jul 2013,-0.525
10 Jul 2013,-0.5928
11 Jul 2013,-0.6434
12 Jul 2013,-0.6597
15 Jul 2013,-0.6429
16 Jul 2013,-0.7182
17 Jul 2013,-0.7108
18 Jul 2013,-0.6939
19 Jul 2013,-0.6437
22 Jul 2013,-0.638
23 Jul 2013,-0.5819
24 Jul 2013,-0.5175
25 Jul 2013,-0.5086
26 Jul 2013,-0.5499
29 Jul 2013,-0.5474
30 Jul 2013,-0.5487
31 Jul 2013,-0.5335
01 Aug 2013,-0.5532
02 Aug 2013,-0.5395
05 Aug 2013,-0.497
06 Aug 2013,-0.4915
07 Aug 2013,-0.4792
08 Aug 2013,-0.4579
09 Aug 2013,-0.4532
12 Aug 2013,-0.4376
13 Aug 2013,-0.3831
14 Aug 2013,-0.3542
15 Aug 2013,-0.3276
16 Aug 2013,-0.2733
19 Aug 2013,-0.2057
20 Aug 2013,-0.2272
21 Aug 2013,-0.2666
22 Aug 2013,-0.2389
23 Aug 2013,-0.2414
27 Aug 2013,-0.3478
28 Aug 2013,-0.3673
29 Aug 2013,-0.3642
30 Aug 2013,-0.3505
02 Sep 2013,-0.311
03 Sep 2013,-0.2907
04 Sep 2013,-0.2913
05 Sep 2013,-0.2042
06 Sep 2013,-0.2245
09 Sep 2013,-0.1909
10 Sep 2013,-0.1276
11 Sep 2013,-0.1162
12 Sep 2013,-0.1541
13 Sep 2013,-0.178
16 Sep 2013,-0.1971
17 Sep 2013,-0.1653
18 Sep 2013,-0.1072
19 Sep 2013,-0.199
20 Sep 2013,-0.1968
23 Sep 2013,-0.1553
24 Sep 2013,-0.2496
25 Sep 2013,-0.2804
26 Sep 2013,-0.2828
27 Sep 2013,-0.3168
30 Sep 2013,-0.3198
01 Oct 2013,-0.3222
02 Oct 2013,-0.3273
03 Oct 2013,-0.351
04 Oct 2013,-0.3296
07 Oct 2013,-0.3505
08 Oct 2013,-0.3552
09 Oct 2013,-0.3713
10 Oct 2013,-0.3612
11 Oct 2013,-0.3552
14 Oct 2013,-0.3333
15 Oct 2013,-0.279
16 Oct 2013,-0.2541
17 Oct 2013,-0.3245
18 Oct 2013,-0.3525
21 Oct 2013,-0.3398
22 Oct 2013,-0.4219
23 Oct 2013,-0.4663
24 Oct 2013,-0.4435
25 Oct 2013,-0.4647
28 Oct 2013,-0.4672
29 Oct 2013,-0.4808
30 Oct 2013,-0.4957
31 Oct 2013,-0.4392
01 Nov 2013,-0.402
04 Nov 2013,-0.3962
05 Nov 2013,-0.322
06 Nov 2013,-0.3039
07 Nov 2013,-0.3201
08 Nov 2013,-0.2826
11 Nov 2013,-0.2645
12 Nov 2013,-0.2127
13 Nov 2013,-0.1918
14 Nov 2013,-0.1752
15 Nov 2013,-0.2149
18 Nov 2013,-0.2573
19 Nov 2013,-0.3156
20 Nov 2013,-0.3111
21 Nov 2013,-0.2397
22 Nov 2013,-0.2685
25 Nov 2013,-0.289
26 Nov 2013,-0.309
27 Nov 2013,-0.2979
28 Nov 2013,-0.3203
29 Nov 2013,-0.3197
02 Dec 2013,-0.2639
03 Dec 2013,-0.2831
04 Dec 2013,-0.2208
05 Dec 2013,-0.206
06 Dec 2013,-0.2284
09 Dec 2013,-0.211
10 Dec 2013,-0.2287
11 Dec 2013,-0.2291
12 Dec 2013,-0.1909
13 Dec 2013,-0.1836
16 Dec 2013,-0.1916
17 Dec 2013,-0.216
18 Dec 2013,-0.2057
19 Dec 2013,-0.1763
20 Dec 2013,-0.1893
23 Dec 2013,-0.1704
24 Dec 2013,-0.1569
27 Dec 2013,-0.0837
30 Dec 2013,-0.11
31 Dec 2013,-0.109
02 Jan 2014,-0.0803
03 Jan 2014,-0.0604
06 Jan 2014,-0.0755
07 Jan 2014,-0.0898
08 Jan 2014,-0.0797
09 Jan 2014,-0.0846
10 Jan 2014,-0.1553
13 Jan 2014,-0.1994
14 Jan 2014,-0.2081
15 Jan 2014,-0.1876
16 Jan 2014,-0.2136
17 Jan 2014,-0.1996
20 Jan 2014,-0.1952
21 Jan 2014,-0.1748
22 Jan 2014,-0.1534
23 Jan 2014,-0.1884
24 Jan 2014,-0.2126
27 Jan 2014,-0.1736
28 Jan 2014,-0.1384
29 Jan 2014,-0.188
30 Jan 2014,-0.2108
31 Jan 2014,-0.2354
03 Feb 2014,-0.2342
04 Feb 2014,-0.2098
05 Feb 2014,-0.2171
06 Feb 2014,-0.1742
07 Feb 2014,-0.1816
10 Feb 2014,-0.1589
11 Feb 2014,-0.1249
12 Feb 2014,-0.0699
13 Feb 2014,-0.1001
14 Feb 2014,-0.1097
17 Feb 2014,-0.122
18 Feb 2014,-0.206
19 Feb 2014,-0.2155
20 Feb 2014,-0.1651
21 Feb 2014,-0.1827
24 Feb 2014,-0.1923
25 Feb 2014,-0.2135
26 Feb 2014,-0.2307
27 Feb 2014,-0.265
28 Feb 2014,-0.2566
03 Mar 2014,-0.3046
04 Mar 2014,-0.3035
05 Mar 2014,-0.305
06 Mar 2014,-0.2679
07 Mar 2014,-0.2554
10 Mar 2014,-0.2372
11 Mar 2014,-0.2449
12 Mar 2014,-0.2721
13 Mar 2014,-0.3225
14 Mar 2014,-0.3398
17 Mar 2014,-0.348
18 Mar 2014,-0.3634
19 Mar 2014,-0.3498
20 Mar 2014,-0.2827
21 Mar 2014,-0.266
24 Mar 2014,-0.2847
25 Mar 2014,-0.2733
26 Mar 2014,-0.3067
27 Mar 2014,-0.3414
28 Mar 2014,-0.2949
31 Mar 2014,-0.2991
01 Apr 2014,-0.2931
02 Apr 2014,-0.2598
03 Apr 2014,-0.2622
04 Apr 2014,-0.315
07 Apr 2014,-0.3168
08 Apr 2014,-0.3019
09 Apr 2014,-0.3046
10 Apr 2014,-0.3769
11 Apr 2014,-0.3829
14 Apr 2014,-0.3694
15 Apr 2014,-0.408
16 Apr 2014,-0.4072
17 Apr 2014,-0.3896
22 Apr 2014,-0.3519
23 Apr 2014,-0.3773
24 Apr 2014,-0.3579
25 Apr 2014,-0.3863
28 Apr 2014,-0.3636
29 Apr 2014,-0.3586
30 Apr 2014,-0.3684
01 May 2014,-0.3908
02 May 2014,-0.3939
06 May 2014,-0.3776
07 May 2014,-0.3717
08 May 2014,-0.3869
09 May 2014,-0.368
12 May 2014,-0.3359
13 May 2014,-0.3595
14 May 2014,-0.4127
15 May 2014,-0.4761
16 May 2014,-0.4475
19 May 2014,-0.4327
20 May 2014,-0.3799
21 May 2014,-0.3529
22 May 2014,-0.336
23 May 2014,-0.3471
27 May 2014,-0.3205
28 May 2014,-0.3844
29 May 2014,-0.3848
30 May 2014,-0.3904
02 Jun 2014,-0.3641
03 Jun 2014,-0.3371
04 Jun 2014,-0.2742
05 Jun 2014,-0.2999
06 Jun 2014,-0.3095
09 Jun 2014,-0.294
10 Jun 2014,-0.2787
11 Jun 2014,-0.2812
12 Jun 2014,-0.2757
13 Jun 2014,-0.2583
16 Jun 2014,-0.2567
17 Jun 2014,-0.248
18 Jun 2014,-0.2787
19 Jun 2014,-0.2769
20 Jun 2014,-0.2492
23 Jun 2014,-0.2639
24 Jun 2014,-0.2559
25 Jun 2014,-0.3215
26 Jun 2014,-0.3319
27 Jun 2014,-0.3148
30 Jun 2014,-0.2904
01 Jul 2014,-0.2682
02 Jul 2014,-0.2335
03 Jul 2014,-0.2293
04 Jul 2014,-0.2192
07 Jul 2014,-0.2308
08 Jul 2014,-0.2879
09 Jul 2014,-0.2837
10 Jul 2014,-0.3049
11 Jul 2014,-0.3262
14 Jul 2014,-0.3214
15 Jul 2014,-0.3112
16 Jul 2014,-0.2958
17 Jul 2014,-0.3377
18 Jul 2014,-0.3532
21 Jul 2014,-0.3606
22 Jul 2014,-0.3406
23 Jul 2014,-0.3576
24 Jul 2014,-0.3235
25 Jul 2014,-0.3538
28 Jul 2014,-0.3297
29 Jul 2014,-0.3654
30 Jul 2014,-0.3283
31 Jul 2014,-0.3021
01 Aug 2014,-0.3411
04 Aug 2014,-0.3458
05 Aug 2014,-0.3043
06 Aug 2014,-0.3441
07 Aug 2014,-0.3559
08 Aug 2014,-0.3879
11 Aug 2014,-0.3697
12 Aug 2014,-0.4015
13 Aug 2014,-0.4428
14 Aug 2014,-0.457
15 Aug 2014,-0.5186
18 Aug 2014,-0.4674
19 Aug 2014,-0.5299
20 Aug 2014,-0.5231
21 Aug 2014,-0.5381
22 Aug 2014,-0.5267
26 Aug 2014,-0.5711
27 Aug 2014,-0.609
28 Aug 2014,-0.6299
29 Aug 2014,-0.6547
01 Sep 2014,-0.6536
02 Sep 2014,-0.6445
03 Sep 2014,-0.6228
04 Sep 2014,-0.5941
05 Sep 2014,-0.6074
08 Sep 2014,-0.6013
09 Sep 2014,-0.5605
10 Sep 2014,-0.5413
11 Sep 2014,-0.5296
12 Sep 2014,-0.5001
15 Sep 2014,-0.4823
16 Sep 2014,-0.4734
17 Sep 2014,-0.4755
18 Sep 2014,-0.4323
19 Sep 2014,-0.4767
22 Sep 2014,-0.499
23 Sep 2014,-0.5007
24 Sep 2014,-0.4851
25 Sep 2014,-0.5
26 Sep 2014,-0.4858
29 Sep 2014,-0.5024
30 Sep 2014,-0.5024
01 Oct 2014,-0.5271
02 Oct 2014,-0.5235
03 Oct 2014,-0.4998
06 Oct 2014,-0.5346
07 Oct 2014,-0.5774
08 Oct 2014,-0.5816
09 Oct 2014,-0.5565
10 Oct 2014,-0.5825
13 Oct 2014,-0.6184
14 Oct 2014,-0.6058
15 Oct 2014,-0.7078
16 Oct 2014,-0.6861
17 Oct 2014,-0.6525
20 Oct 2014,-0.7017
21 Oct 2014,-0.7072
22 Oct 2014,-0.6975
23 Oct 2014,-0.6362
24 Oct 2014,-0.6056
27 Oct 2014,-0.6041
28 Oct 2014,-0.613
29 Oct 2014,-0.6109
30 Oct 2014,-0.6219
31 Oct 2014,-0.6034
03 Nov 2014,-0.5828
04 Nov 2014,-0.6127
05 Nov 2014,-0.5897
06 Nov 2014,-0.5957
07 Nov 2014,-0.6398
10 Nov 2014,-0.6506
11 Nov 2014,-0.634
12 Nov 2014,-0.6779
13 Nov 2014,-0.6982
14 Nov 2014,-0.726
17 Nov 2014,-0.7355
18 Nov 2014,-0.7485
19 Nov 2014,-0.7413
20 Nov 2014,-0.7662
21 Nov 2014,-0.8079
24 Nov 2014,-0.8149
25 Nov 2014,-0.8576
26 Nov 2014,-0.8945
27 Nov 2014,-0.9165
28 Nov 2014,-0.895
01 Dec 2014,-0.9105
02 Dec 2014,-0.8928
03 Dec 2014,-0.8779
04 Dec 2014,-0.9064
05 Dec 2014,-0.8852
08 Dec 2014,-0.896
09 Dec 2014,-0.9218
10 Dec 2014,-0.8943
11 Dec 2014,-0.8833
12 Dec 2014,-0.9347
15 Dec 2014,-0.9148
16 Dec 2014,-0.9443
17 Dec 2014,-0.9768
18 Dec 2014,-0.9207
19 Dec 2014,-0.9263
22 Dec 2014,-0.955
23 Dec 2014,-0.943
24 Dec 2014,-0.9233
29 Dec 2014,-0.9804
30 Dec 2014,-0.966
31 Dec 2014,-0.9867
02 Jan 2015,-0.9881
05 Jan 2015,-1.038
06 Jan 2015,-1.0716
07 Jan 2015,-1.0287
08 Jan 2015,-1.0172
09 Jan 2015,-1.0784
12 Jan 2015,-1.0722
13 Jan 2015,-1.0718
14 Jan 2015,-1.1231
15 Jan 2015,-1.1493
16 Jan 2015,-1.1361
19 Jan 2015,-1.1522
20 Jan 2015,-1.1507
21 Jan 2015,-1.1701
22 Jan 2015,-1.1277
23 Jan 2015,-1.1243
26 Jan 2015,-1.0604
27 Jan 2015,-1.0411
28 Jan 2015,-1.052
29 Jan 2015,-1.0587
30 Jan 2015,-1.088
02 Feb 2015,-1.0819
03 Feb 2015,-1.0501
04 Feb 2015,-1.0224
05 Feb 2015,-0.9911
06 Feb 2015,-0.9041
09 Feb 2015,-0.913
10 Feb 2015,-0.8493
11 Feb 2015,-0.8166
12 Feb 2015,-0.8244
13 Feb 2015,-0.8357
16 Feb 2015,-0.83
17 Feb 2015,-0.8255
18 Feb 2015,-0.7898
19 Feb 2015,-0.8081
20 Feb 2015,-0.8545
23 Feb 2015,-0.8376
24 Feb 2015,-0.859
25 Feb 2015,-0.8882
26 Feb 2015,-0.8767
27 Feb 2015,-0.8589
02 Mar 2015,-0.8414
03 Mar 2015,-0.7769
04 Mar 2015,-0.7153
05 Mar 2015,-0.7123
06 Mar 2015,-0.6853
09 Mar 2015,-0.6878
10 Mar 2015,-0.7721
11 Mar 2015,-0.7622
12 Mar 2015,-0.8012
13 Mar 2015,-0.8016
16 Mar 2015,-0.7976
17 Mar 2015,-0.8242
18 Mar 2015,-0.9396
19 Mar 2015,-1.0408
20 Mar 2015,-1.1053
23 Mar 2015,-1.0941
24 Mar 2015,-1.1389
25 Mar 2015,-1.1719
26 Mar 2015,-1.1387
27 Mar 2015,-1.1829
30 Mar 2015,-1.1501
31 Mar 2015,-1.1008
01 Apr 2015,-1.1046
02 Apr 2015,-1.0903
07 Apr 2015,-1.0966
08 Apr 2015,-1.1089
09 Apr 2015,-1.1061
10 Apr 2015,-1.12
13 Apr 2015,-1.127
14 Apr 2015,-1.1766
15 Apr 2015,-1.1574
16 Apr 2015,-1.1353
17 Apr 2015,-1.1414
20 Apr 2015,-1.1499
21 Apr 2015,-1.1439
22 Apr 2015,-1.0667
23 Apr 2015,-1.0796
24 Apr 2015,-1.1284
27 Apr 2015,-1.0827
28 Apr 2015,-1.0656
29 Apr 2015,-0.9667
30 Apr 2015,-1.0028
01 May 2015,-0.981
05 May 2015,-0.8806
06 May 2015,-0.8841
07 May 2015,-0.9155
08 May 2015,-0.9852
11 May 2015,-0.9829
12 May 2015,-0.9384
13 May 2015,-0.9268
14 May 2015,-0.8871
15 May 2015,-0.978
18 May 2015,-0.9627
19 May 2015,-0.9551
20 May 2015,-0.9373
21 May 2015,-0.9282
22 May 2015,-0.9336
26 May 2015,-0.9358
27 May 2015,-0.9312
28 May 2015,-0.9503
29 May 2015,-0.984
01 Jun 2015,-0.9751
02 Jun 2015,-0.9252
03 Jun 2015,-0.8297
04 Jun 2015,-0.8538
05 Jun 2015,-0.821
08 Jun 2015,-0.8342
09 Jun 2015,-0.8111
10 Jun 2015,-0.7805
11 Jun 2015,-0.8227
12 Jun 2015,-0.891
15 Jun 2015,-0.86
16 Jun 2015,-0.8784
17 Jun 2015,-0.8819
18 Jun 2015,-0.9043
19 Jun 2015,-0.893
22 Jun 2015,-0.7951
23 Jun 2015,-0.808
24 Jun 2015,-0.7985
25 Jun 2015,-0.7689
26 Jun 2015,-0.7456
29 Jun 2015,-0.8031
30 Jun 2015,-0.8478
01 Jul 2015,-0.8017
02 Jul 2015,-0.8149
03 Jul 2015,-0.8804
06 Jul 2015,-0.848
07 Jul 2015,-0.9799
08 Jul 2015,-0.9422
09 Jul 2015,-0.9039
10 Jul 2015,-0.8124
13 Jul 2015,-0.7504
14 Jul 2015,-0.7503
15 Jul 2015,-0.7296
16 Jul 2015,-0.7716
17 Jul 2015,-0.7728
20 Jul 2015,-0.781
21 Jul 2015,-0.769
22 Jul 2015,-0.8087
23 Jul 2015,-0.8118
24 Jul 2015,-0.8598
27 Jul 2015,-0.8659
28 Jul 2015,-0.85
29 Jul 2015,-0.8201
30 Jul 2015,-0.8418
31 Jul 2015,-0.9016
03 Aug 2015,-0.906
04 Aug 2015,-0.9046
05 Aug 2015,-0.8706
06 Aug 2015,-0.8768
07 Aug 2015,-0.9078
10 Aug 2015,-0.8578
11 Aug 2015,-0.9336
12 Aug 2015,-0.974
13 Aug 2015,-0.9439
14 Aug 2015,-0.8948
17 Aug 2015,-0.9088
18 Aug 2015,-0.8797
19 Aug 2015,-0.8774
20 Aug 2015,-0.9103
21 Aug 2015,-0.9285
24 Aug 2015,-0.9005
25 Aug 2015,-0.8142
26 Aug 2015,-0.7284
27 Aug 2015,-0.7401
28 Aug 2015,-0.813
01 Sep 2015,-0.8516
02 Sep 2015,-0.8391
03 Sep 2015,-0.8998
04 Sep 2015,-0.9678
07 Sep 2015,-0.9711
08 Sep 2015,-0.9382
09 Sep 2015,-0.9058
10 Sep 2015,-0.9245
11 Sep 2015,-0.9422
14 Sep 2015,-0.8872
15 Sep 2015,-0.8784
16 Sep 2015,-0.8709
17 Sep 2015,-0.8804
18 Sep 2015,-0.9455
21 Sep 2015,-0.8732
22 Sep 2015,-0.913
23 Sep 2015,-0.9214
24 Sep 2015,-0.963
25 Sep 2015,-0.8897
28 Sep 2015,-0.9107
29 Sep 2015,-0.9004
30 Sep 2015,-0.8953
01 Oct 2015,-0.9511
02 Oct 2015,-0.9858
05 Oct 2015,-0.9388
06 Oct 2015,-0.9268
07 Oct 2015,-0.9264
08 Oct 2015,-0.9131
09 Oct 2015,-0.8844
12 Oct 2015,-0.8998
13 Oct 2015,-0.8642
14 Oct 2015,-0.8947
15 Oct 2015,-0.8975
16 Oct 2015,-0.8819
19 Oct 2015,-0.8545
20 Oct 2015,-0.8376
21 Oct 2015,-0.8769
22 Oct 2015,-0.8911
23 Oct 2015,-0.8649
26 Oct 2015,-0.8784
27 Oct 2015,-0.916
28 Oct 2015,-0.8934
29 Oct 2015,-0.8029
30 Oct 2015,-0.8001
02 Nov 2015,-0.7611
03 Nov 2015,-0.7272
04 Nov 2015,-0.7268
05 Nov 2015,-0.7561
06 Nov 2015,-0.696
09 Nov 2015,-0.6969
10 Nov 2015,-0.7604
11 Nov 2015,-0.7655
12 Nov 2015,-0.7831
13 Nov 2015,-0.7902
16 Nov 2015,-0.7949
17 Nov 2015,-0.7653
18 Nov 2015,-0.7853
19 Nov 2015,-0.8111
20 Nov 2015,-0.8377
23 Nov 2015,-0.8369
24 Nov 2015,-0.8583
25 Nov 2015,-0.8446
26 Nov 2015,-0.9061
27 Nov 2015,-0.9263
30 Nov 2015,-0.9059
01 Dec 2015,-0.9463
02 Dec 2015,-0.9443
03 Dec 2015,-0.852
04 Dec 2015,-0.7884
07 Dec 2015,-0.8382
08 Dec 2015,-0.8253
09 Dec 2015,-0.8076
10 Dec 2015,-0.8092
11 Dec 2015,-0.819
14 Dec 2015,-0.7989
15 Dec 2015,-0.7426
16 Dec 2015,-0.7425
17 Dec 2015,-0.7937
18 Dec 2015,-0.8048
21 Dec 2015,-0.8163
22 Dec 2015,-0.7596
23 Dec 2015,-0.705
24 Dec 2015,-0.7222
29 Dec 2015,-0.712
30 Dec 2015,-0.6384
31 Dec 2015,-0.6704
04 Jan 2016,-0.724
05 Jan 2016,-0.7403
06 Jan 2016,-0.7978
07 Jan 2016,-0.8054
08 Jan 2016,-0.836
11 Jan 2016,-0.843
12 Jan 2016,-0.8405
13 Jan 2016,-0.8475
14 Jan 2016,-0.8314
15 Jan 2016,-0.8641
18 Jan 2016,-0.8296
19 Jan 2016,-0.8307
20 Jan 2016,-0.8783
21 Jan 2016,-0.8607
22 Jan 2016,-0.877
25 Jan 2016,-0.9018
26 Jan 2016,-0.8968
27 Jan 2016,-0.8976
28 Jan 2016,-0.9209
29 Jan 2016,-0.9702
01 Feb 2016,-0.9071
02 Feb 2016,-0.9327
03 Feb 2016,-0.9667
04 Feb 2016,-0.9506
05 Feb 2016,-0.9625
08 Feb 2016,-1.0526
09 Feb 2016,-1.0136
10 Feb 2016,-0.9898
11 Feb 2016,-1.071
12 Feb 2016,-0.9729
15 Feb 2016,-0.9811
16 Feb 2016,-0.9779
17 Feb 2016,-0.9349
18 Feb 2016,-0.9506
19 Feb 2016,-0.9432
22 Feb 2016,-0.9442
23 Feb 2016,-0.9372
24 Feb 2016,-0.9687
25 Feb 2016,-0.9594
26 Feb 2016,-0.9576
29 Feb 2016,-1.0088
01 Mar 2016,-0.9744
02 Mar 2016,-0.9406
03 Mar 2016,-0.9731
04 Mar 2016,-0.9987
07 Mar 2016,-1.017
08 Mar 2016,-1.0714
09 Mar 2016,-1.0164
10 Mar 2016,-1.0235
11 Mar 2016,-1.0074
14 Mar 2016,-1.0355
15 Mar 2016,-1.0224
16 Mar 2016,-1.0298
17 Mar 2016,-1.1008
18 Mar 2016,-1.1054
21 Mar 2016,-1.0653
22 Mar 2016,-1.1013
23 Mar 2016,-1.1036
24 Mar 2016,-1.0775
29 Mar 2016,-1.092
30 Mar 2016,-1.0802
31 Mar 2016,-1.114
01 Apr 2016,-1.1004
04 Apr 2016,-1.1131
05 Apr 2016,-1.1281
06 Apr 2016,-1.1221
07 Apr 2016,-1.1847
08 Apr 2016,-1.1694
11 Apr 2016,-1.1592
12 Apr 2016,-1.1436
13 Apr 2016,-1.158
14 Apr 2016,-1.1154
15 Apr 2016,-1.1157
18 Apr 2016,-1.0574
19 Apr 2016,-1.0416
20 Apr 2016,-1.0675
21 Apr 2016,-1.0053
22 Apr 2016,-1.0041
25 Apr 2016,-0.9816
26 Apr 2016,-0.9152
27 Apr 2016,-0.9242
28 Apr 2016,-0.9326
29 Apr 2016,-0.9454
03 May 2016,-0.962
04 May 2016,-0.9501
05 May 2016,-0.9803
06 May 2016,-1.0127
09 May 2016,-0.9944
10 May 2016,-0.9966
11 May 2016,-0.995
12 May 2016,-1.0043
13 May 2016,-1.0273
16 May 2016,-1.0134
17 May 2016,-1.0416
18 May 2016,-1.0201
19 May 2016,-1.0003
20 May 2016,-0.9786
23 May 2016,-0.9755
24 May 2016,-0.9772
25 May 2016,-1.0207
26 May 2016,-1.0458
27 May 2016,-1.0168
31 May 2016,-1.0117
01 Jun 2016,-1.0219
02 Jun 2016,-1.0365
03 Jun 2016,-1.1086
06 Jun 2016,-1.1383
07 Jun 2016,-1.1168
08 Jun 2016,-1.127
09 Jun 2016,-1.1119
10 Jun 2016,-1.1
13 Jun 2016,-1.0697
14 Jun 2016,-1.1459
15 Jun 2016,-1.1735
16 Jun 2016,-1.2208
17 Jun 2016,-1.2149
20 Jun 2016,-1.1482
21 Jun 2016,-1.1144
22 Jun 2016,-1.0657
23 Jun 2016,-1.0467
24 Jun 2016,-1.309
27 Jun 2016,-1.5134
28 Jun 2016,-1.5505
29 Jun 2016,-1.5588
30 Jun 2016,-1.5598
01 Jul 2016,-1.5872
04 Jul 2016,-1.5828
05 Jul 2016,-1.6296
06 Jul 2016,-1.685
07 Jul 2016,-1.7164
08 Jul 2016,-1.7191
11 Jul 2016,-1.6994
12 Jul 2016,-1.6195
13 Jul 2016,-1.6624
14 Jul 2016,-1.6344
15 Jul 2016,-1.5932
18 Jul 2016,-1.6058
19 Jul 2016,-1.6383
20 Jul 2016,-1.5863
21 Jul 2016,-1.575
22 Jul 2016,-1.5838
25 Jul 2016,-1.5843
26 Jul 2016,-1.5998
27 Jul 2016,-1.6872
28 Jul 2016,-1.6938
29 Jul 2016,-1.7155
01 Aug 2016,-1.6873
02 Aug 2016,-1.6391
03 Aug 2016,-1.652
04 Aug 2016,-1.822
05 Aug 2016,-1.8548
08 Aug 2016,-1.9039
09 Aug 2016,-1.962
10 Aug 2016,-2.0122
11 Aug 2016,-1.9992
12 Aug 2016,-1.9873
15 Aug 2016,-1.9813
16 Aug 2016,-2.0219
17 Aug 2016,-2.0277
18 Aug 2016,-2.0286
19 Aug 2016,-1.9878
22 Aug 2016,-2.0163
23 Aug 2016,-2.0555
24 Aug 2016,-2.0542
25 Aug 2016,-2.068
26 Aug 2016,-2.107
30 Aug 2016,-2.123
31 Aug 2016,-2.1367
01 Sep 2016,-2.144
02 Sep 2016,-2.045
05 Sep 2016,-2.066
06 Sep 2016,-2.1007
07 Sep 2016,-2.1134
08 Sep 2016,-2.0594
09 Sep 2016,-1.9802
12 Sep 2016,-1.9746
13 Sep 2016,-1.9638
14 Sep 2016,-1.9695
15 Sep 2016,-1.9675
16 Sep 2016,-1.9752
19 Sep 2016,-1.9535
20 Sep 2016,-1.9903
21 Sep 2016,-1.9863
22 Sep 2016,-2.0708
23 Sep 2016,-2.0669
26 Sep 2016,-2.1072
27 Sep 2016,-2.1554
28 Sep 2016,-2.1674
29 Sep 2016,-2.1846
30 Sep 2016,-2.1015
03 Oct 2016,-2.1849
04 Oct 2016,-2.2031
05 Oct 2016,-2.1896
06 Oct 2016,-2.2189
07 Oct 2016,-2.1996
10 Oct 2016,-2.1606
11 Oct 2016,-2.226
12 Oct 2016,-2.1655
13 Oct 2016,-2.11
14 Oct 2016,-1.9995
17 Oct 2016,-1.9781
18 Oct 2016,-2.0508
19 Oct 2016,-2.0649
20 Oct 2016,-2.1031
21 Oct 2016,-2.0903
24 Oct 2016,-2.1011
25 Oct 2016,-2.1244
26 Oct 2016,-2.0583
27 Oct 2016,-2.0265
28 Oct 2016,-2.0046
31 Oct 2016,-2.042
01 Nov 2016,-2.0071
02 Nov 2016,-2.0701
03 Nov 2016,-1.9935
04 Nov 2016,-2.0348
07 Nov 2016,-1.9904
08 Nov 2016,-1.9632
09 Nov 2016,-1.9949
10 Nov 2016,-1.9299
11 Nov 2016,-1.8872
14 Nov 2016,-1.8225
15 Nov 2016,-1.8765
16 Nov 2016,-1.8514
17 Nov 2016,-1.8315
18 Nov 2016,-1.7581
21 Nov 2016,-1.7857
22 Nov 2016,-1.8088
23 Nov 2016,-1.7717
24 Nov 2016,-1.8003
25 Nov 2016,-1.7739
28 Nov 2016,-1.7968
29 Nov 2016,-1.7783
30 Nov 2016,-1.7721
01 Dec 2016,-1.74
02 Dec 2016,-1.8539
05 Dec 2016,-1.8477
06 Dec 2016,-1.8244
07 Dec 2016,-1.8668
08 Dec 2016,-1.8616
09 Dec 2016,-1.82
12 Dec 2016,-1.7997
13 Dec 2016,-1.857
14 Dec 2016,-1.8638
15 Dec 2016,-1.7442
16 Dec 2016,-1.7543
19 Dec 2016,-1.7742
20 Dec 2016,-1.8091
21 Dec 2016,-1.8479
22 Dec 2016,-1.858
23 Dec 2016,-1.8827
28 Dec 2016,-1.9192
29 Dec 2016,-1.9739
30 Dec 2016,-1.9956
03 Jan 2017,-1.9596
04 Jan 2017,-1.9763
05 Jan 2017,-1.9958
06 Jan 2017,-1.9502
09 Jan 2017,-1.9602
10 Jan 2017,-1.9758
11 Jan 2017,-2.0076
12 Jan 2017,-2.0315
13 Jan 2017,-1.9874
16 Jan 2017,-1.9965
17 Jan 2017,-1.9631
18 Jan 2017,-1.9621
19 Jan 2017,-1.8888
20 Jan 2017,-1.8454
23 Jan 2017,-1.8795
24 Jan 2017,-1.9079
25 Jan 2017,-1.8482
26 Jan 2017,-1.8405
27 Jan 2017,-1.8858
30 Jan 2017,-1.9218
31 Jan 2017,-1.9721
01 Feb 2017,-1.9624
02 Feb 2017,-1.9849
03 Feb 2017,-1.958
06 Feb 2017,-1.9872
07 Feb 2017,-1.9969
08 Feb 2017,-2.0304
09 Feb 2017,-2.028
10 Feb 2017,-1.9958
13 Feb 2017,-1.9716
14 Feb 2017,-1.9409
15 Feb 2017,-1.9254
16 Feb 2017,-1.9359
17 Feb 2017,-1.9442
20 Feb 2017,-1.9259
21 Feb 2017,-1.8718
22 Feb 2017,-1.8653
23 Feb 2017,-1.9358
24 Feb 2017,-2.002
27 Feb 2017,-2.0156
28 Feb 2017,-2.0161
01 Mar 2017,-1.9743
02 Mar 2017,-1.9714
03 Mar 2017,-1.9504
06 Mar 2017,-1.919
07 Mar 2017,-1.9482
08 Mar 2017,-1.948
09 Mar 2017,-1.9529
10 Mar 2017,-1.9464
13 Mar 2017,-1.9502
14 Mar 2017,-1.9604
15 Mar 2017,-1.9678
16 Mar 2017,-1.925
17 Mar 2017,-1.8643
20 Mar 2017,-1.8877
21 Mar 2017,-1.9078
22 Mar 2017,-1.987
23 Mar 2017,-1.982
24 Mar 2017,-2.0257
27 Mar 2017,-2.0449
28 Mar 2017,-2.0268
29 Mar 2017,-2.0253
30 Mar 2017,-2.0413
31 Mar 2017,-2.0696
03 Apr 2017,-2.1409
04 Apr 2017,-2.1711
05 Apr 2017,-2.1757
06 Apr 2017,-2.2029
07 Apr 2017,-2.1934
10 Apr 2017,-2.2051
11 Apr 2017,-2.2781
12 Apr 2017,-2.2984
13 Apr 2017,-2.2594
18 Apr 2017,-2.172
19 Apr 2017,-2.1195
20 Apr 2017,-2.096
21 Apr 2017,-2.1258
24 Apr 2017,-2.0928
25 Apr 2017,-2.0654
26 Apr 2017,-2.0423
27 Apr 2017,-2.0162
28 Apr 2017,-2.0716
02 May 2017,-2.0453
03 May 2017,-2.0207
04 May 2017,-1.9592
05 May 2017,-1.9218
08 May 2017,-1.8781
09 May 2017,-1.8774
10 May 2017,-1.9371
11 May 2017,-1.9751
12 May 2017,-1.9985
15 May 2017,-2.0063
16 May 2017,-2.0069
17 May 2017,-2.0159
18 May 2017,-2.0177
19 May 2017,-2.0152
22 May 2017,-2.0242
23 May 2017,-2.0558
24 May 2017,-2.0522
25 May 2017,-2.0432
26 May 2017,-2.0682
30 May 2017,-2.0768
31 May 2017,-2.0281
01 Jun 2017,-2.0033
02 Jun 2017,-2.0188
05 Jun 2017,-2.003
06 Jun 2017,-2.059
07 Jun 2017,-2.0407
08 Jun 2017,-1.9663
09 Jun 2017,-2.0048
12 Jun 2017,-2.0478
13 Jun 2017,-2.0154
14 Jun 2017,-2.0595
15 Jun 2017,-1.9319
16 Jun 2017,-1.9414
19 Jun 2017,-1.954
20 Jun 2017,-1.9905
21 Jun 2017,-1.9751
22 Jun 2017,-2.0097
23 Jun 2017,-1.9629
26 Jun 2017,-1.9769
27 Jun 2017,-1.926
28 Jun 2017,-1.8632
29 Jun 2017,-1.798
30 Jun 2017,-1.8253
03 Jul 2017,-1.832
04 Jul 2017,-1.8311
05 Jul 2017,-1.8027
06 Jul 2017,-1.7547
07 Jul 2017,-1.7526
10 Jul 2017,-1.7578
11 Jul 2017,-1.7347
12 Jul 2017,-1.7793
13 Jul 2017,-1.7347
14 Jul 2017,-1.6725
17 Jul 2017,-1.6738
18 Jul 2017,-1.7648
19 Jul 2017,-1.7917
20 Jul 2017,-1.7981
21 Jul 2017,-1.8238
24 Jul 2017,-1.8434
25 Jul 2017,-1.81
26 Jul 2017,-1.825
27 Jul 2017,-1.8146
28 Jul 2017,-1.7936
31 Jul 2017,-1.7877
01 Aug 2017,-1.8017
02 Aug 2017,-1.7758
03 Aug 2017,-1.8353
04 Aug 2017,-1.8246
07 Aug 2017,-1.8462
08 Aug 2017,-1.8565
09 Aug 2017,-1.8958
10 Aug 2017,-1.9431
11 Aug 2017,-1.9519
14 Aug 2017,-1.926
15 Aug 2017,-1.963
16 Aug 2017,-1.9548
17 Aug 2017,-1.9615
18 Aug 2017,-1.9632
21 Aug 2017,-1.9692
22 Aug 2017,-1.9414
23 Aug 2017,-1.9829
24 Aug 2017,-1.9881
25 Aug 2017,-2.0006
29 Aug 2017,-2.0649
30 Aug 2017,-2.0277
31 Aug 2017,-2.0245
01 Sep 2017,-2.0014
04 Sep 2017,-1.9986
05 Sep 2017,-2.0279
06 Sep 2017,-2.0521
07 Sep 2017,-2.1226
08 Sep 2017,-2.0919
11 Sep 2017,-2.0447
12 Sep 2017,-1.9653
13 Sep 2017,-1.9812
14 Sep 2017,-1.9145
15 Sep 2017,-1.7657
18 Sep 2017,-1.7558
19 Sep 2017,-1.7573
20 Sep 2017,-1.7715
21 Sep 2017,-1.7513
22 Sep 2017,-1.7628
25 Sep 2017,-1.8
26 Sep 2017,-1.7844
27 Sep 2017,-1.7345
28 Sep 2017,-1.7385
29 Sep 2017,-1.7517
02 Oct 2017,-1.7829
03 Oct 2017,-1.755
04 Oct 2017,-1.7663
05 Oct 2017,-1.7652
06 Oct 2017,-1.7976
09 Oct 2017,-1.7777
10 Oct 2017,-1.798
11 Oct 2017,-1.802
12 Oct 2017,-1.759
13 Oct 2017,-1.772
16 Oct 2017,-1.7972
17 Oct 2017,-1.8764
18 Oct 2017,-1.8174
19 Oct 2017,-1.8342
20 Oct 2017,-1.7669
23 Oct 2017,-1.7848
24 Oct 2017,-1.7379
25 Oct 2017,-1.6996
26 Oct 2017,-1.6913
27 Oct 2017,-1.7111
30 Oct 2017,-1.7377
31 Oct 2017,-1.7572
01 Nov 2017,-1.7555
02 Nov 2017,-1.836
03 Nov 2017,-1.8073
06 Nov 2017,-1.7948
07 Nov 2017,-1.8398
08 Nov 2017,-1.8706
09 Nov 2017,-1.8387
10 Nov 2017,-1.7783
13 Nov 2017,-1.8072
14 Nov 2017,-1.8364
15 Nov 2017,-1.8468
16 Nov 2017,-1.824
17 Nov 2017,-1.8273
20 Nov 2017,-1.8513
21 Nov 2017,-1.8574
22 Nov 2017,-1.8403
23 Nov 2017,-1.8651
24 Nov 2017,-1.8642
27 Nov 2017,-1.8623
28 Nov 2017,-1.8668
29 Nov 2017,-1.7582
30 Nov 2017,-1.7415
01 Dec 2017,-1.8222
04 Dec 2017,-1.7621
05 Dec 2017,-1.8078
06 Dec 2017,-1.8424
07 Dec 2017,-1.8352
08 Dec 2017,-1.7885
11 Dec 2017,-1.8397
12 Dec 2017,-1.8626
13 Dec 2017,-1.8336
14 Dec 2017,-1.861
15 Dec 2017,-1.8784
18 Dec 2017,-1.8819
19 Dec 2017,-1.836
20 Dec 2017,-1.8093
21 Dec 2017,-1.8276
22 Dec 2017,-1.8506
27 Dec 2017,-1.9022
28 Dec 2017,-1.8736
29 Dec 2017,-1.8714
02 Jan 2018,-1.811
03 Jan 2018,-1.8721
04 Jan 2018,-1.8656
05 Jan 2018,-1.8495
08 Jan 2018,-1.8568
09 Jan 2018,-1.8301
10 Jan 2018,-1.8299
11 Jan 2018,-1.8057
12 Jan 2018,-1.7762
15 Jan 2018,-1.7841
16 Jan 2018,-1.8396
17 Jan 2018,-1.8422
18 Jan 2018,-1.8095
19 Jan 2018,-1.8181
22 Jan 2018,-1.8006
23 Jan 2018,-1.7939
24 Jan 2018,-1.7259
25 Jan 2018,-1.7023
26 Jan 2018,-1.694
29 Jan 2018,-1.6913
30 Jan 2018,-1.6943
31 Jan 2018,-1.6644
01 Feb 2018,-1.6226
02 Feb 2018,-1.5954
05 Feb 2018,-1.6099
06 Feb 2018,-1.6595
07 Feb 2018,-1.6545
08 Feb 2018,-1.5427
09 Feb 2018,-1.5427
12 Feb 2018,-1.5434
13 Feb 2018,-1.549
14 Feb 2018,-1.5362
15 Feb 2018,-1.5349
16 Feb 2018,-1.5906
19 Feb 2018,-1.5832
20 Feb 2018,-1.6122
21 Feb 2018,-1.6052
22 Feb 2018,-1.5928
23 Feb 2018,-1.5942
26 Feb 2018,-1.5973
27 Feb 2018,-1.5605
28 Feb 2018,-1.5975
01 Mar 2018,-1.6238
02 Mar 2018,-1.6407
05 Mar 2018,-1.6181
06 Mar 2018,-1.59
07 Mar 2018,-1.5992
08 Mar 2018,-1.6113
09 Mar 2018,-1.5935
12 Mar 2018,-1.5917
13 Mar 2018,-1.5905
14 Mar 2018,-1.6406
15 Mar 2018,-1.6273
16 Mar 2018,-1.6185
19 Mar 2018,-1.5928
20 Mar 2018,-1.5994
21 Mar 2018,-1.5691
22 Mar 2018,-1.666
23 Mar 2018,-1.6505
26 Mar 2018,-1.6444
27 Mar 2018,-1.6646
28 Mar 2018,-1.707
29 Mar 2018,-1.7392
03 Apr 2018,-1.7245
04 Apr 2018,-1.7118
05 Apr 2018,-1.6796
06 Apr 2018,-1.6809
09 Apr 2018,-1.6706
10 Apr 2018,-1.664
11 Apr 2018,-1.6865
12 Apr 2018,-1.627
13 Apr 2018,-1.6122
16 Apr 2018,-1.5782
17 Apr 2018,-1.5895
18 Apr 2018,-1.6291
19 Apr 2018,-1.558
20 Apr 2018,-1.5777
23 Apr 2018,-1.5503
24 Apr 2018,-1.5408
25 Apr 2018,-1.5532
26 Apr 2018,-1.5759
27 Apr 2018,-1.6129
30 Apr 2018,-1.6459
01 May 2018,-1.6704
02 May 2018,-1.6334
03 May 2018,-1.6841
04 May 2018,-1.6825
08 May 2018,-1.6431
09 May 2018,-1.6103
10 May 2018,-1.66
11 May 2018,-1.6364
14 May 2018,-1.6031
15 May 2018,-1.5728
16 May 2018,-1.5761
17 May 2018,-1.5383
18 May 2018,-1.5786
21 May 2018,-1.5829
22 May 2018,-1.5688
23 May 2018,-1.6454
24 May 2018,-1.6526
25 May 2018,-1.6924
29 May 2018,-1.763
30 May 2018,-1.78
31 May 2018,-1.8066
01 Jun 2018,-1.7625
04 Jun 2018,-1.7625
05 Jun 2018,-1.7602
06 Jun 2018,-1.6773
07 Jun 2018,-1.6424
08 Jun 2018,-1.6645
11 Jun 2018,-1.6601
12 Jun 2018,-1.6878
13 Jun 2018,-1.74
14 Jun 2018,-1.7644
15 Jun 2018,-1.7598
18 Jun 2018,-1.7483
19 Jun 2018,-1.7687
20 Jun 2018,-1.7488
21 Jun 2018,-1.7471
22 Jun 2018,-1.7315
25 Jun 2018,-1.7455
26 Jun 2018,-1.734
27 Jun 2018,-1.7745
28 Jun 2018,-1.7553
29 Jun 2018,-1.7531
02 Jul 2018,-1.7831
03 Jul 2018,-1.788
04 Jul 2018,-1.7487
05 Jul 2018,-1.7584
06 Jul 2018,-1.7497
09 Jul 2018,-1.741
10 Jul 2018,-1.7146
11 Jul 2018,-1.7226
12 Jul 2018,-1.7323
13 Jul 2018,-1.7417
16 Jul 2018,-1.7266
17 Jul 2018,-1.7406
18 Jul 2018,-1.774
19 Jul 2018,-1.8087
20 Jul 2018,-1.7737
23 Jul 2018,-1.755
24 Jul 2018,-1.754
25 Jul 2018,-1.7547
26 Jul 2018,-1.7491
27 Jul 2018,-1.7529
30 Jul 2018,-1.6939
31 Jul 2018,-1.7229
01 Aug 2018,-1.6742
02 Aug 2018,-1.6771
03 Aug 2018,-1.7248
06 Aug 2018,-1.744
07 Aug 2018,-1.7407
08 Aug 2018,-1.7517
09 Aug 2018,-1.7604
10 Aug 2018,-1.8066
13 Aug 2018,-1.7957
14 Aug 2018,-1.8018
15 Aug 2018,-1.8415
16 Aug 2018,-1.8384
17 Aug 2018,-1.8308
20 Aug 2018,-1.8353
21 Aug 2018,-1.7927
22 Aug 2018,-1.7812
23 Aug 2018,-1.775
24 Aug 2018,-1.7704
28 Aug 2018,-1.7519
29 Aug 2018,-1.6922
30 Aug 2018,-1.7131
31 Aug 2018,-1.728
03 Sep 2018,-1.7741
04 Sep 2018,-1.7752
05 Sep 2018,-1.7151
06 Sep 2018,-1.7512
07 Sep 2018,-1.7033
10 Sep 2018,-1.6714
11 Sep 2018,-1.6627
12 Sep 2018,-1.6705
13 Sep 2018,-1.6627
14 Sep 2018,-1.6415
17 Sep 2018,-1.6302
18 Sep 2018,-1.6008
19 Sep 2018,-1.602
20 Sep 2018,-1.6366
21 Sep 2018,-1.6984
24 Sep 2018,-1.6821
25 Sep 2018,-1.6862
26 Sep 2018,-1.6951
27 Sep 2018,-1.6824
28 Sep 2018,-1.705
01 Oct 2018,-1.7274
02 Oct 2018,-1.7631
03 Oct 2018,-1.7441
04 Oct 2018,-1.6679
05 Oct 2018,-1.5906
08 Oct 2018,-1.6475
09 Oct 2018,-1.6497
10 Oct 2018,-1.6101
11 Oct 2018,-1.6186
12 Oct 2018,-1.6516
15 Oct 2018,-1.6909
16 Oct 2018,-1.6851
17 Oct 2018,-1.7249
18 Oct 2018,-1.7161
19 Oct 2018,-1.7035
22 Oct 2018,-1.7375
23 Oct 2018,-1.7536
24 Oct 2018,-1.7853
25 Oct 2018,-1.8109
26 Oct 2018,-1.8692
29 Oct 2018,-1.8552
30 Oct 2018,-1.8735
31 Oct 2018,-1.8288
01 Nov 2018,-1.774
02 Nov 2018,-1.7342
05 Nov 2018,-1.7379
06 Nov 2018,-1.7226
07 Nov 2018,-1.7236
08 Nov 2018,-1.6987
09 Nov 2018,-1.7592
12 Nov 2018,-1.851
13 Nov 2018,-1.7671
14 Nov 2018,-1.8071
15 Nov 2018,-1.9941
16 Nov 2018,-1.9638
19 Nov 2018,-1.982
20 Nov 2018,-1.9517
21 Nov 2018,-1.9382
22 Nov 2018,-1.882
23 Nov 2018,-1.9008
26 Nov 2018,-1.8571
27 Nov 2018,-1.8742
28 Nov 2018,-1.878
29 Nov 2018,-1.9259
30 Nov 2018,-1.953
03 Dec 2018,-2.029
04 Dec 2018,-2.0888
05 Dec 2018,-2.0417
06 Dec 2018,-2.1046
07 Dec 2018,-2.0908
10 Dec 2018,-2.2238
11 Dec 2018,-2.1906
12 Dec 2018,-2.1643
13 Dec 2018,-2.1301
14 Dec 2018,-2.1741
17 Dec 2018,-2.1336
18 Dec 2018,-2.095
19 Dec 2018,-2.0899
20 Dec 2018,-2.0502
21 Dec 2018,-2.0102
24 Dec 2018,-2.0607
27 Dec 2018,-2.0111
28 Dec 2018,-2.0404
31 Dec 2018,-1.989
02 Jan 2019,-2.0369
03 Jan 2019,-2.0966
04 Jan 2019,-2.0606
07 Jan 2019,-2.0798
08 Jan 2019,-2.0539
09 Jan 2019,-2.0785
10 Jan 2019,-2.0784
11 Jan 2019,-2.0643
14 Jan 2019,-2.0457
15 Jan 2019,-2.0839
16 Jan 2019,-2.0128
17 Jan 2019,-1.881
18 Jan 2019,-1.8908
21 Jan 2019,-1.9276
22 Jan 2019,-1.9041
23 Jan 2019,-1.9024
24 Jan 2019,-1.9405
25 Jan 2019,-1.891
28 Jan 2019,-1.9335
29 Jan 2019,-1.9557
30 Jan 2019,-1.9747
31 Jan 2019,-1.9902
01 Feb 2019,-1.9961
04 Feb 2019,-1.9957
05 Feb 2019,-2.0188
06 Feb 2019,-2.0311
07 Feb 2019,-2.0754
08 Feb 2019,-2.0813
11 Feb 2019,-2.0829
12 Feb 2019,-2.0443
13 Feb 2019,-2.0439
14 Feb 2019,-2.0923
15 Feb 2019,-2.0732
18 Feb 2019,-2.0677
19 Feb 2019,-2.0559
20 Feb 2019,-2.0566
21 Feb 2019,-2.0331
22 Feb 2019,-2.0728
25 Feb 2019,-2.042
26 Feb 2019,-1.9759
27 Feb 2019,-1.8923
28 Feb 2019,-1.8886
01 Mar 2019,-1.9169
04 Mar 2019,-1.9516
05 Mar 2019,-1.953
06 Mar 2019,-2.0484
07 Mar 2019,-2.1271
08 Mar 2019,-2.0971
11 Mar 2019,-2.117
12 Mar 2019,-2.1276
13 Mar 2019,-2.093
14 Mar 2019,-2.0984
15 Mar 2019,-2.073
18 Mar 2019,-2.093
19 Mar 2019,-2.082
20 Mar 2019,-2.1802
21 Mar 2019,-2.3456
22 Mar 2019,-2.3939
25 Mar 2019,-2.4085
26 Mar 2019,-2.3486
27 Mar 2019,-2.324
28 Mar 2019,-2.3118
29 Mar 2019,-2.326
01 Apr 2019,-2.2947
02 Apr 2019,-2.3591
03 Apr 2019,-2.2838
04 Apr 2019,-2.3052
05 Apr 2019,-2.3052
08 Apr 2019,-2.3052
09 Apr 2019,-2.3052
10 Apr 2019,-2.0484
11 Apr 2019,-2.1996
12 Apr 2019,-2.1267
15 Apr 2019,-2.1226
16 Apr 2019,-2.1095
17 Apr 2019,-2.1018
18 Apr 2019,-2.3591
23 Apr 2019,-2.1015
24 Apr 2019,-2.1525
25 Apr 2019,-2.1529
26 Apr 2019,-2.1415
29 Apr 2019,-2.163
30 Apr 2019,-2.1565
01 May 2019,-2.185
02 May 2019,-2.1661
03 May 2019,-2.0989
07 May 2019,-2.1607
08 May 2019,-2.2154
09 May 2019,-2.2014
10 May 2019,-2.2061
13 May 2019,-2.2131
14 May 2019,-2.2274
15 May 2019,-2.2516
16 May 2019,-2.2601
17 May 2019,-2.2821
20 May 2019,-2.2767
21 May 2019,-2.2543
22 May 2019,-2.3189
23 May 2019,-2.3531
24 May 2019,-2.3591
28 May 2019,-2.4081
29 May 2019,-2.4593
30 May 2019,-2.4829
31 May 2019,-2.4573
03 Jun 2019,-2.4891
04 Jun 2019,-2.4676
05 Jun 2019,-2.5019
06 Jun 2019,-2.5597
07 Jun 2019,-2.5765
10 Jun 2019,-2.5853
11 Jun 2019,-2.5888
12 Jun 2019,-2.5115
13 Jun 2019,-2.538
14 Jun 2019,-2.3591
17 Jun 2019,-2.3591
18 Jun 2019,-2.3591
19 Jun 2019,-2.5104
20 Jun 2019,-2.3591
21 Jun 2019,-2.4822
24 Jun 2019,-2.513
25 Jun 2019,-2.5217
26 Jun 2019,-2.4945
27 Jun 2019,-2.4699
28 Jun 2019,-2.422
01 Jul 2019,-2.4675
02 Jul 2019,-2.5324
03 Jul 2019,-2.5635
04 Jul 2019,-2.5568
05 Jul 2019,-2.5052
08 Jul 2019,-2.5351
09 Jul 2019,-2.5264
10 Jul 2019,-2.4779
11 Jul 2019,-2.4085
12 Jul 2019,-2.4155
15 Jul 2019,-2.447
16 Jul 2019,-2.4549
17 Jul 2019,-2.5685
18 Jul 2019,-2.5536
19 Jul 2019,-2.5702
22 Jul 2019,-2.603
23 Jul 2019,-2.6307
24 Jul 2019,-2.6281
25 Jul 2019,-2.5679
26 Jul 2019,-2.6072
29 Jul 2019,-2.6663
30 Jul 2019,-2.7002
31 Jul 2019,-2.7514
01 Aug 2019,-2.7802
02 Aug 2019,-2.777
05 Aug 2019,-2.8299
06 Aug 2019,-2.813
07 Aug 2019,-2.8067
08 Aug 2019,-2.7631
09 Aug 2019,-2.781
12 Aug 2019,-2.7944
13 Aug 2019,-2.8046
14 Aug 2019,-2.8869
15 Aug 2019,-2.9487
16 Aug 2019,-2.9258
19 Aug 2019,-2.9299
20 Aug 2019,-2.9372
21 Aug 2019,-2.9565
22 Aug 2019,-2.8886
23 Aug 2019,-2.8661
27 Aug 2019,-2.9295
28 Aug 2019,-3.0017
29 Aug 2019,-3.0121
30 Aug 2019,-2.947
02 Sep 2019,-2.9901
03 Sep 2019,-3.0472
04 Sep 2019,-2.9066
05 Sep 2019,-2.8155
06 Sep 2019,-2.9223
09 Sep 2019,-2.8521
10 Sep 2019,-2.8304
11 Sep 2019,-2.8258
12 Sep 2019,-2.8069
13 Sep 2019,-2.668
16 Sep 2019,-2.7742
17 Sep 2019,-2.7421
18 Sep 2019,-2.8078
19 Sep 2019,-2.8303
20 Sep 2019,-2.8169
23 Sep 2019,-2.9313
24 Sep 2019,-2.9282
25 Sep 2019,-2.9402
26 Sep 2019,-2.9463
27 Sep 2019,-2.9755
30 Sep 2019,-2.982
01 Oct 2019,-3.0061
02 Oct 2019,-2.9812
03 Oct 2019,-2.9798
04 Oct 2019,-3.0185
07 Oct 2019,-2.9861
08 Oct 2019,-3.0117
09 Oct 2019,-2.9526
10 Oct 2019,-2.8591
11 Oct 2019,-2.632
14 Oct 2019,-2.6818
15 Oct 2019,-2.5598
16 Oct 2019,-2.6016
17 Oct 2019,-2.5599
18 Oct 2019,-2.5266
21 Oct 2019,-2.4271
22 Oct 2019,-2.4696
23 Oct 2019,-2.5156
24 Oct 2019,-2.5568
25 Oct 2019,-2.5415
28 Oct 2019,-2.452
29 Oct 2019,-2.3955
30 Oct 2019,-2.4372
31 Oct 2019,-2.5334
01 Nov 2019,-2.5005
04 Nov 2019,-2.4856
05 Nov 2019,-2.456
06 Nov 2019,-2.4599
07 Nov 2019,-2.4354
08 Nov 2019,-2.4199
11 Nov 2019,-2.4047
12 Nov 2019,-2.3906
13 Nov 2019,-2.4368
14 Nov 2019,-2.4664
15 Nov 2019,-2.432
18 Nov 2019,-2.4106
19 Nov 2019,-2.4084
20 Nov 2019,-2.4258
21 Nov 2019,-2.4159
22 Nov 2019,-2.4694
25 Nov 2019,-2.4682
26 Nov 2019,-2.4993
27 Nov 2019,-2.4604
28 Nov 2019,-2.4466
29 Nov 2019,-2.47
02 Dec 2019,-2.471
03 Dec 2019,-2.4956
04 Dec 2019,-2.433
05 Dec 2019,-2.3876
06 Dec 2019,-2.4116
09 Dec 2019,-2.4412
10 Dec 2019,-2.4424
11 Dec 2019,-2.4885
12 Dec 2019,-2.4706
13 Dec 2019,-2.3539
16 Dec 2019,-2.2953
17 Dec 2019,-2.4298
18 Dec 2019,-2.4908
19 Dec 2019,-2.4346
20 Dec 2019,-2.4385
23 Dec 2019,-2.4571
24 Dec 2019,-2.4769
27 Dec 2019,-2.4634
30 Dec 2019,-2.3644
31 Dec 2019,-2.3928
02 Jan 2020,-2.4368
03 Jan 2020,-2.4961
06 Jan 2020,-2.486
07 Jan 2020,-2.4559
08 Jan 2020,-2.4445
09 Jan 2020,-2.4093
10 Jan 2020,-2.4438
13 Jan 2020,-2.4749
14 Jan 2020,-2.5171
15 Jan 2020,-2.582
16 Jan 2020,-2.6003
17 Jan 2020,-2.6063
20 Jan 2020,-2.5996
21 Jan 2020,-2.6205
22 Jan 2020,-2.6093
23 Jan 2020,-2.6513
24 Jan 2020,-2.6643
27 Jan 2020,-2.7043
28 Jan 2020,-2.6396
29 Jan 2020,-2.6488
30 Jan 2020,-2.6149
31 Jan 2020,-2.5923
03 Feb 2020,-2.6054
04 Feb 2020,-2.5806
05 Feb 2020,-2.5483
06 Feb 2020,-2.5622
07 Feb 2020,-2.5851
10 Feb 2020,-2.5874
11 Feb 2020,-2.5629
12 Feb 2020,-2.5262
13 Feb 2020,-2.5184
14 Feb 2020,-2.5366
17 Feb 2020,-2.5285
18 Feb 2020,-2.5375
19 Feb 2020,-2.5451
20 Feb 2020,-2.5808
21 Feb 2020,-2.5843
24 Feb 2020,-2.609
25 Feb 2020,-2.6534
26 Feb 2020,-2.6573
27 Feb 2020,-2.6827
28 Feb 2020,-2.6335
02 Mar 2020,-2.6722
03 Mar 2020,-2.699
04 Mar 2020,-2.7189
05 Mar 2020,-2.7292
06 Mar 2020,-2.7924
09 Mar 2020,-2.6957
10 Mar 2020,-2.678
11 Mar 2020,-2.6723
12 Mar 2020,-2.6548
13 Mar 2020,-2.548
16 Mar 2020,-2.4018
17 Mar 2020,-2.2759
18 Mar 2020,-1.9789
19 Mar 2020,-1.9422
20 Mar 2020,-2.2562
23 Mar 2020,-2.4637
24 Mar 2020,-2.4552
25 Mar 2020,-2.5028
26 Mar 2020,-2.601
27 Mar 2020,-2.6717
30 Mar 2020,-2.6902
31 Mar 2020,-2.6146
01 Apr 2020,-2.6556
02 Apr 2020,-2.6912
03 Apr 2020,-2.6918
06 Apr 2020,-2.6825
07 Apr 2020,-2.6299
08 Apr 2020,-2.6318
09 Apr 2020,-2.6907
14 Apr 2020,-2.6752
15 Apr 2020,-2.686
16 Apr 2020,-2.6471
17 Apr 2020,-2.6019
20 Apr 2020,-2.5369
21 Apr 2020,-2.5136
22 Apr 2020,-2.5464
23 Apr 2020,-2.5668
24 Apr 2020,-2.55
27 Apr 2020,-2.5047
28 Apr 2020,-2.547
29 Apr 2020,-2.5703
30 Apr 2020,-2.611
01 May 2020,-2.591
04 May 2020,-2.6307
05 May 2020,-2.6787
06 May 2020,-2.6782
07 May 2020,-2.6934
11 May 2020,-2.672
12 May 2020,-2.6663
13 May 2020,-2.6924
14 May 2020,-2.7033
15 May 2020,-2.7191
18 May 2020,-2.7248
19 May 2020,-2.7488
20 May 2020,-2.8032
21 May 2020,-2.8843
22 May 2020,-2.8641
26 May 2020,-2.8427
27 May 2020,-2.8893
28 May 2020,-2.8894
29 May 2020,-2.9205
01 Jun 2020,-2.8941
02 Jun 2020,-2.8971
03 Jun 2020,-2.8455
04 Jun 2020,-2.7865
05 Jun 2020,-2.7765
08 Jun 2020,-2.7826
09 Jun 2020,-2.8048
10 Jun 2020,-2.8269
11 Jun 2020,-2.8613
12 Jun 2020,-2.823
15 Jun 2020,-2.8153
16 Jun 2020,-2.8361
17 Jun 2020,-2.8835
18 Jun 2020,-2.8137
19 Jun 2020,-2.8217
22 Jun 2020,-2.8862
23 Jun 2020,-2.8876
24 Jun 2020,-2.8821
25 Jun 2020,-2.8806
26 Jun 2020,-2.8765
29 Jun 2020,-2.9188
30 Jun 2020,-2.9309
01 Jul 2020,-2.9168
02 Jul 2020,-2.9731
03 Jul 2020,-2.9876
06 Jul 2020,-2.9889
07 Jul 2020,-2.9729
08 Jul 2020,-2.9597
09 Jul 2020,-2.9322
10 Jul 2020,-2.9085
13 Jul 2020,-2.9075
14 Jul 2020,-2.964
15 Jul 2020,-2.9465
16 Jul 2020,-2.9537
17 Jul 2020,-2.9171
20 Jul 2020,-2.9336
21 Jul 2020,-2.9598
22 Jul 2020,-2.9834
23 Jul 2020,-2.9805
24 Jul 2020,-2.9787
27 Jul 2020,-3.0267
28 Jul 2020,-3.0475
29 Jul 2020,-3.0635
30 Jul 2020,-3.0844
31 Jul 2020,-3.0632
03 Aug 2020,-3.0629
04 Aug 2020,-3.0762
05 Aug 2020,-3.0231
06 Aug 2020,-3.0238
07 Aug 2020,-3.0101
10 Aug 2020,-3.0603
11 Aug 2020,-2.9953
12 Aug 2020,-2.9512
13 Aug 2020,-2.9299
14 Aug 2020,-2.8917
17 Aug 2020,-2.9237
18 Aug 2020,-2.9052
19 Aug 2020,-2.9041
20 Aug 2020,-2.9183
21 Aug 2020,-2.9616
24 Aug 2020,-3.0018
25 Aug 2020,-2.9798
26 Aug 2020,-2.9537
27 Aug 2020,-2.9262
28 Aug 2020,-2.9858
01 Sep 2020,-3.0026
02 Sep 2020,-3.0018
03 Sep 2020,-3.0057
04 Sep 2020,-2.9741
07 Sep 2020,-3.0129
08 Sep 2020,-3.1595
09 Sep 2020,-3.1301
10 Sep 2020,-3.1008
11 Sep 2020,-3.1571
14 Sep 2020,-3.1177
15 Sep 2020,-3.0776
16 Sep 2020,-3.0748
17 Sep 2020,-3.1333
18 Sep 2020,-3.1302
21 Sep 2020,-3.1211
22 Sep 2020,-3.0752
23 Sep 2020,-3.0337
24 Sep 2020,-3.0075
25 Sep 2020,-3.0488
28 Sep 2020,-3.0203
29 Sep 2020,-3.0425
30 Sep 2020,-3.0126
01 Oct 2020,-3.034
02 Oct 2020,-2.9863
05 Oct 2020,-2.9738
06 Oct 2020,-2.9479
07 Oct 2020,-2.9331
08 Oct 2020,-2.9535
09 Oct 2020,-2.9757
12 Oct 2020,-2.9682
13 Oct 2020,-3.0179
14 Oct 2020,-3.0417
15 Oct 2020,-3.0804
16 Oct 2020,-3.0948
19 Oct 2020,-3.0958
20 Oct 2020,-3.0994
21 Oct 2020,-3.0304
22 Oct 2020,-2.9956
23 Oct 2020,-3.0061
26 Oct 2020,-2.9975
27 Oct 2020,-3.032
28 Oct 2020,-3.0412
29 Oct 2020,-3.058
30 Oct 2020,-3.0339
02 Nov 2020,-3.0562
03 Nov 2020,-3.0267
04 Nov 2020,-3.0725
05 Nov 2020,-3.0327
06 Nov 2020,-2.9776
09 Nov 2020,-2.9043
10 Nov 2020,-2.8295
11 Nov 2020,-2.7865
12 Nov 2020,-2.8347
13 Nov 2020,-2.8269
16 Nov 2020,-2.8238
17 Nov 2020,-2.8454
18 Nov 2020,-2.8495
19 Nov 2020,-2.842
20 Nov 2020,-2.8835
23 Nov 2020,-2.8327
24 Nov 2020,-2.8047
25 Nov 2020,-2.9053
26 Nov 2020,-2.928
27 Nov 2020,-2.9186
30 Nov 2020,-2.925
01 Dec 2020,-2.9054
02 Dec 2020,-2.9099
03 Dec 2020,-2.9255
04 Dec 2020,-2.949
07 Dec 2020,-3.0576
08 Dec 2020,-3.1043
09 Dec 2020,-3.0768
10 Dec 2020,-3.152
11 Dec 2020,-3.1761
14 Dec 2020,-3.0849
15 Dec 2020,-3.0276
16 Dec 2020,-3.0119
17 Dec 2020,-2.9875
18 Dec 2020,-3.0192
21 Dec 2020,-3.0648
22 Dec 2020,-3.0458
23 Dec 2020,-2.8948
24 Dec 2020,-2.9287
29 Dec 2020,-2.9478
30 Dec 2020,-2.9472
31 Dec 2020,-2.9818
04 Jan 2021,-2.9807
05 Jan 2021,-2.9331
06 Jan 2021,-2.9083
07 Jan 2021,-2.8624
08 Jan 2021,-2.8801
11 Jan 2021,-2.8606
12 Jan 2021,-2.8337
13 Jan 2021,-2.8786
14 Jan 2021,-2.9023
15 Jan 2021,-2.895
18 Jan 2021,-2.9021
19 Jan 2021,-2.9168
20 Jan 2021,-2.871
21 Jan 2021,-2.8426
22 Jan 2021,-2.8564
25 Jan 2021,-2.9176
26 Jan 2021,-2.9224
27 Jan 2021,-2.946
28 Jan 2021,-2.9602
29 Jan 2021,-2.9332
01 Feb 2021,-2.9485
02 Feb 2021,-2.9269
03 Feb 2021,-2.9249
04 Feb 2021,-2.8554
05 Feb 2021,-2.8044
08 Feb 2021,-2.8109
09 Feb 2021,-2.818
10 Feb 2021,-2.8053
11 Feb 2021,-2.8118
12 Feb 2021,-2.7746
15 Feb 2021,-2.7541
16 Feb 2021,-2.7037
17 Feb 2021,-2.7312
18 Feb 2021,-2.6643
19 Feb 2021,-2.6145
22 Feb 2021,-2.5998
23 Feb 2021,-2.5879
24 Feb 2021,-2.5643
25 Feb 2021,-2.6315
26 Feb 2021,-2.5754
01 Mar 2021,-2.6134
02 Mar 2021,-2.6362
03 Mar 2021,-2.6058
04 Mar 2021,-2.6553
05 Mar 2021,-2.6297
08 Mar 2021,-2.632
09 Mar 2021,-2.6788
10 Mar 2021,-2.693
11 Mar 2021,-2.6754
12 Mar 2021,-2.6123
15 Mar 2021,-2.675
16 Mar 2021,-2.6789
17 Mar 2021,-2.6492
18 Mar 2021,-2.604
19 Mar 2021,-2.6275
22 Mar 2021,-2.6363
23 Mar 2021,-2.6837
24 Mar 2021,-2.7309
25 Mar 2021,-2.7675
26 Mar 2021,-2.7778
29 Mar 2021,-2.7484
30 Mar 2021,-2.6915
31 Mar 2021,-2.7121
01 Apr 2021,-2.7793
06 Apr 2021,-2.7637
07 Apr 2021,-2.7444
08 Apr 2021,-2.7495
09 Apr 2021,-2.6924
12 Apr 2021,-2.6943
13 Apr 2021,-2.7025
14 Apr 2021,-2.6715
15 Apr 2021,-2.7166
16 Apr 2021,-2.6889
19 Apr 2021,-2.6968
20 Apr 2021,-2.6863
21 Apr 2021,-2.6872
22 Apr 2021,-2.7004
23 Apr 2021,-2.6869
26 Apr 2021,-2.6833
27 Apr 2021,-2.6683
28 Apr 2021,-2.6421
29 Apr 2021,-2.6118
30 Apr 2021,-2.6376
04 May 2021,-2.6809
05 May 2021,-2.6808
06 May 2021,-2.7289
07 May 2021,-2.7406
10 May 2021,-2.718
11 May 2021,-2.6383
12 May 2021,-2.605
13 May 2021,-2.5848
14 May 2021,-2.6247
17 May 2021,-2.6365
18 May 2021,-2.6448
19 May 2021,-2.6788
20 May 2021,-2.6708
21 May 2021,-2.722
24 May 2021,-2.7253
25 May 2021,-2.728
26 May 2021,-2.7562
27 May 2021,-2.6975
28 May 2021,-2.7394
01 Jun 2021,-2.7192
02 Jun 2021,-2.7816
03 Jun 2021,-2.7568
04 Jun 2021,-2.7492
07 Jun 2021,-2.7464
08 Jun 2021,-2.7448
09 Jun 2021,-2.7578
10 Jun 2021,-2.7231
11 Jun 2021,-2.7354
14 Jun 2021,-2.7318
15 Jun 2021,-2.7181
16 Jun 2021,-2.7102
17 Jun 2021,-2.6229
18 Jun 2021,-2.6049
21 Jun 2021,-2.6046
22 Jun 2021,-2.5909
23 Jun 2021,-2.6326
24 Jun 2021,-2.6604
25 Jun 2021,-2.6328
28 Jun 2021,-2.6703
29 Jun 2021,-2.6605
30 Jun 2021,-2.6663
01 Jul 2021,-2.6601
02 Jul 2021,-2.6793
05 Jul 2021,-2.6743
06 Jul 2021,-2.7591
07 Jul 2021,-2.7785
08 Jul 2021,-2.763
09 Jul 2021,-2.6911
12 Jul 2021,-2.7027
13 Jul 2021,-2.7471
14 Jul 2021,-2.8096
15 Jul 2021,-2.7519
16 Jul 2021,-2.7989
19 Jul 2021,-2.8586
20 Jul 2021,-2.8649
21 Jul 2021,-2.8316
22 Jul 2021,-2.8902
23 Jul 2021,-2.9079
26 Jul 2021,-2.9507
27 Jul 2021,-2.9261
28 Jul 2021,-2.9312
29 Jul 2021,-2.9516
30 Jul 2021,-2.9457
02 Aug 2021,-2.9593
03 Aug 2021,-3.0076
04 Aug 2021,-3.0237
05 Aug 2021,-3.0342
06 Aug 2021,-2.9705
09 Aug 2021,-2.9972
10 Aug 2021,-2.9887
11 Aug 2021,-2.9736
12 Aug 2021,-2.9435
13 Aug 2021,-2.9469
16 Aug 2021,-2.934
17 Aug 2021,-2.944
18 Aug 2021,-2.9708
19 Aug 2021,-2.9783
20 Aug 2021,-2.9861
23 Aug 2021,-2.9919
24 Aug 2021,-3.0238
25 Aug 2021,-2.991
26 Aug 2021,-2.9981
27 Aug 2021,-3.0015
31 Aug 2021,-2.937
01 Sep 2021,-2.9633
02 Sep 2021,-2.9955
03 Sep 2021,-2.9677
06 Sep 2021,-3.0076
07 Sep 2021,-3.0047
08 Sep 2021,-3.0409
09 Sep 2021,-3.0156
10 Sep 2021,-3.0166
13 Sep 2021,-3.053
14 Sep 2021,-3.0648
15 Sep 2021,-3.1499
16 Sep 2021,-3.0752
17 Sep 2021,-2.9946
20 Sep 2021,-3.0323
21 Sep 2021,-3.0307
22 Sep 2021,-3.0387
23 Sep 2021,-2.9149
24 Sep 2021,-2.8939
27 Sep 2021,-3.0068
28 Sep 2021,-2.909
29 Sep 2021,-2.8325
30 Sep 2021,-2.7975
01 Oct 2021,-2.8304
04 Oct 2021,-2.9022
05 Oct 2021,-2.9163
06 Oct 2021,-2.8937
07 Oct 2021,-2.8839
08 Oct 2021,-2.7943
11 Oct 2021,-2.7509
12 Oct 2021,-2.8145
13 Oct 2021,-2.8773
14 Oct 2021,-2.9653
15 Oct 2021,-2.9415
18 Oct 2021,-2.868
19 Oct 2021,-2.8745
20 Oct 2021,-2.9685
21 Oct 2021,-2.9961
22 Oct 2021,-3.0807
25 Oct 2021,-3.0862
26 Oct 2021,-3.0594
27 Oct 2021,-3.1249
28 Oct 2021,-3.1072
29 Oct 2021,-2.9436
01 Nov 2021,-2.9646
02 Nov 2021,-3.0444
03 Nov 2021,-2.9755
04 Nov 2021,-3.1204
05 Nov 2021,-3.2078
08 Nov 2021,-3.2213
09 Nov 2021,-3.2873
10 Nov 2021,-3.1806
11 Nov 2021,-3.1589
12 Nov 2021,-3.1673
15 Nov 2021,-3.1519
16 Nov 2021,-3.1018
17 Nov 2021,-3.1685
18 Nov 2021,-3.2545
19 Nov 2021,-3.2406
22 Nov 2021,-3.1714
23 Nov 2021,-3.1605
24 Nov 2021,-3.1416
25 Nov 2021,-3.1932
26 Nov 2021,-3.3222
29 Nov 2021,-3.3039
30 Nov 2021,-3.3296
01 Dec 2021,-3.3659
02 Dec 2021,-3.3891
03 Dec 2021,-3.3893
06 Dec 2021,-3.4013
07 Dec 2021,-3.4198
08 Dec 2021,-3.4068
09 Dec 2021,-3.4075
10 Dec 2021,-3.4025
13 Dec 2021,-3.3754
14 Dec 2021,-3.2532
15 Dec 2021,-3.2205
16 Dec 2021,-3.1711
17 Dec 2021,-3.1507
20 Dec 2021,-3.1748
21 Dec 2021,-3.1377
22 Dec 2021,-3.1258
23 Dec 2021,-3.0297
24 Dec 2021,-3.019
29 Dec 2021,-2.9259
30 Dec 2021,-2.917
31 Dec 2021,-2.8871
04 Jan 2022,-2.8672
05 Jan 2022,-2.8403
06 Jan 2022,-2.7316
07 Jan 2022,-2.711
10 Jan 2022,-2.7016
11 Jan 2022,-2.738
12 Jan 2022,-2.7857
13 Jan 2022,-2.8263
14 Jan 2022,-2.8057
17 Jan 2022,-2.7692
18 Jan 2022,-2.7438
19 Jan 2022,-2.7429
20 Jan 2022,-2.7407
21 Jan 2022,-2.7661
24 Jan 2022,-2.8981
25 Jan 2022,-2.8885
26 Jan 2022,-2.8182
27 Jan 2022,-2.8246
28 Jan 2022,-2.8325
31 Jan 2022,-2.7727
01 Feb 2022,-2.7868
02 Feb 2022,-2.8199
03 Feb 2022,-2.6615
04 Feb 2022,-2.5736
07 Feb 2022,-2.5532
08 Feb 2022,-2.4954
09 Feb 2022,-2.5829
10 Feb 2022,-2.522
11 Feb 2022,-2.4771
14 Feb 2022,-2.4645
15 Feb 2022,-2.4117
16 Feb 2022,-2.5078
17 Feb 2022,-2.6276
18 Feb 2022,-2.7053
21 Feb 2022,-2.7402
22 Feb 2022,-2.6765
23 Feb 2022,-2.6735
24 Feb 2022,-2.8503
25 Feb 2022,-2.7437
28 Feb 2022,-2.8279
01 Mar 2022,-3.1529
02 Mar 2022,-3.1174
03 Mar 2022,-3.0248
04 Mar 2022,-3.1156
07 Mar 2022,-3.1132
08 Mar 2022,-3.1032
09 Mar 2022,-2.945
10 Mar 2022,-2.8652
11 Mar 2022,-2.8495
14 Mar 2022,-2.7492
15 Mar 2022,-2.7135
16 Mar 2022,-2.6135
17 Mar 2022,-2.6837
18 Mar 2022,-2.7429
21 Mar 2022,-2.5942
22 Mar 2022,-2.4885
23 Mar 2022,-2.6205
24 Mar 2022,-2.6511
25 Mar 2022,-2.5726
28 Mar 2022,-2.6037
29 Mar 2022,-2.5186
30 Mar 2022,-2.5358
31 Mar 2022,-2.6455
01 Apr 2022,-2.6486
04 Apr 2022,-2.6742
05 Apr 2022,-2.6182
06 Apr 2022,-2.5799
07 Apr 2022,-2.5169
08 Apr 2022,-2.4899
11 Apr 2022,-2.3796
12 Apr 2022,-2.4057
13 Apr 2022,-2.4514
14 Apr 2022,-2.3459
19 Apr 2022,-2.2318
20 Apr 2022,-2.2994
21 Apr 2022,-2.2674
22 Apr 2022,-2.3543
25 Apr 2022,-2.4053
26 Apr 2022,-2.4653
27 Apr 2022,-2.3803
28 Apr 2022,-2.3107
29 Apr 2022,-2.3329
03 May 2022,-2.2698
04 May 2022,-2.2197
05 May 2022,-2.2077
06 May 2022,-2.0477
09 May 2022,-2.0961
10 May 2022,-2.2
11 May 2022,-2.2725
12 May 2022,-2.5276
13 May 2022,-2.4593
16 May 2022,-2.4984
17 May 2022,-2.39
18 May 2022,-2.3087
19 May 2022,-2.2289
20 May 2022,-2.1298
23 May 2022,-2.0292
24 May 2022,-2.0593
25 May 2022,-2.0972
26 May 2022,-2.0733
27 May 2022,-2.0874
30 May 2022,-2.12
31 May 2022,-1.8662
01 Jun 2022,-1.8318
06 Jun 2022,-1.7013
07 Jun 2022,-1.7226
08 Jun 2022,-1.6561
09 Jun 2022,-1.5998
10 Jun 2022,-1.4205
13 Jun 2022,-1.3226
14 Jun 2022,-1.2839
15 Jun 2022,-1.3521
16 Jun 2022,-1.2381
17 Jun 2022,-1.1358
20 Jun 2022,-1.0096
21 Jun 2022,-0.9994
22 Jun 2022,-1.2245
23 Jun 2022,-1.2978
24 Jun 2022,-1.3341
27 Jun 2022,-1.202
28 Jun 2022,-1.0357
29 Jun 2022,-1.0523
30 Jun 2022,-1.2125
01 Jul 2022,-1.4139
04 Jul 2022,-1.3167
05 Jul 2022,-1.424
06 Jul 2022,-1.3335
07 Jul 2022,-1.3496
08 Jul 2022,-1.2272
11 Jul 2022,-1.2462
12 Jul 2022,-1.2873
13 Jul 2022,-1.2799
14 Jul 2022,-1.2203
15 Jul 2022,-1.2131
18 Jul 2022,-1.1149
19 Jul 2022,-1.023
20 Jul 2022,-1.1521
21 Jul 2022,-1.2196
22 Jul 2022,-1.2667
25 Jul 2022,-1.2183
26 Jul 2022,-1.3348
27 Jul 2022,-1.3507
28 Jul 2022,-1.5155
29 Jul 2022,-1.6458
01 Aug 2022,-1.75
02 Aug 2022,-1.7411
03 Aug 2022,-1.6478
04 Aug 2022,-1.7346
05 Aug 2022,-1.5905
08 Aug 2022,-1.6651
09 Aug 2022,-1.5937
10 Aug 2022,-1.6005
11 Aug 2022,-1.5304
12 Aug 2022,-1.4276
15 Aug 2022,-1.5509
16 Aug 2022,-1.5009
17 Aug 2022,-1.6176
18 Aug 2022,-1.6145
19 Aug 2022,-1.5569
22 Aug 2022,-1.5518
23 Aug 2022,-1.3227
24 Aug 2022,-1.1268
25 Aug 2022,-1.3552
26 Aug 2022,-1.4113
30 Aug 2022,-1.2059
31 Aug 2022,-1.0948
01 Sep 2022,-0.9659
02 Sep 2022,-0.9394
05 Sep 2022,-0.9918
06 Sep 2022,-0.8881
07 Sep 2022,-0.9501
08 Sep 2022,-0.7674
09 Sep 2022,-0.7147
12 Sep 2022,-0.6357
13 Sep 2022,-0.4926
14 Sep 2022,-0.6254
15 Sep 2022,-0.6597
16 Sep 2022,-0.6382
20 Sep 2022,-0.5708
21 Sep 2022,-0.5501
22 Sep 2022,-0.3065
23 Sep 2022,-0.0296
26 Sep 2022,0.4851
27 Sep 2022,1.0633
28 Sep 2022,0.5365
29 Sep 2022,0.3827
30 Sep 2022,0.1927
03 Oct 2022,0.2163
04 Oct 2022,0.2792
05 Oct 2022,0.6155
06 Oct 2022,0.6338
07 Oct 2022,0.8853
10 Oct 2022,1.6162
11 Oct 2022,1.5645
12 Oct 2022,1.4719
13 Oct 2022,1.4911
14 Oct 2022,1.411
17 Oct 2022,0.9696
18 Oct 2022,0.7729
19 Oct 2022,0.4541
20 Oct 2022,0.3932
21 Oct 2022,0.5096
24 Oct 2022,0.1552
25 Oct 2022,0.0802
26 Oct 2022,0.1174
27 Oct 2022,-0.0076
28 Oct 2022,-0.0027
31 Oct 2022,0.2013
01 Nov 2022,0.1135
02 Nov 2022,0.1259
03 Nov 2022,0.0994
04 Nov 2022,0.0921
07 Nov 2022,0.1351
08 Nov 2022,0.0417
09 Nov 2022,-0.0842
10 Nov 2022,-0.2483
11 Nov 2022,-0.1738
14 Nov 2022,-0.2218
15 Nov 2022,-0.2715
16 Nov 2022,-0.4636
17 Nov 2022,-0.3638
18 Nov 2022,-0.3198
21 Nov 2022,-0.3311
22 Nov 2022,-0.3461
23 Nov 2022,-0.4356
24 Nov 2022,-0.3943
25 Nov 2022,-0.3283
28 Nov 2022,1.0633
29 Nov 2022,-0.2905
30 Nov 2022,-0.2469
01 Dec 2022,-0.3171
02 Dec 2022,-0.2083
05 Dec 2022,-0.2469
06 Dec 2022,-0.1735
07 Dec 2022,-0.1892
08 Dec 2022,-0.1259
09 Dec 2022,-0.0011
12 Dec 2022,0.0842
13 Dec 2022,0.1629
14 Dec 2022,0.1069
15 Dec 2022,-0.033
16 Dec 2022,0.0214
19 Dec 2022,0.1574
20 Dec 2022,0.2949
21 Dec 2022,0.2825
22 Dec 2022,0.2444
23 Dec 2022,0.3126
28 Dec 2022,0.3819
29 Dec 2022,0.403
30 Dec 2022,0.4046
03 Jan 2023,0.3726
04 Jan 2023,0.3284
05 Jan 2023,0.4609
06 Jan 2023,0.4375
09 Jan 2023,0.5336
10 Jan 2023,0.4544
11 Jan 2023,0.3277
12 Jan 2023,0.2826
13 Jan 2023,0.3123
16 Jan 2023,0.4106
17 Jan 2023,0.3378
18 Jan 2023,0.2022
19 Jan 2023,0.2281
20 Jan 2023,0.246
23 Jan 2023,0.2516
24 Jan 2023,0.1883
25 Jan 2023,0.2084
26 Jan 2023,0.2182
27 Jan 2023,0.1975
30 Jan 2023,0.1873
31 Jan 2023,0.1957
01 Feb 2023,0.2057
02 Feb 2023,-0.1003
03 Feb 2023,-0.0423
06 Feb 2023,0.0759
07 Feb 2023,0.0972
08 Feb 2023,0.1185
09 Feb 2023,0.09
10 Feb 2023,0.2096
13 Feb 2023,0.2298
14 Feb 2023,0.3093
15 Feb 2023,0.1682
16 Feb 2023,0.2076
17 Feb 2023,0.3211
20 Feb 2023,0.2708
21 Feb 2023,0.4101
22 Feb 2023,0.3869
23 Feb 2023,0.3866
24 Feb 2023,0.441
27 Feb 2023,0.4542
28 Feb 2023,0.4146
01 Mar 2023,0.4287
02 Mar 2023,0.3972
03 Mar 2023,0.3805
06 Mar 2023,0.3508
07 Mar 2023,0.4252
08 Mar 2023,0.3668
09 Mar 2023,0.3611
10 Mar 2023,0.2178
13 Mar 2023,0.007
14 Mar 2023,0.1278
15 Mar 2023,0.0642
16 Mar 2023,0.0888
17 Mar 2023,0.033
20 Mar 2023,0.1238
21 Mar 2023,0.1305
22 Mar 2023,0.1114
23 Mar 2023,0.0327
24 Mar 2023,-0.0039
27 Mar 2023,0.0223
28 Mar 2023,0.0239
29 Mar 2023,-0.073
30 Mar 2023,-0.0844
31 Mar 2023,-0.0375
03 Apr 2023,-0.1621
04 Apr 2023,-0.1354
05 Apr 2023,-0.0743
06 Apr 2023,-0.0148
11 Apr 2023,0.1175
12 Apr 2023,0.1641
13 Apr 2023,0.1508
14 Apr 2023,0.1911
17 Apr 2023,0.2216
18 Apr 2023,0.3133
19 Apr 2023,0.3072
20 Apr 2023,0.2291
21 Apr 2023,0.2075
24 Apr 2023,0.2001
25 Apr 2023,0.1942
26 Apr 2023,0.288
27 Apr 2023,0.3472
28 Apr 2023,0.3548
02 May 2023,0.3571
03 May 2023,0.4146
04 May 2023,0.4181
05 May 2023,0.4666
09 May 2023,0.5224
10 May 2023,0.4503
11 May 2023,0.3853
12 May 2023,0.456
15 May 2023,0.5167
16 May 2023,0.5704
17 May 2023,0.5461
18 May 2023,0.6549
19 May 2023,0.7337
22 May 2023,0.7708
23 May 2023,0.8699
24 May 2023,0.6839
25 May 2023,0.8503
26 May 2023,0.8606
30 May 2023,0.768
31 May 2023,0.7011
01 Jun 2023,0.6821
02 Jun 2023,0.6983
05 Jun 2023,0.6885
06 Jun 2023,0.6566
07 Jun 2023,0.6528
08 Jun 2023,0.6703
09 Jun 2023,0.6943
12 Jun 2023,0.7984
13 Jun 2023,0.8582
14 Jun 2023,0.8218
15 Jun 2023,0.8076
16 Jun 2023,0.8337
19 Jun 2023,0.9333
20 Jun 2023,0.7885
21 Jun 2023,0.6893
22 Jun 2023,0.7261
23 Jun 2023,0.732
26 Jun 2023,0.7069
27 Jun 2023,0.8116
28 Jun 2023,0.7421
29 Jun 2023,0.7384
30 Jun 2023,0.7547
03 Jul 2023,0.8309
04 Jul 2023,0.8477
05 Jul 2023,0.8946
06 Jul 2023,1.0577
07 Jul 2023,1.0489
10 Jul 2023,1.0246
11 Jul 2023,1.0532
12 Jul 2023,0.967
13 Jul 2023,0.9198
14 Jul 2023,0.972
17 Jul 2023,0.9782
18 Jul 2023,0.8891
19 Jul 2023,0.6508
20 Jul 2023,0.7013
21 Jul 2023,0.6796
24 Jul 2023,0.6659
25 Jul 2023,0.682
26 Jul 2023,0.6797
27 Jul 2023,0.7186
28 Jul 2023,0.7362
31 Jul 2023,0.7192
01 Aug 2023,0.7832
02 Aug 2023,0.7948
03 Aug 2023,0.8697
04 Aug 2023,0.8071
07 Aug 2023,0.8494
08 Aug 2023,0.8003
09 Aug 2023,0.8133
10 Aug 2023,0.825
11 Aug 2023,0.9627
14 Aug 2023,1.0122
15 Aug 2023,1.0685
16 Aug 2023,0.9863
17 Aug 2023,1.0624
18 Aug 2023,1.0464
21 Aug 2023,1.0863
22 Aug 2023,1.0534
23 Aug 2023,0.8955
24 Aug 2023,0.8591
25 Aug 2023,0.873
29 Aug 2023,0.8721
30 Aug 2023,0.848
31 Aug 2023,0.7659
01 Sep 2023,0.7926
04 Sep 2023,0.851
05 Sep 2023,0.8787
06 Sep 2023,0.9096
07 Sep 2023,0.8442
08 Sep 2023,0.7951
11 Sep 2023,0.8525
12 Sep 2023,0.8099
13 Sep 2023,0.7324
14 Sep 2023,0.6521
15 Sep 2023,0.7073
18 Sep 2023,0.7751
19 Sep 2023,0.7101
20 Sep 2023,0.5567
21 Sep 2023,0.6047
22 Sep 2023,0.5832
25 Sep 2023,0.6044
26 Sep 2023,0.6428
27 Sep 2023,0.6763
28 Sep 2023,0.857
29 Sep 2023,0.7585
02 Oct 2023,0.8855
03 Oct 2023,0.9367
04 Oct 2023,0.9887
05 Oct 2023,0.943
06 Oct 2023,1.0142
09 Oct 2023,0.9051
10 Oct 2023,0.8566
11 Oct 2023,0.7851
12 Oct 2023,0.8718
13 Oct 2023,0.859
16 Oct 2023,0.9416
17 Oct 2023,0.978
18 Oct 2023,0.9963
19 Oct 2023,1.0546
20 Oct 2023,1.0115
23 Oct 2023,0.9957
24 Oct 2023,0.9571
25 Oct 2023,1.0021
26 Oct 2023,0.9849
27 Oct 2023,0.95
30 Oct 2023,0.968
31 Oct 2023,0.948
01 Nov 2023,0.9055
02 Nov 2023,0.8001
03 Nov 2023,0.7281
06 Nov 2023,0.8105
07 Nov 2023,0.7221
08 Nov 2023,0.6936
09 Nov 2023,0.716
10 Nov 2023,0.7737
13 Nov 2023,0.7893
14 Nov 2023,0.6427
15 Nov 2023,0.6032
16 Nov 2023,0.5605
17 Nov 2023,0.5834
20 Nov 2023,0.5793
21 Nov 2023,0.5625
22 Nov 2023,0.614
23 Nov 2023,0.6688
24 Nov 2023,0.7232
27 Nov 2023,0.6769
28 Nov 2023,0.6361
29 Nov 2023,0.6011
30 Nov 2023,0.7115
01 Dec 2023,0.7151
04 Dec 2023,0.7805
05 Dec 2023,0.6546
06 Dec 2023,0.5959
07 Dec 2023,0.5865
08 Dec 2023,0.6014
11 Dec 2023,0.6922
12 Dec 2023,0.6204
13 Dec 2023,0.5042
14 Dec 2023,0.4374
15 Dec 2023,0.3984
18 Dec 2023,0.3429
19 Dec 2023,0.2899
20 Dec 2023,0.1597
21 Dec 2023,0.1983
22 Dec 2023,0.1666
27 Dec 2023,0.1232
28 Dec 2023,0.158
29 Dec 2023,0.2062
02 Jan 2024,0.2972
03 Jan 2024,0.3283
04 Jan 2024,0.3591
05 Jan 2024,0.3893
08 Jan 2024,0.4547
09 Jan 2024,0.4697
10 Jan 2024,0.4956
11 Jan 2024,0.5392
12 Jan 2024,0.4926
15 Jan 2024,0.5235
16 Jan 2024,0.54
17 Jan 2024,0.6498
18 Jan 2024,0.6186
19 Jan 2024,0.5889
22 Jan 2024,0.5819
23 Jan 2024,0.6655
24 Jan 2024,0.6732
25 Jan 2024,0.6373
26 Jan 2024,0.6275
29 Jan 2024,0.5574
30 Jan 2024,0.5525
31 Jan 2024,0.4487
01 Feb 2024,0.3955
02 Feb 2024,0.5564
05 Feb 2024,0.6492
06 Feb 2024,0.5656
07 Feb 2024,0.5938
08 Feb 2024,0.6561
09 Feb 2024,0.7126
12 Feb 2024,0.7121
13 Feb 2024,0.7435
14 Feb 2024,0.6355
15 Feb 2024,0.6576
16 Feb 2024,0.7128
19 Feb 2024,0.727
20 Feb 2024,0.692
21 Feb 2024,0.7262
22 Feb 2024,0.736
23 Feb 2024,0.7071
26 Feb 2024,0.704
27 Feb 2024,0.7205
28 Feb 2024,0.6853
29 Feb 2024,0.5743
01 Mar 2024,0.5782
04 Mar 2024,0.6077
05 Mar 2024,0.5116
06 Mar 2024,0.5269
07 Mar 2024,0.5248
08 Mar 2024,0.5213
11 Mar 2024,0.5094
12 Mar 2024,0.4867
13 Mar 2024,0.5086
14 Mar 2024,0.5126
15 Mar 2024,0.5522
18 Mar 2024,0.5211
19 Mar 2024,0.4937
20 Mar 2024,0.3902
21 Mar 2024,0.3624
22 Mar 2024,0.3205
25 Mar 2024,0.3431
26 Mar 2024,0.3387
27 Mar 2024,0.3529
28 Mar 2024,0.3225
02 Apr 2024,0.4432
03 Apr 2024,0.402
04 Apr 2024,0.371
05 Apr 2024,0.4262
08 Apr 2024,0.4516
09 Apr 2024,0.4086
10 Apr 2024,0.4764
11 Apr 2024,0.5462
12 Apr 2024,0.4518
15 Apr 2024,0.5125
16 Apr 2024,0.503
17 Apr 2024,0.503
18 Apr 2024,0.5116
19 Apr 2024,0.5213
22 Apr 2024,0.5096
23 Apr 2024,0.5645
24 Apr 2024,0.6193
25 Apr 2024,0.6404
26 Apr 2024,0.6183
29 Apr 2024,0.5835
30 Apr 2024,0.6339
01 May 2024,0.6853
02 May 2024,0.6306
03 May 2024,0.577
07 May 2024,0.5044
08 May 2024,0.4959
09 May 2024,0.4987
10 May 2024,0.5268
13 May 2024,0.5369
14 May 2024,0.5396
15 May 2024,0.4238
16 May 2024,0.4049
17 May 2024,0.4717
20 May 2024,0.5203
21 May 2024,0.5077
22 May 2024,0.5137
23 May 2024,0.5342
24 May 2024,0.5651
28 May 2024,0.5767
29 May 2024,0.6783
30 May 2024,0.6435
31 May 2024,0.581
03 Jun 2024,0.5204
04 Jun 2024,0.5006
05 Jun 2024,0.5128
06 Jun 2024,0.5149
07 Jun 2024,0.594
10 Jun 2024,0.6578
11 Jun 2024,0.6377
12 Jun 2024,0.5276
13 Jun 2024,0.5266
14 Jun 2024,0.4654
17 Jun 2024,0.5543
18 Jun 2024,0.4902
19 Jun 2024,0.482
20 Jun 2024,0.4878
21 Jun 2024,0.5109
24 Jun 2024,0.5388
25 Jun 2024,0.5576
26 Jun 2024,0.6152
27 Jun 2024,0.6067
28 Jun 2024,0.6339
01 Jul 2024,0.7099
02 Jul 2024,0.7224
03 Jul 2024,0.6668
04 Jul 2024,0.6851
05 Jul 2024,0.6301
08 Jul 2024,0.6103
09 Jul 2024,0.6766
10 Jul 2024,0.6619
11 Jul 2024,0.5983
12 Jul 2024,0.6
15 Jul 2024,0.5876
16 Jul 2024,0.5271
17 Jul 2024,0.4951
18 Jul 2024,0.4761
19 Jul 2024,0.5569
22 Jul 2024,0.5993
23 Jul 2024,0.6118
24 Jul 2024,0.6075
25 Jul 2024,0.6123
26 Jul 2024,0.6077
29 Jul 2024,0.5523
30 Jul 2024,0.557
31 Jul 2024,0.5063
01 Aug 2024,0.392
02 Aug 2024,0.4254
05 Aug 2024,0.4585
06 Aug 2024,0.4655
07 Aug 2024,0.5058
08 Aug 2024,0.5207
09 Aug 2024,0.5043
12 Aug 2024,0.4994
13 Aug 2024,0.4574
14 Aug 2024,0.4063
15 Aug 2024,0.4807
16 Aug 2024,0.4878
19 Aug 2024,0.5188
20 Aug 2024,0.5059
21 Aug 2024,0.5065
22 Aug 2024,0.5498
23 Aug 2024,0.5044
27 Aug 2024,0.5341
28 Aug 2024,0.5482
29 Aug 2024,0.5851
30 Aug 2024,0.5767
02 Sep 2024,0.6272
03 Sep 2024,0.5841
04 Sep 2024,0.5575
05 Sep 2024,0.5339
06 Sep 2024,0.5167
09 Sep 2024,0.495
10 Sep 2024,0.5001
11 Sep 2024,0.4575
12 Sep 2024,0.478
13 Sep 2024,0.4566
16 Sep 2024,0.4391
17 Sep 2024,0.422
18 Sep 2024,0.4199
19 Sep 2024,0.4791
20 Sep 2024,0.5146
23 Sep 2024,0.5168
24 Sep 2024,0.5098
25 Sep 2024,0.5573
26 Sep 2024,0.5756
27 Sep 2024,0.5816
30 Sep 2024,0.5871
01 Oct 2024,0.5059
02 Oct 2024,0.5855
03 Oct 2024,0.5293
04 Oct 2024,0.5802
07 Oct 2024,0.607
08 Oct 2024,0.6707
09 Oct 2024,0.6739
10 Oct 2024,0.6794
11 Oct 2024,0.6627
14 Oct 2024,0.6961
15 Oct 2024,0.6774
16 Oct 2024,0.5459
17 Oct 2024,0.571
18 Oct 2024,0.5554
21 Oct 2024,0.5816
22 Oct 2024,0.584
23 Oct 2024,0.6387
24 Oct 2024,0.6665
25 Oct 2024,0.6787
28 Oct 2024,0.758
29 Oct 2024,0.7871
30 Oct 2024,0.8224
31 Oct 2024,0.8396
01 Nov 2024,0.871
04 Nov 2024,0.8482
05 Nov 2024,0.9188
06 Nov 2024,0.9481
07 Nov 2024,0.9012
08 Nov 2024,0.8647
11 Nov 2024,0.8506
12 Nov 2024,0.8972
13 Nov 2024,0.9544
14 Nov 2024,0.9534
15 Nov 2024,0.9508
18 Nov 2024,0.9576
19 Nov 2024,0.9304
20 Nov 2024,0.9338
21 Nov 2024,0.8989
22 Nov 2024,0.8575
25 Nov 2024,0.8149
26 Nov 2024,0.8191
27 Nov 2024,0.7918
28 Nov 2024,0.7508
29 Nov 2024,0.7544
02 Dec 2024,0.7281
03 Dec 2024,0.7438
04 Dec 2024,0.7708
05 Dec 2024,0.8329
06 Dec 2024,0.8513
09 Dec 2024,0.859
10 Dec 2024,0.8412
11 Dec 2024,0.8298
12 Dec 2024,0.8579
13 Dec 2024,0.9258
16 Dec 2024,1.0003
17 Dec 2024,1.0937
18 Dec 2024,1.0981
19 Dec 2024,1.0924
20 Dec 2024,1.037
23 Dec 2024,1.0739
24 Dec 2024,1.0887
27 Dec 2024,1.1264
30 Dec 2024,1.1281
31 Dec 2024,1.0868
02 Jan 2025,1.0664
03 Jan 2025,1.0799
06 Jan 2025,1.12
07 Jan 2025,1.1685
08 Jan 2025,1.2322
09 Jan 2025,1.2404
10 Jan 2025,1.2511
13 Jan 2025,1.2571
14 Jan 2025,1.2874
15 Jan 2025,1.0877
16 Jan 2025,1.0251
17 Jan 2025,1.0295
20 Jan 2025,1.0748
21 Jan 2025,1.0469
22 Jan 2025,1.0299
23 Jan 2025,1.0341
24 Jan 2025,1.0464
27 Jan 2025,1.0186
28 Jan 2025,1.0385
29 Jan 2025,1.0194
30 Jan 2025,0.9828
31 Jan 2025,0.9616
03 Feb 2025,0.9146
04 Feb 2025,0.9604
05 Feb 2025,0.8873
06 Feb 2025,0.906
07 Feb 2025,0.9598
10 Feb 2025,0.9313
11 Feb 2025,0.9677
12 Feb 2025,1.027
13 Feb 2025,0.9878
14 Feb 2025,1.0058
17 Feb 2025,1.0497
18 Feb 2025,1.0761
19 Feb 2025,1.0934
20 Feb 2025,1.1094
21 Feb 2025,1.0834
24 Feb 2025,1.0669
25 Feb 2025,1.0448
26 Feb 2025,1.058
27 Feb 2025,1.0494
28 Feb 2025,1.0534
03 Mar 2025,1.108
04 Mar 2025,1.0648
05 Mar 2025,1.1938
06 Mar 2025,1.2118
07 Mar 2025,1.1693
10 Mar 2025,1.1586
11 Mar 2025,1.2208
12 Mar 2025,1.2872
13 Mar 2025,1.2318
14 Mar 2025,1.217
17 Mar 2025,1.1986
18 Mar 2025,1.2125
19 Mar 2025,1.1914
20 Mar 2025,1.1954
21 Mar 2025,1.2593
24 Mar 2025,1.2711
25 Mar 2025,1.2775
26 Mar 2025,1.2323
27 Mar 2025,1.2799
28 Mar 2025,1.2302
31 Mar 2025,1.2131
01 Apr 2025,1.1779
02 Apr 2025,1.2045
03 Apr 2025,1.1574
04 Apr 2025,1.1614
07 Apr 2025,1.2993
08 Apr 2025,1.3155
09 Apr 2025,1.4605
10 Apr 2025,1.3757
11 Apr 2025,1.5442
14 Apr 2025,1.4796
15 Apr 2025,1.4594
16 Apr 2025,1.3688
17 Apr 2025,1.2743
22 Apr 2025,1.2603
23 Apr 2025,1.2724
24 Apr 2025,1.1993
25 Apr 2025,1.1736
28 Apr 2025,1.1933
29 Apr 2025,1.1941
30 Apr 2025,1.1919
01 May 2025,1.199
02 May 2025,1.2197
06 May 2025,1.2634
07 May 2025,1.2268
08 May 2025,1.3113
09 May 2025,1.3601
12 May 2025,1.3952
13 May 2025,1.3862
14 May 2025,1.4431
15 May 2025,1.4157
16 May 2025,1.4058
19 May 2025,1.4266
20 May 2025,1.4488
21 May 2025,1.4635
22 May 2025,1.4664
23 May 2025,1.4254
27 May 2025,1.3987
28 May 2025,1.4547
29 May 2025,1.4372
30 May 2025,1.472
02 Jun 2025,1.4255
03 Jun 2025,1.4142
04 Jun 2025,1.4307
05 Jun 2025,1.4178
06 Jun 2025,1.4464
09 Jun 2025,1.4503
10 Jun 2025,1.408
11 Jun 2025,1.3846
12 Jun 2025,1.3175
13 Jun 2025,1.386
16 Jun 2025,1.3649
17 Jun 2025,1.3586
18 Jun 2025,1.2888
19 Jun 2025,1.2851
20 Jun 2025,1.3254
23 Jun 2025,1.2844
24 Jun 2025,1.3141
25 Jun 2025,1.3435
26 Jun 2025,1.3568
27 Jun 2025,1.407
30 Jun 2025,1.4341
01 Jul 2025,1.3953
02 Jul 2025,1.4874
03 Jul 2025,1.456
04 Jul 2025,1.4883
07 Jul 2025,1.5188
08 Jul 2025,1.5663
09 Jul 2025,1.5466
10 Jul 2025,1.5337
11 Jul 2025,1.5387
14 Jul 2025,1.5003
15 Jul 2025,1.5237
16 Jul 2025,1.5
17 Jul 2025,1.5281
18 Jul 2025,1.5601
21 Jul 2025,1.512
22 Jul 2025,1.4872
23 Jul 2025,1.5204
24 Jul 2025,1.5165
25 Jul 2025,1.5315
28 Jul 2025,1.5273
29 Jul 2025,1.4943
30 Jul 2025,1.4786
31 Jul 2025,1.4379
01 Aug 2025,1.4317
04 Aug 2025,1.4178
05 Aug 2025,1.4285
06 Aug 2025,1.4423
07 Aug 2025,1.4925
08 Aug 2025,1.5379
11 Aug 2025,1.506
12 Aug 2025,1.5564
13 Aug 2025,1.5612
14 Aug 2025,1.6082
15 Aug 2025,1.6698
18 Aug 2025,1.7423
19 Aug 2025,1.717
20 Aug 2025,1.6365
21 Aug 2025,1.6507
22 Aug 2025,1.6241
26 Aug 2025,1.6548
27 Aug 2025,1.6514
28 Aug 2025,1.6209
29 Aug 2025,1.6354
01 Sep 2025,1.6764
02 Sep 2025,1.7199
03 Sep 2025,1.6785
04 Sep 2025,1.6524
05 Sep 2025,1.5951
08 Sep 2025,1.5627
09 Sep 2025,1.5863
10 Sep 2025,1.5883
11 Sep 2025,1.5993
12 Sep 2025,1.629
15 Sep 2025,1.6258
16 Sep 2025,1.6297
17 Sep 2025,1.5725
18 Sep 2025,1.6051
19 Sep 2025,1.6552
22 Sep 2025,1.6586
23 Sep 2025,1.6425
24 Sep 2025,1.6121
25 Sep 2025,1.6747
26 Sep 2025,1.6718
29 Sep 2025,1.6491
30 Sep 2025,1.6571
01 Oct 2025,1.663
02 Oct 2025,1.6781
03 Oct 2025,1.6706
06 Oct 2025,1.6959
07 Oct 2025,1.6994
08 Oct 2025,1.6832
09 Oct 2025,1.7203
10 Oct 2025,1.6546
13 Oct 2025,1.6483
14 Oct 2025,1.5975
15 Oct 2025,1.574
16 Oct 2025,1.5509
17 Oct 2025,1.5979
20 Oct 2025,1.6063
21 Oct 2025,1.591
22 Oct 2025,1.5074
23 Oct 2025,1.5083
24 Oct 2025,1.5445
27 Oct 2025,1.5501
28 Oct 2025,1.5409
29 Oct 2025,1.5503
30 Oct 2025,1.5569
31 Oct 2025,1.5584
03 Nov 2025,1.5871
04 Nov 2025,1.5644
05 Nov 2025,1.6266
06 Nov 2025,1.6209
07 Nov 2025,1.6413
10 Nov 2025,1.604
11 Nov 2025,1.5357
12 Nov 2025,1.5611
13 Nov 2025,1.5782
14 Nov 2025,1.6631
17 Nov 2025,1.6593
18 Nov 2025,1.6648
19 Nov 2025,1.6773
20 Nov 2025,1.6648
21 Nov 2025,1.6544
24 Nov 2025,1.6834
25 Nov 2025,1.6377
26 Nov 2025,1.5732
27 Nov 2025,1.5615
28 Nov 2025,1.5495
01 Dec 2025,1.5876
02 Dec 2025,1.5777
03 Dec 2025,1.5264
04 Dec 2025,1.4927
05 Dec 2025,1.5519
08 Dec 2025,1.6115
09 Dec 2025,1.5651
10 Dec 2025,1.5921
11 Dec 2025,1.5393
12 Dec 2025,1.5995
15 Dec 2025,1.5746
16 Dec 2025,1.5969
17 Dec 2025,1.5386
18 Dec 2025,1.5559
19 Dec 2025,1.5949
22 Dec 2025,1.6209
23 Dec 2025,1.605
24 Dec 2025,1.6251
29 Dec 2025,1.6155
30 Dec 2025,1.6224
31 Dec 2025,1.6165
02 Jan 2026,1.677
05 Jan 2026,1.6752
06 Jan 2026,1.6455
07 Jan 2026,1.5525
08 Jan 2026,1.5334
09 Jan 2026,1.4817
12 Jan 2026,1.4849
13 Jan 2026,1.4922
14 Jan 2026,1.4453
15 Jan 2026,1.4674
16 Jan 2026,1.4581
19 Jan 2026,1.4553
20 Jan 2026,1.4706
21 Jan 2026,1.4403
22 Jan 2026,1.4616
23 Jan 2026,1.4596
26 Jan 2026,1.4628
27 Jan 2026,1.4472
28 Jan 2026,1.4634
29 Jan 2026,1.4579
30 Jan 2026,1.465
02 Feb 2026,1.4784
03 Feb 2026,1.5002
04 Feb 2026,1.5241
05 Feb 2026,1.5471
06 Feb 2026,1.533
09 Feb 2026,1.5535
10 Feb 2026,1.5348
11 Feb 2026,1.5193
12 Feb 2026,1.4978
13 Feb 2026,1.4702
16 Feb 2026,1.4643
17 Feb 2026,1.4472
18 Feb 2026,1.4057
19 Feb 2026,1.3806
20 Feb 2026,1.3715
23 Feb 2026,1.3426
24 Feb 2026,1.3482
25 Feb 2026,1.3546
26 Feb 2026,1.3129
27 Feb 2026,1.2593
02 Mar 2026,1.2577
03 Mar 2026,1.329
04 Mar 2026,1.3012
05 Mar 2026,1.369
06 Mar 2026,1.4131
09 Mar 2026,1.3352
10 Mar 2026,1.3406
11 Mar 2026,1.397
12 Mar 2026,1.3842
13 Mar 2026,1.4604
16 Mar 2026,1.4385
17 Mar 2026,1.3503
18 Mar 2026,1.3416
19 Mar 2026,1.4107
20 Mar 2026,1.541
23 Mar 2026,1.5298
24 Mar 2026,1.5343
25 Mar 2026,1.4517
26 Mar 2026,1.5169
27 Mar 2026,1.5338
30 Mar 2026,1.4705
31 Mar 2026,1.4171
01 Apr 2026,1.4234
02 Apr 2026,1.3981
07 Apr 2026,1.424
08 Apr 2026,1.3591
09 Apr 2026,1.3944
10 Apr 2026,1.4323
13 Apr 2026,1.4502
14 Apr 2026,1.4343
15 Apr 2026,1.4352
16 Apr 2026,1.4784
17 Apr 2026,1.4524
20 Apr 2026,1.5249
21 Apr 2026,1.5542
22 Apr 2026,1.5085
23 Apr 2026,1.5312
24 Apr 2026,1.5179
27 Apr 2026,1.5318
28 Apr 2026,1.554
29 Apr 2026,1.5438
30 Apr 2026,1.5356
01 May 2026,1.5178
05 May 2026,1.6042
06 May 2026,1.5461
07 May 2026,1.5752
08 May 2026,1.5427
11 May 2026,1.5978
12 May 2026,1.642
13 May 2026,1.6057
14 May 2026,1.581
15 May 2026,1.7045
18 May 2026,1.6846
19 May 2026,1.6852
20 May 2026,1.5641
21 May 2026,1.5266
22 May 2026,1.5005
26 May 2026,1.5283
27 May 2026,1.5319
28 May 2026,1.5121
29 May 2026,1.5478
01 Jun 2026,1.5833
02 Jun 2026,1.5765
03 Jun 2026,1.6226
04 Jun 2026,1.6359
05 Jun 2026,1.6571
08 Jun 2026,1.6849
09 Jun 2026,1.6584
10 Jun 2026,1.6578
11 Jun 2026,1.6582
12 Jun 2026,1.648
15 Jun 2026,1.672
16 Jun 2026,1.6616
17 Jun 2026,1.6215
18 Jun 2026,1.6335
19 Jun 2026,1.7112
22 Jun 2026,1.7074
23 Jun 2026,1.663
24 Jun 2026,1.6265
25 Jun 2026,1.6339
26 Jun 2026,1.6981
29 Jun 2026,1.6809
30 Jun 2026,1.7211
01 Jul 2026,1.7257
02 Jul 2026,1.7237
03 Jul 2026,1.7335
06 Jul 2026,1.7505
07 Jul 2026,1.7787
08 Jul 2026,1.8559
09 Jul 2026,1.824
10 Jul 2026,1.8104
13 Jul 2026,1.8508
14 Jul 2026,1.8186
15 Jul 2026,1.813
16 Jul 2026,1.8396
17 Jul 2026,1.83
20 Jul 2026,1.8825
21 Jul 2026,1.8765
22 Jul 2026,1.8427
23 Jul 2026,1.8928
24 Jul 2026,1.8655
27 Jul 2026,1.8506
28 Jul 2026,1.8498
29 Jul 2026,1.8813
30 Jul 2026,1.9002
31 Jul 2026,1.8812
03 Aug 2026,1.8537
04 Aug 2026,1.824
05 Aug 2026,1.8095
06 Aug 2026,1.8347
07 Aug 2026,1.836
10 Aug 2026,1.8461
11 Aug 2026,1.8232
12 Aug 2026,1.82
13 Aug 2026,1.8066
14 Aug 2026,1.8454
17 Aug 2026,1.8524
18 Aug 2026,1.8476
19 Aug 2026,1.8407
20 Aug 2026,1.85
21 Aug 2026,1.86
24 Aug 2026,1.8506
25 Aug 2026,1.8232
26 Aug 2026,1.8417
27 Aug 2026,1.83
28 Aug 2026,1.838
01 Sep 2026,1.8741
02 Sep 2026,1.8793
03 Sep 2026,1.8149
04 Sep 2026,1.8181
07 Sep 2026,1.8229
08 Sep 2026,1.8199
09 Sep 2026,1.8875
10 Sep 2026,1.9622
11 Sep 2026,1.9545
14 Sep 2026,1.9838
15 Sep 2026,1.989
16 Sep 2026,1.8868
17 Sep 2026,1.8016
18 Sep 2026,1.8467
21 Sep 2026,1.8056
22 Sep 2026,1.8364
23 Sep 2026,1.9016
24 Sep 2026,1.9009
25 Sep 2026,1.9391
28 Sep 2026,1.967
29 Sep 2026,1.9942
30 Sep 2026,1.9964
01 Oct 2026,1.9923
02 Oct 2026,1.9394
05 Oct 2026,2.0231
