series_id,country,concept,date,value,vintage
XX.gold_usd.LBMA_DATAHUB,XX,gold_usd,1833-01-31,18.93,2026-10-07T00:00:00
XX.gold_usd.LBMA_DATAHUB,XX,gold_usd,1833-02-28,18.93,2026-10-07T00:00:00
XX.gold_usd.LBMA_DATAHUB,XX,gold_usd,1833-03-31,18.93,2026-10-07T00:00:00
XX.gold_usd.LBMA_DATAHUB,XX,gold_usd,1833-04-30,18.93,2026-10-07T00:00:00
XX.gold_usd.LBMA_DATAHUB,XX,gold_usd,1833-05-31,18.93,2026-10-07T00:00:00
XX.gold_usd.LBMA_DATAHUB,XX,gold_usd,1833-06-30,18.93,2026-10-07T00:00:00
XX.gold_usd.LBMA_DATAHUB,XX,gold_usd,1833-07-31,18.93,2026-10-07T00:00:00
XX.gold_usd.LBMA_DATAHUB,XX,gold_usd,1833-08-31,18.93,2026-10-07T00:00:00
XX.gold_usd.LBMA_DATAHUB,XX,gold_usd,1833-09-30,18.93,2026-10-07T00:00:00
XX.gold_usd.LBMA_DATAHUB,XX,gold_usd,1833-10-31,18.93,2026-10-07T00:00:00
XX.gold_usd.LBMA_DATAHUB,XX,gold_usd,1833-11-30,18.93,2026-10-07T00:00:00
XX.gold_usd.LBMA_DATAHUB,XX,gold_usd,1833-12-31,18.93,2026-10-07T00:00:00
XX.gold_usd.LBMA_DATAHUB,XX,gold_usd,1834-01-31,18.93,2026-10-07T00:00:00
XX.gold_usd.LBMA_DATAHUB,XX,gold_usd,1834-02-28,18.93,2026-10-07T00:00:00
XX.gold_usd.LBMA_DATAHUB,XX,gold_usd,1834-03-31,18.93,2026-10-07T00:00:00
XX.gold_usd.LBMA_DATAHUB,XX,gold_usd,1834-04-30,18.93,2026-10-07T00:00:00
XX.gold_usd.LBMA_DATAHUB,XX,gold_usd,1834-05-31,18.93,2026-10-07T00:00:00
XX.gold_usd.LBMA_DATAHUB,XX,gold_usd,1834-06-30,18.93,2026-10-07T00:00:00
XX.gold_usd.LBMA_DATAHUB,XX,gold_usd,1834-07-31,18.93,2026-10-07T00:00:00
XX.gold_usd.LBMA_DATAHUB,XX,gold_usd,1834-08-31,18.93,2026-10-07T00:00:00
XX.gold_usd.LBMA_DATAHUB,XX,gold_usd,1834-09-30,18.93,2026-10-07T00:00:00
XX.gold_usd.LBMA_DATAHUB,XX,gold_usd,1834-10-31,18.93,2026-10-07T00:00:00
XX.gold_usd.LBMA_DATAHUB,XX,gold_usd,1834-11-30,18.93,2026-10-07T00:00:00
XX.gold_usd.LBMA_DATAHUB,XX,gold_usd,1834-12-31,18.93,2026-10-07T00:00:00
XX.gold_usd.LBMA_DATAHUB,XX,gold_usd,1835-01-31,18.93,2026-10-07T00:00:00
XX.gold_usd.LBMA_DATAHUB,XX,gold_usd,1835-02-28,18.93,2026-10-07T00:00:00
XX.gold_usd.LBMA_DATAHUB,XX,gold_usd,1835-03-31,18.93,2026-10-07T00:00:00
XX.gold_usd.LBMA_DATAHUB,XX,gold_usd,1835-04-30,18.93,2026-10-07T00:00:00
XX.gold_usd.LBMA_DATAHUB,XX,gold_usd,1835-05-31,18.93,2026-10-07T00:00:00
XX.gold_usd.LBMA_DATAHUB,XX,gold_usd,1835-06-30,18.93,2026-10-07T00:00:00
XX.gold_usd.LBMA_DATAHUB,XX,gold_usd,1835-07-31,18.93,2026-10-07T00:00:00
XX.gold_usd.LBMA_DATAHUB,XX,gold_usd,1835-08-31,18.93,2026-10-07T00:00:00
XX.gold_usd.LBMA_DATAHUB,XX,gold_usd,1835-09-30,18.93,2026-10-07T00:00:00
XX.gold_usd.LBMA_DATAHUB,XX,gold_usd,1835-10-31,18.93,2026-10-07T00:00:00
XX.gold_usd.LBMA_DATAHUB,XX,gold_usd,1835-11-30,18.93,2026-10-07T00:00:00
XX.gold_usd.LBMA_DATAHUB,XX,gold_usd,1835-12-31,18.93,2026-10-07T00:00:00
XX.gold_usd.LBMA_DATAHUB,XX,gold_usd,1836-01-31,18.93,2026-10-07T00:00:00
XX.gold_usd.LBMA_DATAHUB,XX,gold_usd,1836-02-29,18.93,2026-10-07T00:00:00
XX.gold_usd.LBMA_DATAHUB,XX,gold_usd,1836-03-31,18.93,2026-10-07T00:00:00
XX.gold_usd.LBMA_DATAHUB,XX,gold_usd,1836-04-30,18.93,2026-10-07T00:00:00
XX.gold_usd.LBMA_DATAHUB,XX,gold_usd,1836-05-31,18.93,2026-10-07T00:00:00
XX.gold_usd.LBMA_DATAHUB,XX,gold_usd,1836-06-30,18.93,2026-10-07T00:00:00
XX.gold_usd.LBMA_DATAHUB,XX,gold_usd,1836-07-31,18.93,2026-10-07T00:00:00
XX.gold_usd.LBMA_DATAHUB,XX,gold_usd,1836-08-31,18.93,2026-10-07T00:00:00
XX.gold_usd.LBMA_DATAHUB,XX,gold_usd,1836-09-30,18.93,2026-10-07T00:00:00
XX.gold_usd.LBMA_DATAHUB,XX,gold_usd,1836-10-31,18.93,2026-10-07T00:00:00
XX.gold_usd.LBMA_DATAHUB,XX,gold_usd,1836-11-30,18.93,2026-10-07T00:00:00
XX.gold_usd.LBMA_DATAHUB,XX,gold_usd,1836-12-31,18.93,2026-10-07T00:00:00
XX.gold_usd.LBMA_DATAHUB,XX,gold_usd,1837-01-31,18.93,2026-10-07T00:00:00
XX.gold_usd.LBMA_DATAHUB,XX,gold_usd,1837-02-28,18.93,2026-10-07T00:00:00
XX.gold_usd.LBMA_DATAHUB,XX,gold_usd,1837-03-31,18.93,2026-10-07T00:00:00
XX.gold_usd.LBMA_DATAHUB,XX,gold_usd,1837-04-30,18.93,2026-10-07T00:00:00
XX.gold_usd.LBMA_DATAHUB,XX,gold_usd,1837-05-31,18.93,2026-10-07T00:00:00
XX.gold_usd.LBMA_DATAHUB,XX,gold_usd,1837-06-30,18.93,2026-10-07T00:00:00
XX.gold_usd.LBMA_DATAHUB,XX,gold_usd,1837-07-31,18.93,2026-10-07T00:00:00
XX.gold_usd.LBMA_DATAHUB,XX,gold_usd,1837-08-31,18.93,2026-10-07T00:00:00
XX.gold_usd.LBMA_DATAHUB,XX,gold_usd,1837-09-30,18.93,2026-10-07T00:00:00
XX.gold_usd.LBMA_DATAHUB,XX,gold_usd,1837-10-31,18.93,2026-10-07T00:00:00
XX.gold_usd.LBMA_DATAHUB,XX,gold_usd,1837-11-30,18.93,2026-10-07T00:00:00
XX.gold_usd.LBMA_DATAHUB,XX,gold_usd,1837-12-31,18.93,2026-10-07T00:00:00
XX.gold_usd.LBMA_DATAHUB,XX,gold_usd,1838-01-31,18.93,2026-10-07T00:00:00
XX.gold_usd.LBMA_DATAHUB,XX,gold_usd,1838-02-28,18.93,2026-10-07T00:00:00
XX.gold_usd.LBMA_DATAHUB,XX,gold_usd,1838-03-31,18.93,2026-10-07T00:00:00
XX.gold_usd.LBMA_DATAHUB,XX,gold_usd,1838-04-30,18.93,2026-10-07T00:00:00
XX.gold_usd.LBMA_DATAHUB,XX,gold_usd,1838-05-31,18.93,2026-10-07T00:00:00
XX.gold_usd.LBMA_DATAHUB,XX,gold_usd,1838-06-30,18.93,2026-10-07T00:00:00
XX.gold_usd.LBMA_DATAHUB,XX,gold_usd,1838-07-31,18.93,2026-10-07T00:00:00
XX.gold_usd.LBMA_DATAHUB,XX,gold_usd,1838-08-31,18.93,2026-10-07T00:00:00
XX.gold_usd.LBMA_DATAHUB,XX,gold_usd,1838-09-30,18.93,2026-10-07T00:00:00
XX.gold_usd.LBMA_DATAHUB,XX,gold_usd,1838-10-31,18.93,2026-10-07T00:00:00
XX.gold_usd.LBMA_DATAHUB,XX,gold_usd,1838-11-30,18.93,2026-10-07T00:00:00
XX.gold_usd.LBMA_DATAHUB,XX,gold_usd,1838-12-31,18.93,2026-10-07T00:00:00
XX.gold_usd.LBMA_DATAHUB,XX,gold_usd,1839-01-31,18.93,2026-10-07T00:00:00
XX.gold_usd.LBMA_DATAHUB,XX,gold_usd,1839-02-28,18.93,2026-10-07T00:00:00
XX.gold_usd.LBMA_DATAHUB,XX,gold_usd,1839-03-31,18.93,2026-10-07T00:00:00
XX.gold_usd.LBMA_DATAHUB,XX,gold_usd,1839-04-30,18.93,2026-10-07T00:00:00
XX.gold_usd.LBMA_DATAHUB,XX,gold_usd,1839-05-31,18.93,2026-10-07T00:00:00
XX.gold_usd.LBMA_DATAHUB,XX,gold_usd,1839-06-30,18.93,2026-10-07T00:00:00
XX.gold_usd.LBMA_DATAHUB,XX,gold_usd,1839-07-31,18.93,2026-10-07T00:00:00
XX.gold_usd.LBMA_DATAHUB,XX,gold_usd,1839-08-31,18.93,2026-10-07T00:00:00
XX.gold_usd.LBMA_DATAHUB,XX,gold_usd,1839-09-30,18.93,2026-10-07T00:00:00
XX.gold_usd.LBMA_DATAHUB,XX,gold_usd,1839-10-31,18.93,2026-10-07T00:00:00
XX.gold_usd.LBMA_DATAHUB,XX,gold_usd,1839-11-30,18.93,2026-10-07T00:00:00
XX.gold_usd.LBMA_DATAHUB,XX,gold_usd,1839-12-31,18.93,2026-10-07T00:00:00
XX.gold_usd.LBMA_DATAHUB,XX,gold_usd,1840-01-31,18.93,2026-10-07T00:00:00
XX.gold_usd.LBMA_DATAHUB,XX,gold_usd,1840-02-29,18.93,2026-10-07T00:00:00
XX.gold_usd.LBMA_DATAHUB,XX,gold_usd,1840-03-31,18.93,2026-10-07T00:00:00
XX.gold_usd.LBMA_DATAHUB,XX,gold_usd,1840-04-30,18.93,2026-10-07T00:00:00
XX.gold_usd.LBMA_DATAHUB,XX,gold_usd,1840-05-31,18.93,2026-10-07T00:00:00
XX.gold_usd.LBMA_DATAHUB,XX,gold_usd,1840-06-30,18.93,2026-10-07T00:00:00
XX.gold_usd.LBMA_DATAHUB,XX,gold_usd,1840-07-31,18.93,2026-10-07T00:00:00
XX.gold_usd.LBMA_DATAHUB,XX,gold_usd,1840-08-31,18.93,2026-10-07T00:00:00
XX.gold_usd.LBMA_DATAHUB,XX,gold_usd,1840-09-30,18.93,2026-10-07T00:00:00
XX.gold_usd.LBMA_DATAHUB,XX,gold_usd,1840-10-31,18.93,2026-10-07T00:00:00
XX.gold_usd.LBMA_DATAHUB,XX,gold_usd,1840-11-30,18.93,2026-10-07T00:00:00
XX.gold_usd.LBMA_DATAHUB,XX,gold_usd,1840-12-31,18.93,2026-10-07T00:00:00
XX.gold_usd.LBMA_DATAHUB,XX,gold_usd,1841-01-31,18.93,2026-10-07T00:00:00
XX.gold_usd.LBMA_DATAHUB,XX,gold_usd,1841-02-28,18.93,2026-10-07T00:00:00
XX.gold_usd.LBMA_DATAHUB,XX,gold_usd,1841-03-31,18.93,2026-10-07T00:00:00
XX.gold_usd.LBMA_DATAHUB,XX,gold_usd,1841-04-30,18.93,2026-10-07T00:00:00
XX.gold_usd.LBMA_DATAHUB,XX,gold_usd,1841-05-31,18.93,2026-10-07T00:00:00
XX.gold_usd.LBMA_DATAHUB,XX,gold_usd,1841-06-30,18.93,2026-10-07T00:00:00
XX.gold_usd.LBMA_DATAHUB,XX,gold_usd,1841-07-31,18.93,2026-10-07T00:00:00
XX.gold_usd.LBMA_DATAHUB,XX,gold_usd,1841-08-31,18.93,2026-10-07T00:00:00
XX.gold_usd.LBMA_DATAHUB,XX,gold_usd,1841-09-30,18.93,2026-10-07T00:00:00
XX.gold_usd.LBMA_DATAHUB,XX,gold_usd,1841-10-31,18.93,2026-10-07T00:00:00
XX.gold_usd.LBMA_DATAHUB,XX,gold_usd,1841-11-30,18.93,2026-10-07T00:00:00
XX.gold_usd.LBMA_DATAHUB,XX,gold_usd,1841-12-31,18.93,2026-10-07T00:00:00
XX.gold_usd.LBMA_DATAHUB,XX,gold_usd,1842-01-31,18.93,2026-10-07T00:00:00
XX.gold_usd.LBMA_DATAHUB,XX,gold_usd,1842-02-28,18.93,2026-10-07T00:00:00
XX.gold_usd.LBMA_DATAHUB,XX,gold_usd,1842-03-31,18.93,2026-10-07T00:00:00
XX.gold_usd.LBMA_DATAHUB,XX,gold_usd,1842-04-30,18.93,2026-10-07T00:00:00
XX.gold_usd.LBMA_DATAHUB,XX,gold_usd,1842-05-31,18.93,2026-10-07T00:00:00
XX.gold_usd.LBMA_DATAHUB,XX,gold_usd,1842-06-30,18.93,2026-10-07T00:00:00
XX.gold_usd.LBMA_DATAHUB,XX,gold_usd,1842-07-31,18.93,2026-10-07T00:00:00
XX.gold_usd.LBMA_DATAHUB,XX,gold_usd,1842-08-31,18.93,2026-10-07T00:00:00
XX.gold_usd.LBMA_DATAHUB,XX,gold_usd,1842-09-30,18.93,2026-10-07T00:00:00
XX.gold_usd.LBMA_DATAHUB,XX,gold_usd,1842-10-31,18.93,2026-10-07T00:00:00
XX.gold_usd.LBMA_DATAHUB,XX,gold_usd,1842-11-30,18.93,2026-10-07T00:00:00
XX.gold_usd.LBMA_DATAHUB,XX,gold_usd,1842-12-31,18.93,2026-10-07T00:00:00
XX.gold_usd.LBMA_DATAHUB,XX,gold_usd,1843-01-31,18.93,2026-10-07T00:00:00
XX.gold_usd.LBMA_DATAHUB,XX,gold_usd,1843-02-28,18.93,2026-10-07T00:00:00
XX.gold_usd.LBMA_DATAHUB,XX,gold_usd,1843-03-31,18.93,2026-10-07T00:00:00
XX.gold_usd.LBMA_DATAHUB,XX,gold_usd,1843-04-30,18.93,2026-10-07T00:00:00
XX.gold_usd.LBMA_DATAHUB,XX,gold_usd,1843-05-31,18.93,2026-10-07T00:00:00
XX.gold_usd.LBMA_DATAHUB,XX,gold_usd,1843-06-30,18.93,2026-10-07T00:00:00
XX.gold_usd.LBMA_DATAHUB,XX,gold_usd,1843-07-31,18.93,2026-10-07T00:00:00
XX.gold_usd.LBMA_DATAHUB,XX,gold_usd,1843-08-31,18.93,2026-10-07T00:00:00
XX.gold_usd.LBMA_DATAHUB,XX,gold_usd,1843-09-30,18.93,2026-10-07T00:00:00
XX.gold_usd.LBMA_DATAHUB,XX,gold_usd,1843-10-31,18.93,2026-10-07T00:00:00
XX.gold_usd.LBMA_DATAHUB,XX,gold_usd,1843-11-30,18.93,2026-10-07T00:00:00
XX.gold_usd.LBMA_DATAHUB,XX,gold_usd,1843-12-31,18.93,2026-10-07T00:00:00
XX.gold_usd.LBMA_DATAHUB,XX,gold_usd,1844-01-31,18.93,2026-10-07T00:00:00
XX.gold_usd.LBMA_DATAHUB,XX,gold_usd,1844-02-29,18.93,2026-10-07T00:00:00
XX.gold_usd.LBMA_DATAHUB,XX,gold_usd,1844-03-31,18.93,2026-10-07T00:00:00
XX.gold_usd.LBMA_DATAHUB,XX,gold_usd,1844-04-30,18.93,2026-10-07T00:00:00
XX.gold_usd.LBMA_DATAHUB,XX,gold_usd,1844-05-31,18.93,2026-10-07T00:00:00
XX.gold_usd.LBMA_DATAHUB,XX,gold_usd,1844-06-30,18.93,2026-10-07T00:00:00
XX.gold_usd.LBMA_DATAHUB,XX,gold_usd,1844-07-31,18.93,2026-10-07T00:00:00
XX.gold_usd.LBMA_DATAHUB,XX,gold_usd,1844-08-31,18.93,2026-10-07T00:00:00
XX.gold_usd.LBMA_DATAHUB,XX,gold_usd,1844-09-30,18.93,2026-10-07T00:00:00
XX.gold_usd.LBMA_DATAHUB,XX,gold_usd,1844-10-31,18.93,2026-10-07T00:00:00
XX.gold_usd.LBMA_DATAHUB,XX,gold_usd,1844-11-30,18.93,2026-10-07T00:00:00
XX.gold_usd.LBMA_DATAHUB,XX,gold_usd,1844-12-31,18.93,2026-10-07T00:00:00
XX.gold_usd.LBMA_DATAHUB,XX,gold_usd,1845-01-31,18.93,2026-10-07T00:00:00
XX.gold_usd.LBMA_DATAHUB,XX,gold_usd,1845-02-28,18.93,2026-10-07T00:00:00
XX.gold_usd.LBMA_DATAHUB,XX,gold_usd,1845-03-31,18.93,2026-10-07T00:00:00
XX.gold_usd.LBMA_DATAHUB,XX,gold_usd,1845-04-30,18.93,2026-10-07T00:00:00
XX.gold_usd.LBMA_DATAHUB,XX,gold_usd,1845-05-31,18.93,2026-10-07T00:00:00
XX.gold_usd.LBMA_DATAHUB,XX,gold_usd,1845-06-30,18.93,2026-10-07T00:00:00
XX.gold_usd.LBMA_DATAHUB,XX,gold_usd,1845-07-31,18.93,2026-10-07T00:00:00
XX.gold_usd.LBMA_DATAHUB,XX,gold_usd,1845-08-31,18.93,2026-10-07T00:00:00
XX.gold_usd.LBMA_DATAHUB,XX,gold_usd,1845-09-30,18.93,2026-10-07T00:00:00
XX.gold_usd.LBMA_DATAHUB,XX,gold_usd,1845-10-31,18.93,2026-10-07T00:00:00
XX.gold_usd.LBMA_DATAHUB,XX,gold_usd,1845-11-30,18.93,2026-10-07T00:00:00
XX.gold_usd.LBMA_DATAHUB,XX,gold_usd,1845-12-31,18.93,2026-10-07T00:00:00
XX.gold_usd.LBMA_DATAHUB,XX,gold_usd,1846-01-31,18.93,2026-10-07T00:00:00
XX.gold_usd.LBMA_DATAHUB,XX,gold_usd,1846-02-28,18.93,2026-10-07T00:00:00
XX.gold_usd.LBMA_DATAHUB,XX,gold_usd,1846-03-31,18.93,2026-10-07T00:00:00
XX.gold_usd.LBMA_DATAHUB,XX,gold_usd,1846-04-30,18.93,2026-10-07T00:00:00
XX.gold_usd.LBMA_DATAHUB,XX,gold_usd,1846-05-31,18.93,2026-10-07T00:00:00
XX.gold_usd.LBMA_DATAHUB,XX,gold_usd,1846-06-30,18.93,2026-10-07T00:00:00
XX.gold_usd.LBMA_DATAHUB,XX,gold_usd,1846-07-31,18.93,2026-10-07T00:00:00
XX.gold_usd.LBMA_DATAHUB,XX,gold_usd,1846-08-31,18.93,2026-10-07T00:00:00
XX.gold_usd.LBMA_DATAHUB,XX,gold_usd,1846-09-30,18.93,2026-10-07T00:00:00
XX.gold_usd.LBMA_DATAHUB,XX,gold_usd,1846-10-31,18.93,2026-10-07T00:00:00
XX.gold_usd.LBMA_DATAHUB,XX,gold_usd,1846-11-30,18.93,2026-10-07T00:00:00
XX.gold_usd.LBMA_DATAHUB,XX,gold_usd,1846-12-31,18.93,2026-10-07T00:00:00
XX.gold_usd.LBMA_DATAHUB,XX,gold_usd,1847-01-31,18.93,2026-10-07T00:00:00
XX.gold_usd.LBMA_DATAHUB,XX,gold_usd,1847-02-28,18.93,2026-10-07T00:00:00
XX.gold_usd.LBMA_DATAHUB,XX,gold_usd,1847-03-31,18.93,2026-10-07T00:00:00
XX.gold_usd.LBMA_DATAHUB,XX,gold_usd,1847-04-30,18.93,2026-10-07T00:00:00
XX.gold_usd.LBMA_DATAHUB,XX,gold_usd,1847-05-31,18.93,2026-10-07T00:00:00
XX.gold_usd.LBMA_DATAHUB,XX,gold_usd,1847-06-30,18.93,2026-10-07T00:00:00
XX.gold_usd.LBMA_DATAHUB,XX,gold_usd,1847-07-31,18.93,2026-10-07T00:00:00
XX.gold_usd.LBMA_DATAHUB,XX,gold_usd,1847-08-31,18.93,2026-10-07T00:00:00
XX.gold_usd.LBMA_DATAHUB,XX,gold_usd,1847-09-30,18.93,2026-10-07T00:00:00
XX.gold_usd.LBMA_DATAHUB,XX,gold_usd,1847-10-31,18.93,2026-10-07T00:00:00
XX.gold_usd.LBMA_DATAHUB,XX,gold_usd,1847-11-30,18.93,2026-10-07T00:00:00
XX.gold_usd.LBMA_DATAHUB,XX,gold_usd,1847-12-31,18.93,2026-10-07T00:00:00
XX.gold_usd.LBMA_DATAHUB,XX,gold_usd,1848-01-31,18.93,2026-10-07T00:00:00
XX.gold_usd.LBMA_DATAHUB,XX,gold_usd,1848-02-29,18.93,2026-10-07T00:00:00
XX.gold_usd.LBMA_DATAHUB,XX,gold_usd,1848-03-31,18.93,2026-10-07T00:00:00
XX.gold_usd.LBMA_DATAHUB,XX,gold_usd,1848-04-30,18.93,2026-10-07T00:00:00
XX.gold_usd.LBMA_DATAHUB,XX,gold_usd,1848-05-31,18.93,2026-10-07T00:00:00
XX.gold_usd.LBMA_DATAHUB,XX,gold_usd,1848-06-30,18.93,2026-10-07T00:00:00
XX.gold_usd.LBMA_DATAHUB,XX,gold_usd,1848-07-31,18.93,2026-10-07T00:00:00
XX.gold_usd.LBMA_DATAHUB,XX,gold_usd,1848-08-31,18.93,2026-10-07T00:00:00
XX.gold_usd.LBMA_DATAHUB,XX,gold_usd,1848-09-30,18.93,2026-10-07T00:00:00
XX.gold_usd.LBMA_DATAHUB,XX,gold_usd,1848-10-31,18.93,2026-10-07T00:00:00
XX.gold_usd.LBMA_DATAHUB,XX,gold_usd,1848-11-30,18.93,2026-10-07T00:00:00
XX.gold_usd.LBMA_DATAHUB,XX,gold_usd,1848-12-31,18.93,2026-10-07T00:00:00
XX.gold_usd.LBMA_DATAHUB,XX,gold_usd,1849-01-31,18.93,2026-10-07T00:00:00
XX.gold_usd.LBMA_DATAHUB,XX,gold_usd,1849-02-28,18.93,2026-10-07T00:00:00
XX.gold_usd.LBMA_DATAHUB,XX,gold_usd,1849-03-31,18.93,2026-10-07T00:00:00
XX.gold_usd.LBMA_DATAHUB,XX,gold_usd,1849-04-30,18.93,2026-10-07T00:00:00
XX.gold_usd.LBMA_DATAHUB,XX,gold_usd,1849-05-31,18.93,2026-10-07T00:00:00
XX.gold_usd.LBMA_DATAHUB,XX,gold_usd,1849-06-30,18.93,2026-10-07T00:00:00
XX.gold_usd.LBMA_DATAHUB,XX,gold_usd,1849-07-31,18.93,2026-10-07T00:00:00
XX.gold_usd.LBMA_DATAHUB,XX,gold_usd,1849-08-31,18.93,2026-10-07T00:00:00
XX.gold_usd.LBMA_DATAHUB,XX,gold_usd,1849-09-30,18.93,2026-10-07T00:00:00
XX.gold_usd.LBMA_DATAHUB,XX,gold_usd,1849-10-31,18.93,2026-10-07T00:00:00
XX.gold_usd.LBMA_DATAHUB,XX,gold_usd,1849-11-30,18.93,2026-10-07T00:00:00
XX.gold_usd.LBMA_DATAHUB,XX,gold_usd,1849-12-31,18.93,2026-10-07T00:00:00
XX.gold_usd.LBMA_DATAHUB,XX,gold_usd,1850-01-31,18.93,2026-10-07T00:00:00
XX.gold_usd.LBMA_DATAHUB,XX,gold_usd,1850-02-28,18.93,2026-10-07T00:00:00
XX.gold_usd.LBMA_DATAHUB,XX,gold_usd,1850-03-31,18.93,2026-10-07T00:00:00
XX.gold_usd.LBMA_DATAHUB,XX,gold_usd,1850-04-30,18.93,2026-10-07T00:00:00
XX.gold_usd.LBMA_DATAHUB,XX,gold_usd,1850-05-31,18.93,2026-10-07T00:00:00
XX.gold_usd.LBMA_DATAHUB,XX,gold_usd,1850-06-30,18.93,2026-10-07T00:00:00
XX.gold_usd.LBMA_DATAHUB,XX,gold_usd,1850-07-31,18.93,2026-10-07T00:00:00
XX.gold_usd.LBMA_DATAHUB,XX,gold_usd,1850-08-31,18.93,2026-10-07T00:00:00
XX.gold_usd.LBMA_DATAHUB,XX,gold_usd,1850-09-30,18.93,2026-10-07T00:00:00
XX.gold_usd.LBMA_DATAHUB,XX,gold_usd,1850-10-31,18.93,2026-10-07T00:00:00
XX.gold_usd.LBMA_DATAHUB,XX,gold_usd,1850-11-30,18.93,2026-10-07T00:00:00
XX.gold_usd.LBMA_DATAHUB,XX,gold_usd,1850-12-31,18.93,2026-10-07T00:00:00
XX.gold_usd.LBMA_DATAHUB,XX,gold_usd,1851-01-31,18.93,2026-10-07T00:00:00
XX.gold_usd.LBMA_DATAHUB,XX,gold_usd,1851-02-28,18.93,2026-10-07T00:00:00
XX.gold_usd.LBMA_DATAHUB,XX,gold_usd,1851-03-31,18.93,2026-10-07T00:00:00
XX.gold_usd.LBMA_DATAHUB,XX,gold_usd,1851-04-30,18.93,2026-10-07T00:00:00
XX.gold_usd.LBMA_DATAHUB,XX,gold_usd,1851-05-31,18.93,2026-10-07T00:00:00
XX.gold_usd.LBMA_DATAHUB,XX,gold_usd,1851-06-30,18.93,2026-10-07T00:00:00
XX.gold_usd.LBMA_DATAHUB,XX,gold_usd,1851-07-31,18.93,2026-10-07T00:00:00
XX.gold_usd.LBMA_DATAHUB,XX,gold_usd,1851-08-31,18.93,2026-10-07T00:00:00
XX.gold_usd.LBMA_DATAHUB,XX,gold_usd,1851-09-30,18.93,2026-10-07T00:00:00
XX.gold_usd.LBMA_DATAHUB,XX,gold_usd,1851-10-31,18.93,2026-10-07T00:00:00
XX.gold_usd.LBMA_DATAHUB,XX,gold_usd,1851-11-30,18.93,2026-10-07T00:00:00
XX.gold_usd.LBMA_DATAHUB,XX,gold_usd,1851-12-31,18.93,2026-10-07T00:00:00
XX.gold_usd.LBMA_DATAHUB,XX,gold_usd,1852-01-31,18.93,2026-10-07T00:00:00
XX.gold_usd.LBMA_DATAHUB,XX,gold_usd,1852-02-29,18.93,2026-10-07T00:00:00
XX.gold_usd.LBMA_DATAHUB,XX,gold_usd,1852-03-31,18.93,2026-10-07T00:00:00
XX.gold_usd.LBMA_DATAHUB,XX,gold_usd,1852-04-30,18.93,2026-10-07T00:00:00
XX.gold_usd.LBMA_DATAHUB,XX,gold_usd,1852-05-31,18.93,2026-10-07T00:00:00
XX.gold_usd.LBMA_DATAHUB,XX,gold_usd,1852-06-30,18.93,2026-10-07T00:00:00
XX.gold_usd.LBMA_DATAHUB,XX,gold_usd,1852-07-31,18.93,2026-10-07T00:00:00
XX.gold_usd.LBMA_DATAHUB,XX,gold_usd,1852-08-31,18.93,2026-10-07T00:00:00
XX.gold_usd.LBMA_DATAHUB,XX,gold_usd,1852-09-30,18.93,2026-10-07T00:00:00
XX.gold_usd.LBMA_DATAHUB,XX,gold_usd,1852-10-31,18.93,2026-10-07T00:00:00
XX.gold_usd.LBMA_DATAHUB,XX,gold_usd,1852-11-30,18.93,2026-10-07T00:00:00
XX.gold_usd.LBMA_DATAHUB,XX,gold_usd,1852-12-31,18.93,2026-10-07T00:00:00
XX.gold_usd.LBMA_DATAHUB,XX,gold_usd,1853-01-31,18.93,2026-10-07T00:00:00
XX.gold_usd.LBMA_DATAHUB,XX,gold_usd,1853-02-28,18.93,2026-10-07T00:00:00
XX.gold_usd.LBMA_DATAHUB,XX,gold_usd,1853-03-31,18.93,2026-10-07T00:00:00
XX.gold_usd.LBMA_DATAHUB,XX,gold_usd,1853-04-30,18.93,2026-10-07T00:00:00
XX.gold_usd.LBMA_DATAHUB,XX,gold_usd,1853-05-31,18.93,2026-10-07T00:00:00
XX.gold_usd.LBMA_DATAHUB,XX,gold_usd,1853-06-30,18.93,2026-10-07T00:00:00
XX.gold_usd.LBMA_DATAHUB,XX,gold_usd,1853-07-31,18.93,2026-10-07T00:00:00
XX.gold_usd.LBMA_DATAHUB,XX,gold_usd,1853-08-31,18.93,2026-10-07T00:00:00
XX.gold_usd.LBMA_DATAHUB,XX,gold_usd,1853-09-30,18.93,2026-10-07T00:00:00
XX.gold_usd.LBMA_DATAHUB,XX,gold_usd,1853-10-31,18.93,2026-10-07T00:00:00
XX.gold_usd.LBMA_DATAHUB,XX,gold_usd,1853-11-30,18.93,2026-10-07T00:00:00
XX.gold_usd.LBMA_DATAHUB,XX,gold_usd,1853-12-31,18.93,2026-10-07T00:00:00
XX.gold_usd.LBMA_DATAHUB,XX,gold_usd,1854-01-31,18.93,2026-10-07T00:00:00
XX.gold_usd.LBMA_DATAHUB,XX,gold_usd,1854-02-28,18.93,2026-10-07T00:00:00
XX.gold_usd.LBMA_DATAHUB,XX,gold_usd,1854-03-31,18.93,2026-10-07T00:00:00
XX.gold_usd.LBMA_DATAHUB,XX,gold_usd,1854-04-30,18.93,2026-10-07T00:00:00
XX.gold_usd.LBMA_DATAHUB,XX,gold_usd,1854-05-31,18.93,2026-10-07T00:00:00
XX.gold_usd.LBMA_DATAHUB,XX,gold_usd,1854-06-30,18.93,2026-10-07T00:00:00
XX.gold_usd.LBMA_DATAHUB,XX,gold_usd,1854-07-31,18.93,2026-10-07T00:00:00
XX.gold_usd.LBMA_DATAHUB,XX,gold_usd,1854-08-31,18.93,2026-10-07T00:00:00
XX.gold_usd.LBMA_DATAHUB,XX,gold_usd,1854-09-30,18.93,2026-10-07T00:00:00
XX.gold_usd.LBMA_DATAHUB,XX,gold_usd,1854-10-31,18.93,2026-10-07T00:00:00
XX.gold_usd.LBMA_DATAHUB,XX,gold_usd,1854-11-30,18.93,2026-10-07T00:00:00
XX.gold_usd.LBMA_DATAHUB,XX,gold_usd,1854-12-31,18.93,2026-10-07T00:00:00
XX.gold_usd.LBMA_DATAHUB,XX,gold_usd,1855-01-31,18.93,2026-10-07T00:00:00
XX.gold_usd.LBMA_DATAHUB,XX,gold_usd,1855-02-28,18.93,2026-10-07T00:00:00
XX.gold_usd.LBMA_DATAHUB,XX,gold_usd,1855-03-31,18.93,2026-10-07T00:00:00
XX.gold_usd.LBMA_DATAHUB,XX,gold_usd,1855-04-30,18.93,2026-10-07T00:00:00
XX.gold_usd.LBMA_DATAHUB,XX,gold_usd,1855-05-31,18.93,2026-10-07T00:00:00
XX.gold_usd.LBMA_DATAHUB,XX,gold_usd,1855-06-30,18.93,2026-10-07T00:00:00
XX.gold_usd.LBMA_DATAHUB,XX,gold_usd,1855-07-31,18.93,2026-10-07T00:00:00
XX.gold_usd.LBMA_DATAHUB,XX,gold_usd,1855-08-31,18.93,2026-10-07T00:00:00
XX.gold_usd.LBMA_DATAHUB,XX,gold_usd,1855-09-30,18.93,2026-10-07T00:00:00
XX.gold_usd.LBMA_DATAHUB,XX,gold_usd,1855-10-31,18.93,2026-10-07T00:00:00
XX.gold_usd.LBMA_DATAHUB,XX,gold_usd,1855-11-30,18.93,2026-10-07T00:00:00
XX.gold_usd.LBMA_DATAHUB,XX,gold_usd,1855-12-31,18.93,2026-10-07T00:00:00
XX.gold_usd.LBMA_DATAHUB,XX,gold_usd,1856-01-31,18.93,2026-10-07T00:00:00
XX.gold_usd.LBMA_DATAHUB,XX,gold_usd,1856-02-29,18.93,2026-10-07T00:00:00
XX.gold_usd.LBMA_DATAHUB,XX,gold_usd,1856-03-31,18.93,2026-10-07T00:00:00
XX.gold_usd.LBMA_DATAHUB,XX,gold_usd,1856-04-30,18.93,2026-10-07T00:00:00
XX.gold_usd.LBMA_DATAHUB,XX,gold_usd,1856-05-31,18.93,2026-10-07T00:00:00
XX.gold_usd.LBMA_DATAHUB,XX,gold_usd,1856-06-30,18.93,2026-10-07T00:00:00
XX.gold_usd.LBMA_DATAHUB,XX,gold_usd,1856-07-31,18.93,2026-10-07T00:00:00
XX.gold_usd.LBMA_DATAHUB,XX,gold_usd,1856-08-31,18.93,2026-10-07T00:00:00
XX.gold_usd.LBMA_DATAHUB,XX,gold_usd,1856-09-30,18.93,2026-10-07T00:00:00
XX.gold_usd.LBMA_DATAHUB,XX,gold_usd,1856-10-31,18.93,2026-10-07T00:00:00
XX.gold_usd.LBMA_DATAHUB,XX,gold_usd,1856-11-30,18.93,2026-10-07T00:00:00
XX.gold_usd.LBMA_DATAHUB,XX,gold_usd,1856-12-31,18.93,2026-10-07T00:00:00
XX.gold_usd.LBMA_DATAHUB,XX,gold_usd,1857-01-31,18.93,2026-10-07T00:00:00
XX.gold_usd.LBMA_DATAHUB,XX,gold_usd,1857-02-28,18.93,2026-10-07T00:00:00
XX.gold_usd.LBMA_DATAHUB,XX,gold_usd,1857-03-31,18.93,2026-10-07T00:00:00
XX.gold_usd.LBMA_DATAHUB,XX,gold_usd,1857-04-30,18.93,2026-10-07T00:00:00
XX.gold_usd.LBMA_DATAHUB,XX,gold_usd,1857-05-31,18.93,2026-10-07T00:00:00
XX.gold_usd.LBMA_DATAHUB,XX,gold_usd,1857-06-30,18.93,2026-10-07T00:00:00
XX.gold_usd.LBMA_DATAHUB,XX,gold_usd,1857-07-31,18.93,2026-10-07T00:00:00
XX.gold_usd.LBMA_DATAHUB,XX,gold_usd,1857-08-31,18.93,2026-10-07T00:00:00
XX.gold_usd.LBMA_DATAHUB,XX,gold_usd,1857-09-30,18.93,2026-10-07T00:00:00
XX.gold_usd.LBMA_DATAHUB,XX,gold_usd,1857-10-31,18.93,2026-10-07T00:00:00
XX.gold_usd.LBMA_DATAHUB,XX,gold_usd,1857-11-30,18.93,2026-10-07T00:00:00
XX.gold_usd.LBMA_DATAHUB,XX,gold_usd,1857-12-31,18.93,2026-10-07T00:00:00
XX.gold_usd.LBMA_DATAHUB,XX,gold_usd,1858-01-31,18.93,2026-10-07T00:00:00
XX.gold_usd.LBMA_DATAHUB,XX,gold_usd,1858-02-28,18.93,2026-10-07T00:00:00
XX.gold_usd.LBMA_DATAHUB,XX,gold_usd,1858-03-31,18.93,2026-10-07T00:00:00
XX.gold_usd.LBMA_DATAHUB,XX,gold_usd,1858-04-30,18.93,2026-10-07T00:00:00
XX.gold_usd.LBMA_DATAHUB,XX,gold_usd,1858-05-31,18.93,2026-10-07T00:00:00
XX.gold_usd.LBMA_DATAHUB,XX,gold_usd,1858-06-30,18.93,2026-10-07T00:00:00
XX.gold_usd.LBMA_DATAHUB,XX,gold_usd,1858-07-31,18.93,2026-10-07T00:00:00
XX.gold_usd.LBMA_DATAHUB,XX,gold_usd,1858-08-31,18.93,2026-10-07T00:00:00
XX.gold_usd.LBMA_DATAHUB,XX,gold_usd,1858-09-30,18.93,2026-10-07T00:00:00
XX.gold_usd.LBMA_DATAHUB,XX,gold_usd,1858-10-31,18.93,2026-10-07T00:00:00
XX.gold_usd.LBMA_DATAHUB,XX,gold_usd,1858-11-30,18.93,2026-10-07T00:00:00
XX.gold_usd.LBMA_DATAHUB,XX,gold_usd,1858-12-31,18.93,2026-10-07T00:00:00
XX.gold_usd.LBMA_DATAHUB,XX,gold_usd,1859-01-31,18.93,2026-10-07T00:00:00
XX.gold_usd.LBMA_DATAHUB,XX,gold_usd,1859-02-28,18.93,2026-10-07T00:00:00
XX.gold_usd.LBMA_DATAHUB,XX,gold_usd,1859-03-31,18.93,2026-10-07T00:00:00
XX.gold_usd.LBMA_DATAHUB,XX,gold_usd,1859-04-30,18.93,2026-10-07T00:00:00
XX.gold_usd.LBMA_DATAHUB,XX,gold_usd,1859-05-31,18.93,2026-10-07T00:00:00
XX.gold_usd.LBMA_DATAHUB,XX,gold_usd,1859-06-30,18.93,2026-10-07T00:00:00
XX.gold_usd.LBMA_DATAHUB,XX,gold_usd,1859-07-31,18.93,2026-10-07T00:00:00
XX.gold_usd.LBMA_DATAHUB,XX,gold_usd,1859-08-31,18.93,2026-10-07T00:00:00
XX.gold_usd.LBMA_DATAHUB,XX,gold_usd,1859-09-30,18.93,2026-10-07T00:00:00
XX.gold_usd.LBMA_DATAHUB,XX,gold_usd,1859-10-31,18.93,2026-10-07T00:00:00
XX.gold_usd.LBMA_DATAHUB,XX,gold_usd,1859-11-30,18.93,2026-10-07T00:00:00
XX.gold_usd.LBMA_DATAHUB,XX,gold_usd,1859-12-31,18.93,2026-10-07T00:00:00
XX.gold_usd.LBMA_DATAHUB,XX,gold_usd,1860-01-31,18.93,2026-10-07T00:00:00
XX.gold_usd.LBMA_DATAHUB,XX,gold_usd,1860-02-29,18.93,2026-10-07T00:00:00
XX.gold_usd.LBMA_DATAHUB,XX,gold_usd,1860-03-31,18.93,2026-10-07T00:00:00
XX.gold_usd.LBMA_DATAHUB,XX,gold_usd,1860-04-30,18.93,2026-10-07T00:00:00
XX.gold_usd.LBMA_DATAHUB,XX,gold_usd,1860-05-31,18.93,2026-10-07T00:00:00
XX.gold_usd.LBMA_DATAHUB,XX,gold_usd,1860-06-30,18.93,2026-10-07T00:00:00
XX.gold_usd.LBMA_DATAHUB,XX,gold_usd,1860-07-31,18.93,2026-10-07T00:00:00
XX.gold_usd.LBMA_DATAHUB,XX,gold_usd,1860-08-31,18.93,2026-10-07T00:00:00
XX.gold_usd.LBMA_DATAHUB,XX,gold_usd,1860-09-30,18.93,2026-10-07T00:00:00
XX.gold_usd.LBMA_DATAHUB,XX,gold_usd,1860-10-31,18.93,2026-10-07T00:00:00
XX.gold_usd.LBMA_DATAHUB,XX,gold_usd,1860-11-30,18.93,2026-10-07T00:00:00
XX.gold_usd.LBMA_DATAHUB,XX,gold_usd,1860-12-31,18.93,2026-10-07T00:00:00
XX.gold_usd.LBMA_DATAHUB,XX,gold_usd,1861-01-31,18.93,2026-10-07T00:00:00
XX.gold_usd.LBMA_DATAHUB,XX,gold_usd,1861-02-28,18.93,2026-10-07T00:00:00
XX.gold_usd.LBMA_DATAHUB,XX,gold_usd,1861-03-31,18.93,2026-10-07T00:00:00
XX.gold_usd.LBMA_DATAHUB,XX,gold_usd,1861-04-30,18.93,2026-10-07T00:00:00
XX.gold_usd.LBMA_DATAHUB,XX,gold_usd,1861-05-31,18.93,2026-10-07T00:00:00
XX.gold_usd.LBMA_DATAHUB,XX,gold_usd,1861-06-30,18.93,2026-10-07T00:00:00
XX.gold_usd.LBMA_DATAHUB,XX,gold_usd,1861-07-31,18.93,2026-10-07T00:00:00
XX.gold_usd.LBMA_DATAHUB,XX,gold_usd,1861-08-31,18.93,2026-10-07T00:00:00
XX.gold_usd.LBMA_DATAHUB,XX,gold_usd,1861-09-30,18.93,2026-10-07T00:00:00
XX.gold_usd.LBMA_DATAHUB,XX,gold_usd,1861-10-31,18.93,2026-10-07T00:00:00
XX.gold_usd.LBMA_DATAHUB,XX,gold_usd,1861-11-30,18.93,2026-10-07T00:00:00
XX.gold_usd.LBMA_DATAHUB,XX,gold_usd,1861-12-31,18.93,2026-10-07T00:00:00
XX.gold_usd.LBMA_DATAHUB,XX,gold_usd,1862-01-31,18.93,2026-10-07T00:00:00
XX.gold_usd.LBMA_DATAHUB,XX,gold_usd,1862-02-28,18.93,2026-10-07T00:00:00
XX.gold_usd.LBMA_DATAHUB,XX,gold_usd,1862-03-31,18.93,2026-10-07T00:00:00
XX.gold_usd.LBMA_DATAHUB,XX,gold_usd,1862-04-30,18.93,2026-10-07T00:00:00
XX.gold_usd.LBMA_DATAHUB,XX,gold_usd,1862-05-31,18.93,2026-10-07T00:00:00
XX.gold_usd.LBMA_DATAHUB,XX,gold_usd,1862-06-30,18.93,2026-10-07T00:00:00
XX.gold_usd.LBMA_DATAHUB,XX,gold_usd,1862-07-31,18.93,2026-10-07T00:00:00
XX.gold_usd.LBMA_DATAHUB,XX,gold_usd,1862-08-31,18.93,2026-10-07T00:00:00
XX.gold_usd.LBMA_DATAHUB,XX,gold_usd,1862-09-30,18.93,2026-10-07T00:00:00
XX.gold_usd.LBMA_DATAHUB,XX,gold_usd,1862-10-31,18.93,2026-10-07T00:00:00
XX.gold_usd.LBMA_DATAHUB,XX,gold_usd,1862-11-30,18.93,2026-10-07T00:00:00
XX.gold_usd.LBMA_DATAHUB,XX,gold_usd,1862-12-31,18.93,2026-10-07T00:00:00
XX.gold_usd.LBMA_DATAHUB,XX,gold_usd,1863-01-31,18.93,2026-10-07T00:00:00
XX.gold_usd.LBMA_DATAHUB,XX,gold_usd,1863-02-28,18.93,2026-10-07T00:00:00
XX.gold_usd.LBMA_DATAHUB,XX,gold_usd,1863-03-31,18.93,2026-10-07T00:00:00
XX.gold_usd.LBMA_DATAHUB,XX,gold_usd,1863-04-30,18.93,2026-10-07T00:00:00
XX.gold_usd.LBMA_DATAHUB,XX,gold_usd,1863-05-31,18.93,2026-10-07T00:00:00
XX.gold_usd.LBMA_DATAHUB,XX,gold_usd,1863-06-30,18.93,2026-10-07T00:00:00
XX.gold_usd.LBMA_DATAHUB,XX,gold_usd,1863-07-31,18.93,2026-10-07T00:00:00
XX.gold_usd.LBMA_DATAHUB,XX,gold_usd,1863-08-31,18.93,2026-10-07T00:00:00
XX.gold_usd.LBMA_DATAHUB,XX,gold_usd,1863-09-30,18.93,2026-10-07T00:00:00
XX.gold_usd.LBMA_DATAHUB,XX,gold_usd,1863-10-31,18.93,2026-10-07T00:00:00
XX.gold_usd.LBMA_DATAHUB,XX,gold_usd,1863-11-30,18.93,2026-10-07T00:00:00
XX.gold_usd.LBMA_DATAHUB,XX,gold_usd,1863-12-31,18.93,2026-10-07T00:00:00
XX.gold_usd.LBMA_DATAHUB,XX,gold_usd,1864-01-31,18.93,2026-10-07T00:00:00
XX.gold_usd.LBMA_DATAHUB,XX,gold_usd,1864-02-29,18.93,2026-10-07T00:00:00
XX.gold_usd.LBMA_DATAHUB,XX,gold_usd,1864-03-31,18.93,2026-10-07T00:00:00
XX.gold_usd.LBMA_DATAHUB,XX,gold_usd,1864-04-30,18.93,2026-10-07T00:00:00
XX.gold_usd.LBMA_DATAHUB,XX,gold_usd,1864-05-31,18.93,2026-10-07T00:00:00
XX.gold_usd.LBMA_DATAHUB,XX,gold_usd,1864-06-30,18.93,2026-10-07T00:00:00
XX.gold_usd.LBMA_DATAHUB,XX,gold_usd,1864-07-31,18.93,2026-10-07T00:00:00
XX.gold_usd.LBMA_DATAHUB,XX,gold_usd,1864-08-31,18.93,2026-10-07T00:00:00
XX.gold_usd.LBMA_DATAHUB,XX,gold_usd,1864-09-30,18.93,2026-10-07T00:00:00
XX.gold_usd.LBMA_DATAHUB,XX,gold_usd,1864-10-31,18.93,2026-10-07T00:00:00
XX.gold_usd.LBMA_DATAHUB,XX,gold_usd,1864-11-30,18.93,2026-10-07T00:00:00
XX.gold_usd.LBMA_DATAHUB,XX,gold_usd,1864-12-31,18.93,2026-10-07T00:00:00
XX.gold_usd.LBMA_DATAHUB,XX,gold_usd,1865-01-31,18.93,2026-10-07T00:00:00
XX.gold_usd.LBMA_DATAHUB,XX,gold_usd,1865-02-28,18.93,2026-10-07T00:00:00
XX.gold_usd.LBMA_DATAHUB,XX,gold_usd,1865-03-31,18.93,2026-10-07T00:00:00
XX.gold_usd.LBMA_DATAHUB,XX,gold_usd,1865-04-30,18.93,2026-10-07T00:00:00
XX.gold_usd.LBMA_DATAHUB,XX,gold_usd,1865-05-31,18.93,2026-10-07T00:00:00
XX.gold_usd.LBMA_DATAHUB,XX,gold_usd,1865-06-30,18.93,2026-10-07T00:00:00
XX.gold_usd.LBMA_DATAHUB,XX,gold_usd,1865-07-31,18.93,2026-10-07T00:00:00
XX.gold_usd.LBMA_DATAHUB,XX,gold_usd,1865-08-31,18.93,2026-10-07T00:00:00
XX.gold_usd.LBMA_DATAHUB,XX,gold_usd,1865-09-30,18.93,2026-10-07T00:00:00
XX.gold_usd.LBMA_DATAHUB,XX,gold_usd,1865-10-31,18.93,2026-10-07T00:00:00
XX.gold_usd.LBMA_DATAHUB,XX,gold_usd,1865-11-30,18.93,2026-10-07T00:00:00
XX.gold_usd.LBMA_DATAHUB,XX,gold_usd,1865-12-31,18.93,2026-10-07T00:00:00
XX.gold_usd.LBMA_DATAHUB,XX,gold_usd,1866-01-31,18.93,2026-10-07T00:00:00
XX.gold_usd.LBMA_DATAHUB,XX,gold_usd,1866-02-28,18.93,2026-10-07T00:00:00
XX.gold_usd.LBMA_DATAHUB,XX,gold_usd,1866-03-31,18.93,2026-10-07T00:00:00
XX.gold_usd.LBMA_DATAHUB,XX,gold_usd,1866-04-30,18.93,2026-10-07T00:00:00
XX.gold_usd.LBMA_DATAHUB,XX,gold_usd,1866-05-31,18.93,2026-10-07T00:00:00
XX.gold_usd.LBMA_DATAHUB,XX,gold_usd,1866-06-30,18.93,2026-10-07T00:00:00
XX.gold_usd.LBMA_DATAHUB,XX,gold_usd,1866-07-31,18.93,2026-10-07T00:00:00
XX.gold_usd.LBMA_DATAHUB,XX,gold_usd,1866-08-31,18.93,2026-10-07T00:00:00
XX.gold_usd.LBMA_DATAHUB,XX,gold_usd,1866-09-30,18.93,2026-10-07T00:00:00
XX.gold_usd.LBMA_DATAHUB,XX,gold_usd,1866-10-31,18.93,2026-10-07T00:00:00
XX.gold_usd.LBMA_DATAHUB,XX,gold_usd,1866-11-30,18.93,2026-10-07T00:00:00
XX.gold_usd.LBMA_DATAHUB,XX,gold_usd,1866-12-31,18.93,2026-10-07T00:00:00
XX.gold_usd.LBMA_DATAHUB,XX,gold_usd,1867-01-31,18.93,2026-10-07T00:00:00
XX.gold_usd.LBMA_DATAHUB,XX,gold_usd,1867-02-28,18.93,2026-10-07T00:00:00
XX.gold_usd.LBMA_DATAHUB,XX,gold_usd,1867-03-31,18.93,2026-10-07T00:00:00
XX.gold_usd.LBMA_DATAHUB,XX,gold_usd,1867-04-30,18.93,2026-10-07T00:00:00
XX.gold_usd.LBMA_DATAHUB,XX,gold_usd,1867-05-31,18.93,2026-10-07T00:00:00
XX.gold_usd.LBMA_DATAHUB,XX,gold_usd,1867-06-30,18.93,2026-10-07T00:00:00
XX.gold_usd.LBMA_DATAHUB,XX,gold_usd,1867-07-31,18.93,2026-10-07T00:00:00
XX.gold_usd.LBMA_DATAHUB,XX,gold_usd,1867-08-31,18.93,2026-10-07T00:00:00
XX.gold_usd.LBMA_DATAHUB,XX,gold_usd,1867-09-30,18.93,2026-10-07T00:00:00
XX.gold_usd.LBMA_DATAHUB,XX,gold_usd,1867-10-31,18.93,2026-10-07T00:00:00
XX.gold_usd.LBMA_DATAHUB,XX,gold_usd,1867-11-30,18.93,2026-10-07T00:00:00
XX.gold_usd.LBMA_DATAHUB,XX,gold_usd,1867-12-31,18.93,2026-10-07T00:00:00
XX.gold_usd.LBMA_DATAHUB,XX,gold_usd,1868-01-31,18.93,2026-10-07T00:00:00
XX.gold_usd.LBMA_DATAHUB,XX,gold_usd,1868-02-29,18.93,2026-10-07T00:00:00
XX.gold_usd.LBMA_DATAHUB,XX,gold_usd,1868-03-31,18.93,2026-10-07T00:00:00
XX.gold_usd.LBMA_DATAHUB,XX,gold_usd,1868-04-30,18.93,2026-10-07T00:00:00
XX.gold_usd.LBMA_DATAHUB,XX,gold_usd,1868-05-31,18.93,2026-10-07T00:00:00
XX.gold_usd.LBMA_DATAHUB,XX,gold_usd,1868-06-30,18.93,2026-10-07T00:00:00
XX.gold_usd.LBMA_DATAHUB,XX,gold_usd,1868-07-31,18.93,2026-10-07T00:00:00
XX.gold_usd.LBMA_DATAHUB,XX,gold_usd,1868-08-31,18.93,2026-10-07T00:00:00
XX.gold_usd.LBMA_DATAHUB,XX,gold_usd,1868-09-30,18.93,2026-10-07T00:00:00
XX.gold_usd.LBMA_DATAHUB,XX,gold_usd,1868-10-31,18.93,2026-10-07T00:00:00
XX.gold_usd.LBMA_DATAHUB,XX,gold_usd,1868-11-30,18.93,2026-10-07T00:00:00
XX.gold_usd.LBMA_DATAHUB,XX,gold_usd,1868-12-31,18.93,2026-10-07T00:00:00
XX.gold_usd.LBMA_DATAHUB,XX,gold_usd,1869-01-31,18.93,2026-10-07T00:00:00
XX.gold_usd.LBMA_DATAHUB,XX,gold_usd,1869-02-28,18.93,2026-10-07T00:00:00
XX.gold_usd.LBMA_DATAHUB,XX,gold_usd,1869-03-31,18.93,2026-10-07T00:00:00
XX.gold_usd.LBMA_DATAHUB,XX,gold_usd,1869-04-30,18.93,2026-10-07T00:00:00
XX.gold_usd.LBMA_DATAHUB,XX,gold_usd,1869-05-31,18.93,2026-10-07T00:00:00
XX.gold_usd.LBMA_DATAHUB,XX,gold_usd,1869-06-30,18.93,2026-10-07T00:00:00
XX.gold_usd.LBMA_DATAHUB,XX,gold_usd,1869-07-31,18.93,2026-10-07T00:00:00
XX.gold_usd.LBMA_DATAHUB,XX,gold_usd,1869-08-31,18.93,2026-10-07T00:00:00
XX.gold_usd.LBMA_DATAHUB,XX,gold_usd,1869-09-30,18.93,2026-10-07T00:00:00
XX.gold_usd.LBMA_DATAHUB,XX,gold_usd,1869-10-31,18.93,2026-10-07T00:00:00
XX.gold_usd.LBMA_DATAHUB,XX,gold_usd,1869-11-30,18.93,2026-10-07T00:00:00
XX.gold_usd.LBMA_DATAHUB,XX,gold_usd,1869-12-31,18.93,2026-10-07T00:00:00
XX.gold_usd.LBMA_DATAHUB,XX,gold_usd,1870-01-31,18.93,2026-10-07T00:00:00
XX.gold_usd.LBMA_DATAHUB,XX,gold_usd,1870-02-28,18.93,2026-10-07T00:00:00
XX.gold_usd.LBMA_DATAHUB,XX,gold_usd,1870-03-31,18.93,2026-10-07T00:00:00
XX.gold_usd.LBMA_DATAHUB,XX,gold_usd,1870-04-30,18.93,2026-10-07T00:00:00
XX.gold_usd.LBMA_DATAHUB,XX,gold_usd,1870-05-31,18.93,2026-10-07T00:00:00
XX.gold_usd.LBMA_DATAHUB,XX,gold_usd,1870-06-30,18.93,2026-10-07T00:00:00
XX.gold_usd.LBMA_DATAHUB,XX,gold_usd,1870-07-31,18.93,2026-10-07T00:00:00
XX.gold_usd.LBMA_DATAHUB,XX,gold_usd,1870-08-31,18.93,2026-10-07T00:00:00
XX.gold_usd.LBMA_DATAHUB,XX,gold_usd,1870-09-30,18.93,2026-10-07T00:00:00
XX.gold_usd.LBMA_DATAHUB,XX,gold_usd,1870-10-31,18.93,2026-10-07T00:00:00
XX.gold_usd.LBMA_DATAHUB,XX,gold_usd,1870-11-30,18.93,2026-10-07T00:00:00
XX.gold_usd.LBMA_DATAHUB,XX,gold_usd,1870-12-31,18.93,2026-10-07T00:00:00
XX.gold_usd.LBMA_DATAHUB,XX,gold_usd,1871-01-31,18.93,2026-10-07T00:00:00
XX.gold_usd.LBMA_DATAHUB,XX,gold_usd,1871-02-28,18.93,2026-10-07T00:00:00
XX.gold_usd.LBMA_DATAHUB,XX,gold_usd,1871-03-31,18.93,2026-10-07T00:00:00
XX.gold_usd.LBMA_DATAHUB,XX,gold_usd,1871-04-30,18.93,2026-10-07T00:00:00
XX.gold_usd.LBMA_DATAHUB,XX,gold_usd,1871-05-31,18.93,2026-10-07T00:00:00
XX.gold_usd.LBMA_DATAHUB,XX,gold_usd,1871-06-30,18.93,2026-10-07T00:00:00
XX.gold_usd.LBMA_DATAHUB,XX,gold_usd,1871-07-31,18.93,2026-10-07T00:00:00
XX.gold_usd.LBMA_DATAHUB,XX,gold_usd,1871-08-31,18.93,2026-10-07T00:00:00
XX.gold_usd.LBMA_DATAHUB,XX,gold_usd,1871-09-30,18.93,2026-10-07T00:00:00
XX.gold_usd.LBMA_DATAHUB,XX,gold_usd,1871-10-31,18.93,2026-10-07T00:00:00
XX.gold_usd.LBMA_DATAHUB,XX,gold_usd,1871-11-30,18.93,2026-10-07T00:00:00
XX.gold_usd.LBMA_DATAHUB,XX,gold_usd,1871-12-31,18.93,2026-10-07T00:00:00
XX.gold_usd.LBMA_DATAHUB,XX,gold_usd,1872-01-31,18.94,2026-10-07T00:00:00
XX.gold_usd.LBMA_DATAHUB,XX,gold_usd,1872-02-29,18.94,2026-10-07T00:00:00
XX.gold_usd.LBMA_DATAHUB,XX,gold_usd,1872-03-31,18.94,2026-10-07T00:00:00
XX.gold_usd.LBMA_DATAHUB,XX,gold_usd,1872-04-30,18.94,2026-10-07T00:00:00
XX.gold_usd.LBMA_DATAHUB,XX,gold_usd,1872-05-31,18.94,2026-10-07T00:00:00
XX.gold_usd.LBMA_DATAHUB,XX,gold_usd,1872-06-30,18.94,2026-10-07T00:00:00
XX.gold_usd.LBMA_DATAHUB,XX,gold_usd,1872-07-31,18.94,2026-10-07T00:00:00
XX.gold_usd.LBMA_DATAHUB,XX,gold_usd,1872-08-31,18.94,2026-10-07T00:00:00
XX.gold_usd.LBMA_DATAHUB,XX,gold_usd,1872-09-30,18.94,2026-10-07T00:00:00
XX.gold_usd.LBMA_DATAHUB,XX,gold_usd,1872-10-31,18.94,2026-10-07T00:00:00
XX.gold_usd.LBMA_DATAHUB,XX,gold_usd,1872-11-30,18.94,2026-10-07T00:00:00
XX.gold_usd.LBMA_DATAHUB,XX,gold_usd,1872-12-31,18.94,2026-10-07T00:00:00
XX.gold_usd.LBMA_DATAHUB,XX,gold_usd,1873-01-31,18.94,2026-10-07T00:00:00
XX.gold_usd.LBMA_DATAHUB,XX,gold_usd,1873-02-28,18.94,2026-10-07T00:00:00
XX.gold_usd.LBMA_DATAHUB,XX,gold_usd,1873-03-31,18.94,2026-10-07T00:00:00
XX.gold_usd.LBMA_DATAHUB,XX,gold_usd,1873-04-30,18.94,2026-10-07T00:00:00
XX.gold_usd.LBMA_DATAHUB,XX,gold_usd,1873-05-31,18.94,2026-10-07T00:00:00
XX.gold_usd.LBMA_DATAHUB,XX,gold_usd,1873-06-30,18.94,2026-10-07T00:00:00
XX.gold_usd.LBMA_DATAHUB,XX,gold_usd,1873-07-31,18.94,2026-10-07T00:00:00
XX.gold_usd.LBMA_DATAHUB,XX,gold_usd,1873-08-31,18.94,2026-10-07T00:00:00
XX.gold_usd.LBMA_DATAHUB,XX,gold_usd,1873-09-30,18.94,2026-10-07T00:00:00
XX.gold_usd.LBMA_DATAHUB,XX,gold_usd,1873-10-31,18.94,2026-10-07T00:00:00
XX.gold_usd.LBMA_DATAHUB,XX,gold_usd,1873-11-30,18.94,2026-10-07T00:00:00
XX.gold_usd.LBMA_DATAHUB,XX,gold_usd,1873-12-31,18.94,2026-10-07T00:00:00
XX.gold_usd.LBMA_DATAHUB,XX,gold_usd,1874-01-31,18.94,2026-10-07T00:00:00
XX.gold_usd.LBMA_DATAHUB,XX,gold_usd,1874-02-28,18.94,2026-10-07T00:00:00
XX.gold_usd.LBMA_DATAHUB,XX,gold_usd,1874-03-31,18.94,2026-10-07T00:00:00
XX.gold_usd.LBMA_DATAHUB,XX,gold_usd,1874-04-30,18.94,2026-10-07T00:00:00
XX.gold_usd.LBMA_DATAHUB,XX,gold_usd,1874-05-31,18.94,2026-10-07T00:00:00
XX.gold_usd.LBMA_DATAHUB,XX,gold_usd,1874-06-30,18.94,2026-10-07T00:00:00
XX.gold_usd.LBMA_DATAHUB,XX,gold_usd,1874-07-31,18.94,2026-10-07T00:00:00
XX.gold_usd.LBMA_DATAHUB,XX,gold_usd,1874-08-31,18.94,2026-10-07T00:00:00
XX.gold_usd.LBMA_DATAHUB,XX,gold_usd,1874-09-30,18.94,2026-10-07T00:00:00
XX.gold_usd.LBMA_DATAHUB,XX,gold_usd,1874-10-31,18.94,2026-10-07T00:00:00
XX.gold_usd.LBMA_DATAHUB,XX,gold_usd,1874-11-30,18.94,2026-10-07T00:00:00
XX.gold_usd.LBMA_DATAHUB,XX,gold_usd,1874-12-31,18.94,2026-10-07T00:00:00
XX.gold_usd.LBMA_DATAHUB,XX,gold_usd,1875-01-31,18.94,2026-10-07T00:00:00
XX.gold_usd.LBMA_DATAHUB,XX,gold_usd,1875-02-28,18.94,2026-10-07T00:00:00
XX.gold_usd.LBMA_DATAHUB,XX,gold_usd,1875-03-31,18.94,2026-10-07T00:00:00
XX.gold_usd.LBMA_DATAHUB,XX,gold_usd,1875-04-30,18.94,2026-10-07T00:00:00
XX.gold_usd.LBMA_DATAHUB,XX,gold_usd,1875-05-31,18.94,2026-10-07T00:00:00
XX.gold_usd.LBMA_DATAHUB,XX,gold_usd,1875-06-30,18.94,2026-10-07T00:00:00
XX.gold_usd.LBMA_DATAHUB,XX,gold_usd,1875-07-31,18.94,2026-10-07T00:00:00
XX.gold_usd.LBMA_DATAHUB,XX,gold_usd,1875-08-31,18.94,2026-10-07T00:00:00
XX.gold_usd.LBMA_DATAHUB,XX,gold_usd,1875-09-30,18.94,2026-10-07T00:00:00
XX.gold_usd.LBMA_DATAHUB,XX,gold_usd,1875-10-31,18.94,2026-10-07T00:00:00
XX.gold_usd.LBMA_DATAHUB,XX,gold_usd,1875-11-30,18.94,2026-10-07T00:00:00
XX.gold_usd.LBMA_DATAHUB,XX,gold_usd,1875-12-31,18.94,2026-10-07T00:00:00
XX.gold_usd.LBMA_DATAHUB,XX,gold_usd,1876-01-31,18.94,2026-10-07T00:00:00
XX.gold_usd.LBMA_DATAHUB,XX,gold_usd,1876-02-29,18.94,2026-10-07T00:00:00
XX.gold_usd.LBMA_DATAHUB,XX,gold_usd,1876-03-31,18.94,2026-10-07T00:00:00
XX.gold_usd.LBMA_DATAHUB,XX,gold_usd,1876-04-30,18.94,2026-10-07T00:00:00
XX.gold_usd.LBMA_DATAHUB,XX,gold_usd,1876-05-31,18.94,2026-10-07T00:00:00
XX.gold_usd.LBMA_DATAHUB,XX,gold_usd,1876-06-30,18.94,2026-10-07T00:00:00
XX.gold_usd.LBMA_DATAHUB,XX,gold_usd,1876-07-31,18.94,2026-10-07T00:00:00
XX.gold_usd.LBMA_DATAHUB,XX,gold_usd,1876-08-31,18.94,2026-10-07T00:00:00
XX.gold_usd.LBMA_DATAHUB,XX,gold_usd,1876-09-30,18.94,2026-10-07T00:00:00
XX.gold_usd.LBMA_DATAHUB,XX,gold_usd,1876-10-31,18.94,2026-10-07T00:00:00
XX.gold_usd.LBMA_DATAHUB,XX,gold_usd,1876-11-30,18.94,2026-10-07T00:00:00
XX.gold_usd.LBMA_DATAHUB,XX,gold_usd,1876-12-31,18.94,2026-10-07T00:00:00
XX.gold_usd.LBMA_DATAHUB,XX,gold_usd,1877-01-31,18.94,2026-10-07T00:00:00
XX.gold_usd.LBMA_DATAHUB,XX,gold_usd,1877-02-28,18.94,2026-10-07T00:00:00
XX.gold_usd.LBMA_DATAHUB,XX,gold_usd,1877-03-31,18.94,2026-10-07T00:00:00
XX.gold_usd.LBMA_DATAHUB,XX,gold_usd,1877-04-30,18.94,2026-10-07T00:00:00
XX.gold_usd.LBMA_DATAHUB,XX,gold_usd,1877-05-31,18.94,2026-10-07T00:00:00
XX.gold_usd.LBMA_DATAHUB,XX,gold_usd,1877-06-30,18.94,2026-10-07T00:00:00
XX.gold_usd.LBMA_DATAHUB,XX,gold_usd,1877-07-31,18.94,2026-10-07T00:00:00
XX.gold_usd.LBMA_DATAHUB,XX,gold_usd,1877-08-31,18.94,2026-10-07T00:00:00
XX.gold_usd.LBMA_DATAHUB,XX,gold_usd,1877-09-30,18.94,2026-10-07T00:00:00
XX.gold_usd.LBMA_DATAHUB,XX,gold_usd,1877-10-31,18.94,2026-10-07T00:00:00
XX.gold_usd.LBMA_DATAHUB,XX,gold_usd,1877-11-30,18.94,2026-10-07T00:00:00
XX.gold_usd.LBMA_DATAHUB,XX,gold_usd,1877-12-31,18.94,2026-10-07T00:00:00
XX.gold_usd.LBMA_DATAHUB,XX,gold_usd,1878-01-31,18.94,2026-10-07T00:00:00
XX.gold_usd.LBMA_DATAHUB,XX,gold_usd,1878-02-28,18.94,2026-10-07T00:00:00
XX.gold_usd.LBMA_DATAHUB,XX,gold_usd,1878-03-31,18.94,2026-10-07T00:00:00
XX.gold_usd.LBMA_DATAHUB,XX,gold_usd,1878-04-30,18.94,2026-10-07T00:00:00
XX.gold_usd.LBMA_DATAHUB,XX,gold_usd,1878-05-31,18.94,2026-10-07T00:00:00
XX.gold_usd.LBMA_DATAHUB,XX,gold_usd,1878-06-30,18.94,2026-10-07T00:00:00
XX.gold_usd.LBMA_DATAHUB,XX,gold_usd,1878-07-31,18.94,2026-10-07T00:00:00
XX.gold_usd.LBMA_DATAHUB,XX,gold_usd,1878-08-31,18.94,2026-10-07T00:00:00
XX.gold_usd.LBMA_DATAHUB,XX,gold_usd,1878-09-30,18.94,2026-10-07T00:00:00
XX.gold_usd.LBMA_DATAHUB,XX,gold_usd,1878-10-31,18.94,2026-10-07T00:00:00
XX.gold_usd.LBMA_DATAHUB,XX,gold_usd,1878-11-30,18.94,2026-10-07T00:00:00
XX.gold_usd.LBMA_DATAHUB,XX,gold_usd,1878-12-31,18.94,2026-10-07T00:00:00
XX.gold_usd.LBMA_DATAHUB,XX,gold_usd,1879-01-31,18.94,2026-10-07T00:00:00
XX.gold_usd.LBMA_DATAHUB,XX,gold_usd,1879-02-28,18.94,2026-10-07T00:00:00
XX.gold_usd.LBMA_DATAHUB,XX,gold_usd,1879-03-31,18.94,2026-10-07T00:00:00
XX.gold_usd.LBMA_DATAHUB,XX,gold_usd,1879-04-30,18.94,2026-10-07T00:00:00
XX.gold_usd.LBMA_DATAHUB,XX,gold_usd,1879-05-31,18.94,2026-10-07T00:00:00
XX.gold_usd.LBMA_DATAHUB,XX,gold_usd,1879-06-30,18.94,2026-10-07T00:00:00
XX.gold_usd.LBMA_DATAHUB,XX,gold_usd,1879-07-31,18.94,2026-10-07T00:00:00
XX.gold_usd.LBMA_DATAHUB,XX,gold_usd,1879-08-31,18.94,2026-10-07T00:00:00
XX.gold_usd.LBMA_DATAHUB,XX,gold_usd,1879-09-30,18.94,2026-10-07T00:00:00
XX.gold_usd.LBMA_DATAHUB,XX,gold_usd,1879-10-31,18.94,2026-10-07T00:00:00
XX.gold_usd.LBMA_DATAHUB,XX,gold_usd,1879-11-30,18.94,2026-10-07T00:00:00
XX.gold_usd.LBMA_DATAHUB,XX,gold_usd,1879-12-31,18.94,2026-10-07T00:00:00
XX.gold_usd.LBMA_DATAHUB,XX,gold_usd,1880-01-31,18.94,2026-10-07T00:00:00
XX.gold_usd.LBMA_DATAHUB,XX,gold_usd,1880-02-29,18.94,2026-10-07T00:00:00
XX.gold_usd.LBMA_DATAHUB,XX,gold_usd,1880-03-31,18.94,2026-10-07T00:00:00
XX.gold_usd.LBMA_DATAHUB,XX,gold_usd,1880-04-30,18.94,2026-10-07T00:00:00
XX.gold_usd.LBMA_DATAHUB,XX,gold_usd,1880-05-31,18.94,2026-10-07T00:00:00
XX.gold_usd.LBMA_DATAHUB,XX,gold_usd,1880-06-30,18.94,2026-10-07T00:00:00
XX.gold_usd.LBMA_DATAHUB,XX,gold_usd,1880-07-31,18.94,2026-10-07T00:00:00
XX.gold_usd.LBMA_DATAHUB,XX,gold_usd,1880-08-31,18.94,2026-10-07T00:00:00
XX.gold_usd.LBMA_DATAHUB,XX,gold_usd,1880-09-30,18.94,2026-10-07T00:00:00
XX.gold_usd.LBMA_DATAHUB,XX,gold_usd,1880-10-31,18.94,2026-10-07T00:00:00
XX.gold_usd.LBMA_DATAHUB,XX,gold_usd,1880-11-30,18.94,2026-10-07T00:00:00
XX.gold_usd.LBMA_DATAHUB,XX,gold_usd,1880-12-31,18.94,2026-10-07T00:00:00
XX.gold_usd.LBMA_DATAHUB,XX,gold_usd,1881-01-31,18.94,2026-10-07T00:00:00
XX.gold_usd.LBMA_DATAHUB,XX,gold_usd,1881-02-28,18.94,2026-10-07T00:00:00
XX.gold_usd.LBMA_DATAHUB,XX,gold_usd,1881-03-31,18.94,2026-10-07T00:00:00
XX.gold_usd.LBMA_DATAHUB,XX,gold_usd,1881-04-30,18.94,2026-10-07T00:00:00
XX.gold_usd.LBMA_DATAHUB,XX,gold_usd,1881-05-31,18.94,2026-10-07T00:00:00
XX.gold_usd.LBMA_DATAHUB,XX,gold_usd,1881-06-30,18.94,2026-10-07T00:00:00
XX.gold_usd.LBMA_DATAHUB,XX,gold_usd,1881-07-31,18.94,2026-10-07T00:00:00
XX.gold_usd.LBMA_DATAHUB,XX,gold_usd,1881-08-31,18.94,2026-10-07T00:00:00
XX.gold_usd.LBMA_DATAHUB,XX,gold_usd,1881-09-30,18.94,2026-10-07T00:00:00
XX.gold_usd.LBMA_DATAHUB,XX,gold_usd,1881-10-31,18.94,2026-10-07T00:00:00
XX.gold_usd.LBMA_DATAHUB,XX,gold_usd,1881-11-30,18.94,2026-10-07T00:00:00
XX.gold_usd.LBMA_DATAHUB,XX,gold_usd,1881-12-31,18.94,2026-10-07T00:00:00
XX.gold_usd.LBMA_DATAHUB,XX,gold_usd,1882-01-31,18.94,2026-10-07T00:00:00
XX.gold_usd.LBMA_DATAHUB,XX,gold_usd,1882-02-28,18.94,2026-10-07T00:00:00
XX.gold_usd.LBMA_DATAHUB,XX,gold_usd,1882-03-31,18.94,2026-10-07T00:00:00
XX.gold_usd.LBMA_DATAHUB,XX,gold_usd,1882-04-30,18.94,2026-10-07T00:00:00
XX.gold_usd.LBMA_DATAHUB,XX,gold_usd,1882-05-31,18.94,2026-10-07T00:00:00
XX.gold_usd.LBMA_DATAHUB,XX,gold_usd,1882-06-30,18.94,2026-10-07T00:00:00
XX.gold_usd.LBMA_DATAHUB,XX,gold_usd,1882-07-31,18.94,2026-10-07T00:00:00
XX.gold_usd.LBMA_DATAHUB,XX,gold_usd,1882-08-31,18.94,2026-10-07T00:00:00
XX.gold_usd.LBMA_DATAHUB,XX,gold_usd,1882-09-30,18.94,2026-10-07T00:00:00
XX.gold_usd.LBMA_DATAHUB,XX,gold_usd,1882-10-31,18.94,2026-10-07T00:00:00
XX.gold_usd.LBMA_DATAHUB,XX,gold_usd,1882-11-30,18.94,2026-10-07T00:00:00
XX.gold_usd.LBMA_DATAHUB,XX,gold_usd,1882-12-31,18.94,2026-10-07T00:00:00
XX.gold_usd.LBMA_DATAHUB,XX,gold_usd,1883-01-31,18.94,2026-10-07T00:00:00
XX.gold_usd.LBMA_DATAHUB,XX,gold_usd,1883-02-28,18.94,2026-10-07T00:00:00
XX.gold_usd.LBMA_DATAHUB,XX,gold_usd,1883-03-31,18.94,2026-10-07T00:00:00
XX.gold_usd.LBMA_DATAHUB,XX,gold_usd,1883-04-30,18.94,2026-10-07T00:00:00
XX.gold_usd.LBMA_DATAHUB,XX,gold_usd,1883-05-31,18.94,2026-10-07T00:00:00
XX.gold_usd.LBMA_DATAHUB,XX,gold_usd,1883-06-30,18.94,2026-10-07T00:00:00
XX.gold_usd.LBMA_DATAHUB,XX,gold_usd,1883-07-31,18.94,2026-10-07T00:00:00
XX.gold_usd.LBMA_DATAHUB,XX,gold_usd,1883-08-31,18.94,2026-10-07T00:00:00
XX.gold_usd.LBMA_DATAHUB,XX,gold_usd,1883-09-30,18.94,2026-10-07T00:00:00
XX.gold_usd.LBMA_DATAHUB,XX,gold_usd,1883-10-31,18.94,2026-10-07T00:00:00
XX.gold_usd.LBMA_DATAHUB,XX,gold_usd,1883-11-30,18.94,2026-10-07T00:00:00
XX.gold_usd.LBMA_DATAHUB,XX,gold_usd,1883-12-31,18.94,2026-10-07T00:00:00
XX.gold_usd.LBMA_DATAHUB,XX,gold_usd,1884-01-31,18.94,2026-10-07T00:00:00
XX.gold_usd.LBMA_DATAHUB,XX,gold_usd,1884-02-29,18.94,2026-10-07T00:00:00
XX.gold_usd.LBMA_DATAHUB,XX,gold_usd,1884-03-31,18.94,2026-10-07T00:00:00
XX.gold_usd.LBMA_DATAHUB,XX,gold_usd,1884-04-30,18.94,2026-10-07T00:00:00
XX.gold_usd.LBMA_DATAHUB,XX,gold_usd,1884-05-31,18.94,2026-10-07T00:00:00
XX.gold_usd.LBMA_DATAHUB,XX,gold_usd,1884-06-30,18.94,2026-10-07T00:00:00
XX.gold_usd.LBMA_DATAHUB,XX,gold_usd,1884-07-31,18.94,2026-10-07T00:00:00
XX.gold_usd.LBMA_DATAHUB,XX,gold_usd,1884-08-31,18.94,2026-10-07T00:00:00
XX.gold_usd.LBMA_DATAHUB,XX,gold_usd,1884-09-30,18.94,2026-10-07T00:00:00
XX.gold_usd.LBMA_DATAHUB,XX,gold_usd,1884-10-31,18.94,2026-10-07T00:00:00
XX.gold_usd.LBMA_DATAHUB,XX,gold_usd,1884-11-30,18.94,2026-10-07T00:00:00
XX.gold_usd.LBMA_DATAHUB,XX,gold_usd,1884-12-31,18.94,2026-10-07T00:00:00
XX.gold_usd.LBMA_DATAHUB,XX,gold_usd,1885-01-31,18.94,2026-10-07T00:00:00
XX.gold_usd.LBMA_DATAHUB,XX,gold_usd,1885-02-28,18.94,2026-10-07T00:00:00
XX.gold_usd.LBMA_DATAHUB,XX,gold_usd,1885-03-31,18.94,2026-10-07T00:00:00
XX.gold_usd.LBMA_DATAHUB,XX,gold_usd,1885-04-30,18.94,2026-10-07T00:00:00
XX.gold_usd.LBMA_DATAHUB,XX,gold_usd,1885-05-31,18.94,2026-10-07T00:00:00
XX.gold_usd.LBMA_DATAHUB,XX,gold_usd,1885-06-30,18.94,2026-10-07T00:00:00
XX.gold_usd.LBMA_DATAHUB,XX,gold_usd,1885-07-31,18.94,2026-10-07T00:00:00
XX.gold_usd.LBMA_DATAHUB,XX,gold_usd,1885-08-31,18.94,2026-10-07T00:00:00
XX.gold_usd.LBMA_DATAHUB,XX,gold_usd,1885-09-30,18.94,2026-10-07T00:00:00
XX.gold_usd.LBMA_DATAHUB,XX,gold_usd,1885-10-31,18.94,2026-10-07T00:00:00
XX.gold_usd.LBMA_DATAHUB,XX,gold_usd,1885-11-30,18.94,2026-10-07T00:00:00
XX.gold_usd.LBMA_DATAHUB,XX,gold_usd,1885-12-31,18.94,2026-10-07T00:00:00
XX.gold_usd.LBMA_DATAHUB,XX,gold_usd,1886-01-31,18.94,2026-10-07T00:00:00
XX.gold_usd.LBMA_DATAHUB,XX,gold_usd,1886-02-28,18.94,2026-10-07T00:00:00
XX.gold_usd.LBMA_DATAHUB,XX,gold_usd,1886-03-31,18.94,2026-10-07T00:00:00
XX.gold_usd.LBMA_DATAHUB,XX,gold_usd,1886-04-30,18.94,2026-10-07T00:00:00
XX.gold_usd.LBMA_DATAHUB,XX,gold_usd,1886-05-31,18.94,2026-10-07T00:00:00
XX.gold_usd.LBMA_DATAHUB,XX,gold_usd,1886-06-30,18.94,2026-10-07T00:00:00
XX.gold_usd.LBMA_DATAHUB,XX,gold_usd,1886-07-31,18.94,2026-10-07T00:00:00
XX.gold_usd.LBMA_DATAHUB,XX,gold_usd,1886-08-31,18.94,2026-10-07T00:00:00
XX.gold_usd.LBMA_DATAHUB,XX,gold_usd,1886-09-30,18.94,2026-10-07T00:00:00
XX.gold_usd.LBMA_DATAHUB,XX,gold_usd,1886-10-31,18.94,2026-10-07T00:00:00
XX.gold_usd.LBMA_DATAHUB,XX,gold_usd,1886-11-30,18.94,2026-10-07T00:00:00
XX.gold_usd.LBMA_DATAHUB,XX,gold_usd,1886-12-31,18.94,2026-10-07T00:00:00
XX.gold_usd.LBMA_DATAHUB,XX,gold_usd,1887-01-31,18.94,2026-10-07T00:00:00
XX.gold_usd.LBMA_DATAHUB,XX,gold_usd,1887-02-28,18.94,2026-10-07T00:00:00
XX.gold_usd.LBMA_DATAHUB,XX,gold_usd,1887-03-31,18.94,2026-10-07T00:00:00
XX.gold_usd.LBMA_DATAHUB,XX,gold_usd,1887-04-30,18.94,2026-10-07T00:00:00
XX.gold_usd.LBMA_DATAHUB,XX,gold_usd,1887-05-31,18.94,2026-10-07T00:00:00
XX.gold_usd.LBMA_DATAHUB,XX,gold_usd,1887-06-30,18.94,2026-10-07T00:00:00
XX.gold_usd.LBMA_DATAHUB,XX,gold_usd,1887-07-31,18.94,2026-10-07T00:00:00
XX.gold_usd.LBMA_DATAHUB,XX,gold_usd,1887-08-31,18.94,2026-10-07T00:00:00
XX.gold_usd.LBMA_DATAHUB,XX,gold_usd,1887-09-30,18.94,2026-10-07T00:00:00
XX.gold_usd.LBMA_DATAHUB,XX,gold_usd,1887-10-31,18.94,2026-10-07T00:00:00
XX.gold_usd.LBMA_DATAHUB,XX,gold_usd,1887-11-30,18.94,2026-10-07T00:00:00
XX.gold_usd.LBMA_DATAHUB,XX,gold_usd,1887-12-31,18.94,2026-10-07T00:00:00
XX.gold_usd.LBMA_DATAHUB,XX,gold_usd,1888-01-31,18.94,2026-10-07T00:00:00
XX.gold_usd.LBMA_DATAHUB,XX,gold_usd,1888-02-29,18.94,2026-10-07T00:00:00
XX.gold_usd.LBMA_DATAHUB,XX,gold_usd,1888-03-31,18.94,2026-10-07T00:00:00
XX.gold_usd.LBMA_DATAHUB,XX,gold_usd,1888-04-30,18.94,2026-10-07T00:00:00
XX.gold_usd.LBMA_DATAHUB,XX,gold_usd,1888-05-31,18.94,2026-10-07T00:00:00
XX.gold_usd.LBMA_DATAHUB,XX,gold_usd,1888-06-30,18.94,2026-10-07T00:00:00
XX.gold_usd.LBMA_DATAHUB,XX,gold_usd,1888-07-31,18.94,2026-10-07T00:00:00
XX.gold_usd.LBMA_DATAHUB,XX,gold_usd,1888-08-31,18.94,2026-10-07T00:00:00
XX.gold_usd.LBMA_DATAHUB,XX,gold_usd,1888-09-30,18.94,2026-10-07T00:00:00
XX.gold_usd.LBMA_DATAHUB,XX,gold_usd,1888-10-31,18.94,2026-10-07T00:00:00
XX.gold_usd.LBMA_DATAHUB,XX,gold_usd,1888-11-30,18.94,2026-10-07T00:00:00
XX.gold_usd.LBMA_DATAHUB,XX,gold_usd,1888-12-31,18.94,2026-10-07T00:00:00
XX.gold_usd.LBMA_DATAHUB,XX,gold_usd,1889-01-31,18.93,2026-10-07T00:00:00
XX.gold_usd.LBMA_DATAHUB,XX,gold_usd,1889-02-28,18.93,2026-10-07T00:00:00
XX.gold_usd.LBMA_DATAHUB,XX,gold_usd,1889-03-31,18.93,2026-10-07T00:00:00
XX.gold_usd.LBMA_DATAHUB,XX,gold_usd,1889-04-30,18.93,2026-10-07T00:00:00
XX.gold_usd.LBMA_DATAHUB,XX,gold_usd,1889-05-31,18.93,2026-10-07T00:00:00
XX.gold_usd.LBMA_DATAHUB,XX,gold_usd,1889-06-30,18.93,2026-10-07T00:00:00
XX.gold_usd.LBMA_DATAHUB,XX,gold_usd,1889-07-31,18.93,2026-10-07T00:00:00
XX.gold_usd.LBMA_DATAHUB,XX,gold_usd,1889-08-31,18.93,2026-10-07T00:00:00
XX.gold_usd.LBMA_DATAHUB,XX,gold_usd,1889-09-30,18.93,2026-10-07T00:00:00
XX.gold_usd.LBMA_DATAHUB,XX,gold_usd,1889-10-31,18.93,2026-10-07T00:00:00
XX.gold_usd.LBMA_DATAHUB,XX,gold_usd,1889-11-30,18.93,2026-10-07T00:00:00
XX.gold_usd.LBMA_DATAHUB,XX,gold_usd,1889-12-31,18.93,2026-10-07T00:00:00
XX.gold_usd.LBMA_DATAHUB,XX,gold_usd,1890-01-31,18.94,2026-10-07T00:00:00
XX.gold_usd.LBMA_DATAHUB,XX,gold_usd,1890-02-28,18.94,2026-10-07T00:00:00
XX.gold_usd.LBMA_DATAHUB,XX,gold_usd,1890-03-31,18.94,2026-10-07T00:00:00
XX.gold_usd.LBMA_DATAHUB,XX,gold_usd,1890-04-30,18.94,2026-10-07T00:00:00
XX.gold_usd.LBMA_DATAHUB,XX,gold_usd,1890-05-31,18.94,2026-10-07T00:00:00
XX.gold_usd.LBMA_DATAHUB,XX,gold_usd,1890-06-30,18.94,2026-10-07T00:00:00
XX.gold_usd.LBMA_DATAHUB,XX,gold_usd,1890-07-31,18.94,2026-10-07T00:00:00
XX.gold_usd.LBMA_DATAHUB,XX,gold_usd,1890-08-31,18.94,2026-10-07T00:00:00
XX.gold_usd.LBMA_DATAHUB,XX,gold_usd,1890-09-30,18.94,2026-10-07T00:00:00
XX.gold_usd.LBMA_DATAHUB,XX,gold_usd,1890-10-31,18.94,2026-10-07T00:00:00
XX.gold_usd.LBMA_DATAHUB,XX,gold_usd,1890-11-30,18.94,2026-10-07T00:00:00
XX.gold_usd.LBMA_DATAHUB,XX,gold_usd,1890-12-31,18.94,2026-10-07T00:00:00
XX.gold_usd.LBMA_DATAHUB,XX,gold_usd,1891-01-31,18.96,2026-10-07T00:00:00
XX.gold_usd.LBMA_DATAHUB,XX,gold_usd,1891-02-28,18.96,2026-10-07T00:00:00
XX.gold_usd.LBMA_DATAHUB,XX,gold_usd,1891-03-31,18.96,2026-10-07T00:00:00
XX.gold_usd.LBMA_DATAHUB,XX,gold_usd,1891-04-30,18.96,2026-10-07T00:00:00
XX.gold_usd.LBMA_DATAHUB,XX,gold_usd,1891-05-31,18.96,2026-10-07T00:00:00
XX.gold_usd.LBMA_DATAHUB,XX,gold_usd,1891-06-30,18.96,2026-10-07T00:00:00
XX.gold_usd.LBMA_DATAHUB,XX,gold_usd,1891-07-31,18.96,2026-10-07T00:00:00
XX.gold_usd.LBMA_DATAHUB,XX,gold_usd,1891-08-31,18.96,2026-10-07T00:00:00
XX.gold_usd.LBMA_DATAHUB,XX,gold_usd,1891-09-30,18.96,2026-10-07T00:00:00
XX.gold_usd.LBMA_DATAHUB,XX,gold_usd,1891-10-31,18.96,2026-10-07T00:00:00
XX.gold_usd.LBMA_DATAHUB,XX,gold_usd,1891-11-30,18.96,2026-10-07T00:00:00
XX.gold_usd.LBMA_DATAHUB,XX,gold_usd,1891-12-31,18.96,2026-10-07T00:00:00
XX.gold_usd.LBMA_DATAHUB,XX,gold_usd,1892-01-31,18.96,2026-10-07T00:00:00
XX.gold_usd.LBMA_DATAHUB,XX,gold_usd,1892-02-29,18.96,2026-10-07T00:00:00
XX.gold_usd.LBMA_DATAHUB,XX,gold_usd,1892-03-31,18.96,2026-10-07T00:00:00
XX.gold_usd.LBMA_DATAHUB,XX,gold_usd,1892-04-30,18.96,2026-10-07T00:00:00
XX.gold_usd.LBMA_DATAHUB,XX,gold_usd,1892-05-31,18.96,2026-10-07T00:00:00
XX.gold_usd.LBMA_DATAHUB,XX,gold_usd,1892-06-30,18.96,2026-10-07T00:00:00
XX.gold_usd.LBMA_DATAHUB,XX,gold_usd,1892-07-31,18.96,2026-10-07T00:00:00
XX.gold_usd.LBMA_DATAHUB,XX,gold_usd,1892-08-31,18.96,2026-10-07T00:00:00
XX.gold_usd.LBMA_DATAHUB,XX,gold_usd,1892-09-30,18.96,2026-10-07T00:00:00
XX.gold_usd.LBMA_DATAHUB,XX,gold_usd,1892-10-31,18.96,2026-10-07T00:00:00
XX.gold_usd.LBMA_DATAHUB,XX,gold_usd,1892-11-30,18.96,2026-10-07T00:00:00
XX.gold_usd.LBMA_DATAHUB,XX,gold_usd,1892-12-31,18.96,2026-10-07T00:00:00
XX.gold_usd.LBMA_DATAHUB,XX,gold_usd,1893-01-31,18.96,2026-10-07T00:00:00
XX.gold_usd.LBMA_DATAHUB,XX,gold_usd,1893-02-28,18.96,2026-10-07T00:00:00
XX.gold_usd.LBMA_DATAHUB,XX,gold_usd,1893-03-31,18.96,2026-10-07T00:00:00
XX.gold_usd.LBMA_DATAHUB,XX,gold_usd,1893-04-30,18.96,2026-10-07T00:00:00
XX.gold_usd.LBMA_DATAHUB,XX,gold_usd,1893-05-31,18.96,2026-10-07T00:00:00
XX.gold_usd.LBMA_DATAHUB,XX,gold_usd,1893-06-30,18.96,2026-10-07T00:00:00
XX.gold_usd.LBMA_DATAHUB,XX,gold_usd,1893-07-31,18.96,2026-10-07T00:00:00
XX.gold_usd.LBMA_DATAHUB,XX,gold_usd,1893-08-31,18.96,2026-10-07T00:00:00
XX.gold_usd.LBMA_DATAHUB,XX,gold_usd,1893-09-30,18.96,2026-10-07T00:00:00
XX.gold_usd.LBMA_DATAHUB,XX,gold_usd,1893-10-31,18.96,2026-10-07T00:00:00
XX.gold_usd.LBMA_DATAHUB,XX,gold_usd,1893-11-30,18.96,2026-10-07T00:00:00
XX.gold_usd.LBMA_DATAHUB,XX,gold_usd,1893-12-31,18.96,2026-10-07T00:00:00
XX.gold_usd.LBMA_DATAHUB,XX,gold_usd,1894-01-31,18.94,2026-10-07T00:00:00
XX.gold_usd.LBMA_DATAHUB,XX,gold_usd,1894-02-28,18.94,2026-10-07T00:00:00
XX.gold_usd.LBMA_DATAHUB,XX,gold_usd,1894-03-31,18.94,2026-10-07T00:00:00
XX.gold_usd.LBMA_DATAHUB,XX,gold_usd,1894-04-30,18.94,2026-10-07T00:00:00
XX.gold_usd.LBMA_DATAHUB,XX,gold_usd,1894-05-31,18.94,2026-10-07T00:00:00
XX.gold_usd.LBMA_DATAHUB,XX,gold_usd,1894-06-30,18.94,2026-10-07T00:00:00
XX.gold_usd.LBMA_DATAHUB,XX,gold_usd,1894-07-31,18.94,2026-10-07T00:00:00
XX.gold_usd.LBMA_DATAHUB,XX,gold_usd,1894-08-31,18.94,2026-10-07T00:00:00
XX.gold_usd.LBMA_DATAHUB,XX,gold_usd,1894-09-30,18.94,2026-10-07T00:00:00
XX.gold_usd.LBMA_DATAHUB,XX,gold_usd,1894-10-31,18.94,2026-10-07T00:00:00
XX.gold_usd.LBMA_DATAHUB,XX,gold_usd,1894-11-30,18.94,2026-10-07T00:00:00
XX.gold_usd.LBMA_DATAHUB,XX,gold_usd,1894-12-31,18.94,2026-10-07T00:00:00
XX.gold_usd.LBMA_DATAHUB,XX,gold_usd,1895-01-31,18.93,2026-10-07T00:00:00
XX.gold_usd.LBMA_DATAHUB,XX,gold_usd,1895-02-28,18.93,2026-10-07T00:00:00
XX.gold_usd.LBMA_DATAHUB,XX,gold_usd,1895-03-31,18.93,2026-10-07T00:00:00
XX.gold_usd.LBMA_DATAHUB,XX,gold_usd,1895-04-30,18.93,2026-10-07T00:00:00
XX.gold_usd.LBMA_DATAHUB,XX,gold_usd,1895-05-31,18.93,2026-10-07T00:00:00
XX.gold_usd.LBMA_DATAHUB,XX,gold_usd,1895-06-30,18.93,2026-10-07T00:00:00
XX.gold_usd.LBMA_DATAHUB,XX,gold_usd,1895-07-31,18.93,2026-10-07T00:00:00
XX.gold_usd.LBMA_DATAHUB,XX,gold_usd,1895-08-31,18.93,2026-10-07T00:00:00
XX.gold_usd.LBMA_DATAHUB,XX,gold_usd,1895-09-30,18.93,2026-10-07T00:00:00
XX.gold_usd.LBMA_DATAHUB,XX,gold_usd,1895-10-31,18.93,2026-10-07T00:00:00
XX.gold_usd.LBMA_DATAHUB,XX,gold_usd,1895-11-30,18.93,2026-10-07T00:00:00
XX.gold_usd.LBMA_DATAHUB,XX,gold_usd,1895-12-31,18.93,2026-10-07T00:00:00
XX.gold_usd.LBMA_DATAHUB,XX,gold_usd,1896-01-31,18.98,2026-10-07T00:00:00
XX.gold_usd.LBMA_DATAHUB,XX,gold_usd,1896-02-29,18.98,2026-10-07T00:00:00
XX.gold_usd.LBMA_DATAHUB,XX,gold_usd,1896-03-31,18.98,2026-10-07T00:00:00
XX.gold_usd.LBMA_DATAHUB,XX,gold_usd,1896-04-30,18.98,2026-10-07T00:00:00
XX.gold_usd.LBMA_DATAHUB,XX,gold_usd,1896-05-31,18.98,2026-10-07T00:00:00
XX.gold_usd.LBMA_DATAHUB,XX,gold_usd,1896-06-30,18.98,2026-10-07T00:00:00
XX.gold_usd.LBMA_DATAHUB,XX,gold_usd,1896-07-31,18.98,2026-10-07T00:00:00
XX.gold_usd.LBMA_DATAHUB,XX,gold_usd,1896-08-31,18.98,2026-10-07T00:00:00
XX.gold_usd.LBMA_DATAHUB,XX,gold_usd,1896-09-30,18.98,2026-10-07T00:00:00
XX.gold_usd.LBMA_DATAHUB,XX,gold_usd,1896-10-31,18.98,2026-10-07T00:00:00
XX.gold_usd.LBMA_DATAHUB,XX,gold_usd,1896-11-30,18.98,2026-10-07T00:00:00
XX.gold_usd.LBMA_DATAHUB,XX,gold_usd,1896-12-31,18.98,2026-10-07T00:00:00
XX.gold_usd.LBMA_DATAHUB,XX,gold_usd,1897-01-31,18.98,2026-10-07T00:00:00
XX.gold_usd.LBMA_DATAHUB,XX,gold_usd,1897-02-28,18.98,2026-10-07T00:00:00
XX.gold_usd.LBMA_DATAHUB,XX,gold_usd,1897-03-31,18.98,2026-10-07T00:00:00
XX.gold_usd.LBMA_DATAHUB,XX,gold_usd,1897-04-30,18.98,2026-10-07T00:00:00
XX.gold_usd.LBMA_DATAHUB,XX,gold_usd,1897-05-31,18.98,2026-10-07T00:00:00
XX.gold_usd.LBMA_DATAHUB,XX,gold_usd,1897-06-30,18.98,2026-10-07T00:00:00
XX.gold_usd.LBMA_DATAHUB,XX,gold_usd,1897-07-31,18.98,2026-10-07T00:00:00
XX.gold_usd.LBMA_DATAHUB,XX,gold_usd,1897-08-31,18.98,2026-10-07T00:00:00
XX.gold_usd.LBMA_DATAHUB,XX,gold_usd,1897-09-30,18.98,2026-10-07T00:00:00
XX.gold_usd.LBMA_DATAHUB,XX,gold_usd,1897-10-31,18.98,2026-10-07T00:00:00
XX.gold_usd.LBMA_DATAHUB,XX,gold_usd,1897-11-30,18.98,2026-10-07T00:00:00
XX.gold_usd.LBMA_DATAHUB,XX,gold_usd,1897-12-31,18.98,2026-10-07T00:00:00
XX.gold_usd.LBMA_DATAHUB,XX,gold_usd,1898-01-31,18.98,2026-10-07T00:00:00
XX.gold_usd.LBMA_DATAHUB,XX,gold_usd,1898-02-28,18.98,2026-10-07T00:00:00
XX.gold_usd.LBMA_DATAHUB,XX,gold_usd,1898-03-31,18.98,2026-10-07T00:00:00
XX.gold_usd.LBMA_DATAHUB,XX,gold_usd,1898-04-30,18.98,2026-10-07T00:00:00
XX.gold_usd.LBMA_DATAHUB,XX,gold_usd,1898-05-31,18.98,2026-10-07T00:00:00
XX.gold_usd.LBMA_DATAHUB,XX,gold_usd,1898-06-30,18.98,2026-10-07T00:00:00
XX.gold_usd.LBMA_DATAHUB,XX,gold_usd,1898-07-31,18.98,2026-10-07T00:00:00
XX.gold_usd.LBMA_DATAHUB,XX,gold_usd,1898-08-31,18.98,2026-10-07T00:00:00
XX.gold_usd.LBMA_DATAHUB,XX,gold_usd,1898-09-30,18.98,2026-10-07T00:00:00
XX.gold_usd.LBMA_DATAHUB,XX,gold_usd,1898-10-31,18.98,2026-10-07T00:00:00
XX.gold_usd.LBMA_DATAHUB,XX,gold_usd,1898-11-30,18.98,2026-10-07T00:00:00
XX.gold_usd.LBMA_DATAHUB,XX,gold_usd,1898-12-31,18.98,2026-10-07T00:00:00
XX.gold_usd.LBMA_DATAHUB,XX,gold_usd,1899-01-31,18.94,2026-10-07T00:00:00
XX.gold_usd.LBMA_DATAHUB,XX,gold_usd,1899-02-28,18.94,2026-10-07T00:00:00
XX.gold_usd.LBMA_DATAHUB,XX,gold_usd,1899-03-31,18.94,2026-10-07T00:00:00
XX.gold_usd.LBMA_DATAHUB,XX,gold_usd,1899-04-30,18.94,2026-10-07T00:00:00
XX.gold_usd.LBMA_DATAHUB,XX,gold_usd,1899-05-31,18.94,2026-10-07T00:00:00
XX.gold_usd.LBMA_DATAHUB,XX,gold_usd,1899-06-30,18.94,2026-10-07T00:00:00
XX.gold_usd.LBMA_DATAHUB,XX,gold_usd,1899-07-31,18.94,2026-10-07T00:00:00
XX.gold_usd.LBMA_DATAHUB,XX,gold_usd,1899-08-31,18.94,2026-10-07T00:00:00
XX.gold_usd.LBMA_DATAHUB,XX,gold_usd,1899-09-30,18.94,2026-10-07T00:00:00
XX.gold_usd.LBMA_DATAHUB,XX,gold_usd,1899-10-31,18.94,2026-10-07T00:00:00
XX.gold_usd.LBMA_DATAHUB,XX,gold_usd,1899-11-30,18.94,2026-10-07T00:00:00
XX.gold_usd.LBMA_DATAHUB,XX,gold_usd,1899-12-31,18.94,2026-10-07T00:00:00
XX.gold_usd.LBMA_DATAHUB,XX,gold_usd,1900-01-31,18.96,2026-10-07T00:00:00
XX.gold_usd.LBMA_DATAHUB,XX,gold_usd,1900-02-28,18.96,2026-10-07T00:00:00
XX.gold_usd.LBMA_DATAHUB,XX,gold_usd,1900-03-31,18.96,2026-10-07T00:00:00
XX.gold_usd.LBMA_DATAHUB,XX,gold_usd,1900-04-30,18.96,2026-10-07T00:00:00
XX.gold_usd.LBMA_DATAHUB,XX,gold_usd,1900-05-31,18.96,2026-10-07T00:00:00
XX.gold_usd.LBMA_DATAHUB,XX,gold_usd,1900-06-30,18.96,2026-10-07T00:00:00
XX.gold_usd.LBMA_DATAHUB,XX,gold_usd,1900-07-31,18.96,2026-10-07T00:00:00
XX.gold_usd.LBMA_DATAHUB,XX,gold_usd,1900-08-31,18.96,2026-10-07T00:00:00
XX.gold_usd.LBMA_DATAHUB,XX,gold_usd,1900-09-30,18.96,2026-10-07T00:00:00
XX.gold_usd.LBMA_DATAHUB,XX,gold_usd,1900-10-31,18.96,2026-10-07T00:00:00
XX.gold_usd.LBMA_DATAHUB,XX,gold_usd,1900-11-30,18.96,2026-10-07T00:00:00
XX.gold_usd.LBMA_DATAHUB,XX,gold_usd,1900-12-31,18.96,2026-10-07T00:00:00
XX.gold_usd.LBMA_DATAHUB,XX,gold_usd,1901-01-31,18.98,2026-10-07T00:00:00
XX.gold_usd.LBMA_DATAHUB,XX,gold_usd,1901-02-28,18.98,2026-10-07T00:00:00
XX.gold_usd.LBMA_DATAHUB,XX,gold_usd,1901-03-31,18.98,2026-10-07T00:00:00
XX.gold_usd.LBMA_DATAHUB,XX,gold_usd,1901-04-30,18.98,2026-10-07T00:00:00
XX.gold_usd.LBMA_DATAHUB,XX,gold_usd,1901-05-31,18.98,2026-10-07T00:00:00
XX.gold_usd.LBMA_DATAHUB,XX,gold_usd,1901-06-30,18.98,2026-10-07T00:00:00
XX.gold_usd.LBMA_DATAHUB,XX,gold_usd,1901-07-31,18.98,2026-10-07T00:00:00
XX.gold_usd.LBMA_DATAHUB,XX,gold_usd,1901-08-31,18.98,2026-10-07T00:00:00
XX.gold_usd.LBMA_DATAHUB,XX,gold_usd,1901-09-30,18.98,2026-10-07T00:00:00
XX.gold_usd.LBMA_DATAHUB,XX,gold_usd,1901-10-31,18.98,2026-10-07T00:00:00
XX.gold_usd.LBMA_DATAHUB,XX,gold_usd,1901-11-30,18.98,2026-10-07T00:00:00
XX.gold_usd.LBMA_DATAHUB,XX,gold_usd,1901-12-31,18.98,2026-10-07T00:00:00
XX.gold_usd.LBMA_DATAHUB,XX,gold_usd,1902-01-31,18.97,2026-10-07T00:00:00
XX.gold_usd.LBMA_DATAHUB,XX,gold_usd,1902-02-28,18.97,2026-10-07T00:00:00
XX.gold_usd.LBMA_DATAHUB,XX,gold_usd,1902-03-31,18.97,2026-10-07T00:00:00
XX.gold_usd.LBMA_DATAHUB,XX,gold_usd,1902-04-30,18.97,2026-10-07T00:00:00
XX.gold_usd.LBMA_DATAHUB,XX,gold_usd,1902-05-31,18.97,2026-10-07T00:00:00
XX.gold_usd.LBMA_DATAHUB,XX,gold_usd,1902-06-30,18.97,2026-10-07T00:00:00
XX.gold_usd.LBMA_DATAHUB,XX,gold_usd,1902-07-31,18.97,2026-10-07T00:00:00
XX.gold_usd.LBMA_DATAHUB,XX,gold_usd,1902-08-31,18.97,2026-10-07T00:00:00
XX.gold_usd.LBMA_DATAHUB,XX,gold_usd,1902-09-30,18.97,2026-10-07T00:00:00
XX.gold_usd.LBMA_DATAHUB,XX,gold_usd,1902-10-31,18.97,2026-10-07T00:00:00
XX.gold_usd.LBMA_DATAHUB,XX,gold_usd,1902-11-30,18.97,2026-10-07T00:00:00
XX.gold_usd.LBMA_DATAHUB,XX,gold_usd,1902-12-31,18.97,2026-10-07T00:00:00
XX.gold_usd.LBMA_DATAHUB,XX,gold_usd,1903-01-31,18.95,2026-10-07T00:00:00
XX.gold_usd.LBMA_DATAHUB,XX,gold_usd,1903-02-28,18.95,2026-10-07T00:00:00
XX.gold_usd.LBMA_DATAHUB,XX,gold_usd,1903-03-31,18.95,2026-10-07T00:00:00
XX.gold_usd.LBMA_DATAHUB,XX,gold_usd,1903-04-30,18.95,2026-10-07T00:00:00
XX.gold_usd.LBMA_DATAHUB,XX,gold_usd,1903-05-31,18.95,2026-10-07T00:00:00
XX.gold_usd.LBMA_DATAHUB,XX,gold_usd,1903-06-30,18.95,2026-10-07T00:00:00
XX.gold_usd.LBMA_DATAHUB,XX,gold_usd,1903-07-31,18.95,2026-10-07T00:00:00
XX.gold_usd.LBMA_DATAHUB,XX,gold_usd,1903-08-31,18.95,2026-10-07T00:00:00
XX.gold_usd.LBMA_DATAHUB,XX,gold_usd,1903-09-30,18.95,2026-10-07T00:00:00
XX.gold_usd.LBMA_DATAHUB,XX,gold_usd,1903-10-31,18.95,2026-10-07T00:00:00
XX.gold_usd.LBMA_DATAHUB,XX,gold_usd,1903-11-30,18.95,2026-10-07T00:00:00
XX.gold_usd.LBMA_DATAHUB,XX,gold_usd,1903-12-31,18.95,2026-10-07T00:00:00
XX.gold_usd.LBMA_DATAHUB,XX,gold_usd,1904-01-31,18.96,2026-10-07T00:00:00
XX.gold_usd.LBMA_DATAHUB,XX,gold_usd,1904-02-29,18.96,2026-10-07T00:00:00
XX.gold_usd.LBMA_DATAHUB,XX,gold_usd,1904-03-31,18.96,2026-10-07T00:00:00
XX.gold_usd.LBMA_DATAHUB,XX,gold_usd,1904-04-30,18.96,2026-10-07T00:00:00
XX.gold_usd.LBMA_DATAHUB,XX,gold_usd,1904-05-31,18.96,2026-10-07T00:00:00
XX.gold_usd.LBMA_DATAHUB,XX,gold_usd,1904-06-30,18.96,2026-10-07T00:00:00
XX.gold_usd.LBMA_DATAHUB,XX,gold_usd,1904-07-31,18.96,2026-10-07T00:00:00
XX.gold_usd.LBMA_DATAHUB,XX,gold_usd,1904-08-31,18.96,2026-10-07T00:00:00
XX.gold_usd.LBMA_DATAHUB,XX,gold_usd,1904-09-30,18.96,2026-10-07T00:00:00
XX.gold_usd.LBMA_DATAHUB,XX,gold_usd,1904-10-31,18.96,2026-10-07T00:00:00
XX.gold_usd.LBMA_DATAHUB,XX,gold_usd,1904-11-30,18.96,2026-10-07T00:00:00
XX.gold_usd.LBMA_DATAHUB,XX,gold_usd,1904-12-31,18.96,2026-10-07T00:00:00
XX.gold_usd.LBMA_DATAHUB,XX,gold_usd,1905-01-31,18.92,2026-10-07T00:00:00
XX.gold_usd.LBMA_DATAHUB,XX,gold_usd,1905-02-28,18.92,2026-10-07T00:00:00
XX.gold_usd.LBMA_DATAHUB,XX,gold_usd,1905-03-31,18.92,2026-10-07T00:00:00
XX.gold_usd.LBMA_DATAHUB,XX,gold_usd,1905-04-30,18.92,2026-10-07T00:00:00
XX.gold_usd.LBMA_DATAHUB,XX,gold_usd,1905-05-31,18.92,2026-10-07T00:00:00
XX.gold_usd.LBMA_DATAHUB,XX,gold_usd,1905-06-30,18.92,2026-10-07T00:00:00
XX.gold_usd.LBMA_DATAHUB,XX,gold_usd,1905-07-31,18.92,2026-10-07T00:00:00
XX.gold_usd.LBMA_DATAHUB,XX,gold_usd,1905-08-31,18.92,2026-10-07T00:00:00
XX.gold_usd.LBMA_DATAHUB,XX,gold_usd,1905-09-30,18.92,2026-10-07T00:00:00
XX.gold_usd.LBMA_DATAHUB,XX,gold_usd,1905-10-31,18.92,2026-10-07T00:00:00
XX.gold_usd.LBMA_DATAHUB,XX,gold_usd,1905-11-30,18.92,2026-10-07T00:00:00
XX.gold_usd.LBMA_DATAHUB,XX,gold_usd,1905-12-31,18.92,2026-10-07T00:00:00
XX.gold_usd.LBMA_DATAHUB,XX,gold_usd,1906-01-31,18.9,2026-10-07T00:00:00
XX.gold_usd.LBMA_DATAHUB,XX,gold_usd,1906-02-28,18.9,2026-10-07T00:00:00
XX.gold_usd.LBMA_DATAHUB,XX,gold_usd,1906-03-31,18.9,2026-10-07T00:00:00
XX.gold_usd.LBMA_DATAHUB,XX,gold_usd,1906-04-30,18.9,2026-10-07T00:00:00
XX.gold_usd.LBMA_DATAHUB,XX,gold_usd,1906-05-31,18.9,2026-10-07T00:00:00
XX.gold_usd.LBMA_DATAHUB,XX,gold_usd,1906-06-30,18.9,2026-10-07T00:00:00
XX.gold_usd.LBMA_DATAHUB,XX,gold_usd,1906-07-31,18.9,2026-10-07T00:00:00
XX.gold_usd.LBMA_DATAHUB,XX,gold_usd,1906-08-31,18.9,2026-10-07T00:00:00
XX.gold_usd.LBMA_DATAHUB,XX,gold_usd,1906-09-30,18.9,2026-10-07T00:00:00
XX.gold_usd.LBMA_DATAHUB,XX,gold_usd,1906-10-31,18.9,2026-10-07T00:00:00
XX.gold_usd.LBMA_DATAHUB,XX,gold_usd,1906-11-30,18.9,2026-10-07T00:00:00
XX.gold_usd.LBMA_DATAHUB,XX,gold_usd,1906-12-31,18.9,2026-10-07T00:00:00
XX.gold_usd.LBMA_DATAHUB,XX,gold_usd,1907-01-31,18.94,2026-10-07T00:00:00
XX.gold_usd.LBMA_DATAHUB,XX,gold_usd,1907-02-28,18.94,2026-10-07T00:00:00
XX.gold_usd.LBMA_DATAHUB,XX,gold_usd,1907-03-31,18.94,2026-10-07T00:00:00
XX.gold_usd.LBMA_DATAHUB,XX,gold_usd,1907-04-30,18.94,2026-10-07T00:00:00
XX.gold_usd.LBMA_DATAHUB,XX,gold_usd,1907-05-31,18.94,2026-10-07T00:00:00
XX.gold_usd.LBMA_DATAHUB,XX,gold_usd,1907-06-30,18.94,2026-10-07T00:00:00
XX.gold_usd.LBMA_DATAHUB,XX,gold_usd,1907-07-31,18.94,2026-10-07T00:00:00
XX.gold_usd.LBMA_DATAHUB,XX,gold_usd,1907-08-31,18.94,2026-10-07T00:00:00
XX.gold_usd.LBMA_DATAHUB,XX,gold_usd,1907-09-30,18.94,2026-10-07T00:00:00
XX.gold_usd.LBMA_DATAHUB,XX,gold_usd,1907-10-31,18.94,2026-10-07T00:00:00
XX.gold_usd.LBMA_DATAHUB,XX,gold_usd,1907-11-30,18.94,2026-10-07T00:00:00
XX.gold_usd.LBMA_DATAHUB,XX,gold_usd,1907-12-31,18.94,2026-10-07T00:00:00
XX.gold_usd.LBMA_DATAHUB,XX,gold_usd,1908-01-31,18.95,2026-10-07T00:00:00
XX.gold_usd.LBMA_DATAHUB,XX,gold_usd,1908-02-29,18.95,2026-10-07T00:00:00
XX.gold_usd.LBMA_DATAHUB,XX,gold_usd,1908-03-31,18.95,2026-10-07T00:00:00
XX.gold_usd.LBMA_DATAHUB,XX,gold_usd,1908-04-30,18.95,2026-10-07T00:00:00
XX.gold_usd.LBMA_DATAHUB,XX,gold_usd,1908-05-31,18.95,2026-10-07T00:00:00
XX.gold_usd.LBMA_DATAHUB,XX,gold_usd,1908-06-30,18.95,2026-10-07T00:00:00
XX.gold_usd.LBMA_DATAHUB,XX,gold_usd,1908-07-31,18.95,2026-10-07T00:00:00
XX.gold_usd.LBMA_DATAHUB,XX,gold_usd,1908-08-31,18.95,2026-10-07T00:00:00
XX.gold_usd.LBMA_DATAHUB,XX,gold_usd,1908-09-30,18.95,2026-10-07T00:00:00
XX.gold_usd.LBMA_DATAHUB,XX,gold_usd,1908-10-31,18.95,2026-10-07T00:00:00
XX.gold_usd.LBMA_DATAHUB,XX,gold_usd,1908-11-30,18.95,2026-10-07T00:00:00
XX.gold_usd.LBMA_DATAHUB,XX,gold_usd,1908-12-31,18.95,2026-10-07T00:00:00
XX.gold_usd.LBMA_DATAHUB,XX,gold_usd,1909-01-31,18.96,2026-10-07T00:00:00
XX.gold_usd.LBMA_DATAHUB,XX,gold_usd,1909-02-28,18.96,2026-10-07T00:00:00
XX.gold_usd.LBMA_DATAHUB,XX,gold_usd,1909-03-31,18.96,2026-10-07T00:00:00
XX.gold_usd.LBMA_DATAHUB,XX,gold_usd,1909-04-30,18.96,2026-10-07T00:00:00
XX.gold_usd.LBMA_DATAHUB,XX,gold_usd,1909-05-31,18.96,2026-10-07T00:00:00
XX.gold_usd.LBMA_DATAHUB,XX,gold_usd,1909-06-30,18.96,2026-10-07T00:00:00
XX.gold_usd.LBMA_DATAHUB,XX,gold_usd,1909-07-31,18.96,2026-10-07T00:00:00
XX.gold_usd.LBMA_DATAHUB,XX,gold_usd,1909-08-31,18.96,2026-10-07T00:00:00
XX.gold_usd.LBMA_DATAHUB,XX,gold_usd,1909-09-30,18.96,2026-10-07T00:00:00
XX.gold_usd.LBMA_DATAHUB,XX,gold_usd,1909-10-31,18.96,2026-10-07T00:00:00
XX.gold_usd.LBMA_DATAHUB,XX,gold_usd,1909-11-30,18.96,2026-10-07T00:00:00
XX.gold_usd.LBMA_DATAHUB,XX,gold_usd,1909-12-31,18.96,2026-10-07T00:00:00
XX.gold_usd.LBMA_DATAHUB,XX,gold_usd,1910-01-31,18.92,2026-10-07T00:00:00
XX.gold_usd.LBMA_DATAHUB,XX,gold_usd,1910-02-28,18.92,2026-10-07T00:00:00
XX.gold_usd.LBMA_DATAHUB,XX,gold_usd,1910-03-31,18.92,2026-10-07T00:00:00
XX.gold_usd.LBMA_DATAHUB,XX,gold_usd,1910-04-30,18.92,2026-10-07T00:00:00
XX.gold_usd.LBMA_DATAHUB,XX,gold_usd,1910-05-31,18.92,2026-10-07T00:00:00
XX.gold_usd.LBMA_DATAHUB,XX,gold_usd,1910-06-30,18.92,2026-10-07T00:00:00
XX.gold_usd.LBMA_DATAHUB,XX,gold_usd,1910-07-31,18.92,2026-10-07T00:00:00
XX.gold_usd.LBMA_DATAHUB,XX,gold_usd,1910-08-31,18.92,2026-10-07T00:00:00
XX.gold_usd.LBMA_DATAHUB,XX,gold_usd,1910-09-30,18.92,2026-10-07T00:00:00
XX.gold_usd.LBMA_DATAHUB,XX,gold_usd,1910-10-31,18.92,2026-10-07T00:00:00
XX.gold_usd.LBMA_DATAHUB,XX,gold_usd,1910-11-30,18.92,2026-10-07T00:00:00
XX.gold_usd.LBMA_DATAHUB,XX,gold_usd,1910-12-31,18.92,2026-10-07T00:00:00
XX.gold_usd.LBMA_DATAHUB,XX,gold_usd,1911-01-31,18.92,2026-10-07T00:00:00
XX.gold_usd.LBMA_DATAHUB,XX,gold_usd,1911-02-28,18.92,2026-10-07T00:00:00
XX.gold_usd.LBMA_DATAHUB,XX,gold_usd,1911-03-31,18.92,2026-10-07T00:00:00
XX.gold_usd.LBMA_DATAHUB,XX,gold_usd,1911-04-30,18.92,2026-10-07T00:00:00
XX.gold_usd.LBMA_DATAHUB,XX,gold_usd,1911-05-31,18.92,2026-10-07T00:00:00
XX.gold_usd.LBMA_DATAHUB,XX,gold_usd,1911-06-30,18.92,2026-10-07T00:00:00
XX.gold_usd.LBMA_DATAHUB,XX,gold_usd,1911-07-31,18.92,2026-10-07T00:00:00
XX.gold_usd.LBMA_DATAHUB,XX,gold_usd,1911-08-31,18.92,2026-10-07T00:00:00
XX.gold_usd.LBMA_DATAHUB,XX,gold_usd,1911-09-30,18.92,2026-10-07T00:00:00
XX.gold_usd.LBMA_DATAHUB,XX,gold_usd,1911-10-31,18.92,2026-10-07T00:00:00
XX.gold_usd.LBMA_DATAHUB,XX,gold_usd,1911-11-30,18.92,2026-10-07T00:00:00
XX.gold_usd.LBMA_DATAHUB,XX,gold_usd,1911-12-31,18.92,2026-10-07T00:00:00
XX.gold_usd.LBMA_DATAHUB,XX,gold_usd,1912-01-31,18.93,2026-10-07T00:00:00
XX.gold_usd.LBMA_DATAHUB,XX,gold_usd,1912-02-29,18.93,2026-10-07T00:00:00
XX.gold_usd.LBMA_DATAHUB,XX,gold_usd,1912-03-31,18.93,2026-10-07T00:00:00
XX.gold_usd.LBMA_DATAHUB,XX,gold_usd,1912-04-30,18.93,2026-10-07T00:00:00
XX.gold_usd.LBMA_DATAHUB,XX,gold_usd,1912-05-31,18.93,2026-10-07T00:00:00
XX.gold_usd.LBMA_DATAHUB,XX,gold_usd,1912-06-30,18.93,2026-10-07T00:00:00
XX.gold_usd.LBMA_DATAHUB,XX,gold_usd,1912-07-31,18.93,2026-10-07T00:00:00
XX.gold_usd.LBMA_DATAHUB,XX,gold_usd,1912-08-31,18.93,2026-10-07T00:00:00
XX.gold_usd.LBMA_DATAHUB,XX,gold_usd,1912-09-30,18.93,2026-10-07T00:00:00
XX.gold_usd.LBMA_DATAHUB,XX,gold_usd,1912-10-31,18.93,2026-10-07T00:00:00
XX.gold_usd.LBMA_DATAHUB,XX,gold_usd,1912-11-30,18.93,2026-10-07T00:00:00
XX.gold_usd.LBMA_DATAHUB,XX,gold_usd,1912-12-31,18.93,2026-10-07T00:00:00
XX.gold_usd.LBMA_DATAHUB,XX,gold_usd,1913-01-31,18.92,2026-10-07T00:00:00
XX.gold_usd.LBMA_DATAHUB,XX,gold_usd,1913-02-28,18.92,2026-10-07T00:00:00
XX.gold_usd.LBMA_DATAHUB,XX,gold_usd,1913-03-31,18.92,2026-10-07T00:00:00
XX.gold_usd.LBMA_DATAHUB,XX,gold_usd,1913-04-30,18.92,2026-10-07T00:00:00
XX.gold_usd.LBMA_DATAHUB,XX,gold_usd,1913-05-31,18.92,2026-10-07T00:00:00
XX.gold_usd.LBMA_DATAHUB,XX,gold_usd,1913-06-30,18.92,2026-10-07T00:00:00
XX.gold_usd.LBMA_DATAHUB,XX,gold_usd,1913-07-31,18.92,2026-10-07T00:00:00
XX.gold_usd.LBMA_DATAHUB,XX,gold_usd,1913-08-31,18.92,2026-10-07T00:00:00
XX.gold_usd.LBMA_DATAHUB,XX,gold_usd,1913-09-30,18.92,2026-10-07T00:00:00
XX.gold_usd.LBMA_DATAHUB,XX,gold_usd,1913-10-31,18.92,2026-10-07T00:00:00
XX.gold_usd.LBMA_DATAHUB,XX,gold_usd,1913-11-30,18.92,2026-10-07T00:00:00
XX.gold_usd.LBMA_DATAHUB,XX,gold_usd,1913-12-31,18.92,2026-10-07T00:00:00
XX.gold_usd.LBMA_DATAHUB,XX,gold_usd,1914-01-31,18.99,2026-10-07T00:00:00
XX.gold_usd.LBMA_DATAHUB,XX,gold_usd,1914-02-28,18.99,2026-10-07T00:00:00
XX.gold_usd.LBMA_DATAHUB,XX,gold_usd,1914-03-31,18.99,2026-10-07T00:00:00
XX.gold_usd.LBMA_DATAHUB,XX,gold_usd,1914-04-30,18.99,2026-10-07T00:00:00
XX.gold_usd.LBMA_DATAHUB,XX,gold_usd,1914-05-31,18.99,2026-10-07T00:00:00
XX.gold_usd.LBMA_DATAHUB,XX,gold_usd,1914-06-30,18.99,2026-10-07T00:00:00
XX.gold_usd.LBMA_DATAHUB,XX,gold_usd,1914-07-31,18.99,2026-10-07T00:00:00
XX.gold_usd.LBMA_DATAHUB,XX,gold_usd,1914-08-31,18.99,2026-10-07T00:00:00
XX.gold_usd.LBMA_DATAHUB,XX,gold_usd,1914-09-30,18.99,2026-10-07T00:00:00
XX.gold_usd.LBMA_DATAHUB,XX,gold_usd,1914-10-31,18.99,2026-10-07T00:00:00
XX.gold_usd.LBMA_DATAHUB,XX,gold_usd,1914-11-30,18.99,2026-10-07T00:00:00
XX.gold_usd.LBMA_DATAHUB,XX,gold_usd,1914-12-31,18.99,2026-10-07T00:00:00
XX.gold_usd.LBMA_DATAHUB,XX,gold_usd,1915-01-31,18.99,2026-10-07T00:00:00
XX.gold_usd.LBMA_DATAHUB,XX,gold_usd,1915-02-28,18.99,2026-10-07T00:00:00
XX.gold_usd.LBMA_DATAHUB,XX,gold_usd,1915-03-31,18.99,2026-10-07T00:00:00
XX.gold_usd.LBMA_DATAHUB,XX,gold_usd,1915-04-30,18.99,2026-10-07T00:00:00
XX.gold_usd.LBMA_DATAHUB,XX,gold_usd,1915-05-31,18.99,2026-10-07T00:00:00
XX.gold_usd.LBMA_DATAHUB,XX,gold_usd,1915-06-30,18.99,2026-10-07T00:00:00
XX.gold_usd.LBMA_DATAHUB,XX,gold_usd,1915-07-31,18.99,2026-10-07T00:00:00
XX.gold_usd.LBMA_DATAHUB,XX,gold_usd,1915-08-31,18.99,2026-10-07T00:00:00
XX.gold_usd.LBMA_DATAHUB,XX,gold_usd,1915-09-30,18.99,2026-10-07T00:00:00
XX.gold_usd.LBMA_DATAHUB,XX,gold_usd,1915-10-31,18.99,2026-10-07T00:00:00
XX.gold_usd.LBMA_DATAHUB,XX,gold_usd,1915-11-30,18.99,2026-10-07T00:00:00
XX.gold_usd.LBMA_DATAHUB,XX,gold_usd,1915-12-31,18.99,2026-10-07T00:00:00
XX.gold_usd.LBMA_DATAHUB,XX,gold_usd,1916-01-31,18.99,2026-10-07T00:00:00
XX.gold_usd.LBMA_DATAHUB,XX,gold_usd,1916-02-29,18.99,2026-10-07T00:00:00
XX.gold_usd.LBMA_DATAHUB,XX,gold_usd,1916-03-31,18.99,2026-10-07T00:00:00
XX.gold_usd.LBMA_DATAHUB,XX,gold_usd,1916-04-30,18.99,2026-10-07T00:00:00
XX.gold_usd.LBMA_DATAHUB,XX,gold_usd,1916-05-31,18.99,2026-10-07T00:00:00
XX.gold_usd.LBMA_DATAHUB,XX,gold_usd,1916-06-30,18.99,2026-10-07T00:00:00
XX.gold_usd.LBMA_DATAHUB,XX,gold_usd,1916-07-31,18.99,2026-10-07T00:00:00
XX.gold_usd.LBMA_DATAHUB,XX,gold_usd,1916-08-31,18.99,2026-10-07T00:00:00
XX.gold_usd.LBMA_DATAHUB,XX,gold_usd,1916-09-30,18.99,2026-10-07T00:00:00
XX.gold_usd.LBMA_DATAHUB,XX,gold_usd,1916-10-31,18.99,2026-10-07T00:00:00
XX.gold_usd.LBMA_DATAHUB,XX,gold_usd,1916-11-30,18.99,2026-10-07T00:00:00
XX.gold_usd.LBMA_DATAHUB,XX,gold_usd,1916-12-31,18.99,2026-10-07T00:00:00
XX.gold_usd.LBMA_DATAHUB,XX,gold_usd,1917-01-31,18.99,2026-10-07T00:00:00
XX.gold_usd.LBMA_DATAHUB,XX,gold_usd,1917-02-28,18.99,2026-10-07T00:00:00
XX.gold_usd.LBMA_DATAHUB,XX,gold_usd,1917-03-31,18.99,2026-10-07T00:00:00
XX.gold_usd.LBMA_DATAHUB,XX,gold_usd,1917-04-30,18.99,2026-10-07T00:00:00
XX.gold_usd.LBMA_DATAHUB,XX,gold_usd,1917-05-31,18.99,2026-10-07T00:00:00
XX.gold_usd.LBMA_DATAHUB,XX,gold_usd,1917-06-30,18.99,2026-10-07T00:00:00
XX.gold_usd.LBMA_DATAHUB,XX,gold_usd,1917-07-31,18.99,2026-10-07T00:00:00
XX.gold_usd.LBMA_DATAHUB,XX,gold_usd,1917-08-31,18.99,2026-10-07T00:00:00
XX.gold_usd.LBMA_DATAHUB,XX,gold_usd,1917-09-30,18.99,2026-10-07T00:00:00
XX.gold_usd.LBMA_DATAHUB,XX,gold_usd,1917-10-31,18.99,2026-10-07T00:00:00
XX.gold_usd.LBMA_DATAHUB,XX,gold_usd,1917-11-30,18.99,2026-10-07T00:00:00
XX.gold_usd.LBMA_DATAHUB,XX,gold_usd,1917-12-31,18.99,2026-10-07T00:00:00
XX.gold_usd.LBMA_DATAHUB,XX,gold_usd,1918-01-31,18.99,2026-10-07T00:00:00
XX.gold_usd.LBMA_DATAHUB,XX,gold_usd,1918-02-28,18.99,2026-10-07T00:00:00
XX.gold_usd.LBMA_DATAHUB,XX,gold_usd,1918-03-31,18.99,2026-10-07T00:00:00
XX.gold_usd.LBMA_DATAHUB,XX,gold_usd,1918-04-30,18.99,2026-10-07T00:00:00
XX.gold_usd.LBMA_DATAHUB,XX,gold_usd,1918-05-31,18.99,2026-10-07T00:00:00
XX.gold_usd.LBMA_DATAHUB,XX,gold_usd,1918-06-30,18.99,2026-10-07T00:00:00
XX.gold_usd.LBMA_DATAHUB,XX,gold_usd,1918-07-31,18.99,2026-10-07T00:00:00
XX.gold_usd.LBMA_DATAHUB,XX,gold_usd,1918-08-31,18.99,2026-10-07T00:00:00
XX.gold_usd.LBMA_DATAHUB,XX,gold_usd,1918-09-30,18.99,2026-10-07T00:00:00
XX.gold_usd.LBMA_DATAHUB,XX,gold_usd,1918-10-31,18.99,2026-10-07T00:00:00
XX.gold_usd.LBMA_DATAHUB,XX,gold_usd,1918-11-30,18.99,2026-10-07T00:00:00
XX.gold_usd.LBMA_DATAHUB,XX,gold_usd,1918-12-31,18.99,2026-10-07T00:00:00
XX.gold_usd.LBMA_DATAHUB,XX,gold_usd,1919-01-31,19.95,2026-10-07T00:00:00
XX.gold_usd.LBMA_DATAHUB,XX,gold_usd,1919-02-28,19.95,2026-10-07T00:00:00
XX.gold_usd.LBMA_DATAHUB,XX,gold_usd,1919-03-31,19.95,2026-10-07T00:00:00
XX.gold_usd.LBMA_DATAHUB,XX,gold_usd,1919-04-30,19.95,2026-10-07T00:00:00
XX.gold_usd.LBMA_DATAHUB,XX,gold_usd,1919-05-31,19.95,2026-10-07T00:00:00
XX.gold_usd.LBMA_DATAHUB,XX,gold_usd,1919-06-30,19.95,2026-10-07T00:00:00
XX.gold_usd.LBMA_DATAHUB,XX,gold_usd,1919-07-31,19.95,2026-10-07T00:00:00
XX.gold_usd.LBMA_DATAHUB,XX,gold_usd,1919-08-31,19.95,2026-10-07T00:00:00
XX.gold_usd.LBMA_DATAHUB,XX,gold_usd,1919-09-30,19.95,2026-10-07T00:00:00
XX.gold_usd.LBMA_DATAHUB,XX,gold_usd,1919-10-31,19.95,2026-10-07T00:00:00
XX.gold_usd.LBMA_DATAHUB,XX,gold_usd,1919-11-30,19.95,2026-10-07T00:00:00
XX.gold_usd.LBMA_DATAHUB,XX,gold_usd,1919-12-31,19.95,2026-10-07T00:00:00
XX.gold_usd.LBMA_DATAHUB,XX,gold_usd,1920-01-31,20.68,2026-10-07T00:00:00
XX.gold_usd.LBMA_DATAHUB,XX,gold_usd,1920-02-29,20.68,2026-10-07T00:00:00
XX.gold_usd.LBMA_DATAHUB,XX,gold_usd,1920-03-31,20.68,2026-10-07T00:00:00
XX.gold_usd.LBMA_DATAHUB,XX,gold_usd,1920-04-30,20.68,2026-10-07T00:00:00
XX.gold_usd.LBMA_DATAHUB,XX,gold_usd,1920-05-31,20.68,2026-10-07T00:00:00
XX.gold_usd.LBMA_DATAHUB,XX,gold_usd,1920-06-30,20.68,2026-10-07T00:00:00
XX.gold_usd.LBMA_DATAHUB,XX,gold_usd,1920-07-31,20.68,2026-10-07T00:00:00
XX.gold_usd.LBMA_DATAHUB,XX,gold_usd,1920-08-31,20.68,2026-10-07T00:00:00
XX.gold_usd.LBMA_DATAHUB,XX,gold_usd,1920-09-30,20.68,2026-10-07T00:00:00
XX.gold_usd.LBMA_DATAHUB,XX,gold_usd,1920-10-31,20.68,2026-10-07T00:00:00
XX.gold_usd.LBMA_DATAHUB,XX,gold_usd,1920-11-30,20.68,2026-10-07T00:00:00
XX.gold_usd.LBMA_DATAHUB,XX,gold_usd,1920-12-31,20.68,2026-10-07T00:00:00
XX.gold_usd.LBMA_DATAHUB,XX,gold_usd,1921-01-31,20.58,2026-10-07T00:00:00
XX.gold_usd.LBMA_DATAHUB,XX,gold_usd,1921-02-28,20.58,2026-10-07T00:00:00
XX.gold_usd.LBMA_DATAHUB,XX,gold_usd,1921-03-31,20.58,2026-10-07T00:00:00
XX.gold_usd.LBMA_DATAHUB,XX,gold_usd,1921-04-30,20.58,2026-10-07T00:00:00
XX.gold_usd.LBMA_DATAHUB,XX,gold_usd,1921-05-31,20.58,2026-10-07T00:00:00
XX.gold_usd.LBMA_DATAHUB,XX,gold_usd,1921-06-30,20.58,2026-10-07T00:00:00
XX.gold_usd.LBMA_DATAHUB,XX,gold_usd,1921-07-31,20.58,2026-10-07T00:00:00
XX.gold_usd.LBMA_DATAHUB,XX,gold_usd,1921-08-31,20.58,2026-10-07T00:00:00
XX.gold_usd.LBMA_DATAHUB,XX,gold_usd,1921-09-30,20.58,2026-10-07T00:00:00
XX.gold_usd.LBMA_DATAHUB,XX,gold_usd,1921-10-31,20.58,2026-10-07T00:00:00
XX.gold_usd.LBMA_DATAHUB,XX,gold_usd,1921-11-30,20.58,2026-10-07T00:00:00
XX.gold_usd.LBMA_DATAHUB,XX,gold_usd,1921-12-31,20.58,2026-10-07T00:00:00
XX.gold_usd.LBMA_DATAHUB,XX,gold_usd,1922-01-31,20.66,2026-10-07T00:00:00
XX.gold_usd.LBMA_DATAHUB,XX,gold_usd,1922-02-28,20.66,2026-10-07T00:00:00
XX.gold_usd.LBMA_DATAHUB,XX,gold_usd,1922-03-31,20.66,2026-10-07T00:00:00
XX.gold_usd.LBMA_DATAHUB,XX,gold_usd,1922-04-30,20.66,2026-10-07T00:00:00
XX.gold_usd.LBMA_DATAHUB,XX,gold_usd,1922-05-31,20.66,2026-10-07T00:00:00
XX.gold_usd.LBMA_DATAHUB,XX,gold_usd,1922-06-30,20.66,2026-10-07T00:00:00
XX.gold_usd.LBMA_DATAHUB,XX,gold_usd,1922-07-31,20.66,2026-10-07T00:00:00
XX.gold_usd.LBMA_DATAHUB,XX,gold_usd,1922-08-31,20.66,2026-10-07T00:00:00
XX.gold_usd.LBMA_DATAHUB,XX,gold_usd,1922-09-30,20.66,2026-10-07T00:00:00
XX.gold_usd.LBMA_DATAHUB,XX,gold_usd,1922-10-31,20.66,2026-10-07T00:00:00
XX.gold_usd.LBMA_DATAHUB,XX,gold_usd,1922-11-30,20.66,2026-10-07T00:00:00
XX.gold_usd.LBMA_DATAHUB,XX,gold_usd,1922-12-31,20.66,2026-10-07T00:00:00
XX.gold_usd.LBMA_DATAHUB,XX,gold_usd,1923-01-31,21.32,2026-10-07T00:00:00
XX.gold_usd.LBMA_DATAHUB,XX,gold_usd,1923-02-28,21.32,2026-10-07T00:00:00
XX.gold_usd.LBMA_DATAHUB,XX,gold_usd,1923-03-31,21.32,2026-10-07T00:00:00
XX.gold_usd.LBMA_DATAHUB,XX,gold_usd,1923-04-30,21.32,2026-10-07T00:00:00
XX.gold_usd.LBMA_DATAHUB,XX,gold_usd,1923-05-31,21.32,2026-10-07T00:00:00
XX.gold_usd.LBMA_DATAHUB,XX,gold_usd,1923-06-30,21.32,2026-10-07T00:00:00
XX.gold_usd.LBMA_DATAHUB,XX,gold_usd,1923-07-31,21.32,2026-10-07T00:00:00
XX.gold_usd.LBMA_DATAHUB,XX,gold_usd,1923-08-31,21.32,2026-10-07T00:00:00
XX.gold_usd.LBMA_DATAHUB,XX,gold_usd,1923-09-30,21.32,2026-10-07T00:00:00
XX.gold_usd.LBMA_DATAHUB,XX,gold_usd,1923-10-31,21.32,2026-10-07T00:00:00
XX.gold_usd.LBMA_DATAHUB,XX,gold_usd,1923-11-30,21.32,2026-10-07T00:00:00
XX.gold_usd.LBMA_DATAHUB,XX,gold_usd,1923-12-31,21.32,2026-10-07T00:00:00
XX.gold_usd.LBMA_DATAHUB,XX,gold_usd,1924-01-31,20.69,2026-10-07T00:00:00
XX.gold_usd.LBMA_DATAHUB,XX,gold_usd,1924-02-29,20.69,2026-10-07T00:00:00
XX.gold_usd.LBMA_DATAHUB,XX,gold_usd,1924-03-31,20.69,2026-10-07T00:00:00
XX.gold_usd.LBMA_DATAHUB,XX,gold_usd,1924-04-30,20.69,2026-10-07T00:00:00
XX.gold_usd.LBMA_DATAHUB,XX,gold_usd,1924-05-31,20.69,2026-10-07T00:00:00
XX.gold_usd.LBMA_DATAHUB,XX,gold_usd,1924-06-30,20.69,2026-10-07T00:00:00
XX.gold_usd.LBMA_DATAHUB,XX,gold_usd,1924-07-31,20.69,2026-10-07T00:00:00
XX.gold_usd.LBMA_DATAHUB,XX,gold_usd,1924-08-31,20.69,2026-10-07T00:00:00
XX.gold_usd.LBMA_DATAHUB,XX,gold_usd,1924-09-30,20.69,2026-10-07T00:00:00
XX.gold_usd.LBMA_DATAHUB,XX,gold_usd,1924-10-31,20.69,2026-10-07T00:00:00
XX.gold_usd.LBMA_DATAHUB,XX,gold_usd,1924-11-30,20.69,2026-10-07T00:00:00
XX.gold_usd.LBMA_DATAHUB,XX,gold_usd,1924-12-31,20.69,2026-10-07T00:00:00
XX.gold_usd.LBMA_DATAHUB,XX,gold_usd,1925-01-31,20.64,2026-10-07T00:00:00
XX.gold_usd.LBMA_DATAHUB,XX,gold_usd,1925-02-28,20.64,2026-10-07T00:00:00
XX.gold_usd.LBMA_DATAHUB,XX,gold_usd,1925-03-31,20.64,2026-10-07T00:00:00
XX.gold_usd.LBMA_DATAHUB,XX,gold_usd,1925-04-30,20.64,2026-10-07T00:00:00
XX.gold_usd.LBMA_DATAHUB,XX,gold_usd,1925-05-31,20.64,2026-10-07T00:00:00
XX.gold_usd.LBMA_DATAHUB,XX,gold_usd,1925-06-30,20.64,2026-10-07T00:00:00
XX.gold_usd.LBMA_DATAHUB,XX,gold_usd,1925-07-31,20.64,2026-10-07T00:00:00
XX.gold_usd.LBMA_DATAHUB,XX,gold_usd,1925-08-31,20.64,2026-10-07T00:00:00
XX.gold_usd.LBMA_DATAHUB,XX,gold_usd,1925-09-30,20.64,2026-10-07T00:00:00
XX.gold_usd.LBMA_DATAHUB,XX,gold_usd,1925-10-31,20.64,2026-10-07T00:00:00
XX.gold_usd.LBMA_DATAHUB,XX,gold_usd,1925-11-30,20.64,2026-10-07T00:00:00
XX.gold_usd.LBMA_DATAHUB,XX,gold_usd,1925-12-31,20.64,2026-10-07T00:00:00
XX.gold_usd.LBMA_DATAHUB,XX,gold_usd,1926-01-31,20.63,2026-10-07T00:00:00
XX.gold_usd.LBMA_DATAHUB,XX,gold_usd,1926-02-28,20.63,2026-10-07T00:00:00
XX.gold_usd.LBMA_DATAHUB,XX,gold_usd,1926-03-31,20.63,2026-10-07T00:00:00
XX.gold_usd.LBMA_DATAHUB,XX,gold_usd,1926-04-30,20.63,2026-10-07T00:00:00
XX.gold_usd.LBMA_DATAHUB,XX,gold_usd,1926-05-31,20.63,2026-10-07T00:00:00
XX.gold_usd.LBMA_DATAHUB,XX,gold_usd,1926-06-30,20.63,2026-10-07T00:00:00
XX.gold_usd.LBMA_DATAHUB,XX,gold_usd,1926-07-31,20.63,2026-10-07T00:00:00
XX.gold_usd.LBMA_DATAHUB,XX,gold_usd,1926-08-31,20.63,2026-10-07T00:00:00
XX.gold_usd.LBMA_DATAHUB,XX,gold_usd,1926-09-30,20.63,2026-10-07T00:00:00
XX.gold_usd.LBMA_DATAHUB,XX,gold_usd,1926-10-31,20.63,2026-10-07T00:00:00
XX.gold_usd.LBMA_DATAHUB,XX,gold_usd,1926-11-30,20.63,2026-10-07T00:00:00
XX.gold_usd.LBMA_DATAHUB,XX,gold_usd,1926-12-31,20.63,2026-10-07T00:00:00
XX.gold_usd.LBMA_DATAHUB,XX,gold_usd,1927-01-31,20.64,2026-10-07T00:00:00
XX.gold_usd.LBMA_DATAHUB,XX,gold_usd,1927-02-28,20.64,2026-10-07T00:00:00
XX.gold_usd.LBMA_DATAHUB,XX,gold_usd,1927-03-31,20.64,2026-10-07T00:00:00
XX.gold_usd.LBMA_DATAHUB,XX,gold_usd,1927-04-30,20.64,2026-10-07T00:00:00
XX.gold_usd.LBMA_DATAHUB,XX,gold_usd,1927-05-31,20.64,2026-10-07T00:00:00
XX.gold_usd.LBMA_DATAHUB,XX,gold_usd,1927-06-30,20.64,2026-10-07T00:00:00
XX.gold_usd.LBMA_DATAHUB,XX,gold_usd,1927-07-31,20.64,2026-10-07T00:00:00
XX.gold_usd.LBMA_DATAHUB,XX,gold_usd,1927-08-31,20.64,2026-10-07T00:00:00
XX.gold_usd.LBMA_DATAHUB,XX,gold_usd,1927-09-30,20.64,2026-10-07T00:00:00
XX.gold_usd.LBMA_DATAHUB,XX,gold_usd,1927-10-31,20.64,2026-10-07T00:00:00
XX.gold_usd.LBMA_DATAHUB,XX,gold_usd,1927-11-30,20.64,2026-10-07T00:00:00
XX.gold_usd.LBMA_DATAHUB,XX,gold_usd,1927-12-31,20.64,2026-10-07T00:00:00
XX.gold_usd.LBMA_DATAHUB,XX,gold_usd,1928-01-31,20.66,2026-10-07T00:00:00
XX.gold_usd.LBMA_DATAHUB,XX,gold_usd,1928-02-29,20.66,2026-10-07T00:00:00
XX.gold_usd.LBMA_DATAHUB,XX,gold_usd,1928-03-31,20.66,2026-10-07T00:00:00
XX.gold_usd.LBMA_DATAHUB,XX,gold_usd,1928-04-30,20.66,2026-10-07T00:00:00
XX.gold_usd.LBMA_DATAHUB,XX,gold_usd,1928-05-31,20.66,2026-10-07T00:00:00
XX.gold_usd.LBMA_DATAHUB,XX,gold_usd,1928-06-30,20.66,2026-10-07T00:00:00
XX.gold_usd.LBMA_DATAHUB,XX,gold_usd,1928-07-31,20.66,2026-10-07T00:00:00
XX.gold_usd.LBMA_DATAHUB,XX,gold_usd,1928-08-31,20.66,2026-10-07T00:00:00
XX.gold_usd.LBMA_DATAHUB,XX,gold_usd,1928-09-30,20.66,2026-10-07T00:00:00
XX.gold_usd.LBMA_DATAHUB,XX,gold_usd,1928-10-31,20.66,2026-10-07T00:00:00
XX.gold_usd.LBMA_DATAHUB,XX,gold_usd,1928-11-30,20.66,2026-10-07T00:00:00
XX.gold_usd.LBMA_DATAHUB,XX,gold_usd,1928-12-31,20.66,2026-10-07T00:00:00
XX.gold_usd.LBMA_DATAHUB,XX,gold_usd,1929-01-31,20.63,2026-10-07T00:00:00
XX.gold_usd.LBMA_DATAHUB,XX,gold_usd,1929-02-28,20.63,2026-10-07T00:00:00
XX.gold_usd.LBMA_DATAHUB,XX,gold_usd,1929-03-31,20.63,2026-10-07T00:00:00
XX.gold_usd.LBMA_DATAHUB,XX,gold_usd,1929-04-30,20.63,2026-10-07T00:00:00
XX.gold_usd.LBMA_DATAHUB,XX,gold_usd,1929-05-31,20.63,2026-10-07T00:00:00
XX.gold_usd.LBMA_DATAHUB,XX,gold_usd,1929-06-30,20.63,2026-10-07T00:00:00
XX.gold_usd.LBMA_DATAHUB,XX,gold_usd,1929-07-31,20.63,2026-10-07T00:00:00
XX.gold_usd.LBMA_DATAHUB,XX,gold_usd,1929-08-31,20.63,2026-10-07T00:00:00
XX.gold_usd.LBMA_DATAHUB,XX,gold_usd,1929-09-30,20.63,2026-10-07T00:00:00
XX.gold_usd.LBMA_DATAHUB,XX,gold_usd,1929-10-31,20.63,2026-10-07T00:00:00
XX.gold_usd.LBMA_DATAHUB,XX,gold_usd,1929-11-30,20.63,2026-10-07T00:00:00
XX.gold_usd.LBMA_DATAHUB,XX,gold_usd,1929-12-31,20.63,2026-10-07T00:00:00
XX.gold_usd.LBMA_DATAHUB,XX,gold_usd,1930-01-31,20.65,2026-10-07T00:00:00
XX.gold_usd.LBMA_DATAHUB,XX,gold_usd,1930-02-28,20.65,2026-10-07T00:00:00
XX.gold_usd.LBMA_DATAHUB,XX,gold_usd,1930-03-31,20.65,2026-10-07T00:00:00
XX.gold_usd.LBMA_DATAHUB,XX,gold_usd,1930-04-30,20.65,2026-10-07T00:00:00
XX.gold_usd.LBMA_DATAHUB,XX,gold_usd,1930-05-31,20.65,2026-10-07T00:00:00
XX.gold_usd.LBMA_DATAHUB,XX,gold_usd,1930-06-30,20.65,2026-10-07T00:00:00
XX.gold_usd.LBMA_DATAHUB,XX,gold_usd,1930-07-31,20.65,2026-10-07T00:00:00
XX.gold_usd.LBMA_DATAHUB,XX,gold_usd,1930-08-31,20.65,2026-10-07T00:00:00
XX.gold_usd.LBMA_DATAHUB,XX,gold_usd,1930-09-30,20.65,2026-10-07T00:00:00
XX.gold_usd.LBMA_DATAHUB,XX,gold_usd,1930-10-31,20.65,2026-10-07T00:00:00
XX.gold_usd.LBMA_DATAHUB,XX,gold_usd,1930-11-30,20.65,2026-10-07T00:00:00
XX.gold_usd.LBMA_DATAHUB,XX,gold_usd,1930-12-31,20.65,2026-10-07T00:00:00
XX.gold_usd.LBMA_DATAHUB,XX,gold_usd,1931-01-31,17.06,2026-10-07T00:00:00
XX.gold_usd.LBMA_DATAHUB,XX,gold_usd,1931-02-28,17.06,2026-10-07T00:00:00
XX.gold_usd.LBMA_DATAHUB,XX,gold_usd,1931-03-31,17.06,2026-10-07T00:00:00
XX.gold_usd.LBMA_DATAHUB,XX,gold_usd,1931-04-30,17.06,2026-10-07T00:00:00
XX.gold_usd.LBMA_DATAHUB,XX,gold_usd,1931-05-31,17.06,2026-10-07T00:00:00
XX.gold_usd.LBMA_DATAHUB,XX,gold_usd,1931-06-30,17.06,2026-10-07T00:00:00
XX.gold_usd.LBMA_DATAHUB,XX,gold_usd,1931-07-31,17.06,2026-10-07T00:00:00
XX.gold_usd.LBMA_DATAHUB,XX,gold_usd,1931-08-31,17.06,2026-10-07T00:00:00
XX.gold_usd.LBMA_DATAHUB,XX,gold_usd,1931-09-30,17.06,2026-10-07T00:00:00
XX.gold_usd.LBMA_DATAHUB,XX,gold_usd,1931-10-31,17.06,2026-10-07T00:00:00
XX.gold_usd.LBMA_DATAHUB,XX,gold_usd,1931-11-30,17.06,2026-10-07T00:00:00
XX.gold_usd.LBMA_DATAHUB,XX,gold_usd,1931-12-31,17.06,2026-10-07T00:00:00
XX.gold_usd.LBMA_DATAHUB,XX,gold_usd,1932-01-31,20.69,2026-10-07T00:00:00
XX.gold_usd.LBMA_DATAHUB,XX,gold_usd,1932-02-29,20.69,2026-10-07T00:00:00
XX.gold_usd.LBMA_DATAHUB,XX,gold_usd,1932-03-31,20.69,2026-10-07T00:00:00
XX.gold_usd.LBMA_DATAHUB,XX,gold_usd,1932-04-30,20.69,2026-10-07T00:00:00
XX.gold_usd.LBMA_DATAHUB,XX,gold_usd,1932-05-31,20.69,2026-10-07T00:00:00
XX.gold_usd.LBMA_DATAHUB,XX,gold_usd,1932-06-30,20.69,2026-10-07T00:00:00
XX.gold_usd.LBMA_DATAHUB,XX,gold_usd,1932-07-31,20.69,2026-10-07T00:00:00
XX.gold_usd.LBMA_DATAHUB,XX,gold_usd,1932-08-31,20.69,2026-10-07T00:00:00
XX.gold_usd.LBMA_DATAHUB,XX,gold_usd,1932-09-30,20.69,2026-10-07T00:00:00
XX.gold_usd.LBMA_DATAHUB,XX,gold_usd,1932-10-31,20.69,2026-10-07T00:00:00
XX.gold_usd.LBMA_DATAHUB,XX,gold_usd,1932-11-30,20.69,2026-10-07T00:00:00
XX.gold_usd.LBMA_DATAHUB,XX,gold_usd,1932-12-31,20.69,2026-10-07T00:00:00
XX.gold_usd.LBMA_DATAHUB,XX,gold_usd,1933-01-31,26.33,2026-10-07T00:00:00
XX.gold_usd.LBMA_DATAHUB,XX,gold_usd,1933-02-28,26.33,2026-10-07T00:00:00
XX.gold_usd.LBMA_DATAHUB,XX,gold_usd,1933-03-31,26.33,2026-10-07T00:00:00
XX.gold_usd.LBMA_DATAHUB,XX,gold_usd,1933-04-30,26.33,2026-10-07T00:00:00
XX.gold_usd.LBMA_DATAHUB,XX,gold_usd,1933-05-31,26.33,2026-10-07T00:00:00
XX.gold_usd.LBMA_DATAHUB,XX,gold_usd,1933-06-30,26.33,2026-10-07T00:00:00
XX.gold_usd.LBMA_DATAHUB,XX,gold_usd,1933-07-31,26.33,2026-10-07T00:00:00
XX.gold_usd.LBMA_DATAHUB,XX,gold_usd,1933-08-31,26.33,2026-10-07T00:00:00
XX.gold_usd.LBMA_DATAHUB,XX,gold_usd,1933-09-30,26.33,2026-10-07T00:00:00
XX.gold_usd.LBMA_DATAHUB,XX,gold_usd,1933-10-31,26.33,2026-10-07T00:00:00
XX.gold_usd.LBMA_DATAHUB,XX,gold_usd,1933-11-30,26.33,2026-10-07T00:00:00
XX.gold_usd.LBMA_DATAHUB,XX,gold_usd,1933-12-31,26.33,2026-10-07T00:00:00
XX.gold_usd.LBMA_DATAHUB,XX,gold_usd,1934-01-31,34.69,2026-10-07T00:00:00
XX.gold_usd.LBMA_DATAHUB,XX,gold_usd,1934-02-28,34.69,2026-10-07T00:00:00
XX.gold_usd.LBMA_DATAHUB,XX,gold_usd,1934-03-31,34.69,2026-10-07T00:00:00
XX.gold_usd.LBMA_DATAHUB,XX,gold_usd,1934-04-30,34.69,2026-10-07T00:00:00
XX.gold_usd.LBMA_DATAHUB,XX,gold_usd,1934-05-31,34.69,2026-10-07T00:00:00
XX.gold_usd.LBMA_DATAHUB,XX,gold_usd,1934-06-30,34.69,2026-10-07T00:00:00
XX.gold_usd.LBMA_DATAHUB,XX,gold_usd,1934-07-31,34.69,2026-10-07T00:00:00
XX.gold_usd.LBMA_DATAHUB,XX,gold_usd,1934-08-31,34.69,2026-10-07T00:00:00
XX.gold_usd.LBMA_DATAHUB,XX,gold_usd,1934-09-30,34.69,2026-10-07T00:00:00
XX.gold_usd.LBMA_DATAHUB,XX,gold_usd,1934-10-31,34.69,2026-10-07T00:00:00
XX.gold_usd.LBMA_DATAHUB,XX,gold_usd,1934-11-30,34.69,2026-10-07T00:00:00
XX.gold_usd.LBMA_DATAHUB,XX,gold_usd,1934-12-31,34.69,2026-10-07T00:00:00
XX.gold_usd.LBMA_DATAHUB,XX,gold_usd,1935-01-31,34.84,2026-10-07T00:00:00
XX.gold_usd.LBMA_DATAHUB,XX,gold_usd,1935-02-28,34.84,2026-10-07T00:00:00
XX.gold_usd.LBMA_DATAHUB,XX,gold_usd,1935-03-31,34.84,2026-10-07T00:00:00
XX.gold_usd.LBMA_DATAHUB,XX,gold_usd,1935-04-30,34.84,2026-10-07T00:00:00
XX.gold_usd.LBMA_DATAHUB,XX,gold_usd,1935-05-31,34.84,2026-10-07T00:00:00
XX.gold_usd.LBMA_DATAHUB,XX,gold_usd,1935-06-30,34.84,2026-10-07T00:00:00
XX.gold_usd.LBMA_DATAHUB,XX,gold_usd,1935-07-31,34.84,2026-10-07T00:00:00
XX.gold_usd.LBMA_DATAHUB,XX,gold_usd,1935-08-31,34.84,2026-10-07T00:00:00
XX.gold_usd.LBMA_DATAHUB,XX,gold_usd,1935-09-30,34.84,2026-10-07T00:00:00
XX.gold_usd.LBMA_DATAHUB,XX,gold_usd,1935-10-31,34.84,2026-10-07T00:00:00
XX.gold_usd.LBMA_DATAHUB,XX,gold_usd,1935-11-30,34.84,2026-10-07T00:00:00
XX.gold_usd.LBMA_DATAHUB,XX,gold_usd,1935-12-31,34.84,2026-10-07T00:00:00
XX.gold_usd.LBMA_DATAHUB,XX,gold_usd,1936-01-31,34.87,2026-10-07T00:00:00
XX.gold_usd.LBMA_DATAHUB,XX,gold_usd,1936-02-29,34.87,2026-10-07T00:00:00
XX.gold_usd.LBMA_DATAHUB,XX,gold_usd,1936-03-31,34.87,2026-10-07T00:00:00
XX.gold_usd.LBMA_DATAHUB,XX,gold_usd,1936-04-30,34.87,2026-10-07T00:00:00
XX.gold_usd.LBMA_DATAHUB,XX,gold_usd,1936-05-31,34.87,2026-10-07T00:00:00
XX.gold_usd.LBMA_DATAHUB,XX,gold_usd,1936-06-30,34.87,2026-10-07T00:00:00
XX.gold_usd.LBMA_DATAHUB,XX,gold_usd,1936-07-31,34.87,2026-10-07T00:00:00
XX.gold_usd.LBMA_DATAHUB,XX,gold_usd,1936-08-31,34.87,2026-10-07T00:00:00
XX.gold_usd.LBMA_DATAHUB,XX,gold_usd,1936-09-30,34.87,2026-10-07T00:00:00
XX.gold_usd.LBMA_DATAHUB,XX,gold_usd,1936-10-31,34.87,2026-10-07T00:00:00
XX.gold_usd.LBMA_DATAHUB,XX,gold_usd,1936-11-30,34.87,2026-10-07T00:00:00
XX.gold_usd.LBMA_DATAHUB,XX,gold_usd,1936-12-31,34.87,2026-10-07T00:00:00
XX.gold_usd.LBMA_DATAHUB,XX,gold_usd,1937-01-31,34.79,2026-10-07T00:00:00
XX.gold_usd.LBMA_DATAHUB,XX,gold_usd,1937-02-28,34.79,2026-10-07T00:00:00
XX.gold_usd.LBMA_DATAHUB,XX,gold_usd,1937-03-31,34.79,2026-10-07T00:00:00
XX.gold_usd.LBMA_DATAHUB,XX,gold_usd,1937-04-30,34.79,2026-10-07T00:00:00
XX.gold_usd.LBMA_DATAHUB,XX,gold_usd,1937-05-31,34.79,2026-10-07T00:00:00
XX.gold_usd.LBMA_DATAHUB,XX,gold_usd,1937-06-30,34.79,2026-10-07T00:00:00
XX.gold_usd.LBMA_DATAHUB,XX,gold_usd,1937-07-31,34.79,2026-10-07T00:00:00
XX.gold_usd.LBMA_DATAHUB,XX,gold_usd,1937-08-31,34.79,2026-10-07T00:00:00
XX.gold_usd.LBMA_DATAHUB,XX,gold_usd,1937-09-30,34.79,2026-10-07T00:00:00
XX.gold_usd.LBMA_DATAHUB,XX,gold_usd,1937-10-31,34.79,2026-10-07T00:00:00
XX.gold_usd.LBMA_DATAHUB,XX,gold_usd,1937-11-30,34.79,2026-10-07T00:00:00
XX.gold_usd.LBMA_DATAHUB,XX,gold_usd,1937-12-31,34.79,2026-10-07T00:00:00
XX.gold_usd.LBMA_DATAHUB,XX,gold_usd,1938-01-31,34.85,2026-10-07T00:00:00
XX.gold_usd.LBMA_DATAHUB,XX,gold_usd,1938-02-28,34.85,2026-10-07T00:00:00
XX.gold_usd.LBMA_DATAHUB,XX,gold_usd,1938-03-31,34.85,2026-10-07T00:00:00
XX.gold_usd.LBMA_DATAHUB,XX,gold_usd,1938-04-30,34.85,2026-10-07T00:00:00
XX.gold_usd.LBMA_DATAHUB,XX,gold_usd,1938-05-31,34.85,2026-10-07T00:00:00
XX.gold_usd.LBMA_DATAHUB,XX,gold_usd,1938-06-30,34.85,2026-10-07T00:00:00
XX.gold_usd.LBMA_DATAHUB,XX,gold_usd,1938-07-31,34.85,2026-10-07T00:00:00
XX.gold_usd.LBMA_DATAHUB,XX,gold_usd,1938-08-31,34.85,2026-10-07T00:00:00
XX.gold_usd.LBMA_DATAHUB,XX,gold_usd,1938-09-30,34.85,2026-10-07T00:00:00
XX.gold_usd.LBMA_DATAHUB,XX,gold_usd,1938-10-31,34.85,2026-10-07T00:00:00
XX.gold_usd.LBMA_DATAHUB,XX,gold_usd,1938-11-30,34.85,2026-10-07T00:00:00
XX.gold_usd.LBMA_DATAHUB,XX,gold_usd,1938-12-31,34.85,2026-10-07T00:00:00
XX.gold_usd.LBMA_DATAHUB,XX,gold_usd,1939-01-31,34.42,2026-10-07T00:00:00
XX.gold_usd.LBMA_DATAHUB,XX,gold_usd,1939-02-28,34.42,2026-10-07T00:00:00
XX.gold_usd.LBMA_DATAHUB,XX,gold_usd,1939-03-31,34.42,2026-10-07T00:00:00
XX.gold_usd.LBMA_DATAHUB,XX,gold_usd,1939-04-30,34.42,2026-10-07T00:00:00
XX.gold_usd.LBMA_DATAHUB,XX,gold_usd,1939-05-31,34.42,2026-10-07T00:00:00
XX.gold_usd.LBMA_DATAHUB,XX,gold_usd,1939-06-30,34.42,2026-10-07T00:00:00
XX.gold_usd.LBMA_DATAHUB,XX,gold_usd,1939-07-31,34.42,2026-10-07T00:00:00
XX.gold_usd.LBMA_DATAHUB,XX,gold_usd,1939-08-31,34.42,2026-10-07T00:00:00
XX.gold_usd.LBMA_DATAHUB,XX,gold_usd,1939-09-30,34.42,2026-10-07T00:00:00
XX.gold_usd.LBMA_DATAHUB,XX,gold_usd,1939-10-31,34.42,2026-10-07T00:00:00
XX.gold_usd.LBMA_DATAHUB,XX,gold_usd,1939-11-30,34.42,2026-10-07T00:00:00
XX.gold_usd.LBMA_DATAHUB,XX,gold_usd,1939-12-31,34.42,2026-10-07T00:00:00
XX.gold_usd.LBMA_DATAHUB,XX,gold_usd,1940-01-31,33.85,2026-10-07T00:00:00
XX.gold_usd.LBMA_DATAHUB,XX,gold_usd,1940-02-29,33.85,2026-10-07T00:00:00
XX.gold_usd.LBMA_DATAHUB,XX,gold_usd,1940-03-31,33.85,2026-10-07T00:00:00
XX.gold_usd.LBMA_DATAHUB,XX,gold_usd,1940-04-30,33.85,2026-10-07T00:00:00
XX.gold_usd.LBMA_DATAHUB,XX,gold_usd,1940-05-31,33.85,2026-10-07T00:00:00
XX.gold_usd.LBMA_DATAHUB,XX,gold_usd,1940-06-30,33.85,2026-10-07T00:00:00
XX.gold_usd.LBMA_DATAHUB,XX,gold_usd,1940-07-31,33.85,2026-10-07T00:00:00
XX.gold_usd.LBMA_DATAHUB,XX,gold_usd,1940-08-31,33.85,2026-10-07T00:00:00
XX.gold_usd.LBMA_DATAHUB,XX,gold_usd,1940-09-30,33.85,2026-10-07T00:00:00
XX.gold_usd.LBMA_DATAHUB,XX,gold_usd,1940-10-31,33.85,2026-10-07T00:00:00
XX.gold_usd.LBMA_DATAHUB,XX,gold_usd,1940-11-30,33.85,2026-10-07T00:00:00
XX.gold_usd.LBMA_DATAHUB,XX,gold_usd,1940-12-31,33.85,2026-10-07T00:00:00
XX.gold_usd.LBMA_DATAHUB,XX,gold_usd,1941-01-31,33.85,2026-10-07T00:00:00
XX.gold_usd.LBMA_DATAHUB,XX,gold_usd,1941-02-28,33.85,2026-10-07T00:00:00
XX.gold_usd.LBMA_DATAHUB,XX,gold_usd,1941-03-31,33.85,2026-10-07T00:00:00
XX.gold_usd.LBMA_DATAHUB,XX,gold_usd,1941-04-30,33.85,2026-10-07T00:00:00
XX.gold_usd.LBMA_DATAHUB,XX,gold_usd,1941-05-31,33.85,2026-10-07T00:00:00
XX.gold_usd.LBMA_DATAHUB,XX,gold_usd,1941-06-30,33.85,2026-10-07T00:00:00
XX.gold_usd.LBMA_DATAHUB,XX,gold_usd,1941-07-31,33.85,2026-10-07T00:00:00
XX.gold_usd.LBMA_DATAHUB,XX,gold_usd,1941-08-31,33.85,2026-10-07T00:00:00
XX.gold_usd.LBMA_DATAHUB,XX,gold_usd,1941-09-30,33.85,2026-10-07T00:00:00
XX.gold_usd.LBMA_DATAHUB,XX,gold_usd,1941-10-31,33.85,2026-10-07T00:00:00
XX.gold_usd.LBMA_DATAHUB,XX,gold_usd,1941-11-30,33.85,2026-10-07T00:00:00
XX.gold_usd.LBMA_DATAHUB,XX,gold_usd,1941-12-31,33.85,2026-10-07T00:00:00
XX.gold_usd.LBMA_DATAHUB,XX,gold_usd,1942-01-31,33.85,2026-10-07T00:00:00
XX.gold_usd.LBMA_DATAHUB,XX,gold_usd,1942-02-28,33.85,2026-10-07T00:00:00
XX.gold_usd.LBMA_DATAHUB,XX,gold_usd,1942-03-31,33.85,2026-10-07T00:00:00
XX.gold_usd.LBMA_DATAHUB,XX,gold_usd,1942-04-30,33.85,2026-10-07T00:00:00
XX.gold_usd.LBMA_DATAHUB,XX,gold_usd,1942-05-31,33.85,2026-10-07T00:00:00
XX.gold_usd.LBMA_DATAHUB,XX,gold_usd,1942-06-30,33.85,2026-10-07T00:00:00
XX.gold_usd.LBMA_DATAHUB,XX,gold_usd,1942-07-31,33.85,2026-10-07T00:00:00
XX.gold_usd.LBMA_DATAHUB,XX,gold_usd,1942-08-31,33.85,2026-10-07T00:00:00
XX.gold_usd.LBMA_DATAHUB,XX,gold_usd,1942-09-30,33.85,2026-10-07T00:00:00
XX.gold_usd.LBMA_DATAHUB,XX,gold_usd,1942-10-31,33.85,2026-10-07T00:00:00
XX.gold_usd.LBMA_DATAHUB,XX,gold_usd,1942-11-30,33.85,2026-10-07T00:00:00
XX.gold_usd.LBMA_DATAHUB,XX,gold_usd,1942-12-31,33.85,2026-10-07T00:00:00
XX.gold_usd.LBMA_DATAHUB,XX,gold_usd,1943-01-31,33.85,2026-10-07T00:00:00
XX.gold_usd.LBMA_DATAHUB,XX,gold_usd,1943-02-28,33.85,2026-10-07T00:00:00
XX.gold_usd.LBMA_DATAHUB,XX,gold_usd,1943-03-31,33.85,2026-10-07T00:00:00
XX.gold_usd.LBMA_DATAHUB,XX,gold_usd,1943-04-30,33.85,2026-10-07T00:00:00
XX.gold_usd.LBMA_DATAHUB,XX,gold_usd,1943-05-31,33.85,2026-10-07T00:00:00
XX.gold_usd.LBMA_DATAHUB,XX,gold_usd,1943-06-30,33.85,2026-10-07T00:00:00
XX.gold_usd.LBMA_DATAHUB,XX,gold_usd,1943-07-31,33.85,2026-10-07T00:00:00
XX.gold_usd.LBMA_DATAHUB,XX,gold_usd,1943-08-31,33.85,2026-10-07T00:00:00
XX.gold_usd.LBMA_DATAHUB,XX,gold_usd,1943-09-30,33.85,2026-10-07T00:00:00
XX.gold_usd.LBMA_DATAHUB,XX,gold_usd,1943-10-31,33.85,2026-10-07T00:00:00
XX.gold_usd.LBMA_DATAHUB,XX,gold_usd,1943-11-30,33.85,2026-10-07T00:00:00
XX.gold_usd.LBMA_DATAHUB,XX,gold_usd,1943-12-31,33.85,2026-10-07T00:00:00
XX.gold_usd.LBMA_DATAHUB,XX,gold_usd,1944-01-31,33.85,2026-10-07T00:00:00
XX.gold_usd.LBMA_DATAHUB,XX,gold_usd,1944-02-29,33.85,2026-10-07T00:00:00
XX.gold_usd.LBMA_DATAHUB,XX,gold_usd,1944-03-31,33.85,2026-10-07T00:00:00
XX.gold_usd.LBMA_DATAHUB,XX,gold_usd,1944-04-30,33.85,2026-10-07T00:00:00
XX.gold_usd.LBMA_DATAHUB,XX,gold_usd,1944-05-31,33.85,2026-10-07T00:00:00
XX.gold_usd.LBMA_DATAHUB,XX,gold_usd,1944-06-30,33.85,2026-10-07T00:00:00
XX.gold_usd.LBMA_DATAHUB,XX,gold_usd,1944-07-31,33.85,2026-10-07T00:00:00
XX.gold_usd.LBMA_DATAHUB,XX,gold_usd,1944-08-31,33.85,2026-10-07T00:00:00
XX.gold_usd.LBMA_DATAHUB,XX,gold_usd,1944-09-30,33.85,2026-10-07T00:00:00
XX.gold_usd.LBMA_DATAHUB,XX,gold_usd,1944-10-31,33.85,2026-10-07T00:00:00
XX.gold_usd.LBMA_DATAHUB,XX,gold_usd,1944-11-30,33.85,2026-10-07T00:00:00
XX.gold_usd.LBMA_DATAHUB,XX,gold_usd,1944-12-31,33.85,2026-10-07T00:00:00
XX.gold_usd.LBMA_DATAHUB,XX,gold_usd,1945-01-31,34.71,2026-10-07T00:00:00
XX.gold_usd.LBMA_DATAHUB,XX,gold_usd,1945-02-28,34.71,2026-10-07T00:00:00
XX.gold_usd.LBMA_DATAHUB,XX,gold_usd,1945-03-31,34.71,2026-10-07T00:00:00
XX.gold_usd.LBMA_DATAHUB,XX,gold_usd,1945-04-30,34.71,2026-10-07T00:00:00
XX.gold_usd.LBMA_DATAHUB,XX,gold_usd,1945-05-31,34.71,2026-10-07T00:00:00
XX.gold_usd.LBMA_DATAHUB,XX,gold_usd,1945-06-30,34.71,2026-10-07T00:00:00
XX.gold_usd.LBMA_DATAHUB,XX,gold_usd,1945-07-31,34.71,2026-10-07T00:00:00
XX.gold_usd.LBMA_DATAHUB,XX,gold_usd,1945-08-31,34.71,2026-10-07T00:00:00
XX.gold_usd.LBMA_DATAHUB,XX,gold_usd,1945-09-30,34.71,2026-10-07T00:00:00
XX.gold_usd.LBMA_DATAHUB,XX,gold_usd,1945-10-31,34.71,2026-10-07T00:00:00
XX.gold_usd.LBMA_DATAHUB,XX,gold_usd,1945-11-30,34.71,2026-10-07T00:00:00
XX.gold_usd.LBMA_DATAHUB,XX,gold_usd,1945-12-31,34.71,2026-10-07T00:00:00
XX.gold_usd.LBMA_DATAHUB,XX,gold_usd,1946-01-31,34.71,2026-10-07T00:00:00
XX.gold_usd.LBMA_DATAHUB,XX,gold_usd,1946-02-28,34.71,2026-10-07T00:00:00
XX.gold_usd.LBMA_DATAHUB,XX,gold_usd,1946-03-31,34.71,2026-10-07T00:00:00
XX.gold_usd.LBMA_DATAHUB,XX,gold_usd,1946-04-30,34.71,2026-10-07T00:00:00
XX.gold_usd.LBMA_DATAHUB,XX,gold_usd,1946-05-31,34.71,2026-10-07T00:00:00
XX.gold_usd.LBMA_DATAHUB,XX,gold_usd,1946-06-30,34.71,2026-10-07T00:00:00
XX.gold_usd.LBMA_DATAHUB,XX,gold_usd,1946-07-31,34.71,2026-10-07T00:00:00
XX.gold_usd.LBMA_DATAHUB,XX,gold_usd,1946-08-31,34.71,2026-10-07T00:00:00
XX.gold_usd.LBMA_DATAHUB,XX,gold_usd,1946-09-30,34.71,2026-10-07T00:00:00
XX.gold_usd.LBMA_DATAHUB,XX,gold_usd,1946-10-31,34.71,2026-10-07T00:00:00
XX.gold_usd.LBMA_DATAHUB,XX,gold_usd,1946-11-30,34.71,2026-10-07T00:00:00
XX.gold_usd.LBMA_DATAHUB,XX,gold_usd,1946-12-31,34.71,2026-10-07T00:00:00
XX.gold_usd.LBMA_DATAHUB,XX,gold_usd,1947-01-31,34.71,2026-10-07T00:00:00
XX.gold_usd.LBMA_DATAHUB,XX,gold_usd,1947-02-28,34.71,2026-10-07T00:00:00
XX.gold_usd.LBMA_DATAHUB,XX,gold_usd,1947-03-31,34.71,2026-10-07T00:00:00
XX.gold_usd.LBMA_DATAHUB,XX,gold_usd,1947-04-30,34.71,2026-10-07T00:00:00
XX.gold_usd.LBMA_DATAHUB,XX,gold_usd,1947-05-31,34.71,2026-10-07T00:00:00
XX.gold_usd.LBMA_DATAHUB,XX,gold_usd,1947-06-30,34.71,2026-10-07T00:00:00
XX.gold_usd.LBMA_DATAHUB,XX,gold_usd,1947-07-31,34.71,2026-10-07T00:00:00
XX.gold_usd.LBMA_DATAHUB,XX,gold_usd,1947-08-31,34.71,2026-10-07T00:00:00
XX.gold_usd.LBMA_DATAHUB,XX,gold_usd,1947-09-30,34.71,2026-10-07T00:00:00
XX.gold_usd.LBMA_DATAHUB,XX,gold_usd,1947-10-31,34.71,2026-10-07T00:00:00
XX.gold_usd.LBMA_DATAHUB,XX,gold_usd,1947-11-30,34.71,2026-10-07T00:00:00
XX.gold_usd.LBMA_DATAHUB,XX,gold_usd,1947-12-31,34.71,2026-10-07T00:00:00
XX.gold_usd.LBMA_DATAHUB,XX,gold_usd,1948-01-31,34.71,2026-10-07T00:00:00
XX.gold_usd.LBMA_DATAHUB,XX,gold_usd,1948-02-29,34.71,2026-10-07T00:00:00
XX.gold_usd.LBMA_DATAHUB,XX,gold_usd,1948-03-31,34.71,2026-10-07T00:00:00
XX.gold_usd.LBMA_DATAHUB,XX,gold_usd,1948-04-30,34.71,2026-10-07T00:00:00
XX.gold_usd.LBMA_DATAHUB,XX,gold_usd,1948-05-31,34.71,2026-10-07T00:00:00
XX.gold_usd.LBMA_DATAHUB,XX,gold_usd,1948-06-30,34.71,2026-10-07T00:00:00
XX.gold_usd.LBMA_DATAHUB,XX,gold_usd,1948-07-31,34.71,2026-10-07T00:00:00
XX.gold_usd.LBMA_DATAHUB,XX,gold_usd,1948-08-31,34.71,2026-10-07T00:00:00
XX.gold_usd.LBMA_DATAHUB,XX,gold_usd,1948-09-30,34.71,2026-10-07T00:00:00
XX.gold_usd.LBMA_DATAHUB,XX,gold_usd,1948-10-31,34.71,2026-10-07T00:00:00
XX.gold_usd.LBMA_DATAHUB,XX,gold_usd,1948-11-30,34.71,2026-10-07T00:00:00
XX.gold_usd.LBMA_DATAHUB,XX,gold_usd,1948-12-31,34.71,2026-10-07T00:00:00
XX.gold_usd.LBMA_DATAHUB,XX,gold_usd,1949-01-31,31.69,2026-10-07T00:00:00
XX.gold_usd.LBMA_DATAHUB,XX,gold_usd,1949-02-28,31.69,2026-10-07T00:00:00
XX.gold_usd.LBMA_DATAHUB,XX,gold_usd,1949-03-31,31.69,2026-10-07T00:00:00
XX.gold_usd.LBMA_DATAHUB,XX,gold_usd,1949-04-30,31.69,2026-10-07T00:00:00
XX.gold_usd.LBMA_DATAHUB,XX,gold_usd,1949-05-31,31.69,2026-10-07T00:00:00
XX.gold_usd.LBMA_DATAHUB,XX,gold_usd,1949-06-30,31.69,2026-10-07T00:00:00
XX.gold_usd.LBMA_DATAHUB,XX,gold_usd,1949-07-31,31.69,2026-10-07T00:00:00
XX.gold_usd.LBMA_DATAHUB,XX,gold_usd,1949-08-31,31.69,2026-10-07T00:00:00
XX.gold_usd.LBMA_DATAHUB,XX,gold_usd,1949-09-30,31.69,2026-10-07T00:00:00
XX.gold_usd.LBMA_DATAHUB,XX,gold_usd,1949-10-31,31.69,2026-10-07T00:00:00
XX.gold_usd.LBMA_DATAHUB,XX,gold_usd,1949-11-30,31.69,2026-10-07T00:00:00
XX.gold_usd.LBMA_DATAHUB,XX,gold_usd,1949-12-31,31.69,2026-10-07T00:00:00
XX.gold_usd.LBMA_DATAHUB,XX,gold_usd,1950-01-31,34.72,2026-10-07T00:00:00
XX.gold_usd.LBMA_DATAHUB,XX,gold_usd,1950-02-28,34.72,2026-10-07T00:00:00
XX.gold_usd.LBMA_DATAHUB,XX,gold_usd,1950-03-31,34.72,2026-10-07T00:00:00
XX.gold_usd.LBMA_DATAHUB,XX,gold_usd,1950-04-30,34.72,2026-10-07T00:00:00
XX.gold_usd.LBMA_DATAHUB,XX,gold_usd,1950-05-31,34.72,2026-10-07T00:00:00
XX.gold_usd.LBMA_DATAHUB,XX,gold_usd,1950-06-30,34.72,2026-10-07T00:00:00
XX.gold_usd.LBMA_DATAHUB,XX,gold_usd,1950-07-31,34.72,2026-10-07T00:00:00
XX.gold_usd.LBMA_DATAHUB,XX,gold_usd,1950-08-31,34.72,2026-10-07T00:00:00
XX.gold_usd.LBMA_DATAHUB,XX,gold_usd,1950-09-30,34.72,2026-10-07T00:00:00
XX.gold_usd.LBMA_DATAHUB,XX,gold_usd,1950-10-31,34.72,2026-10-07T00:00:00
XX.gold_usd.LBMA_DATAHUB,XX,gold_usd,1950-11-30,34.72,2026-10-07T00:00:00
XX.gold_usd.LBMA_DATAHUB,XX,gold_usd,1950-12-31,34.72,2026-10-07T00:00:00
XX.gold_usd.LBMA_DATAHUB,XX,gold_usd,1951-01-31,34.72,2026-10-07T00:00:00
XX.gold_usd.LBMA_DATAHUB,XX,gold_usd,1951-02-28,34.72,2026-10-07T00:00:00
XX.gold_usd.LBMA_DATAHUB,XX,gold_usd,1951-03-31,34.72,2026-10-07T00:00:00
XX.gold_usd.LBMA_DATAHUB,XX,gold_usd,1951-04-30,34.72,2026-10-07T00:00:00
XX.gold_usd.LBMA_DATAHUB,XX,gold_usd,1951-05-31,34.72,2026-10-07T00:00:00
XX.gold_usd.LBMA_DATAHUB,XX,gold_usd,1951-06-30,34.72,2026-10-07T00:00:00
XX.gold_usd.LBMA_DATAHUB,XX,gold_usd,1951-07-31,34.72,2026-10-07T00:00:00
XX.gold_usd.LBMA_DATAHUB,XX,gold_usd,1951-08-31,34.72,2026-10-07T00:00:00
XX.gold_usd.LBMA_DATAHUB,XX,gold_usd,1951-09-30,34.72,2026-10-07T00:00:00
XX.gold_usd.LBMA_DATAHUB,XX,gold_usd,1951-10-31,34.72,2026-10-07T00:00:00
XX.gold_usd.LBMA_DATAHUB,XX,gold_usd,1951-11-30,34.72,2026-10-07T00:00:00
XX.gold_usd.LBMA_DATAHUB,XX,gold_usd,1951-12-31,34.72,2026-10-07T00:00:00
XX.gold_usd.LBMA_DATAHUB,XX,gold_usd,1952-01-31,34.6,2026-10-07T00:00:00
XX.gold_usd.LBMA_DATAHUB,XX,gold_usd,1952-02-29,34.6,2026-10-07T00:00:00
XX.gold_usd.LBMA_DATAHUB,XX,gold_usd,1952-03-31,34.6,2026-10-07T00:00:00
XX.gold_usd.LBMA_DATAHUB,XX,gold_usd,1952-04-30,34.6,2026-10-07T00:00:00
XX.gold_usd.LBMA_DATAHUB,XX,gold_usd,1952-05-31,34.6,2026-10-07T00:00:00
XX.gold_usd.LBMA_DATAHUB,XX,gold_usd,1952-06-30,34.6,2026-10-07T00:00:00
XX.gold_usd.LBMA_DATAHUB,XX,gold_usd,1952-07-31,34.6,2026-10-07T00:00:00
XX.gold_usd.LBMA_DATAHUB,XX,gold_usd,1952-08-31,34.6,2026-10-07T00:00:00
XX.gold_usd.LBMA_DATAHUB,XX,gold_usd,1952-09-30,34.6,2026-10-07T00:00:00
XX.gold_usd.LBMA_DATAHUB,XX,gold_usd,1952-10-31,34.6,2026-10-07T00:00:00
XX.gold_usd.LBMA_DATAHUB,XX,gold_usd,1952-11-30,34.6,2026-10-07T00:00:00
XX.gold_usd.LBMA_DATAHUB,XX,gold_usd,1952-12-31,34.6,2026-10-07T00:00:00
XX.gold_usd.LBMA_DATAHUB,XX,gold_usd,1953-01-31,34.84,2026-10-07T00:00:00
XX.gold_usd.LBMA_DATAHUB,XX,gold_usd,1953-02-28,34.84,2026-10-07T00:00:00
XX.gold_usd.LBMA_DATAHUB,XX,gold_usd,1953-03-31,34.84,2026-10-07T00:00:00
XX.gold_usd.LBMA_DATAHUB,XX,gold_usd,1953-04-30,34.84,2026-10-07T00:00:00
XX.gold_usd.LBMA_DATAHUB,XX,gold_usd,1953-05-31,34.84,2026-10-07T00:00:00
XX.gold_usd.LBMA_DATAHUB,XX,gold_usd,1953-06-30,34.84,2026-10-07T00:00:00
XX.gold_usd.LBMA_DATAHUB,XX,gold_usd,1953-07-31,34.84,2026-10-07T00:00:00
XX.gold_usd.LBMA_DATAHUB,XX,gold_usd,1953-08-31,34.84,2026-10-07T00:00:00
XX.gold_usd.LBMA_DATAHUB,XX,gold_usd,1953-09-30,34.84,2026-10-07T00:00:00
XX.gold_usd.LBMA_DATAHUB,XX,gold_usd,1953-10-31,34.84,2026-10-07T00:00:00
XX.gold_usd.LBMA_DATAHUB,XX,gold_usd,1953-11-30,34.84,2026-10-07T00:00:00
XX.gold_usd.LBMA_DATAHUB,XX,gold_usd,1953-12-31,34.84,2026-10-07T00:00:00
XX.gold_usd.LBMA_DATAHUB,XX,gold_usd,1954-01-31,35.04,2026-10-07T00:00:00
XX.gold_usd.LBMA_DATAHUB,XX,gold_usd,1954-02-28,35.04,2026-10-07T00:00:00
XX.gold_usd.LBMA_DATAHUB,XX,gold_usd,1954-03-31,35.04,2026-10-07T00:00:00
XX.gold_usd.LBMA_DATAHUB,XX,gold_usd,1954-04-30,35.04,2026-10-07T00:00:00
XX.gold_usd.LBMA_DATAHUB,XX,gold_usd,1954-05-31,35.04,2026-10-07T00:00:00
XX.gold_usd.LBMA_DATAHUB,XX,gold_usd,1954-06-30,35.04,2026-10-07T00:00:00
XX.gold_usd.LBMA_DATAHUB,XX,gold_usd,1954-07-31,35.04,2026-10-07T00:00:00
XX.gold_usd.LBMA_DATAHUB,XX,gold_usd,1954-08-31,35.04,2026-10-07T00:00:00
XX.gold_usd.LBMA_DATAHUB,XX,gold_usd,1954-09-30,35.04,2026-10-07T00:00:00
XX.gold_usd.LBMA_DATAHUB,XX,gold_usd,1954-10-31,35.04,2026-10-07T00:00:00
XX.gold_usd.LBMA_DATAHUB,XX,gold_usd,1954-11-30,35.04,2026-10-07T00:00:00
XX.gold_usd.LBMA_DATAHUB,XX,gold_usd,1954-12-31,35.04,2026-10-07T00:00:00
XX.gold_usd.LBMA_DATAHUB,XX,gold_usd,1955-01-31,35.03,2026-10-07T00:00:00
XX.gold_usd.LBMA_DATAHUB,XX,gold_usd,1955-02-28,35.03,2026-10-07T00:00:00
XX.gold_usd.LBMA_DATAHUB,XX,gold_usd,1955-03-31,35.03,2026-10-07T00:00:00
XX.gold_usd.LBMA_DATAHUB,XX,gold_usd,1955-04-30,35.03,2026-10-07T00:00:00
XX.gold_usd.LBMA_DATAHUB,XX,gold_usd,1955-05-31,35.03,2026-10-07T00:00:00
XX.gold_usd.LBMA_DATAHUB,XX,gold_usd,1955-06-30,35.03,2026-10-07T00:00:00
XX.gold_usd.LBMA_DATAHUB,XX,gold_usd,1955-07-31,35.03,2026-10-07T00:00:00
XX.gold_usd.LBMA_DATAHUB,XX,gold_usd,1955-08-31,35.03,2026-10-07T00:00:00
XX.gold_usd.LBMA_DATAHUB,XX,gold_usd,1955-09-30,35.03,2026-10-07T00:00:00
XX.gold_usd.LBMA_DATAHUB,XX,gold_usd,1955-10-31,35.03,2026-10-07T00:00:00
XX.gold_usd.LBMA_DATAHUB,XX,gold_usd,1955-11-30,35.03,2026-10-07T00:00:00
XX.gold_usd.LBMA_DATAHUB,XX,gold_usd,1955-12-31,35.03,2026-10-07T00:00:00
XX.gold_usd.LBMA_DATAHUB,XX,gold_usd,1956-01-31,34.99,2026-10-07T00:00:00
XX.gold_usd.LBMA_DATAHUB,XX,gold_usd,1956-02-29,34.99,2026-10-07T00:00:00
XX.gold_usd.LBMA_DATAHUB,XX,gold_usd,1956-03-31,34.99,2026-10-07T00:00:00
XX.gold_usd.LBMA_DATAHUB,XX,gold_usd,1956-04-30,34.99,2026-10-07T00:00:00
XX.gold_usd.LBMA_DATAHUB,XX,gold_usd,1956-05-31,34.99,2026-10-07T00:00:00
XX.gold_usd.LBMA_DATAHUB,XX,gold_usd,1956-06-30,34.99,2026-10-07T00:00:00
XX.gold_usd.LBMA_DATAHUB,XX,gold_usd,1956-07-31,34.99,2026-10-07T00:00:00
XX.gold_usd.LBMA_DATAHUB,XX,gold_usd,1956-08-31,34.99,2026-10-07T00:00:00
XX.gold_usd.LBMA_DATAHUB,XX,gold_usd,1956-09-30,34.99,2026-10-07T00:00:00
XX.gold_usd.LBMA_DATAHUB,XX,gold_usd,1956-10-31,34.99,2026-10-07T00:00:00
XX.gold_usd.LBMA_DATAHUB,XX,gold_usd,1956-11-30,34.99,2026-10-07T00:00:00
XX.gold_usd.LBMA_DATAHUB,XX,gold_usd,1956-12-31,34.99,2026-10-07T00:00:00
XX.gold_usd.LBMA_DATAHUB,XX,gold_usd,1957-01-31,34.95,2026-10-07T00:00:00
XX.gold_usd.LBMA_DATAHUB,XX,gold_usd,1957-02-28,34.95,2026-10-07T00:00:00
XX.gold_usd.LBMA_DATAHUB,XX,gold_usd,1957-03-31,34.95,2026-10-07T00:00:00
XX.gold_usd.LBMA_DATAHUB,XX,gold_usd,1957-04-30,34.95,2026-10-07T00:00:00
XX.gold_usd.LBMA_DATAHUB,XX,gold_usd,1957-05-31,34.95,2026-10-07T00:00:00
XX.gold_usd.LBMA_DATAHUB,XX,gold_usd,1957-06-30,34.95,2026-10-07T00:00:00
XX.gold_usd.LBMA_DATAHUB,XX,gold_usd,1957-07-31,34.95,2026-10-07T00:00:00
XX.gold_usd.LBMA_DATAHUB,XX,gold_usd,1957-08-31,34.95,2026-10-07T00:00:00
XX.gold_usd.LBMA_DATAHUB,XX,gold_usd,1957-09-30,34.95,2026-10-07T00:00:00
XX.gold_usd.LBMA_DATAHUB,XX,gold_usd,1957-10-31,34.95,2026-10-07T00:00:00
XX.gold_usd.LBMA_DATAHUB,XX,gold_usd,1957-11-30,34.95,2026-10-07T00:00:00
XX.gold_usd.LBMA_DATAHUB,XX,gold_usd,1957-12-31,34.95,2026-10-07T00:00:00
XX.gold_usd.LBMA_DATAHUB,XX,gold_usd,1958-01-31,35.1,2026-10-07T00:00:00
XX.gold_usd.LBMA_DATAHUB,XX,gold_usd,1958-02-28,35.1,2026-10-07T00:00:00
XX.gold_usd.LBMA_DATAHUB,XX,gold_usd,1958-03-31,35.1,2026-10-07T00:00:00
XX.gold_usd.LBMA_DATAHUB,XX,gold_usd,1958-04-30,35.1,2026-10-07T00:00:00
XX.gold_usd.LBMA_DATAHUB,XX,gold_usd,1958-05-31,35.1,2026-10-07T00:00:00
XX.gold_usd.LBMA_DATAHUB,XX,gold_usd,1958-06-30,35.1,2026-10-07T00:00:00
XX.gold_usd.LBMA_DATAHUB,XX,gold_usd,1958-07-31,35.1,2026-10-07T00:00:00
XX.gold_usd.LBMA_DATAHUB,XX,gold_usd,1958-08-31,35.1,2026-10-07T00:00:00
XX.gold_usd.LBMA_DATAHUB,XX,gold_usd,1958-09-30,35.1,2026-10-07T00:00:00
XX.gold_usd.LBMA_DATAHUB,XX,gold_usd,1958-10-31,35.1,2026-10-07T00:00:00
XX.gold_usd.LBMA_DATAHUB,XX,gold_usd,1958-11-30,35.1,2026-10-07T00:00:00
XX.gold_usd.LBMA_DATAHUB,XX,gold_usd,1958-12-31,35.1,2026-10-07T00:00:00
XX.gold_usd.LBMA_DATAHUB,XX,gold_usd,1959-01-31,35.1,2026-10-07T00:00:00
XX.gold_usd.LBMA_DATAHUB,XX,gold_usd,1959-02-28,35.1,2026-10-07T00:00:00
XX.gold_usd.LBMA_DATAHUB,XX,gold_usd,1959-03-31,35.1,2026-10-07T00:00:00
XX.gold_usd.LBMA_DATAHUB,XX,gold_usd,1959-04-30,35.1,2026-10-07T00:00:00
XX.gold_usd.LBMA_DATAHUB,XX,gold_usd,1959-05-31,35.1,2026-10-07T00:00:00
XX.gold_usd.LBMA_DATAHUB,XX,gold_usd,1959-06-30,35.1,2026-10-07T00:00:00
XX.gold_usd.LBMA_DATAHUB,XX,gold_usd,1959-07-31,35.1,2026-10-07T00:00:00
XX.gold_usd.LBMA_DATAHUB,XX,gold_usd,1959-08-31,35.1,2026-10-07T00:00:00
XX.gold_usd.LBMA_DATAHUB,XX,gold_usd,1959-09-30,35.1,2026-10-07T00:00:00
XX.gold_usd.LBMA_DATAHUB,XX,gold_usd,1959-10-31,35.1,2026-10-07T00:00:00
XX.gold_usd.LBMA_DATAHUB,XX,gold_usd,1959-11-30,35.1,2026-10-07T00:00:00
XX.gold_usd.LBMA_DATAHUB,XX,gold_usd,1959-12-31,35.1,2026-10-07T00:00:00
XX.gold_usd.LBMA_DATAHUB,XX,gold_usd,1960-01-31,35.27,2026-10-07T00:00:00
XX.gold_usd.LBMA_DATAHUB,XX,gold_usd,1960-02-29,35.0,2026-10-07T00:00:00
XX.gold_usd.LBMA_DATAHUB,XX,gold_usd,1960-03-31,35.0,2026-10-07T00:00:00
XX.gold_usd.LBMA_DATAHUB,XX,gold_usd,1960-04-30,35.27,2026-10-07T00:00:00
XX.gold_usd.LBMA_DATAHUB,XX,gold_usd,1960-05-31,35.27,2026-10-07T00:00:00
XX.gold_usd.LBMA_DATAHUB,XX,gold_usd,1960-06-30,35.0,2026-10-07T00:00:00
XX.gold_usd.LBMA_DATAHUB,XX,gold_usd,1960-07-31,35.27,2026-10-07T00:00:00
XX.gold_usd.LBMA_DATAHUB,XX,gold_usd,1960-08-31,35.27,2026-10-07T00:00:00
XX.gold_usd.LBMA_DATAHUB,XX,gold_usd,1960-09-30,35.27,2026-10-07T00:00:00
XX.gold_usd.LBMA_DATAHUB,XX,gold_usd,1960-10-31,35.27,2026-10-07T00:00:00
XX.gold_usd.LBMA_DATAHUB,XX,gold_usd,1960-11-30,35.27,2026-10-07T00:00:00
XX.gold_usd.LBMA_DATAHUB,XX,gold_usd,1960-12-31,35.0,2026-10-07T00:00:00
XX.gold_usd.LBMA_DATAHUB,XX,gold_usd,1961-01-31,35.25,2026-10-07T00:00:00
XX.gold_usd.LBMA_DATAHUB,XX,gold_usd,1961-02-28,35.0,2026-10-07T00:00:00
XX.gold_usd.LBMA_DATAHUB,XX,gold_usd,1961-03-31,35.0,2026-10-07T00:00:00
XX.gold_usd.LBMA_DATAHUB,XX,gold_usd,1961-04-30,35.0,2026-10-07T00:00:00
XX.gold_usd.LBMA_DATAHUB,XX,gold_usd,1961-05-31,35.0,2026-10-07T00:00:00
XX.gold_usd.LBMA_DATAHUB,XX,gold_usd,1961-06-30,35.0,2026-10-07T00:00:00
XX.gold_usd.LBMA_DATAHUB,XX,gold_usd,1961-07-31,35.0,2026-10-07T00:00:00
XX.gold_usd.LBMA_DATAHUB,XX,gold_usd,1961-08-31,35.0,2026-10-07T00:00:00
XX.gold_usd.LBMA_DATAHUB,XX,gold_usd,1961-09-30,35.0,2026-10-07T00:00:00
XX.gold_usd.LBMA_DATAHUB,XX,gold_usd,1961-10-31,35.0,2026-10-07T00:00:00
XX.gold_usd.LBMA_DATAHUB,XX,gold_usd,1961-11-30,35.0,2026-10-07T00:00:00
XX.gold_usd.LBMA_DATAHUB,XX,gold_usd,1961-12-31,35.0,2026-10-07T00:00:00
XX.gold_usd.LBMA_DATAHUB,XX,gold_usd,1962-01-31,35.0,2026-10-07T00:00:00
XX.gold_usd.LBMA_DATAHUB,XX,gold_usd,1962-02-28,35.0,2026-10-07T00:00:00
XX.gold_usd.LBMA_DATAHUB,XX,gold_usd,1962-03-31,35.0,2026-10-07T00:00:00
XX.gold_usd.LBMA_DATAHUB,XX,gold_usd,1962-04-30,35.23,2026-10-07T00:00:00
XX.gold_usd.LBMA_DATAHUB,XX,gold_usd,1962-05-31,35.0,2026-10-07T00:00:00
XX.gold_usd.LBMA_DATAHUB,XX,gold_usd,1962-06-30,35.0,2026-10-07T00:00:00
XX.gold_usd.LBMA_DATAHUB,XX,gold_usd,1962-07-31,35.0,2026-10-07T00:00:00
XX.gold_usd.LBMA_DATAHUB,XX,gold_usd,1962-08-31,35.0,2026-10-07T00:00:00
XX.gold_usd.LBMA_DATAHUB,XX,gold_usd,1962-09-30,35.23,2026-10-07T00:00:00
XX.gold_usd.LBMA_DATAHUB,XX,gold_usd,1962-10-31,35.0,2026-10-07T00:00:00
XX.gold_usd.LBMA_DATAHUB,XX,gold_usd,1962-11-30,35.0,2026-10-07T00:00:00
XX.gold_usd.LBMA_DATAHUB,XX,gold_usd,1962-12-31,35.23,2026-10-07T00:00:00
XX.gold_usd.LBMA_DATAHUB,XX,gold_usd,1963-01-31,35.0,2026-10-07T00:00:00
XX.gold_usd.LBMA_DATAHUB,XX,gold_usd,1963-02-28,35.0,2026-10-07T00:00:00
XX.gold_usd.LBMA_DATAHUB,XX,gold_usd,1963-03-31,35.0,2026-10-07T00:00:00
XX.gold_usd.LBMA_DATAHUB,XX,gold_usd,1963-04-30,35.0,2026-10-07T00:00:00
XX.gold_usd.LBMA_DATAHUB,XX,gold_usd,1963-05-31,35.0,2026-10-07T00:00:00
XX.gold_usd.LBMA_DATAHUB,XX,gold_usd,1963-06-30,35.0,2026-10-07T00:00:00
XX.gold_usd.LBMA_DATAHUB,XX,gold_usd,1963-07-31,35.0,2026-10-07T00:00:00
XX.gold_usd.LBMA_DATAHUB,XX,gold_usd,1963-08-31,35.0,2026-10-07T00:00:00
XX.gold_usd.LBMA_DATAHUB,XX,gold_usd,1963-09-30,35.0,2026-10-07T00:00:00
XX.gold_usd.LBMA_DATAHUB,XX,gold_usd,1963-10-31,35.0,2026-10-07T00:00:00
XX.gold_usd.LBMA_DATAHUB,XX,gold_usd,1963-11-30,35.0,2026-10-07T00:00:00
XX.gold_usd.LBMA_DATAHUB,XX,gold_usd,1963-12-31,35.0,2026-10-07T00:00:00
XX.gold_usd.LBMA_DATAHUB,XX,gold_usd,1964-01-31,35.0,2026-10-07T00:00:00
XX.gold_usd.LBMA_DATAHUB,XX,gold_usd,1964-02-29,35.0,2026-10-07T00:00:00
XX.gold_usd.LBMA_DATAHUB,XX,gold_usd,1964-03-31,35.0,2026-10-07T00:00:00
XX.gold_usd.LBMA_DATAHUB,XX,gold_usd,1964-04-30,35.0,2026-10-07T00:00:00
XX.gold_usd.LBMA_DATAHUB,XX,gold_usd,1964-05-31,35.1,2026-10-07T00:00:00
XX.gold_usd.LBMA_DATAHUB,XX,gold_usd,1964-06-30,35.0,2026-10-07T00:00:00
XX.gold_usd.LBMA_DATAHUB,XX,gold_usd,1964-07-31,35.0,2026-10-07T00:00:00
XX.gold_usd.LBMA_DATAHUB,XX,gold_usd,1964-08-31,35.0,2026-10-07T00:00:00
XX.gold_usd.LBMA_DATAHUB,XX,gold_usd,1964-09-30,35.0,2026-10-07T00:00:00
XX.gold_usd.LBMA_DATAHUB,XX,gold_usd,1964-10-31,35.0,2026-10-07T00:00:00
XX.gold_usd.LBMA_DATAHUB,XX,gold_usd,1964-11-30,35.0,2026-10-07T00:00:00
XX.gold_usd.LBMA_DATAHUB,XX,gold_usd,1964-12-31,35.0,2026-10-07T00:00:00
XX.gold_usd.LBMA_DATAHUB,XX,gold_usd,1965-01-31,35.0,2026-10-07T00:00:00
XX.gold_usd.LBMA_DATAHUB,XX,gold_usd,1965-02-28,35.0,2026-10-07T00:00:00
XX.gold_usd.LBMA_DATAHUB,XX,gold_usd,1965-03-31,35.0,2026-10-07T00:00:00
XX.gold_usd.LBMA_DATAHUB,XX,gold_usd,1965-04-30,35.0,2026-10-07T00:00:00
XX.gold_usd.LBMA_DATAHUB,XX,gold_usd,1965-05-31,35.0,2026-10-07T00:00:00
XX.gold_usd.LBMA_DATAHUB,XX,gold_usd,1965-06-30,35.0,2026-10-07T00:00:00
XX.gold_usd.LBMA_DATAHUB,XX,gold_usd,1965-07-31,35.0,2026-10-07T00:00:00
XX.gold_usd.LBMA_DATAHUB,XX,gold_usd,1965-08-31,35.0,2026-10-07T00:00:00
XX.gold_usd.LBMA_DATAHUB,XX,gold_usd,1965-09-30,35.0,2026-10-07T00:00:00
XX.gold_usd.LBMA_DATAHUB,XX,gold_usd,1965-10-31,35.0,2026-10-07T00:00:00
XX.gold_usd.LBMA_DATAHUB,XX,gold_usd,1965-11-30,35.0,2026-10-07T00:00:00
XX.gold_usd.LBMA_DATAHUB,XX,gold_usd,1965-12-31,35.0,2026-10-07T00:00:00
XX.gold_usd.LBMA_DATAHUB,XX,gold_usd,1966-01-31,35.0,2026-10-07T00:00:00
XX.gold_usd.LBMA_DATAHUB,XX,gold_usd,1966-02-28,35.0,2026-10-07T00:00:00
XX.gold_usd.LBMA_DATAHUB,XX,gold_usd,1966-03-31,35.0,2026-10-07T00:00:00
XX.gold_usd.LBMA_DATAHUB,XX,gold_usd,1966-04-30,35.0,2026-10-07T00:00:00
XX.gold_usd.LBMA_DATAHUB,XX,gold_usd,1966-05-31,35.0,2026-10-07T00:00:00
XX.gold_usd.LBMA_DATAHUB,XX,gold_usd,1966-06-30,35.0,2026-10-07T00:00:00
XX.gold_usd.LBMA_DATAHUB,XX,gold_usd,1966-07-31,35.0,2026-10-07T00:00:00
XX.gold_usd.LBMA_DATAHUB,XX,gold_usd,1966-08-31,35.0,2026-10-07T00:00:00
XX.gold_usd.LBMA_DATAHUB,XX,gold_usd,1966-09-30,35.0,2026-10-07T00:00:00
XX.gold_usd.LBMA_DATAHUB,XX,gold_usd,1966-10-31,35.0,2026-10-07T00:00:00
XX.gold_usd.LBMA_DATAHUB,XX,gold_usd,1966-11-30,35.0,2026-10-07T00:00:00
XX.gold_usd.LBMA_DATAHUB,XX,gold_usd,1966-12-31,35.0,2026-10-07T00:00:00
XX.gold_usd.LBMA_DATAHUB,XX,gold_usd,1967-01-31,35.0,2026-10-07T00:00:00
XX.gold_usd.LBMA_DATAHUB,XX,gold_usd,1967-02-28,35.0,2026-10-07T00:00:00
XX.gold_usd.LBMA_DATAHUB,XX,gold_usd,1967-03-31,35.0,2026-10-07T00:00:00
XX.gold_usd.LBMA_DATAHUB,XX,gold_usd,1967-04-30,35.0,2026-10-07T00:00:00
XX.gold_usd.LBMA_DATAHUB,XX,gold_usd,1967-05-31,35.0,2026-10-07T00:00:00
XX.gold_usd.LBMA_DATAHUB,XX,gold_usd,1967-06-30,35.0,2026-10-07T00:00:00
XX.gold_usd.LBMA_DATAHUB,XX,gold_usd,1967-07-31,35.0,2026-10-07T00:00:00
XX.gold_usd.LBMA_DATAHUB,XX,gold_usd,1967-08-31,35.0,2026-10-07T00:00:00
XX.gold_usd.LBMA_DATAHUB,XX,gold_usd,1967-09-30,35.0,2026-10-07T00:00:00
XX.gold_usd.LBMA_DATAHUB,XX,gold_usd,1967-10-31,35.0,2026-10-07T00:00:00
XX.gold_usd.LBMA_DATAHUB,XX,gold_usd,1967-11-30,35.0,2026-10-07T00:00:00
XX.gold_usd.LBMA_DATAHUB,XX,gold_usd,1967-12-31,35.0,2026-10-07T00:00:00
XX.gold_usd.LBMA_DATAHUB,XX,gold_usd,1968-01-31,36.0,2026-10-07T00:00:00
XX.gold_usd.LBMA_DATAHUB,XX,gold_usd,1968-02-29,36.0,2026-10-07T00:00:00
XX.gold_usd.LBMA_DATAHUB,XX,gold_usd,1968-03-31,37.0,2026-10-07T00:00:00
XX.gold_usd.LBMA_DATAHUB,XX,gold_usd,1968-04-30,38.0,2026-10-07T00:00:00
XX.gold_usd.LBMA_DATAHUB,XX,gold_usd,1968-05-31,41.0,2026-10-07T00:00:00
XX.gold_usd.LBMA_DATAHUB,XX,gold_usd,1968-06-30,41.0,2026-10-07T00:00:00
XX.gold_usd.LBMA_DATAHUB,XX,gold_usd,1968-07-31,39.0,2026-10-07T00:00:00
XX.gold_usd.LBMA_DATAHUB,XX,gold_usd,1968-08-31,39.0,2026-10-07T00:00:00
XX.gold_usd.LBMA_DATAHUB,XX,gold_usd,1968-09-30,40.0,2026-10-07T00:00:00
XX.gold_usd.LBMA_DATAHUB,XX,gold_usd,1968-10-31,39.0,2026-10-07T00:00:00
XX.gold_usd.LBMA_DATAHUB,XX,gold_usd,1968-11-30,40.0,2026-10-07T00:00:00
XX.gold_usd.LBMA_DATAHUB,XX,gold_usd,1968-12-31,41.0,2026-10-07T00:00:00
XX.gold_usd.LBMA_DATAHUB,XX,gold_usd,1969-01-31,42.0,2026-10-07T00:00:00
XX.gold_usd.LBMA_DATAHUB,XX,gold_usd,1969-02-28,43.0,2026-10-07T00:00:00
XX.gold_usd.LBMA_DATAHUB,XX,gold_usd,1969-03-31,43.0,2026-10-07T00:00:00
XX.gold_usd.LBMA_DATAHUB,XX,gold_usd,1969-04-30,43.0,2026-10-07T00:00:00
XX.gold_usd.LBMA_DATAHUB,XX,gold_usd,1969-05-31,43.0,2026-10-07T00:00:00
XX.gold_usd.LBMA_DATAHUB,XX,gold_usd,1969-06-30,41.0,2026-10-07T00:00:00
XX.gold_usd.LBMA_DATAHUB,XX,gold_usd,1969-07-31,42.0,2026-10-07T00:00:00
XX.gold_usd.LBMA_DATAHUB,XX,gold_usd,1969-08-31,41.0,2026-10-07T00:00:00
XX.gold_usd.LBMA_DATAHUB,XX,gold_usd,1969-09-30,41.0,2026-10-07T00:00:00
XX.gold_usd.LBMA_DATAHUB,XX,gold_usd,1969-10-31,40.0,2026-10-07T00:00:00
XX.gold_usd.LBMA_DATAHUB,XX,gold_usd,1969-11-30,37.0,2026-10-07T00:00:00
XX.gold_usd.LBMA_DATAHUB,XX,gold_usd,1969-12-31,35.0,2026-10-07T00:00:00
XX.gold_usd.LBMA_DATAHUB,XX,gold_usd,1970-01-31,35.0,2026-10-07T00:00:00
XX.gold_usd.LBMA_DATAHUB,XX,gold_usd,1970-02-28,35.0,2026-10-07T00:00:00
XX.gold_usd.LBMA_DATAHUB,XX,gold_usd,1970-03-31,35.0,2026-10-07T00:00:00
XX.gold_usd.LBMA_DATAHUB,XX,gold_usd,1970-04-30,36.0,2026-10-07T00:00:00
XX.gold_usd.LBMA_DATAHUB,XX,gold_usd,1970-05-31,36.0,2026-10-07T00:00:00
XX.gold_usd.LBMA_DATAHUB,XX,gold_usd,1970-06-30,35.0,2026-10-07T00:00:00
XX.gold_usd.LBMA_DATAHUB,XX,gold_usd,1970-07-31,35.0,2026-10-07T00:00:00
XX.gold_usd.LBMA_DATAHUB,XX,gold_usd,1970-08-31,35.0,2026-10-07T00:00:00
XX.gold_usd.LBMA_DATAHUB,XX,gold_usd,1970-09-30,36.0,2026-10-07T00:00:00
XX.gold_usd.LBMA_DATAHUB,XX,gold_usd,1970-10-31,38.0,2026-10-07T00:00:00
XX.gold_usd.LBMA_DATAHUB,XX,gold_usd,1970-11-30,37.0,2026-10-07T00:00:00
XX.gold_usd.LBMA_DATAHUB,XX,gold_usd,1970-12-31,37.0,2026-10-07T00:00:00
XX.gold_usd.LBMA_DATAHUB,XX,gold_usd,1971-01-31,38.0,2026-10-07T00:00:00
XX.gold_usd.LBMA_DATAHUB,XX,gold_usd,1971-02-28,39.0,2026-10-07T00:00:00
XX.gold_usd.LBMA_DATAHUB,XX,gold_usd,1971-03-31,39.0,2026-10-07T00:00:00
XX.gold_usd.LBMA_DATAHUB,XX,gold_usd,1971-04-30,39.0,2026-10-07T00:00:00
XX.gold_usd.LBMA_DATAHUB,XX,gold_usd,1971-05-31,41.0,2026-10-07T00:00:00
XX.gold_usd.LBMA_DATAHUB,XX,gold_usd,1971-06-30,40.0,2026-10-07T00:00:00
XX.gold_usd.LBMA_DATAHUB,XX,gold_usd,1971-07-31,41.0,2026-10-07T00:00:00
XX.gold_usd.LBMA_DATAHUB,XX,gold_usd,1971-08-31,43.0,2026-10-07T00:00:00
XX.gold_usd.LBMA_DATAHUB,XX,gold_usd,1971-09-30,42.0,2026-10-07T00:00:00
XX.gold_usd.LBMA_DATAHUB,XX,gold_usd,1971-10-31,43.0,2026-10-07T00:00:00
XX.gold_usd.LBMA_DATAHUB,XX,gold_usd,1971-11-30,43.0,2026-10-07T00:00:00
XX.gold_usd.LBMA_DATAHUB,XX,gold_usd,1971-12-31,43.0,2026-10-07T00:00:00
XX.gold_usd.LBMA_DATAHUB,XX,gold_usd,1972-01-31,46.0,2026-10-07T00:00:00
XX.gold_usd.LBMA_DATAHUB,XX,gold_usd,1972-02-29,48.0,2026-10-07T00:00:00
XX.gold_usd.LBMA_DATAHUB,XX,gold_usd,1972-03-31,48.0,2026-10-07T00:00:00
XX.gold_usd.LBMA_DATAHUB,XX,gold_usd,1972-04-30,49.0,2026-10-07T00:00:00
XX.gold_usd.LBMA_DATAHUB,XX,gold_usd,1972-05-31,55.0,2026-10-07T00:00:00
XX.gold_usd.LBMA_DATAHUB,XX,gold_usd,1972-06-30,62.0,2026-10-07T00:00:00
XX.gold_usd.LBMA_DATAHUB,XX,gold_usd,1972-07-31,66.0,2026-10-07T00:00:00
XX.gold_usd.LBMA_DATAHUB,XX,gold_usd,1972-08-31,67.0,2026-10-07T00:00:00
XX.gold_usd.LBMA_DATAHUB,XX,gold_usd,1972-09-30,65.0,2026-10-07T00:00:00
XX.gold_usd.LBMA_DATAHUB,XX,gold_usd,1972-10-31,65.0,2026-10-07T00:00:00
XX.gold_usd.LBMA_DATAHUB,XX,gold_usd,1972-11-30,63.0,2026-10-07T00:00:00
XX.gold_usd.LBMA_DATAHUB,XX,gold_usd,1972-12-31,64.0,2026-10-07T00:00:00
XX.gold_usd.LBMA_DATAHUB,XX,gold_usd,1973-01-31,65.0,2026-10-07T00:00:00
XX.gold_usd.LBMA_DATAHUB,XX,gold_usd,1973-02-28,74.0,2026-10-07T00:00:00
XX.gold_usd.LBMA_DATAHUB,XX,gold_usd,1973-03-31,84.0,2026-10-07T00:00:00
XX.gold_usd.LBMA_DATAHUB,XX,gold_usd,1973-04-30,91.0,2026-10-07T00:00:00
XX.gold_usd.LBMA_DATAHUB,XX,gold_usd,1973-05-31,102.0,2026-10-07T00:00:00
XX.gold_usd.LBMA_DATAHUB,XX,gold_usd,1973-06-30,120.0,2026-10-07T00:00:00
XX.gold_usd.LBMA_DATAHUB,XX,gold_usd,1973-07-31,120.0,2026-10-07T00:00:00
XX.gold_usd.LBMA_DATAHUB,XX,gold_usd,1973-08-31,107.0,2026-10-07T00:00:00
XX.gold_usd.LBMA_DATAHUB,XX,gold_usd,1973-09-30,103.0,2026-10-07T00:00:00
XX.gold_usd.LBMA_DATAHUB,XX,gold_usd,1973-10-31,100.0,2026-10-07T00:00:00
XX.gold_usd.LBMA_DATAHUB,XX,gold_usd,1973-11-30,95.0,2026-10-07T00:00:00
XX.gold_usd.LBMA_DATAHUB,XX,gold_usd,1973-12-31,107.0,2026-10-07T00:00:00
XX.gold_usd.LBMA_DATAHUB,XX,gold_usd,1974-01-31,129.0,2026-10-07T00:00:00
XX.gold_usd.LBMA_DATAHUB,XX,gold_usd,1974-02-28,150.0,2026-10-07T00:00:00
XX.gold_usd.LBMA_DATAHUB,XX,gold_usd,1974-03-31,168.0,2026-10-07T00:00:00
XX.gold_usd.LBMA_DATAHUB,XX,gold_usd,1974-04-30,172.0,2026-10-07T00:00:00
XX.gold_usd.LBMA_DATAHUB,XX,gold_usd,1974-05-31,163.0,2026-10-07T00:00:00
XX.gold_usd.LBMA_DATAHUB,XX,gold_usd,1974-06-30,154.0,2026-10-07T00:00:00
XX.gold_usd.LBMA_DATAHUB,XX,gold_usd,1974-07-31,143.0,2026-10-07T00:00:00
XX.gold_usd.LBMA_DATAHUB,XX,gold_usd,1974-08-31,155.0,2026-10-07T00:00:00
XX.gold_usd.LBMA_DATAHUB,XX,gold_usd,1974-09-30,152.0,2026-10-07T00:00:00
XX.gold_usd.LBMA_DATAHUB,XX,gold_usd,1974-10-31,159.0,2026-10-07T00:00:00
XX.gold_usd.LBMA_DATAHUB,XX,gold_usd,1974-11-30,182.0,2026-10-07T00:00:00
XX.gold_usd.LBMA_DATAHUB,XX,gold_usd,1974-12-31,184.0,2026-10-07T00:00:00
XX.gold_usd.LBMA_DATAHUB,XX,gold_usd,1975-01-31,176.0,2026-10-07T00:00:00
XX.gold_usd.LBMA_DATAHUB,XX,gold_usd,1975-02-28,180.0,2026-10-07T00:00:00
XX.gold_usd.LBMA_DATAHUB,XX,gold_usd,1975-03-31,178.0,2026-10-07T00:00:00
XX.gold_usd.LBMA_DATAHUB,XX,gold_usd,1975-04-30,170.0,2026-10-07T00:00:00
XX.gold_usd.LBMA_DATAHUB,XX,gold_usd,1975-05-31,167.0,2026-10-07T00:00:00
XX.gold_usd.LBMA_DATAHUB,XX,gold_usd,1975-06-30,164.0,2026-10-07T00:00:00
XX.gold_usd.LBMA_DATAHUB,XX,gold_usd,1975-07-31,165.0,2026-10-07T00:00:00
XX.gold_usd.LBMA_DATAHUB,XX,gold_usd,1975-08-31,163.0,2026-10-07T00:00:00
XX.gold_usd.LBMA_DATAHUB,XX,gold_usd,1975-09-30,144.0,2026-10-07T00:00:00
XX.gold_usd.LBMA_DATAHUB,XX,gold_usd,1975-10-31,143.0,2026-10-07T00:00:00
XX.gold_usd.LBMA_DATAHUB,XX,gold_usd,1975-11-30,142.0,2026-10-07T00:00:00
XX.gold_usd.LBMA_DATAHUB,XX,gold_usd,1975-12-31,139.0,2026-10-07T00:00:00
XX.gold_usd.LBMA_DATAHUB,XX,gold_usd,1976-01-31,131.0,2026-10-07T00:00:00
XX.gold_usd.LBMA_DATAHUB,XX,gold_usd,1976-02-29,131.0,2026-10-07T00:00:00
XX.gold_usd.LBMA_DATAHUB,XX,gold_usd,1976-03-31,133.0,2026-10-07T00:00:00
XX.gold_usd.LBMA_DATAHUB,XX,gold_usd,1976-04-30,128.0,2026-10-07T00:00:00
XX.gold_usd.LBMA_DATAHUB,XX,gold_usd,1976-05-31,127.0,2026-10-07T00:00:00
XX.gold_usd.LBMA_DATAHUB,XX,gold_usd,1976-06-30,126.0,2026-10-07T00:00:00
XX.gold_usd.LBMA_DATAHUB,XX,gold_usd,1976-07-31,118.0,2026-10-07T00:00:00
XX.gold_usd.LBMA_DATAHUB,XX,gold_usd,1976-08-31,110.0,2026-10-07T00:00:00
XX.gold_usd.LBMA_DATAHUB,XX,gold_usd,1976-09-30,114.0,2026-10-07T00:00:00
XX.gold_usd.LBMA_DATAHUB,XX,gold_usd,1976-10-31,116.0,2026-10-07T00:00:00
XX.gold_usd.LBMA_DATAHUB,XX,gold_usd,1976-11-30,130.0,2026-10-07T00:00:00
XX.gold_usd.LBMA_DATAHUB,XX,gold_usd,1976-12-31,134.0,2026-10-07T00:00:00
XX.gold_usd.LBMA_DATAHUB,XX,gold_usd,1977-01-31,132.0,2026-10-07T00:00:00
XX.gold_usd.LBMA_DATAHUB,XX,gold_usd,1977-02-28,136.0,2026-10-07T00:00:00
XX.gold_usd.LBMA_DATAHUB,XX,gold_usd,1977-03-31,148.0,2026-10-07T00:00:00
XX.gold_usd.LBMA_DATAHUB,XX,gold_usd,1977-04-30,149.0,2026-10-07T00:00:00
XX.gold_usd.LBMA_DATAHUB,XX,gold_usd,1977-05-31,147.0,2026-10-07T00:00:00
XX.gold_usd.LBMA_DATAHUB,XX,gold_usd,1977-06-30,141.0,2026-10-07T00:00:00
XX.gold_usd.LBMA_DATAHUB,XX,gold_usd,1977-07-31,143.0,2026-10-07T00:00:00
XX.gold_usd.LBMA_DATAHUB,XX,gold_usd,1977-08-31,145.0,2026-10-07T00:00:00
XX.gold_usd.LBMA_DATAHUB,XX,gold_usd,1977-09-30,150.0,2026-10-07T00:00:00
XX.gold_usd.LBMA_DATAHUB,XX,gold_usd,1977-10-31,159.0,2026-10-07T00:00:00
XX.gold_usd.LBMA_DATAHUB,XX,gold_usd,1977-11-30,162.0,2026-10-07T00:00:00
XX.gold_usd.LBMA_DATAHUB,XX,gold_usd,1977-12-31,160.0,2026-10-07T00:00:00
XX.gold_usd.LBMA_DATAHUB,XX,gold_usd,1978-01-31,173.0,2026-10-07T00:00:00
XX.gold_usd.LBMA_DATAHUB,XX,gold_usd,1978-02-28,178.0,2026-10-07T00:00:00
XX.gold_usd.LBMA_DATAHUB,XX,gold_usd,1978-03-31,184.0,2026-10-07T00:00:00
XX.gold_usd.LBMA_DATAHUB,XX,gold_usd,1978-04-30,175.0,2026-10-07T00:00:00
XX.gold_usd.LBMA_DATAHUB,XX,gold_usd,1978-05-31,176.0,2026-10-07T00:00:00
XX.gold_usd.LBMA_DATAHUB,XX,gold_usd,1978-06-30,184.0,2026-10-07T00:00:00
XX.gold_usd.LBMA_DATAHUB,XX,gold_usd,1978-07-31,189.0,2026-10-07T00:00:00
XX.gold_usd.LBMA_DATAHUB,XX,gold_usd,1978-08-31,206.0,2026-10-07T00:00:00
XX.gold_usd.LBMA_DATAHUB,XX,gold_usd,1978-09-30,212.0,2026-10-07T00:00:00
XX.gold_usd.LBMA_DATAHUB,XX,gold_usd,1978-10-31,227.0,2026-10-07T00:00:00
XX.gold_usd.LBMA_DATAHUB,XX,gold_usd,1978-11-30,206.0,2026-10-07T00:00:00
XX.gold_usd.LBMA_DATAHUB,XX,gold_usd,1978-12-31,208.0,2026-10-07T00:00:00
XX.gold_usd.LBMA_DATAHUB,XX,gold_usd,1979-01-31,227.0,2026-10-07T00:00:00
XX.gold_usd.LBMA_DATAHUB,XX,gold_usd,1979-02-28,246.0,2026-10-07T00:00:00
XX.gold_usd.LBMA_DATAHUB,XX,gold_usd,1979-03-31,242.0,2026-10-07T00:00:00
XX.gold_usd.LBMA_DATAHUB,XX,gold_usd,1979-04-30,239.0,2026-10-07T00:00:00
XX.gold_usd.LBMA_DATAHUB,XX,gold_usd,1979-05-31,258.0,2026-10-07T00:00:00
XX.gold_usd.LBMA_DATAHUB,XX,gold_usd,1979-06-30,279.0,2026-10-07T00:00:00
XX.gold_usd.LBMA_DATAHUB,XX,gold_usd,1979-07-31,295.0,2026-10-07T00:00:00
XX.gold_usd.LBMA_DATAHUB,XX,gold_usd,1979-08-31,301.0,2026-10-07T00:00:00
XX.gold_usd.LBMA_DATAHUB,XX,gold_usd,1979-09-30,355.0,2026-10-07T00:00:00
XX.gold_usd.LBMA_DATAHUB,XX,gold_usd,1979-10-31,392.0,2026-10-07T00:00:00
XX.gold_usd.LBMA_DATAHUB,XX,gold_usd,1979-11-30,392.0,2026-10-07T00:00:00
XX.gold_usd.LBMA_DATAHUB,XX,gold_usd,1979-12-31,455.0,2026-10-07T00:00:00
XX.gold_usd.LBMA_DATAHUB,XX,gold_usd,1980-01-31,675.0,2026-10-07T00:00:00
XX.gold_usd.LBMA_DATAHUB,XX,gold_usd,1980-02-29,665.0,2026-10-07T00:00:00
XX.gold_usd.LBMA_DATAHUB,XX,gold_usd,1980-03-31,554.0,2026-10-07T00:00:00
XX.gold_usd.LBMA_DATAHUB,XX,gold_usd,1980-04-30,517.0,2026-10-07T00:00:00
XX.gold_usd.LBMA_DATAHUB,XX,gold_usd,1980-05-31,514.0,2026-10-07T00:00:00
XX.gold_usd.LBMA_DATAHUB,XX,gold_usd,1980-06-30,601.0,2026-10-07T00:00:00
XX.gold_usd.LBMA_DATAHUB,XX,gold_usd,1980-07-31,643.0,2026-10-07T00:00:00
XX.gold_usd.LBMA_DATAHUB,XX,gold_usd,1980-08-31,627.0,2026-10-07T00:00:00
XX.gold_usd.LBMA_DATAHUB,XX,gold_usd,1980-09-30,674.0,2026-10-07T00:00:00
XX.gold_usd.LBMA_DATAHUB,XX,gold_usd,1980-10-31,661.0,2026-10-07T00:00:00
XX.gold_usd.LBMA_DATAHUB,XX,gold_usd,1980-11-30,625.0,2026-10-07T00:00:00
XX.gold_usd.LBMA_DATAHUB,XX,gold_usd,1980-12-31,538.0,2026-10-07T00:00:00
XX.gold_usd.LBMA_DATAHUB,XX,gold_usd,1981-01-31,557.0,2026-10-07T00:00:00
XX.gold_usd.LBMA_DATAHUB,XX,gold_usd,1981-02-28,500.0,2026-10-07T00:00:00
XX.gold_usd.LBMA_DATAHUB,XX,gold_usd,1981-03-31,499.0,2026-10-07T00:00:00
XX.gold_usd.LBMA_DATAHUB,XX,gold_usd,1981-04-30,496.0,2026-10-07T00:00:00
XX.gold_usd.LBMA_DATAHUB,XX,gold_usd,1981-05-31,480.0,2026-10-07T00:00:00
XX.gold_usd.LBMA_DATAHUB,XX,gold_usd,1981-06-30,461.0,2026-10-07T00:00:00
XX.gold_usd.LBMA_DATAHUB,XX,gold_usd,1981-07-31,409.0,2026-10-07T00:00:00
XX.gold_usd.LBMA_DATAHUB,XX,gold_usd,1981-08-31,410.0,2026-10-07T00:00:00
XX.gold_usd.LBMA_DATAHUB,XX,gold_usd,1981-09-30,444.0,2026-10-07T00:00:00
XX.gold_usd.LBMA_DATAHUB,XX,gold_usd,1981-10-31,438.0,2026-10-07T00:00:00
XX.gold_usd.LBMA_DATAHUB,XX,gold_usd,1981-11-30,413.0,2026-10-07T00:00:00
XX.gold_usd.LBMA_DATAHUB,XX,gold_usd,1981-12-31,410.0,2026-10-07T00:00:00
XX.gold_usd.LBMA_DATAHUB,XX,gold_usd,1982-01-31,384.0,2026-10-07T00:00:00
XX.gold_usd.LBMA_DATAHUB,XX,gold_usd,1982-02-28,374.0,2026-10-07T00:00:00
XX.gold_usd.LBMA_DATAHUB,XX,gold_usd,1982-03-31,330.0,2026-10-07T00:00:00
XX.gold_usd.LBMA_DATAHUB,XX,gold_usd,1982-04-30,350.0,2026-10-07T00:00:00
XX.gold_usd.LBMA_DATAHUB,XX,gold_usd,1982-05-31,334.0,2026-10-07T00:00:00
XX.gold_usd.LBMA_DATAHUB,XX,gold_usd,1982-06-30,315.0,2026-10-07T00:00:00
XX.gold_usd.LBMA_DATAHUB,XX,gold_usd,1982-07-31,339.0,2026-10-07T00:00:00
XX.gold_usd.LBMA_DATAHUB,XX,gold_usd,1982-08-31,364.0,2026-10-07T00:00:00
XX.gold_usd.LBMA_DATAHUB,XX,gold_usd,1982-09-30,437.0,2026-10-07T00:00:00
XX.gold_usd.LBMA_DATAHUB,XX,gold_usd,1982-10-31,422.0,2026-10-07T00:00:00
XX.gold_usd.LBMA_DATAHUB,XX,gold_usd,1982-11-30,415.0,2026-10-07T00:00:00
XX.gold_usd.LBMA_DATAHUB,XX,gold_usd,1982-12-31,445.0,2026-10-07T00:00:00
XX.gold_usd.LBMA_DATAHUB,XX,gold_usd,1983-01-31,481.0,2026-10-07T00:00:00
XX.gold_usd.LBMA_DATAHUB,XX,gold_usd,1983-02-28,491.0,2026-10-07T00:00:00
XX.gold_usd.LBMA_DATAHUB,XX,gold_usd,1983-03-31,420.0,2026-10-07T00:00:00
XX.gold_usd.LBMA_DATAHUB,XX,gold_usd,1983-04-30,433.0,2026-10-07T00:00:00
XX.gold_usd.LBMA_DATAHUB,XX,gold_usd,1983-05-31,438.0,2026-10-07T00:00:00
XX.gold_usd.LBMA_DATAHUB,XX,gold_usd,1983-06-30,413.0,2026-10-07T00:00:00
XX.gold_usd.LBMA_DATAHUB,XX,gold_usd,1983-07-31,403.0,2026-10-07T00:00:00
XX.gold_usd.LBMA_DATAHUB,XX,gold_usd,1983-08-31,416.0,2026-10-07T00:00:00
XX.gold_usd.LBMA_DATAHUB,XX,gold_usd,1983-09-30,412.0,2026-10-07T00:00:00
XX.gold_usd.LBMA_DATAHUB,XX,gold_usd,1983-10-31,394.0,2026-10-07T00:00:00
XX.gold_usd.LBMA_DATAHUB,XX,gold_usd,1983-11-30,382.0,2026-10-07T00:00:00
XX.gold_usd.LBMA_DATAHUB,XX,gold_usd,1983-12-31,388.0,2026-10-07T00:00:00
XX.gold_usd.LBMA_DATAHUB,XX,gold_usd,1984-01-31,371.0,2026-10-07T00:00:00
XX.gold_usd.LBMA_DATAHUB,XX,gold_usd,1984-02-29,386.0,2026-10-07T00:00:00
XX.gold_usd.LBMA_DATAHUB,XX,gold_usd,1984-03-31,394.0,2026-10-07T00:00:00
XX.gold_usd.LBMA_DATAHUB,XX,gold_usd,1984-04-30,381.0,2026-10-07T00:00:00
XX.gold_usd.LBMA_DATAHUB,XX,gold_usd,1984-05-31,377.0,2026-10-07T00:00:00
XX.gold_usd.LBMA_DATAHUB,XX,gold_usd,1984-06-30,378.0,2026-10-07T00:00:00
XX.gold_usd.LBMA_DATAHUB,XX,gold_usd,1984-07-31,348.0,2026-10-07T00:00:00
XX.gold_usd.LBMA_DATAHUB,XX,gold_usd,1984-08-31,348.0,2026-10-07T00:00:00
XX.gold_usd.LBMA_DATAHUB,XX,gold_usd,1984-09-30,340.0,2026-10-07T00:00:00
XX.gold_usd.LBMA_DATAHUB,XX,gold_usd,1984-10-31,341.0,2026-10-07T00:00:00
XX.gold_usd.LBMA_DATAHUB,XX,gold_usd,1984-11-30,342.0,2026-10-07T00:00:00
XX.gold_usd.LBMA_DATAHUB,XX,gold_usd,1984-12-31,320.0,2026-10-07T00:00:00
XX.gold_usd.LBMA_DATAHUB,XX,gold_usd,1985-01-31,303.0,2026-10-07T00:00:00
XX.gold_usd.LBMA_DATAHUB,XX,gold_usd,1985-02-28,299.0,2026-10-07T00:00:00
XX.gold_usd.LBMA_DATAHUB,XX,gold_usd,1985-03-31,314.0,2026-10-07T00:00:00
XX.gold_usd.LBMA_DATAHUB,XX,gold_usd,1985-04-30,327.0,2026-10-07T00:00:00
XX.gold_usd.LBMA_DATAHUB,XX,gold_usd,1985-05-31,316.0,2026-10-07T00:00:00
XX.gold_usd.LBMA_DATAHUB,XX,gold_usd,1985-06-30,317.0,2026-10-07T00:00:00
XX.gold_usd.LBMA_DATAHUB,XX,gold_usd,1985-07-31,317.0,2026-10-07T00:00:00
XX.gold_usd.LBMA_DATAHUB,XX,gold_usd,1985-08-31,330.0,2026-10-07T00:00:00
XX.gold_usd.LBMA_DATAHUB,XX,gold_usd,1985-09-30,323.0,2026-10-07T00:00:00
XX.gold_usd.LBMA_DATAHUB,XX,gold_usd,1985-10-31,326.0,2026-10-07T00:00:00
XX.gold_usd.LBMA_DATAHUB,XX,gold_usd,1985-11-30,322.0,2026-10-07T00:00:00
XX.gold_usd.LBMA_DATAHUB,XX,gold_usd,1985-12-31,322.0,2026-10-07T00:00:00
XX.gold_usd.LBMA_DATAHUB,XX,gold_usd,1986-01-31,347.0,2026-10-07T00:00:00
XX.gold_usd.LBMA_DATAHUB,XX,gold_usd,1986-02-28,339.0,2026-10-07T00:00:00
XX.gold_usd.LBMA_DATAHUB,XX,gold_usd,1986-03-31,346.0,2026-10-07T00:00:00
XX.gold_usd.LBMA_DATAHUB,XX,gold_usd,1986-04-30,340.0,2026-10-07T00:00:00
XX.gold_usd.LBMA_DATAHUB,XX,gold_usd,1986-05-31,342.0,2026-10-07T00:00:00
XX.gold_usd.LBMA_DATAHUB,XX,gold_usd,1986-06-30,343.0,2026-10-07T00:00:00
XX.gold_usd.LBMA_DATAHUB,XX,gold_usd,1986-07-31,348.0,2026-10-07T00:00:00
XX.gold_usd.LBMA_DATAHUB,XX,gold_usd,1986-08-31,377.0,2026-10-07T00:00:00
XX.gold_usd.LBMA_DATAHUB,XX,gold_usd,1986-09-30,418.0,2026-10-07T00:00:00
XX.gold_usd.LBMA_DATAHUB,XX,gold_usd,1986-10-31,424.0,2026-10-07T00:00:00
XX.gold_usd.LBMA_DATAHUB,XX,gold_usd,1986-11-30,398.0,2026-10-07T00:00:00
XX.gold_usd.LBMA_DATAHUB,XX,gold_usd,1986-12-31,391.0,2026-10-07T00:00:00
XX.gold_usd.LBMA_DATAHUB,XX,gold_usd,1987-01-31,408.0,2026-10-07T00:00:00
XX.gold_usd.LBMA_DATAHUB,XX,gold_usd,1987-02-28,401.0,2026-10-07T00:00:00
XX.gold_usd.LBMA_DATAHUB,XX,gold_usd,1987-03-31,409.0,2026-10-07T00:00:00
XX.gold_usd.LBMA_DATAHUB,XX,gold_usd,1987-04-30,438.0,2026-10-07T00:00:00
XX.gold_usd.LBMA_DATAHUB,XX,gold_usd,1987-05-31,460.0,2026-10-07T00:00:00
XX.gold_usd.LBMA_DATAHUB,XX,gold_usd,1987-06-30,450.0,2026-10-07T00:00:00
XX.gold_usd.LBMA_DATAHUB,XX,gold_usd,1987-07-31,451.0,2026-10-07T00:00:00
XX.gold_usd.LBMA_DATAHUB,XX,gold_usd,1987-08-31,461.0,2026-10-07T00:00:00
XX.gold_usd.LBMA_DATAHUB,XX,gold_usd,1987-09-30,460.0,2026-10-07T00:00:00
XX.gold_usd.LBMA_DATAHUB,XX,gold_usd,1987-10-31,465.0,2026-10-07T00:00:00
XX.gold_usd.LBMA_DATAHUB,XX,gold_usd,1987-11-30,468.0,2026-10-07T00:00:00
XX.gold_usd.LBMA_DATAHUB,XX,gold_usd,1987-12-31,486.0,2026-10-07T00:00:00
XX.gold_usd.LBMA_DATAHUB,XX,gold_usd,1988-01-31,477.0,2026-10-07T00:00:00
XX.gold_usd.LBMA_DATAHUB,XX,gold_usd,1988-02-29,442.0,2026-10-07T00:00:00
XX.gold_usd.LBMA_DATAHUB,XX,gold_usd,1988-03-31,444.0,2026-10-07T00:00:00
XX.gold_usd.LBMA_DATAHUB,XX,gold_usd,1988-04-30,452.0,2026-10-07T00:00:00
XX.gold_usd.LBMA_DATAHUB,XX,gold_usd,1988-05-31,451.0,2026-10-07T00:00:00
XX.gold_usd.LBMA_DATAHUB,XX,gold_usd,1988-06-30,451.0,2026-10-07T00:00:00
XX.gold_usd.LBMA_DATAHUB,XX,gold_usd,1988-07-31,438.0,2026-10-07T00:00:00
XX.gold_usd.LBMA_DATAHUB,XX,gold_usd,1988-08-31,431.0,2026-10-07T00:00:00
XX.gold_usd.LBMA_DATAHUB,XX,gold_usd,1988-09-30,413.0,2026-10-07T00:00:00
XX.gold_usd.LBMA_DATAHUB,XX,gold_usd,1988-10-31,407.0,2026-10-07T00:00:00
XX.gold_usd.LBMA_DATAHUB,XX,gold_usd,1988-11-30,420.0,2026-10-07T00:00:00
XX.gold_usd.LBMA_DATAHUB,XX,gold_usd,1988-12-31,419.0,2026-10-07T00:00:00
XX.gold_usd.LBMA_DATAHUB,XX,gold_usd,1989-01-31,404.0,2026-10-07T00:00:00
XX.gold_usd.LBMA_DATAHUB,XX,gold_usd,1989-02-28,388.0,2026-10-07T00:00:00
XX.gold_usd.LBMA_DATAHUB,XX,gold_usd,1989-03-31,390.0,2026-10-07T00:00:00
XX.gold_usd.LBMA_DATAHUB,XX,gold_usd,1989-04-30,384.0,2026-10-07T00:00:00
XX.gold_usd.LBMA_DATAHUB,XX,gold_usd,1989-05-31,371.0,2026-10-07T00:00:00
XX.gold_usd.LBMA_DATAHUB,XX,gold_usd,1989-06-30,368.0,2026-10-07T00:00:00
XX.gold_usd.LBMA_DATAHUB,XX,gold_usd,1989-07-31,375.0,2026-10-07T00:00:00
XX.gold_usd.LBMA_DATAHUB,XX,gold_usd,1989-08-31,365.0,2026-10-07T00:00:00
XX.gold_usd.LBMA_DATAHUB,XX,gold_usd,1989-09-30,362.0,2026-10-07T00:00:00
XX.gold_usd.LBMA_DATAHUB,XX,gold_usd,1989-10-31,367.0,2026-10-07T00:00:00
XX.gold_usd.LBMA_DATAHUB,XX,gold_usd,1989-11-30,394.0,2026-10-07T00:00:00
XX.gold_usd.LBMA_DATAHUB,XX,gold_usd,1989-12-31,409.39,2026-10-07T00:00:00
XX.gold_usd.LBMA_DATAHUB,XX,gold_usd,1990-01-31,410.0,2026-10-07T00:00:00
XX.gold_usd.LBMA_DATAHUB,XX,gold_usd,1990-02-28,417.0,2026-10-07T00:00:00
XX.gold_usd.LBMA_DATAHUB,XX,gold_usd,1990-03-31,393.0,2026-10-07T00:00:00
XX.gold_usd.LBMA_DATAHUB,XX,gold_usd,1990-04-30,374.0,2026-10-07T00:00:00
XX.gold_usd.LBMA_DATAHUB,XX,gold_usd,1990-05-31,369.0,2026-10-07T00:00:00
XX.gold_usd.LBMA_DATAHUB,XX,gold_usd,1990-06-30,352.0,2026-10-07T00:00:00
XX.gold_usd.LBMA_DATAHUB,XX,gold_usd,1990-07-31,363.0,2026-10-07T00:00:00
XX.gold_usd.LBMA_DATAHUB,XX,gold_usd,1990-08-31,395.0,2026-10-07T00:00:00
XX.gold_usd.LBMA_DATAHUB,XX,gold_usd,1990-09-30,389.0,2026-10-07T00:00:00
XX.gold_usd.LBMA_DATAHUB,XX,gold_usd,1990-10-31,381.0,2026-10-07T00:00:00
XX.gold_usd.LBMA_DATAHUB,XX,gold_usd,1990-11-30,382.0,2026-10-07T00:00:00
XX.gold_usd.LBMA_DATAHUB,XX,gold_usd,1990-12-31,377.0,2026-10-07T00:00:00
XX.gold_usd.LBMA_DATAHUB,XX,gold_usd,1991-01-31,384.0,2026-10-07T00:00:00
XX.gold_usd.LBMA_DATAHUB,XX,gold_usd,1991-02-28,364.0,2026-10-07T00:00:00
XX.gold_usd.LBMA_DATAHUB,XX,gold_usd,1991-03-31,363.0,2026-10-07T00:00:00
XX.gold_usd.LBMA_DATAHUB,XX,gold_usd,1991-04-30,358.0,2026-10-07T00:00:00
XX.gold_usd.LBMA_DATAHUB,XX,gold_usd,1991-05-31,357.0,2026-10-07T00:00:00
XX.gold_usd.LBMA_DATAHUB,XX,gold_usd,1991-06-30,367.0,2026-10-07T00:00:00
XX.gold_usd.LBMA_DATAHUB,XX,gold_usd,1991-07-31,368.0,2026-10-07T00:00:00
XX.gold_usd.LBMA_DATAHUB,XX,gold_usd,1991-08-31,356.0,2026-10-07T00:00:00
XX.gold_usd.LBMA_DATAHUB,XX,gold_usd,1991-09-30,349.0,2026-10-07T00:00:00
XX.gold_usd.LBMA_DATAHUB,XX,gold_usd,1991-10-31,359.0,2026-10-07T00:00:00
XX.gold_usd.LBMA_DATAHUB,XX,gold_usd,1991-11-30,360.0,2026-10-07T00:00:00
XX.gold_usd.LBMA_DATAHUB,XX,gold_usd,1991-12-31,362.0,2026-10-07T00:00:00
XX.gold_usd.LBMA_DATAHUB,XX,gold_usd,1992-01-31,354.0,2026-10-07T00:00:00
XX.gold_usd.LBMA_DATAHUB,XX,gold_usd,1992-02-29,354.0,2026-10-07T00:00:00
XX.gold_usd.LBMA_DATAHUB,XX,gold_usd,1992-03-31,344.0,2026-10-07T00:00:00
XX.gold_usd.LBMA_DATAHUB,XX,gold_usd,1992-04-30,339.0,2026-10-07T00:00:00
XX.gold_usd.LBMA_DATAHUB,XX,gold_usd,1992-05-31,337.0,2026-10-07T00:00:00
XX.gold_usd.LBMA_DATAHUB,XX,gold_usd,1992-06-30,341.0,2026-10-07T00:00:00
XX.gold_usd.LBMA_DATAHUB,XX,gold_usd,1992-07-31,353.0,2026-10-07T00:00:00
XX.gold_usd.LBMA_DATAHUB,XX,gold_usd,1992-08-31,343.0,2026-10-07T00:00:00
XX.gold_usd.LBMA_DATAHUB,XX,gold_usd,1992-09-30,345.0,2026-10-07T00:00:00
XX.gold_usd.LBMA_DATAHUB,XX,gold_usd,1992-10-31,344.0,2026-10-07T00:00:00
XX.gold_usd.LBMA_DATAHUB,XX,gold_usd,1992-11-30,335.0,2026-10-07T00:00:00
XX.gold_usd.LBMA_DATAHUB,XX,gold_usd,1992-12-31,335.0,2026-10-07T00:00:00
XX.gold_usd.LBMA_DATAHUB,XX,gold_usd,1993-01-31,329.0,2026-10-07T00:00:00
XX.gold_usd.LBMA_DATAHUB,XX,gold_usd,1993-02-28,329.0,2026-10-07T00:00:00
XX.gold_usd.LBMA_DATAHUB,XX,gold_usd,1993-03-31,330.0,2026-10-07T00:00:00
XX.gold_usd.LBMA_DATAHUB,XX,gold_usd,1993-04-30,342.0,2026-10-07T00:00:00
XX.gold_usd.LBMA_DATAHUB,XX,gold_usd,1993-05-31,367.0,2026-10-07T00:00:00
XX.gold_usd.LBMA_DATAHUB,XX,gold_usd,1993-06-30,372.0,2026-10-07T00:00:00
XX.gold_usd.LBMA_DATAHUB,XX,gold_usd,1993-07-31,392.0,2026-10-07T00:00:00
XX.gold_usd.LBMA_DATAHUB,XX,gold_usd,1993-08-31,379.0,2026-10-07T00:00:00
XX.gold_usd.LBMA_DATAHUB,XX,gold_usd,1993-09-30,355.0,2026-10-07T00:00:00
XX.gold_usd.LBMA_DATAHUB,XX,gold_usd,1993-10-31,364.0,2026-10-07T00:00:00
XX.gold_usd.LBMA_DATAHUB,XX,gold_usd,1993-11-30,374.0,2026-10-07T00:00:00
XX.gold_usd.LBMA_DATAHUB,XX,gold_usd,1993-12-31,383.0,2026-10-07T00:00:00
XX.gold_usd.LBMA_DATAHUB,XX,gold_usd,1994-01-31,387.0,2026-10-07T00:00:00
XX.gold_usd.LBMA_DATAHUB,XX,gold_usd,1994-02-28,382.0,2026-10-07T00:00:00
XX.gold_usd.LBMA_DATAHUB,XX,gold_usd,1994-03-31,384.0,2026-10-07T00:00:00
XX.gold_usd.LBMA_DATAHUB,XX,gold_usd,1994-04-30,377.0,2026-10-07T00:00:00
XX.gold_usd.LBMA_DATAHUB,XX,gold_usd,1994-05-31,381.0,2026-10-07T00:00:00
XX.gold_usd.LBMA_DATAHUB,XX,gold_usd,1994-06-30,386.0,2026-10-07T00:00:00
XX.gold_usd.LBMA_DATAHUB,XX,gold_usd,1994-07-31,385.0,2026-10-07T00:00:00
XX.gold_usd.LBMA_DATAHUB,XX,gold_usd,1994-08-31,380.0,2026-10-07T00:00:00
XX.gold_usd.LBMA_DATAHUB,XX,gold_usd,1994-09-30,392.0,2026-10-07T00:00:00
XX.gold_usd.LBMA_DATAHUB,XX,gold_usd,1994-10-31,390.0,2026-10-07T00:00:00
XX.gold_usd.LBMA_DATAHUB,XX,gold_usd,1994-11-30,384.0,2026-10-07T00:00:00
XX.gold_usd.LBMA_DATAHUB,XX,gold_usd,1994-12-31,379.0,2026-10-07T00:00:00
XX.gold_usd.LBMA_DATAHUB,XX,gold_usd,1995-01-31,379.0,2026-10-07T00:00:00
XX.gold_usd.LBMA_DATAHUB,XX,gold_usd,1995-02-28,377.0,2026-10-07T00:00:00
XX.gold_usd.LBMA_DATAHUB,XX,gold_usd,1995-03-31,382.0,2026-10-07T00:00:00
XX.gold_usd.LBMA_DATAHUB,XX,gold_usd,1995-04-30,391.0,2026-10-07T00:00:00
XX.gold_usd.LBMA_DATAHUB,XX,gold_usd,1995-05-31,385.0,2026-10-07T00:00:00
XX.gold_usd.LBMA_DATAHUB,XX,gold_usd,1995-06-30,388.0,2026-10-07T00:00:00
XX.gold_usd.LBMA_DATAHUB,XX,gold_usd,1995-07-31,386.0,2026-10-07T00:00:00
XX.gold_usd.LBMA_DATAHUB,XX,gold_usd,1995-08-31,384.0,2026-10-07T00:00:00
XX.gold_usd.LBMA_DATAHUB,XX,gold_usd,1995-09-30,383.0,2026-10-07T00:00:00
XX.gold_usd.LBMA_DATAHUB,XX,gold_usd,1995-10-31,383.0,2026-10-07T00:00:00
XX.gold_usd.LBMA_DATAHUB,XX,gold_usd,1995-11-30,385.0,2026-10-07T00:00:00
XX.gold_usd.LBMA_DATAHUB,XX,gold_usd,1995-12-31,387.0,2026-10-07T00:00:00
XX.gold_usd.LBMA_DATAHUB,XX,gold_usd,1996-01-31,399.0,2026-10-07T00:00:00
XX.gold_usd.LBMA_DATAHUB,XX,gold_usd,1996-02-29,405.0,2026-10-07T00:00:00
XX.gold_usd.LBMA_DATAHUB,XX,gold_usd,1996-03-31,396.0,2026-10-07T00:00:00
XX.gold_usd.LBMA_DATAHUB,XX,gold_usd,1996-04-30,393.0,2026-10-07T00:00:00
XX.gold_usd.LBMA_DATAHUB,XX,gold_usd,1996-05-31,392.0,2026-10-07T00:00:00
XX.gold_usd.LBMA_DATAHUB,XX,gold_usd,1996-06-30,385.0,2026-10-07T00:00:00
XX.gold_usd.LBMA_DATAHUB,XX,gold_usd,1996-07-31,383.0,2026-10-07T00:00:00
XX.gold_usd.LBMA_DATAHUB,XX,gold_usd,1996-08-31,387.0,2026-10-07T00:00:00
XX.gold_usd.LBMA_DATAHUB,XX,gold_usd,1996-09-30,383.0,2026-10-07T00:00:00
XX.gold_usd.LBMA_DATAHUB,XX,gold_usd,1996-10-31,381.0,2026-10-07T00:00:00
XX.gold_usd.LBMA_DATAHUB,XX,gold_usd,1996-11-30,378.0,2026-10-07T00:00:00
XX.gold_usd.LBMA_DATAHUB,XX,gold_usd,1996-12-31,369.0,2026-10-07T00:00:00
XX.gold_usd.LBMA_DATAHUB,XX,gold_usd,1997-01-31,355.0,2026-10-07T00:00:00
XX.gold_usd.LBMA_DATAHUB,XX,gold_usd,1997-02-28,347.0,2026-10-07T00:00:00
XX.gold_usd.LBMA_DATAHUB,XX,gold_usd,1997-03-31,352.0,2026-10-07T00:00:00
XX.gold_usd.LBMA_DATAHUB,XX,gold_usd,1997-04-30,344.0,2026-10-07T00:00:00
XX.gold_usd.LBMA_DATAHUB,XX,gold_usd,1997-05-31,344.0,2026-10-07T00:00:00
XX.gold_usd.LBMA_DATAHUB,XX,gold_usd,1997-06-30,341.0,2026-10-07T00:00:00
XX.gold_usd.LBMA_DATAHUB,XX,gold_usd,1997-07-31,324.0,2026-10-07T00:00:00
XX.gold_usd.LBMA_DATAHUB,XX,gold_usd,1997-08-31,324.0,2026-10-07T00:00:00
XX.gold_usd.LBMA_DATAHUB,XX,gold_usd,1997-09-30,323.0,2026-10-07T00:00:00
XX.gold_usd.LBMA_DATAHUB,XX,gold_usd,1997-10-31,325.0,2026-10-07T00:00:00
XX.gold_usd.LBMA_DATAHUB,XX,gold_usd,1997-11-30,306.0,2026-10-07T00:00:00
XX.gold_usd.LBMA_DATAHUB,XX,gold_usd,1997-12-31,289.0,2026-10-07T00:00:00
XX.gold_usd.LBMA_DATAHUB,XX,gold_usd,1998-01-31,289.0,2026-10-07T00:00:00
XX.gold_usd.LBMA_DATAHUB,XX,gold_usd,1998-02-28,297.0,2026-10-07T00:00:00
XX.gold_usd.LBMA_DATAHUB,XX,gold_usd,1998-03-31,296.0,2026-10-07T00:00:00
XX.gold_usd.LBMA_DATAHUB,XX,gold_usd,1998-04-30,308.0,2026-10-07T00:00:00
XX.gold_usd.LBMA_DATAHUB,XX,gold_usd,1998-05-31,299.0,2026-10-07T00:00:00
XX.gold_usd.LBMA_DATAHUB,XX,gold_usd,1998-06-30,292.0,2026-10-07T00:00:00
XX.gold_usd.LBMA_DATAHUB,XX,gold_usd,1998-07-31,293.0,2026-10-07T00:00:00
XX.gold_usd.LBMA_DATAHUB,XX,gold_usd,1998-08-31,284.0,2026-10-07T00:00:00
XX.gold_usd.LBMA_DATAHUB,XX,gold_usd,1998-09-30,289.0,2026-10-07T00:00:00
XX.gold_usd.LBMA_DATAHUB,XX,gold_usd,1998-10-31,296.0,2026-10-07T00:00:00
XX.gold_usd.LBMA_DATAHUB,XX,gold_usd,1998-11-30,294.0,2026-10-07T00:00:00
XX.gold_usd.LBMA_DATAHUB,XX,gold_usd,1998-12-31,292.0,2026-10-07T00:00:00
XX.gold_usd.LBMA_DATAHUB,XX,gold_usd,1999-01-31,287.0,2026-10-07T00:00:00
XX.gold_usd.LBMA_DATAHUB,XX,gold_usd,1999-02-28,287.0,2026-10-07T00:00:00
XX.gold_usd.LBMA_DATAHUB,XX,gold_usd,1999-03-31,286.0,2026-10-07T00:00:00
XX.gold_usd.LBMA_DATAHUB,XX,gold_usd,1999-04-30,283.0,2026-10-07T00:00:00
XX.gold_usd.LBMA_DATAHUB,XX,gold_usd,1999-05-31,276.0,2026-10-07T00:00:00
XX.gold_usd.LBMA_DATAHUB,XX,gold_usd,1999-06-30,261.0,2026-10-07T00:00:00
XX.gold_usd.LBMA_DATAHUB,XX,gold_usd,1999-07-31,256.0,2026-10-07T00:00:00
XX.gold_usd.LBMA_DATAHUB,XX,gold_usd,1999-08-31,257.0,2026-10-07T00:00:00
XX.gold_usd.LBMA_DATAHUB,XX,gold_usd,1999-09-30,265.0,2026-10-07T00:00:00
XX.gold_usd.LBMA_DATAHUB,XX,gold_usd,1999-10-31,311.0,2026-10-07T00:00:00
XX.gold_usd.LBMA_DATAHUB,XX,gold_usd,1999-11-30,293.0,2026-10-07T00:00:00
XX.gold_usd.LBMA_DATAHUB,XX,gold_usd,1999-12-31,283.0,2026-10-07T00:00:00
XX.gold_usd.LBMA_DATAHUB,XX,gold_usd,2000-01-31,284.0,2026-10-07T00:00:00
XX.gold_usd.LBMA_DATAHUB,XX,gold_usd,2000-02-29,300.0,2026-10-07T00:00:00
XX.gold_usd.LBMA_DATAHUB,XX,gold_usd,2000-03-31,286.0,2026-10-07T00:00:00
XX.gold_usd.LBMA_DATAHUB,XX,gold_usd,2000-04-30,280.0,2026-10-07T00:00:00
XX.gold_usd.LBMA_DATAHUB,XX,gold_usd,2000-05-31,275.0,2026-10-07T00:00:00
XX.gold_usd.LBMA_DATAHUB,XX,gold_usd,2000-06-30,286.0,2026-10-07T00:00:00
XX.gold_usd.LBMA_DATAHUB,XX,gold_usd,2000-07-31,282.0,2026-10-07T00:00:00
XX.gold_usd.LBMA_DATAHUB,XX,gold_usd,2000-08-31,274.47,2026-10-07T00:00:00
XX.gold_usd.LBMA_DATAHUB,XX,gold_usd,2000-09-30,274.0,2026-10-07T00:00:00
XX.gold_usd.LBMA_DATAHUB,XX,gold_usd,2000-10-31,270.0,2026-10-07T00:00:00
XX.gold_usd.LBMA_DATAHUB,XX,gold_usd,2000-11-30,266.0,2026-10-07T00:00:00
XX.gold_usd.LBMA_DATAHUB,XX,gold_usd,2000-12-31,271.0,2026-10-07T00:00:00
XX.gold_usd.LBMA_DATAHUB,XX,gold_usd,2001-01-31,265.0,2026-10-07T00:00:00
XX.gold_usd.LBMA_DATAHUB,XX,gold_usd,2001-02-28,262.0,2026-10-07T00:00:00
XX.gold_usd.LBMA_DATAHUB,XX,gold_usd,2001-03-31,263.0,2026-10-07T00:00:00
XX.gold_usd.LBMA_DATAHUB,XX,gold_usd,2001-04-30,260.0,2026-10-07T00:00:00
XX.gold_usd.LBMA_DATAHUB,XX,gold_usd,2001-05-31,272.0,2026-10-07T00:00:00
XX.gold_usd.LBMA_DATAHUB,XX,gold_usd,2001-06-30,270.0,2026-10-07T00:00:00
XX.gold_usd.LBMA_DATAHUB,XX,gold_usd,2001-07-31,268.0,2026-10-07T00:00:00
XX.gold_usd.LBMA_DATAHUB,XX,gold_usd,2001-08-31,272.0,2026-10-07T00:00:00
XX.gold_usd.LBMA_DATAHUB,XX,gold_usd,2001-09-30,283.0,2026-10-07T00:00:00
XX.gold_usd.LBMA_DATAHUB,XX,gold_usd,2001-10-31,283.0,2026-10-07T00:00:00
XX.gold_usd.LBMA_DATAHUB,XX,gold_usd,2001-11-30,276.0,2026-10-07T00:00:00
XX.gold_usd.LBMA_DATAHUB,XX,gold_usd,2001-12-31,276.0,2026-10-07T00:00:00
XX.gold_usd.LBMA_DATAHUB,XX,gold_usd,2002-01-31,282.0,2026-10-07T00:00:00
XX.gold_usd.LBMA_DATAHUB,XX,gold_usd,2002-02-28,296.0,2026-10-07T00:00:00
XX.gold_usd.LBMA_DATAHUB,XX,gold_usd,2002-03-31,294.0,2026-10-07T00:00:00
XX.gold_usd.LBMA_DATAHUB,XX,gold_usd,2002-04-30,303.0,2026-10-07T00:00:00
XX.gold_usd.LBMA_DATAHUB,XX,gold_usd,2002-05-31,314.0,2026-10-07T00:00:00
XX.gold_usd.LBMA_DATAHUB,XX,gold_usd,2002-06-30,321.0,2026-10-07T00:00:00
XX.gold_usd.LBMA_DATAHUB,XX,gold_usd,2002-07-31,313.0,2026-10-07T00:00:00
XX.gold_usd.LBMA_DATAHUB,XX,gold_usd,2002-08-31,310.0,2026-10-07T00:00:00
XX.gold_usd.LBMA_DATAHUB,XX,gold_usd,2002-09-30,319.0,2026-10-07T00:00:00
XX.gold_usd.LBMA_DATAHUB,XX,gold_usd,2002-10-31,317.0,2026-10-07T00:00:00
XX.gold_usd.LBMA_DATAHUB,XX,gold_usd,2002-11-30,319.0,2026-10-07T00:00:00
XX.gold_usd.LBMA_DATAHUB,XX,gold_usd,2002-12-31,332.0,2026-10-07T00:00:00
XX.gold_usd.LBMA_DATAHUB,XX,gold_usd,2003-01-31,357.0,2026-10-07T00:00:00
XX.gold_usd.LBMA_DATAHUB,XX,gold_usd,2003-02-28,359.0,2026-10-07T00:00:00
XX.gold_usd.LBMA_DATAHUB,XX,gold_usd,2003-03-31,341.0,2026-10-07T00:00:00
XX.gold_usd.LBMA_DATAHUB,XX,gold_usd,2003-04-30,328.0,2026-10-07T00:00:00
XX.gold_usd.LBMA_DATAHUB,XX,gold_usd,2003-05-31,356.0,2026-10-07T00:00:00
XX.gold_usd.LBMA_DATAHUB,XX,gold_usd,2003-06-30,356.0,2026-10-07T00:00:00
XX.gold_usd.LBMA_DATAHUB,XX,gold_usd,2003-07-31,351.0,2026-10-07T00:00:00
XX.gold_usd.LBMA_DATAHUB,XX,gold_usd,2003-08-31,360.0,2026-10-07T00:00:00
XX.gold_usd.LBMA_DATAHUB,XX,gold_usd,2003-09-30,379.0,2026-10-07T00:00:00
XX.gold_usd.LBMA_DATAHUB,XX,gold_usd,2003-10-31,379.0,2026-10-07T00:00:00
XX.gold_usd.LBMA_DATAHUB,XX,gold_usd,2003-11-30,390.0,2026-10-07T00:00:00
XX.gold_usd.LBMA_DATAHUB,XX,gold_usd,2003-12-31,407.0,2026-10-07T00:00:00
XX.gold_usd.LBMA_DATAHUB,XX,gold_usd,2004-01-31,414.0,2026-10-07T00:00:00
XX.gold_usd.LBMA_DATAHUB,XX,gold_usd,2004-02-29,405.0,2026-10-07T00:00:00
XX.gold_usd.LBMA_DATAHUB,XX,gold_usd,2004-03-31,407.0,2026-10-07T00:00:00
XX.gold_usd.LBMA_DATAHUB,XX,gold_usd,2004-04-30,403.0,2026-10-07T00:00:00
XX.gold_usd.LBMA_DATAHUB,XX,gold_usd,2004-05-31,384.0,2026-10-07T00:00:00
XX.gold_usd.LBMA_DATAHUB,XX,gold_usd,2004-06-30,392.0,2026-10-07T00:00:00
XX.gold_usd.LBMA_DATAHUB,XX,gold_usd,2004-07-31,398.0,2026-10-07T00:00:00
XX.gold_usd.LBMA_DATAHUB,XX,gold_usd,2004-08-31,401.0,2026-10-07T00:00:00
XX.gold_usd.LBMA_DATAHUB,XX,gold_usd,2004-09-30,405.0,2026-10-07T00:00:00
XX.gold_usd.LBMA_DATAHUB,XX,gold_usd,2004-10-31,420.0,2026-10-07T00:00:00
XX.gold_usd.LBMA_DATAHUB,XX,gold_usd,2004-11-30,439.0,2026-10-07T00:00:00
XX.gold_usd.LBMA_DATAHUB,XX,gold_usd,2004-12-31,442.0,2026-10-07T00:00:00
XX.gold_usd.LBMA_DATAHUB,XX,gold_usd,2005-01-31,424.0,2026-10-07T00:00:00
XX.gold_usd.LBMA_DATAHUB,XX,gold_usd,2005-02-28,423.0,2026-10-07T00:00:00
XX.gold_usd.LBMA_DATAHUB,XX,gold_usd,2005-03-31,434.0,2026-10-07T00:00:00
XX.gold_usd.LBMA_DATAHUB,XX,gold_usd,2005-04-30,429.0,2026-10-07T00:00:00
XX.gold_usd.LBMA_DATAHUB,XX,gold_usd,2005-05-31,422.0,2026-10-07T00:00:00
XX.gold_usd.LBMA_DATAHUB,XX,gold_usd,2005-06-30,431.0,2026-10-07T00:00:00
XX.gold_usd.LBMA_DATAHUB,XX,gold_usd,2005-07-31,424.0,2026-10-07T00:00:00
XX.gold_usd.LBMA_DATAHUB,XX,gold_usd,2005-08-31,438.0,2026-10-07T00:00:00
XX.gold_usd.LBMA_DATAHUB,XX,gold_usd,2005-09-30,456.0,2026-10-07T00:00:00
XX.gold_usd.LBMA_DATAHUB,XX,gold_usd,2005-10-31,470.0,2026-10-07T00:00:00
XX.gold_usd.LBMA_DATAHUB,XX,gold_usd,2005-11-30,477.0,2026-10-07T00:00:00
XX.gold_usd.LBMA_DATAHUB,XX,gold_usd,2005-12-31,510.0,2026-10-07T00:00:00
XX.gold_usd.LBMA_DATAHUB,XX,gold_usd,2006-01-31,550.0,2026-10-07T00:00:00
XX.gold_usd.LBMA_DATAHUB,XX,gold_usd,2006-02-28,555.0,2026-10-07T00:00:00
XX.gold_usd.LBMA_DATAHUB,XX,gold_usd,2006-03-31,557.0,2026-10-07T00:00:00
XX.gold_usd.LBMA_DATAHUB,XX,gold_usd,2006-04-30,611.0,2026-10-07T00:00:00
XX.gold_usd.LBMA_DATAHUB,XX,gold_usd,2006-05-31,675.0,2026-10-07T00:00:00
XX.gold_usd.LBMA_DATAHUB,XX,gold_usd,2006-06-30,596.0,2026-10-07T00:00:00
XX.gold_usd.LBMA_DATAHUB,XX,gold_usd,2006-07-31,634.0,2026-10-07T00:00:00
XX.gold_usd.LBMA_DATAHUB,XX,gold_usd,2006-08-31,633.0,2026-10-07T00:00:00
XX.gold_usd.LBMA_DATAHUB,XX,gold_usd,2006-09-30,598.0,2026-10-07T00:00:00
XX.gold_usd.LBMA_DATAHUB,XX,gold_usd,2006-10-31,586.0,2026-10-07T00:00:00
XX.gold_usd.LBMA_DATAHUB,XX,gold_usd,2006-11-30,628.0,2026-10-07T00:00:00
XX.gold_usd.LBMA_DATAHUB,XX,gold_usd,2006-12-31,630.0,2026-10-07T00:00:00
XX.gold_usd.LBMA_DATAHUB,XX,gold_usd,2007-01-31,631.0,2026-10-07T00:00:00
XX.gold_usd.LBMA_DATAHUB,XX,gold_usd,2007-02-28,665.0,2026-10-07T00:00:00
XX.gold_usd.LBMA_DATAHUB,XX,gold_usd,2007-03-31,655.0,2026-10-07T00:00:00
XX.gold_usd.LBMA_DATAHUB,XX,gold_usd,2007-04-30,679.0,2026-10-07T00:00:00
XX.gold_usd.LBMA_DATAHUB,XX,gold_usd,2007-05-31,667.0,2026-10-07T00:00:00
XX.gold_usd.LBMA_DATAHUB,XX,gold_usd,2007-06-30,656.0,2026-10-07T00:00:00
XX.gold_usd.LBMA_DATAHUB,XX,gold_usd,2007-07-31,665.0,2026-10-07T00:00:00
XX.gold_usd.LBMA_DATAHUB,XX,gold_usd,2007-08-31,665.0,2026-10-07T00:00:00
XX.gold_usd.LBMA_DATAHUB,XX,gold_usd,2007-09-30,713.0,2026-10-07T00:00:00
XX.gold_usd.LBMA_DATAHUB,XX,gold_usd,2007-10-31,755.0,2026-10-07T00:00:00
XX.gold_usd.LBMA_DATAHUB,XX,gold_usd,2007-11-30,806.0,2026-10-07T00:00:00
XX.gold_usd.LBMA_DATAHUB,XX,gold_usd,2007-12-31,803.0,2026-10-07T00:00:00
XX.gold_usd.LBMA_DATAHUB,XX,gold_usd,2008-01-31,890.0,2026-10-07T00:00:00
XX.gold_usd.LBMA_DATAHUB,XX,gold_usd,2008-02-29,922.0,2026-10-07T00:00:00
XX.gold_usd.LBMA_DATAHUB,XX,gold_usd,2008-03-31,968.0,2026-10-07T00:00:00
XX.gold_usd.LBMA_DATAHUB,XX,gold_usd,2008-04-30,910.0,2026-10-07T00:00:00
XX.gold_usd.LBMA_DATAHUB,XX,gold_usd,2008-05-31,889.0,2026-10-07T00:00:00
XX.gold_usd.LBMA_DATAHUB,XX,gold_usd,2008-06-30,889.0,2026-10-07T00:00:00
XX.gold_usd.LBMA_DATAHUB,XX,gold_usd,2008-07-31,940.0,2026-10-07T00:00:00
XX.gold_usd.LBMA_DATAHUB,XX,gold_usd,2008-08-31,839.0,2026-10-07T00:00:00
XX.gold_usd.LBMA_DATAHUB,XX,gold_usd,2008-09-30,830.0,2026-10-07T00:00:00
XX.gold_usd.LBMA_DATAHUB,XX,gold_usd,2008-10-31,807.0,2026-10-07T00:00:00
XX.gold_usd.LBMA_DATAHUB,XX,gold_usd,2008-11-30,761.0,2026-10-07T00:00:00
XX.gold_usd.LBMA_DATAHUB,XX,gold_usd,2008-12-31,816.0,2026-10-07T00:00:00
XX.gold_usd.LBMA_DATAHUB,XX,gold_usd,2009-01-31,859.0,2026-10-07T00:00:00
XX.gold_usd.LBMA_DATAHUB,XX,gold_usd,2009-02-28,943.0,2026-10-07T00:00:00
XX.gold_usd.LBMA_DATAHUB,XX,gold_usd,2009-03-31,924.0,2026-10-07T00:00:00
XX.gold_usd.LBMA_DATAHUB,XX,gold_usd,2009-04-30,890.0,2026-10-07T00:00:00
XX.gold_usd.LBMA_DATAHUB,XX,gold_usd,2009-05-31,929.0,2026-10-07T00:00:00
XX.gold_usd.LBMA_DATAHUB,XX,gold_usd,2009-06-30,946.0,2026-10-07T00:00:00
XX.gold_usd.LBMA_DATAHUB,XX,gold_usd,2009-07-31,934.0,2026-10-07T00:00:00
XX.gold_usd.LBMA_DATAHUB,XX,gold_usd,2009-08-31,949.0,2026-10-07T00:00:00
XX.gold_usd.LBMA_DATAHUB,XX,gold_usd,2009-09-30,997.0,2026-10-07T00:00:00
XX.gold_usd.LBMA_DATAHUB,XX,gold_usd,2009-10-31,1043.0,2026-10-07T00:00:00
XX.gold_usd.LBMA_DATAHUB,XX,gold_usd,2009-11-30,1127.0,2026-10-07T00:00:00
XX.gold_usd.LBMA_DATAHUB,XX,gold_usd,2009-12-31,1135.0,2026-10-07T00:00:00
XX.gold_usd.LBMA_DATAHUB,XX,gold_usd,2010-01-31,1118.0,2026-10-07T00:00:00
XX.gold_usd.LBMA_DATAHUB,XX,gold_usd,2010-02-28,1095.0,2026-10-07T00:00:00
XX.gold_usd.LBMA_DATAHUB,XX,gold_usd,2010-03-31,1113.0,2026-10-07T00:00:00
XX.gold_usd.LBMA_DATAHUB,XX,gold_usd,2010-04-30,1149.0,2026-10-07T00:00:00
XX.gold_usd.LBMA_DATAHUB,XX,gold_usd,2010-05-31,1205.0,2026-10-07T00:00:00
XX.gold_usd.LBMA_DATAHUB,XX,gold_usd,2010-06-30,1233.0,2026-10-07T00:00:00
XX.gold_usd.LBMA_DATAHUB,XX,gold_usd,2010-07-31,1193.0,2026-10-07T00:00:00
XX.gold_usd.LBMA_DATAHUB,XX,gold_usd,2010-08-31,1216.0,2026-10-07T00:00:00
XX.gold_usd.LBMA_DATAHUB,XX,gold_usd,2010-09-30,1271.0,2026-10-07T00:00:00
XX.gold_usd.LBMA_DATAHUB,XX,gold_usd,2010-10-31,1342.0,2026-10-07T00:00:00
XX.gold_usd.LBMA_DATAHUB,XX,gold_usd,2010-11-30,1370.0,2026-10-07T00:00:00
XX.gold_usd.LBMA_DATAHUB,XX,gold_usd,2010-12-31,1391.0,2026-10-07T00:00:00
XX.gold_usd.LBMA_DATAHUB,XX,gold_usd,2011-01-31,1360.0,2026-10-07T00:00:00
XX.gold_usd.LBMA_DATAHUB,XX,gold_usd,2011-02-28,1375.0,2026-10-07T00:00:00
XX.gold_usd.LBMA_DATAHUB,XX,gold_usd,2011-03-31,1423.0,2026-10-07T00:00:00
XX.gold_usd.LBMA_DATAHUB,XX,gold_usd,2011-04-30,1481.0,2026-10-07T00:00:00
XX.gold_usd.LBMA_DATAHUB,XX,gold_usd,2011-05-31,1513.0,2026-10-07T00:00:00
XX.gold_usd.LBMA_DATAHUB,XX,gold_usd,2011-06-30,1529.0,2026-10-07T00:00:00
XX.gold_usd.LBMA_DATAHUB,XX,gold_usd,2011-07-31,1573.0,2026-10-07T00:00:00
XX.gold_usd.LBMA_DATAHUB,XX,gold_usd,2011-08-31,1759.0,2026-10-07T00:00:00
XX.gold_usd.LBMA_DATAHUB,XX,gold_usd,2011-09-30,1772.0,2026-10-07T00:00:00
XX.gold_usd.LBMA_DATAHUB,XX,gold_usd,2011-10-31,1666.0,2026-10-07T00:00:00
XX.gold_usd.LBMA_DATAHUB,XX,gold_usd,2011-11-30,1739.0,2026-10-07T00:00:00
XX.gold_usd.LBMA_DATAHUB,XX,gold_usd,2011-12-31,1640.0,2026-10-07T00:00:00
XX.gold_usd.LBMA_DATAHUB,XX,gold_usd,2012-01-31,1654.0,2026-10-07T00:00:00
XX.gold_usd.LBMA_DATAHUB,XX,gold_usd,2012-02-29,1745.0,2026-10-07T00:00:00
XX.gold_usd.LBMA_DATAHUB,XX,gold_usd,2012-03-31,1676.0,2026-10-07T00:00:00
XX.gold_usd.LBMA_DATAHUB,XX,gold_usd,2012-04-30,1649.0,2026-10-07T00:00:00
XX.gold_usd.LBMA_DATAHUB,XX,gold_usd,2012-05-31,1589.0,2026-10-07T00:00:00
XX.gold_usd.LBMA_DATAHUB,XX,gold_usd,2012-06-30,1599.0,2026-10-07T00:00:00
XX.gold_usd.LBMA_DATAHUB,XX,gold_usd,2012-07-31,1594.0,2026-10-07T00:00:00
XX.gold_usd.LBMA_DATAHUB,XX,gold_usd,2012-08-31,1630.0,2026-10-07T00:00:00
XX.gold_usd.LBMA_DATAHUB,XX,gold_usd,2012-09-30,1745.0,2026-10-07T00:00:00
XX.gold_usd.LBMA_DATAHUB,XX,gold_usd,2012-10-31,1747.0,2026-10-07T00:00:00
XX.gold_usd.LBMA_DATAHUB,XX,gold_usd,2012-11-30,1722.0,2026-10-07T00:00:00
XX.gold_usd.LBMA_DATAHUB,XX,gold_usd,2012-12-31,1685.0,2026-10-07T00:00:00
XX.gold_usd.LBMA_DATAHUB,XX,gold_usd,2013-01-31,1672.0,2026-10-07T00:00:00
XX.gold_usd.LBMA_DATAHUB,XX,gold_usd,2013-02-28,1628.0,2026-10-07T00:00:00
XX.gold_usd.LBMA_DATAHUB,XX,gold_usd,2013-03-31,1593.0,2026-10-07T00:00:00
XX.gold_usd.LBMA_DATAHUB,XX,gold_usd,2013-04-30,1488.0,2026-10-07T00:00:00
XX.gold_usd.LBMA_DATAHUB,XX,gold_usd,2013-05-31,1414.0,2026-10-07T00:00:00
XX.gold_usd.LBMA_DATAHUB,XX,gold_usd,2013-06-30,1343.0,2026-10-07T00:00:00
XX.gold_usd.LBMA_DATAHUB,XX,gold_usd,2013-07-31,1286.0,2026-10-07T00:00:00
XX.gold_usd.LBMA_DATAHUB,XX,gold_usd,2013-08-31,1352.0,2026-10-07T00:00:00
XX.gold_usd.LBMA_DATAHUB,XX,gold_usd,2013-09-30,1349.0,2026-10-07T00:00:00
XX.gold_usd.LBMA_DATAHUB,XX,gold_usd,2013-10-31,1317.0,2026-10-07T00:00:00
XX.gold_usd.LBMA_DATAHUB,XX,gold_usd,2013-11-30,1276.0,2026-10-07T00:00:00
XX.gold_usd.LBMA_DATAHUB,XX,gold_usd,2013-12-31,1222.0,2026-10-07T00:00:00
XX.gold_usd.LBMA_DATAHUB,XX,gold_usd,2014-01-31,1244.0,2026-10-07T00:00:00
XX.gold_usd.LBMA_DATAHUB,XX,gold_usd,2014-02-28,1300.0,2026-10-07T00:00:00
XX.gold_usd.LBMA_DATAHUB,XX,gold_usd,2014-03-31,1336.0,2026-10-07T00:00:00
XX.gold_usd.LBMA_DATAHUB,XX,gold_usd,2014-04-30,1298.0,2026-10-07T00:00:00
XX.gold_usd.LBMA_DATAHUB,XX,gold_usd,2014-05-31,1289.0,2026-10-07T00:00:00
XX.gold_usd.LBMA_DATAHUB,XX,gold_usd,2014-06-30,1279.0,2026-10-07T00:00:00
XX.gold_usd.LBMA_DATAHUB,XX,gold_usd,2014-07-31,1311.0,2026-10-07T00:00:00
XX.gold_usd.LBMA_DATAHUB,XX,gold_usd,2014-08-31,1295.0,2026-10-07T00:00:00
XX.gold_usd.LBMA_DATAHUB,XX,gold_usd,2014-09-30,1237.0,2026-10-07T00:00:00
XX.gold_usd.LBMA_DATAHUB,XX,gold_usd,2014-10-31,1222.0,2026-10-07T00:00:00
XX.gold_usd.LBMA_DATAHUB,XX,gold_usd,2014-11-30,1175.0,2026-10-07T00:00:00
XX.gold_usd.LBMA_DATAHUB,XX,gold_usd,2014-12-31,1201.0,2026-10-07T00:00:00
XX.gold_usd.LBMA_DATAHUB,XX,gold_usd,2015-01-31,1251.0,2026-10-07T00:00:00
XX.gold_usd.LBMA_DATAHUB,XX,gold_usd,2015-02-28,1227.0,2026-10-07T00:00:00
XX.gold_usd.LBMA_DATAHUB,XX,gold_usd,2015-03-31,1179.0,2026-10-07T00:00:00
XX.gold_usd.LBMA_DATAHUB,XX,gold_usd,2015-04-30,1199.0,2026-10-07T00:00:00
XX.gold_usd.LBMA_DATAHUB,XX,gold_usd,2015-05-31,1199.0,2026-10-07T00:00:00
XX.gold_usd.LBMA_DATAHUB,XX,gold_usd,2015-06-30,1182.0,2026-10-07T00:00:00
XX.gold_usd.LBMA_DATAHUB,XX,gold_usd,2015-07-31,1128.0,2026-10-07T00:00:00
XX.gold_usd.LBMA_DATAHUB,XX,gold_usd,2015-08-31,1118.0,2026-10-07T00:00:00
XX.gold_usd.LBMA_DATAHUB,XX,gold_usd,2015-09-30,1125.0,2026-10-07T00:00:00
XX.gold_usd.LBMA_DATAHUB,XX,gold_usd,2015-10-31,1159.0,2026-10-07T00:00:00
XX.gold_usd.LBMA_DATAHUB,XX,gold_usd,2015-11-30,1086.0,2026-10-07T00:00:00
XX.gold_usd.LBMA_DATAHUB,XX,gold_usd,2015-12-31,1076.0,2026-10-07T00:00:00
XX.gold_usd.LBMA_DATAHUB,XX,gold_usd,2016-01-31,1098.0,2026-10-07T00:00:00
XX.gold_usd.LBMA_DATAHUB,XX,gold_usd,2016-02-29,1200.0,2026-10-07T00:00:00
XX.gold_usd.LBMA_DATAHUB,XX,gold_usd,2016-03-31,1245.0,2026-10-07T00:00:00
XX.gold_usd.LBMA_DATAHUB,XX,gold_usd,2016-04-30,1242.0,2026-10-07T00:00:00
XX.gold_usd.LBMA_DATAHUB,XX,gold_usd,2016-05-31,1261.0,2026-10-07T00:00:00
XX.gold_usd.LBMA_DATAHUB,XX,gold_usd,2016-06-30,1276.0,2026-10-07T00:00:00
XX.gold_usd.LBMA_DATAHUB,XX,gold_usd,2016-07-31,1337.0,2026-10-07T00:00:00
XX.gold_usd.LBMA_DATAHUB,XX,gold_usd,2016-08-31,1340.0,2026-10-07T00:00:00
XX.gold_usd.LBMA_DATAHUB,XX,gold_usd,2016-09-30,1327.0,2026-10-07T00:00:00
XX.gold_usd.LBMA_DATAHUB,XX,gold_usd,2016-10-31,1267.0,2026-10-07T00:00:00
XX.gold_usd.LBMA_DATAHUB,XX,gold_usd,2016-11-30,1238.0,2026-10-07T00:00:00
XX.gold_usd.LBMA_DATAHUB,XX,gold_usd,2016-12-31,1157.0,2026-10-07T00:00:00
XX.gold_usd.LBMA_DATAHUB,XX,gold_usd,2017-01-31,1192.0,2026-10-07T00:00:00
XX.gold_usd.LBMA_DATAHUB,XX,gold_usd,2017-02-28,1234.0,2026-10-07T00:00:00
XX.gold_usd.LBMA_DATAHUB,XX,gold_usd,2017-03-31,1231.0,2026-10-07T00:00:00
XX.gold_usd.LBMA_DATAHUB,XX,gold_usd,2017-04-30,1267.0,2026-10-07T00:00:00
XX.gold_usd.LBMA_DATAHUB,XX,gold_usd,2017-05-31,1246.0,2026-10-07T00:00:00
XX.gold_usd.LBMA_DATAHUB,XX,gold_usd,2017-06-30,1260.0,2026-10-07T00:00:00
XX.gold_usd.LBMA_DATAHUB,XX,gold_usd,2017-07-31,1237.0,2026-10-07T00:00:00
XX.gold_usd.LBMA_DATAHUB,XX,gold_usd,2017-08-31,1283.0,2026-10-07T00:00:00
XX.gold_usd.LBMA_DATAHUB,XX,gold_usd,2017-09-30,1314.0,2026-10-07T00:00:00
XX.gold_usd.LBMA_DATAHUB,XX,gold_usd,2017-10-31,1280.0,2026-10-07T00:00:00
XX.gold_usd.LBMA_DATAHUB,XX,gold_usd,2017-11-30,1282.0,2026-10-07T00:00:00
XX.gold_usd.LBMA_DATAHUB,XX,gold_usd,2017-12-31,1264.0,2026-10-07T00:00:00
XX.gold_usd.LBMA_DATAHUB,XX,gold_usd,2018-01-31,1331.0,2026-10-07T00:00:00
XX.gold_usd.LBMA_DATAHUB,XX,gold_usd,2018-02-28,1331.0,2026-10-07T00:00:00
XX.gold_usd.LBMA_DATAHUB,XX,gold_usd,2018-03-31,1325.0,2026-10-07T00:00:00
XX.gold_usd.LBMA_DATAHUB,XX,gold_usd,2018-04-30,1335.0,2026-10-07T00:00:00
XX.gold_usd.LBMA_DATAHUB,XX,gold_usd,2018-05-31,1303.0,2026-10-07T00:00:00
XX.gold_usd.LBMA_DATAHUB,XX,gold_usd,2018-06-30,1282.0,2026-10-07T00:00:00
XX.gold_usd.LBMA_DATAHUB,XX,gold_usd,2018-07-31,1238.0,2026-10-07T00:00:00
XX.gold_usd.LBMA_DATAHUB,XX,gold_usd,2018-08-31,1202.0,2026-10-07T00:00:00
XX.gold_usd.LBMA_DATAHUB,XX,gold_usd,2018-09-30,1198.0,2026-10-07T00:00:00
XX.gold_usd.LBMA_DATAHUB,XX,gold_usd,2018-10-31,1215.0,2026-10-07T00:00:00
XX.gold_usd.LBMA_DATAHUB,XX,gold_usd,2018-11-30,1221.0,2026-10-07T00:00:00
XX.gold_usd.LBMA_DATAHUB,XX,gold_usd,2018-12-31,1250.0,2026-10-07T00:00:00
XX.gold_usd.LBMA_DATAHUB,XX,gold_usd,2019-01-31,1292.0,2026-10-07T00:00:00
XX.gold_usd.LBMA_DATAHUB,XX,gold_usd,2019-02-28,1320.0,2026-10-07T00:00:00
XX.gold_usd.LBMA_DATAHUB,XX,gold_usd,2019-03-31,1301.0,2026-10-07T00:00:00
XX.gold_usd.LBMA_DATAHUB,XX,gold_usd,2019-04-30,1286.0,2026-10-07T00:00:00
XX.gold_usd.LBMA_DATAHUB,XX,gold_usd,2019-05-31,1284.0,2026-10-07T00:00:00
XX.gold_usd.LBMA_DATAHUB,XX,gold_usd,2019-06-30,1359.0,2026-10-07T00:00:00
XX.gold_usd.LBMA_DATAHUB,XX,gold_usd,2019-07-31,1413.0,2026-10-07T00:00:00
XX.gold_usd.LBMA_DATAHUB,XX,gold_usd,2019-08-31,1500.0,2026-10-07T00:00:00
XX.gold_usd.LBMA_DATAHUB,XX,gold_usd,2019-09-30,1511.0,2026-10-07T00:00:00
XX.gold_usd.LBMA_DATAHUB,XX,gold_usd,2019-10-31,1495.0,2026-10-07T00:00:00
XX.gold_usd.LBMA_DATAHUB,XX,gold_usd,2019-11-30,1471.0,2026-10-07T00:00:00
XX.gold_usd.LBMA_DATAHUB,XX,gold_usd,2019-12-31,1479.0,2026-10-07T00:00:00
XX.gold_usd.LBMA_DATAHUB,XX,gold_usd,2020-01-31,1561.0,2026-10-07T00:00:00
XX.gold_usd.LBMA_DATAHUB,XX,gold_usd,2020-02-29,1597.0,2026-10-07T00:00:00
XX.gold_usd.LBMA_DATAHUB,XX,gold_usd,2020-03-31,1592.0,2026-10-07T00:00:00
XX.gold_usd.LBMA_DATAHUB,XX,gold_usd,2020-04-30,1683.0,2026-10-07T00:00:00
XX.gold_usd.LBMA_DATAHUB,XX,gold_usd,2020-05-31,1716.0,2026-10-07T00:00:00
XX.gold_usd.LBMA_DATAHUB,XX,gold_usd,2020-06-30,1732.0,2026-10-07T00:00:00
XX.gold_usd.LBMA_DATAHUB,XX,gold_usd,2020-07-31,1847.0,2026-10-07T00:00:00
XX.gold_usd.LBMA_DATAHUB,XX,gold_usd,2020-08-31,1969.0,2026-10-07T00:00:00
XX.gold_usd.LBMA_DATAHUB,XX,gold_usd,2020-09-30,1922.0,2026-10-07T00:00:00
XX.gold_usd.LBMA_DATAHUB,XX,gold_usd,2020-10-31,1900.0,2026-10-07T00:00:00
XX.gold_usd.LBMA_DATAHUB,XX,gold_usd,2020-11-30,1866.0,2026-10-07T00:00:00
XX.gold_usd.LBMA_DATAHUB,XX,gold_usd,2020-12-31,1858.0,2026-10-07T00:00:00
XX.gold_usd.LBMA_DATAHUB,XX,gold_usd,2021-01-31,1867.0,2026-10-07T00:00:00
XX.gold_usd.LBMA_DATAHUB,XX,gold_usd,2021-02-28,1808.0,2026-10-07T00:00:00
XX.gold_usd.LBMA_DATAHUB,XX,gold_usd,2021-03-31,1718.0,2026-10-07T00:00:00
XX.gold_usd.LBMA_DATAHUB,XX,gold_usd,2021-04-30,1760.0,2026-10-07T00:00:00
XX.gold_usd.LBMA_DATAHUB,XX,gold_usd,2021-05-31,1850.0,2026-10-07T00:00:00
XX.gold_usd.LBMA_DATAHUB,XX,gold_usd,2021-06-30,1835.0,2026-10-07T00:00:00
XX.gold_usd.LBMA_DATAHUB,XX,gold_usd,2021-07-31,1808.0,2026-10-07T00:00:00
XX.gold_usd.LBMA_DATAHUB,XX,gold_usd,2021-08-31,1785.0,2026-10-07T00:00:00
XX.gold_usd.LBMA_DATAHUB,XX,gold_usd,2021-09-30,1775.0,2026-10-07T00:00:00
XX.gold_usd.LBMA_DATAHUB,XX,gold_usd,2021-10-31,1777.0,2026-10-07T00:00:00
XX.gold_usd.LBMA_DATAHUB,XX,gold_usd,2021-11-30,1822.0,2026-10-07T00:00:00
XX.gold_usd.LBMA_DATAHUB,XX,gold_usd,2021-12-31,1790.0,2026-10-07T00:00:00
XX.gold_usd.LBMA_DATAHUB,XX,gold_usd,2022-01-31,1816.0,2026-10-07T00:00:00
XX.gold_usd.LBMA_DATAHUB,XX,gold_usd,2022-02-28,1856.0,2026-10-07T00:00:00
XX.gold_usd.LBMA_DATAHUB,XX,gold_usd,2022-03-31,1948.0,2026-10-07T00:00:00
XX.gold_usd.LBMA_DATAHUB,XX,gold_usd,2022-04-30,1937.0,2026-10-07T00:00:00
XX.gold_usd.LBMA_DATAHUB,XX,gold_usd,2022-05-31,1849.0,2026-10-07T00:00:00
XX.gold_usd.LBMA_DATAHUB,XX,gold_usd,2022-06-30,1837.0,2026-10-07T00:00:00
XX.gold_usd.LBMA_DATAHUB,XX,gold_usd,2022-07-31,1733.0,2026-10-07T00:00:00
XX.gold_usd.LBMA_DATAHUB,XX,gold_usd,2022-08-31,1765.0,2026-10-07T00:00:00
XX.gold_usd.LBMA_DATAHUB,XX,gold_usd,2022-09-30,1681.0,2026-10-07T00:00:00
XX.gold_usd.LBMA_DATAHUB,XX,gold_usd,2022-10-31,1664.0,2026-10-07T00:00:00
XX.gold_usd.LBMA_DATAHUB,XX,gold_usd,2022-11-30,1725.0,2026-10-07T00:00:00
XX.gold_usd.LBMA_DATAHUB,XX,gold_usd,2022-12-31,1798.0,2026-10-07T00:00:00
XX.gold_usd.LBMA_DATAHUB,XX,gold_usd,2023-01-31,1898.0,2026-10-07T00:00:00
XX.gold_usd.LBMA_DATAHUB,XX,gold_usd,2023-02-28,1855.0,2026-10-07T00:00:00
XX.gold_usd.LBMA_DATAHUB,XX,gold_usd,2023-03-31,1913.0,2026-10-07T00:00:00
XX.gold_usd.LBMA_DATAHUB,XX,gold_usd,2023-04-30,2000.0,2026-10-07T00:00:00
XX.gold_usd.LBMA_DATAHUB,XX,gold_usd,2023-05-31,1992.0,2026-10-07T00:00:00
XX.gold_usd.LBMA_DATAHUB,XX,gold_usd,2023-06-30,1943.0,2026-10-07T00:00:00
XX.gold_usd.LBMA_DATAHUB,XX,gold_usd,2023-07-31,1951.0,2026-10-07T00:00:00
XX.gold_usd.LBMA_DATAHUB,XX,gold_usd,2023-08-31,1919.0,2026-10-07T00:00:00
XX.gold_usd.LBMA_DATAHUB,XX,gold_usd,2023-09-30,1916.0,2026-10-07T00:00:00
XX.gold_usd.LBMA_DATAHUB,XX,gold_usd,2023-10-31,1916.0,2026-10-07T00:00:00
XX.gold_usd.LBMA_DATAHUB,XX,gold_usd,2023-11-30,1984.0,2026-10-07T00:00:00
XX.gold_usd.LBMA_DATAHUB,XX,gold_usd,2023-12-31,2026.0,2026-10-07T00:00:00
XX.gold_usd.LBMA_DATAHUB,XX,gold_usd,2024-01-31,2034.0,2026-10-07T00:00:00
XX.gold_usd.LBMA_DATAHUB,XX,gold_usd,2024-02-29,2023.0,2026-10-07T00:00:00
XX.gold_usd.LBMA_DATAHUB,XX,gold_usd,2024-03-31,2158.0,2026-10-07T00:00:00
XX.gold_usd.LBMA_DATAHUB,XX,gold_usd,2024-04-30,2331.0,2026-10-07T00:00:00
XX.gold_usd.LBMA_DATAHUB,XX,gold_usd,2024-05-31,2351.0,2026-10-07T00:00:00
XX.gold_usd.LBMA_DATAHUB,XX,gold_usd,2024-06-30,2326.0,2026-10-07T00:00:00
XX.gold_usd.LBMA_DATAHUB,XX,gold_usd,2024-07-31,2398.0,2026-10-07T00:00:00
XX.gold_usd.LBMA_DATAHUB,XX,gold_usd,2024-08-31,2470.0,2026-10-07T00:00:00
XX.gold_usd.LBMA_DATAHUB,XX,gold_usd,2024-09-30,2571.0,2026-10-07T00:00:00
XX.gold_usd.LBMA_DATAHUB,XX,gold_usd,2024-10-31,2690.0,2026-10-07T00:00:00
XX.gold_usd.LBMA_DATAHUB,XX,gold_usd,2024-11-30,2651.0,2026-10-07T00:00:00
XX.gold_usd.LBMA_DATAHUB,XX,gold_usd,2024-12-31,2648.0,2026-10-07T00:00:00
XX.gold_usd.LBMA_DATAHUB,XX,gold_usd,2025-01-31,2710.0,2026-10-07T00:00:00
XX.gold_usd.LBMA_DATAHUB,XX,gold_usd,2025-02-28,2895.0,2026-10-07T00:00:00
XX.gold_usd.LBMA_DATAHUB,XX,gold_usd,2025-03-31,2983.0,2026-10-07T00:00:00
XX.gold_usd.LBMA_DATAHUB,XX,gold_usd,2025-04-30,3218.0,2026-10-07T00:00:00
XX.gold_usd.LBMA_DATAHUB,XX,gold_usd,2025-05-31,3309.0,2026-10-07T00:00:00
XX.gold_usd.LBMA_DATAHUB,XX,gold_usd,2025-06-30,3353.0,2026-10-07T00:00:00
XX.gold_usd.LBMA_DATAHUB,XX,gold_usd,2025-07-31,3340.0,2026-10-07T00:00:00
XX.gold_usd.LBMA_DATAHUB,XX,gold_usd,2025-08-31,3368.0,2026-10-07T00:00:00
XX.gold_usd.LBMA_DATAHUB,XX,gold_usd,2025-09-30,3668.0,2026-10-07T00:00:00
XX.gold_usd.LBMA_DATAHUB,XX,gold_usd,2025-10-31,4058.0,2026-10-07T00:00:00
XX.gold_usd.LBMA_DATAHUB,XX,gold_usd,2025-11-30,4087.0,2026-10-07T00:00:00
XX.gold_usd.LBMA_DATAHUB,XX,gold_usd,2025-12-31,4309.0,2026-10-07T00:00:00
XX.gold_usd.LBMA_DATAHUB,XX,gold_usd,2026-01-31,4753.0,2026-10-07T00:00:00
XX.gold_usd.LBMA_DATAHUB,XX,gold_usd,2026-02-28,5020.0,2026-10-07T00:00:00
XX.gold_usd.LBMA_DATAHUB,XX,gold_usd,2026-03-31,4856.0,2026-10-07T00:00:00
XX.gold_usd.LBMA_DATAHUB,XX,gold_usd,2026-04-30,4721.0,2026-10-07T00:00:00
XX.gold_usd.LBMA_DATAHUB,XX,gold_usd,2026-05-31,4587.0,2026-10-07T00:00:00
XX.gold_usd.LBMA_DATAHUB,XX,gold_usd,2026-06-30,4228.0,2026-10-07T00:00:00
XX.gold_usd.LBMA_DATAHUB,XX,gold_usd,2026-07-31,4073.0,2026-10-07T00:00:00
XX.gold_usd.LBMA_DATAHUB,XX,gold_usd,2026-08-31,4411.0,2026-10-07T00:00:00
XX.gold_usd.LBMA_DATAHUB,XX,gold_usd,2026-09-30,4319.0,2026-10-07T00:00:00
XX.gold_usd.WB_CMO,XX,gold_usd,1960-01-31,35.27,2026-10-07T00:00:00
XX.gold_usd.WB_CMO,XX,gold_usd,1960-02-29,35.27,2026-10-07T00:00:00
XX.gold_usd.WB_CMO,XX,gold_usd,1960-03-31,35.27,2026-10-07T00:00:00
XX.gold_usd.WB_CMO,XX,gold_usd,1960-04-30,35.27,2026-10-07T00:00:00
XX.gold_usd.WB_CMO,XX,gold_usd,1960-05-31,35.27,2026-10-07T00:00:00
XX.gold_usd.WB_CMO,XX,gold_usd,1960-06-30,35.27,2026-10-07T00:00:00
XX.gold_usd.WB_CMO,XX,gold_usd,1960-07-31,35.27,2026-10-07T00:00:00
XX.gold_usd.WB_CMO,XX,gold_usd,1960-08-31,35.27,2026-10-07T00:00:00
XX.gold_usd.WB_CMO,XX,gold_usd,1960-09-30,35.27,2026-10-07T00:00:00
XX.gold_usd.WB_CMO,XX,gold_usd,1960-10-31,35.27,2026-10-07T00:00:00
XX.gold_usd.WB_CMO,XX,gold_usd,1960-11-30,35.27,2026-10-07T00:00:00
XX.gold_usd.WB_CMO,XX,gold_usd,1960-12-31,35.27,2026-10-07T00:00:00
XX.gold_usd.WB_CMO,XX,gold_usd,1961-01-31,35.25,2026-10-07T00:00:00
XX.gold_usd.WB_CMO,XX,gold_usd,1961-02-28,35.25,2026-10-07T00:00:00
XX.gold_usd.WB_CMO,XX,gold_usd,1961-03-31,35.25,2026-10-07T00:00:00
XX.gold_usd.WB_CMO,XX,gold_usd,1961-04-30,35.25,2026-10-07T00:00:00
XX.gold_usd.WB_CMO,XX,gold_usd,1961-05-31,35.25,2026-10-07T00:00:00
XX.gold_usd.WB_CMO,XX,gold_usd,1961-06-30,35.25,2026-10-07T00:00:00
XX.gold_usd.WB_CMO,XX,gold_usd,1961-07-31,35.25,2026-10-07T00:00:00
XX.gold_usd.WB_CMO,XX,gold_usd,1961-08-31,35.25,2026-10-07T00:00:00
XX.gold_usd.WB_CMO,XX,gold_usd,1961-09-30,35.25,2026-10-07T00:00:00
XX.gold_usd.WB_CMO,XX,gold_usd,1961-10-31,35.25,2026-10-07T00:00:00
XX.gold_usd.WB_CMO,XX,gold_usd,1961-11-30,35.25,2026-10-07T00:00:00
XX.gold_usd.WB_CMO,XX,gold_usd,1961-12-31,35.25,2026-10-07T00:00:00
XX.gold_usd.WB_CMO,XX,gold_usd,1962-01-31,35.23,2026-10-07T00:00:00
XX.gold_usd.WB_CMO,XX,gold_usd,1962-02-28,35.23,2026-10-07T00:00:00
XX.gold_usd.WB_CMO,XX,gold_usd,1962-03-31,35.23,2026-10-07T00:00:00
XX.gold_usd.WB_CMO,XX,gold_usd,1962-04-30,35.23,2026-10-07T00:00:00
XX.gold_usd.WB_CMO,XX,gold_usd,1962-05-31,35.23,2026-10-07T00:00:00
XX.gold_usd.WB_CMO,XX,gold_usd,1962-06-30,35.23,2026-10-07T00:00:00
XX.gold_usd.WB_CMO,XX,gold_usd,1962-07-31,35.23,2026-10-07T00:00:00
XX.gold_usd.WB_CMO,XX,gold_usd,1962-08-31,35.23,2026-10-07T00:00:00
XX.gold_usd.WB_CMO,XX,gold_usd,1962-09-30,35.23,2026-10-07T00:00:00
XX.gold_usd.WB_CMO,XX,gold_usd,1962-10-31,35.23,2026-10-07T00:00:00
XX.gold_usd.WB_CMO,XX,gold_usd,1962-11-30,35.23,2026-10-07T00:00:00
XX.gold_usd.WB_CMO,XX,gold_usd,1962-12-31,35.23,2026-10-07T00:00:00
XX.gold_usd.WB_CMO,XX,gold_usd,1963-01-31,35.09,2026-10-07T00:00:00
XX.gold_usd.WB_CMO,XX,gold_usd,1963-02-28,35.09,2026-10-07T00:00:00
XX.gold_usd.WB_CMO,XX,gold_usd,1963-03-31,35.09,2026-10-07T00:00:00
XX.gold_usd.WB_CMO,XX,gold_usd,1963-04-30,35.09,2026-10-07T00:00:00
XX.gold_usd.WB_CMO,XX,gold_usd,1963-05-31,35.09,2026-10-07T00:00:00
XX.gold_usd.WB_CMO,XX,gold_usd,1963-06-30,35.09,2026-10-07T00:00:00
XX.gold_usd.WB_CMO,XX,gold_usd,1963-07-31,35.09,2026-10-07T00:00:00
XX.gold_usd.WB_CMO,XX,gold_usd,1963-08-31,35.09,2026-10-07T00:00:00
XX.gold_usd.WB_CMO,XX,gold_usd,1963-09-30,35.09,2026-10-07T00:00:00
XX.gold_usd.WB_CMO,XX,gold_usd,1963-10-31,35.09,2026-10-07T00:00:00
XX.gold_usd.WB_CMO,XX,gold_usd,1963-11-30,35.09,2026-10-07T00:00:00
XX.gold_usd.WB_CMO,XX,gold_usd,1963-12-31,35.09,2026-10-07T00:00:00
XX.gold_usd.WB_CMO,XX,gold_usd,1964-01-31,35.1,2026-10-07T00:00:00
XX.gold_usd.WB_CMO,XX,gold_usd,1964-02-29,35.1,2026-10-07T00:00:00
XX.gold_usd.WB_CMO,XX,gold_usd,1964-03-31,35.1,2026-10-07T00:00:00
XX.gold_usd.WB_CMO,XX,gold_usd,1964-04-30,35.1,2026-10-07T00:00:00
XX.gold_usd.WB_CMO,XX,gold_usd,1964-05-31,35.1,2026-10-07T00:00:00
XX.gold_usd.WB_CMO,XX,gold_usd,1964-06-30,35.1,2026-10-07T00:00:00
XX.gold_usd.WB_CMO,XX,gold_usd,1964-07-31,35.1,2026-10-07T00:00:00
XX.gold_usd.WB_CMO,XX,gold_usd,1964-08-31,35.1,2026-10-07T00:00:00
XX.gold_usd.WB_CMO,XX,gold_usd,1964-09-30,35.1,2026-10-07T00:00:00
XX.gold_usd.WB_CMO,XX,gold_usd,1964-10-31,35.1,2026-10-07T00:00:00
XX.gold_usd.WB_CMO,XX,gold_usd,1964-11-30,35.1,2026-10-07T00:00:00
XX.gold_usd.WB_CMO,XX,gold_usd,1964-12-31,35.1,2026-10-07T00:00:00
XX.gold_usd.WB_CMO,XX,gold_usd,1965-01-31,35.12,2026-10-07T00:00:00
XX.gold_usd.WB_CMO,XX,gold_usd,1965-02-28,35.12,2026-10-07T00:00:00
XX.gold_usd.WB_CMO,XX,gold_usd,1965-03-31,35.12,2026-10-07T00:00:00
XX.gold_usd.WB_CMO,XX,gold_usd,1965-04-30,35.12,2026-10-07T00:00:00
XX.gold_usd.WB_CMO,XX,gold_usd,1965-05-31,35.12,2026-10-07T00:00:00
XX.gold_usd.WB_CMO,XX,gold_usd,1965-06-30,35.12,2026-10-07T00:00:00
XX.gold_usd.WB_CMO,XX,gold_usd,1965-07-31,35.12,2026-10-07T00:00:00
XX.gold_usd.WB_CMO,XX,gold_usd,1965-08-31,35.12,2026-10-07T00:00:00
XX.gold_usd.WB_CMO,XX,gold_usd,1965-09-30,35.12,2026-10-07T00:00:00
XX.gold_usd.WB_CMO,XX,gold_usd,1965-10-31,35.12,2026-10-07T00:00:00
XX.gold_usd.WB_CMO,XX,gold_usd,1965-11-30,35.12,2026-10-07T00:00:00
XX.gold_usd.WB_CMO,XX,gold_usd,1965-12-31,35.12,2026-10-07T00:00:00
XX.gold_usd.WB_CMO,XX,gold_usd,1966-01-31,35.13,2026-10-07T00:00:00
XX.gold_usd.WB_CMO,XX,gold_usd,1966-02-28,35.13,2026-10-07T00:00:00
XX.gold_usd.WB_CMO,XX,gold_usd,1966-03-31,35.13,2026-10-07T00:00:00
XX.gold_usd.WB_CMO,XX,gold_usd,1966-04-30,35.13,2026-10-07T00:00:00
XX.gold_usd.WB_CMO,XX,gold_usd,1966-05-31,35.13,2026-10-07T00:00:00
XX.gold_usd.WB_CMO,XX,gold_usd,1966-06-30,35.13,2026-10-07T00:00:00
XX.gold_usd.WB_CMO,XX,gold_usd,1966-07-31,35.13,2026-10-07T00:00:00
XX.gold_usd.WB_CMO,XX,gold_usd,1966-08-31,35.13,2026-10-07T00:00:00
XX.gold_usd.WB_CMO,XX,gold_usd,1966-09-30,35.13,2026-10-07T00:00:00
XX.gold_usd.WB_CMO,XX,gold_usd,1966-10-31,35.13,2026-10-07T00:00:00
XX.gold_usd.WB_CMO,XX,gold_usd,1966-11-30,35.13,2026-10-07T00:00:00
XX.gold_usd.WB_CMO,XX,gold_usd,1966-12-31,35.13,2026-10-07T00:00:00
XX.gold_usd.WB_CMO,XX,gold_usd,1967-01-31,34.95,2026-10-07T00:00:00
XX.gold_usd.WB_CMO,XX,gold_usd,1967-02-28,34.95,2026-10-07T00:00:00
XX.gold_usd.WB_CMO,XX,gold_usd,1967-03-31,34.95,2026-10-07T00:00:00
XX.gold_usd.WB_CMO,XX,gold_usd,1967-04-30,34.95,2026-10-07T00:00:00
XX.gold_usd.WB_CMO,XX,gold_usd,1967-05-31,34.95,2026-10-07T00:00:00
XX.gold_usd.WB_CMO,XX,gold_usd,1967-06-30,34.95,2026-10-07T00:00:00
XX.gold_usd.WB_CMO,XX,gold_usd,1967-07-31,34.95,2026-10-07T00:00:00
XX.gold_usd.WB_CMO,XX,gold_usd,1967-08-31,34.95,2026-10-07T00:00:00
XX.gold_usd.WB_CMO,XX,gold_usd,1967-09-30,34.95,2026-10-07T00:00:00
XX.gold_usd.WB_CMO,XX,gold_usd,1967-10-31,34.95,2026-10-07T00:00:00
XX.gold_usd.WB_CMO,XX,gold_usd,1967-11-30,34.95,2026-10-07T00:00:00
XX.gold_usd.WB_CMO,XX,gold_usd,1967-12-31,34.95,2026-10-07T00:00:00
XX.gold_usd.WB_CMO,XX,gold_usd,1968-01-31,35.5,2026-10-07T00:00:00
XX.gold_usd.WB_CMO,XX,gold_usd,1968-02-29,36.0,2026-10-07T00:00:00
XX.gold_usd.WB_CMO,XX,gold_usd,1968-03-31,37.0,2026-10-07T00:00:00
XX.gold_usd.WB_CMO,XX,gold_usd,1968-04-30,37.86,2026-10-07T00:00:00
XX.gold_usd.WB_CMO,XX,gold_usd,1968-05-31,40.7,2026-10-07T00:00:00
XX.gold_usd.WB_CMO,XX,gold_usd,1968-06-30,41.14,2026-10-07T00:00:00
XX.gold_usd.WB_CMO,XX,gold_usd,1968-07-31,39.46,2026-10-07T00:00:00
XX.gold_usd.WB_CMO,XX,gold_usd,1968-08-31,39.19,2026-10-07T00:00:00
XX.gold_usd.WB_CMO,XX,gold_usd,1968-09-30,40.18,2026-10-07T00:00:00
XX.gold_usd.WB_CMO,XX,gold_usd,1968-10-31,39.21,2026-10-07T00:00:00
XX.gold_usd.WB_CMO,XX,gold_usd,1968-11-30,39.78,2026-10-07T00:00:00
XX.gold_usd.WB_CMO,XX,gold_usd,1968-12-31,41.08,2026-10-07T00:00:00
XX.gold_usd.WB_CMO,XX,gold_usd,1969-01-31,42.3,2026-10-07T00:00:00
XX.gold_usd.WB_CMO,XX,gold_usd,1969-02-28,42.6,2026-10-07T00:00:00
XX.gold_usd.WB_CMO,XX,gold_usd,1969-03-31,43.16,2026-10-07T00:00:00
XX.gold_usd.WB_CMO,XX,gold_usd,1969-04-30,43.31,2026-10-07T00:00:00
XX.gold_usd.WB_CMO,XX,gold_usd,1969-05-31,43.46,2026-10-07T00:00:00
XX.gold_usd.WB_CMO,XX,gold_usd,1969-06-30,41.44,2026-10-07T00:00:00
XX.gold_usd.WB_CMO,XX,gold_usd,1969-07-31,41.76,2026-10-07T00:00:00
XX.gold_usd.WB_CMO,XX,gold_usd,1969-08-31,41.09,2026-10-07T00:00:00
XX.gold_usd.WB_CMO,XX,gold_usd,1969-09-30,40.87,2026-10-07T00:00:00
XX.gold_usd.WB_CMO,XX,gold_usd,1969-10-31,40.44,2026-10-07T00:00:00
XX.gold_usd.WB_CMO,XX,gold_usd,1969-11-30,37.4,2026-10-07T00:00:00
XX.gold_usd.WB_CMO,XX,gold_usd,1969-12-31,35.17,2026-10-07T00:00:00
XX.gold_usd.WB_CMO,XX,gold_usd,1970-01-31,34.94,2026-10-07T00:00:00
XX.gold_usd.WB_CMO,XX,gold_usd,1970-02-28,34.99,2026-10-07T00:00:00
XX.gold_usd.WB_CMO,XX,gold_usd,1970-03-31,35.09,2026-10-07T00:00:00
XX.gold_usd.WB_CMO,XX,gold_usd,1970-04-30,35.62,2026-10-07T00:00:00
XX.gold_usd.WB_CMO,XX,gold_usd,1970-05-31,35.95,2026-10-07T00:00:00
XX.gold_usd.WB_CMO,XX,gold_usd,1970-06-30,35.42,2026-10-07T00:00:00
XX.gold_usd.WB_CMO,XX,gold_usd,1970-07-31,35.32,2026-10-07T00:00:00
XX.gold_usd.WB_CMO,XX,gold_usd,1970-08-31,35.38,2026-10-07T00:00:00
XX.gold_usd.WB_CMO,XX,gold_usd,1970-09-30,36.19,2026-10-07T00:00:00
XX.gold_usd.WB_CMO,XX,gold_usd,1970-10-31,37.52,2026-10-07T00:00:00
XX.gold_usd.WB_CMO,XX,gold_usd,1970-11-30,37.44,2026-10-07T00:00:00
XX.gold_usd.WB_CMO,XX,gold_usd,1970-12-31,37.44,2026-10-07T00:00:00
XX.gold_usd.WB_CMO,XX,gold_usd,1971-01-31,37.88,2026-10-07T00:00:00
XX.gold_usd.WB_CMO,XX,gold_usd,1971-02-28,38.74,2026-10-07T00:00:00
XX.gold_usd.WB_CMO,XX,gold_usd,1971-03-31,38.87,2026-10-07T00:00:00
XX.gold_usd.WB_CMO,XX,gold_usd,1971-04-30,39.01,2026-10-07T00:00:00
XX.gold_usd.WB_CMO,XX,gold_usd,1971-05-31,40.52,2026-10-07T00:00:00
XX.gold_usd.WB_CMO,XX,gold_usd,1971-06-30,40.1,2026-10-07T00:00:00
XX.gold_usd.WB_CMO,XX,gold_usd,1971-07-31,40.95,2026-10-07T00:00:00
XX.gold_usd.WB_CMO,XX,gold_usd,1971-08-31,42.71,2026-10-07T00:00:00
XX.gold_usd.WB_CMO,XX,gold_usd,1971-09-30,42.03,2026-10-07T00:00:00
XX.gold_usd.WB_CMO,XX,gold_usd,1971-10-31,42.5,2026-10-07T00:00:00
XX.gold_usd.WB_CMO,XX,gold_usd,1971-11-30,42.86,2026-10-07T00:00:00
XX.gold_usd.WB_CMO,XX,gold_usd,1971-12-31,43.48,2026-10-07T00:00:00
XX.gold_usd.WB_CMO,XX,gold_usd,1972-01-31,45.75,2026-10-07T00:00:00
XX.gold_usd.WB_CMO,XX,gold_usd,1972-02-29,48.26,2026-10-07T00:00:00
XX.gold_usd.WB_CMO,XX,gold_usd,1972-03-31,48.33,2026-10-07T00:00:00
XX.gold_usd.WB_CMO,XX,gold_usd,1972-04-30,49.03,2026-10-07T00:00:00
XX.gold_usd.WB_CMO,XX,gold_usd,1972-05-31,54.62,2026-10-07T00:00:00
XX.gold_usd.WB_CMO,XX,gold_usd,1972-06-30,62.09,2026-10-07T00:00:00
XX.gold_usd.WB_CMO,XX,gold_usd,1972-07-31,65.66,2026-10-07T00:00:00
XX.gold_usd.WB_CMO,XX,gold_usd,1972-08-31,67.03,2026-10-07T00:00:00
XX.gold_usd.WB_CMO,XX,gold_usd,1972-09-30,65.46,2026-10-07T00:00:00
XX.gold_usd.WB_CMO,XX,gold_usd,1972-10-31,64.86,2026-10-07T00:00:00
XX.gold_usd.WB_CMO,XX,gold_usd,1972-11-30,62.91,2026-10-07T00:00:00
XX.gold_usd.WB_CMO,XX,gold_usd,1972-12-31,63.91,2026-10-07T00:00:00
XX.gold_usd.WB_CMO,XX,gold_usd,1973-01-31,65.14,2026-10-07T00:00:00
XX.gold_usd.WB_CMO,XX,gold_usd,1973-02-28,74.2,2026-10-07T00:00:00
XX.gold_usd.WB_CMO,XX,gold_usd,1973-03-31,84.37,2026-10-07T00:00:00
XX.gold_usd.WB_CMO,XX,gold_usd,1973-04-30,90.5,2026-10-07T00:00:00
XX.gold_usd.WB_CMO,XX,gold_usd,1973-05-31,101.96,2026-10-07T00:00:00
XX.gold_usd.WB_CMO,XX,gold_usd,1973-06-30,120.12,2026-10-07T00:00:00
XX.gold_usd.WB_CMO,XX,gold_usd,1973-07-31,120.17,2026-10-07T00:00:00
XX.gold_usd.WB_CMO,XX,gold_usd,1973-08-31,106.76,2026-10-07T00:00:00
XX.gold_usd.WB_CMO,XX,gold_usd,1973-09-30,102.97,2026-10-07T00:00:00
XX.gold_usd.WB_CMO,XX,gold_usd,1973-10-31,100.08,2026-10-07T00:00:00
XX.gold_usd.WB_CMO,XX,gold_usd,1973-11-30,94.92,2026-10-07T00:00:00
XX.gold_usd.WB_CMO,XX,gold_usd,1973-12-31,106.72,2026-10-07T00:00:00
XX.gold_usd.WB_CMO,XX,gold_usd,1974-01-31,129.19,2026-10-07T00:00:00
XX.gold_usd.WB_CMO,XX,gold_usd,1974-02-28,150.13,2026-10-07T00:00:00
XX.gold_usd.WB_CMO,XX,gold_usd,1974-03-31,168.42,2026-10-07T00:00:00
XX.gold_usd.WB_CMO,XX,gold_usd,1974-04-30,172.24,2026-10-07T00:00:00
XX.gold_usd.WB_CMO,XX,gold_usd,1974-05-31,163.27,2026-10-07T00:00:00
XX.gold_usd.WB_CMO,XX,gold_usd,1974-06-30,154.1,2026-10-07T00:00:00
XX.gold_usd.WB_CMO,XX,gold_usd,1974-07-31,142.98,2026-10-07T00:00:00
XX.gold_usd.WB_CMO,XX,gold_usd,1974-08-31,154.64,2026-10-07T00:00:00
XX.gold_usd.WB_CMO,XX,gold_usd,1974-09-30,151.75,2026-10-07T00:00:00
XX.gold_usd.WB_CMO,XX,gold_usd,1974-10-31,158.78,2026-10-07T00:00:00
XX.gold_usd.WB_CMO,XX,gold_usd,1974-11-30,181.66,2026-10-07T00:00:00
XX.gold_usd.WB_CMO,XX,gold_usd,1974-12-31,183.78,2026-10-07T00:00:00
XX.gold_usd.WB_CMO,XX,gold_usd,1975-01-31,176.27,2026-10-07T00:00:00
XX.gold_usd.WB_CMO,XX,gold_usd,1975-02-28,179.6,2026-10-07T00:00:00
XX.gold_usd.WB_CMO,XX,gold_usd,1975-03-31,178.16,2026-10-07T00:00:00
XX.gold_usd.WB_CMO,XX,gold_usd,1975-04-30,169.84,2026-10-07T00:00:00
XX.gold_usd.WB_CMO,XX,gold_usd,1975-05-31,167.39,2026-10-07T00:00:00
XX.gold_usd.WB_CMO,XX,gold_usd,1975-06-30,164.24,2026-10-07T00:00:00
XX.gold_usd.WB_CMO,XX,gold_usd,1975-07-31,165.17,2026-10-07T00:00:00
XX.gold_usd.WB_CMO,XX,gold_usd,1975-08-31,163.0,2026-10-07T00:00:00
XX.gold_usd.WB_CMO,XX,gold_usd,1975-09-30,144.17,2026-10-07T00:00:00
XX.gold_usd.WB_CMO,XX,gold_usd,1975-10-31,142.79,2026-10-07T00:00:00
XX.gold_usd.WB_CMO,XX,gold_usd,1975-11-30,142.42,2026-10-07T00:00:00
XX.gold_usd.WB_CMO,XX,gold_usd,1975-12-31,139.3,2026-10-07T00:00:00
XX.gold_usd.WB_CMO,XX,gold_usd,1976-01-31,131.05,2026-10-07T00:00:00
XX.gold_usd.WB_CMO,XX,gold_usd,1976-02-29,131.06,2026-10-07T00:00:00
XX.gold_usd.WB_CMO,XX,gold_usd,1976-03-31,132.76,2026-10-07T00:00:00
XX.gold_usd.WB_CMO,XX,gold_usd,1976-04-30,127.94,2026-10-07T00:00:00
XX.gold_usd.WB_CMO,XX,gold_usd,1976-05-31,126.92,2026-10-07T00:00:00
XX.gold_usd.WB_CMO,XX,gold_usd,1976-06-30,125.71,2026-10-07T00:00:00
XX.gold_usd.WB_CMO,XX,gold_usd,1976-07-31,117.73,2026-10-07T00:00:00
XX.gold_usd.WB_CMO,XX,gold_usd,1976-08-31,109.93,2026-10-07T00:00:00
XX.gold_usd.WB_CMO,XX,gold_usd,1976-09-30,114.15,2026-10-07T00:00:00
XX.gold_usd.WB_CMO,XX,gold_usd,1976-10-31,116.15,2026-10-07T00:00:00
XX.gold_usd.WB_CMO,XX,gold_usd,1976-11-30,130.46,2026-10-07T00:00:00
XX.gold_usd.WB_CMO,XX,gold_usd,1976-12-31,133.93,2026-10-07T00:00:00
XX.gold_usd.WB_CMO,XX,gold_usd,1977-01-31,132.26,2026-10-07T00:00:00
XX.gold_usd.WB_CMO,XX,gold_usd,1977-02-28,136.24,2026-10-07T00:00:00
XX.gold_usd.WB_CMO,XX,gold_usd,1977-03-31,148.23,2026-10-07T00:00:00
XX.gold_usd.WB_CMO,XX,gold_usd,1977-04-30,149.17,2026-10-07T00:00:00
XX.gold_usd.WB_CMO,XX,gold_usd,1977-05-31,146.61,2026-10-07T00:00:00
XX.gold_usd.WB_CMO,XX,gold_usd,1977-06-30,140.78,2026-10-07T00:00:00
XX.gold_usd.WB_CMO,XX,gold_usd,1977-07-31,143.39,2026-10-07T00:00:00
XX.gold_usd.WB_CMO,XX,gold_usd,1977-08-31,144.94,2026-10-07T00:00:00
XX.gold_usd.WB_CMO,XX,gold_usd,1977-09-30,149.53,2026-10-07T00:00:00
XX.gold_usd.WB_CMO,XX,gold_usd,1977-10-31,158.95,2026-10-07T00:00:00
XX.gold_usd.WB_CMO,XX,gold_usd,1977-11-30,162.1,2026-10-07T00:00:00
XX.gold_usd.WB_CMO,XX,gold_usd,1977-12-31,160.45,2026-10-07T00:00:00
XX.gold_usd.WB_CMO,XX,gold_usd,1978-01-31,173.18,2026-10-07T00:00:00
XX.gold_usd.WB_CMO,XX,gold_usd,1978-02-28,178.14,2026-10-07T00:00:00
XX.gold_usd.WB_CMO,XX,gold_usd,1978-03-31,183.61,2026-10-07T00:00:00
XX.gold_usd.WB_CMO,XX,gold_usd,1978-04-30,175.28,2026-10-07T00:00:00
XX.gold_usd.WB_CMO,XX,gold_usd,1978-05-31,176.31,2026-10-07T00:00:00
XX.gold_usd.WB_CMO,XX,gold_usd,1978-06-30,183.75,2026-10-07T00:00:00
XX.gold_usd.WB_CMO,XX,gold_usd,1978-07-31,188.73,2026-10-07T00:00:00
XX.gold_usd.WB_CMO,XX,gold_usd,1978-08-31,206.3,2026-10-07T00:00:00
XX.gold_usd.WB_CMO,XX,gold_usd,1978-09-30,212.08,2026-10-07T00:00:00
XX.gold_usd.WB_CMO,XX,gold_usd,1978-10-31,227.44,2026-10-07T00:00:00
XX.gold_usd.WB_CMO,XX,gold_usd,1978-11-30,206.2,2026-10-07T00:00:00
XX.gold_usd.WB_CMO,XX,gold_usd,1978-12-31,207.85,2026-10-07T00:00:00
XX.gold_usd.WB_CMO,XX,gold_usd,1979-01-31,227.28,2026-10-07T00:00:00
XX.gold_usd.WB_CMO,XX,gold_usd,1979-02-28,245.67,2026-10-07T00:00:00
XX.gold_usd.WB_CMO,XX,gold_usd,1979-03-31,242.05,2026-10-07T00:00:00
XX.gold_usd.WB_CMO,XX,gold_usd,1979-04-30,239.11,2026-10-07T00:00:00
XX.gold_usd.WB_CMO,XX,gold_usd,1979-05-31,257.59,2026-10-07T00:00:00
XX.gold_usd.WB_CMO,XX,gold_usd,1979-06-30,279.07,2026-10-07T00:00:00
XX.gold_usd.WB_CMO,XX,gold_usd,1979-07-31,294.74,2026-10-07T00:00:00
XX.gold_usd.WB_CMO,XX,gold_usd,1979-08-31,300.82,2026-10-07T00:00:00
XX.gold_usd.WB_CMO,XX,gold_usd,1979-09-30,354.95,2026-10-07T00:00:00
XX.gold_usd.WB_CMO,XX,gold_usd,1979-10-31,391.66,2026-10-07T00:00:00
XX.gold_usd.WB_CMO,XX,gold_usd,1979-11-30,391.99,2026-10-07T00:00:00
XX.gold_usd.WB_CMO,XX,gold_usd,1979-12-31,455.08,2026-10-07T00:00:00
XX.gold_usd.WB_CMO,XX,gold_usd,1980-01-31,675.31,2026-10-07T00:00:00
XX.gold_usd.WB_CMO,XX,gold_usd,1980-02-29,665.32,2026-10-07T00:00:00
XX.gold_usd.WB_CMO,XX,gold_usd,1980-03-31,553.58,2026-10-07T00:00:00
XX.gold_usd.WB_CMO,XX,gold_usd,1980-04-30,517.41,2026-10-07T00:00:00
XX.gold_usd.WB_CMO,XX,gold_usd,1980-05-31,513.8,2026-10-07T00:00:00
XX.gold_usd.WB_CMO,XX,gold_usd,1980-06-30,600.72,2026-10-07T00:00:00
XX.gold_usd.WB_CMO,XX,gold_usd,1980-07-31,643.27,2026-10-07T00:00:00
XX.gold_usd.WB_CMO,XX,gold_usd,1980-08-31,627.15,2026-10-07T00:00:00
XX.gold_usd.WB_CMO,XX,gold_usd,1980-09-30,673.63,2026-10-07T00:00:00
XX.gold_usd.WB_CMO,XX,gold_usd,1980-10-31,661.15,2026-10-07T00:00:00
XX.gold_usd.WB_CMO,XX,gold_usd,1980-11-30,624.77,2026-10-07T00:00:00
XX.gold_usd.WB_CMO,XX,gold_usd,1980-12-31,538.26,2026-10-07T00:00:00
XX.gold_usd.WB_CMO,XX,gold_usd,1981-01-31,557.39,2026-10-07T00:00:00
XX.gold_usd.WB_CMO,XX,gold_usd,1981-02-28,499.76,2026-10-07T00:00:00
XX.gold_usd.WB_CMO,XX,gold_usd,1981-03-31,499.11,2026-10-07T00:00:00
XX.gold_usd.WB_CMO,XX,gold_usd,1981-04-30,495.8,2026-10-07T00:00:00
XX.gold_usd.WB_CMO,XX,gold_usd,1981-05-31,479.7,2026-10-07T00:00:00
XX.gold_usd.WB_CMO,XX,gold_usd,1981-06-30,461.09,2026-10-07T00:00:00
XX.gold_usd.WB_CMO,XX,gold_usd,1981-07-31,409.07,2026-10-07T00:00:00
XX.gold_usd.WB_CMO,XX,gold_usd,1981-08-31,410.16,2026-10-07T00:00:00
XX.gold_usd.WB_CMO,XX,gold_usd,1981-09-30,443.75,2026-10-07T00:00:00
XX.gold_usd.WB_CMO,XX,gold_usd,1981-10-31,437.76,2026-10-07T00:00:00
XX.gold_usd.WB_CMO,XX,gold_usd,1981-11-30,413.37,2026-10-07T00:00:00
XX.gold_usd.WB_CMO,XX,gold_usd,1981-12-31,410.09,2026-10-07T00:00:00
XX.gold_usd.WB_CMO,XX,gold_usd,1982-01-31,384.14,2026-10-07T00:00:00
XX.gold_usd.WB_CMO,XX,gold_usd,1982-02-28,374.13,2026-10-07T00:00:00
XX.gold_usd.WB_CMO,XX,gold_usd,1982-03-31,330.25,2026-10-07T00:00:00
XX.gold_usd.WB_CMO,XX,gold_usd,1982-04-30,350.3,2026-10-07T00:00:00
XX.gold_usd.WB_CMO,XX,gold_usd,1982-05-31,333.71,2026-10-07T00:00:00
XX.gold_usd.WB_CMO,XX,gold_usd,1982-06-30,314.98,2026-10-07T00:00:00
XX.gold_usd.WB_CMO,XX,gold_usd,1982-07-31,338.97,2026-10-07T00:00:00
XX.gold_usd.WB_CMO,XX,gold_usd,1982-08-31,364.23,2026-10-07T00:00:00
XX.gold_usd.WB_CMO,XX,gold_usd,1982-09-30,437.31,2026-10-07T00:00:00
XX.gold_usd.WB_CMO,XX,gold_usd,1982-10-31,422.15,2026-10-07T00:00:00
XX.gold_usd.WB_CMO,XX,gold_usd,1982-11-30,414.89,2026-10-07T00:00:00
XX.gold_usd.WB_CMO,XX,gold_usd,1982-12-31,444.5,2026-10-07T00:00:00
XX.gold_usd.WB_CMO,XX,gold_usd,1983-01-31,481.29,2026-10-07T00:00:00
XX.gold_usd.WB_CMO,XX,gold_usd,1983-02-28,491.09,2026-10-07T00:00:00
XX.gold_usd.WB_CMO,XX,gold_usd,1983-03-31,419.7,2026-10-07T00:00:00
XX.gold_usd.WB_CMO,XX,gold_usd,1983-04-30,432.88,2026-10-07T00:00:00
XX.gold_usd.WB_CMO,XX,gold_usd,1983-05-31,438.01,2026-10-07T00:00:00
XX.gold_usd.WB_CMO,XX,gold_usd,1983-06-30,412.84,2026-10-07T00:00:00
XX.gold_usd.WB_CMO,XX,gold_usd,1983-07-31,402.91,2026-10-07T00:00:00
XX.gold_usd.WB_CMO,XX,gold_usd,1983-08-31,416.2,2026-10-07T00:00:00
XX.gold_usd.WB_CMO,XX,gold_usd,1983-09-30,411.8,2026-10-07T00:00:00
XX.gold_usd.WB_CMO,XX,gold_usd,1983-10-31,393.6,2026-10-07T00:00:00
XX.gold_usd.WB_CMO,XX,gold_usd,1983-11-30,381.7,2026-10-07T00:00:00
XX.gold_usd.WB_CMO,XX,gold_usd,1983-12-31,388.34,2026-10-07T00:00:00
XX.gold_usd.WB_CMO,XX,gold_usd,1984-01-31,370.89,2026-10-07T00:00:00
XX.gold_usd.WB_CMO,XX,gold_usd,1984-02-29,385.96,2026-10-07T00:00:00
XX.gold_usd.WB_CMO,XX,gold_usd,1984-03-31,394.26,2026-10-07T00:00:00
XX.gold_usd.WB_CMO,XX,gold_usd,1984-04-30,381.37,2026-10-07T00:00:00
XX.gold_usd.WB_CMO,XX,gold_usd,1984-05-31,377.4,2026-10-07T00:00:00
XX.gold_usd.WB_CMO,XX,gold_usd,1984-06-30,377.7,2026-10-07T00:00:00
XX.gold_usd.WB_CMO,XX,gold_usd,1984-07-31,347.71,2026-10-07T00:00:00
XX.gold_usd.WB_CMO,XX,gold_usd,1984-08-31,347.7,2026-10-07T00:00:00
XX.gold_usd.WB_CMO,XX,gold_usd,1984-09-30,340.2,2026-10-07T00:00:00
XX.gold_usd.WB_CMO,XX,gold_usd,1984-10-31,341.0,2026-10-07T00:00:00
XX.gold_usd.WB_CMO,XX,gold_usd,1984-11-30,342.0,2026-10-07T00:00:00
XX.gold_usd.WB_CMO,XX,gold_usd,1984-12-31,319.54,2026-10-07T00:00:00
XX.gold_usd.WB_CMO,XX,gold_usd,1985-01-31,302.79,2026-10-07T00:00:00
XX.gold_usd.WB_CMO,XX,gold_usd,1985-02-28,299.1,2026-10-07T00:00:00
XX.gold_usd.WB_CMO,XX,gold_usd,1985-03-31,313.5,2026-10-07T00:00:00
XX.gold_usd.WB_CMO,XX,gold_usd,1985-04-30,326.8,2026-10-07T00:00:00
XX.gold_usd.WB_CMO,XX,gold_usd,1985-05-31,316.0,2026-10-07T00:00:00
XX.gold_usd.WB_CMO,XX,gold_usd,1985-06-30,316.5,2026-10-07T00:00:00
XX.gold_usd.WB_CMO,XX,gold_usd,1985-07-31,317.2,2026-10-07T00:00:00
XX.gold_usd.WB_CMO,XX,gold_usd,1985-08-31,330.4,2026-10-07T00:00:00
XX.gold_usd.WB_CMO,XX,gold_usd,1985-09-30,323.35,2026-10-07T00:00:00
XX.gold_usd.WB_CMO,XX,gold_usd,1985-10-31,325.85,2026-10-07T00:00:00
XX.gold_usd.WB_CMO,XX,gold_usd,1985-11-30,321.5,2026-10-07T00:00:00
XX.gold_usd.WB_CMO,XX,gold_usd,1985-12-31,321.9,2026-10-07T00:00:00
XX.gold_usd.WB_CMO,XX,gold_usd,1986-01-31,347.48,2026-10-07T00:00:00
XX.gold_usd.WB_CMO,XX,gold_usd,1986-02-28,338.89,2026-10-07T00:00:00
XX.gold_usd.WB_CMO,XX,gold_usd,1986-03-31,345.7,2026-10-07T00:00:00
XX.gold_usd.WB_CMO,XX,gold_usd,1986-04-30,340.44,2026-10-07T00:00:00
XX.gold_usd.WB_CMO,XX,gold_usd,1986-05-31,342.4,2026-10-07T00:00:00
XX.gold_usd.WB_CMO,XX,gold_usd,1986-06-30,342.7,2026-10-07T00:00:00
XX.gold_usd.WB_CMO,XX,gold_usd,1986-07-31,348.34,2026-10-07T00:00:00
XX.gold_usd.WB_CMO,XX,gold_usd,1986-08-31,376.66,2026-10-07T00:00:00
XX.gold_usd.WB_CMO,XX,gold_usd,1986-09-30,417.73,2026-10-07T00:00:00
XX.gold_usd.WB_CMO,XX,gold_usd,1986-10-31,423.51,2026-10-07T00:00:00
XX.gold_usd.WB_CMO,XX,gold_usd,1986-11-30,397.56,2026-10-07T00:00:00
XX.gold_usd.WB_CMO,XX,gold_usd,1986-12-31,390.92,2026-10-07T00:00:00
XX.gold_usd.WB_CMO,XX,gold_usd,1987-01-31,408.26,2026-10-07T00:00:00
XX.gold_usd.WB_CMO,XX,gold_usd,1987-02-28,401.12,2026-10-07T00:00:00
XX.gold_usd.WB_CMO,XX,gold_usd,1987-03-31,408.91,2026-10-07T00:00:00
XX.gold_usd.WB_CMO,XX,gold_usd,1987-04-30,438.35,2026-10-07T00:00:00
XX.gold_usd.WB_CMO,XX,gold_usd,1987-05-31,460.23,2026-10-07T00:00:00
XX.gold_usd.WB_CMO,XX,gold_usd,1987-06-30,449.59,2026-10-07T00:00:00
XX.gold_usd.WB_CMO,XX,gold_usd,1987-07-31,450.52,2026-10-07T00:00:00
XX.gold_usd.WB_CMO,XX,gold_usd,1987-08-31,461.15,2026-10-07T00:00:00
XX.gold_usd.WB_CMO,XX,gold_usd,1987-09-30,460.38,2026-10-07T00:00:00
XX.gold_usd.WB_CMO,XX,gold_usd,1987-10-31,465.35,2026-10-07T00:00:00
XX.gold_usd.WB_CMO,XX,gold_usd,1987-11-30,467.57,2026-10-07T00:00:00
XX.gold_usd.WB_CMO,XX,gold_usd,1987-12-31,486.24,2026-10-07T00:00:00
XX.gold_usd.WB_CMO,XX,gold_usd,1988-01-31,476.58,2026-10-07T00:00:00
XX.gold_usd.WB_CMO,XX,gold_usd,1988-02-29,442.07,2026-10-07T00:00:00
XX.gold_usd.WB_CMO,XX,gold_usd,1988-03-31,443.61,2026-10-07T00:00:00
XX.gold_usd.WB_CMO,XX,gold_usd,1988-04-30,451.55,2026-10-07T00:00:00
XX.gold_usd.WB_CMO,XX,gold_usd,1988-05-31,451.07,2026-10-07T00:00:00
XX.gold_usd.WB_CMO,XX,gold_usd,1988-06-30,451.33,2026-10-07T00:00:00
XX.gold_usd.WB_CMO,XX,gold_usd,1988-07-31,437.63,2026-10-07T00:00:00
XX.gold_usd.WB_CMO,XX,gold_usd,1988-08-31,431.28,2026-10-07T00:00:00
XX.gold_usd.WB_CMO,XX,gold_usd,1988-09-30,413.46,2026-10-07T00:00:00
XX.gold_usd.WB_CMO,XX,gold_usd,1988-10-31,406.78,2026-10-07T00:00:00
XX.gold_usd.WB_CMO,XX,gold_usd,1988-11-30,420.17,2026-10-07T00:00:00
XX.gold_usd.WB_CMO,XX,gold_usd,1988-12-31,419.05,2026-10-07T00:00:00
XX.gold_usd.WB_CMO,XX,gold_usd,1989-01-31,404.01,2026-10-07T00:00:00
XX.gold_usd.WB_CMO,XX,gold_usd,1989-02-28,387.51,2026-10-07T00:00:00
XX.gold_usd.WB_CMO,XX,gold_usd,1989-03-31,390.15,2026-10-07T00:00:00
XX.gold_usd.WB_CMO,XX,gold_usd,1989-04-30,384.4,2026-10-07T00:00:00
XX.gold_usd.WB_CMO,XX,gold_usd,1989-05-31,371.05,2026-10-07T00:00:00
XX.gold_usd.WB_CMO,XX,gold_usd,1989-06-30,367.6,2026-10-07T00:00:00
XX.gold_usd.WB_CMO,XX,gold_usd,1989-07-31,375.04,2026-10-07T00:00:00
XX.gold_usd.WB_CMO,XX,gold_usd,1989-08-31,365.14,2026-10-07T00:00:00
XX.gold_usd.WB_CMO,XX,gold_usd,1989-09-30,361.75,2026-10-07T00:00:00
XX.gold_usd.WB_CMO,XX,gold_usd,1989-10-31,366.88,2026-10-07T00:00:00
XX.gold_usd.WB_CMO,XX,gold_usd,1989-11-30,394.26,2026-10-07T00:00:00
XX.gold_usd.WB_CMO,XX,gold_usd,1989-12-31,409.39,2026-10-07T00:00:00
XX.gold_usd.WB_CMO,XX,gold_usd,1990-01-31,410.11,2026-10-07T00:00:00
XX.gold_usd.WB_CMO,XX,gold_usd,1990-02-28,416.81,2026-10-07T00:00:00
XX.gold_usd.WB_CMO,XX,gold_usd,1990-03-31,393.06,2026-10-07T00:00:00
XX.gold_usd.WB_CMO,XX,gold_usd,1990-04-30,374.24,2026-10-07T00:00:00
XX.gold_usd.WB_CMO,XX,gold_usd,1990-05-31,369.05,2026-10-07T00:00:00
XX.gold_usd.WB_CMO,XX,gold_usd,1990-06-30,352.33,2026-10-07T00:00:00
XX.gold_usd.WB_CMO,XX,gold_usd,1990-07-31,362.53,2026-10-07T00:00:00
XX.gold_usd.WB_CMO,XX,gold_usd,1990-08-31,394.73,2026-10-07T00:00:00
XX.gold_usd.WB_CMO,XX,gold_usd,1990-09-30,389.32,2026-10-07T00:00:00
XX.gold_usd.WB_CMO,XX,gold_usd,1990-10-31,380.74,2026-10-07T00:00:00
XX.gold_usd.WB_CMO,XX,gold_usd,1990-11-30,381.73,2026-10-07T00:00:00
XX.gold_usd.WB_CMO,XX,gold_usd,1990-12-31,376.95,2026-10-07T00:00:00
XX.gold_usd.WB_CMO,XX,gold_usd,1991-01-31,383.64,2026-10-07T00:00:00
XX.gold_usd.WB_CMO,XX,gold_usd,1991-02-28,363.83,2026-10-07T00:00:00
XX.gold_usd.WB_CMO,XX,gold_usd,1991-03-31,363.34,2026-10-07T00:00:00
XX.gold_usd.WB_CMO,XX,gold_usd,1991-04-30,358.38,2026-10-07T00:00:00
XX.gold_usd.WB_CMO,XX,gold_usd,1991-05-31,356.95,2026-10-07T00:00:00
XX.gold_usd.WB_CMO,XX,gold_usd,1991-06-30,366.72,2026-10-07T00:00:00
XX.gold_usd.WB_CMO,XX,gold_usd,1991-07-31,367.69,2026-10-07T00:00:00
XX.gold_usd.WB_CMO,XX,gold_usd,1991-08-31,356.31,2026-10-07T00:00:00
XX.gold_usd.WB_CMO,XX,gold_usd,1991-09-30,348.74,2026-10-07T00:00:00
XX.gold_usd.WB_CMO,XX,gold_usd,1991-10-31,358.69,2026-10-07T00:00:00
XX.gold_usd.WB_CMO,XX,gold_usd,1991-11-30,360.17,2026-10-07T00:00:00
XX.gold_usd.WB_CMO,XX,gold_usd,1991-12-31,361.73,2026-10-07T00:00:00
XX.gold_usd.WB_CMO,XX,gold_usd,1992-01-31,354.45,2026-10-07T00:00:00
XX.gold_usd.WB_CMO,XX,gold_usd,1992-02-29,353.91,2026-10-07T00:00:00
XX.gold_usd.WB_CMO,XX,gold_usd,1992-03-31,344.34,2026-10-07T00:00:00
XX.gold_usd.WB_CMO,XX,gold_usd,1992-04-30,338.62,2026-10-07T00:00:00
XX.gold_usd.WB_CMO,XX,gold_usd,1992-05-31,337.24,2026-10-07T00:00:00
XX.gold_usd.WB_CMO,XX,gold_usd,1992-06-30,340.81,2026-10-07T00:00:00
XX.gold_usd.WB_CMO,XX,gold_usd,1992-07-31,352.72,2026-10-07T00:00:00
XX.gold_usd.WB_CMO,XX,gold_usd,1992-08-31,343.06,2026-10-07T00:00:00
XX.gold_usd.WB_CMO,XX,gold_usd,1992-09-30,345.43,2026-10-07T00:00:00
XX.gold_usd.WB_CMO,XX,gold_usd,1992-10-31,344.38,2026-10-07T00:00:00
XX.gold_usd.WB_CMO,XX,gold_usd,1992-11-30,335.02,2026-10-07T00:00:00
XX.gold_usd.WB_CMO,XX,gold_usd,1992-12-31,334.82,2026-10-07T00:00:00
XX.gold_usd.WB_CMO,XX,gold_usd,1993-01-31,329.01,2026-10-07T00:00:00
XX.gold_usd.WB_CMO,XX,gold_usd,1993-02-28,329.31,2026-10-07T00:00:00
XX.gold_usd.WB_CMO,XX,gold_usd,1993-03-31,330.08,2026-10-07T00:00:00
XX.gold_usd.WB_CMO,XX,gold_usd,1993-04-30,342.15,2026-10-07T00:00:00
XX.gold_usd.WB_CMO,XX,gold_usd,1993-05-31,367.18,2026-10-07T00:00:00
XX.gold_usd.WB_CMO,XX,gold_usd,1993-06-30,371.89,2026-10-07T00:00:00
XX.gold_usd.WB_CMO,XX,gold_usd,1993-07-31,392.19,2026-10-07T00:00:00
XX.gold_usd.WB_CMO,XX,gold_usd,1993-08-31,378.84,2026-10-07T00:00:00
XX.gold_usd.WB_CMO,XX,gold_usd,1993-09-30,355.28,2026-10-07T00:00:00
XX.gold_usd.WB_CMO,XX,gold_usd,1993-10-31,364.18,2026-10-07T00:00:00
XX.gold_usd.WB_CMO,XX,gold_usd,1993-11-30,373.83,2026-10-07T00:00:00
XX.gold_usd.WB_CMO,XX,gold_usd,1993-12-31,383.3,2026-10-07T00:00:00
XX.gold_usd.WB_CMO,XX,gold_usd,1994-01-31,386.88,2026-10-07T00:00:00
XX.gold_usd.WB_CMO,XX,gold_usd,1994-02-28,381.91,2026-10-07T00:00:00
XX.gold_usd.WB_CMO,XX,gold_usd,1994-03-31,384.13,2026-10-07T00:00:00
XX.gold_usd.WB_CMO,XX,gold_usd,1994-04-30,377.27,2026-10-07T00:00:00
XX.gold_usd.WB_CMO,XX,gold_usd,1994-05-31,381.43,2026-10-07T00:00:00
XX.gold_usd.WB_CMO,XX,gold_usd,1994-06-30,385.64,2026-10-07T00:00:00
XX.gold_usd.WB_CMO,XX,gold_usd,1994-07-31,385.49,2026-10-07T00:00:00
XX.gold_usd.WB_CMO,XX,gold_usd,1994-08-31,380.36,2026-10-07T00:00:00
XX.gold_usd.WB_CMO,XX,gold_usd,1994-09-30,391.58,2026-10-07T00:00:00
XX.gold_usd.WB_CMO,XX,gold_usd,1994-10-31,389.77,2026-10-07T00:00:00
XX.gold_usd.WB_CMO,XX,gold_usd,1994-11-30,384.39,2026-10-07T00:00:00
XX.gold_usd.WB_CMO,XX,gold_usd,1994-12-31,379.29,2026-10-07T00:00:00
XX.gold_usd.WB_CMO,XX,gold_usd,1995-01-31,378.55,2026-10-07T00:00:00
XX.gold_usd.WB_CMO,XX,gold_usd,1995-02-28,376.64,2026-10-07T00:00:00
XX.gold_usd.WB_CMO,XX,gold_usd,1995-03-31,382.12,2026-10-07T00:00:00
XX.gold_usd.WB_CMO,XX,gold_usd,1995-04-30,391.03,2026-10-07T00:00:00
XX.gold_usd.WB_CMO,XX,gold_usd,1995-05-31,385.22,2026-10-07T00:00:00
XX.gold_usd.WB_CMO,XX,gold_usd,1995-06-30,387.56,2026-10-07T00:00:00
XX.gold_usd.WB_CMO,XX,gold_usd,1995-07-31,386.23,2026-10-07T00:00:00
XX.gold_usd.WB_CMO,XX,gold_usd,1995-08-31,383.67,2026-10-07T00:00:00
XX.gold_usd.WB_CMO,XX,gold_usd,1995-09-30,383.06,2026-10-07T00:00:00
XX.gold_usd.WB_CMO,XX,gold_usd,1995-10-31,383.14,2026-10-07T00:00:00
XX.gold_usd.WB_CMO,XX,gold_usd,1995-11-30,385.31,2026-10-07T00:00:00
XX.gold_usd.WB_CMO,XX,gold_usd,1995-12-31,387.44,2026-10-07T00:00:00
XX.gold_usd.WB_CMO,XX,gold_usd,1996-01-31,399.45,2026-10-07T00:00:00
XX.gold_usd.WB_CMO,XX,gold_usd,1996-02-29,404.76,2026-10-07T00:00:00
XX.gold_usd.WB_CMO,XX,gold_usd,1996-03-31,396.21,2026-10-07T00:00:00
XX.gold_usd.WB_CMO,XX,gold_usd,1996-04-30,392.85,2026-10-07T00:00:00
XX.gold_usd.WB_CMO,XX,gold_usd,1996-05-31,391.93,2026-10-07T00:00:00
XX.gold_usd.WB_CMO,XX,gold_usd,1996-06-30,385.27,2026-10-07T00:00:00
XX.gold_usd.WB_CMO,XX,gold_usd,1996-07-31,383.47,2026-10-07T00:00:00
XX.gold_usd.WB_CMO,XX,gold_usd,1996-08-31,387.35,2026-10-07T00:00:00
XX.gold_usd.WB_CMO,XX,gold_usd,1996-09-30,383.14,2026-10-07T00:00:00
XX.gold_usd.WB_CMO,XX,gold_usd,1996-10-31,381.07,2026-10-07T00:00:00
XX.gold_usd.WB_CMO,XX,gold_usd,1996-11-30,377.85,2026-10-07T00:00:00
XX.gold_usd.WB_CMO,XX,gold_usd,1996-12-31,369.0,2026-10-07T00:00:00
XX.gold_usd.WB_CMO,XX,gold_usd,1997-01-31,355.11,2026-10-07T00:00:00
XX.gold_usd.WB_CMO,XX,gold_usd,1997-02-28,346.58,2026-10-07T00:00:00
XX.gold_usd.WB_CMO,XX,gold_usd,1997-03-31,351.81,2026-10-07T00:00:00
XX.gold_usd.WB_CMO,XX,gold_usd,1997-04-30,344.47,2026-10-07T00:00:00
XX.gold_usd.WB_CMO,XX,gold_usd,1997-05-31,343.84,2026-10-07T00:00:00
XX.gold_usd.WB_CMO,XX,gold_usd,1997-06-30,340.76,2026-10-07T00:00:00
XX.gold_usd.WB_CMO,XX,gold_usd,1997-07-31,324.1,2026-10-07T00:00:00
XX.gold_usd.WB_CMO,XX,gold_usd,1997-08-31,324.01,2026-10-07T00:00:00
XX.gold_usd.WB_CMO,XX,gold_usd,1997-09-30,322.82,2026-10-07T00:00:00
XX.gold_usd.WB_CMO,XX,gold_usd,1997-10-31,324.87,2026-10-07T00:00:00
XX.gold_usd.WB_CMO,XX,gold_usd,1997-11-30,306.04,2026-10-07T00:00:00
XX.gold_usd.WB_CMO,XX,gold_usd,1997-12-31,288.74,2026-10-07T00:00:00
XX.gold_usd.WB_CMO,XX,gold_usd,1998-01-31,289.1,2026-10-07T00:00:00
XX.gold_usd.WB_CMO,XX,gold_usd,1998-02-28,297.49,2026-10-07T00:00:00
XX.gold_usd.WB_CMO,XX,gold_usd,1998-03-31,295.94,2026-10-07T00:00:00
XX.gold_usd.WB_CMO,XX,gold_usd,1998-04-30,308.29,2026-10-07T00:00:00
XX.gold_usd.WB_CMO,XX,gold_usd,1998-05-31,299.1,2026-10-07T00:00:00
XX.gold_usd.WB_CMO,XX,gold_usd,1998-06-30,292.32,2026-10-07T00:00:00
XX.gold_usd.WB_CMO,XX,gold_usd,1998-07-31,292.87,2026-10-07T00:00:00
XX.gold_usd.WB_CMO,XX,gold_usd,1998-08-31,284.11,2026-10-07T00:00:00
XX.gold_usd.WB_CMO,XX,gold_usd,1998-09-30,288.98,2026-10-07T00:00:00
XX.gold_usd.WB_CMO,XX,gold_usd,1998-10-31,295.93,2026-10-07T00:00:00
XX.gold_usd.WB_CMO,XX,gold_usd,1998-11-30,294.12,2026-10-07T00:00:00
XX.gold_usd.WB_CMO,XX,gold_usd,1998-12-31,291.68,2026-10-07T00:00:00
XX.gold_usd.WB_CMO,XX,gold_usd,1999-01-31,287.08,2026-10-07T00:00:00
XX.gold_usd.WB_CMO,XX,gold_usd,1999-02-28,287.33,2026-10-07T00:00:00
XX.gold_usd.WB_CMO,XX,gold_usd,1999-03-31,285.96,2026-10-07T00:00:00
XX.gold_usd.WB_CMO,XX,gold_usd,1999-04-30,282.62,2026-10-07T00:00:00
XX.gold_usd.WB_CMO,XX,gold_usd,1999-05-31,276.44,2026-10-07T00:00:00
XX.gold_usd.WB_CMO,XX,gold_usd,1999-06-30,261.31,2026-10-07T00:00:00
XX.gold_usd.WB_CMO,XX,gold_usd,1999-07-31,256.08,2026-10-07T00:00:00
XX.gold_usd.WB_CMO,XX,gold_usd,1999-08-31,256.69,2026-10-07T00:00:00
XX.gold_usd.WB_CMO,XX,gold_usd,1999-09-30,264.74,2026-10-07T00:00:00
XX.gold_usd.WB_CMO,XX,gold_usd,1999-10-31,310.72,2026-10-07T00:00:00
XX.gold_usd.WB_CMO,XX,gold_usd,1999-11-30,293.18,2026-10-07T00:00:00
XX.gold_usd.WB_CMO,XX,gold_usd,1999-12-31,283.07,2026-10-07T00:00:00
XX.gold_usd.WB_CMO,XX,gold_usd,2000-01-31,284.32,2026-10-07T00:00:00
XX.gold_usd.WB_CMO,XX,gold_usd,2000-02-29,299.86,2026-10-07T00:00:00
XX.gold_usd.WB_CMO,XX,gold_usd,2000-03-31,286.39,2026-10-07T00:00:00
XX.gold_usd.WB_CMO,XX,gold_usd,2000-04-30,279.69,2026-10-07T00:00:00
XX.gold_usd.WB_CMO,XX,gold_usd,2000-05-31,275.19,2026-10-07T00:00:00
XX.gold_usd.WB_CMO,XX,gold_usd,2000-06-30,285.73,2026-10-07T00:00:00
XX.gold_usd.WB_CMO,XX,gold_usd,2000-07-31,281.59,2026-10-07T00:00:00
XX.gold_usd.WB_CMO,XX,gold_usd,2000-08-31,274.47,2026-10-07T00:00:00
XX.gold_usd.WB_CMO,XX,gold_usd,2000-09-30,273.68,2026-10-07T00:00:00
XX.gold_usd.WB_CMO,XX,gold_usd,2000-10-31,270.0,2026-10-07T00:00:00
XX.gold_usd.WB_CMO,XX,gold_usd,2000-11-30,266.01,2026-10-07T00:00:00
XX.gold_usd.WB_CMO,XX,gold_usd,2000-12-31,271.45,2026-10-07T00:00:00
XX.gold_usd.WB_CMO,XX,gold_usd,2001-01-31,265.49,2026-10-07T00:00:00
XX.gold_usd.WB_CMO,XX,gold_usd,2001-02-28,261.87,2026-10-07T00:00:00
XX.gold_usd.WB_CMO,XX,gold_usd,2001-03-31,263.03,2026-10-07T00:00:00
XX.gold_usd.WB_CMO,XX,gold_usd,2001-04-30,260.48,2026-10-07T00:00:00
XX.gold_usd.WB_CMO,XX,gold_usd,2001-05-31,272.36,2026-10-07T00:00:00
XX.gold_usd.WB_CMO,XX,gold_usd,2001-06-30,270.23,2026-10-07T00:00:00
XX.gold_usd.WB_CMO,XX,gold_usd,2001-07-31,267.53,2026-10-07T00:00:00
XX.gold_usd.WB_CMO,XX,gold_usd,2001-08-31,272.39,2026-10-07T00:00:00
XX.gold_usd.WB_CMO,XX,gold_usd,2001-09-30,283.42,2026-10-07T00:00:00
XX.gold_usd.WB_CMO,XX,gold_usd,2001-10-31,283.06,2026-10-07T00:00:00
XX.gold_usd.WB_CMO,XX,gold_usd,2001-11-30,276.16,2026-10-07T00:00:00
XX.gold_usd.WB_CMO,XX,gold_usd,2001-12-31,275.85,2026-10-07T00:00:00
XX.gold_usd.WB_CMO,XX,gold_usd,2002-01-31,281.51,2026-10-07T00:00:00
XX.gold_usd.WB_CMO,XX,gold_usd,2002-02-28,295.5,2026-10-07T00:00:00
XX.gold_usd.WB_CMO,XX,gold_usd,2002-03-31,294.06,2026-10-07T00:00:00
XX.gold_usd.WB_CMO,XX,gold_usd,2002-04-30,302.68,2026-10-07T00:00:00
XX.gold_usd.WB_CMO,XX,gold_usd,2002-05-31,314.49,2026-10-07T00:00:00
XX.gold_usd.WB_CMO,XX,gold_usd,2002-06-30,321.18,2026-10-07T00:00:00
XX.gold_usd.WB_CMO,XX,gold_usd,2002-07-31,313.29,2026-10-07T00:00:00
XX.gold_usd.WB_CMO,XX,gold_usd,2002-08-31,310.26,2026-10-07T00:00:00
XX.gold_usd.WB_CMO,XX,gold_usd,2002-09-30,319.14,2026-10-07T00:00:00
XX.gold_usd.WB_CMO,XX,gold_usd,2002-10-31,316.56,2026-10-07T00:00:00
XX.gold_usd.WB_CMO,XX,gold_usd,2002-11-30,319.07,2026-10-07T00:00:00
XX.gold_usd.WB_CMO,XX,gold_usd,2002-12-31,331.92,2026-10-07T00:00:00
XX.gold_usd.WB_CMO,XX,gold_usd,2003-01-31,356.859,2026-10-07T00:00:00
XX.gold_usd.WB_CMO,XX,gold_usd,2003-02-28,358.97,2026-10-07T00:00:00
XX.gold_usd.WB_CMO,XX,gold_usd,2003-03-31,340.55,2026-10-07T00:00:00
XX.gold_usd.WB_CMO,XX,gold_usd,2003-04-30,328.18,2026-10-07T00:00:00
XX.gold_usd.WB_CMO,XX,gold_usd,2003-05-31,355.683,2026-10-07T00:00:00
XX.gold_usd.WB_CMO,XX,gold_usd,2003-06-30,356.352,2026-10-07T00:00:00
XX.gold_usd.WB_CMO,XX,gold_usd,2003-07-31,351.02,2026-10-07T00:00:00
XX.gold_usd.WB_CMO,XX,gold_usd,2003-08-31,359.768,2026-10-07T00:00:00
XX.gold_usd.WB_CMO,XX,gold_usd,2003-09-30,378.945,2026-10-07T00:00:00
XX.gold_usd.WB_CMO,XX,gold_usd,2003-10-31,378.92,2026-10-07T00:00:00
XX.gold_usd.WB_CMO,XX,gold_usd,2003-11-30,389.91,2026-10-07T00:00:00
XX.gold_usd.WB_CMO,XX,gold_usd,2003-12-31,406.953,2026-10-07T00:00:00
XX.gold_usd.WB_CMO,XX,gold_usd,2004-01-31,413.788,2026-10-07T00:00:00
XX.gold_usd.WB_CMO,XX,gold_usd,2004-02-29,404.878,2026-10-07T00:00:00
XX.gold_usd.WB_CMO,XX,gold_usd,2004-03-31,406.667,2026-10-07T00:00:00
XX.gold_usd.WB_CMO,XX,gold_usd,2004-04-30,403.26,2026-10-07T00:00:00
XX.gold_usd.WB_CMO,XX,gold_usd,2004-05-31,383.779,2026-10-07T00:00:00
XX.gold_usd.WB_CMO,XX,gold_usd,2004-06-30,392.373,2026-10-07T00:00:00
XX.gold_usd.WB_CMO,XX,gold_usd,2004-07-31,398.091,2026-10-07T00:00:00
XX.gold_usd.WB_CMO,XX,gold_usd,2004-08-31,400.51,2026-10-07T00:00:00
XX.gold_usd.WB_CMO,XX,gold_usd,2004-09-30,405.275,2026-10-07T00:00:00
XX.gold_usd.WB_CMO,XX,gold_usd,2004-10-31,420.464,2026-10-07T00:00:00
XX.gold_usd.WB_CMO,XX,gold_usd,2004-11-30,439.375,2026-10-07T00:00:00
XX.gold_usd.WB_CMO,XX,gold_usd,2004-12-31,442.079,2026-10-07T00:00:00
XX.gold_usd.WB_CMO,XX,gold_usd,2005-01-31,424.03,2026-10-07T00:00:00
XX.gold_usd.WB_CMO,XX,gold_usd,2005-02-28,423.35,2026-10-07T00:00:00
XX.gold_usd.WB_CMO,XX,gold_usd,2005-03-31,433.85,2026-10-07T00:00:00
XX.gold_usd.WB_CMO,XX,gold_usd,2005-04-30,429.233,2026-10-07T00:00:00
XX.gold_usd.WB_CMO,XX,gold_usd,2005-05-31,421.873,2026-10-07T00:00:00
XX.gold_usd.WB_CMO,XX,gold_usd,2005-06-30,430.657,2026-10-07T00:00:00
XX.gold_usd.WB_CMO,XX,gold_usd,2005-07-31,424.479,2026-10-07T00:00:00
XX.gold_usd.WB_CMO,XX,gold_usd,2005-08-31,437.93,2026-10-07T00:00:00
XX.gold_usd.WB_CMO,XX,gold_usd,2005-09-30,456.048,2026-10-07T00:00:00
XX.gold_usd.WB_CMO,XX,gold_usd,2005-10-31,469.898,2026-10-07T00:00:00
XX.gold_usd.WB_CMO,XX,gold_usd,2005-11-30,476.666,2026-10-07T00:00:00
XX.gold_usd.WB_CMO,XX,gold_usd,2005-12-31,510.097,2026-10-07T00:00:00
XX.gold_usd.WB_CMO,XX,gold_usd,2006-01-31,549.864,2026-10-07T00:00:00
XX.gold_usd.WB_CMO,XX,gold_usd,2006-02-28,554.995,2026-10-07T00:00:00
XX.gold_usd.WB_CMO,XX,gold_usd,2006-03-31,557.093,2026-10-07T00:00:00
XX.gold_usd.WB_CMO,XX,gold_usd,2006-04-30,610.653,2026-10-07T00:00:00
XX.gold_usd.WB_CMO,XX,gold_usd,2006-05-31,675.393,2026-10-07T00:00:00
XX.gold_usd.WB_CMO,XX,gold_usd,2006-06-30,596.145,2026-10-07T00:00:00
XX.gold_usd.WB_CMO,XX,gold_usd,2006-07-31,633.71,2026-10-07T00:00:00
XX.gold_usd.WB_CMO,XX,gold_usd,2006-08-31,632.593,2026-10-07T00:00:00
XX.gold_usd.WB_CMO,XX,gold_usd,2006-09-30,598.186,2026-10-07T00:00:00
XX.gold_usd.WB_CMO,XX,gold_usd,2006-10-31,585.78,2026-10-07T00:00:00
XX.gold_usd.WB_CMO,XX,gold_usd,2006-11-30,627.827,2026-10-07T00:00:00
XX.gold_usd.WB_CMO,XX,gold_usd,2006-12-31,629.791,2026-10-07T00:00:00
XX.gold_usd.WB_CMO,XX,gold_usd,2007-01-31,631.166,2026-10-07T00:00:00
XX.gold_usd.WB_CMO,XX,gold_usd,2007-02-28,664.745,2026-10-07T00:00:00
XX.gold_usd.WB_CMO,XX,gold_usd,2007-03-31,654.895,2026-10-07T00:00:00
XX.gold_usd.WB_CMO,XX,gold_usd,2007-04-30,679.368,2026-10-07T00:00:00
XX.gold_usd.WB_CMO,XX,gold_usd,2007-05-31,667.31,2026-10-07T00:00:00
XX.gold_usd.WB_CMO,XX,gold_usd,2007-06-30,655.66,2026-10-07T00:00:00
XX.gold_usd.WB_CMO,XX,gold_usd,2007-07-31,665.38,2026-10-07T00:00:00
XX.gold_usd.WB_CMO,XX,gold_usd,2007-08-31,665.411,2026-10-07T00:00:00
XX.gold_usd.WB_CMO,XX,gold_usd,2007-09-30,712.653,2026-10-07T00:00:00
XX.gold_usd.WB_CMO,XX,gold_usd,2007-10-31,754.604,2026-10-07T00:00:00
XX.gold_usd.WB_CMO,XX,gold_usd,2007-11-30,806.248,2026-10-07T00:00:00
XX.gold_usd.WB_CMO,XX,gold_usd,2007-12-31,803.203,2026-10-07T00:00:00
XX.gold_usd.WB_CMO,XX,gold_usd,2008-01-31,889.595,2026-10-07T00:00:00
XX.gold_usd.WB_CMO,XX,gold_usd,2008-02-29,922.298,2026-10-07T00:00:00
XX.gold_usd.WB_CMO,XX,gold_usd,2008-03-31,968.434,2026-10-07T00:00:00
XX.gold_usd.WB_CMO,XX,gold_usd,2008-04-30,909.705,2026-10-07T00:00:00
XX.gold_usd.WB_CMO,XX,gold_usd,2008-05-31,888.663,2026-10-07T00:00:00
XX.gold_usd.WB_CMO,XX,gold_usd,2008-06-30,889.488,2026-10-07T00:00:00
XX.gold_usd.WB_CMO,XX,gold_usd,2008-07-31,939.772,2026-10-07T00:00:00
XX.gold_usd.WB_CMO,XX,gold_usd,2008-08-31,839.025,2026-10-07T00:00:00
XX.gold_usd.WB_CMO,XX,gold_usd,2008-09-30,829.932,2026-10-07T00:00:00
XX.gold_usd.WB_CMO,XX,gold_usd,2008-10-31,806.62,2026-10-07T00:00:00
XX.gold_usd.WB_CMO,XX,gold_usd,2008-11-30,760.863,2026-10-07T00:00:00
XX.gold_usd.WB_CMO,XX,gold_usd,2008-12-31,816.092,2026-10-07T00:00:00
XX.gold_usd.WB_CMO,XX,gold_usd,2009-01-31,858.69,2026-10-07T00:00:00
XX.gold_usd.WB_CMO,XX,gold_usd,2009-02-28,943.0,2026-10-07T00:00:00
XX.gold_usd.WB_CMO,XX,gold_usd,2009-03-31,924.273,2026-10-07T00:00:00
XX.gold_usd.WB_CMO,XX,gold_usd,2009-04-30,890.2,2026-10-07T00:00:00
XX.gold_usd.WB_CMO,XX,gold_usd,2009-05-31,928.645,2026-10-07T00:00:00
XX.gold_usd.WB_CMO,XX,gold_usd,2009-06-30,945.67,2026-10-07T00:00:00
XX.gold_usd.WB_CMO,XX,gold_usd,2009-07-31,934.228,2026-10-07T00:00:00
XX.gold_usd.WB_CMO,XX,gold_usd,2009-08-31,949.375,2026-10-07T00:00:00
XX.gold_usd.WB_CMO,XX,gold_usd,2009-09-30,996.591,2026-10-07T00:00:00
XX.gold_usd.WB_CMO,XX,gold_usd,2009-10-31,1043.159,2026-10-07T00:00:00
XX.gold_usd.WB_CMO,XX,gold_usd,2009-11-30,1127.036,2026-10-07T00:00:00
XX.gold_usd.WB_CMO,XX,gold_usd,2009-12-31,1134.724,2026-10-07T00:00:00
XX.gold_usd.WB_CMO,XX,gold_usd,2010-01-31,1117.963,2026-10-07T00:00:00
XX.gold_usd.WB_CMO,XX,gold_usd,2010-02-28,1095.413,2026-10-07T00:00:00
XX.gold_usd.WB_CMO,XX,gold_usd,2010-03-31,1113.337,2026-10-07T00:00:00
XX.gold_usd.WB_CMO,XX,gold_usd,2010-04-30,1148.688,2026-10-07T00:00:00
XX.gold_usd.WB_CMO,XX,gold_usd,2010-05-31,1205.434,2026-10-07T00:00:00
XX.gold_usd.WB_CMO,XX,gold_usd,2010-06-30,1232.92,2026-10-07T00:00:00
XX.gold_usd.WB_CMO,XX,gold_usd,2010-07-31,1192.966,2026-10-07T00:00:00
XX.gold_usd.WB_CMO,XX,gold_usd,2010-08-31,1215.81,2026-10-07T00:00:00
XX.gold_usd.WB_CMO,XX,gold_usd,2010-09-30,1270.977,2026-10-07T00:00:00
XX.gold_usd.WB_CMO,XX,gold_usd,2010-10-31,1342.024,2026-10-07T00:00:00
XX.gold_usd.WB_CMO,XX,gold_usd,2010-11-30,1369.886,2026-10-07T00:00:00
XX.gold_usd.WB_CMO,XX,gold_usd,2010-12-31,1390.553,2026-10-07T00:00:00
XX.gold_usd.WB_CMO,XX,gold_usd,2011-01-31,1360.46,2026-10-07T00:00:00
XX.gold_usd.WB_CMO,XX,gold_usd,2011-02-28,1374.68,2026-10-07T00:00:00
XX.gold_usd.WB_CMO,XX,gold_usd,2011-03-31,1423.26,2026-10-07T00:00:00
XX.gold_usd.WB_CMO,XX,gold_usd,2011-04-30,1480.89,2026-10-07T00:00:00
XX.gold_usd.WB_CMO,XX,gold_usd,2011-05-31,1512.58,2026-10-07T00:00:00
XX.gold_usd.WB_CMO,XX,gold_usd,2011-06-30,1529.36,2026-10-07T00:00:00
XX.gold_usd.WB_CMO,XX,gold_usd,2011-07-31,1572.75,2026-10-07T00:00:00
XX.gold_usd.WB_CMO,XX,gold_usd,2011-08-31,1759.01,2026-10-07T00:00:00
XX.gold_usd.WB_CMO,XX,gold_usd,2011-09-30,1772.14,2026-10-07T00:00:00
XX.gold_usd.WB_CMO,XX,gold_usd,2011-10-31,1666.43,2026-10-07T00:00:00
XX.gold_usd.WB_CMO,XX,gold_usd,2011-11-30,1739.0,2026-10-07T00:00:00
XX.gold_usd.WB_CMO,XX,gold_usd,2011-12-31,1639.97,2026-10-07T00:00:00
XX.gold_usd.WB_CMO,XX,gold_usd,2012-01-31,1654.05,2026-10-07T00:00:00
XX.gold_usd.WB_CMO,XX,gold_usd,2012-02-29,1744.82,2026-10-07T00:00:00
XX.gold_usd.WB_CMO,XX,gold_usd,2012-03-31,1675.95,2026-10-07T00:00:00
XX.gold_usd.WB_CMO,XX,gold_usd,2012-04-30,1649.2,2026-10-07T00:00:00
XX.gold_usd.WB_CMO,XX,gold_usd,2012-05-31,1589.04,2026-10-07T00:00:00
XX.gold_usd.WB_CMO,XX,gold_usd,2012-06-30,1598.76,2026-10-07T00:00:00
XX.gold_usd.WB_CMO,XX,gold_usd,2012-07-31,1594.29,2026-10-07T00:00:00
XX.gold_usd.WB_CMO,XX,gold_usd,2012-08-31,1630.31,2026-10-07T00:00:00
XX.gold_usd.WB_CMO,XX,gold_usd,2012-09-30,1744.81,2026-10-07T00:00:00
XX.gold_usd.WB_CMO,XX,gold_usd,2012-10-31,1746.58,2026-10-07T00:00:00
XX.gold_usd.WB_CMO,XX,gold_usd,2012-11-30,1721.64,2026-10-07T00:00:00
XX.gold_usd.WB_CMO,XX,gold_usd,2012-12-31,1684.762,2026-10-07T00:00:00
XX.gold_usd.WB_CMO,XX,gold_usd,2013-01-31,1671.84782608696,2026-10-07T00:00:00
XX.gold_usd.WB_CMO,XX,gold_usd,2013-02-28,1627.57,2026-10-07T00:00:00
XX.gold_usd.WB_CMO,XX,gold_usd,2013-03-31,1593.08619047619,2026-10-07T00:00:00
XX.gold_usd.WB_CMO,XX,gold_usd,2013-04-30,1487.85727272727,2026-10-07T00:00:00
XX.gold_usd.WB_CMO,XX,gold_usd,2013-05-31,1414.02695652174,2026-10-07T00:00:00
XX.gold_usd.WB_CMO,XX,gold_usd,2013-06-30,1343.35,2026-10-07T00:00:00
XX.gold_usd.WB_CMO,XX,gold_usd,2013-07-31,1285.51565217391,2026-10-07T00:00:00
XX.gold_usd.WB_CMO,XX,gold_usd,2013-08-31,1351.74181818182,2026-10-07T00:00:00
XX.gold_usd.WB_CMO,XX,gold_usd,2013-09-30,1348.6,2026-10-07T00:00:00
XX.gold_usd.WB_CMO,XX,gold_usd,2013-10-31,1316.58,2026-10-07T00:00:00
XX.gold_usd.WB_CMO,XX,gold_usd,2013-11-30,1275.86,2026-10-07T00:00:00
XX.gold_usd.WB_CMO,XX,gold_usd,2013-12-31,1221.5119047619,2026-10-07T00:00:00
XX.gold_usd.WB_CMO,XX,gold_usd,2014-01-31,1244.27,2026-10-07T00:00:00
XX.gold_usd.WB_CMO,XX,gold_usd,2014-02-28,1299.58,2026-10-07T00:00:00
XX.gold_usd.WB_CMO,XX,gold_usd,2014-03-31,1336.08,2026-10-07T00:00:00
XX.gold_usd.WB_CMO,XX,gold_usd,2014-04-30,1298.45,2026-10-07T00:00:00
XX.gold_usd.WB_CMO,XX,gold_usd,2014-05-31,1288.74,2026-10-07T00:00:00
XX.gold_usd.WB_CMO,XX,gold_usd,2014-06-30,1279.1,2026-10-07T00:00:00
XX.gold_usd.WB_CMO,XX,gold_usd,2014-07-31,1310.59,2026-10-07T00:00:00
XX.gold_usd.WB_CMO,XX,gold_usd,2014-08-31,1295.13,2026-10-07T00:00:00
XX.gold_usd.WB_CMO,XX,gold_usd,2014-09-30,1236.55,2026-10-07T00:00:00
XX.gold_usd.WB_CMO,XX,gold_usd,2014-10-31,1222.49,2026-10-07T00:00:00
XX.gold_usd.WB_CMO,XX,gold_usd,2014-11-30,1175.33,2026-10-07T00:00:00
XX.gold_usd.WB_CMO,XX,gold_usd,2014-12-31,1200.62,2026-10-07T00:00:00
XX.gold_usd.WB_CMO,XX,gold_usd,2015-01-31,1250.75,2026-10-07T00:00:00
XX.gold_usd.WB_CMO,XX,gold_usd,2015-02-28,1227.08,2026-10-07T00:00:00
XX.gold_usd.WB_CMO,XX,gold_usd,2015-03-31,1178.63,2026-10-07T00:00:00
XX.gold_usd.WB_CMO,XX,gold_usd,2015-04-30,1198.93,2026-10-07T00:00:00
XX.gold_usd.WB_CMO,XX,gold_usd,2015-05-31,1198.63,2026-10-07T00:00:00
XX.gold_usd.WB_CMO,XX,gold_usd,2015-06-30,1181.5,2026-10-07T00:00:00
XX.gold_usd.WB_CMO,XX,gold_usd,2015-07-31,1128.31,2026-10-07T00:00:00
XX.gold_usd.WB_CMO,XX,gold_usd,2015-08-31,1117.93,2026-10-07T00:00:00
XX.gold_usd.WB_CMO,XX,gold_usd,2015-09-30,1124.77,2026-10-07T00:00:00
XX.gold_usd.WB_CMO,XX,gold_usd,2015-10-31,1159.25,2026-10-07T00:00:00
XX.gold_usd.WB_CMO,XX,gold_usd,2015-11-30,1086.44,2026-10-07T00:00:00
XX.gold_usd.WB_CMO,XX,gold_usd,2015-12-31,1075.74,2026-10-07T00:00:00
XX.gold_usd.WB_CMO,XX,gold_usd,2016-01-31,1097.91,2026-10-07T00:00:00
XX.gold_usd.WB_CMO,XX,gold_usd,2016-02-29,1199.5,2026-10-07T00:00:00
XX.gold_usd.WB_CMO,XX,gold_usd,2016-03-31,1245.14,2026-10-07T00:00:00
XX.gold_usd.WB_CMO,XX,gold_usd,2016-04-30,1242.26,2026-10-07T00:00:00
XX.gold_usd.WB_CMO,XX,gold_usd,2016-05-31,1260.95,2026-10-07T00:00:00
XX.gold_usd.WB_CMO,XX,gold_usd,2016-06-30,1276.4,2026-10-07T00:00:00
XX.gold_usd.WB_CMO,XX,gold_usd,2016-07-31,1336.66,2026-10-07T00:00:00
XX.gold_usd.WB_CMO,XX,gold_usd,2016-08-31,1340.17,2026-10-07T00:00:00
XX.gold_usd.WB_CMO,XX,gold_usd,2016-09-30,1326.61,2026-10-07T00:00:00
XX.gold_usd.WB_CMO,XX,gold_usd,2016-10-31,1266.55,2026-10-07T00:00:00
XX.gold_usd.WB_CMO,XX,gold_usd,2016-11-30,1238.35,2026-10-07T00:00:00
XX.gold_usd.WB_CMO,XX,gold_usd,2016-12-31,1157.36,2026-10-07T00:00:00
XX.gold_usd.WB_CMO,XX,gold_usd,2017-01-31,1192.1,2026-10-07T00:00:00
XX.gold_usd.WB_CMO,XX,gold_usd,2017-02-28,1234.2,2026-10-07T00:00:00
XX.gold_usd.WB_CMO,XX,gold_usd,2017-03-31,1231.42,2026-10-07T00:00:00
XX.gold_usd.WB_CMO,XX,gold_usd,2017-04-30,1266.88,2026-10-07T00:00:00
XX.gold_usd.WB_CMO,XX,gold_usd,2017-05-31,1246.04,2026-10-07T00:00:00
XX.gold_usd.WB_CMO,XX,gold_usd,2017-06-30,1260.26,2026-10-07T00:00:00
XX.gold_usd.WB_CMO,XX,gold_usd,2017-07-31,1236.84,2026-10-07T00:00:00
XX.gold_usd.WB_CMO,XX,gold_usd,2017-08-31,1283.04,2026-10-07T00:00:00
XX.gold_usd.WB_CMO,XX,gold_usd,2017-09-30,1314.07,2026-10-07T00:00:00
XX.gold_usd.WB_CMO,XX,gold_usd,2017-10-31,1279.51,2026-10-07T00:00:00
XX.gold_usd.WB_CMO,XX,gold_usd,2017-11-30,1281.9,2026-10-07T00:00:00
XX.gold_usd.WB_CMO,XX,gold_usd,2017-12-31,1264.45,2026-10-07T00:00:00
XX.gold_usd.WB_CMO,XX,gold_usd,2018-01-31,1331.3,2026-10-07T00:00:00
XX.gold_usd.WB_CMO,XX,gold_usd,2018-02-28,1330.73,2026-10-07T00:00:00
XX.gold_usd.WB_CMO,XX,gold_usd,2018-03-31,1324.66,2026-10-07T00:00:00
XX.gold_usd.WB_CMO,XX,gold_usd,2018-04-30,1334.76,2026-10-07T00:00:00
XX.gold_usd.WB_CMO,XX,gold_usd,2018-05-31,1303.45,2026-10-07T00:00:00
XX.gold_usd.WB_CMO,XX,gold_usd,2018-06-30,1281.57,2026-10-07T00:00:00
XX.gold_usd.WB_CMO,XX,gold_usd,2018-07-31,1237.71,2026-10-07T00:00:00
XX.gold_usd.WB_CMO,XX,gold_usd,2018-08-31,1201.71,2026-10-07T00:00:00
XX.gold_usd.WB_CMO,XX,gold_usd,2018-09-30,1198.39,2026-10-07T00:00:00
XX.gold_usd.WB_CMO,XX,gold_usd,2018-10-31,1215.39,2026-10-07T00:00:00
XX.gold_usd.WB_CMO,XX,gold_usd,2018-11-30,1220.65,2026-10-07T00:00:00
XX.gold_usd.WB_CMO,XX,gold_usd,2018-12-31,1250.4,2026-10-07T00:00:00
XX.gold_usd.WB_CMO,XX,gold_usd,2019-01-31,1291.75,2026-10-07T00:00:00
XX.gold_usd.WB_CMO,XX,gold_usd,2019-02-28,1320.07,2026-10-07T00:00:00
XX.gold_usd.WB_CMO,XX,gold_usd,2019-03-31,1300.9,2026-10-07T00:00:00
XX.gold_usd.WB_CMO,XX,gold_usd,2019-04-30,1285.91,2026-10-07T00:00:00
XX.gold_usd.WB_CMO,XX,gold_usd,2019-05-31,1283.7,2026-10-07T00:00:00
XX.gold_usd.WB_CMO,XX,gold_usd,2019-06-30,1359.04,2026-10-07T00:00:00
XX.gold_usd.WB_CMO,XX,gold_usd,2019-07-31,1412.89,2026-10-07T00:00:00
XX.gold_usd.WB_CMO,XX,gold_usd,2019-08-31,1500.41,2026-10-07T00:00:00
XX.gold_usd.WB_CMO,XX,gold_usd,2019-09-30,1510.58,2026-10-07T00:00:00
XX.gold_usd.WB_CMO,XX,gold_usd,2019-10-31,1494.81,2026-10-07T00:00:00
XX.gold_usd.WB_CMO,XX,gold_usd,2019-11-30,1470.79,2026-10-07T00:00:00
XX.gold_usd.WB_CMO,XX,gold_usd,2019-12-31,1479.13,2026-10-07T00:00:00
XX.gold_usd.WB_CMO,XX,gold_usd,2020-01-31,1560.67,2026-10-07T00:00:00
XX.gold_usd.WB_CMO,XX,gold_usd,2020-02-29,1597.1,2026-10-07T00:00:00
XX.gold_usd.WB_CMO,XX,gold_usd,2020-03-31,1591.93,2026-10-07T00:00:00
XX.gold_usd.WB_CMO,XX,gold_usd,2020-04-30,1683.17,2026-10-07T00:00:00
XX.gold_usd.WB_CMO,XX,gold_usd,2020-05-31,1715.91,2026-10-07T00:00:00
XX.gold_usd.WB_CMO,XX,gold_usd,2020-06-30,1732.22,2026-10-07T00:00:00
XX.gold_usd.WB_CMO,XX,gold_usd,2020-07-31,1846.51,2026-10-07T00:00:00
XX.gold_usd.WB_CMO,XX,gold_usd,2020-08-31,1968.63,2026-10-07T00:00:00
XX.gold_usd.WB_CMO,XX,gold_usd,2020-09-30,1921.92,2026-10-07T00:00:00
XX.gold_usd.WB_CMO,XX,gold_usd,2020-10-31,1900.27,2026-10-07T00:00:00
XX.gold_usd.WB_CMO,XX,gold_usd,2020-11-30,1866.3,2026-10-07T00:00:00
XX.gold_usd.WB_CMO,XX,gold_usd,2020-12-31,1858.42,2026-10-07T00:00:00
XX.gold_usd.WB_CMO,XX,gold_usd,2021-01-31,1866.98,2026-10-07T00:00:00
XX.gold_usd.WB_CMO,XX,gold_usd,2021-02-28,1808.17,2026-10-07T00:00:00
XX.gold_usd.WB_CMO,XX,gold_usd,2021-03-31,1718.23,2026-10-07T00:00:00
XX.gold_usd.WB_CMO,XX,gold_usd,2021-04-30,1760.04,2026-10-07T00:00:00
XX.gold_usd.WB_CMO,XX,gold_usd,2021-05-31,1850.26,2026-10-07T00:00:00
XX.gold_usd.WB_CMO,XX,gold_usd,2021-06-30,1834.57,2026-10-07T00:00:00
XX.gold_usd.WB_CMO,XX,gold_usd,2021-07-31,1807.84,2026-10-07T00:00:00
XX.gold_usd.WB_CMO,XX,gold_usd,2021-08-31,1785.28,2026-10-07T00:00:00
XX.gold_usd.WB_CMO,XX,gold_usd,2021-09-30,1775.14,2026-10-07T00:00:00
XX.gold_usd.WB_CMO,XX,gold_usd,2021-10-31,1776.85,2026-10-07T00:00:00
XX.gold_usd.WB_CMO,XX,gold_usd,2021-11-30,1821.76,2026-10-07T00:00:00
XX.gold_usd.WB_CMO,XX,gold_usd,2021-12-31,1790.43,2026-10-07T00:00:00
XX.gold_usd.WB_CMO,XX,gold_usd,2022-01-31,1816.02,2026-10-07T00:00:00
XX.gold_usd.WB_CMO,XX,gold_usd,2022-02-28,1856.3,2026-10-07T00:00:00
XX.gold_usd.WB_CMO,XX,gold_usd,2022-03-31,1947.83,2026-10-07T00:00:00
XX.gold_usd.WB_CMO,XX,gold_usd,2022-04-30,1936.86,2026-10-07T00:00:00
XX.gold_usd.WB_CMO,XX,gold_usd,2022-05-31,1848.5,2026-10-07T00:00:00
XX.gold_usd.WB_CMO,XX,gold_usd,2022-06-30,1836.57,2026-10-07T00:00:00
XX.gold_usd.WB_CMO,XX,gold_usd,2022-07-31,1732.74,2026-10-07T00:00:00
XX.gold_usd.WB_CMO,XX,gold_usd,2022-08-31,1764.56,2026-10-07T00:00:00
XX.gold_usd.WB_CMO,XX,gold_usd,2022-09-30,1680.78,2026-10-07T00:00:00
XX.gold_usd.WB_CMO,XX,gold_usd,2022-10-31,1664.45,2026-10-07T00:00:00
XX.gold_usd.WB_CMO,XX,gold_usd,2022-11-30,1725.07,2026-10-07T00:00:00
XX.gold_usd.WB_CMO,XX,gold_usd,2022-12-31,1797.55,2026-10-07T00:00:00
XX.gold_usd.WB_CMO,XX,gold_usd,2023-01-31,1897.71,2026-10-07T00:00:00
XX.gold_usd.WB_CMO,XX,gold_usd,2023-02-28,1854.54,2026-10-07T00:00:00
XX.gold_usd.WB_CMO,XX,gold_usd,2023-03-31,1912.73,2026-10-07T00:00:00
XX.gold_usd.WB_CMO,XX,gold_usd,2023-04-30,1999.77,2026-10-07T00:00:00
XX.gold_usd.WB_CMO,XX,gold_usd,2023-05-31,1992.13,2026-10-07T00:00:00
XX.gold_usd.WB_CMO,XX,gold_usd,2023-06-30,1942.9,2026-10-07T00:00:00
XX.gold_usd.WB_CMO,XX,gold_usd,2023-07-31,1951.02,2026-10-07T00:00:00
XX.gold_usd.WB_CMO,XX,gold_usd,2023-08-31,1918.7,2026-10-07T00:00:00
XX.gold_usd.WB_CMO,XX,gold_usd,2023-09-30,1915.95,2026-10-07T00:00:00
XX.gold_usd.WB_CMO,XX,gold_usd,2023-10-31,1916.25,2026-10-07T00:00:00
XX.gold_usd.WB_CMO,XX,gold_usd,2023-11-30,1984.11,2026-10-07T00:00:00
XX.gold_usd.WB_CMO,XX,gold_usd,2023-12-31,2026.18,2026-10-07T00:00:00
XX.gold_usd.WB_CMO,XX,gold_usd,2024-01-31,2034.04,2026-10-07T00:00:00
XX.gold_usd.WB_CMO,XX,gold_usd,2024-02-29,2023.24,2026-10-07T00:00:00
XX.gold_usd.WB_CMO,XX,gold_usd,2024-03-31,2158.01,2026-10-07T00:00:00
XX.gold_usd.WB_CMO,XX,gold_usd,2024-04-30,2331.45,2026-10-07T00:00:00
XX.gold_usd.WB_CMO,XX,gold_usd,2024-05-31,2351.13,2026-10-07T00:00:00
XX.gold_usd.WB_CMO,XX,gold_usd,2024-06-30,2326.44,2026-10-07T00:00:00
XX.gold_usd.WB_CMO,XX,gold_usd,2024-07-31,2398.2,2026-10-07T00:00:00
XX.gold_usd.WB_CMO,XX,gold_usd,2024-08-31,2470.15,2026-10-07T00:00:00
XX.gold_usd.WB_CMO,XX,gold_usd,2024-09-30,2570.55,2026-10-07T00:00:00
XX.gold_usd.WB_CMO,XX,gold_usd,2024-10-31,2690.08,2026-10-07T00:00:00
XX.gold_usd.WB_CMO,XX,gold_usd,2024-11-30,2651.13,2026-10-07T00:00:00
XX.gold_usd.WB_CMO,XX,gold_usd,2024-12-31,2648.01,2026-10-07T00:00:00
XX.gold_usd.YAHOO,XX,gold_usd,2000-09-30,273.6000061035156,2026-10-07T00:00:00
XX.gold_usd.YAHOO,XX,gold_usd,2000-11-30,270.1000061035156,2026-10-07T00:00:00
XX.gold_usd.YAHOO,XX,gold_usd,2000-12-31,272.0,2026-10-07T00:00:00
XX.gold_usd.YAHOO,XX,gold_usd,2001-01-31,265.6000061035156,2026-10-07T00:00:00
XX.gold_usd.YAHOO,XX,gold_usd,2001-02-28,266.79998779296875,2026-10-07T00:00:00
XX.gold_usd.YAHOO,XX,gold_usd,2001-03-31,257.8999938964844,2026-10-07T00:00:00
XX.gold_usd.YAHOO,XX,gold_usd,2001-05-31,265.29998779296875,2026-10-07T00:00:00
XX.gold_usd.YAHOO,XX,gold_usd,2001-06-30,270.6000061035156,2026-10-07T00:00:00
XX.gold_usd.YAHOO,XX,gold_usd,2001-08-31,274.3999938964844,2026-10-07T00:00:00
XX.gold_usd.YAHOO,XX,gold_usd,2001-09-30,292.3999938964844,2026-10-07T00:00:00
XX.gold_usd.YAHOO,XX,gold_usd,2001-10-31,279.5,2026-10-07T00:00:00
XX.gold_usd.YAHOO,XX,gold_usd,2001-11-30,273.8999938964844,2026-10-07T00:00:00
XX.gold_usd.YAHOO,XX,gold_usd,2001-12-31,278.70001220703125,2026-10-07T00:00:00
XX.gold_usd.YAHOO,XX,gold_usd,2002-01-31,282.1000061035156,2026-10-07T00:00:00
XX.gold_usd.YAHOO,XX,gold_usd,2002-02-28,296.70001220703125,2026-10-07T00:00:00
XX.gold_usd.YAHOO,XX,gold_usd,2002-03-31,302.6000061035156,2026-10-07T00:00:00
XX.gold_usd.YAHOO,XX,gold_usd,2002-04-30,308.8999938964844,2026-10-07T00:00:00
XX.gold_usd.YAHOO,XX,gold_usd,2002-05-31,326.5,2026-10-07T00:00:00
XX.gold_usd.YAHOO,XX,gold_usd,2002-06-30,313.5,2026-10-07T00:00:00
XX.gold_usd.YAHOO,XX,gold_usd,2002-07-31,303.20001220703125,2026-10-07T00:00:00
XX.gold_usd.YAHOO,XX,gold_usd,2002-08-31,312.3999938964844,2026-10-07T00:00:00
XX.gold_usd.YAHOO,XX,gold_usd,2002-10-31,318.0,2026-10-07T00:00:00
XX.gold_usd.YAHOO,XX,gold_usd,2002-11-30,316.79998779296875,2026-10-07T00:00:00
XX.gold_usd.YAHOO,XX,gold_usd,2003-01-31,368.2999877929688,2026-10-07T00:00:00
XX.gold_usd.YAHOO,XX,gold_usd,2003-02-28,350.20001220703125,2026-10-07T00:00:00
XX.gold_usd.YAHOO,XX,gold_usd,2003-03-31,335.8999938964844,2026-10-07T00:00:00
XX.gold_usd.YAHOO,XX,gold_usd,2003-04-30,339.1000061035156,2026-10-07T00:00:00
XX.gold_usd.YAHOO,XX,gold_usd,2003-05-31,364.5,2026-10-07T00:00:00
XX.gold_usd.YAHOO,XX,gold_usd,2003-07-31,354.0,2026-10-07T00:00:00
XX.gold_usd.YAHOO,XX,gold_usd,2003-08-31,375.7000122070313,2026-10-07T00:00:00
XX.gold_usd.YAHOO,XX,gold_usd,2003-09-30,385.3999938964844,2026-10-07T00:00:00
XX.gold_usd.YAHOO,XX,gold_usd,2003-10-31,384.5,2026-10-07T00:00:00
XX.gold_usd.YAHOO,XX,gold_usd,2003-11-30,396.7999877929688,2026-10-07T00:00:00
XX.gold_usd.YAHOO,XX,gold_usd,2003-12-31,415.7000122070313,2026-10-07T00:00:00
XX.gold_usd.YAHOO,XX,gold_usd,2004-01-31,402.2000122070313,2026-10-07T00:00:00
XX.gold_usd.YAHOO,XX,gold_usd,2004-03-31,427.2999877929688,2026-10-07T00:00:00
XX.gold_usd.YAHOO,XX,gold_usd,2004-04-30,387.0,2026-10-07T00:00:00
XX.gold_usd.YAHOO,XX,gold_usd,2004-05-31,394.0,2026-10-07T00:00:00
XX.gold_usd.YAHOO,XX,gold_usd,2004-06-30,392.6000061035156,2026-10-07T00:00:00
XX.gold_usd.YAHOO,XX,gold_usd,2004-07-31,391.0,2026-10-07T00:00:00
XX.gold_usd.YAHOO,XX,gold_usd,2004-09-30,418.7000122070313,2026-10-07T00:00:00
XX.gold_usd.YAHOO,XX,gold_usd,2004-10-31,428.5,2026-10-07T00:00:00
XX.gold_usd.YAHOO,XX,gold_usd,2004-11-30,451.2999877929688,2026-10-07T00:00:00
XX.gold_usd.YAHOO,XX,gold_usd,2004-12-31,437.5,2026-10-07T00:00:00
XX.gold_usd.YAHOO,XX,gold_usd,2005-01-31,421.7999877929688,2026-10-07T00:00:00
XX.gold_usd.YAHOO,XX,gold_usd,2005-02-28,436.5,2026-10-07T00:00:00
XX.gold_usd.YAHOO,XX,gold_usd,2005-03-31,428.7000122070313,2026-10-07T00:00:00
XX.gold_usd.YAHOO,XX,gold_usd,2005-04-30,435.0,2026-10-07T00:00:00
XX.gold_usd.YAHOO,XX,gold_usd,2005-06-30,435.8999938964844,2026-10-07T00:00:00
XX.gold_usd.YAHOO,XX,gold_usd,2005-07-31,429.8999938964844,2026-10-07T00:00:00
XX.gold_usd.YAHOO,XX,gold_usd,2005-08-31,433.7999877929688,2026-10-07T00:00:00
XX.gold_usd.YAHOO,XX,gold_usd,2005-09-30,469.0,2026-10-07T00:00:00
XX.gold_usd.YAHOO,XX,gold_usd,2005-10-31,465.1000061035156,2026-10-07T00:00:00
XX.gold_usd.YAHOO,XX,gold_usd,2005-11-30,494.6000061035156,2026-10-07T00:00:00
XX.gold_usd.YAHOO,XX,gold_usd,2005-12-31,517.0999755859375,2026-10-07T00:00:00
XX.gold_usd.YAHOO,XX,gold_usd,2006-02-28,561.5999755859375,2026-10-07T00:00:00
XX.gold_usd.YAHOO,XX,gold_usd,2006-03-31,581.7999877929688,2026-10-07T00:00:00
XX.gold_usd.YAHOO,XX,gold_usd,2006-04-30,651.7999877929688,2026-10-07T00:00:00
XX.gold_usd.YAHOO,XX,gold_usd,2006-05-31,642.5,2026-10-07T00:00:00
XX.gold_usd.YAHOO,XX,gold_usd,2006-06-30,613.5,2026-10-07T00:00:00
XX.gold_usd.YAHOO,XX,gold_usd,2006-07-31,634.2000122070312,2026-10-07T00:00:00
XX.gold_usd.YAHOO,XX,gold_usd,2006-08-31,625.9000244140625,2026-10-07T00:00:00
XX.gold_usd.YAHOO,XX,gold_usd,2006-09-30,598.5999755859375,2026-10-07T00:00:00
XX.gold_usd.YAHOO,XX,gold_usd,2006-11-30,646.9000244140625,2026-10-07T00:00:00
XX.gold_usd.YAHOO,XX,gold_usd,2006-12-31,635.2000122070312,2026-10-07T00:00:00
XX.gold_usd.YAHOO,XX,gold_usd,2007-01-31,652.0,2026-10-07T00:00:00
XX.gold_usd.YAHOO,XX,gold_usd,2007-02-28,669.4000244140625,2026-10-07T00:00:00
XX.gold_usd.YAHOO,XX,gold_usd,2007-03-31,663.0,2026-10-07T00:00:00
XX.gold_usd.YAHOO,XX,gold_usd,2007-05-31,661.0,2026-10-07T00:00:00
XX.gold_usd.YAHOO,XX,gold_usd,2007-06-30,648.0999755859375,2026-10-07T00:00:00
XX.gold_usd.YAHOO,XX,gold_usd,2007-08-31,673.0,2026-10-07T00:00:00
XX.gold_usd.YAHOO,XX,gold_usd,2007-09-30,742.7999877929688,2026-10-07T00:00:00
XX.gold_usd.YAHOO,XX,gold_usd,2007-10-31,792.0,2026-10-07T00:00:00
XX.gold_usd.YAHOO,XX,gold_usd,2007-11-30,782.2000122070312,2026-10-07T00:00:00
XX.gold_usd.YAHOO,XX,gold_usd,2007-12-31,834.9000244140625,2026-10-07T00:00:00
XX.gold_usd.YAHOO,XX,gold_usd,2008-01-31,922.7000122070312,2026-10-07T00:00:00
XX.gold_usd.YAHOO,XX,gold_usd,2008-02-29,972.0999755859376,2026-10-07T00:00:00
XX.gold_usd.YAHOO,XX,gold_usd,2008-03-31,916.2000122070312,2026-10-07T00:00:00
XX.gold_usd.YAHOO,XX,gold_usd,2008-04-30,862.7999877929688,2026-10-07T00:00:00
XX.gold_usd.YAHOO,XX,gold_usd,2008-05-31,887.2999877929688,2026-10-07T00:00:00
XX.gold_usd.YAHOO,XX,gold_usd,2008-07-31,913.9000244140624,2026-10-07T00:00:00
XX.gold_usd.YAHOO,XX,gold_usd,2008-08-31,829.2999877929688,2026-10-07T00:00:00
XX.gold_usd.YAHOO,XX,gold_usd,2008-09-30,874.2000122070312,2026-10-07T00:00:00
XX.gold_usd.YAHOO,XX,gold_usd,2008-10-31,716.7999877929688,2026-10-07T00:00:00
XX.gold_usd.YAHOO,XX,gold_usd,2008-11-30,816.2000122070312,2026-10-07T00:00:00
XX.gold_usd.YAHOO,XX,gold_usd,2008-12-31,883.5999755859375,2026-10-07T00:00:00
XX.gold_usd.YAHOO,XX,gold_usd,2009-01-31,927.2999877929688,2026-10-07T00:00:00
XX.gold_usd.YAHOO,XX,gold_usd,2009-04-30,890.7000122070312,2026-10-07T00:00:00
XX.gold_usd.YAHOO,XX,gold_usd,2009-05-31,978.7999877929688,2026-10-07T00:00:00
XX.gold_usd.YAHOO,XX,gold_usd,2009-06-30,927.0999755859376,2026-10-07T00:00:00
XX.gold_usd.YAHOO,XX,gold_usd,2009-07-31,953.7000122070312,2026-10-07T00:00:00
XX.gold_usd.YAHOO,XX,gold_usd,2009-08-31,951.7000122070312,2026-10-07T00:00:00
XX.gold_usd.YAHOO,XX,gold_usd,2009-09-30,1008.0,2026-10-07T00:00:00
XX.gold_usd.YAHOO,XX,gold_usd,2009-10-31,1039.699951171875,2026-10-07T00:00:00
XX.gold_usd.YAHOO,XX,gold_usd,2009-12-31,1095.199951171875,2026-10-07T00:00:00
XX.gold_usd.YAHOO,XX,gold_usd,2010-01-31,1083.0,2026-10-07T00:00:00
XX.gold_usd.YAHOO,XX,gold_usd,2010-02-28,1118.300048828125,2026-10-07T00:00:00
XX.gold_usd.YAHOO,XX,gold_usd,2010-03-31,1113.300048828125,2026-10-07T00:00:00
XX.gold_usd.YAHOO,XX,gold_usd,2010-04-30,1180.0999755859375,2026-10-07T00:00:00
XX.gold_usd.YAHOO,XX,gold_usd,2010-05-31,1212.199951171875,2026-10-07T00:00:00
XX.gold_usd.YAHOO,XX,gold_usd,2010-06-30,1245.5,2026-10-07T00:00:00
XX.gold_usd.YAHOO,XX,gold_usd,2010-07-31,1181.699951171875,2026-10-07T00:00:00
XX.gold_usd.YAHOO,XX,gold_usd,2010-09-30,1307.800048828125,2026-10-07T00:00:00
XX.gold_usd.YAHOO,XX,gold_usd,2010-10-31,1357.0999755859375,2026-10-07T00:00:00
XX.gold_usd.YAHOO,XX,gold_usd,2010-11-30,1385.0,2026-10-07T00:00:00
XX.gold_usd.YAHOO,XX,gold_usd,2010-12-31,1421.0999755859375,2026-10-07T00:00:00
XX.gold_usd.YAHOO,XX,gold_usd,2011-01-31,1333.800048828125,2026-10-07T00:00:00
XX.gold_usd.YAHOO,XX,gold_usd,2011-02-28,1409.300048828125,2026-10-07T00:00:00
XX.gold_usd.YAHOO,XX,gold_usd,2011-03-31,1438.9000244140625,2026-10-07T00:00:00
XX.gold_usd.YAHOO,XX,gold_usd,2011-04-30,1556.0,2026-10-07T00:00:00
XX.gold_usd.YAHOO,XX,gold_usd,2011-06-30,1502.300048828125,2026-10-07T00:00:00
XX.gold_usd.YAHOO,XX,gold_usd,2011-07-31,1628.300048828125,2026-10-07T00:00:00
XX.gold_usd.YAHOO,XX,gold_usd,2011-08-31,1828.5,2026-10-07T00:00:00
XX.gold_usd.YAHOO,XX,gold_usd,2011-09-30,1620.4000244140625,2026-10-07T00:00:00
XX.gold_usd.YAHOO,XX,gold_usd,2011-10-31,1724.199951171875,2026-10-07T00:00:00
XX.gold_usd.YAHOO,XX,gold_usd,2011-11-30,1745.5,2026-10-07T00:00:00
XX.gold_usd.YAHOO,XX,gold_usd,2011-12-31,1565.800048828125,2026-10-07T00:00:00
XX.gold_usd.YAHOO,XX,gold_usd,2012-02-29,1709.9000244140625,2026-10-07T00:00:00
XX.gold_usd.YAHOO,XX,gold_usd,2012-03-31,1669.300048828125,2026-10-07T00:00:00
XX.gold_usd.YAHOO,XX,gold_usd,2012-05-31,1562.5999755859375,2026-10-07T00:00:00
XX.gold_usd.YAHOO,XX,gold_usd,2012-06-30,1603.5,2026-10-07T00:00:00
XX.gold_usd.YAHOO,XX,gold_usd,2012-08-31,1684.5999755859375,2026-10-07T00:00:00
XX.gold_usd.YAHOO,XX,gold_usd,2012-09-30,1771.0999755859375,2026-10-07T00:00:00
XX.gold_usd.YAHOO,XX,gold_usd,2012-10-31,1717.5,2026-10-07T00:00:00
XX.gold_usd.YAHOO,XX,gold_usd,2012-11-30,1710.9000244140625,2026-10-07T00:00:00
XX.gold_usd.YAHOO,XX,gold_usd,2012-12-31,1674.800048828125,2026-10-07T00:00:00
XX.gold_usd.YAHOO,XX,gold_usd,2013-01-31,1660.5999755859375,2026-10-07T00:00:00
XX.gold_usd.YAHOO,XX,gold_usd,2013-02-28,1577.699951171875,2026-10-07T00:00:00
XX.gold_usd.YAHOO,XX,gold_usd,2013-03-31,1594.800048828125,2026-10-07T00:00:00
XX.gold_usd.YAHOO,XX,gold_usd,2013-04-30,1472.199951171875,2026-10-07T00:00:00
XX.gold_usd.YAHOO,XX,gold_usd,2013-05-31,1392.5999755859375,2026-10-07T00:00:00
XX.gold_usd.YAHOO,XX,gold_usd,2013-06-30,1223.800048828125,2026-10-07T00:00:00
XX.gold_usd.YAHOO,XX,gold_usd,2013-07-31,1312.4000244140625,2026-10-07T00:00:00
XX.gold_usd.YAHOO,XX,gold_usd,2013-08-31,1396.0999755859375,2026-10-07T00:00:00
XX.gold_usd.YAHOO,XX,gold_usd,2013-10-31,1323.5999755859375,2026-10-07T00:00:00
XX.gold_usd.YAHOO,XX,gold_usd,2013-11-30,1250.5999755859375,2026-10-07T00:00:00
XX.gold_usd.YAHOO,XX,gold_usd,2014-01-31,1240.0999755859375,2026-10-07T00:00:00
XX.gold_usd.YAHOO,XX,gold_usd,2014-02-28,1321.4000244140625,2026-10-07T00:00:00
XX.gold_usd.YAHOO,XX,gold_usd,2014-03-31,1283.4000244140625,2026-10-07T00:00:00
XX.gold_usd.YAHOO,XX,gold_usd,2014-04-30,1295.5999755859375,2026-10-07T00:00:00
XX.gold_usd.YAHOO,XX,gold_usd,2014-05-31,1245.5999755859375,2026-10-07T00:00:00
XX.gold_usd.YAHOO,XX,gold_usd,2014-07-31,1281.300048828125,2026-10-07T00:00:00
XX.gold_usd.YAHOO,XX,gold_usd,2014-08-31,1285.800048828125,2026-10-07T00:00:00
XX.gold_usd.YAHOO,XX,gold_usd,2014-09-30,1210.5,2026-10-07T00:00:00
XX.gold_usd.YAHOO,XX,gold_usd,2014-10-31,1171.0999755859375,2026-10-07T00:00:00
XX.gold_usd.YAHOO,XX,gold_usd,2014-11-30,1175.199951171875,2026-10-07T00:00:00
XX.gold_usd.YAHOO,XX,gold_usd,2014-12-31,1183.9000244140625,2026-10-07T00:00:00
XX.gold_usd.YAHOO,XX,gold_usd,2015-01-31,1278.5,2026-10-07T00:00:00
XX.gold_usd.YAHOO,XX,gold_usd,2015-04-30,1182.4000244140625,2026-10-07T00:00:00
XX.gold_usd.YAHOO,XX,gold_usd,2015-05-31,1189.4000244140625,2026-10-07T00:00:00
XX.gold_usd.YAHOO,XX,gold_usd,2015-06-30,1171.5,2026-10-07T00:00:00
XX.gold_usd.YAHOO,XX,gold_usd,2015-07-31,1094.9000244140625,2026-10-07T00:00:00
XX.gold_usd.YAHOO,XX,gold_usd,2015-08-31,1131.5999755859375,2026-10-07T00:00:00
XX.gold_usd.YAHOO,XX,gold_usd,2015-09-30,1115.5,2026-10-07T00:00:00
XX.gold_usd.YAHOO,XX,gold_usd,2015-10-31,1141.5,2026-10-07T00:00:00
XX.gold_usd.YAHOO,XX,gold_usd,2015-12-31,1060.300048828125,2026-10-07T00:00:00
XX.gold_usd.YAHOO,XX,gold_usd,2016-01-31,1116.4000244140625,2026-10-07T00:00:00
XX.gold_usd.YAHOO,XX,gold_usd,2016-02-29,1233.9000244140625,2026-10-07T00:00:00
XX.gold_usd.YAHOO,XX,gold_usd,2016-03-31,1234.199951171875,2026-10-07T00:00:00
XX.gold_usd.YAHOO,XX,gold_usd,2016-04-30,1289.199951171875,2026-10-07T00:00:00
XX.gold_usd.YAHOO,XX,gold_usd,2016-06-30,1318.4000244140625,2026-10-07T00:00:00
XX.gold_usd.YAHOO,XX,gold_usd,2016-07-31,1349.0,2026-10-07T00:00:00
XX.gold_usd.YAHOO,XX,gold_usd,2016-08-31,1306.9000244140625,2026-10-07T00:00:00
XX.gold_usd.YAHOO,XX,gold_usd,2016-09-30,1313.300048828125,2026-10-07T00:00:00
XX.gold_usd.YAHOO,XX,gold_usd,2016-10-31,1271.5,2026-10-07T00:00:00
XX.gold_usd.YAHOO,XX,gold_usd,2016-11-30,1170.800048828125,2026-10-07T00:00:00
XX.gold_usd.YAHOO,XX,gold_usd,2016-12-31,1150.0,2026-10-07T00:00:00
XX.gold_usd.YAHOO,XX,gold_usd,2017-02-28,1252.5999755859375,2026-10-07T00:00:00
XX.gold_usd.YAHOO,XX,gold_usd,2017-03-31,1247.300048828125,2026-10-07T00:00:00
XX.gold_usd.YAHOO,XX,gold_usd,2017-04-30,1266.0999755859375,2026-10-07T00:00:00
XX.gold_usd.YAHOO,XX,gold_usd,2017-05-31,1272.0,2026-10-07T00:00:00
XX.gold_usd.YAHOO,XX,gold_usd,2017-06-30,1240.699951171875,2026-10-07T00:00:00
XX.gold_usd.YAHOO,XX,gold_usd,2017-07-31,1266.5999755859375,2026-10-07T00:00:00
XX.gold_usd.YAHOO,XX,gold_usd,2017-08-31,1316.199951171875,2026-10-07T00:00:00
XX.gold_usd.YAHOO,XX,gold_usd,2017-09-30,1281.5,2026-10-07T00:00:00
XX.gold_usd.YAHOO,XX,gold_usd,2017-11-30,1273.199951171875,2026-10-07T00:00:00
XX.gold_usd.YAHOO,XX,gold_usd,2017-12-31,1306.300048828125,2026-10-07T00:00:00
XX.gold_usd.YAHOO,XX,gold_usd,2018-01-31,1339.0,2026-10-07T00:00:00
XX.gold_usd.YAHOO,XX,gold_usd,2018-02-28,1315.5,2026-10-07T00:00:00
XX.gold_usd.YAHOO,XX,gold_usd,2018-03-31,1322.800048828125,2026-10-07T00:00:00
XX.gold_usd.YAHOO,XX,gold_usd,2018-05-31,1300.0999755859375,2026-10-07T00:00:00
XX.gold_usd.YAHOO,XX,gold_usd,2018-06-30,1251.300048828125,2026-10-07T00:00:00
XX.gold_usd.YAHOO,XX,gold_usd,2018-08-31,1200.300048828125,2026-10-07T00:00:00
XX.gold_usd.YAHOO,XX,gold_usd,2018-09-30,1191.5,2026-10-07T00:00:00
XX.gold_usd.YAHOO,XX,gold_usd,2018-10-31,1212.300048828125,2026-10-07T00:00:00
XX.gold_usd.YAHOO,XX,gold_usd,2018-11-30,1220.199951171875,2026-10-07T00:00:00
XX.gold_usd.YAHOO,XX,gold_usd,2018-12-31,1278.300048828125,2026-10-07T00:00:00
XX.gold_usd.YAHOO,XX,gold_usd,2019-01-31,1319.699951171875,2026-10-07T00:00:00
XX.gold_usd.YAHOO,XX,gold_usd,2019-02-28,1312.800048828125,2026-10-07T00:00:00
XX.gold_usd.YAHOO,XX,gold_usd,2019-03-31,1293.0,2026-10-07T00:00:00
XX.gold_usd.YAHOO,XX,gold_usd,2019-04-30,1282.800048828125,2026-10-07T00:00:00
XX.gold_usd.YAHOO,XX,gold_usd,2019-05-31,1305.800048828125,2026-10-07T00:00:00
XX.gold_usd.YAHOO,XX,gold_usd,2019-06-30,1409.699951171875,2026-10-07T00:00:00
XX.gold_usd.YAHOO,XX,gold_usd,2019-07-31,1426.0999755859375,2026-10-07T00:00:00
XX.gold_usd.YAHOO,XX,gold_usd,2019-08-31,1519.0999755859375,2026-10-07T00:00:00
XX.gold_usd.YAHOO,XX,gold_usd,2019-10-31,1511.4000244140625,2026-10-07T00:00:00
XX.gold_usd.YAHOO,XX,gold_usd,2019-11-30,1465.5999755859375,2026-10-07T00:00:00
XX.gold_usd.YAHOO,XX,gold_usd,2020-01-31,1582.9000244140625,2026-10-07T00:00:00
XX.gold_usd.YAHOO,XX,gold_usd,2020-02-29,1564.0999755859375,2026-10-07T00:00:00
XX.gold_usd.YAHOO,XX,gold_usd,2020-04-30,1684.199951171875,2026-10-07T00:00:00
XX.gold_usd.YAHOO,XX,gold_usd,2020-05-31,1751.699951171875,2026-10-07T00:00:00
XX.gold_usd.YAHOO,XX,gold_usd,2020-06-30,1800.5,2026-10-07T00:00:00
XX.gold_usd.YAHOO,XX,gold_usd,2020-07-31,1962.800048828125,2026-10-07T00:00:00
XX.gold_usd.YAHOO,XX,gold_usd,2020-08-31,1978.5999755859373,2026-10-07T00:00:00
XX.gold_usd.YAHOO,XX,gold_usd,2020-09-30,1895.5,2026-10-07T00:00:00
XX.gold_usd.YAHOO,XX,gold_usd,2020-10-31,1879.9000244140625,2026-10-07T00:00:00
XX.gold_usd.YAHOO,XX,gold_usd,2020-12-31,1895.0999755859373,2026-10-07T00:00:00
XX.gold_usd.YAHOO,XX,gold_usd,2021-01-31,1847.300048828125,2026-10-07T00:00:00
XX.gold_usd.YAHOO,XX,gold_usd,2021-02-28,1728.800048828125,2026-10-07T00:00:00
XX.gold_usd.YAHOO,XX,gold_usd,2021-03-31,1713.800048828125,2026-10-07T00:00:00
XX.gold_usd.YAHOO,XX,gold_usd,2021-04-30,1767.699951171875,2026-10-07T00:00:00
XX.gold_usd.YAHOO,XX,gold_usd,2021-05-31,1902.5,2026-10-07T00:00:00
XX.gold_usd.YAHOO,XX,gold_usd,2021-06-30,1771.5999755859375,2026-10-07T00:00:00
XX.gold_usd.YAHOO,XX,gold_usd,2021-07-31,1812.5999755859373,2026-10-07T00:00:00
XX.gold_usd.YAHOO,XX,gold_usd,2021-09-30,1757.0,2026-10-07T00:00:00
XX.gold_usd.YAHOO,XX,gold_usd,2021-10-31,1783.9000244140625,2026-10-07T00:00:00
XX.gold_usd.YAHOO,XX,gold_usd,2021-11-30,1773.5999755859375,2026-10-07T00:00:00
XX.gold_usd.YAHOO,XX,gold_usd,2021-12-31,1828.5999755859373,2026-10-07T00:00:00
XX.gold_usd.YAHOO,XX,gold_usd,2022-01-31,1795.0,2026-10-07T00:00:00
XX.gold_usd.YAHOO,XX,gold_usd,2022-02-28,1900.699951171875,2026-10-07T00:00:00
XX.gold_usd.YAHOO,XX,gold_usd,2022-03-31,1949.199951171875,2026-10-07T00:00:00
XX.gold_usd.YAHOO,XX,gold_usd,2022-04-30,1911.699951171875,2026-10-07T00:00:00
XX.gold_usd.YAHOO,XX,gold_usd,2022-06-30,1807.300048828125,2026-10-07T00:00:00
XX.gold_usd.YAHOO,XX,gold_usd,2022-07-31,1762.9000244140625,2026-10-07T00:00:00
XX.gold_usd.YAHOO,XX,gold_usd,2022-08-31,1726.199951171875,2026-10-07T00:00:00
XX.gold_usd.YAHOO,XX,gold_usd,2022-09-30,1672.0,2026-10-07T00:00:00
XX.gold_usd.YAHOO,XX,gold_usd,2022-10-31,1640.699951171875,2026-10-07T00:00:00
XX.gold_usd.YAHOO,XX,gold_usd,2022-11-30,1746.0,2026-10-07T00:00:00
XX.gold_usd.YAHOO,XX,gold_usd,2022-12-31,1826.199951171875,2026-10-07T00:00:00
XX.gold_usd.YAHOO,XX,gold_usd,2023-02-28,1836.699951171875,2026-10-07T00:00:00
XX.gold_usd.YAHOO,XX,gold_usd,2023-03-31,1969.0,2026-10-07T00:00:00
XX.gold_usd.YAHOO,XX,gold_usd,2023-04-30,1999.0999755859373,2026-10-07T00:00:00
XX.gold_usd.YAHOO,XX,gold_usd,2023-05-31,1963.9000244140625,2026-10-07T00:00:00
XX.gold_usd.YAHOO,XX,gold_usd,2023-06-30,1929.4000244140625,2026-10-07T00:00:00
XX.gold_usd.YAHOO,XX,gold_usd,2023-07-31,1970.5,2026-10-07T00:00:00
XX.gold_usd.YAHOO,XX,gold_usd,2023-08-31,1965.9000244140625,2026-10-07T00:00:00
XX.gold_usd.YAHOO,XX,gold_usd,2023-09-30,1866.0999755859373,2026-10-07T00:00:00
XX.gold_usd.YAHOO,XX,gold_usd,2023-11-30,2038.0999755859373,2026-10-07T00:00:00
XX.gold_usd.YAHOO,XX,gold_usd,2023-12-31,2071.800048828125,2026-10-07T00:00:00
XX.gold_usd.YAHOO,XX,gold_usd,2024-01-31,2048.39990234375,2026-10-07T00:00:00
XX.gold_usd.YAHOO,XX,gold_usd,2024-02-29,2054.699951171875,2026-10-07T00:00:00
XX.gold_usd.YAHOO,XX,gold_usd,2024-03-31,2217.39990234375,2026-10-07T00:00:00
XX.gold_usd.YAHOO,XX,gold_usd,2024-04-30,2302.89990234375,2026-10-07T00:00:00
XX.gold_usd.YAHOO,XX,gold_usd,2024-05-31,2322.89990234375,2026-10-07T00:00:00
XX.gold_usd.YAHOO,XX,gold_usd,2024-06-30,2339.60009765625,2026-10-07T00:00:00
XX.gold_usd.YAHOO,XX,gold_usd,2024-07-31,2426.5,2026-10-07T00:00:00
XX.gold_usd.YAHOO,XX,gold_usd,2024-08-31,2527.60009765625,2026-10-07T00:00:00
XX.gold_usd.YAHOO,XX,gold_usd,2024-10-31,2749.300048828125,2026-10-07T00:00:00
XX.gold_usd.YAHOO,XX,gold_usd,2024-11-30,2657.0,2026-10-07T00:00:00
XX.gold_usd.YAHOO,XX,gold_usd,2025-01-31,2812.5,2026-10-07T00:00:00
XX.gold_usd.YAHOO,XX,gold_usd,2025-02-28,2848.5,2026-10-07T00:00:00
XX.gold_usd.YAHOO,XX,gold_usd,2025-03-31,3122.800048828125,2026-10-07T00:00:00
XX.gold_usd.YAHOO,XX,gold_usd,2025-04-30,3319.10009765625,2026-10-07T00:00:00
XX.gold_usd.YAHOO,XX,gold_usd,2025-05-31,3288.89990234375,2026-10-07T00:00:00
XX.gold_usd.YAHOO,XX,gold_usd,2025-07-31,3293.199951171875,2026-10-07T00:00:00
XX.gold_usd.YAHOO,XX,gold_usd,2025-08-31,3516.10009765625,2026-10-07T00:00:00
XX.gold_usd.YAHOO,XX,gold_usd,2025-09-30,3873.199951171875,2026-10-07T00:00:00
XX.gold_usd.YAHOO,XX,gold_usd,2025-10-31,3996.5,2026-10-07T00:00:00
XX.gold_usd.YAHOO,XX,gold_usd,2025-11-30,4254.89990234375,2026-10-07T00:00:00
XX.gold_usd.YAHOO,XX,gold_usd,2025-12-31,4341.10009765625,2026-10-07T00:00:00
XX.gold_usd.YAHOO,XX,gold_usd,2026-01-31,4745.10009765625,2026-10-07T00:00:00
XX.gold_usd.YAHOO,XX,gold_usd,2026-04-30,4629.60009765625,2026-10-07T00:00:00
XX.gold_usd.YAHOO,XX,gold_usd,2026-05-31,4593.0,2026-10-07T00:00:00
XX.gold_usd.YAHOO,XX,gold_usd,2026-06-30,4038.5,2026-10-07T00:00:00
XX.gold_usd.YAHOO,XX,gold_usd,2026-07-31,4107.0,2026-10-07T00:00:00
XX.gold_usd.YAHOO,XX,gold_usd,2026-08-31,4481.5,2026-10-07T00:00:00
XX.gold_usd.YAHOO,XX,gold_usd,2026-09-30,4186.7001953125,2026-10-07T00:00:00
XX.gold_usd.YAHOO,XX,gold_usd,2026-10-31,4169.0,2026-10-07T00:00:00
XX.gold_usd.YAHOO,XX,gold_usd,2026-10-31,4166.5,2026-10-07T00:00:00
XX.gold_usd.YAHOO,XX,gold_usd,2026-10-31,4165.7001953125,2026-10-07T04:50:07
XX.gold_usd.YAHOO,XX,gold_usd,2026-10-31,4164.7001953125,2026-10-07T04:56:39
XX.gold_usd.YAHOO,XX,gold_usd,2026-10-31,4161.10009765625,2026-10-07T05:11:06
XX.gold_usd.YAHOO,XX,gold_usd,2026-10-31,4162.7001953125,2026-10-07T05:17:17
XX.gold_usd.YAHOO,XX,gold_usd,2026-10-31,4160.10009765625,2026-10-07T06:54:49
XX.gold_usd.YAHOO,XX,gold_usd,2026-10-31,4160.2998046875,2026-10-07T06:58:28
XX.gold_usd.YAHOO,XX,gold_usd,2026-10-31,4151.7998046875,2026-10-07T08:35:41
XX.gold_usd.YAHOO,XX,gold_usd,2026-10-31,4154.2998046875,2026-10-07T08:45:44
