series_id,country,concept,date,value,vintage
AR.cpi_yoy.IMF_WEO,AR,cpi_yoy,1998-12-31,0.9,2026-10-07
AR.cpi_yoy.IMF_WEO,AR,cpi_yoy,1999-12-31,-1.2,2026-10-07
AR.cpi_yoy.IMF_WEO,AR,cpi_yoy,2000-12-31,-0.9,2026-10-07
AR.cpi_yoy.IMF_WEO,AR,cpi_yoy,2001-12-31,-1.1,2026-10-07
AR.cpi_yoy.IMF_WEO,AR,cpi_yoy,2002-12-31,25.9,2026-10-07
AR.cpi_yoy.IMF_WEO,AR,cpi_yoy,2003-12-31,13.4,2026-10-07
AR.cpi_yoy.IMF_WEO,AR,cpi_yoy,2004-12-31,4.4,2026-10-07
AR.cpi_yoy.IMF_WEO,AR,cpi_yoy,2005-12-31,9.6,2026-10-07
AR.cpi_yoy.IMF_WEO,AR,cpi_yoy,2006-12-31,10.9,2026-10-07
AR.cpi_yoy.IMF_WEO,AR,cpi_yoy,2007-12-31,8.8,2026-10-07
AR.cpi_yoy.IMF_WEO,AR,cpi_yoy,2008-12-31,8.6,2026-10-07
AR.cpi_yoy.IMF_WEO,AR,cpi_yoy,2009-12-31,6.3,2026-10-07
AR.cpi_yoy.IMF_WEO,AR,cpi_yoy,2010-12-31,10.5,2026-10-07
AR.cpi_yoy.IMF_WEO,AR,cpi_yoy,2011-12-31,9.8,2026-10-07
AR.cpi_yoy.IMF_WEO,AR,cpi_yoy,2012-12-31,10.0,2026-10-07
AR.cpi_yoy.IMF_WEO,AR,cpi_yoy,2013-12-31,10.6,2026-10-07
AR.cpi_yoy.IMF_WEO,AR,cpi_yoy,2017-12-31,25.7,2026-10-07
AR.cpi_yoy.IMF_WEO,AR,cpi_yoy,2018-12-31,34.3,2026-10-07
AR.cpi_yoy.IMF_WEO,AR,cpi_yoy,2019-12-31,53.5,2026-10-07
AR.cpi_yoy.IMF_WEO,AR,cpi_yoy,2020-12-31,42.0,2026-10-07
AR.cpi_yoy.IMF_WEO,AR,cpi_yoy,2021-12-31,48.4,2026-10-07
AR.cpi_yoy.IMF_WEO,AR,cpi_yoy,2022-12-31,72.4,2026-10-07
AR.cpi_yoy.IMF_WEO,AR,cpi_yoy,2023-12-31,133.5,2026-10-07
AR.cpi_yoy.IMF_WEO,AR,cpi_yoy,2024-12-31,219.9,2026-10-07
AR.cpi_yoy.IMF_WEO,AR,cpi_yoy,2025-12-31,41.9,2026-10-07
AR.gg_debt_gdp.IMF_WEO,AR,gg_debt_gdp,1992-12-31,25.0,2026-10-07
AR.gg_debt_gdp.IMF_WEO,AR,gg_debt_gdp,1993-12-31,26.9,2026-10-07
AR.gg_debt_gdp.IMF_WEO,AR,gg_debt_gdp,1994-12-31,28.4,2026-10-07
AR.gg_debt_gdp.IMF_WEO,AR,gg_debt_gdp,1995-12-31,30.7,2026-10-07
AR.gg_debt_gdp.IMF_WEO,AR,gg_debt_gdp,1996-12-31,32.6,2026-10-07
AR.gg_debt_gdp.IMF_WEO,AR,gg_debt_gdp,1997-12-31,31.7,2026-10-07
AR.gg_debt_gdp.IMF_WEO,AR,gg_debt_gdp,1998-12-31,34.1,2026-10-07
AR.gg_debt_gdp.IMF_WEO,AR,gg_debt_gdp,1999-12-31,38.9,2026-10-07
AR.gg_debt_gdp.IMF_WEO,AR,gg_debt_gdp,2000-12-31,40.8,2026-10-07
AR.gg_debt_gdp.IMF_WEO,AR,gg_debt_gdp,2001-12-31,48.0,2026-10-07
AR.gg_debt_gdp.IMF_WEO,AR,gg_debt_gdp,2002-12-31,147.2,2026-10-07
AR.gg_debt_gdp.IMF_WEO,AR,gg_debt_gdp,2003-12-31,125.2,2026-10-07
AR.gg_debt_gdp.IMF_WEO,AR,gg_debt_gdp,2004-12-31,117.9,2026-10-07
AR.gg_debt_gdp.IMF_WEO,AR,gg_debt_gdp,2005-12-31,80.3,2026-10-07
AR.gg_debt_gdp.IMF_WEO,AR,gg_debt_gdp,2006-12-31,70.8,2026-10-07
AR.gg_debt_gdp.IMF_WEO,AR,gg_debt_gdp,2007-12-31,62.1,2026-10-07
AR.gg_debt_gdp.IMF_WEO,AR,gg_debt_gdp,2008-12-31,53.8,2026-10-07
AR.gg_debt_gdp.IMF_WEO,AR,gg_debt_gdp,2009-12-31,55.4,2026-10-07
AR.gg_debt_gdp.IMF_WEO,AR,gg_debt_gdp,2010-12-31,43.5,2026-10-07
AR.gg_debt_gdp.IMF_WEO,AR,gg_debt_gdp,2011-12-31,38.9,2026-10-07
AR.gg_debt_gdp.IMF_WEO,AR,gg_debt_gdp,2012-12-31,40.4,2026-10-07
AR.gg_debt_gdp.IMF_WEO,AR,gg_debt_gdp,2013-12-31,43.5,2026-10-07
AR.gg_debt_gdp.IMF_WEO,AR,gg_debt_gdp,2014-12-31,44.7,2026-10-07
AR.gg_debt_gdp.IMF_WEO,AR,gg_debt_gdp,2015-12-31,52.6,2026-10-07
AR.gg_debt_gdp.IMF_WEO,AR,gg_debt_gdp,2016-12-31,53.1,2026-10-07
AR.gg_debt_gdp.IMF_WEO,AR,gg_debt_gdp,2017-12-31,57.0,2026-10-07
AR.gg_debt_gdp.IMF_WEO,AR,gg_debt_gdp,2018-12-31,85.2,2026-10-07
AR.gg_debt_gdp.IMF_WEO,AR,gg_debt_gdp,2019-12-31,89.8,2026-10-07
AR.gg_debt_gdp.IMF_WEO,AR,gg_debt_gdp,2020-12-31,103.8,2026-10-07
AR.gg_debt_gdp.IMF_WEO,AR,gg_debt_gdp,2021-12-31,81.0,2026-10-07
AR.gg_debt_gdp.IMF_WEO,AR,gg_debt_gdp,2022-12-31,84.3,2026-10-07
AR.gg_debt_gdp.IMF_WEO,AR,gg_debt_gdp,2023-12-31,154.6,2026-10-07
AR.gg_debt_gdp.IMF_WEO,AR,gg_debt_gdp,2024-12-31,84.7,2026-10-07
AR.gg_debt_gdp.IMF_WEO,AR,gg_debt_gdp,2025-12-31,80.3,2026-10-07
AR.gg_interest_gdp.IMF_WEO,AR,gg_interest_gdp,1865-12-31,0.69227701425552,2026-10-07
AR.gg_interest_gdp.IMF_WEO,AR,gg_interest_gdp,1866-12-31,0.86820101737976,2026-10-07
AR.gg_interest_gdp.IMF_WEO,AR,gg_interest_gdp,1867-12-31,0.92333501577377,2026-10-07
AR.gg_interest_gdp.IMF_WEO,AR,gg_interest_gdp,1868-12-31,0.78756999969482,2026-10-07
AR.gg_interest_gdp.IMF_WEO,AR,gg_interest_gdp,1869-12-31,1.2211199998856,2026-10-07
AR.gg_interest_gdp.IMF_WEO,AR,gg_interest_gdp,1870-12-31,2.4616100788116,2026-10-07
AR.gg_interest_gdp.IMF_WEO,AR,gg_interest_gdp,1871-12-31,2.2227399349213,2026-10-07
AR.gg_interest_gdp.IMF_WEO,AR,gg_interest_gdp,1872-12-31,2.4733800888062,2026-10-07
AR.gg_interest_gdp.IMF_WEO,AR,gg_interest_gdp,1873-12-31,2.6164700984955,2026-10-07
AR.gg_interest_gdp.IMF_WEO,AR,gg_interest_gdp,1874-12-31,2.2866098880768,2026-10-07
AR.gg_interest_gdp.IMF_WEO,AR,gg_interest_gdp,1875-12-31,2.2801699638367,2026-10-07
AR.gg_interest_gdp.IMF_WEO,AR,gg_interest_gdp,1876-12-31,2.1662299633026,2026-10-07
AR.gg_interest_gdp.IMF_WEO,AR,gg_interest_gdp,1877-12-31,1.9617300033569,2026-10-07
AR.gg_interest_gdp.IMF_WEO,AR,gg_interest_gdp,1878-12-31,2.1491301059723,2026-10-07
AR.gg_interest_gdp.IMF_WEO,AR,gg_interest_gdp,1879-12-31,2.2398900985718,2026-10-07
AR.gg_interest_gdp.IMF_WEO,AR,gg_interest_gdp,1880-12-31,2.1497800350189,2026-10-07
AR.gg_interest_gdp.IMF_WEO,AR,gg_interest_gdp,1881-12-31,1.9018100500107,2026-10-07
AR.gg_interest_gdp.IMF_WEO,AR,gg_interest_gdp,1882-12-31,1.962249994278,2026-10-07
AR.gg_interest_gdp.IMF_WEO,AR,gg_interest_gdp,1883-12-31,2.0440700054169,2026-10-07
AR.gg_interest_gdp.IMF_WEO,AR,gg_interest_gdp,1884-12-31,1.9982600212097,2026-10-07
AR.gg_interest_gdp.IMF_WEO,AR,gg_interest_gdp,1885-12-31,2.4419600963593,2026-10-07
AR.gg_interest_gdp.IMF_WEO,AR,gg_interest_gdp,1886-12-31,2.5650100708008,2026-10-07
AR.gg_interest_gdp.IMF_WEO,AR,gg_interest_gdp,1887-12-31,2.1058700084686,2026-10-07
AR.gg_interest_gdp.IMF_WEO,AR,gg_interest_gdp,1888-12-31,1.8560999631882,2026-10-07
AR.gg_interest_gdp.IMF_WEO,AR,gg_interest_gdp,1889-12-31,2.8766798973083,2026-10-07
AR.gg_interest_gdp.IMF_WEO,AR,gg_interest_gdp,1890-12-31,2.6248800754547,2026-10-07
AR.gg_interest_gdp.IMF_WEO,AR,gg_interest_gdp,1891-12-31,3.7025599479675,2026-10-07
AR.gg_interest_gdp.IMF_WEO,AR,gg_interest_gdp,1892-12-31,2.2012400627136,2026-10-07
AR.gg_interest_gdp.IMF_WEO,AR,gg_interest_gdp,1893-12-31,2.2203199863434,2026-10-07
AR.gg_interest_gdp.IMF_WEO,AR,gg_interest_gdp,1894-12-31,2.8613700866699,2026-10-07
AR.gg_interest_gdp.IMF_WEO,AR,gg_interest_gdp,1895-12-31,2.3543500900269,2026-10-07
AR.gg_interest_gdp.IMF_WEO,AR,gg_interest_gdp,1896-12-31,1.7572000026703,2026-10-07
AR.gg_interest_gdp.IMF_WEO,AR,gg_interest_gdp,1897-12-31,2.3775999546051,2026-10-07
AR.gg_interest_gdp.IMF_WEO,AR,gg_interest_gdp,1898-12-31,2.9683899879456,2026-10-07
AR.gg_interest_gdp.IMF_WEO,AR,gg_interest_gdp,1899-12-31,2.8987300395966,2026-10-07
AR.gg_interest_gdp.IMF_WEO,AR,gg_interest_gdp,1900-12-31,3.2437500953674,2026-10-07
AR.gg_interest_gdp.IMF_WEO,AR,gg_interest_gdp,1901-12-31,3.4030199050903,2026-10-07
AR.gg_interest_gdp.IMF_WEO,AR,gg_interest_gdp,1902-12-31,3.2170701026917,2026-10-07
AR.gg_interest_gdp.IMF_WEO,AR,gg_interest_gdp,1903-12-31,3.5123000144958,2026-10-07
AR.gg_interest_gdp.IMF_WEO,AR,gg_interest_gdp,1904-12-31,2.5641300678253,2026-10-07
AR.gg_interest_gdp.IMF_WEO,AR,gg_interest_gdp,1905-12-31,2.2281301021576,2026-10-07
AR.gg_interest_gdp.IMF_WEO,AR,gg_interest_gdp,1906-12-31,2.1268999576569,2026-10-07
AR.gg_interest_gdp.IMF_WEO,AR,gg_interest_gdp,1907-12-31,2.0569798946381,2026-10-07
AR.gg_interest_gdp.IMF_WEO,AR,gg_interest_gdp,1908-12-31,1.8228399753571,2026-10-07
AR.gg_interest_gdp.IMF_WEO,AR,gg_interest_gdp,1909-12-31,1.4778800010681,2026-10-07
AR.gg_interest_gdp.IMF_WEO,AR,gg_interest_gdp,1910-12-31,1.4040199518204,2026-10-07
AR.gg_interest_gdp.IMF_WEO,AR,gg_interest_gdp,1911-12-31,1.5072599649429,2026-10-07
AR.gg_interest_gdp.IMF_WEO,AR,gg_interest_gdp,1912-12-31,1.4076000452042,2026-10-07
AR.gg_interest_gdp.IMF_WEO,AR,gg_interest_gdp,1913-12-31,1.4868400096893,2026-10-07
AR.gg_interest_gdp.IMF_WEO,AR,gg_interest_gdp,1914-12-31,1.7553600072861,2026-10-07
AR.gg_interest_gdp.IMF_WEO,AR,gg_interest_gdp,1915-12-31,1.5920300483704,2026-10-07
AR.gg_interest_gdp.IMF_WEO,AR,gg_interest_gdp,1916-12-31,1.5144499540329,2026-10-07
AR.gg_interest_gdp.IMF_WEO,AR,gg_interest_gdp,1917-12-31,1.5348500013351,2026-10-07
AR.gg_interest_gdp.IMF_WEO,AR,gg_interest_gdp,1918-12-31,1.3651000261307,2026-10-07
AR.gg_interest_gdp.IMF_WEO,AR,gg_interest_gdp,1919-12-31,1.3175699710846,2026-10-07
AR.gg_interest_gdp.IMF_WEO,AR,gg_interest_gdp,1920-12-31,1.0688400268555,2026-10-07
AR.gg_interest_gdp.IMF_WEO,AR,gg_interest_gdp,1921-12-31,1.292140007019,2026-10-07
AR.gg_interest_gdp.IMF_WEO,AR,gg_interest_gdp,1922-12-31,1.377110004425,2026-10-07
AR.gg_interest_gdp.IMF_WEO,AR,gg_interest_gdp,1923-12-31,1.2211500406265,2026-10-07
AR.gg_interest_gdp.IMF_WEO,AR,gg_interest_gdp,1924-12-31,1.1922500133514,2026-10-07
AR.gg_interest_gdp.IMF_WEO,AR,gg_interest_gdp,1925-12-31,1.196280002594,2026-10-07
AR.gg_interest_gdp.IMF_WEO,AR,gg_interest_gdp,1926-12-31,1.4151500463486,2026-10-07
AR.gg_interest_gdp.IMF_WEO,AR,gg_interest_gdp,1927-12-31,1.6362899541855,2026-10-07
AR.gg_interest_gdp.IMF_WEO,AR,gg_interest_gdp,1928-12-31,1.6396299600601,2026-10-07
AR.gg_interest_gdp.IMF_WEO,AR,gg_interest_gdp,1929-12-31,1.7679400444031,2026-10-07
AR.gg_interest_gdp.IMF_WEO,AR,gg_interest_gdp,1930-12-31,2.0004200935364,2026-10-07
AR.gg_interest_gdp.IMF_WEO,AR,gg_interest_gdp,1931-12-31,2.3989400863647,2026-10-07
AR.gg_interest_gdp.IMF_WEO,AR,gg_interest_gdp,1932-12-31,3.1421298980713,2026-10-07
AR.gg_interest_gdp.IMF_WEO,AR,gg_interest_gdp,1933-12-31,2.8839499950409,2026-10-07
AR.gg_interest_gdp.IMF_WEO,AR,gg_interest_gdp,1934-12-31,2.1229898929596,2026-10-07
AR.gg_interest_gdp.IMF_WEO,AR,gg_interest_gdp,1935-12-31,1.6651300191879,2026-10-07
AR.gg_interest_gdp.IMF_WEO,AR,gg_interest_gdp,1936-12-31,1.4300400018692,2026-10-07
AR.gg_interest_gdp.IMF_WEO,AR,gg_interest_gdp,1937-12-31,1.24899995327,2026-10-07
AR.gg_interest_gdp.IMF_WEO,AR,gg_interest_gdp,1938-12-31,1.2387499809265,2026-10-07
AR.gg_interest_gdp.IMF_WEO,AR,gg_interest_gdp,1939-12-31,1.4162000417709,2026-10-07
AR.gg_interest_gdp.IMF_WEO,AR,gg_interest_gdp,1940-12-31,1.6334999799728,2026-10-07
AR.gg_interest_gdp.IMF_WEO,AR,gg_interest_gdp,1941-12-31,1.569069981575,2026-10-07
AR.gg_interest_gdp.IMF_WEO,AR,gg_interest_gdp,1942-12-31,1.412889957428,2026-10-07
AR.gg_interest_gdp.IMF_WEO,AR,gg_interest_gdp,1943-12-31,1.6174499988556,2026-10-07
AR.gg_interest_gdp.IMF_WEO,AR,gg_interest_gdp,1944-12-31,1.4293800592422,2026-10-07
AR.gg_interest_gdp.IMF_WEO,AR,gg_interest_gdp,1945-12-31,1.4041700363159,2026-10-07
AR.gg_interest_gdp.IMF_WEO,AR,gg_interest_gdp,1946-12-31,0.97705000638962,2026-10-07
AR.gg_interest_gdp.IMF_WEO,AR,gg_interest_gdp,1947-12-31,0.82052600383759,2026-10-07
AR.gg_interest_gdp.IMF_WEO,AR,gg_interest_gdp,1948-12-31,0.71209800243378,2026-10-07
AR.gg_interest_gdp.IMF_WEO,AR,gg_interest_gdp,1949-12-31,0.74419498443604,2026-10-07
AR.gg_interest_gdp.IMF_WEO,AR,gg_interest_gdp,1950-12-31,0.74323797225952,2026-10-07
AR.gg_interest_gdp.IMF_WEO,AR,gg_interest_gdp,1951-12-31,0.68931901454926,2026-10-07
AR.gg_interest_gdp.IMF_WEO,AR,gg_interest_gdp,1952-12-31,0.79548901319504,2026-10-07
AR.gg_interest_gdp.IMF_WEO,AR,gg_interest_gdp,1953-12-31,0.74703001976013,2026-10-07
AR.gg_interest_gdp.IMF_WEO,AR,gg_interest_gdp,1954-12-31,0.81855297088623,2026-10-07
AR.gg_interest_gdp.IMF_WEO,AR,gg_interest_gdp,1955-12-31,0.81631201505661,2026-10-07
AR.gg_interest_gdp.IMF_WEO,AR,gg_interest_gdp,1956-12-31,0.73493200540543,2026-10-07
AR.gg_interest_gdp.IMF_WEO,AR,gg_interest_gdp,1957-12-31,0.67347997426987,2026-10-07
AR.gg_interest_gdp.IMF_WEO,AR,gg_interest_gdp,1958-12-31,0.70432502031326,2026-10-07
AR.gg_interest_gdp.IMF_WEO,AR,gg_interest_gdp,1959-12-31,0.53358197212219,2026-10-07
AR.gg_interest_gdp.IMF_WEO,AR,gg_interest_gdp,1960-12-31,0.50742399692535,2026-10-07
AR.gg_interest_gdp.IMF_WEO,AR,gg_interest_gdp,1961-12-31,0.4568589925766,2026-10-07
AR.gg_interest_gdp.IMF_WEO,AR,gg_interest_gdp,1962-12-31,0.55558502674103,2026-10-07
AR.gg_interest_gdp.IMF_WEO,AR,gg_interest_gdp,1963-12-31,0.60568797588348,2026-10-07
AR.gg_interest_gdp.IMF_WEO,AR,gg_interest_gdp,1964-12-31,0.81963098049164,2026-10-07
AR.gg_interest_gdp.IMF_WEO,AR,gg_interest_gdp,1965-12-31,0.50518298149109,2026-10-07
AR.gg_interest_gdp.IMF_WEO,AR,gg_interest_gdp,1966-12-31,0.47169899940491,2026-10-07
AR.gg_interest_gdp.IMF_WEO,AR,gg_interest_gdp,1967-12-31,0.38031500577927,2026-10-07
AR.gg_interest_gdp.IMF_WEO,AR,gg_interest_gdp,1968-12-31,0.3916540145874,2026-10-07
AR.gg_interest_gdp.IMF_WEO,AR,gg_interest_gdp,1969-12-31,2.872200012207,2026-10-07
AR.gg_interest_gdp.IMF_WEO,AR,gg_interest_gdp,1970-12-31,3.0346999168396,2026-10-07
AR.gg_interest_gdp.IMF_WEO,AR,gg_interest_gdp,1971-12-31,3.6140100955963,2026-10-07
AR.gg_interest_gdp.IMF_WEO,AR,gg_interest_gdp,1972-12-31,4.2474999427795,2026-10-07
AR.gg_interest_gdp.IMF_WEO,AR,gg_interest_gdp,1973-12-31,4.06693983078,2026-10-07
AR.gg_interest_gdp.IMF_WEO,AR,gg_interest_gdp,1974-12-31,6.1315999031067,2026-10-07
AR.gg_interest_gdp.IMF_WEO,AR,gg_interest_gdp,1975-12-31,5.2205700874329,2026-10-07
AR.gg_interest_gdp.IMF_WEO,AR,gg_interest_gdp,1976-12-31,1.1738899946213,2026-10-07
AR.gg_interest_gdp.IMF_WEO,AR,gg_interest_gdp,1977-12-31,0.914411008358,2026-10-07
AR.gg_interest_gdp.IMF_WEO,AR,gg_interest_gdp,1978-12-31,1.5471299886703,2026-10-07
AR.gg_interest_gdp.IMF_WEO,AR,gg_interest_gdp,1979-12-31,1.6290800571442,2026-10-07
AR.gg_interest_gdp.IMF_WEO,AR,gg_interest_gdp,1980-12-31,1.4065699577332,2026-10-07
AR.gg_interest_gdp.IMF_WEO,AR,gg_interest_gdp,1981-12-31,2.8812100887299,2026-10-07
AR.gg_interest_gdp.IMF_WEO,AR,gg_interest_gdp,1982-12-31,4.5029802322388,2026-10-07
AR.gg_interest_gdp.IMF_WEO,AR,gg_interest_gdp,1983-12-31,2.2592198848724,2026-10-07
AR.gg_interest_gdp.IMF_WEO,AR,gg_interest_gdp,1984-12-31,2.1173000335693,2026-10-07
AR.gg_interest_gdp.IMF_WEO,AR,gg_interest_gdp,1985-12-31,2.342159986496,2026-10-07
AR.gg_interest_gdp.IMF_WEO,AR,gg_interest_gdp,1986-12-31,1.8732899427414,2026-10-07
AR.gg_interest_gdp.IMF_WEO,AR,gg_interest_gdp,1987-12-31,1.5446200370789,2026-10-07
AR.gg_interest_gdp.IMF_WEO,AR,gg_interest_gdp,1988-12-31,0.92980700731277,2026-10-07
AR.gg_interest_gdp.IMF_WEO,AR,gg_interest_gdp,1989-12-31,0.93086397647858,2026-10-07
AR.gg_interest_gdp.IMF_WEO,AR,gg_interest_gdp,1990-12-31,0.70107299089432,2026-10-07
AR.gg_interest_gdp.IMF_WEO,AR,gg_interest_gdp,1991-12-31,0.88614898920059,2026-10-07
AR.gg_interest_gdp.IMF_WEO,AR,gg_interest_gdp,1992-12-31,1.5937600135803,2026-10-07
AR.gg_interest_gdp.IMF_WEO,AR,gg_interest_gdp,1993-12-31,1.0868300199509,2026-10-07
AR.gg_interest_gdp.IMF_WEO,AR,gg_interest_gdp,1994-12-31,1.2404799461365,2026-10-07
AR.gg_interest_gdp.IMF_WEO,AR,gg_interest_gdp,1995-12-31,1.6353000402451,2026-10-07
AR.gg_interest_gdp.IMF_WEO,AR,gg_interest_gdp,1996-12-31,1.5224599838257,2026-10-07
AR.gg_interest_gdp.IMF_WEO,AR,gg_interest_gdp,1997-12-31,2.0898153654102,2026-10-07
AR.gg_interest_gdp.IMF_WEO,AR,gg_interest_gdp,1998-12-31,2.3487044533445,2026-10-07
AR.gg_interest_gdp.IMF_WEO,AR,gg_interest_gdp,1999-12-31,3.0457754311343,2026-10-07
AR.gg_interest_gdp.IMF_WEO,AR,gg_interest_gdp,2000-12-31,3.6279453027258,2026-10-07
AR.gg_interest_gdp.IMF_WEO,AR,gg_interest_gdp,2001-12-31,4.1124982356632,2026-10-07
AR.gg_interest_gdp.IMF_WEO,AR,gg_interest_gdp,2002-12-31,2.1450992959651,2026-10-07
AR.gg_interest_gdp.IMF_WEO,AR,gg_interest_gdp,2003-12-31,1.7262278155802,2026-10-07
AR.gg_interest_gdp.IMF_WEO,AR,gg_interest_gdp,2004-12-31,1.2525857013846,2026-10-07
AR.gg_interest_gdp.IMF_WEO,AR,gg_interest_gdp,2005-12-31,1.8111946054007,2026-10-07
AR.gg_interest_gdp.IMF_WEO,AR,gg_interest_gdp,2006-12-31,1.6359715997109,2026-10-07
AR.gg_interest_gdp.IMF_WEO,AR,gg_interest_gdp,2007-12-31,1.7926523627169,2026-10-07
AR.gg_interest_gdp.IMF_WEO,AR,gg_interest_gdp,2008-12-31,1.5126543287879,2026-10-07
AR.gg_interest_gdp.IMF_WEO,AR,gg_interest_gdp,2009-12-31,1.3421306827975,2026-10-07
AR.gg_interest_gdp.IMF_WEO,AR,gg_interest_gdp,2010-12-31,0.85500676369109,2026-10-07
AR.gg_interest_gdp.IMF_WEO,AR,gg_interest_gdp,2011-12-31,1.1582773620995,2026-10-07
AR.gg_interest_gdp.IMF_WEO,AR,gg_interest_gdp,2012-12-31,1.3222369855502,2026-10-07
AR.gg_interest_gdp.IMF_WEO,AR,gg_interest_gdp,2013-12-31,0.61414405733244,2026-10-07
AR.gg_interest_gdp.IMF_WEO,AR,gg_interest_gdp,2014-12-31,0.75240254566912,2026-10-07
AR.gg_interest_gdp.IMF_WEO,AR,gg_interest_gdp,2015-12-31,1.5827299667358,2026-10-07
AR.gg_interest_gdp.IMF_WEO,AR,gg_interest_gdp,2016-12-31,1.8924699376064,2026-10-07
AR.gg_interest_gdp.IMF_WEO,AR,gg_interest_gdp,2017-12-31,2.4649622444956,2026-10-07
AR.gg_interest_gdp.IMF_WEO,AR,gg_interest_gdp,2018-12-31,3.2031591490306,2026-10-07
AR.gg_interest_gdp.IMF_WEO,AR,gg_interest_gdp,2019-12-31,4.03820831893,2026-10-07
AR.gg_interest_gdp.IMF_WEO,AR,gg_interest_gdp,2020-12-31,2.4338324480716,2026-10-07
AR.gg_interest_gdp.IMF_WEO,AR,gg_interest_gdp,2021-12-31,1.8068976205467,2026-10-07
AR.gg_interest_gdp.IMF_WEO,AR,gg_interest_gdp,2022-12-31,2.1084882446332,2026-10-07
AR.gg_interest_gdp.IMF_WEO,AR,gg_interest_gdp,2023-12-31,2.5343810515933,2026-10-07
AR.gg_interest_gdp.IMF_WEO,AR,gg_interest_gdp,2024-12-31,1.7138694090361,2026-10-07
AR.gg_net_lending_gdp.IMF_WEO,AR,gg_net_lending_gdp,1993-12-31,0.0,2026-10-07
AR.gg_net_lending_gdp.IMF_WEO,AR,gg_net_lending_gdp,1994-12-31,-1.2,2026-10-07
AR.gg_net_lending_gdp.IMF_WEO,AR,gg_net_lending_gdp,1995-12-31,-2.1,2026-10-07
AR.gg_net_lending_gdp.IMF_WEO,AR,gg_net_lending_gdp,1996-12-31,-2.8,2026-10-07
AR.gg_net_lending_gdp.IMF_WEO,AR,gg_net_lending_gdp,1997-12-31,-1.8,2026-10-07
AR.gg_net_lending_gdp.IMF_WEO,AR,gg_net_lending_gdp,1998-12-31,-1.8,2026-10-07
AR.gg_net_lending_gdp.IMF_WEO,AR,gg_net_lending_gdp,1999-12-31,-3.7,2026-10-07
AR.gg_net_lending_gdp.IMF_WEO,AR,gg_net_lending_gdp,2000-12-31,-3.4,2026-10-07
AR.gg_net_lending_gdp.IMF_WEO,AR,gg_net_lending_gdp,2001-12-31,-5.4,2026-10-07
AR.gg_net_lending_gdp.IMF_WEO,AR,gg_net_lending_gdp,2002-12-31,-1.9,2026-10-07
AR.gg_net_lending_gdp.IMF_WEO,AR,gg_net_lending_gdp,2003-12-31,1.5,2026-10-07
AR.gg_net_lending_gdp.IMF_WEO,AR,gg_net_lending_gdp,2004-12-31,4.0,2026-10-07
AR.gg_net_lending_gdp.IMF_WEO,AR,gg_net_lending_gdp,2005-12-31,3.3,2026-10-07
AR.gg_net_lending_gdp.IMF_WEO,AR,gg_net_lending_gdp,2006-12-31,1.7,2026-10-07
AR.gg_net_lending_gdp.IMF_WEO,AR,gg_net_lending_gdp,2007-12-31,0.8,2026-10-07
AR.gg_net_lending_gdp.IMF_WEO,AR,gg_net_lending_gdp,2008-12-31,0.4,2026-10-07
AR.gg_net_lending_gdp.IMF_WEO,AR,gg_net_lending_gdp,2009-12-31,-1.8,2026-10-07
AR.gg_net_lending_gdp.IMF_WEO,AR,gg_net_lending_gdp,2010-12-31,-1.4,2026-10-07
AR.gg_net_lending_gdp.IMF_WEO,AR,gg_net_lending_gdp,2011-12-31,-2.7,2026-10-07
AR.gg_net_lending_gdp.IMF_WEO,AR,gg_net_lending_gdp,2012-12-31,-3.0,2026-10-07
AR.gg_net_lending_gdp.IMF_WEO,AR,gg_net_lending_gdp,2013-12-31,-3.3,2026-10-07
AR.gg_net_lending_gdp.IMF_WEO,AR,gg_net_lending_gdp,2014-12-31,-4.3,2026-10-07
AR.gg_net_lending_gdp.IMF_WEO,AR,gg_net_lending_gdp,2015-12-31,-6.0,2026-10-07
AR.gg_net_lending_gdp.IMF_WEO,AR,gg_net_lending_gdp,2016-12-31,-6.7,2026-10-07
AR.gg_net_lending_gdp.IMF_WEO,AR,gg_net_lending_gdp,2017-12-31,-6.7,2026-10-07
AR.gg_net_lending_gdp.IMF_WEO,AR,gg_net_lending_gdp,2018-12-31,-5.4,2026-10-07
AR.gg_net_lending_gdp.IMF_WEO,AR,gg_net_lending_gdp,2019-12-31,-4.4,2026-10-07
AR.gg_net_lending_gdp.IMF_WEO,AR,gg_net_lending_gdp,2020-12-31,-8.7,2026-10-07
AR.gg_net_lending_gdp.IMF_WEO,AR,gg_net_lending_gdp,2021-12-31,-4.3,2026-10-07
AR.gg_net_lending_gdp.IMF_WEO,AR,gg_net_lending_gdp,2022-12-31,-3.8,2026-10-07
AR.gg_net_lending_gdp.IMF_WEO,AR,gg_net_lending_gdp,2023-12-31,-5.3,2026-10-07
AR.gg_net_lending_gdp.IMF_WEO,AR,gg_net_lending_gdp,2024-12-31,0.5,2026-10-07
AR.gg_net_lending_gdp.IMF_WEO,AR,gg_net_lending_gdp,2025-12-31,-0.4,2026-10-07
AR.gg_revenue_gdp.IMF_WEO,AR,gg_revenue_gdp,1864-12-31,3.3423399925232,2026-10-07
AR.gg_revenue_gdp.IMF_WEO,AR,gg_revenue_gdp,1865-12-31,2.7207400798798,2026-10-07
AR.gg_revenue_gdp.IMF_WEO,AR,gg_revenue_gdp,1866-12-31,2.8410799503326,2026-10-07
AR.gg_revenue_gdp.IMF_WEO,AR,gg_revenue_gdp,1867-12-31,4.8400602340698,2026-10-07
AR.gg_revenue_gdp.IMF_WEO,AR,gg_revenue_gdp,1868-12-31,5.3931398391724,2026-10-07
AR.gg_revenue_gdp.IMF_WEO,AR,gg_revenue_gdp,1869-12-31,5.1155099868774,2026-10-07
AR.gg_revenue_gdp.IMF_WEO,AR,gg_revenue_gdp,1870-12-31,5.82190990448,2026-10-07
AR.gg_revenue_gdp.IMF_WEO,AR,gg_revenue_gdp,1871-12-31,4.0555300712585,2026-10-07
AR.gg_revenue_gdp.IMF_WEO,AR,gg_revenue_gdp,1872-12-31,7.4201498031616,2026-10-07
AR.gg_revenue_gdp.IMF_WEO,AR,gg_revenue_gdp,1873-12-31,7.781439781189,2026-10-07
AR.gg_revenue_gdp.IMF_WEO,AR,gg_revenue_gdp,1874-12-31,6.3137798309326,2026-10-07
AR.gg_revenue_gdp.IMF_WEO,AR,gg_revenue_gdp,1875-12-31,6.8726301193237,2026-10-07
AR.gg_revenue_gdp.IMF_WEO,AR,gg_revenue_gdp,1876-12-31,4.4709100723267,2026-10-07
AR.gg_revenue_gdp.IMF_WEO,AR,gg_revenue_gdp,1877-12-31,3.9043099880219,2026-10-07
AR.gg_revenue_gdp.IMF_WEO,AR,gg_revenue_gdp,1878-12-31,5.1477499008179,2026-10-07
AR.gg_revenue_gdp.IMF_WEO,AR,gg_revenue_gdp,1879-12-31,6.5156102180481,2026-10-07
AR.gg_revenue_gdp.IMF_WEO,AR,gg_revenue_gdp,1880-12-31,5.8874697685242,2026-10-07
AR.gg_revenue_gdp.IMF_WEO,AR,gg_revenue_gdp,1881-12-31,6.3979201316833,2026-10-07
AR.gg_revenue_gdp.IMF_WEO,AR,gg_revenue_gdp,1882-12-31,5.6034398078918,2026-10-07
AR.gg_revenue_gdp.IMF_WEO,AR,gg_revenue_gdp,1883-12-31,6.3658199310303,2026-10-07
AR.gg_revenue_gdp.IMF_WEO,AR,gg_revenue_gdp,1884-12-31,6.4586601257324,2026-10-07
AR.gg_revenue_gdp.IMF_WEO,AR,gg_revenue_gdp,1885-12-31,5.9541702270508,2026-10-07
AR.gg_revenue_gdp.IMF_WEO,AR,gg_revenue_gdp,1886-12-31,6.8695201873779,2026-10-07
AR.gg_revenue_gdp.IMF_WEO,AR,gg_revenue_gdp,1887-12-31,7.6143698692322,2026-10-07
AR.gg_revenue_gdp.IMF_WEO,AR,gg_revenue_gdp,1888-12-31,6.5543699264526,2026-10-07
AR.gg_revenue_gdp.IMF_WEO,AR,gg_revenue_gdp,1889-12-31,9.7299404144287,2026-10-07
AR.gg_revenue_gdp.IMF_WEO,AR,gg_revenue_gdp,1890-12-31,5.9120202064514,2026-10-07
AR.gg_revenue_gdp.IMF_WEO,AR,gg_revenue_gdp,1891-12-31,6.2120699882507,2026-10-07
AR.gg_revenue_gdp.IMF_WEO,AR,gg_revenue_gdp,1892-12-31,7.1822900772095,2026-10-07
AR.gg_revenue_gdp.IMF_WEO,AR,gg_revenue_gdp,1893-12-31,7.4815001487732,2026-10-07
AR.gg_revenue_gdp.IMF_WEO,AR,gg_revenue_gdp,1894-12-31,6.1785402297974,2026-10-07
AR.gg_revenue_gdp.IMF_WEO,AR,gg_revenue_gdp,1895-12-31,5.7973599433899,2026-10-07
AR.gg_revenue_gdp.IMF_WEO,AR,gg_revenue_gdp,1896-12-31,4.8100099563599,2026-10-07
AR.gg_revenue_gdp.IMF_WEO,AR,gg_revenue_gdp,1897-12-31,7.8039598464966,2026-10-07
AR.gg_revenue_gdp.IMF_WEO,AR,gg_revenue_gdp,1898-12-31,7.2490200996399,2026-10-07
AR.gg_revenue_gdp.IMF_WEO,AR,gg_revenue_gdp,1899-12-31,8.1682500839233,2026-10-07
AR.gg_revenue_gdp.IMF_WEO,AR,gg_revenue_gdp,1900-12-31,7.8351402282715,2026-10-07
AR.gg_revenue_gdp.IMF_WEO,AR,gg_revenue_gdp,1901-12-31,7.4580001831055,2026-10-07
AR.gg_revenue_gdp.IMF_WEO,AR,gg_revenue_gdp,1902-12-31,7.211480140686,2026-10-07
AR.gg_revenue_gdp.IMF_WEO,AR,gg_revenue_gdp,1903-12-31,7.2610101699829,2026-10-07
AR.gg_revenue_gdp.IMF_WEO,AR,gg_revenue_gdp,1904-12-31,7.6846699714661,2026-10-07
AR.gg_revenue_gdp.IMF_WEO,AR,gg_revenue_gdp,1905-12-31,6.6971001625061,2026-10-07
AR.gg_revenue_gdp.IMF_WEO,AR,gg_revenue_gdp,1906-12-31,6.8533501625061,2026-10-07
AR.gg_revenue_gdp.IMF_WEO,AR,gg_revenue_gdp,1907-12-31,7.0377798080444,2026-10-07
AR.gg_revenue_gdp.IMF_WEO,AR,gg_revenue_gdp,1908-12-31,6.6677098274231,2026-10-07
AR.gg_revenue_gdp.IMF_WEO,AR,gg_revenue_gdp,1909-12-31,6.848690032959,2026-10-07
AR.gg_revenue_gdp.IMF_WEO,AR,gg_revenue_gdp,1910-12-31,6.6837501525879,2026-10-07
AR.gg_revenue_gdp.IMF_WEO,AR,gg_revenue_gdp,1911-12-31,6.843309879303,2026-10-07
AR.gg_revenue_gdp.IMF_WEO,AR,gg_revenue_gdp,1912-12-31,6.8677201271057,2026-10-07
AR.gg_revenue_gdp.IMF_WEO,AR,gg_revenue_gdp,1913-12-31,6.8594698905945,2026-10-07
AR.gg_revenue_gdp.IMF_WEO,AR,gg_revenue_gdp,1914-12-31,5.6179599761963,2026-10-07
AR.gg_revenue_gdp.IMF_WEO,AR,gg_revenue_gdp,1915-12-31,4.7817702293396,2026-10-07
AR.gg_revenue_gdp.IMF_WEO,AR,gg_revenue_gdp,1916-12-31,4.5273699760437,2026-10-07
AR.gg_revenue_gdp.IMF_WEO,AR,gg_revenue_gdp,1917-12-31,4.0779500007629,2026-10-07
AR.gg_revenue_gdp.IMF_WEO,AR,gg_revenue_gdp,1918-12-31,3.6937799453735,2026-10-07
AR.gg_revenue_gdp.IMF_WEO,AR,gg_revenue_gdp,1919-12-31,4.5157899856567,2026-10-07
AR.gg_revenue_gdp.IMF_WEO,AR,gg_revenue_gdp,1920-12-31,4.8144998550415,2026-10-07
AR.gg_revenue_gdp.IMF_WEO,AR,gg_revenue_gdp,1921-12-31,5.1466398239136,2026-10-07
AR.gg_revenue_gdp.IMF_WEO,AR,gg_revenue_gdp,1922-12-31,5.2422800064087,2026-10-07
AR.gg_revenue_gdp.IMF_WEO,AR,gg_revenue_gdp,1923-12-31,5.6090202331543,2026-10-07
AR.gg_revenue_gdp.IMF_WEO,AR,gg_revenue_gdp,1924-12-31,5.475170135498,2026-10-07
AR.gg_revenue_gdp.IMF_WEO,AR,gg_revenue_gdp,1925-12-31,6.1483101844788,2026-10-07
AR.gg_revenue_gdp.IMF_WEO,AR,gg_revenue_gdp,1926-12-31,6.0379500389099,2026-10-07
AR.gg_revenue_gdp.IMF_WEO,AR,gg_revenue_gdp,1927-12-31,6.0891499519348,2026-10-07
AR.gg_revenue_gdp.IMF_WEO,AR,gg_revenue_gdp,1928-12-31,6.2458000183105,2026-10-07
AR.gg_revenue_gdp.IMF_WEO,AR,gg_revenue_gdp,1929-12-31,6.066150188446,2026-10-07
AR.gg_revenue_gdp.IMF_WEO,AR,gg_revenue_gdp,1930-12-31,5.4580497741699,2026-10-07
AR.gg_revenue_gdp.IMF_WEO,AR,gg_revenue_gdp,1931-12-31,6.9437599182129,2026-10-07
AR.gg_revenue_gdp.IMF_WEO,AR,gg_revenue_gdp,1932-12-31,8.1805601119995,2026-10-07
AR.gg_revenue_gdp.IMF_WEO,AR,gg_revenue_gdp,1933-12-31,7.6031398773193,2026-10-07
AR.gg_revenue_gdp.IMF_WEO,AR,gg_revenue_gdp,1934-12-31,7.0214900970459,2026-10-07
AR.gg_revenue_gdp.IMF_WEO,AR,gg_revenue_gdp,1935-12-31,7.3075799942017,2026-10-07
AR.gg_revenue_gdp.IMF_WEO,AR,gg_revenue_gdp,1936-12-31,7.093309879303,2026-10-07
AR.gg_revenue_gdp.IMF_WEO,AR,gg_revenue_gdp,1937-12-31,6.9930000305176,2026-10-07
AR.gg_revenue_gdp.IMF_WEO,AR,gg_revenue_gdp,1938-12-31,7.1789398193359,2026-10-07
AR.gg_revenue_gdp.IMF_WEO,AR,gg_revenue_gdp,1939-12-31,6.9435000419617,2026-10-07
AR.gg_revenue_gdp.IMF_WEO,AR,gg_revenue_gdp,1940-12-31,6.4873399734497,2026-10-07
AR.gg_revenue_gdp.IMF_WEO,AR,gg_revenue_gdp,1941-12-31,5.6436901092529,2026-10-07
AR.gg_revenue_gdp.IMF_WEO,AR,gg_revenue_gdp,1942-12-31,5.4763097763062,2026-10-07
AR.gg_revenue_gdp.IMF_WEO,AR,gg_revenue_gdp,1943-12-31,5.3219199180603,2026-10-07
AR.gg_revenue_gdp.IMF_WEO,AR,gg_revenue_gdp,1944-12-31,6.3933801651001,2026-10-07
AR.gg_revenue_gdp.IMF_WEO,AR,gg_revenue_gdp,1945-12-31,6.1535902023315,2026-10-07
AR.gg_revenue_gdp.IMF_WEO,AR,gg_revenue_gdp,1946-12-31,5.7707099914551,2026-10-07
AR.gg_revenue_gdp.IMF_WEO,AR,gg_revenue_gdp,1947-12-31,7.7160601615906,2026-10-07
AR.gg_revenue_gdp.IMF_WEO,AR,gg_revenue_gdp,1948-12-31,10.162400245667,2026-10-07
AR.gg_revenue_gdp.IMF_WEO,AR,gg_revenue_gdp,1949-12-31,7.8368301391602,2026-10-07
AR.gg_revenue_gdp.IMF_WEO,AR,gg_revenue_gdp,1950-12-31,7.8168201446533,2026-10-07
AR.gg_revenue_gdp.IMF_WEO,AR,gg_revenue_gdp,1951-12-31,8.4577903747559,2026-10-07
AR.gg_revenue_gdp.IMF_WEO,AR,gg_revenue_gdp,1952-12-31,8.8816699981689,2026-10-07
AR.gg_revenue_gdp.IMF_WEO,AR,gg_revenue_gdp,1953-12-31,7.9414000511169,2026-10-07
AR.gg_revenue_gdp.IMF_WEO,AR,gg_revenue_gdp,1954-12-31,7.7610898017883,2026-10-07
AR.gg_revenue_gdp.IMF_WEO,AR,gg_revenue_gdp,1955-12-31,6.4688901901245,2026-10-07
AR.gg_revenue_gdp.IMF_WEO,AR,gg_revenue_gdp,1956-12-31,6.2881898880005,2026-10-07
AR.gg_revenue_gdp.IMF_WEO,AR,gg_revenue_gdp,1957-12-31,5.6939702033997,2026-10-07
AR.gg_revenue_gdp.IMF_WEO,AR,gg_revenue_gdp,1958-12-31,6.5881500244141,2026-10-07
AR.gg_revenue_gdp.IMF_WEO,AR,gg_revenue_gdp,1959-12-31,8.7984304428101,2026-10-07
AR.gg_revenue_gdp.IMF_WEO,AR,gg_revenue_gdp,1960-12-31,9.3200302124023,2026-10-07
AR.gg_revenue_gdp.IMF_WEO,AR,gg_revenue_gdp,1961-12-31,13.979599952698,2026-10-07
AR.gg_revenue_gdp.IMF_WEO,AR,gg_revenue_gdp,1962-12-31,10.877799987793,2026-10-07
AR.gg_revenue_gdp.IMF_WEO,AR,gg_revenue_gdp,1963-12-31,10.529600143433,2026-10-07
AR.gg_revenue_gdp.IMF_WEO,AR,gg_revenue_gdp,1964-12-31,10.437700271606,2026-10-07
AR.gg_revenue_gdp.IMF_WEO,AR,gg_revenue_gdp,1965-12-31,10.72620010376,2026-10-07
AR.gg_revenue_gdp.IMF_WEO,AR,gg_revenue_gdp,1966-12-31,11.140500068665,2026-10-07
AR.gg_revenue_gdp.IMF_WEO,AR,gg_revenue_gdp,1967-12-31,13.618200302124,2026-10-07
AR.gg_revenue_gdp.IMF_WEO,AR,gg_revenue_gdp,1968-12-31,13.055100440979,2026-10-07
AR.gg_revenue_gdp.IMF_WEO,AR,gg_revenue_gdp,1969-12-31,12.801199913025,2026-10-07
AR.gg_revenue_gdp.IMF_WEO,AR,gg_revenue_gdp,1970-12-31,13.058400154114,2026-10-07
AR.gg_revenue_gdp.IMF_WEO,AR,gg_revenue_gdp,1971-12-31,12.046699523926,2026-10-07
AR.gg_revenue_gdp.IMF_WEO,AR,gg_revenue_gdp,1972-12-31,11.043499946594,2026-10-07
AR.gg_revenue_gdp.IMF_WEO,AR,gg_revenue_gdp,1973-12-31,11.110199928284,2026-10-07
AR.gg_revenue_gdp.IMF_WEO,AR,gg_revenue_gdp,1974-12-31,12.961099624634,2026-10-07
AR.gg_revenue_gdp.IMF_WEO,AR,gg_revenue_gdp,1975-12-31,9.603630065918,2026-10-07
AR.gg_revenue_gdp.IMF_WEO,AR,gg_revenue_gdp,1976-12-31,10.628999710083,2026-10-07
AR.gg_revenue_gdp.IMF_WEO,AR,gg_revenue_gdp,1977-12-31,12.050100326538,2026-10-07
AR.gg_revenue_gdp.IMF_WEO,AR,gg_revenue_gdp,1978-12-31,13.491000175476,2026-10-07
AR.gg_revenue_gdp.IMF_WEO,AR,gg_revenue_gdp,1979-12-31,12.997900009155,2026-10-07
AR.gg_revenue_gdp.IMF_WEO,AR,gg_revenue_gdp,1980-12-31,14.037300109863,2026-10-07
AR.gg_revenue_gdp.IMF_WEO,AR,gg_revenue_gdp,1981-12-31,13.096400260925,2026-10-07
AR.gg_revenue_gdp.IMF_WEO,AR,gg_revenue_gdp,1982-12-31,11.195199966431,2026-10-07
AR.gg_revenue_gdp.IMF_WEO,AR,gg_revenue_gdp,1983-12-31,11.296099662781,2026-10-07
AR.gg_revenue_gdp.IMF_WEO,AR,gg_revenue_gdp,1984-12-31,11.654100418091,2026-10-07
AR.gg_revenue_gdp.IMF_WEO,AR,gg_revenue_gdp,1985-12-31,18.343099594116,2026-10-07
AR.gg_revenue_gdp.IMF_WEO,AR,gg_revenue_gdp,1986-12-31,16.985399246216,2026-10-07
AR.gg_revenue_gdp.IMF_WEO,AR,gg_revenue_gdp,1987-12-31,15.61190032959,2026-10-07
AR.gg_revenue_gdp.IMF_WEO,AR,gg_revenue_gdp,1988-12-31,10.58899974823,2026-10-07
AR.gg_revenue_gdp.IMF_WEO,AR,gg_revenue_gdp,1989-12-31,10.765899658203,2026-10-07
AR.gg_revenue_gdp.IMF_WEO,AR,gg_revenue_gdp,1990-12-31,10.853099822998,2026-10-07
AR.gg_revenue_gdp.IMF_WEO,AR,gg_revenue_gdp,1991-12-31,12.396800041199,2026-10-07
AR.gg_revenue_gdp.IMF_WEO,AR,gg_revenue_gdp,1992-12-31,13.638299942017,2026-10-07
AR.gg_revenue_gdp.IMF_WEO,AR,gg_revenue_gdp,1993-12-31,16.292499542236,2026-10-07
AR.gg_revenue_gdp.IMF_WEO,AR,gg_revenue_gdp,1994-12-31,15.131299972534,2026-10-07
AR.gg_revenue_gdp.IMF_WEO,AR,gg_revenue_gdp,1995-12-31,14.625499725342,2026-10-07
AR.gg_revenue_gdp.IMF_WEO,AR,gg_revenue_gdp,1996-12-31,13.149299621582,2026-10-07
AR.gg_revenue_gdp.IMF_WEO,AR,gg_revenue_gdp,1997-12-31,20.748176017537,2026-10-07
AR.gg_revenue_gdp.IMF_WEO,AR,gg_revenue_gdp,1998-12-31,21.302975172385,2026-10-07
AR.gg_revenue_gdp.IMF_WEO,AR,gg_revenue_gdp,1999-12-31,21.766201500584,2026-10-07
AR.gg_revenue_gdp.IMF_WEO,AR,gg_revenue_gdp,2000-12-31,21.830486593024,2026-10-07
AR.gg_revenue_gdp.IMF_WEO,AR,gg_revenue_gdp,2001-12-31,21.068352892431,2026-10-07
AR.gg_revenue_gdp.IMF_WEO,AR,gg_revenue_gdp,2002-12-31,19.942904250467,2026-10-07
AR.gg_revenue_gdp.IMF_WEO,AR,gg_revenue_gdp,2003-12-31,23.526033711956,2026-10-07
AR.gg_revenue_gdp.IMF_WEO,AR,gg_revenue_gdp,2004-12-31,26.996427111149,2026-10-07
AR.gg_revenue_gdp.IMF_WEO,AR,gg_revenue_gdp,2005-12-31,27.766183148702,2026-10-07
AR.gg_revenue_gdp.IMF_WEO,AR,gg_revenue_gdp,2006-12-31,28.266732094466,2026-10-07
AR.gg_revenue_gdp.IMF_WEO,AR,gg_revenue_gdp,2007-12-31,30.30756264311,2026-10-07
AR.gg_revenue_gdp.IMF_WEO,AR,gg_revenue_gdp,2008-12-31,31.114320642373,2026-10-07
AR.gg_revenue_gdp.IMF_WEO,AR,gg_revenue_gdp,2009-12-31,32.694391520704,2026-10-07
AR.gg_revenue_gdp.IMF_WEO,AR,gg_revenue_gdp,2010-12-31,31.964613964095,2026-10-07
AR.gg_revenue_gdp.IMF_WEO,AR,gg_revenue_gdp,2011-12-31,32.156252078187,2026-10-07
AR.gg_revenue_gdp.IMF_WEO,AR,gg_revenue_gdp,2012-12-31,33.803367540918,2026-10-07
AR.gg_revenue_gdp.IMF_WEO,AR,gg_revenue_gdp,2013-12-31,34.349105027695,2026-10-07
AR.gg_revenue_gdp.IMF_WEO,AR,gg_revenue_gdp,2014-12-31,34.600502413751,2026-10-07
AR.gg_revenue_gdp.IMF_WEO,AR,gg_revenue_gdp,2015-12-31,35.365772019338,2026-10-07
AR.gg_revenue_gdp.IMF_WEO,AR,gg_revenue_gdp,2016-12-31,34.8673516945,2026-10-07
AR.gg_revenue_gdp.IMF_WEO,AR,gg_revenue_gdp,2017-12-31,34.428112889621,2026-10-07
AR.gg_revenue_gdp.IMF_WEO,AR,gg_revenue_gdp,2018-12-31,33.508062809875,2026-10-07
AR.gg_revenue_gdp.IMF_WEO,AR,gg_revenue_gdp,2019-12-31,33.684299956878,2026-10-07
AR.gg_revenue_gdp.IMF_WEO,AR,gg_revenue_gdp,2020-12-31,33.805168381982,2026-10-07
AR.gg_revenue_gdp.IMF_WEO,AR,gg_revenue_gdp,2021-12-31,33.550413326565,2026-10-07
AR.gg_revenue_gdp.IMF_WEO,AR,gg_revenue_gdp,2022-12-31,33.806737762499,2026-10-07
AR.gg_revenue_gdp.IMF_WEO,AR,gg_revenue_gdp,2023-12-31,32.307759101982,2026-10-07
AR.gg_revenue_gdp.IMF_WEO,AR,gg_revenue_gdp,2024-12-31,31.477046285186,2026-10-07
AR.rgdp_growth.IMF_WEO,AR,rgdp_growth,1980-12-31,0.7,2026-10-07
AR.rgdp_growth.IMF_WEO,AR,rgdp_growth,1981-12-31,-5.7,2026-10-07
AR.rgdp_growth.IMF_WEO,AR,rgdp_growth,1982-12-31,-3.1,2026-10-07
AR.rgdp_growth.IMF_WEO,AR,rgdp_growth,1983-12-31,3.7,2026-10-07
AR.rgdp_growth.IMF_WEO,AR,rgdp_growth,1984-12-31,2.0,2026-10-07
AR.rgdp_growth.IMF_WEO,AR,rgdp_growth,1985-12-31,-7.0,2026-10-07
AR.rgdp_growth.IMF_WEO,AR,rgdp_growth,1986-12-31,7.1,2026-10-07
AR.rgdp_growth.IMF_WEO,AR,rgdp_growth,1987-12-31,2.5,2026-10-07
AR.rgdp_growth.IMF_WEO,AR,rgdp_growth,1988-12-31,-2.0,2026-10-07
AR.rgdp_growth.IMF_WEO,AR,rgdp_growth,1989-12-31,-7.0,2026-10-07
AR.rgdp_growth.IMF_WEO,AR,rgdp_growth,1990-12-31,-1.3,2026-10-07
AR.rgdp_growth.IMF_WEO,AR,rgdp_growth,1991-12-31,10.5,2026-10-07
AR.rgdp_growth.IMF_WEO,AR,rgdp_growth,1992-12-31,10.3,2026-10-07
AR.rgdp_growth.IMF_WEO,AR,rgdp_growth,1993-12-31,6.3,2026-10-07
AR.rgdp_growth.IMF_WEO,AR,rgdp_growth,1994-12-31,5.8,2026-10-07
AR.rgdp_growth.IMF_WEO,AR,rgdp_growth,1995-12-31,-2.8,2026-10-07
AR.rgdp_growth.IMF_WEO,AR,rgdp_growth,1996-12-31,5.5,2026-10-07
AR.rgdp_growth.IMF_WEO,AR,rgdp_growth,1997-12-31,8.1,2026-10-07
AR.rgdp_growth.IMF_WEO,AR,rgdp_growth,1998-12-31,3.9,2026-10-07
AR.rgdp_growth.IMF_WEO,AR,rgdp_growth,1999-12-31,-3.4,2026-10-07
AR.rgdp_growth.IMF_WEO,AR,rgdp_growth,2000-12-31,-0.8,2026-10-07
AR.rgdp_growth.IMF_WEO,AR,rgdp_growth,2001-12-31,-4.4,2026-10-07
AR.rgdp_growth.IMF_WEO,AR,rgdp_growth,2002-12-31,-10.9,2026-10-07
AR.rgdp_growth.IMF_WEO,AR,rgdp_growth,2003-12-31,9.0,2026-10-07
AR.rgdp_growth.IMF_WEO,AR,rgdp_growth,2004-12-31,8.9,2026-10-07
AR.rgdp_growth.IMF_WEO,AR,rgdp_growth,2005-12-31,8.9,2026-10-07
AR.rgdp_growth.IMF_WEO,AR,rgdp_growth,2006-12-31,8.0,2026-10-07
AR.rgdp_growth.IMF_WEO,AR,rgdp_growth,2007-12-31,9.0,2026-10-07
AR.rgdp_growth.IMF_WEO,AR,rgdp_growth,2008-12-31,4.1,2026-10-07
AR.rgdp_growth.IMF_WEO,AR,rgdp_growth,2009-12-31,-5.9,2026-10-07
AR.rgdp_growth.IMF_WEO,AR,rgdp_growth,2010-12-31,10.1,2026-10-07
AR.rgdp_growth.IMF_WEO,AR,rgdp_growth,2011-12-31,6.0,2026-10-07
AR.rgdp_growth.IMF_WEO,AR,rgdp_growth,2012-12-31,-1.0,2026-10-07
AR.rgdp_growth.IMF_WEO,AR,rgdp_growth,2013-12-31,2.4,2026-10-07
AR.rgdp_growth.IMF_WEO,AR,rgdp_growth,2014-12-31,-2.5,2026-10-07
AR.rgdp_growth.IMF_WEO,AR,rgdp_growth,2015-12-31,2.7,2026-10-07
AR.rgdp_growth.IMF_WEO,AR,rgdp_growth,2016-12-31,-2.1,2026-10-07
AR.rgdp_growth.IMF_WEO,AR,rgdp_growth,2017-12-31,2.8,2026-10-07
AR.rgdp_growth.IMF_WEO,AR,rgdp_growth,2018-12-31,-2.6,2026-10-07
AR.rgdp_growth.IMF_WEO,AR,rgdp_growth,2019-12-31,-2.0,2026-10-07
AR.rgdp_growth.IMF_WEO,AR,rgdp_growth,2020-12-31,-9.9,2026-10-07
AR.rgdp_growth.IMF_WEO,AR,rgdp_growth,2021-12-31,10.4,2026-10-07
AR.rgdp_growth.IMF_WEO,AR,rgdp_growth,2022-12-31,6.0,2026-10-07
AR.rgdp_growth.IMF_WEO,AR,rgdp_growth,2023-12-31,-1.9,2026-10-07
AR.rgdp_growth.IMF_WEO,AR,rgdp_growth,2024-12-31,-1.3,2026-10-07
AR.rgdp_growth.IMF_WEO,AR,rgdp_growth,2025-12-31,4.4,2026-10-07
AU.cpi_yoy.IMF_WEO,AU,cpi_yoy,1980-12-31,10.1,2026-10-07
AU.cpi_yoy.IMF_WEO,AU,cpi_yoy,1981-12-31,9.5,2026-10-07
AU.cpi_yoy.IMF_WEO,AU,cpi_yoy,1982-12-31,11.4,2026-10-07
AU.cpi_yoy.IMF_WEO,AU,cpi_yoy,1983-12-31,10.0,2026-10-07
AU.cpi_yoy.IMF_WEO,AU,cpi_yoy,1984-12-31,4.0,2026-10-07
AU.cpi_yoy.IMF_WEO,AU,cpi_yoy,1985-12-31,6.7,2026-10-07
AU.cpi_yoy.IMF_WEO,AU,cpi_yoy,1986-12-31,9.1,2026-10-07
AU.cpi_yoy.IMF_WEO,AU,cpi_yoy,1987-12-31,8.5,2026-10-07
AU.cpi_yoy.IMF_WEO,AU,cpi_yoy,1988-12-31,7.3,2026-10-07
AU.cpi_yoy.IMF_WEO,AU,cpi_yoy,1989-12-31,7.6,2026-10-07
AU.cpi_yoy.IMF_WEO,AU,cpi_yoy,1990-12-31,7.2,2026-10-07
AU.cpi_yoy.IMF_WEO,AU,cpi_yoy,1991-12-31,3.3,2026-10-07
AU.cpi_yoy.IMF_WEO,AU,cpi_yoy,1992-12-31,1.0,2026-10-07
AU.cpi_yoy.IMF_WEO,AU,cpi_yoy,1993-12-31,1.8,2026-10-07
AU.cpi_yoy.IMF_WEO,AU,cpi_yoy,1994-12-31,1.9,2026-10-07
AU.cpi_yoy.IMF_WEO,AU,cpi_yoy,1995-12-31,4.6,2026-10-07
AU.cpi_yoy.IMF_WEO,AU,cpi_yoy,1996-12-31,2.7,2026-10-07
AU.cpi_yoy.IMF_WEO,AU,cpi_yoy,1997-12-31,0.2,2026-10-07
AU.cpi_yoy.IMF_WEO,AU,cpi_yoy,1998-12-31,0.9,2026-10-07
AU.cpi_yoy.IMF_WEO,AU,cpi_yoy,1999-12-31,1.4,2026-10-07
AU.cpi_yoy.IMF_WEO,AU,cpi_yoy,2000-12-31,4.5,2026-10-07
AU.cpi_yoy.IMF_WEO,AU,cpi_yoy,2001-12-31,4.4,2026-10-07
AU.cpi_yoy.IMF_WEO,AU,cpi_yoy,2002-12-31,3.0,2026-10-07
AU.cpi_yoy.IMF_WEO,AU,cpi_yoy,2003-12-31,2.7,2026-10-07
AU.cpi_yoy.IMF_WEO,AU,cpi_yoy,2004-12-31,2.3,2026-10-07
AU.cpi_yoy.IMF_WEO,AU,cpi_yoy,2005-12-31,2.7,2026-10-07
AU.cpi_yoy.IMF_WEO,AU,cpi_yoy,2006-12-31,3.6,2026-10-07
AU.cpi_yoy.IMF_WEO,AU,cpi_yoy,2007-12-31,2.4,2026-10-07
AU.cpi_yoy.IMF_WEO,AU,cpi_yoy,2008-12-31,4.3,2026-10-07
AU.cpi_yoy.IMF_WEO,AU,cpi_yoy,2009-12-31,1.8,2026-10-07
AU.cpi_yoy.IMF_WEO,AU,cpi_yoy,2010-12-31,2.9,2026-10-07
AU.cpi_yoy.IMF_WEO,AU,cpi_yoy,2011-12-31,3.4,2026-10-07
AU.cpi_yoy.IMF_WEO,AU,cpi_yoy,2012-12-31,1.7,2026-10-07
AU.cpi_yoy.IMF_WEO,AU,cpi_yoy,2013-12-31,2.5,2026-10-07
AU.cpi_yoy.IMF_WEO,AU,cpi_yoy,2014-12-31,2.5,2026-10-07
AU.cpi_yoy.IMF_WEO,AU,cpi_yoy,2015-12-31,1.5,2026-10-07
AU.cpi_yoy.IMF_WEO,AU,cpi_yoy,2016-12-31,1.3,2026-10-07
AU.cpi_yoy.IMF_WEO,AU,cpi_yoy,2017-12-31,2.0,2026-10-07
AU.cpi_yoy.IMF_WEO,AU,cpi_yoy,2018-12-31,1.9,2026-10-07
AU.cpi_yoy.IMF_WEO,AU,cpi_yoy,2019-12-31,1.6,2026-10-07
AU.cpi_yoy.IMF_WEO,AU,cpi_yoy,2020-12-31,0.9,2026-10-07
AU.cpi_yoy.IMF_WEO,AU,cpi_yoy,2021-12-31,2.8,2026-10-07
AU.cpi_yoy.IMF_WEO,AU,cpi_yoy,2022-12-31,6.6,2026-10-07
AU.cpi_yoy.IMF_WEO,AU,cpi_yoy,2023-12-31,5.6,2026-10-07
AU.cpi_yoy.IMF_WEO,AU,cpi_yoy,2024-12-31,3.2,2026-10-07
AU.cpi_yoy.IMF_WEO,AU,cpi_yoy,2025-12-31,2.9,2026-10-07
AU.gg_debt_gdp.IMF_WEO,AU,gg_debt_gdp,1989-12-31,17.0,2026-10-07
AU.gg_debt_gdp.IMF_WEO,AU,gg_debt_gdp,1990-12-31,16.4,2026-10-07
AU.gg_debt_gdp.IMF_WEO,AU,gg_debt_gdp,1991-12-31,21.6,2026-10-07
AU.gg_debt_gdp.IMF_WEO,AU,gg_debt_gdp,1992-12-31,27.6,2026-10-07
AU.gg_debt_gdp.IMF_WEO,AU,gg_debt_gdp,1993-12-31,30.6,2026-10-07
AU.gg_debt_gdp.IMF_WEO,AU,gg_debt_gdp,1994-12-31,31.7,2026-10-07
AU.gg_debt_gdp.IMF_WEO,AU,gg_debt_gdp,1995-12-31,31.1,2026-10-07
AU.gg_debt_gdp.IMF_WEO,AU,gg_debt_gdp,1996-12-31,29.3,2026-10-07
AU.gg_debt_gdp.IMF_WEO,AU,gg_debt_gdp,1997-12-31,25.9,2026-10-07
AU.gg_debt_gdp.IMF_WEO,AU,gg_debt_gdp,1998-12-31,23.7,2026-10-07
AU.gg_debt_gdp.IMF_WEO,AU,gg_debt_gdp,1999-12-31,22.5,2026-10-07
AU.gg_debt_gdp.IMF_WEO,AU,gg_debt_gdp,2000-12-31,19.5,2026-10-07
AU.gg_debt_gdp.IMF_WEO,AU,gg_debt_gdp,2001-12-31,17.1,2026-10-07
AU.gg_debt_gdp.IMF_WEO,AU,gg_debt_gdp,2002-12-31,15.0,2026-10-07
AU.gg_debt_gdp.IMF_WEO,AU,gg_debt_gdp,2003-12-31,13.2,2026-10-07
AU.gg_debt_gdp.IMF_WEO,AU,gg_debt_gdp,2004-12-31,11.9,2026-10-07
AU.gg_debt_gdp.IMF_WEO,AU,gg_debt_gdp,2005-12-31,10.8,2026-10-07
AU.gg_debt_gdp.IMF_WEO,AU,gg_debt_gdp,2006-12-31,9.9,2026-10-07
AU.gg_debt_gdp.IMF_WEO,AU,gg_debt_gdp,2007-12-31,9.6,2026-10-07
AU.gg_debt_gdp.IMF_WEO,AU,gg_debt_gdp,2008-12-31,11.7,2026-10-07
AU.gg_debt_gdp.IMF_WEO,AU,gg_debt_gdp,2009-12-31,16.6,2026-10-07
AU.gg_debt_gdp.IMF_WEO,AU,gg_debt_gdp,2010-12-31,20.3,2026-10-07
AU.gg_debt_gdp.IMF_WEO,AU,gg_debt_gdp,2011-12-31,24.0,2026-10-07
AU.gg_debt_gdp.IMF_WEO,AU,gg_debt_gdp,2012-12-31,27.4,2026-10-07
AU.gg_debt_gdp.IMF_WEO,AU,gg_debt_gdp,2013-12-31,30.3,2026-10-07
AU.gg_debt_gdp.IMF_WEO,AU,gg_debt_gdp,2014-12-31,33.9,2026-10-07
AU.gg_debt_gdp.IMF_WEO,AU,gg_debt_gdp,2015-12-31,37.6,2026-10-07
AU.gg_debt_gdp.IMF_WEO,AU,gg_debt_gdp,2016-12-31,40.5,2026-10-07
AU.gg_debt_gdp.IMF_WEO,AU,gg_debt_gdp,2017-12-31,41.0,2026-10-07
AU.gg_debt_gdp.IMF_WEO,AU,gg_debt_gdp,2018-12-31,41.6,2026-10-07
AU.gg_debt_gdp.IMF_WEO,AU,gg_debt_gdp,2019-12-31,46.5,2026-10-07
AU.gg_debt_gdp.IMF_WEO,AU,gg_debt_gdp,2020-12-31,56.9,2026-10-07
AU.gg_debt_gdp.IMF_WEO,AU,gg_debt_gdp,2021-12-31,55.4,2026-10-07
AU.gg_debt_gdp.IMF_WEO,AU,gg_debt_gdp,2022-12-31,50.0,2026-10-07
AU.gg_debt_gdp.IMF_WEO,AU,gg_debt_gdp,2023-12-31,49.4,2026-10-07
AU.gg_debt_gdp.IMF_WEO,AU,gg_debt_gdp,2024-12-31,50.6,2026-10-07
AU.gg_debt_gdp.IMF_WEO,AU,gg_debt_gdp,2025-12-31,51.0,2026-10-07
AU.gg_interest_gdp.IMF_WEO,AU,gg_interest_gdp,1913-12-31,0.14713199436665,2026-10-07
AU.gg_interest_gdp.IMF_WEO,AU,gg_interest_gdp,1914-12-31,0.15972200036049,2026-10-07
AU.gg_interest_gdp.IMF_WEO,AU,gg_interest_gdp,1915-12-31,0.20405699312687,2026-10-07
AU.gg_interest_gdp.IMF_WEO,AU,gg_interest_gdp,1916-12-31,0.21155799925327,2026-10-07
AU.gg_interest_gdp.IMF_WEO,AU,gg_interest_gdp,1917-12-31,0.26418799161911,2026-10-07
AU.gg_interest_gdp.IMF_WEO,AU,gg_interest_gdp,1918-12-31,0.27777799963951,2026-10-07
AU.gg_interest_gdp.IMF_WEO,AU,gg_interest_gdp,1919-12-31,0.29519701004028,2026-10-07
AU.gg_interest_gdp.IMF_WEO,AU,gg_interest_gdp,1920-12-31,0.29848399758339,2026-10-07
AU.gg_interest_gdp.IMF_WEO,AU,gg_interest_gdp,1921-12-31,0.29811900854111,2026-10-07
AU.gg_interest_gdp.IMF_WEO,AU,gg_interest_gdp,1922-12-31,0.30769199132919,2026-10-07
AU.gg_interest_gdp.IMF_WEO,AU,gg_interest_gdp,1923-12-31,0.29205301403999,2026-10-07
AU.gg_interest_gdp.IMF_WEO,AU,gg_interest_gdp,1924-12-31,0.29572999477386,2026-10-07
AU.gg_interest_gdp.IMF_WEO,AU,gg_interest_gdp,1925-12-31,1.2543499469757,2026-10-07
AU.gg_interest_gdp.IMF_WEO,AU,gg_interest_gdp,1926-12-31,1.3080199956894,2026-10-07
AU.gg_interest_gdp.IMF_WEO,AU,gg_interest_gdp,1927-12-31,1.2550599575043,2026-10-07
AU.gg_interest_gdp.IMF_WEO,AU,gg_interest_gdp,1928-12-31,1.3628499507904,2026-10-07
AU.gg_interest_gdp.IMF_WEO,AU,gg_interest_gdp,1929-12-31,1.2792099714279,2026-10-07
AU.gg_interest_gdp.IMF_WEO,AU,gg_interest_gdp,1930-12-31,1.4495500326157,2026-10-07
AU.gg_interest_gdp.IMF_WEO,AU,gg_interest_gdp,1931-12-31,4.5143799781799,2026-10-07
AU.gg_interest_gdp.IMF_WEO,AU,gg_interest_gdp,1932-12-31,4.2727298736572,2026-10-07
AU.gg_interest_gdp.IMF_WEO,AU,gg_interest_gdp,1933-12-31,1.8275300264359,2026-10-07
AU.gg_interest_gdp.IMF_WEO,AU,gg_interest_gdp,1934-12-31,3.6356899738312,2026-10-07
AU.gg_interest_gdp.IMF_WEO,AU,gg_interest_gdp,1935-12-31,3.1424601078033,2026-10-07
AU.gg_interest_gdp.IMF_WEO,AU,gg_interest_gdp,1936-12-31,2.8526101112366,2026-10-07
AU.gg_interest_gdp.IMF_WEO,AU,gg_interest_gdp,1937-12-31,2.6208500862122,2026-10-07
AU.gg_interest_gdp.IMF_WEO,AU,gg_interest_gdp,1938-12-31,2.4501900672913,2026-10-07
AU.gg_interest_gdp.IMF_WEO,AU,gg_interest_gdp,1939-12-31,2.5398600101471,2026-10-07
AU.gg_interest_gdp.IMF_WEO,AU,gg_interest_gdp,1940-12-31,2.3989899158478,2026-10-07
AU.gg_interest_gdp.IMF_WEO,AU,gg_interest_gdp,1941-12-31,2.3310000896454,2026-10-07
AU.gg_interest_gdp.IMF_WEO,AU,gg_interest_gdp,1942-12-31,1.6820199489594,2026-10-07
AU.gg_interest_gdp.IMF_WEO,AU,gg_interest_gdp,1943-12-31,1.7704700231552,2026-10-07
AU.gg_interest_gdp.IMF_WEO,AU,gg_interest_gdp,1944-12-31,1.2908799648285,2026-10-07
AU.gg_interest_gdp.IMF_WEO,AU,gg_interest_gdp,1945-12-31,1.5869100093842,2026-10-07
AU.gg_interest_gdp.IMF_WEO,AU,gg_interest_gdp,1946-12-31,1.7376500368118,2026-10-07
AU.gg_interest_gdp.IMF_WEO,AU,gg_interest_gdp,1947-12-31,1.7462400197983,2026-10-07
AU.gg_interest_gdp.IMF_WEO,AU,gg_interest_gdp,1948-12-31,1.4918600320816,2026-10-07
AU.gg_interest_gdp.IMF_WEO,AU,gg_interest_gdp,1949-12-31,1.2950999736786,2026-10-07
AU.gg_interest_gdp.IMF_WEO,AU,gg_interest_gdp,1950-12-31,1.1100200414658,2026-10-07
AU.gg_interest_gdp.IMF_WEO,AU,gg_interest_gdp,1951-12-31,0.82238298654556,2026-10-07
AU.gg_interest_gdp.IMF_WEO,AU,gg_interest_gdp,1952-12-31,0.76372599601746,2026-10-07
AU.gg_interest_gdp.IMF_WEO,AU,gg_interest_gdp,1953-12-31,0.72901499271393,2026-10-07
AU.gg_interest_gdp.IMF_WEO,AU,gg_interest_gdp,1954-12-31,0.4537889957428,2026-10-07
AU.gg_interest_gdp.IMF_WEO,AU,gg_interest_gdp,1955-12-31,0.39050298929214,2026-10-07
AU.gg_interest_gdp.IMF_WEO,AU,gg_interest_gdp,1956-12-31,0.310427993536,2026-10-07
AU.gg_interest_gdp.IMF_WEO,AU,gg_interest_gdp,1957-12-31,0.27003198862076,2026-10-07
AU.gg_interest_gdp.IMF_WEO,AU,gg_interest_gdp,1958-12-31,0.22609600424767,2026-10-07
AU.gg_interest_gdp.IMF_WEO,AU,gg_interest_gdp,1959-12-31,0.18717899918556,2026-10-07
AU.gg_interest_gdp.IMF_WEO,AU,gg_interest_gdp,1960-12-31,2.348381280899,2026-10-07
AU.gg_interest_gdp.IMF_WEO,AU,gg_interest_gdp,1961-12-31,2.5021133422852,2026-10-07
AU.gg_interest_gdp.IMF_WEO,AU,gg_interest_gdp,1962-12-31,2.4020426273346,2026-10-07
AU.gg_interest_gdp.IMF_WEO,AU,gg_interest_gdp,1963-12-31,2.39026927948,2026-10-07
AU.gg_interest_gdp.IMF_WEO,AU,gg_interest_gdp,1964-12-31,2.4228029251099,2026-10-07
AU.gg_interest_gdp.IMF_WEO,AU,gg_interest_gdp,1965-12-31,2.4702014923096,2026-10-07
AU.gg_interest_gdp.IMF_WEO,AU,gg_interest_gdp,1966-12-31,2.3707690238953,2026-10-07
AU.gg_interest_gdp.IMF_WEO,AU,gg_interest_gdp,1967-12-31,2.4351763725281,2026-10-07
AU.gg_interest_gdp.IMF_WEO,AU,gg_interest_gdp,1968-12-31,2.3919494152069,2026-10-07
AU.gg_interest_gdp.IMF_WEO,AU,gg_interest_gdp,1969-12-31,2.4312810897827,2026-10-07
AU.gg_interest_gdp.IMF_WEO,AU,gg_interest_gdp,1970-12-31,2.4185147285461,2026-10-07
AU.gg_interest_gdp.IMF_WEO,AU,gg_interest_gdp,1971-12-31,2.307225227356,2026-10-07
AU.gg_interest_gdp.IMF_WEO,AU,gg_interest_gdp,1972-12-31,2.3296949863434,2026-10-07
AU.gg_interest_gdp.IMF_WEO,AU,gg_interest_gdp,1973-12-31,2.3388514518738,2026-10-07
AU.gg_interest_gdp.IMF_WEO,AU,gg_interest_gdp,1974-12-31,2.541574716568,2026-10-07
AU.gg_interest_gdp.IMF_WEO,AU,gg_interest_gdp,1975-12-31,2.514416217804,2026-10-07
AU.gg_interest_gdp.IMF_WEO,AU,gg_interest_gdp,1976-12-31,2.8628537654877,2026-10-07
AU.gg_interest_gdp.IMF_WEO,AU,gg_interest_gdp,1977-12-31,2.9278292655945,2026-10-07
AU.gg_interest_gdp.IMF_WEO,AU,gg_interest_gdp,1978-12-31,3.1032068729401,2026-10-07
AU.gg_interest_gdp.IMF_WEO,AU,gg_interest_gdp,1979-12-31,3.2831137180328,2026-10-07
AU.gg_interest_gdp.IMF_WEO,AU,gg_interest_gdp,1980-12-31,3.5321841239929,2026-10-07
AU.gg_interest_gdp.IMF_WEO,AU,gg_interest_gdp,1981-12-31,3.8497428894043,2026-10-07
AU.gg_interest_gdp.IMF_WEO,AU,gg_interest_gdp,1982-12-31,4.1435031890869,2026-10-07
AU.gg_interest_gdp.IMF_WEO,AU,gg_interest_gdp,1983-12-31,4.355046749115,2026-10-07
AU.gg_interest_gdp.IMF_WEO,AU,gg_interest_gdp,1984-12-31,4.8089256286621,2026-10-07
AU.gg_interest_gdp.IMF_WEO,AU,gg_interest_gdp,1985-12-31,5.199896812439,2026-10-07
AU.gg_interest_gdp.IMF_WEO,AU,gg_interest_gdp,1986-12-31,5.3430461883545,2026-10-07
AU.gg_interest_gdp.IMF_WEO,AU,gg_interest_gdp,1987-12-31,4.9331293106079,2026-10-07
AU.gg_interest_gdp.IMF_WEO,AU,gg_interest_gdp,1988-12-31,4.9228377342224,2026-10-07
AU.gg_interest_gdp.IMF_WEO,AU,gg_interest_gdp,1989-12-31,4.6038131713867,2026-10-07
AU.gg_interest_gdp.IMF_WEO,AU,gg_interest_gdp,1990-12-31,4.3004541397095,2026-10-07
AU.gg_interest_gdp.IMF_WEO,AU,gg_interest_gdp,1991-12-31,4.074725151062,2026-10-07
AU.gg_interest_gdp.IMF_WEO,AU,gg_interest_gdp,1992-12-31,3.6657989025116,2026-10-07
AU.gg_interest_gdp.IMF_WEO,AU,gg_interest_gdp,1993-12-31,3.9622068405151,2026-10-07
AU.gg_interest_gdp.IMF_WEO,AU,gg_interest_gdp,1994-12-31,4.1718368530273,2026-10-07
AU.gg_interest_gdp.IMF_WEO,AU,gg_interest_gdp,1995-12-31,4.0107231140137,2026-10-07
AU.gg_interest_gdp.IMF_WEO,AU,gg_interest_gdp,1996-12-31,3.3313465118408,2026-10-07
AU.gg_interest_gdp.IMF_WEO,AU,gg_interest_gdp,1997-12-31,2.7209868431091,2026-10-07
AU.gg_interest_gdp.IMF_WEO,AU,gg_interest_gdp,1998-12-31,2.3472948074341,2026-10-07
AU.gg_interest_gdp.IMF_WEO,AU,gg_interest_gdp,1999-12-31,2.1171021461487,2026-10-07
AU.gg_interest_gdp.IMF_WEO,AU,gg_interest_gdp,2000-12-31,2.009067773819,2026-10-07
AU.gg_interest_gdp.IMF_WEO,AU,gg_interest_gdp,2001-12-31,1.8354907035828,2026-10-07
AU.gg_interest_gdp.IMF_WEO,AU,gg_interest_gdp,2002-12-31,1.7343457937241,2026-10-07
AU.gg_interest_gdp.IMF_WEO,AU,gg_interest_gdp,2003-12-31,1.6231307983398,2026-10-07
AU.gg_interest_gdp.IMF_WEO,AU,gg_interest_gdp,2004-12-31,1.4884322881699,2026-10-07
AU.gg_interest_gdp.IMF_WEO,AU,gg_interest_gdp,2005-12-31,1.3818534612656,2026-10-07
AU.gg_interest_gdp.IMF_WEO,AU,gg_interest_gdp,2006-12-31,1.2959439754486,2026-10-07
AU.gg_interest_gdp.IMF_WEO,AU,gg_interest_gdp,2007-12-31,1.2546359300613,2026-10-07
AU.gg_interest_gdp.IMF_WEO,AU,gg_interest_gdp,2008-12-31,1.276017665863,2026-10-07
AU.gg_interest_gdp.IMF_WEO,AU,gg_interest_gdp,2009-12-31,1.6082766056061,2026-10-07
AU.gg_interest_gdp.IMF_WEO,AU,gg_interest_gdp,2010-12-31,1.2430800199509,2026-10-07
AU.gg_interest_gdp.IMF_WEO,AU,gg_interest_gdp,2011-12-31,1.1830059616853,2026-10-07
AU.gg_interest_gdp.IMF_WEO,AU,gg_interest_gdp,2012-12-31,1.3240902425074,2026-10-07
AU.gg_interest_gdp.IMF_WEO,AU,gg_interest_gdp,2013-12-31,1.3578022336516,2026-10-07
AU.gg_interest_gdp.IMF_WEO,AU,gg_interest_gdp,2014-12-31,1.4189395577536,2026-10-07
AU.gg_interest_gdp.IMF_WEO,AU,gg_interest_gdp,2015-12-31,1.4740397729075,2026-10-07
AU.gg_interest_gdp.IMF_WEO,AU,gg_interest_gdp,2016-12-31,1.439767827275,2026-10-07
AU.gg_interest_gdp.IMF_WEO,AU,gg_interest_gdp,2017-12-31,1.3810013696478,2026-10-07
AU.gg_interest_gdp.IMF_WEO,AU,gg_interest_gdp,2018-12-31,1.3459480604633,2026-10-07
AU.gg_interest_gdp.IMF_WEO,AU,gg_interest_gdp,2019-12-31,1.2825542127093,2026-10-07
AU.gg_interest_gdp.IMF_WEO,AU,gg_interest_gdp,2020-12-31,1.3009786853716,2026-10-07
AU.gg_interest_gdp.IMF_WEO,AU,gg_interest_gdp,2021-12-31,1.2273229581241,2026-10-07
AU.gg_interest_gdp.IMF_WEO,AU,gg_interest_gdp,2022-12-31,1.3040333140406,2026-10-07
AU.gg_interest_gdp.IMF_WEO,AU,gg_interest_gdp,2023-12-31,1.5042938942221,2026-10-07
AU.gg_interest_gdp.IMF_WEO,AU,gg_interest_gdp,2024-12-31,1.7260158089807,2026-10-07
AU.gg_net_lending_gdp.IMF_WEO,AU,gg_net_lending_gdp,1988-12-31,0.5,2026-10-07
AU.gg_net_lending_gdp.IMF_WEO,AU,gg_net_lending_gdp,1989-12-31,0.9,2026-10-07
AU.gg_net_lending_gdp.IMF_WEO,AU,gg_net_lending_gdp,1990-12-31,-0.2,2026-10-07
AU.gg_net_lending_gdp.IMF_WEO,AU,gg_net_lending_gdp,1991-12-31,-2.8,2026-10-07
AU.gg_net_lending_gdp.IMF_WEO,AU,gg_net_lending_gdp,1992-12-31,-4.7,2026-10-07
AU.gg_net_lending_gdp.IMF_WEO,AU,gg_net_lending_gdp,1993-12-31,-4.7,2026-10-07
AU.gg_net_lending_gdp.IMF_WEO,AU,gg_net_lending_gdp,1994-12-31,-3.8,2026-10-07
AU.gg_net_lending_gdp.IMF_WEO,AU,gg_net_lending_gdp,1995-12-31,-2.6,2026-10-07
AU.gg_net_lending_gdp.IMF_WEO,AU,gg_net_lending_gdp,1996-12-31,-1.5,2026-10-07
AU.gg_net_lending_gdp.IMF_WEO,AU,gg_net_lending_gdp,1997-12-31,-0.5,2026-10-07
AU.gg_net_lending_gdp.IMF_WEO,AU,gg_net_lending_gdp,1998-12-31,-0.2,2026-10-07
AU.gg_net_lending_gdp.IMF_WEO,AU,gg_net_lending_gdp,1999-12-31,0.7,2026-10-07
AU.gg_net_lending_gdp.IMF_WEO,AU,gg_net_lending_gdp,2000-12-31,1.2,2026-10-07
AU.gg_net_lending_gdp.IMF_WEO,AU,gg_net_lending_gdp,2001-12-31,0.0,2026-10-07
AU.gg_net_lending_gdp.IMF_WEO,AU,gg_net_lending_gdp,2002-12-31,0.2,2026-10-07
AU.gg_net_lending_gdp.IMF_WEO,AU,gg_net_lending_gdp,2003-12-31,1.0,2026-10-07
AU.gg_net_lending_gdp.IMF_WEO,AU,gg_net_lending_gdp,2004-12-31,1.3,2026-10-07
AU.gg_net_lending_gdp.IMF_WEO,AU,gg_net_lending_gdp,2005-12-31,1.7,2026-10-07
AU.gg_net_lending_gdp.IMF_WEO,AU,gg_net_lending_gdp,2006-12-31,1.8,2026-10-07
AU.gg_net_lending_gdp.IMF_WEO,AU,gg_net_lending_gdp,2007-12-31,1.5,2026-10-07
AU.gg_net_lending_gdp.IMF_WEO,AU,gg_net_lending_gdp,2008-12-31,-1.1,2026-10-07
AU.gg_net_lending_gdp.IMF_WEO,AU,gg_net_lending_gdp,2009-12-31,-4.5,2026-10-07
AU.gg_net_lending_gdp.IMF_WEO,AU,gg_net_lending_gdp,2010-12-31,-5.1,2026-10-07
AU.gg_net_lending_gdp.IMF_WEO,AU,gg_net_lending_gdp,2011-12-31,-4.5,2026-10-07
AU.gg_net_lending_gdp.IMF_WEO,AU,gg_net_lending_gdp,2012-12-31,-3.5,2026-10-07
AU.gg_net_lending_gdp.IMF_WEO,AU,gg_net_lending_gdp,2013-12-31,-2.8,2026-10-07
AU.gg_net_lending_gdp.IMF_WEO,AU,gg_net_lending_gdp,2014-12-31,-2.9,2026-10-07
AU.gg_net_lending_gdp.IMF_WEO,AU,gg_net_lending_gdp,2015-12-31,-2.8,2026-10-07
AU.gg_net_lending_gdp.IMF_WEO,AU,gg_net_lending_gdp,2016-12-31,-2.4,2026-10-07
AU.gg_net_lending_gdp.IMF_WEO,AU,gg_net_lending_gdp,2017-12-31,-1.7,2026-10-07
AU.gg_net_lending_gdp.IMF_WEO,AU,gg_net_lending_gdp,2018-12-31,-1.3,2026-10-07
AU.gg_net_lending_gdp.IMF_WEO,AU,gg_net_lending_gdp,2019-12-31,-4.4,2026-10-07
AU.gg_net_lending_gdp.IMF_WEO,AU,gg_net_lending_gdp,2020-12-31,-8.7,2026-10-07
AU.gg_net_lending_gdp.IMF_WEO,AU,gg_net_lending_gdp,2021-12-31,-6.4,2026-10-07
AU.gg_net_lending_gdp.IMF_WEO,AU,gg_net_lending_gdp,2022-12-31,-2.2,2026-10-07
AU.gg_net_lending_gdp.IMF_WEO,AU,gg_net_lending_gdp,2023-12-31,-1.3,2026-10-07
AU.gg_net_lending_gdp.IMF_WEO,AU,gg_net_lending_gdp,2024-12-31,-2.3,2026-10-07
AU.gg_net_lending_gdp.IMF_WEO,AU,gg_net_lending_gdp,2025-12-31,-2.8,2026-10-07
AU.gg_revenue_gdp.IMF_WEO,AU,gg_revenue_gdp,1901-12-31,2.6252999305725,2026-10-07
AU.gg_revenue_gdp.IMF_WEO,AU,gg_revenue_gdp,1902-12-31,2.7026998996735,2026-10-07
AU.gg_revenue_gdp.IMF_WEO,AU,gg_revenue_gdp,1903-12-31,2.8037400245667,2026-10-07
AU.gg_revenue_gdp.IMF_WEO,AU,gg_revenue_gdp,1904-12-31,2.4553599357605,2026-10-07
AU.gg_revenue_gdp.IMF_WEO,AU,gg_revenue_gdp,1905-12-31,2.7026998996735,2026-10-07
AU.gg_revenue_gdp.IMF_WEO,AU,gg_revenue_gdp,1906-12-31,2.7139899730682,2026-10-07
AU.gg_revenue_gdp.IMF_WEO,AU,gg_revenue_gdp,1907-12-31,2.7829298973083,2026-10-07
AU.gg_revenue_gdp.IMF_WEO,AU,gg_revenue_gdp,1908-12-31,2.611939907074,2026-10-07
AU.gg_revenue_gdp.IMF_WEO,AU,gg_revenue_gdp,1909-12-31,2.7923200130463,2026-10-07
AU.gg_revenue_gdp.IMF_WEO,AU,gg_revenue_gdp,1910-12-31,3.0497601032257,2026-10-07
AU.gg_revenue_gdp.IMF_WEO,AU,gg_revenue_gdp,1911-12-31,3.0701699256897,2026-10-07
AU.gg_revenue_gdp.IMF_WEO,AU,gg_revenue_gdp,1912-12-31,2.997279882431,2026-10-07
AU.gg_revenue_gdp.IMF_WEO,AU,gg_revenue_gdp,1913-12-31,2.7431399822235,2026-10-07
AU.gg_revenue_gdp.IMF_WEO,AU,gg_revenue_gdp,1914-12-31,2.5462999343872,2026-10-07
AU.gg_revenue_gdp.IMF_WEO,AU,gg_revenue_gdp,1915-12-31,3.6992800235748,2026-10-07
AU.gg_revenue_gdp.IMF_WEO,AU,gg_revenue_gdp,1916-12-31,3.5087699890137,2026-10-07
AU.gg_revenue_gdp.IMF_WEO,AU,gg_revenue_gdp,1917-12-31,3.6203498840332,2026-10-07
AU.gg_revenue_gdp.IMF_WEO,AU,gg_revenue_gdp,1918-12-31,4.2372899055481,2026-10-07
AU.gg_revenue_gdp.IMF_WEO,AU,gg_revenue_gdp,1919-12-31,4.6288199424744,2026-10-07
AU.gg_revenue_gdp.IMF_WEO,AU,gg_revenue_gdp,1920-12-31,5.2673602104187,2026-10-07
AU.gg_revenue_gdp.IMF_WEO,AU,gg_revenue_gdp,1921-12-31,4.6309700012207,2026-10-07
AU.gg_revenue_gdp.IMF_WEO,AU,gg_revenue_gdp,1922-12-31,4.6444101333618,2026-10-07
AU.gg_revenue_gdp.IMF_WEO,AU,gg_revenue_gdp,1923-12-31,4.3046398162842,2026-10-07
AU.gg_revenue_gdp.IMF_WEO,AU,gg_revenue_gdp,1924-12-31,4.3339700698853,2026-10-07
AU.gg_revenue_gdp.IMF_WEO,AU,gg_revenue_gdp,1925-12-31,4.0650401115417,2026-10-07
AU.gg_revenue_gdp.IMF_WEO,AU,gg_revenue_gdp,1926-12-31,4.5810699462891,2026-10-07
AU.gg_revenue_gdp.IMF_WEO,AU,gg_revenue_gdp,1927-12-31,4.2799301147461,2026-10-07
AU.gg_revenue_gdp.IMF_WEO,AU,gg_revenue_gdp,1928-12-31,4.3128199577332,2026-10-07
AU.gg_revenue_gdp.IMF_WEO,AU,gg_revenue_gdp,1929-12-31,4.4976601600647,2026-10-07
AU.gg_revenue_gdp.IMF_WEO,AU,gg_revenue_gdp,1930-12-31,4.4699897766113,2026-10-07
AU.gg_revenue_gdp.IMF_WEO,AU,gg_revenue_gdp,1931-12-31,5.594409942627,2026-10-07
AU.gg_revenue_gdp.IMF_WEO,AU,gg_revenue_gdp,1932-12-31,6.1156997680664,2026-10-07
AU.gg_revenue_gdp.IMF_WEO,AU,gg_revenue_gdp,1933-12-31,5.8544301986694,2026-10-07
AU.gg_revenue_gdp.IMF_WEO,AU,gg_revenue_gdp,1934-12-31,5.6784701347351,2026-10-07
AU.gg_revenue_gdp.IMF_WEO,AU,gg_revenue_gdp,1935-12-31,5.7262601852417,2026-10-07
AU.gg_revenue_gdp.IMF_WEO,AU,gg_revenue_gdp,1936-12-31,5.2731900215149,2026-10-07
AU.gg_revenue_gdp.IMF_WEO,AU,gg_revenue_gdp,1937-12-31,5.1834602355957,2026-10-07
AU.gg_revenue_gdp.IMF_WEO,AU,gg_revenue_gdp,1938-12-31,5.115779876709,2026-10-07
AU.gg_revenue_gdp.IMF_WEO,AU,gg_revenue_gdp,1939-12-31,6.1572299003601,2026-10-07
AU.gg_revenue_gdp.IMF_WEO,AU,gg_revenue_gdp,1940-12-31,7.5757598876953,2026-10-07
AU.gg_revenue_gdp.IMF_WEO,AU,gg_revenue_gdp,1941-12-31,9.7902097702026,2026-10-07
AU.gg_revenue_gdp.IMF_WEO,AU,gg_revenue_gdp,1942-12-31,11.77410030365,2026-10-07
AU.gg_revenue_gdp.IMF_WEO,AU,gg_revenue_gdp,1943-12-31,11.966400146484,2026-10-07
AU.gg_revenue_gdp.IMF_WEO,AU,gg_revenue_gdp,1944-12-31,12.977600097656,2026-10-07
AU.gg_revenue_gdp.IMF_WEO,AU,gg_revenue_gdp,1945-12-31,13.757900238037,2026-10-07
AU.gg_revenue_gdp.IMF_WEO,AU,gg_revenue_gdp,1946-12-31,14.68480014801,2026-10-07
AU.gg_revenue_gdp.IMF_WEO,AU,gg_revenue_gdp,1947-12-31,14.931099891663,2026-10-07
AU.gg_revenue_gdp.IMF_WEO,AU,gg_revenue_gdp,1948-12-31,14.785200119019,2026-10-07
AU.gg_revenue_gdp.IMF_WEO,AU,gg_revenue_gdp,1949-12-31,13.436599731445,2026-10-07
AU.gg_revenue_gdp.IMF_WEO,AU,gg_revenue_gdp,1950-12-31,16.513000488281,2026-10-07
AU.gg_revenue_gdp.IMF_WEO,AU,gg_revenue_gdp,1951-12-31,15.015500068665,2026-10-07
AU.gg_revenue_gdp.IMF_WEO,AU,gg_revenue_gdp,1952-12-31,14.31130027771,2026-10-07
AU.gg_revenue_gdp.IMF_WEO,AU,gg_revenue_gdp,1953-12-31,12.409000396729,2026-10-07
AU.gg_revenue_gdp.IMF_WEO,AU,gg_revenue_gdp,1954-12-31,11.838500022888,2026-10-07
AU.gg_revenue_gdp.IMF_WEO,AU,gg_revenue_gdp,1955-12-31,11.850500106812,2026-10-07
AU.gg_revenue_gdp.IMF_WEO,AU,gg_revenue_gdp,1956-12-31,12.609299659729,2026-10-07
AU.gg_revenue_gdp.IMF_WEO,AU,gg_revenue_gdp,1957-12-31,11.683699607849,2026-10-07
AU.gg_revenue_gdp.IMF_WEO,AU,gg_revenue_gdp,1958-12-31,11.684499740601,2026-10-07
AU.gg_revenue_gdp.IMF_WEO,AU,gg_revenue_gdp,1959-12-31,11.230699539185,2026-10-07
AU.gg_revenue_gdp.IMF_WEO,AU,gg_revenue_gdp,1960-12-31,22.29252243042,2026-10-07
AU.gg_revenue_gdp.IMF_WEO,AU,gg_revenue_gdp,1961-12-31,22.564102172852,2026-10-07
AU.gg_revenue_gdp.IMF_WEO,AU,gg_revenue_gdp,1962-12-31,22.327011108398,2026-10-07
AU.gg_revenue_gdp.IMF_WEO,AU,gg_revenue_gdp,1963-12-31,22.705200195312,2026-10-07
AU.gg_revenue_gdp.IMF_WEO,AU,gg_revenue_gdp,1964-12-31,23.696825027466,2026-10-07
AU.gg_revenue_gdp.IMF_WEO,AU,gg_revenue_gdp,1965-12-31,24.373201370239,2026-10-07
AU.gg_revenue_gdp.IMF_WEO,AU,gg_revenue_gdp,1966-12-31,23.862546920776,2026-10-07
AU.gg_revenue_gdp.IMF_WEO,AU,gg_revenue_gdp,1967-12-31,24.725614547729,2026-10-07
AU.gg_revenue_gdp.IMF_WEO,AU,gg_revenue_gdp,1968-12-31,24.58324432373,2026-10-07
AU.gg_revenue_gdp.IMF_WEO,AU,gg_revenue_gdp,1969-12-31,25.240821838379,2026-10-07
AU.gg_revenue_gdp.IMF_WEO,AU,gg_revenue_gdp,1970-12-31,25.083097457886,2026-10-07
AU.gg_revenue_gdp.IMF_WEO,AU,gg_revenue_gdp,1971-12-31,25.817985534668,2026-10-07
AU.gg_revenue_gdp.IMF_WEO,AU,gg_revenue_gdp,1972-12-31,26.054794311523,2026-10-07
AU.gg_revenue_gdp.IMF_WEO,AU,gg_revenue_gdp,1973-12-31,26.752479553223,2026-10-07
AU.gg_revenue_gdp.IMF_WEO,AU,gg_revenue_gdp,1974-12-31,28.447923660278,2026-10-07
AU.gg_revenue_gdp.IMF_WEO,AU,gg_revenue_gdp,1975-12-31,29.559106826782,2026-10-07
AU.gg_revenue_gdp.IMF_WEO,AU,gg_revenue_gdp,1976-12-31,29.845510482788,2026-10-07
AU.gg_revenue_gdp.IMF_WEO,AU,gg_revenue_gdp,1977-12-31,29.697778701782,2026-10-07
AU.gg_revenue_gdp.IMF_WEO,AU,gg_revenue_gdp,1978-12-31,29.020044326782,2026-10-07
AU.gg_revenue_gdp.IMF_WEO,AU,gg_revenue_gdp,1979-12-31,30.195722579956,2026-10-07
AU.gg_revenue_gdp.IMF_WEO,AU,gg_revenue_gdp,1980-12-31,30.338973999023,2026-10-07
AU.gg_revenue_gdp.IMF_WEO,AU,gg_revenue_gdp,1981-12-31,30.143041610718,2026-10-07
AU.gg_revenue_gdp.IMF_WEO,AU,gg_revenue_gdp,1982-12-31,31.467584609985,2026-10-07
AU.gg_revenue_gdp.IMF_WEO,AU,gg_revenue_gdp,1983-12-31,31.387308120728,2026-10-07
AU.gg_revenue_gdp.IMF_WEO,AU,gg_revenue_gdp,1984-12-31,32.935386657715,2026-10-07
AU.gg_revenue_gdp.IMF_WEO,AU,gg_revenue_gdp,1985-12-31,33.497207641602,2026-10-07
AU.gg_revenue_gdp.IMF_WEO,AU,gg_revenue_gdp,1986-12-31,34.911567687988,2026-10-07
AU.gg_revenue_gdp.IMF_WEO,AU,gg_revenue_gdp,1987-12-31,34.382789611816,2026-10-07
AU.gg_revenue_gdp.IMF_WEO,AU,gg_revenue_gdp,1988-12-31,33.833438873291,2026-10-07
AU.gg_revenue_gdp.IMF_WEO,AU,gg_revenue_gdp,1989-12-31,33.168605804443,2026-10-07
AU.gg_revenue_gdp.IMF_WEO,AU,gg_revenue_gdp,1990-12-31,32.939670562744,2026-10-07
AU.gg_revenue_gdp.IMF_WEO,AU,gg_revenue_gdp,1991-12-31,32.171455383301,2026-10-07
AU.gg_revenue_gdp.IMF_WEO,AU,gg_revenue_gdp,1992-12-31,31.685066223145,2026-10-07
AU.gg_revenue_gdp.IMF_WEO,AU,gg_revenue_gdp,1993-12-31,33.290622711182,2026-10-07
AU.gg_revenue_gdp.IMF_WEO,AU,gg_revenue_gdp,1994-12-31,33.378925323486,2026-10-07
AU.gg_revenue_gdp.IMF_WEO,AU,gg_revenue_gdp,1995-12-31,33.701210021973,2026-10-07
AU.gg_revenue_gdp.IMF_WEO,AU,gg_revenue_gdp,1996-12-31,34.554260253906,2026-10-07
AU.gg_revenue_gdp.IMF_WEO,AU,gg_revenue_gdp,1997-12-31,34.673748016357,2026-10-07
AU.gg_revenue_gdp.IMF_WEO,AU,gg_revenue_gdp,1998-12-31,35.371440887451,2026-10-07
AU.gg_revenue_gdp.IMF_WEO,AU,gg_revenue_gdp,1999-12-31,36.219577789307,2026-10-07
AU.gg_revenue_gdp.IMF_WEO,AU,gg_revenue_gdp,2000-12-31,34.910278320312,2026-10-07
AU.gg_revenue_gdp.IMF_WEO,AU,gg_revenue_gdp,2001-12-31,34.991680145264,2026-10-07
AU.gg_revenue_gdp.IMF_WEO,AU,gg_revenue_gdp,2002-12-31,35.525310516357,2026-10-07
AU.gg_revenue_gdp.IMF_WEO,AU,gg_revenue_gdp,2003-12-31,35.509605407715,2026-10-07
AU.gg_revenue_gdp.IMF_WEO,AU,gg_revenue_gdp,2004-12-31,35.785785675049,2026-10-07
AU.gg_revenue_gdp.IMF_WEO,AU,gg_revenue_gdp,2005-12-31,35.510288238525,2026-10-07
AU.gg_revenue_gdp.IMF_WEO,AU,gg_revenue_gdp,2006-12-31,35.025379180908,2026-10-07
AU.gg_revenue_gdp.IMF_WEO,AU,gg_revenue_gdp,2007-12-31,35.121555328369,2026-10-07
AU.gg_revenue_gdp.IMF_WEO,AU,gg_revenue_gdp,2008-12-31,32.835948944092,2026-10-07
AU.gg_revenue_gdp.IMF_WEO,AU,gg_revenue_gdp,2009-12-31,31.645999908447,2026-10-07
AU.gg_revenue_gdp.IMF_WEO,AU,gg_revenue_gdp,2010-12-31,32.512699127197,2026-10-07
AU.gg_revenue_gdp.IMF_WEO,AU,gg_revenue_gdp,2011-12-31,31.78260043359,2026-10-07
AU.gg_revenue_gdp.IMF_WEO,AU,gg_revenue_gdp,2012-12-31,33.002280537064,2026-10-07
AU.gg_revenue_gdp.IMF_WEO,AU,gg_revenue_gdp,2013-12-31,33.555141680387,2026-10-07
AU.gg_revenue_gdp.IMF_WEO,AU,gg_revenue_gdp,2014-12-31,33.829578552987,2026-10-07
AU.gg_revenue_gdp.IMF_WEO,AU,gg_revenue_gdp,2015-12-31,34.476135523584,2026-10-07
AU.gg_revenue_gdp.IMF_WEO,AU,gg_revenue_gdp,2016-12-31,34.868622216776,2026-10-07
AU.gg_revenue_gdp.IMF_WEO,AU,gg_revenue_gdp,2017-12-31,35.059180221109,2026-10-07
AU.gg_revenue_gdp.IMF_WEO,AU,gg_revenue_gdp,2018-12-31,35.615478706247,2026-10-07
AU.gg_revenue_gdp.IMF_WEO,AU,gg_revenue_gdp,2019-12-31,34.50417970106,2026-10-07
AU.gg_revenue_gdp.IMF_WEO,AU,gg_revenue_gdp,2020-12-31,35.71081863819,2026-10-07
AU.gg_revenue_gdp.IMF_WEO,AU,gg_revenue_gdp,2021-12-31,35.403358277058,2026-10-07
AU.gg_revenue_gdp.IMF_WEO,AU,gg_revenue_gdp,2022-12-31,35.347855664398,2026-10-07
AU.gg_revenue_gdp.IMF_WEO,AU,gg_revenue_gdp,2023-12-31,36.293422591997,2026-10-07
AU.gg_revenue_gdp.IMF_WEO,AU,gg_revenue_gdp,2024-12-31,36.695205913017,2026-10-07
AU.rgdp_growth.IMF_WEO,AU,rgdp_growth,1980-12-31,2.9,2026-10-07
AU.rgdp_growth.IMF_WEO,AU,rgdp_growth,1981-12-31,4.1,2026-10-07
AU.rgdp_growth.IMF_WEO,AU,rgdp_growth,1982-12-31,0.1,2026-10-07
AU.rgdp_growth.IMF_WEO,AU,rgdp_growth,1983-12-31,-0.5,2026-10-07
AU.rgdp_growth.IMF_WEO,AU,rgdp_growth,1984-12-31,6.3,2026-10-07
AU.rgdp_growth.IMF_WEO,AU,rgdp_growth,1985-12-31,5.5,2026-10-07
AU.rgdp_growth.IMF_WEO,AU,rgdp_growth,1986-12-31,2.4,2026-10-07
AU.rgdp_growth.IMF_WEO,AU,rgdp_growth,1987-12-31,4.9,2026-10-07
AU.rgdp_growth.IMF_WEO,AU,rgdp_growth,1988-12-31,4.3,2026-10-07
AU.rgdp_growth.IMF_WEO,AU,rgdp_growth,1989-12-31,4.6,2026-10-07
AU.rgdp_growth.IMF_WEO,AU,rgdp_growth,1990-12-31,1.5,2026-10-07
AU.rgdp_growth.IMF_WEO,AU,rgdp_growth,1991-12-31,-1.0,2026-10-07
AU.rgdp_growth.IMF_WEO,AU,rgdp_growth,1992-12-31,2.6,2026-10-07
AU.rgdp_growth.IMF_WEO,AU,rgdp_growth,1993-12-31,3.9,2026-10-07
AU.rgdp_growth.IMF_WEO,AU,rgdp_growth,1994-12-31,4.9,2026-10-07
AU.rgdp_growth.IMF_WEO,AU,rgdp_growth,1995-12-31,3.0,2026-10-07
AU.rgdp_growth.IMF_WEO,AU,rgdp_growth,1996-12-31,4.0,2026-10-07
AU.rgdp_growth.IMF_WEO,AU,rgdp_growth,1997-12-31,4.7,2026-10-07
AU.rgdp_growth.IMF_WEO,AU,rgdp_growth,1998-12-31,4.7,2026-10-07
AU.rgdp_growth.IMF_WEO,AU,rgdp_growth,1999-12-31,4.4,2026-10-07
AU.rgdp_growth.IMF_WEO,AU,rgdp_growth,2000-12-31,3.1,2026-10-07
AU.rgdp_growth.IMF_WEO,AU,rgdp_growth,2001-12-31,2.6,2026-10-07
AU.rgdp_growth.IMF_WEO,AU,rgdp_growth,2002-12-31,4.1,2026-10-07
AU.rgdp_growth.IMF_WEO,AU,rgdp_growth,2003-12-31,3.0,2026-10-07
AU.rgdp_growth.IMF_WEO,AU,rgdp_growth,2004-12-31,4.1,2026-10-07
AU.rgdp_growth.IMF_WEO,AU,rgdp_growth,2005-12-31,3.0,2026-10-07
AU.rgdp_growth.IMF_WEO,AU,rgdp_growth,2006-12-31,2.6,2026-10-07
AU.rgdp_growth.IMF_WEO,AU,rgdp_growth,2007-12-31,4.4,2026-10-07
AU.rgdp_growth.IMF_WEO,AU,rgdp_growth,2008-12-31,2.7,2026-10-07
AU.rgdp_growth.IMF_WEO,AU,rgdp_growth,2009-12-31,2.0,2026-10-07
AU.rgdp_growth.IMF_WEO,AU,rgdp_growth,2010-12-31,2.4,2026-10-07
AU.rgdp_growth.IMF_WEO,AU,rgdp_growth,2011-12-31,2.8,2026-10-07
AU.rgdp_growth.IMF_WEO,AU,rgdp_growth,2012-12-31,3.9,2026-10-07
AU.rgdp_growth.IMF_WEO,AU,rgdp_growth,2013-12-31,2.2,2026-10-07
AU.rgdp_growth.IMF_WEO,AU,rgdp_growth,2014-12-31,2.6,2026-10-07
AU.rgdp_growth.IMF_WEO,AU,rgdp_growth,2015-12-31,2.3,2026-10-07
AU.rgdp_growth.IMF_WEO,AU,rgdp_growth,2016-12-31,2.7,2026-10-07
AU.rgdp_growth.IMF_WEO,AU,rgdp_growth,2017-12-31,2.4,2026-10-07
AU.rgdp_growth.IMF_WEO,AU,rgdp_growth,2018-12-31,2.8,2026-10-07
AU.rgdp_growth.IMF_WEO,AU,rgdp_growth,2019-12-31,2.0,2026-10-07
AU.rgdp_growth.IMF_WEO,AU,rgdp_growth,2020-12-31,-2.0,2026-10-07
AU.rgdp_growth.IMF_WEO,AU,rgdp_growth,2021-12-31,5.4,2026-10-07
AU.rgdp_growth.IMF_WEO,AU,rgdp_growth,2022-12-31,4.2,2026-10-07
AU.rgdp_growth.IMF_WEO,AU,rgdp_growth,2023-12-31,2.1,2026-10-07
AU.rgdp_growth.IMF_WEO,AU,rgdp_growth,2024-12-31,1.0,2026-10-07
AU.rgdp_growth.IMF_WEO,AU,rgdp_growth,2025-12-31,2.0,2026-10-07
BR.cpi_yoy.IMF_WEO,BR,cpi_yoy,1980-12-31,90.2,2026-10-07
BR.cpi_yoy.IMF_WEO,BR,cpi_yoy,1981-12-31,101.7,2026-10-07
BR.cpi_yoy.IMF_WEO,BR,cpi_yoy,1982-12-31,100.6,2026-10-07
BR.cpi_yoy.IMF_WEO,BR,cpi_yoy,1983-12-31,135.0,2026-10-07
BR.cpi_yoy.IMF_WEO,BR,cpi_yoy,1984-12-31,192.1,2026-10-07
BR.cpi_yoy.IMF_WEO,BR,cpi_yoy,1985-12-31,226.0,2026-10-07
BR.cpi_yoy.IMF_WEO,BR,cpi_yoy,1986-12-31,147.1,2026-10-07
BR.cpi_yoy.IMF_WEO,BR,cpi_yoy,1987-12-31,228.3,2026-10-07
BR.cpi_yoy.IMF_WEO,BR,cpi_yoy,1988-12-31,629.1,2026-10-07
BR.cpi_yoy.IMF_WEO,BR,cpi_yoy,1989-12-31,1430.7,2026-10-07
BR.cpi_yoy.IMF_WEO,BR,cpi_yoy,1990-12-31,2947.7,2026-10-07
BR.cpi_yoy.IMF_WEO,BR,cpi_yoy,1991-12-31,432.8,2026-10-07
BR.cpi_yoy.IMF_WEO,BR,cpi_yoy,1992-12-31,952.0,2026-10-07
BR.cpi_yoy.IMF_WEO,BR,cpi_yoy,1993-12-31,1927.4,2026-10-07
BR.cpi_yoy.IMF_WEO,BR,cpi_yoy,1994-12-31,2075.8,2026-10-07
BR.cpi_yoy.IMF_WEO,BR,cpi_yoy,1995-12-31,66.0,2026-10-07
BR.cpi_yoy.IMF_WEO,BR,cpi_yoy,1996-12-31,15.8,2026-10-07
BR.cpi_yoy.IMF_WEO,BR,cpi_yoy,1997-12-31,6.9,2026-10-07
BR.cpi_yoy.IMF_WEO,BR,cpi_yoy,1998-12-31,3.2,2026-10-07
BR.cpi_yoy.IMF_WEO,BR,cpi_yoy,1999-12-31,4.9,2026-10-07
BR.cpi_yoy.IMF_WEO,BR,cpi_yoy,2000-12-31,7.0,2026-10-07
BR.cpi_yoy.IMF_WEO,BR,cpi_yoy,2001-12-31,6.8,2026-10-07
BR.cpi_yoy.IMF_WEO,BR,cpi_yoy,2002-12-31,8.4,2026-10-07
BR.cpi_yoy.IMF_WEO,BR,cpi_yoy,2003-12-31,14.7,2026-10-07
BR.cpi_yoy.IMF_WEO,BR,cpi_yoy,2004-12-31,6.6,2026-10-07
BR.cpi_yoy.IMF_WEO,BR,cpi_yoy,2005-12-31,6.9,2026-10-07
BR.cpi_yoy.IMF_WEO,BR,cpi_yoy,2006-12-31,4.2,2026-10-07
BR.cpi_yoy.IMF_WEO,BR,cpi_yoy,2007-12-31,3.6,2026-10-07
BR.cpi_yoy.IMF_WEO,BR,cpi_yoy,2008-12-31,5.7,2026-10-07
BR.cpi_yoy.IMF_WEO,BR,cpi_yoy,2009-12-31,4.9,2026-10-07
BR.cpi_yoy.IMF_WEO,BR,cpi_yoy,2010-12-31,5.0,2026-10-07
BR.cpi_yoy.IMF_WEO,BR,cpi_yoy,2011-12-31,6.6,2026-10-07
BR.cpi_yoy.IMF_WEO,BR,cpi_yoy,2012-12-31,5.4,2026-10-07
BR.cpi_yoy.IMF_WEO,BR,cpi_yoy,2013-12-31,6.2,2026-10-07
BR.cpi_yoy.IMF_WEO,BR,cpi_yoy,2014-12-31,6.3,2026-10-07
BR.cpi_yoy.IMF_WEO,BR,cpi_yoy,2015-12-31,9.0,2026-10-07
BR.cpi_yoy.IMF_WEO,BR,cpi_yoy,2016-12-31,8.7,2026-10-07
BR.cpi_yoy.IMF_WEO,BR,cpi_yoy,2017-12-31,3.4,2026-10-07
BR.cpi_yoy.IMF_WEO,BR,cpi_yoy,2018-12-31,3.7,2026-10-07
BR.cpi_yoy.IMF_WEO,BR,cpi_yoy,2019-12-31,3.7,2026-10-07
BR.cpi_yoy.IMF_WEO,BR,cpi_yoy,2020-12-31,3.2,2026-10-07
BR.cpi_yoy.IMF_WEO,BR,cpi_yoy,2021-12-31,8.3,2026-10-07
BR.cpi_yoy.IMF_WEO,BR,cpi_yoy,2022-12-31,9.3,2026-10-07
BR.cpi_yoy.IMF_WEO,BR,cpi_yoy,2023-12-31,4.6,2026-10-07
BR.cpi_yoy.IMF_WEO,BR,cpi_yoy,2024-12-31,4.4,2026-10-07
BR.cpi_yoy.IMF_WEO,BR,cpi_yoy,2025-12-31,5.0,2026-10-07
BR.gg_debt_gdp.IMF_WEO,BR,gg_debt_gdp,2000-12-31,62.2,2026-10-07
BR.gg_debt_gdp.IMF_WEO,BR,gg_debt_gdp,2001-12-31,67.3,2026-10-07
BR.gg_debt_gdp.IMF_WEO,BR,gg_debt_gdp,2002-12-31,76.1,2026-10-07
BR.gg_debt_gdp.IMF_WEO,BR,gg_debt_gdp,2003-12-31,71.5,2026-10-07
BR.gg_debt_gdp.IMF_WEO,BR,gg_debt_gdp,2004-12-31,68.0,2026-10-07
BR.gg_debt_gdp.IMF_WEO,BR,gg_debt_gdp,2005-12-31,67.0,2026-10-07
BR.gg_debt_gdp.IMF_WEO,BR,gg_debt_gdp,2006-12-31,64.6,2026-10-07
BR.gg_debt_gdp.IMF_WEO,BR,gg_debt_gdp,2007-12-31,63.0,2026-10-07
BR.gg_debt_gdp.IMF_WEO,BR,gg_debt_gdp,2008-12-31,61.4,2026-10-07
BR.gg_debt_gdp.IMF_WEO,BR,gg_debt_gdp,2009-12-31,64.7,2026-10-07
BR.gg_debt_gdp.IMF_WEO,BR,gg_debt_gdp,2010-12-31,62.4,2026-10-07
BR.gg_debt_gdp.IMF_WEO,BR,gg_debt_gdp,2011-12-31,60.6,2026-10-07
BR.gg_debt_gdp.IMF_WEO,BR,gg_debt_gdp,2012-12-31,61.6,2026-10-07
BR.gg_debt_gdp.IMF_WEO,BR,gg_debt_gdp,2013-12-31,59.6,2026-10-07
BR.gg_debt_gdp.IMF_WEO,BR,gg_debt_gdp,2014-12-31,61.6,2026-10-07
BR.gg_debt_gdp.IMF_WEO,BR,gg_debt_gdp,2015-12-31,71.7,2026-10-07
BR.gg_debt_gdp.IMF_WEO,BR,gg_debt_gdp,2016-12-31,77.4,2026-10-07
BR.gg_debt_gdp.IMF_WEO,BR,gg_debt_gdp,2017-12-31,82.7,2026-10-07
BR.gg_debt_gdp.IMF_WEO,BR,gg_debt_gdp,2018-12-31,84.8,2026-10-07
BR.gg_debt_gdp.IMF_WEO,BR,gg_debt_gdp,2019-12-31,87.1,2026-10-07
BR.gg_debt_gdp.IMF_WEO,BR,gg_debt_gdp,2020-12-31,96.0,2026-10-07
BR.gg_debt_gdp.IMF_WEO,BR,gg_debt_gdp,2021-12-31,88.9,2026-10-07
BR.gg_debt_gdp.IMF_WEO,BR,gg_debt_gdp,2022-12-31,83.9,2026-10-07
BR.gg_debt_gdp.IMF_WEO,BR,gg_debt_gdp,2023-12-31,84.0,2026-10-07
BR.gg_debt_gdp.IMF_WEO,BR,gg_debt_gdp,2024-12-31,87.0,2026-10-07
BR.gg_debt_gdp.IMF_WEO,BR,gg_debt_gdp,2025-12-31,93.3,2026-10-07
BR.gg_interest_gdp.IMF_WEO,BR,gg_interest_gdp,1881-12-31,8.4215497970581,2026-10-07
BR.gg_interest_gdp.IMF_WEO,BR,gg_interest_gdp,1882-12-31,8.4868402481079,2026-10-07
BR.gg_interest_gdp.IMF_WEO,BR,gg_interest_gdp,1883-12-31,7.4794201850891,2026-10-07
BR.gg_interest_gdp.IMF_WEO,BR,gg_interest_gdp,1884-12-31,9.4753704071045,2026-10-07
BR.gg_interest_gdp.IMF_WEO,BR,gg_interest_gdp,1885-12-31,8.4720602035522,2026-10-07
BR.gg_interest_gdp.IMF_WEO,BR,gg_interest_gdp,1886-12-31,9.2474699020386,2026-10-07
BR.gg_interest_gdp.IMF_WEO,BR,gg_interest_gdp,1887-12-31,9.3471603393555,2026-10-07
BR.gg_interest_gdp.IMF_WEO,BR,gg_interest_gdp,1888-12-31,7.8971900939941,2026-10-07
BR.gg_interest_gdp.IMF_WEO,BR,gg_interest_gdp,1889-12-31,8.0013599395752,2026-10-07
BR.gg_interest_gdp.IMF_WEO,BR,gg_interest_gdp,1890-12-31,6.8681597709656,2026-10-07
BR.gg_interest_gdp.IMF_WEO,BR,gg_interest_gdp,1891-12-31,4.58758020401,2026-10-07
BR.gg_interest_gdp.IMF_WEO,BR,gg_interest_gdp,1892-12-31,4.5304598808289,2026-10-07
BR.gg_interest_gdp.IMF_WEO,BR,gg_interest_gdp,1893-12-31,3.7675499916077,2026-10-07
BR.gg_interest_gdp.IMF_WEO,BR,gg_interest_gdp,1894-12-31,3.8730499744415,2026-10-07
BR.gg_interest_gdp.IMF_WEO,BR,gg_interest_gdp,1895-12-31,4.089280128479,2026-10-07
BR.gg_interest_gdp.IMF_WEO,BR,gg_interest_gdp,1896-12-31,4.5642800331116,2026-10-07
BR.gg_interest_gdp.IMF_WEO,BR,gg_interest_gdp,1897-12-31,4.8701901435852,2026-10-07
BR.gg_interest_gdp.IMF_WEO,BR,gg_interest_gdp,1898-12-31,4.5247402191162,2026-10-07
BR.gg_interest_gdp.IMF_WEO,BR,gg_interest_gdp,1899-12-31,4.1057000160217,2026-10-07
BR.gg_interest_gdp.IMF_WEO,BR,gg_interest_gdp,1900-12-31,2.732029914856,2026-10-07
BR.gg_interest_gdp.IMF_WEO,BR,gg_interest_gdp,1901-12-31,2.8342099189758,2026-10-07
BR.gg_interest_gdp.IMF_WEO,BR,gg_interest_gdp,1902-12-31,2.7683899402618,2026-10-07
BR.gg_interest_gdp.IMF_WEO,BR,gg_interest_gdp,1903-12-31,3.1857299804688,2026-10-07
BR.gg_interest_gdp.IMF_WEO,BR,gg_interest_gdp,1904-12-31,3.9880399703979,2026-10-07
BR.gg_interest_gdp.IMF_WEO,BR,gg_interest_gdp,1905-12-31,3.0045499801636,2026-10-07
BR.gg_interest_gdp.IMF_WEO,BR,gg_interest_gdp,1906-12-31,2.8323800563812,2026-10-07
BR.gg_interest_gdp.IMF_WEO,BR,gg_interest_gdp,1907-12-31,2.7658400535583,2026-10-07
BR.gg_interest_gdp.IMF_WEO,BR,gg_interest_gdp,1908-12-31,2.3478899002075,2026-10-07
BR.gg_interest_gdp.IMF_WEO,BR,gg_interest_gdp,1909-12-31,2.5207901000977,2026-10-07
BR.gg_interest_gdp.IMF_WEO,BR,gg_interest_gdp,1910-12-31,1.9791699647903,2026-10-07
BR.gg_interest_gdp.IMF_WEO,BR,gg_interest_gdp,1911-12-31,2.0593099594116,2026-10-07
BR.gg_interest_gdp.IMF_WEO,BR,gg_interest_gdp,1912-12-31,2.0726699829102,2026-10-07
BR.gg_interest_gdp.IMF_WEO,BR,gg_interest_gdp,1913-12-31,2.4055600166321,2026-10-07
BR.gg_interest_gdp.IMF_WEO,BR,gg_interest_gdp,1928-12-31,1.6889300346375,2026-10-07
BR.gg_interest_gdp.IMF_WEO,BR,gg_interest_gdp,1929-12-31,1.8156000375748,2026-10-07
BR.gg_interest_gdp.IMF_WEO,BR,gg_interest_gdp,1930-12-31,2.2004499435425,2026-10-07
BR.gg_interest_gdp.IMF_WEO,BR,gg_interest_gdp,1931-12-31,2.9072198867798,2026-10-07
BR.gg_interest_gdp.IMF_WEO,BR,gg_interest_gdp,1932-12-31,2.8433299064636,2026-10-07
BR.gg_interest_gdp.IMF_WEO,BR,gg_interest_gdp,1933-12-31,2.882630109787,2026-10-07
BR.gg_interest_gdp.IMF_WEO,BR,gg_interest_gdp,1941-12-31,0.24313700199127,2026-10-07
BR.gg_interest_gdp.IMF_WEO,BR,gg_interest_gdp,1942-12-31,0.20862099528313,2026-10-07
BR.gg_interest_gdp.IMF_WEO,BR,gg_interest_gdp,1943-12-31,0.17164200544357,2026-10-07
BR.gg_interest_gdp.IMF_WEO,BR,gg_interest_gdp,1953-12-31,0.30797898769379,2026-10-07
BR.gg_interest_gdp.IMF_WEO,BR,gg_interest_gdp,1958-12-31,0.21430200338364,2026-10-07
BR.gg_interest_gdp.IMF_WEO,BR,gg_interest_gdp,1965-12-31,1.1940799951553,2026-10-07
BR.gg_interest_gdp.IMF_WEO,BR,gg_interest_gdp,1966-12-31,1.4573999643326,2026-10-07
BR.gg_interest_gdp.IMF_WEO,BR,gg_interest_gdp,1967-12-31,1.0485899448395,2026-10-07
BR.gg_interest_gdp.IMF_WEO,BR,gg_interest_gdp,1968-12-31,1.2848800420761,2026-10-07
BR.gg_interest_gdp.IMF_WEO,BR,gg_interest_gdp,1969-12-31,1.5147000551224,2026-10-07
BR.gg_interest_gdp.IMF_WEO,BR,gg_interest_gdp,1970-12-31,1.8633699417114,2026-10-07
BR.gg_interest_gdp.IMF_WEO,BR,gg_interest_gdp,1971-12-31,1.7455999851227,2026-10-07
BR.gg_interest_gdp.IMF_WEO,BR,gg_interest_gdp,1972-12-31,1.7017899751663,2026-10-07
BR.gg_interest_gdp.IMF_WEO,BR,gg_interest_gdp,1973-12-31,1.5917299985886,2026-10-07
BR.gg_interest_gdp.IMF_WEO,BR,gg_interest_gdp,1974-12-31,1.3526599407196,2026-10-07
BR.gg_interest_gdp.IMF_WEO,BR,gg_interest_gdp,1975-12-31,2.5025498867035,2026-10-07
BR.gg_interest_gdp.IMF_WEO,BR,gg_interest_gdp,1976-12-31,2.3659200668335,2026-10-07
BR.gg_interest_gdp.IMF_WEO,BR,gg_interest_gdp,1977-12-31,3.0317199230194,2026-10-07
BR.gg_interest_gdp.IMF_WEO,BR,gg_interest_gdp,1978-12-31,3.936919927597,2026-10-07
BR.gg_interest_gdp.IMF_WEO,BR,gg_interest_gdp,1979-12-31,3.417140007019,2026-10-07
BR.gg_interest_gdp.IMF_WEO,BR,gg_interest_gdp,1980-12-31,4.5856900215149,2026-10-07
BR.gg_interest_gdp.IMF_WEO,BR,gg_interest_gdp,1981-12-31,5.5140500068665,2026-10-07
BR.gg_interest_gdp.IMF_WEO,BR,gg_interest_gdp,1982-12-31,6.2811698913574,2026-10-07
BR.gg_interest_gdp.IMF_WEO,BR,gg_interest_gdp,1983-12-31,6.2016801834106,2026-10-07
BR.gg_interest_gdp.IMF_WEO,BR,gg_interest_gdp,1984-12-31,6.5874800682068,2026-10-07
BR.gg_interest_gdp.IMF_WEO,BR,gg_interest_gdp,1985-12-31,3.9100000858307,2026-10-07
BR.gg_interest_gdp.IMF_WEO,BR,gg_interest_gdp,1986-12-31,3.1900000572205,2026-10-07
BR.gg_interest_gdp.IMF_WEO,BR,gg_interest_gdp,1996-12-31,5.3414103306463,2026-10-07
BR.gg_interest_gdp.IMF_WEO,BR,gg_interest_gdp,1997-12-31,5.0170351688085,2026-10-07
BR.gg_interest_gdp.IMF_WEO,BR,gg_interest_gdp,1998-12-31,7.0743702196202,2026-10-07
BR.gg_interest_gdp.IMF_WEO,BR,gg_interest_gdp,1999-12-31,8.1849316964162,2026-10-07
BR.gg_interest_gdp.IMF_WEO,BR,gg_interest_gdp,2000-12-31,6.6980511692601,2026-10-07
BR.gg_interest_gdp.IMF_WEO,BR,gg_interest_gdp,2001-12-31,8.5452424116179,2026-10-07
BR.gg_interest_gdp.IMF_WEO,BR,gg_interest_gdp,2002-12-31,12.262549595774,2026-10-07
BR.gg_interest_gdp.IMF_WEO,BR,gg_interest_gdp,2003-12-31,10.432848104834,2026-10-07
BR.gg_interest_gdp.IMF_WEO,BR,gg_interest_gdp,2004-12-31,8.7473324381127,2026-10-07
BR.gg_interest_gdp.IMF_WEO,BR,gg_interest_gdp,2005-12-31,9.5187396500289,2026-10-07
BR.gg_interest_gdp.IMF_WEO,BR,gg_interest_gdp,2006-12-31,8.3127832147505,2026-10-07
BR.gg_interest_gdp.IMF_WEO,BR,gg_interest_gdp,2007-12-31,7.2824650653371,2026-10-07
BR.gg_interest_gdp.IMF_WEO,BR,gg_interest_gdp,2008-12-31,6.9334425822579,2026-10-07
BR.gg_interest_gdp.IMF_WEO,BR,gg_interest_gdp,2009-12-31,6.1236008540799,2026-10-07
BR.gg_interest_gdp.IMF_WEO,BR,gg_interest_gdp,2010-12-31,7.0826398796879,2026-10-07
BR.gg_interest_gdp.IMF_WEO,BR,gg_interest_gdp,2011-12-31,7.6456352322301,2026-10-07
BR.gg_interest_gdp.IMF_WEO,BR,gg_interest_gdp,2012-12-31,6.9445059410827,2026-10-07
BR.gg_interest_gdp.IMF_WEO,BR,gg_interest_gdp,2013-12-31,6.9612762040073,2026-10-07
BR.gg_interest_gdp.IMF_WEO,BR,gg_interest_gdp,2014-12-31,7.5136850000182,2026-10-07
BR.gg_interest_gdp.IMF_WEO,BR,gg_interest_gdp,2015-12-31,11.924321466877,2026-10-07
BR.gg_interest_gdp.IMF_WEO,BR,gg_interest_gdp,2016-12-31,9.9529949918348,2026-10-07
BR.gg_interest_gdp.IMF_WEO,BR,gg_interest_gdp,2017-12-31,8.995351785788,2026-10-07
BR.gg_interest_gdp.IMF_WEO,BR,gg_interest_gdp,2018-12-31,8.8289254888011,2026-10-07
BR.gg_interest_gdp.IMF_WEO,BR,gg_interest_gdp,2019-12-31,7.201917713153,2026-10-07
BR.gg_interest_gdp.IMF_WEO,BR,gg_interest_gdp,2020-12-31,5.7922891399089,2026-10-07
BR.gg_interest_gdp.IMF_WEO,BR,gg_interest_gdp,2021-12-31,6.8150052850262,2026-10-07
BR.gg_interest_gdp.IMF_WEO,BR,gg_interest_gdp,2022-12-31,8.0426531852342,2026-10-07
BR.gg_interest_gdp.IMF_WEO,BR,gg_interest_gdp,2023-12-31,8.1361431605726,2026-10-07
BR.gg_interest_gdp.IMF_WEO,BR,gg_interest_gdp,2024-12-31,8.2759941335115,2026-10-07
BR.gg_net_lending_gdp.IMF_WEO,BR,gg_net_lending_gdp,2001-12-31,-3.5,2026-10-07
BR.gg_net_lending_gdp.IMF_WEO,BR,gg_net_lending_gdp,2002-12-31,-4.1,2026-10-07
BR.gg_net_lending_gdp.IMF_WEO,BR,gg_net_lending_gdp,2003-12-31,-5.4,2026-10-07
BR.gg_net_lending_gdp.IMF_WEO,BR,gg_net_lending_gdp,2004-12-31,-3.0,2026-10-07
BR.gg_net_lending_gdp.IMF_WEO,BR,gg_net_lending_gdp,2005-12-31,-3.4,2026-10-07
BR.gg_net_lending_gdp.IMF_WEO,BR,gg_net_lending_gdp,2006-12-31,-4.9,2026-10-07
BR.gg_net_lending_gdp.IMF_WEO,BR,gg_net_lending_gdp,2007-12-31,-2.7,2026-10-07
BR.gg_net_lending_gdp.IMF_WEO,BR,gg_net_lending_gdp,2008-12-31,-2.4,2026-10-07
BR.gg_net_lending_gdp.IMF_WEO,BR,gg_net_lending_gdp,2009-12-31,-4.2,2026-10-07
BR.gg_net_lending_gdp.IMF_WEO,BR,gg_net_lending_gdp,2010-12-31,-3.6,2026-10-07
BR.gg_net_lending_gdp.IMF_WEO,BR,gg_net_lending_gdp,2011-12-31,-2.7,2026-10-07
BR.gg_net_lending_gdp.IMF_WEO,BR,gg_net_lending_gdp,2012-12-31,-2.4,2026-10-07
BR.gg_net_lending_gdp.IMF_WEO,BR,gg_net_lending_gdp,2013-12-31,-3.4,2026-10-07
BR.gg_net_lending_gdp.IMF_WEO,BR,gg_net_lending_gdp,2014-12-31,-6.3,2026-10-07
BR.gg_net_lending_gdp.IMF_WEO,BR,gg_net_lending_gdp,2015-12-31,-9.3,2026-10-07
BR.gg_net_lending_gdp.IMF_WEO,BR,gg_net_lending_gdp,2016-12-31,-8.0,2026-10-07
BR.gg_net_lending_gdp.IMF_WEO,BR,gg_net_lending_gdp,2017-12-31,-8.0,2026-10-07
BR.gg_net_lending_gdp.IMF_WEO,BR,gg_net_lending_gdp,2018-12-31,-7.0,2026-10-07
BR.gg_net_lending_gdp.IMF_WEO,BR,gg_net_lending_gdp,2019-12-31,-4.9,2026-10-07
BR.gg_net_lending_gdp.IMF_WEO,BR,gg_net_lending_gdp,2020-12-31,-11.6,2026-10-07
BR.gg_net_lending_gdp.IMF_WEO,BR,gg_net_lending_gdp,2021-12-31,-2.6,2026-10-07
BR.gg_net_lending_gdp.IMF_WEO,BR,gg_net_lending_gdp,2022-12-31,-4.0,2026-10-07
BR.gg_net_lending_gdp.IMF_WEO,BR,gg_net_lending_gdp,2023-12-31,-7.7,2026-10-07
BR.gg_net_lending_gdp.IMF_WEO,BR,gg_net_lending_gdp,2024-12-31,-6.2,2026-10-07
BR.gg_net_lending_gdp.IMF_WEO,BR,gg_net_lending_gdp,2025-12-31,-8.1,2026-10-07
BR.gg_revenue_gdp.IMF_WEO,BR,gg_revenue_gdp,1880-12-31,19.35479927063,2026-10-07
BR.gg_revenue_gdp.IMF_WEO,BR,gg_revenue_gdp,1881-12-31,22.069000244141,2026-10-07
BR.gg_revenue_gdp.IMF_WEO,BR,gg_revenue_gdp,1882-12-31,22.806999206543,2026-10-07
BR.gg_revenue_gdp.IMF_WEO,BR,gg_revenue_gdp,1883-12-31,18.840599060059,2026-10-07
BR.gg_revenue_gdp.IMF_WEO,BR,gg_revenue_gdp,1884-12-31,24.629600524902,2026-10-07
BR.gg_revenue_gdp.IMF_WEO,BR,gg_revenue_gdp,1885-12-31,19.365100860596,2026-10-07
BR.gg_revenue_gdp.IMF_WEO,BR,gg_revenue_gdp,1886-12-31,17.887300491333,2026-10-07
BR.gg_revenue_gdp.IMF_WEO,BR,gg_revenue_gdp,1887-12-31,22.121200561523,2026-10-07
BR.gg_revenue_gdp.IMF_WEO,BR,gg_revenue_gdp,1888-12-31,23.593799591064,2026-10-07
BR.gg_revenue_gdp.IMF_WEO,BR,gg_revenue_gdp,1889-12-31,24.393899917603,2026-10-07
BR.gg_revenue_gdp.IMF_WEO,BR,gg_revenue_gdp,1890-12-31,22.67440032959,2026-10-07
BR.gg_revenue_gdp.IMF_WEO,BR,gg_revenue_gdp,1891-12-31,14.586000442505,2026-10-07
BR.gg_revenue_gdp.IMF_WEO,BR,gg_revenue_gdp,1892-12-31,11.632699966431,2026-10-07
BR.gg_revenue_gdp.IMF_WEO,BR,gg_revenue_gdp,1893-12-31,11.255399703979,2026-10-07
BR.gg_revenue_gdp.IMF_WEO,BR,gg_revenue_gdp,1894-12-31,10.076000213623,2026-10-07
BR.gg_revenue_gdp.IMF_WEO,BR,gg_revenue_gdp,1895-12-31,11.039400100708,2026-10-07
BR.gg_revenue_gdp.IMF_WEO,BR,gg_revenue_gdp,1896-12-31,11.890000343323,2026-10-07
BR.gg_revenue_gdp.IMF_WEO,BR,gg_revenue_gdp,1897-12-31,9.4984302520752,2026-10-07
BR.gg_revenue_gdp.IMF_WEO,BR,gg_revenue_gdp,1898-12-31,9.9386501312256,2026-10-07
BR.gg_revenue_gdp.IMF_WEO,BR,gg_revenue_gdp,1899-12-31,10.255599975586,2026-10-07
BR.gg_revenue_gdp.IMF_WEO,BR,gg_revenue_gdp,1900-12-31,9.9354801177979,2026-10-07
BR.gg_revenue_gdp.IMF_WEO,BR,gg_revenue_gdp,1901-12-31,11.296299934387,2026-10-07
BR.gg_revenue_gdp.IMF_WEO,BR,gg_revenue_gdp,1902-12-31,11.862099647522,2026-10-07
BR.gg_revenue_gdp.IMF_WEO,BR,gg_revenue_gdp,1903-12-31,14.310299873352,2026-10-07
BR.gg_revenue_gdp.IMF_WEO,BR,gg_revenue_gdp,1904-12-31,13.843799591064,2026-10-07
BR.gg_revenue_gdp.IMF_WEO,BR,gg_revenue_gdp,1905-12-31,14.851799964905,2026-10-07
BR.gg_revenue_gdp.IMF_WEO,BR,gg_revenue_gdp,1906-12-31,13.5,2026-10-07
BR.gg_revenue_gdp.IMF_WEO,BR,gg_revenue_gdp,1907-12-31,14.486499786377,2026-10-07
BR.gg_revenue_gdp.IMF_WEO,BR,gg_revenue_gdp,1908-12-31,11.918899536133,2026-10-07
BR.gg_revenue_gdp.IMF_WEO,BR,gg_revenue_gdp,1909-12-31,10.71430015564,2026-10-07
BR.gg_revenue_gdp.IMF_WEO,BR,gg_revenue_gdp,1910-12-31,10.9375,2026-10-07
BR.gg_revenue_gdp.IMF_WEO,BR,gg_revenue_gdp,1911-12-31,10.254500389099,2026-10-07
BR.gg_revenue_gdp.IMF_WEO,BR,gg_revenue_gdp,1912-12-31,10.789500236511,2026-10-07
BR.gg_revenue_gdp.IMF_WEO,BR,gg_revenue_gdp,1913-12-31,11.473699569702,2026-10-07
BR.gg_revenue_gdp.IMF_WEO,BR,gg_revenue_gdp,1914-12-31,9.0,2026-10-07
BR.gg_revenue_gdp.IMF_WEO,BR,gg_revenue_gdp,1915-12-31,8.9777803421021,2026-10-07
BR.gg_revenue_gdp.IMF_WEO,BR,gg_revenue_gdp,1916-12-31,9.9583301544189,2026-10-07
BR.gg_revenue_gdp.IMF_WEO,BR,gg_revenue_gdp,1917-12-31,9.7636404037476,2026-10-07
BR.gg_revenue_gdp.IMF_WEO,BR,gg_revenue_gdp,1918-12-31,11.254500389099,2026-10-07
BR.gg_revenue_gdp.IMF_WEO,BR,gg_revenue_gdp,1919-12-31,7.54217004776,2026-10-07
BR.gg_revenue_gdp.IMF_WEO,BR,gg_revenue_gdp,1920-12-31,9.4081602096558,2026-10-07
BR.gg_revenue_gdp.IMF_WEO,BR,gg_revenue_gdp,1921-12-31,8.9099998474121,2026-10-07
BR.gg_revenue_gdp.IMF_WEO,BR,gg_revenue_gdp,1922-12-31,8.1000003814697,2026-10-07
BR.gg_revenue_gdp.IMF_WEO,BR,gg_revenue_gdp,1923-12-31,7.8625001907349,2026-10-07
BR.gg_revenue_gdp.IMF_WEO,BR,gg_revenue_gdp,1924-12-31,6.8165001869202,2026-10-07
BR.gg_revenue_gdp.IMF_WEO,BR,gg_revenue_gdp,1925-12-31,7.9172701835632,2026-10-07
BR.gg_revenue_gdp.IMF_WEO,BR,gg_revenue_gdp,1926-12-31,7.1647801399231,2026-10-07
BR.gg_revenue_gdp.IMF_WEO,BR,gg_revenue_gdp,1927-12-31,8.1579999923706,2026-10-07
BR.gg_revenue_gdp.IMF_WEO,BR,gg_revenue_gdp,1928-12-31,7.7767901420593,2026-10-07
BR.gg_revenue_gdp.IMF_WEO,BR,gg_revenue_gdp,1929-12-31,8.8048000335693,2026-10-07
BR.gg_revenue_gdp.IMF_WEO,BR,gg_revenue_gdp,1930-12-31,7.6272702217102,2026-10-07
BR.gg_revenue_gdp.IMF_WEO,BR,gg_revenue_gdp,1931-12-31,9.7372198104858,2026-10-07
BR.gg_revenue_gdp.IMF_WEO,BR,gg_revenue_gdp,1932-12-31,9.4200000762939,2026-10-07
BR.gg_revenue_gdp.IMF_WEO,BR,gg_revenue_gdp,1933-12-31,11.030500411987,2026-10-07
BR.gg_revenue_gdp.IMF_WEO,BR,gg_revenue_gdp,1934-12-31,9.9160003662109,2026-10-07
BR.gg_revenue_gdp.IMF_WEO,BR,gg_revenue_gdp,1935-12-31,9.0756702423096,2026-10-07
BR.gg_revenue_gdp.IMF_WEO,BR,gg_revenue_gdp,1936-12-31,8.4526996612549,2026-10-07
BR.gg_revenue_gdp.IMF_WEO,BR,gg_revenue_gdp,1937-12-31,8.2440500259399,2026-10-07
BR.gg_revenue_gdp.IMF_WEO,BR,gg_revenue_gdp,1938-12-31,8.6217803955078,2026-10-07
BR.gg_revenue_gdp.IMF_WEO,BR,gg_revenue_gdp,1939-12-31,8.4333295822144,2026-10-07
BR.gg_revenue_gdp.IMF_WEO,BR,gg_revenue_gdp,1940-12-31,9.6766700744629,2026-10-07
BR.gg_revenue_gdp.IMF_WEO,BR,gg_revenue_gdp,1941-12-31,8.5111799240112,2026-10-07
BR.gg_revenue_gdp.IMF_WEO,BR,gg_revenue_gdp,1942-12-31,8.3913803100586,2026-10-07
BR.gg_revenue_gdp.IMF_WEO,BR,gg_revenue_gdp,1943-12-31,8.971489906311,2026-10-07
BR.gg_revenue_gdp.IMF_WEO,BR,gg_revenue_gdp,1944-12-31,9.4443197250366,2026-10-07
BR.gg_revenue_gdp.IMF_WEO,BR,gg_revenue_gdp,1945-12-31,8.6123199462891,2026-10-07
BR.gg_revenue_gdp.IMF_WEO,BR,gg_revenue_gdp,1946-12-31,7.8172998428345,2026-10-07
BR.gg_revenue_gdp.IMF_WEO,BR,gg_revenue_gdp,1947-12-31,7.4481201171875,2026-10-07
BR.gg_revenue_gdp.IMF_WEO,BR,gg_revenue_gdp,1948-12-31,8.0507698059082,2026-10-07
BR.gg_revenue_gdp.IMF_WEO,BR,gg_revenue_gdp,1949-12-31,7.7897801399231,2026-10-07
BR.gg_revenue_gdp.IMF_WEO,BR,gg_revenue_gdp,1950-12-31,7.1223502159119,2026-10-07
BR.gg_revenue_gdp.IMF_WEO,BR,gg_revenue_gdp,1951-12-31,8.4916400909424,2026-10-07
BR.gg_revenue_gdp.IMF_WEO,BR,gg_revenue_gdp,1952-12-31,8.6933298110962,2026-10-07
BR.gg_revenue_gdp.IMF_WEO,BR,gg_revenue_gdp,1953-12-31,7.0892300605774,2026-10-07
BR.gg_revenue_gdp.IMF_WEO,BR,gg_revenue_gdp,1954-12-31,8.3673095703125,2026-10-07
BR.gg_revenue_gdp.IMF_WEO,BR,gg_revenue_gdp,1955-12-31,7.0081701278687,2026-10-07
BR.gg_revenue_gdp.IMF_WEO,BR,gg_revenue_gdp,1956-12-31,7.3780899047852,2026-10-07
BR.gg_revenue_gdp.IMF_WEO,BR,gg_revenue_gdp,1957-12-31,7.9138197898865,2026-10-07
BR.gg_revenue_gdp.IMF_WEO,BR,gg_revenue_gdp,1958-12-31,7.7774300575256,2026-10-07
BR.gg_revenue_gdp.IMF_WEO,BR,gg_revenue_gdp,1959-12-31,7.743959903717,2026-10-07
BR.gg_revenue_gdp.IMF_WEO,BR,gg_revenue_gdp,1960-12-31,9.85618019104,2026-10-07
BR.gg_revenue_gdp.IMF_WEO,BR,gg_revenue_gdp,1961-12-31,9.0727100372314,2026-10-07
BR.gg_revenue_gdp.IMF_WEO,BR,gg_revenue_gdp,1962-12-31,16.235300064087,2026-10-07
BR.gg_revenue_gdp.IMF_WEO,BR,gg_revenue_gdp,1963-12-31,16.985799789429,2026-10-07
BR.gg_revenue_gdp.IMF_WEO,BR,gg_revenue_gdp,1964-12-31,16.60000038147,2026-10-07
BR.gg_revenue_gdp.IMF_WEO,BR,gg_revenue_gdp,1965-12-31,12.0,2026-10-07
BR.gg_revenue_gdp.IMF_WEO,BR,gg_revenue_gdp,1966-12-31,13.300000190735,2026-10-07
BR.gg_revenue_gdp.IMF_WEO,BR,gg_revenue_gdp,1967-12-31,11.39999961853,2026-10-07
BR.gg_revenue_gdp.IMF_WEO,BR,gg_revenue_gdp,1968-12-31,12.800000190735,2026-10-07
BR.gg_revenue_gdp.IMF_WEO,BR,gg_revenue_gdp,1969-12-31,10.60000038147,2026-10-07
BR.gg_revenue_gdp.IMF_WEO,BR,gg_revenue_gdp,1970-12-31,11.0,2026-10-07
BR.gg_revenue_gdp.IMF_WEO,BR,gg_revenue_gdp,1971-12-31,11.39999961853,2026-10-07
BR.gg_revenue_gdp.IMF_WEO,BR,gg_revenue_gdp,1972-12-31,12.5,2026-10-07
BR.gg_revenue_gdp.IMF_WEO,BR,gg_revenue_gdp,1973-12-31,11.10000038147,2026-10-07
BR.gg_revenue_gdp.IMF_WEO,BR,gg_revenue_gdp,1974-12-31,11.10000038147,2026-10-07
BR.gg_revenue_gdp.IMF_WEO,BR,gg_revenue_gdp,1975-12-31,10.699999809265,2026-10-07
BR.gg_revenue_gdp.IMF_WEO,BR,gg_revenue_gdp,1976-12-31,10.699999809265,2026-10-07
BR.gg_revenue_gdp.IMF_WEO,BR,gg_revenue_gdp,1977-12-31,10.5,2026-10-07
BR.gg_revenue_gdp.IMF_WEO,BR,gg_revenue_gdp,1978-12-31,10.10000038147,2026-10-07
BR.gg_revenue_gdp.IMF_WEO,BR,gg_revenue_gdp,1979-12-31,9.3999996185303,2026-10-07
BR.gg_revenue_gdp.IMF_WEO,BR,gg_revenue_gdp,1980-12-31,9.3000001907349,2026-10-07
BR.gg_revenue_gdp.IMF_WEO,BR,gg_revenue_gdp,1981-12-31,8.8000001907349,2026-10-07
BR.gg_revenue_gdp.IMF_WEO,BR,gg_revenue_gdp,1982-12-31,9.5,2026-10-07
BR.gg_revenue_gdp.IMF_WEO,BR,gg_revenue_gdp,1983-12-31,9.8000001907349,2026-10-07
BR.gg_revenue_gdp.IMF_WEO,BR,gg_revenue_gdp,1984-12-31,9.6000003814697,2026-10-07
BR.gg_revenue_gdp.IMF_WEO,BR,gg_revenue_gdp,1985-12-31,9.8000001907349,2026-10-07
BR.gg_revenue_gdp.IMF_WEO,BR,gg_revenue_gdp,1986-12-31,10.10000038147,2026-10-07
BR.gg_revenue_gdp.IMF_WEO,BR,gg_revenue_gdp,1996-12-31,32.903109472921,2026-10-07
BR.gg_revenue_gdp.IMF_WEO,BR,gg_revenue_gdp,1997-12-31,32.996989555188,2026-10-07
BR.gg_revenue_gdp.IMF_WEO,BR,gg_revenue_gdp,1998-12-31,33.679849184293,2026-10-07
BR.gg_revenue_gdp.IMF_WEO,BR,gg_revenue_gdp,1999-12-31,34.41406732288,2026-10-07
BR.gg_revenue_gdp.IMF_WEO,BR,gg_revenue_gdp,2000-12-31,31.162251887906,2026-10-07
BR.gg_revenue_gdp.IMF_WEO,BR,gg_revenue_gdp,2001-12-31,36.334254480911,2026-10-07
BR.gg_revenue_gdp.IMF_WEO,BR,gg_revenue_gdp,2002-12-31,40.346254463793,2026-10-07
BR.gg_revenue_gdp.IMF_WEO,BR,gg_revenue_gdp,2003-12-31,35.887487174596,2026-10-07
BR.gg_revenue_gdp.IMF_WEO,BR,gg_revenue_gdp,2004-12-31,36.725684304425,2026-10-07
BR.gg_revenue_gdp.IMF_WEO,BR,gg_revenue_gdp,2005-12-31,38.506734290752,2026-10-07
BR.gg_revenue_gdp.IMF_WEO,BR,gg_revenue_gdp,2006-12-31,37.694360809552,2026-10-07
BR.gg_revenue_gdp.IMF_WEO,BR,gg_revenue_gdp,2007-12-31,37.691564114536,2026-10-07
BR.gg_revenue_gdp.IMF_WEO,BR,gg_revenue_gdp,2008-12-31,37.522607942242,2026-10-07
BR.gg_revenue_gdp.IMF_WEO,BR,gg_revenue_gdp,2009-12-31,36.30613534158,2026-10-07
BR.gg_revenue_gdp.IMF_WEO,BR,gg_revenue_gdp,2010-12-31,35.962131640256,2026-10-07
BR.gg_revenue_gdp.IMF_WEO,BR,gg_revenue_gdp,2011-12-31,36.625927556274,2026-10-07
BR.gg_revenue_gdp.IMF_WEO,BR,gg_revenue_gdp,2012-12-31,36.958175588476,2026-10-07
BR.gg_revenue_gdp.IMF_WEO,BR,gg_revenue_gdp,2013-12-31,36.358013033586,2026-10-07
BR.gg_revenue_gdp.IMF_WEO,BR,gg_revenue_gdp,2014-12-31,35.151499902332,2026-10-07
BR.gg_revenue_gdp.IMF_WEO,BR,gg_revenue_gdp,2015-12-31,36.909473687082,2026-10-07
BR.gg_revenue_gdp.IMF_WEO,BR,gg_revenue_gdp,2016-12-31,37.512310094404,2026-10-07
BR.gg_revenue_gdp.IMF_WEO,BR,gg_revenue_gdp,2017-12-31,36.327653090882,2026-10-07
BR.gg_revenue_gdp.IMF_WEO,BR,gg_revenue_gdp,2018-12-31,37.190521294663,2026-10-07
BR.gg_revenue_gdp.IMF_WEO,BR,gg_revenue_gdp,2019-12-31,38.184350196019,2026-10-07
BR.gg_revenue_gdp.IMF_WEO,BR,gg_revenue_gdp,2020-12-31,34.541533904004,2026-10-07
BR.gg_revenue_gdp.IMF_WEO,BR,gg_revenue_gdp,2021-12-31,37.740239873289,2026-10-07
BR.gg_revenue_gdp.IMF_WEO,BR,gg_revenue_gdp,2022-12-31,39.48063525235,2026-10-07
BR.gg_revenue_gdp.IMF_WEO,BR,gg_revenue_gdp,2023-12-31,37.596855335807,2026-10-07
BR.gg_revenue_gdp.IMF_WEO,BR,gg_revenue_gdp,2024-12-31,39.485361618949,2026-10-07
BR.rgdp_growth.IMF_WEO,BR,rgdp_growth,1980-12-31,9.2,2026-10-07
BR.rgdp_growth.IMF_WEO,BR,rgdp_growth,1981-12-31,-4.4,2026-10-07
BR.rgdp_growth.IMF_WEO,BR,rgdp_growth,1982-12-31,0.6,2026-10-07
BR.rgdp_growth.IMF_WEO,BR,rgdp_growth,1983-12-31,-3.4,2026-10-07
BR.rgdp_growth.IMF_WEO,BR,rgdp_growth,1984-12-31,5.3,2026-10-07
BR.rgdp_growth.IMF_WEO,BR,rgdp_growth,1985-12-31,7.9,2026-10-07
BR.rgdp_growth.IMF_WEO,BR,rgdp_growth,1986-12-31,7.5,2026-10-07
BR.rgdp_growth.IMF_WEO,BR,rgdp_growth,1987-12-31,3.6,2026-10-07
BR.rgdp_growth.IMF_WEO,BR,rgdp_growth,1988-12-31,0.3,2026-10-07
BR.rgdp_growth.IMF_WEO,BR,rgdp_growth,1989-12-31,3.2,2026-10-07
BR.rgdp_growth.IMF_WEO,BR,rgdp_growth,1990-12-31,-4.2,2026-10-07
BR.rgdp_growth.IMF_WEO,BR,rgdp_growth,1991-12-31,1.0,2026-10-07
BR.rgdp_growth.IMF_WEO,BR,rgdp_growth,1992-12-31,-0.5,2026-10-07
BR.rgdp_growth.IMF_WEO,BR,rgdp_growth,1993-12-31,4.7,2026-10-07
BR.rgdp_growth.IMF_WEO,BR,rgdp_growth,1994-12-31,5.3,2026-10-07
BR.rgdp_growth.IMF_WEO,BR,rgdp_growth,1995-12-31,4.4,2026-10-07
BR.rgdp_growth.IMF_WEO,BR,rgdp_growth,1996-12-31,2.2,2026-10-07
BR.rgdp_growth.IMF_WEO,BR,rgdp_growth,1997-12-31,3.4,2026-10-07
BR.rgdp_growth.IMF_WEO,BR,rgdp_growth,1998-12-31,0.3,2026-10-07
BR.rgdp_growth.IMF_WEO,BR,rgdp_growth,1999-12-31,0.5,2026-10-07
BR.rgdp_growth.IMF_WEO,BR,rgdp_growth,2000-12-31,4.4,2026-10-07
BR.rgdp_growth.IMF_WEO,BR,rgdp_growth,2001-12-31,1.4,2026-10-07
BR.rgdp_growth.IMF_WEO,BR,rgdp_growth,2002-12-31,3.1,2026-10-07
BR.rgdp_growth.IMF_WEO,BR,rgdp_growth,2003-12-31,1.1,2026-10-07
BR.rgdp_growth.IMF_WEO,BR,rgdp_growth,2004-12-31,5.8,2026-10-07
BR.rgdp_growth.IMF_WEO,BR,rgdp_growth,2005-12-31,3.2,2026-10-07
BR.rgdp_growth.IMF_WEO,BR,rgdp_growth,2006-12-31,4.0,2026-10-07
BR.rgdp_growth.IMF_WEO,BR,rgdp_growth,2007-12-31,6.1,2026-10-07
BR.rgdp_growth.IMF_WEO,BR,rgdp_growth,2008-12-31,5.1,2026-10-07
BR.rgdp_growth.IMF_WEO,BR,rgdp_growth,2009-12-31,-0.1,2026-10-07
BR.rgdp_growth.IMF_WEO,BR,rgdp_growth,2010-12-31,7.5,2026-10-07
BR.rgdp_growth.IMF_WEO,BR,rgdp_growth,2011-12-31,4.0,2026-10-07
BR.rgdp_growth.IMF_WEO,BR,rgdp_growth,2012-12-31,1.9,2026-10-07
BR.rgdp_growth.IMF_WEO,BR,rgdp_growth,2013-12-31,3.0,2026-10-07
BR.rgdp_growth.IMF_WEO,BR,rgdp_growth,2014-12-31,0.5,2026-10-07
BR.rgdp_growth.IMF_WEO,BR,rgdp_growth,2015-12-31,-3.5,2026-10-07
BR.rgdp_growth.IMF_WEO,BR,rgdp_growth,2016-12-31,-3.3,2026-10-07
BR.rgdp_growth.IMF_WEO,BR,rgdp_growth,2017-12-31,1.3,2026-10-07
BR.rgdp_growth.IMF_WEO,BR,rgdp_growth,2018-12-31,1.8,2026-10-07
BR.rgdp_growth.IMF_WEO,BR,rgdp_growth,2019-12-31,1.2,2026-10-07
BR.rgdp_growth.IMF_WEO,BR,rgdp_growth,2020-12-31,-3.3,2026-10-07
BR.rgdp_growth.IMF_WEO,BR,rgdp_growth,2021-12-31,4.8,2026-10-07
BR.rgdp_growth.IMF_WEO,BR,rgdp_growth,2022-12-31,3.0,2026-10-07
BR.rgdp_growth.IMF_WEO,BR,rgdp_growth,2023-12-31,3.2,2026-10-07
BR.rgdp_growth.IMF_WEO,BR,rgdp_growth,2024-12-31,3.4,2026-10-07
BR.rgdp_growth.IMF_WEO,BR,rgdp_growth,2025-12-31,2.3,2026-10-07
CA.cpi_yoy.IMF_WEO,CA,cpi_yoy,1980-12-31,10.2,2026-10-07
CA.cpi_yoy.IMF_WEO,CA,cpi_yoy,1981-12-31,12.5,2026-10-07
CA.cpi_yoy.IMF_WEO,CA,cpi_yoy,1982-12-31,10.8,2026-10-07
CA.cpi_yoy.IMF_WEO,CA,cpi_yoy,1983-12-31,5.8,2026-10-07
CA.cpi_yoy.IMF_WEO,CA,cpi_yoy,1984-12-31,4.3,2026-10-07
CA.cpi_yoy.IMF_WEO,CA,cpi_yoy,1985-12-31,4.0,2026-10-07
CA.cpi_yoy.IMF_WEO,CA,cpi_yoy,1986-12-31,4.2,2026-10-07
CA.cpi_yoy.IMF_WEO,CA,cpi_yoy,1987-12-31,4.4,2026-10-07
CA.cpi_yoy.IMF_WEO,CA,cpi_yoy,1988-12-31,4.0,2026-10-07
CA.cpi_yoy.IMF_WEO,CA,cpi_yoy,1989-12-31,5.0,2026-10-07
CA.cpi_yoy.IMF_WEO,CA,cpi_yoy,1990-12-31,4.8,2026-10-07
CA.cpi_yoy.IMF_WEO,CA,cpi_yoy,1991-12-31,5.6,2026-10-07
CA.cpi_yoy.IMF_WEO,CA,cpi_yoy,1992-12-31,1.5,2026-10-07
CA.cpi_yoy.IMF_WEO,CA,cpi_yoy,1993-12-31,1.9,2026-10-07
CA.cpi_yoy.IMF_WEO,CA,cpi_yoy,1994-12-31,0.2,2026-10-07
CA.cpi_yoy.IMF_WEO,CA,cpi_yoy,1995-12-31,2.1,2026-10-07
CA.cpi_yoy.IMF_WEO,CA,cpi_yoy,1996-12-31,1.6,2026-10-07
CA.cpi_yoy.IMF_WEO,CA,cpi_yoy,1997-12-31,1.6,2026-10-07
CA.cpi_yoy.IMF_WEO,CA,cpi_yoy,1998-12-31,1.0,2026-10-07
CA.cpi_yoy.IMF_WEO,CA,cpi_yoy,1999-12-31,1.7,2026-10-07
CA.cpi_yoy.IMF_WEO,CA,cpi_yoy,2000-12-31,2.7,2026-10-07
CA.cpi_yoy.IMF_WEO,CA,cpi_yoy,2001-12-31,2.5,2026-10-07
CA.cpi_yoy.IMF_WEO,CA,cpi_yoy,2002-12-31,2.3,2026-10-07
CA.cpi_yoy.IMF_WEO,CA,cpi_yoy,2003-12-31,2.8,2026-10-07
CA.cpi_yoy.IMF_WEO,CA,cpi_yoy,2004-12-31,1.9,2026-10-07
CA.cpi_yoy.IMF_WEO,CA,cpi_yoy,2005-12-31,2.2,2026-10-07
CA.cpi_yoy.IMF_WEO,CA,cpi_yoy,2006-12-31,2.0,2026-10-07
CA.cpi_yoy.IMF_WEO,CA,cpi_yoy,2007-12-31,2.1,2026-10-07
CA.cpi_yoy.IMF_WEO,CA,cpi_yoy,2008-12-31,2.4,2026-10-07
CA.cpi_yoy.IMF_WEO,CA,cpi_yoy,2009-12-31,0.3,2026-10-07
CA.cpi_yoy.IMF_WEO,CA,cpi_yoy,2010-12-31,1.8,2026-10-07
CA.cpi_yoy.IMF_WEO,CA,cpi_yoy,2011-12-31,2.9,2026-10-07
CA.cpi_yoy.IMF_WEO,CA,cpi_yoy,2012-12-31,1.5,2026-10-07
CA.cpi_yoy.IMF_WEO,CA,cpi_yoy,2013-12-31,0.9,2026-10-07
CA.cpi_yoy.IMF_WEO,CA,cpi_yoy,2014-12-31,1.9,2026-10-07
CA.cpi_yoy.IMF_WEO,CA,cpi_yoy,2015-12-31,1.1,2026-10-07
CA.cpi_yoy.IMF_WEO,CA,cpi_yoy,2016-12-31,1.4,2026-10-07
CA.cpi_yoy.IMF_WEO,CA,cpi_yoy,2017-12-31,1.6,2026-10-07
CA.cpi_yoy.IMF_WEO,CA,cpi_yoy,2018-12-31,2.3,2026-10-07
CA.cpi_yoy.IMF_WEO,CA,cpi_yoy,2019-12-31,1.9,2026-10-07
CA.cpi_yoy.IMF_WEO,CA,cpi_yoy,2020-12-31,0.7,2026-10-07
CA.cpi_yoy.IMF_WEO,CA,cpi_yoy,2021-12-31,3.4,2026-10-07
CA.cpi_yoy.IMF_WEO,CA,cpi_yoy,2022-12-31,6.8,2026-10-07
CA.cpi_yoy.IMF_WEO,CA,cpi_yoy,2023-12-31,3.9,2026-10-07
CA.cpi_yoy.IMF_WEO,CA,cpi_yoy,2024-12-31,2.4,2026-10-07
CA.cpi_yoy.IMF_WEO,CA,cpi_yoy,2025-12-31,2.1,2026-10-07
CA.gg_debt_gdp.IMF_WEO,CA,gg_debt_gdp,1980-12-31,44.6,2026-10-07
CA.gg_debt_gdp.IMF_WEO,CA,gg_debt_gdp,1981-12-31,46.1,2026-10-07
CA.gg_debt_gdp.IMF_WEO,CA,gg_debt_gdp,1982-12-31,51.7,2026-10-07
CA.gg_debt_gdp.IMF_WEO,CA,gg_debt_gdp,1983-12-31,57.2,2026-10-07
CA.gg_debt_gdp.IMF_WEO,CA,gg_debt_gdp,1984-12-31,60.2,2026-10-07
CA.gg_debt_gdp.IMF_WEO,CA,gg_debt_gdp,1985-12-31,65.2,2026-10-07
CA.gg_debt_gdp.IMF_WEO,CA,gg_debt_gdp,1986-12-31,69.3,2026-10-07
CA.gg_debt_gdp.IMF_WEO,CA,gg_debt_gdp,1987-12-31,69.8,2026-10-07
CA.gg_debt_gdp.IMF_WEO,CA,gg_debt_gdp,1988-12-31,69.7,2026-10-07
CA.gg_debt_gdp.IMF_WEO,CA,gg_debt_gdp,1989-12-31,71.0,2026-10-07
CA.gg_debt_gdp.IMF_WEO,CA,gg_debt_gdp,1990-12-31,73.7,2026-10-07
CA.gg_debt_gdp.IMF_WEO,CA,gg_debt_gdp,1991-12-31,81.7,2026-10-07
CA.gg_debt_gdp.IMF_WEO,CA,gg_debt_gdp,1992-12-31,88.2,2026-10-07
CA.gg_debt_gdp.IMF_WEO,CA,gg_debt_gdp,1993-12-31,94.7,2026-10-07
CA.gg_debt_gdp.IMF_WEO,CA,gg_debt_gdp,1994-12-31,97.5,2026-10-07
CA.gg_debt_gdp.IMF_WEO,CA,gg_debt_gdp,1995-12-31,100.1,2026-10-07
CA.gg_debt_gdp.IMF_WEO,CA,gg_debt_gdp,1996-12-31,100.2,2026-10-07
CA.gg_debt_gdp.IMF_WEO,CA,gg_debt_gdp,1997-12-31,95.3,2026-10-07
CA.gg_debt_gdp.IMF_WEO,CA,gg_debt_gdp,1998-12-31,93.3,2026-10-07
CA.gg_debt_gdp.IMF_WEO,CA,gg_debt_gdp,1999-12-31,89.0,2026-10-07
CA.gg_debt_gdp.IMF_WEO,CA,gg_debt_gdp,2000-12-31,80.4,2026-10-07
CA.gg_debt_gdp.IMF_WEO,CA,gg_debt_gdp,2001-12-31,81.5,2026-10-07
CA.gg_debt_gdp.IMF_WEO,CA,gg_debt_gdp,2002-12-31,79.6,2026-10-07
CA.gg_debt_gdp.IMF_WEO,CA,gg_debt_gdp,2003-12-31,75.9,2026-10-07
CA.gg_debt_gdp.IMF_WEO,CA,gg_debt_gdp,2004-12-31,71.9,2026-10-07
CA.gg_debt_gdp.IMF_WEO,CA,gg_debt_gdp,2005-12-31,70.6,2026-10-07
CA.gg_debt_gdp.IMF_WEO,CA,gg_debt_gdp,2006-12-31,69.9,2026-10-07
CA.gg_debt_gdp.IMF_WEO,CA,gg_debt_gdp,2007-12-31,67.2,2026-10-07
CA.gg_debt_gdp.IMF_WEO,CA,gg_debt_gdp,2008-12-31,70.4,2026-10-07
CA.gg_debt_gdp.IMF_WEO,CA,gg_debt_gdp,2009-12-31,81.8,2026-10-07
CA.gg_debt_gdp.IMF_WEO,CA,gg_debt_gdp,2010-12-31,84.0,2026-10-07
CA.gg_debt_gdp.IMF_WEO,CA,gg_debt_gdp,2011-12-31,84.3,2026-10-07
CA.gg_debt_gdp.IMF_WEO,CA,gg_debt_gdp,2012-12-31,87.0,2026-10-07
CA.gg_debt_gdp.IMF_WEO,CA,gg_debt_gdp,2013-12-31,87.7,2026-10-07
CA.gg_debt_gdp.IMF_WEO,CA,gg_debt_gdp,2014-12-31,85.8,2026-10-07
CA.gg_debt_gdp.IMF_WEO,CA,gg_debt_gdp,2015-12-31,92.3,2026-10-07
CA.gg_debt_gdp.IMF_WEO,CA,gg_debt_gdp,2016-12-31,92.5,2026-10-07
CA.gg_debt_gdp.IMF_WEO,CA,gg_debt_gdp,2017-12-31,91.0,2026-10-07
CA.gg_debt_gdp.IMF_WEO,CA,gg_debt_gdp,2018-12-31,90.8,2026-10-07
CA.gg_debt_gdp.IMF_WEO,CA,gg_debt_gdp,2019-12-31,90.1,2026-10-07
CA.gg_debt_gdp.IMF_WEO,CA,gg_debt_gdp,2020-12-31,118.1,2026-10-07
CA.gg_debt_gdp.IMF_WEO,CA,gg_debt_gdp,2021-12-31,112.6,2026-10-07
CA.gg_debt_gdp.IMF_WEO,CA,gg_debt_gdp,2022-12-31,103.5,2026-10-07
CA.gg_debt_gdp.IMF_WEO,CA,gg_debt_gdp,2023-12-31,105.1,2026-10-07
CA.gg_debt_gdp.IMF_WEO,CA,gg_debt_gdp,2024-12-31,110.0,2026-10-07
CA.gg_debt_gdp.IMF_WEO,CA,gg_debt_gdp,2025-12-31,113.5,2026-10-07
CA.gg_interest_gdp.IMF_WEO,CA,gg_interest_gdp,1870-12-31,1.3329900503159,2026-10-07
CA.gg_interest_gdp.IMF_WEO,CA,gg_interest_gdp,1871-12-31,1.2599899768829,2026-10-07
CA.gg_interest_gdp.IMF_WEO,CA,gg_interest_gdp,1872-12-31,1.1625299453735,2026-10-07
CA.gg_interest_gdp.IMF_WEO,CA,gg_interest_gdp,1873-12-31,1.1685099601746,2026-10-07
CA.gg_interest_gdp.IMF_WEO,CA,gg_interest_gdp,1874-12-31,1.3594199419022,2026-10-07
CA.gg_interest_gdp.IMF_WEO,CA,gg_interest_gdp,1875-12-31,1.4143699407578,2026-10-07
CA.gg_interest_gdp.IMF_WEO,CA,gg_interest_gdp,1876-12-31,1.6125199794769,2026-10-07
CA.gg_interest_gdp.IMF_WEO,CA,gg_interest_gdp,1877-12-31,1.6103099584579,2026-10-07
CA.gg_interest_gdp.IMF_WEO,CA,gg_interest_gdp,1878-12-31,1.7578099966049,2026-10-07
CA.gg_interest_gdp.IMF_WEO,CA,gg_interest_gdp,1879-12-31,1.7524100542068,2026-10-07
CA.gg_interest_gdp.IMF_WEO,CA,gg_interest_gdp,1880-12-31,1.5767600536346,2026-10-07
CA.gg_interest_gdp.IMF_WEO,CA,gg_interest_gdp,1881-12-31,1.3539700508118,2026-10-07
CA.gg_interest_gdp.IMF_WEO,CA,gg_interest_gdp,1882-12-31,1.2441400289536,2026-10-07
CA.gg_interest_gdp.IMF_WEO,CA,gg_interest_gdp,1883-12-31,1.2591999769211,2026-10-07
CA.gg_interest_gdp.IMF_WEO,CA,gg_interest_gdp,1884-12-31,1.6062899827957,2026-10-07
CA.gg_interest_gdp.IMF_WEO,CA,gg_interest_gdp,1885-12-31,1.8214600086212,2026-10-07
CA.gg_interest_gdp.IMF_WEO,CA,gg_interest_gdp,1886-12-31,1.7299799919128,2026-10-07
CA.gg_interest_gdp.IMF_WEO,CA,gg_interest_gdp,1887-12-31,1.6036599874496,2026-10-07
CA.gg_interest_gdp.IMF_WEO,CA,gg_interest_gdp,1888-12-31,1.6024099588394,2026-10-07
CA.gg_interest_gdp.IMF_WEO,CA,gg_interest_gdp,1889-12-31,1.4791100025177,2026-10-07
CA.gg_interest_gdp.IMF_WEO,CA,gg_interest_gdp,1890-12-31,1.4006400108337,2026-10-07
CA.gg_interest_gdp.IMF_WEO,CA,gg_interest_gdp,1891-12-31,1.3930399417877,2026-10-07
CA.gg_interest_gdp.IMF_WEO,CA,gg_interest_gdp,1892-12-31,1.3993999958038,2026-10-07
CA.gg_interest_gdp.IMF_WEO,CA,gg_interest_gdp,1893-12-31,1.4947199821472,2026-10-07
CA.gg_interest_gdp.IMF_WEO,CA,gg_interest_gdp,1894-12-31,1.6119099855423,2026-10-07
CA.gg_interest_gdp.IMF_WEO,CA,gg_interest_gdp,1895-12-31,1.6577199697495,2026-10-07
CA.gg_interest_gdp.IMF_WEO,CA,gg_interest_gdp,1896-12-31,1.6541800498962,2026-10-07
CA.gg_interest_gdp.IMF_WEO,CA,gg_interest_gdp,1897-12-31,1.464429974556,2026-10-07
CA.gg_interest_gdp.IMF_WEO,CA,gg_interest_gdp,1898-12-31,1.4036899805069,2026-10-07
CA.gg_interest_gdp.IMF_WEO,CA,gg_interest_gdp,1899-12-31,1.2954000234604,2026-10-07
CA.gg_interest_gdp.IMF_WEO,CA,gg_interest_gdp,1900-12-31,1.1902099847794,2026-10-07
CA.gg_interest_gdp.IMF_WEO,CA,gg_interest_gdp,1901-12-31,1.1103299856186,2026-10-07
CA.gg_interest_gdp.IMF_WEO,CA,gg_interest_gdp,1902-12-31,0.99142599105835,2026-10-07
CA.gg_interest_gdp.IMF_WEO,CA,gg_interest_gdp,1903-12-31,0.94211500883102,2026-10-07
CA.gg_interest_gdp.IMF_WEO,CA,gg_interest_gdp,1904-12-31,0.87908399105072,2026-10-07
CA.gg_interest_gdp.IMF_WEO,CA,gg_interest_gdp,1905-12-31,0.79324299097061,2026-10-07
CA.gg_interest_gdp.IMF_WEO,CA,gg_interest_gdp,1906-12-31,0.43908500671387,2026-10-07
CA.gg_interest_gdp.IMF_WEO,CA,gg_interest_gdp,1907-12-31,0.63650000095367,2026-10-07
CA.gg_interest_gdp.IMF_WEO,CA,gg_interest_gdp,1908-12-31,0.70141500234604,2026-10-07
CA.gg_interest_gdp.IMF_WEO,CA,gg_interest_gdp,1909-12-31,0.71261501312256,2026-10-07
CA.gg_interest_gdp.IMF_WEO,CA,gg_interest_gdp,1910-12-31,0.61795502901077,2026-10-07
CA.gg_interest_gdp.IMF_WEO,CA,gg_interest_gdp,1911-12-31,0.5507789850235,2026-10-07
CA.gg_interest_gdp.IMF_WEO,CA,gg_interest_gdp,1912-12-31,0.50523298978806,2026-10-07
CA.gg_interest_gdp.IMF_WEO,CA,gg_interest_gdp,1913-12-31,0.48651701211929,2026-10-07
CA.gg_interest_gdp.IMF_WEO,CA,gg_interest_gdp,1914-12-31,0.64118301868439,2026-10-07
CA.gg_interest_gdp.IMF_WEO,CA,gg_interest_gdp,1915-12-31,0.79595297574997,2026-10-07
CA.gg_interest_gdp.IMF_WEO,CA,gg_interest_gdp,1916-12-31,1.1040199995041,2026-10-07
CA.gg_interest_gdp.IMF_WEO,CA,gg_interest_gdp,1917-12-31,1.1974300146103,2026-10-07
CA.gg_interest_gdp.IMF_WEO,CA,gg_interest_gdp,1918-12-31,1.8162599802017,2026-10-07
CA.gg_interest_gdp.IMF_WEO,CA,gg_interest_gdp,1919-12-31,2.87126994133,2026-10-07
CA.gg_interest_gdp.IMF_WEO,CA,gg_interest_gdp,1920-12-31,2.7564299106598,2026-10-07
CA.gg_interest_gdp.IMF_WEO,CA,gg_interest_gdp,1921-12-31,3.3187699317932,2026-10-07
CA.gg_interest_gdp.IMF_WEO,CA,gg_interest_gdp,1922-12-31,3.2570400238037,2026-10-07
CA.gg_interest_gdp.IMF_WEO,CA,gg_interest_gdp,1923-12-31,2.9899199008942,2026-10-07
CA.gg_interest_gdp.IMF_WEO,CA,gg_interest_gdp,1924-12-31,2.9945600032806,2026-10-07
CA.gg_interest_gdp.IMF_WEO,CA,gg_interest_gdp,1925-12-31,2.616250038147,2026-10-07
CA.gg_interest_gdp.IMF_WEO,CA,gg_interest_gdp,1926-12-31,2.5204000473022,2026-10-07
CA.gg_interest_gdp.IMF_WEO,CA,gg_interest_gdp,1927-12-31,2.317929983139,2026-10-07
CA.gg_interest_gdp.IMF_WEO,CA,gg_interest_gdp,1928-12-31,2.0661199092865,2026-10-07
CA.gg_interest_gdp.IMF_WEO,CA,gg_interest_gdp,1929-12-31,1.980780005455,2026-10-07
CA.gg_interest_gdp.IMF_WEO,CA,gg_interest_gdp,1930-12-31,2.1206300258636,2026-10-07
CA.gg_interest_gdp.IMF_WEO,CA,gg_interest_gdp,1931-12-31,2.5804400444031,2026-10-07
CA.gg_interest_gdp.IMF_WEO,CA,gg_interest_gdp,1932-12-31,3.539589881897,2026-10-07
CA.gg_interest_gdp.IMF_WEO,CA,gg_interest_gdp,1933-12-31,4.0005698204041,2026-10-07
CA.gg_interest_gdp.IMF_WEO,CA,gg_interest_gdp,1934-12-31,3.4895401000977,2026-10-07
CA.gg_interest_gdp.IMF_WEO,CA,gg_interest_gdp,1935-12-31,3.1271800994873,2026-10-07
CA.gg_interest_gdp.IMF_WEO,CA,gg_interest_gdp,1936-12-31,2.9650399684906,2026-10-07
CA.gg_interest_gdp.IMF_WEO,CA,gg_interest_gdp,1937-12-31,2.5205099582672,2026-10-07
CA.gg_interest_gdp.IMF_WEO,CA,gg_interest_gdp,1938-12-31,2.5246601104736,2026-10-07
CA.gg_interest_gdp.IMF_WEO,CA,gg_interest_gdp,1939-12-31,2.3945899009705,2026-10-07
CA.gg_interest_gdp.IMF_WEO,CA,gg_interest_gdp,1940-12-31,2.1704199314117,2026-10-07
CA.gg_interest_gdp.IMF_WEO,CA,gg_interest_gdp,1941-12-31,2.0719599723816,2026-10-07
CA.gg_interest_gdp.IMF_WEO,CA,gg_interest_gdp,1942-12-31,1.9727200269699,2026-10-07
CA.gg_interest_gdp.IMF_WEO,CA,gg_interest_gdp,1943-12-31,2.3712999820709,2026-10-07
CA.gg_interest_gdp.IMF_WEO,CA,gg_interest_gdp,1944-12-31,2.8680000305176,2026-10-07
CA.gg_interest_gdp.IMF_WEO,CA,gg_interest_gdp,1945-12-31,3.6887800693512,2026-10-07
CA.gg_interest_gdp.IMF_WEO,CA,gg_interest_gdp,1946-12-31,4.0151400566101,2026-10-07
CA.gg_interest_gdp.IMF_WEO,CA,gg_interest_gdp,1947-12-31,3.4639599323273,2026-10-07
CA.gg_interest_gdp.IMF_WEO,CA,gg_interest_gdp,1948-12-31,3.0640299320221,2026-10-07
CA.gg_interest_gdp.IMF_WEO,CA,gg_interest_gdp,1949-12-31,2.6833300590515,2026-10-07
CA.gg_interest_gdp.IMF_WEO,CA,gg_interest_gdp,1950-12-31,2.2688200473785,2026-10-07
CA.gg_interest_gdp.IMF_WEO,CA,gg_interest_gdp,1951-12-31,2.3556799888611,2026-10-07
CA.gg_interest_gdp.IMF_WEO,CA,gg_interest_gdp,1952-12-31,1.8256299495697,2026-10-07
CA.gg_interest_gdp.IMF_WEO,CA,gg_interest_gdp,1953-12-31,1.8562400341034,2026-10-07
CA.gg_interest_gdp.IMF_WEO,CA,gg_interest_gdp,1954-12-31,1.8713099956512,2026-10-07
CA.gg_interest_gdp.IMF_WEO,CA,gg_interest_gdp,1955-12-31,1.7379100322723,2026-10-07
CA.gg_interest_gdp.IMF_WEO,CA,gg_interest_gdp,1956-12-31,1.6044900417328,2026-10-07
CA.gg_interest_gdp.IMF_WEO,CA,gg_interest_gdp,1957-12-31,1.6271300315857,2026-10-07
CA.gg_interest_gdp.IMF_WEO,CA,gg_interest_gdp,1958-12-31,1.7946399450302,2026-10-07
CA.gg_interest_gdp.IMF_WEO,CA,gg_interest_gdp,1959-12-31,2.0445599555969,2026-10-07
CA.gg_interest_gdp.IMF_WEO,CA,gg_interest_gdp,1960-12-31,1.9984699487686,2026-10-07
CA.gg_interest_gdp.IMF_WEO,CA,gg_interest_gdp,1961-12-31,2.8902399539948,2026-10-07
CA.gg_interest_gdp.IMF_WEO,CA,gg_interest_gdp,1962-12-31,2.9575700759888,2026-10-07
CA.gg_interest_gdp.IMF_WEO,CA,gg_interest_gdp,1963-12-31,2.9961800575256,2026-10-07
CA.gg_interest_gdp.IMF_WEO,CA,gg_interest_gdp,1964-12-31,2.9534299373627,2026-10-07
CA.gg_interest_gdp.IMF_WEO,CA,gg_interest_gdp,1965-12-31,2.9138600826263,2026-10-07
CA.gg_interest_gdp.IMF_WEO,CA,gg_interest_gdp,1966-12-31,2.9050600528717,2026-10-07
CA.gg_interest_gdp.IMF_WEO,CA,gg_interest_gdp,1967-12-31,3.0273499488831,2026-10-07
CA.gg_interest_gdp.IMF_WEO,CA,gg_interest_gdp,1968-12-31,3.1958100795746,2026-10-07
CA.gg_interest_gdp.IMF_WEO,CA,gg_interest_gdp,1969-12-31,3.3593800067902,2026-10-07
CA.gg_interest_gdp.IMF_WEO,CA,gg_interest_gdp,1970-12-31,3.6693699359894,2026-10-07
CA.gg_interest_gdp.IMF_WEO,CA,gg_interest_gdp,1971-12-31,3.8108699321747,2026-10-07
CA.gg_interest_gdp.IMF_WEO,CA,gg_interest_gdp,1972-12-31,3.8612399101257,2026-10-07
CA.gg_interest_gdp.IMF_WEO,CA,gg_interest_gdp,1973-12-31,3.8074998855591,2026-10-07
CA.gg_interest_gdp.IMF_WEO,CA,gg_interest_gdp,1974-12-31,3.5627601146698,2026-10-07
CA.gg_interest_gdp.IMF_WEO,CA,gg_interest_gdp,1975-12-31,3.8238499164581,2026-10-07
CA.gg_interest_gdp.IMF_WEO,CA,gg_interest_gdp,1976-12-31,4.1211199760437,2026-10-07
CA.gg_interest_gdp.IMF_WEO,CA,gg_interest_gdp,1977-12-31,4.2683901786804,2026-10-07
CA.gg_interest_gdp.IMF_WEO,CA,gg_interest_gdp,1978-12-31,4.7946500778198,2026-10-07
CA.gg_interest_gdp.IMF_WEO,CA,gg_interest_gdp,1979-12-31,5.0279498100281,2026-10-07
CA.gg_interest_gdp.IMF_WEO,CA,gg_interest_gdp,1980-12-31,5.4177899360657,2026-10-07
CA.gg_interest_gdp.IMF_WEO,CA,gg_interest_gdp,1981-12-31,6.2501602172852,2026-10-07
CA.gg_interest_gdp.IMF_WEO,CA,gg_interest_gdp,1982-12-31,7.2182002067566,2026-10-07
CA.gg_interest_gdp.IMF_WEO,CA,gg_interest_gdp,1983-12-31,7.2579002380371,2026-10-07
CA.gg_interest_gdp.IMF_WEO,CA,gg_interest_gdp,1984-12-31,7.8177099227905,2026-10-07
CA.gg_interest_gdp.IMF_WEO,CA,gg_interest_gdp,1985-12-31,8.3557395935059,2026-10-07
CA.gg_interest_gdp.IMF_WEO,CA,gg_interest_gdp,1986-12-31,8.4328899383545,2026-10-07
CA.gg_interest_gdp.IMF_WEO,CA,gg_interest_gdp,1987-12-31,8.2796497344971,2026-10-07
CA.gg_interest_gdp.IMF_WEO,CA,gg_interest_gdp,1988-12-31,8.2868204116821,2026-10-07
CA.gg_interest_gdp.IMF_WEO,CA,gg_interest_gdp,1989-12-31,8.8615703582764,2026-10-07
CA.gg_interest_gdp.IMF_WEO,CA,gg_interest_gdp,1990-12-31,9.4549198150635,2026-10-07
CA.gg_interest_gdp.IMF_WEO,CA,gg_interest_gdp,1991-12-31,9.4148101806641,2026-10-07
CA.gg_interest_gdp.IMF_WEO,CA,gg_interest_gdp,1992-12-31,9.313759803772,2026-10-07
CA.gg_interest_gdp.IMF_WEO,CA,gg_interest_gdp,1993-12-31,9.1931295394897,2026-10-07
CA.gg_interest_gdp.IMF_WEO,CA,gg_interest_gdp,1994-12-31,9.0283403396606,2026-10-07
CA.gg_interest_gdp.IMF_WEO,CA,gg_interest_gdp,1995-12-31,9.5662002563477,2026-10-07
CA.gg_interest_gdp.IMF_WEO,CA,gg_interest_gdp,1996-12-31,9.115460395813,2026-10-07
CA.gg_interest_gdp.IMF_WEO,CA,gg_interest_gdp,1997-12-31,8.387020111084,2026-10-07
CA.gg_interest_gdp.IMF_WEO,CA,gg_interest_gdp,1998-12-31,8.2489900588989,2026-10-07
CA.gg_interest_gdp.IMF_WEO,CA,gg_interest_gdp,1999-12-31,7.6371002197266,2026-10-07
CA.gg_interest_gdp.IMF_WEO,CA,gg_interest_gdp,2000-12-31,7.1050200462341,2026-10-07
CA.gg_interest_gdp.IMF_WEO,CA,gg_interest_gdp,2001-12-31,6.4243982095911,2026-10-07
CA.gg_interest_gdp.IMF_WEO,CA,gg_interest_gdp,2002-12-31,5.6418144013457,2026-10-07
CA.gg_interest_gdp.IMF_WEO,CA,gg_interest_gdp,2003-12-31,5.2322101587013,2026-10-07
CA.gg_interest_gdp.IMF_WEO,CA,gg_interest_gdp,2004-12-31,4.7941539127264,2026-10-07
CA.gg_interest_gdp.IMF_WEO,CA,gg_interest_gdp,2005-12-31,4.4145639741416,2026-10-07
CA.gg_interest_gdp.IMF_WEO,CA,gg_interest_gdp,2006-12-31,4.1966345138727,2026-10-07
CA.gg_interest_gdp.IMF_WEO,CA,gg_interest_gdp,2007-12-31,3.9261286169843,2026-10-07
CA.gg_interest_gdp.IMF_WEO,CA,gg_interest_gdp,2008-12-31,3.6855454994777,2026-10-07
CA.gg_interest_gdp.IMF_WEO,CA,gg_interest_gdp,2009-12-31,3.6861036546018,2026-10-07
CA.gg_interest_gdp.IMF_WEO,CA,gg_interest_gdp,2010-12-31,3.6007365934235,2026-10-07
CA.gg_interest_gdp.IMF_WEO,CA,gg_interest_gdp,2011-12-31,3.5664460619493,2026-10-07
CA.gg_interest_gdp.IMF_WEO,CA,gg_interest_gdp,2012-12-31,3.4186715090458,2026-10-07
CA.gg_interest_gdp.IMF_WEO,CA,gg_interest_gdp,2013-12-31,3.3081928897772,2026-10-07
CA.gg_interest_gdp.IMF_WEO,CA,gg_interest_gdp,2014-12-31,3.1046198853275,2026-10-07
CA.gg_interest_gdp.IMF_WEO,CA,gg_interest_gdp,2015-12-31,3.0708772578539,2026-10-07
CA.gg_interest_gdp.IMF_WEO,CA,gg_interest_gdp,2016-12-31,2.968400940986,2026-10-07
CA.gg_interest_gdp.IMF_WEO,CA,gg_interest_gdp,2017-12-31,2.8437276498021,2026-10-07
CA.gg_interest_gdp.IMF_WEO,CA,gg_interest_gdp,2018-12-31,2.9410804343207,2026-10-07
CA.gg_interest_gdp.IMF_WEO,CA,gg_interest_gdp,2019-12-31,2.9581645280461,2026-10-07
CA.gg_interest_gdp.IMF_WEO,CA,gg_interest_gdp,2020-12-31,2.9303404101819,2026-10-07
CA.gg_interest_gdp.IMF_WEO,CA,gg_interest_gdp,2021-12-31,2.6285798113272,2026-10-07
CA.gg_interest_gdp.IMF_WEO,CA,gg_interest_gdp,2022-12-31,2.6839568703656,2026-10-07
CA.gg_interest_gdp.IMF_WEO,CA,gg_interest_gdp,2023-12-31,3.2374966340697,2026-10-07
CA.gg_interest_gdp.IMF_WEO,CA,gg_interest_gdp,2024-12-31,3.5327726759942,2026-10-07
CA.gg_net_lending_gdp.IMF_WEO,CA,gg_net_lending_gdp,1980-12-31,-4.0,2026-10-07
CA.gg_net_lending_gdp.IMF_WEO,CA,gg_net_lending_gdp,1981-12-31,-2.9,2026-10-07
CA.gg_net_lending_gdp.IMF_WEO,CA,gg_net_lending_gdp,1982-12-31,-6.9,2026-10-07
CA.gg_net_lending_gdp.IMF_WEO,CA,gg_net_lending_gdp,1983-12-31,-8.0,2026-10-07
CA.gg_net_lending_gdp.IMF_WEO,CA,gg_net_lending_gdp,1984-12-31,-7.9,2026-10-07
CA.gg_net_lending_gdp.IMF_WEO,CA,gg_net_lending_gdp,1985-12-31,-8.8,2026-10-07
CA.gg_net_lending_gdp.IMF_WEO,CA,gg_net_lending_gdp,1986-12-31,-7.3,2026-10-07
CA.gg_net_lending_gdp.IMF_WEO,CA,gg_net_lending_gdp,1987-12-31,-5.7,2026-10-07
CA.gg_net_lending_gdp.IMF_WEO,CA,gg_net_lending_gdp,1988-12-31,-4.5,2026-10-07
CA.gg_net_lending_gdp.IMF_WEO,CA,gg_net_lending_gdp,1989-12-31,-4.7,2026-10-07
CA.gg_net_lending_gdp.IMF_WEO,CA,gg_net_lending_gdp,1990-12-31,-5.9,2026-10-07
CA.gg_net_lending_gdp.IMF_WEO,CA,gg_net_lending_gdp,1991-12-31,-8.4,2026-10-07
CA.gg_net_lending_gdp.IMF_WEO,CA,gg_net_lending_gdp,1992-12-31,-9.2,2026-10-07
CA.gg_net_lending_gdp.IMF_WEO,CA,gg_net_lending_gdp,1993-12-31,-8.9,2026-10-07
CA.gg_net_lending_gdp.IMF_WEO,CA,gg_net_lending_gdp,1994-12-31,-6.9,2026-10-07
CA.gg_net_lending_gdp.IMF_WEO,CA,gg_net_lending_gdp,1995-12-31,-5.5,2026-10-07
CA.gg_net_lending_gdp.IMF_WEO,CA,gg_net_lending_gdp,1996-12-31,-3.1,2026-10-07
CA.gg_net_lending_gdp.IMF_WEO,CA,gg_net_lending_gdp,1997-12-31,0.0,2026-10-07
CA.gg_net_lending_gdp.IMF_WEO,CA,gg_net_lending_gdp,1998-12-31,0.1,2026-10-07
CA.gg_net_lending_gdp.IMF_WEO,CA,gg_net_lending_gdp,1999-12-31,1.7,2026-10-07
CA.gg_net_lending_gdp.IMF_WEO,CA,gg_net_lending_gdp,2000-12-31,2.6,2026-10-07
CA.gg_net_lending_gdp.IMF_WEO,CA,gg_net_lending_gdp,2001-12-31,0.5,2026-10-07
CA.gg_net_lending_gdp.IMF_WEO,CA,gg_net_lending_gdp,2002-12-31,-0.2,2026-10-07
CA.gg_net_lending_gdp.IMF_WEO,CA,gg_net_lending_gdp,2003-12-31,-0.1,2026-10-07
CA.gg_net_lending_gdp.IMF_WEO,CA,gg_net_lending_gdp,2004-12-31,0.8,2026-10-07
CA.gg_net_lending_gdp.IMF_WEO,CA,gg_net_lending_gdp,2005-12-31,1.6,2026-10-07
CA.gg_net_lending_gdp.IMF_WEO,CA,gg_net_lending_gdp,2006-12-31,1.8,2026-10-07
CA.gg_net_lending_gdp.IMF_WEO,CA,gg_net_lending_gdp,2007-12-31,1.8,2026-10-07
CA.gg_net_lending_gdp.IMF_WEO,CA,gg_net_lending_gdp,2008-12-31,0.2,2026-10-07
CA.gg_net_lending_gdp.IMF_WEO,CA,gg_net_lending_gdp,2009-12-31,-3.9,2026-10-07
CA.gg_net_lending_gdp.IMF_WEO,CA,gg_net_lending_gdp,2010-12-31,-4.7,2026-10-07
CA.gg_net_lending_gdp.IMF_WEO,CA,gg_net_lending_gdp,2011-12-31,-3.3,2026-10-07
CA.gg_net_lending_gdp.IMF_WEO,CA,gg_net_lending_gdp,2012-12-31,-2.5,2026-10-07
CA.gg_net_lending_gdp.IMF_WEO,CA,gg_net_lending_gdp,2013-12-31,-1.5,2026-10-07
CA.gg_net_lending_gdp.IMF_WEO,CA,gg_net_lending_gdp,2014-12-31,0.2,2026-10-07
CA.gg_net_lending_gdp.IMF_WEO,CA,gg_net_lending_gdp,2015-12-31,-0.1,2026-10-07
CA.gg_net_lending_gdp.IMF_WEO,CA,gg_net_lending_gdp,2016-12-31,-0.5,2026-10-07
CA.gg_net_lending_gdp.IMF_WEO,CA,gg_net_lending_gdp,2017-12-31,-0.1,2026-10-07
CA.gg_net_lending_gdp.IMF_WEO,CA,gg_net_lending_gdp,2018-12-31,0.4,2026-10-07
CA.gg_net_lending_gdp.IMF_WEO,CA,gg_net_lending_gdp,2019-12-31,0.0,2026-10-07
CA.gg_net_lending_gdp.IMF_WEO,CA,gg_net_lending_gdp,2020-12-31,-10.9,2026-10-07
CA.gg_net_lending_gdp.IMF_WEO,CA,gg_net_lending_gdp,2021-12-31,-3.1,2026-10-07
CA.gg_net_lending_gdp.IMF_WEO,CA,gg_net_lending_gdp,2022-12-31,0.6,2026-10-07
CA.gg_net_lending_gdp.IMF_WEO,CA,gg_net_lending_gdp,2023-12-31,-0.2,2026-10-07
CA.gg_net_lending_gdp.IMF_WEO,CA,gg_net_lending_gdp,2024-12-31,-2.1,2026-10-07
CA.gg_net_lending_gdp.IMF_WEO,CA,gg_net_lending_gdp,2025-12-31,-1.8,2026-10-07
CA.gg_revenue_gdp.IMF_WEO,CA,gg_revenue_gdp,1870-12-31,5.0705699920654,2026-10-07
CA.gg_revenue_gdp.IMF_WEO,CA,gg_revenue_gdp,1871-12-31,5.0157499313354,2026-10-07
CA.gg_revenue_gdp.IMF_WEO,CA,gg_revenue_gdp,1872-12-31,4.6948399543762,2026-10-07
CA.gg_revenue_gdp.IMF_WEO,CA,gg_revenue_gdp,1873-12-31,5.0225501060486,2026-10-07
CA.gg_revenue_gdp.IMF_WEO,CA,gg_revenue_gdp,1874-12-31,5.06693983078,2026-10-07
CA.gg_revenue_gdp.IMF_WEO,CA,gg_revenue_gdp,1875-12-31,4.9944701194763,2026-10-07
CA.gg_revenue_gdp.IMF_WEO,CA,gg_revenue_gdp,1876-12-31,5.4303998947144,2026-10-07
CA.gg_revenue_gdp.IMF_WEO,CA,gg_revenue_gdp,1877-12-31,5.152979850769,2026-10-07
CA.gg_revenue_gdp.IMF_WEO,CA,gg_revenue_gdp,1878-12-31,6.5918002128601,2026-10-07
CA.gg_revenue_gdp.IMF_WEO,CA,gg_revenue_gdp,1879-12-31,5.2572498321533,2026-10-07
CA.gg_revenue_gdp.IMF_WEO,CA,gg_revenue_gdp,1880-12-31,6.1410799026489,2026-10-07
CA.gg_revenue_gdp.IMF_WEO,CA,gg_revenue_gdp,1881-12-31,6.1895599365234,2026-10-07
CA.gg_revenue_gdp.IMF_WEO,CA,gg_revenue_gdp,1882-12-31,5.9460301399231,2026-10-07
CA.gg_revenue_gdp.IMF_WEO,CA,gg_revenue_gdp,1883-12-31,5.3638601303101,2026-10-07
CA.gg_revenue_gdp.IMF_WEO,CA,gg_revenue_gdp,1884-12-31,5.7074499130249,2026-10-07
CA.gg_revenue_gdp.IMF_WEO,CA,gg_revenue_gdp,1885-12-31,6.0414800643921,2026-10-07
CA.gg_revenue_gdp.IMF_WEO,CA,gg_revenue_gdp,1886-12-31,6.384880065918,2026-10-07
CA.gg_revenue_gdp.IMF_WEO,CA,gg_revenue_gdp,1887-12-31,5.8746500015259,2026-10-07
CA.gg_revenue_gdp.IMF_WEO,CA,gg_revenue_gdp,1888-12-31,6.1557998657227,2026-10-07
CA.gg_revenue_gdp.IMF_WEO,CA,gg_revenue_gdp,1889-12-31,6.0841698646545,2026-10-07
CA.gg_revenue_gdp.IMF_WEO,CA,gg_revenue_gdp,1890-12-31,5.6317501068115,2026-10-07
CA.gg_revenue_gdp.IMF_WEO,CA,gg_revenue_gdp,1891-12-31,5.2452001571655,2026-10-07
CA.gg_revenue_gdp.IMF_WEO,CA,gg_revenue_gdp,1892-12-31,5.4548001289368,2026-10-07
CA.gg_revenue_gdp.IMF_WEO,CA,gg_revenue_gdp,1893-12-31,5.3341197967529,2026-10-07
CA.gg_revenue_gdp.IMF_WEO,CA,gg_revenue_gdp,1894-12-31,5.2195301055908,2026-10-07
CA.gg_revenue_gdp.IMF_WEO,CA,gg_revenue_gdp,1895-12-31,5.7783398628235,2026-10-07
CA.gg_revenue_gdp.IMF_WEO,CA,gg_revenue_gdp,1896-12-31,5.8988800048828,2026-10-07
CA.gg_revenue_gdp.IMF_WEO,CA,gg_revenue_gdp,1897-12-31,5.648540019989,2026-10-07
CA.gg_revenue_gdp.IMF_WEO,CA,gg_revenue_gdp,1898-12-31,6.0696601867676,2026-10-07
CA.gg_revenue_gdp.IMF_WEO,CA,gg_revenue_gdp,1899-12-31,6.1743302345276,2026-10-07
CA.gg_revenue_gdp.IMF_WEO,CA,gg_revenue_gdp,1900-12-31,5.7857599258423,2026-10-07
CA.gg_revenue_gdp.IMF_WEO,CA,gg_revenue_gdp,1901-12-31,5.8544502258301,2026-10-07
CA.gg_revenue_gdp.IMF_WEO,CA,gg_revenue_gdp,1902-12-31,6.1897101402283,2026-10-07
CA.gg_revenue_gdp.IMF_WEO,CA,gg_revenue_gdp,1903-12-31,6.0006799697876,2026-10-07
CA.gg_revenue_gdp.IMF_WEO,CA,gg_revenue_gdp,1904-12-31,5.9047899246216,2026-10-07
CA.gg_revenue_gdp.IMF_WEO,CA,gg_revenue_gdp,1905-12-31,5.8832201957703,2026-10-07
CA.gg_revenue_gdp.IMF_WEO,CA,gg_revenue_gdp,1906-12-31,4.4563899040222,2026-10-07
CA.gg_revenue_gdp.IMF_WEO,CA,gg_revenue_gdp,1907-12-31,5.5549101829529,2026-10-07
CA.gg_revenue_gdp.IMF_WEO,CA,gg_revenue_gdp,1908-12-31,5.169909954071,2026-10-07
CA.gg_revenue_gdp.IMF_WEO,CA,gg_revenue_gdp,1909-12-31,5.5268402099609,2026-10-07
CA.gg_revenue_gdp.IMF_WEO,CA,gg_revenue_gdp,1910-12-31,5.8285598754883,2026-10-07
CA.gg_revenue_gdp.IMF_WEO,CA,gg_revenue_gdp,1911-12-31,6.0943899154663,2026-10-07
CA.gg_revenue_gdp.IMF_WEO,CA,gg_revenue_gdp,1912-12-31,6.7645001411438,2026-10-07
CA.gg_revenue_gdp.IMF_WEO,CA,gg_revenue_gdp,1913-12-31,6.1550102233887,2026-10-07
CA.gg_revenue_gdp.IMF_WEO,CA,gg_revenue_gdp,1914-12-31,5.4316701889038,2026-10-07
CA.gg_revenue_gdp.IMF_WEO,CA,gg_revenue_gdp,1915-12-31,6.4011001586914,2026-10-07
CA.gg_revenue_gdp.IMF_WEO,CA,gg_revenue_gdp,1916-12-31,7.1761198043823,2026-10-07
CA.gg_revenue_gdp.IMF_WEO,CA,gg_revenue_gdp,1917-12-31,6.5332298278809,2026-10-07
CA.gg_revenue_gdp.IMF_WEO,CA,gg_revenue_gdp,1918-12-31,7.3424801826477,2026-10-07
CA.gg_revenue_gdp.IMF_WEO,CA,gg_revenue_gdp,1919-12-31,8.0070495605469,2026-10-07
CA.gg_revenue_gdp.IMF_WEO,CA,gg_revenue_gdp,1920-12-31,8.6328496932983,2026-10-07
CA.gg_revenue_gdp.IMF_WEO,CA,gg_revenue_gdp,1921-12-31,9.6961097717285,2026-10-07
CA.gg_revenue_gdp.IMF_WEO,CA,gg_revenue_gdp,1922-12-31,9.6743001937866,2026-10-07
CA.gg_revenue_gdp.IMF_WEO,CA,gg_revenue_gdp,1923-12-31,8.9522104263306,2026-10-07
CA.gg_revenue_gdp.IMF_WEO,CA,gg_revenue_gdp,1924-12-31,7.8307199478149,2026-10-07
CA.gg_revenue_gdp.IMF_WEO,CA,gg_revenue_gdp,1925-12-31,7.6725997924805,2026-10-07
CA.gg_revenue_gdp.IMF_WEO,CA,gg_revenue_gdp,1926-12-31,7.7944002151489,2026-10-07
CA.gg_revenue_gdp.IMF_WEO,CA,gg_revenue_gdp,1927-12-31,7.7468099594116,2026-10-07
CA.gg_revenue_gdp.IMF_WEO,CA,gg_revenue_gdp,1928-12-31,7.6297497749329,2026-10-07
CA.gg_revenue_gdp.IMF_WEO,CA,gg_revenue_gdp,1929-12-31,7.3790497779846,2026-10-07
CA.gg_revenue_gdp.IMF_WEO,CA,gg_revenue_gdp,1930-12-31,6.2534999847412,2026-10-07
CA.gg_revenue_gdp.IMF_WEO,CA,gg_revenue_gdp,1931-12-31,7.1276397705078,2026-10-07
CA.gg_revenue_gdp.IMF_WEO,CA,gg_revenue_gdp,1932-12-31,8.1725196838379,2026-10-07
CA.gg_revenue_gdp.IMF_WEO,CA,gg_revenue_gdp,1933-12-31,9.2955303192139,2026-10-07
CA.gg_revenue_gdp.IMF_WEO,CA,gg_revenue_gdp,1934-12-31,9.1181697845459,2026-10-07
CA.gg_revenue_gdp.IMF_WEO,CA,gg_revenue_gdp,1935-12-31,8.6631002426147,2026-10-07
CA.gg_revenue_gdp.IMF_WEO,CA,gg_revenue_gdp,1936-12-31,9.7993097305298,2026-10-07
CA.gg_revenue_gdp.IMF_WEO,CA,gg_revenue_gdp,1937-12-31,9.8588104248047,2026-10-07
CA.gg_revenue_gdp.IMF_WEO,CA,gg_revenue_gdp,1938-12-31,9.5239000320435,2026-10-07
CA.gg_revenue_gdp.IMF_WEO,CA,gg_revenue_gdp,1939-12-31,10.0,2026-10-07
CA.gg_revenue_gdp.IMF_WEO,CA,gg_revenue_gdp,1940-12-31,12.991200447083,2026-10-07
CA.gg_revenue_gdp.IMF_WEO,CA,gg_revenue_gdp,1941-12-31,17.972700119019,2026-10-07
CA.gg_revenue_gdp.IMF_WEO,CA,gg_revenue_gdp,1942-12-31,21.914300918579,2026-10-07
CA.gg_revenue_gdp.IMF_WEO,CA,gg_revenue_gdp,1943-12-31,25.015800476074,2026-10-07
CA.gg_revenue_gdp.IMF_WEO,CA,gg_revenue_gdp,1944-12-31,22.681499481201,2026-10-07
CA.gg_revenue_gdp.IMF_WEO,CA,gg_revenue_gdp,1945-12-31,25.39999961853,2026-10-07
CA.gg_revenue_gdp.IMF_WEO,CA,gg_revenue_gdp,1946-12-31,25.308399200439,2026-10-07
CA.gg_revenue_gdp.IMF_WEO,CA,gg_revenue_gdp,1947-12-31,21.314500808716,2026-10-07
CA.gg_revenue_gdp.IMF_WEO,CA,gg_revenue_gdp,1948-12-31,17.869600296021,2026-10-07
CA.gg_revenue_gdp.IMF_WEO,CA,gg_revenue_gdp,1949-12-31,15.3577003479,2026-10-07
CA.gg_revenue_gdp.IMF_WEO,CA,gg_revenue_gdp,1950-12-31,16.085899353027,2026-10-07
CA.gg_revenue_gdp.IMF_WEO,CA,gg_revenue_gdp,1951-12-31,17.660499572754,2026-10-07
CA.gg_revenue_gdp.IMF_WEO,CA,gg_revenue_gdp,1952-12-31,17.124599456787,2026-10-07
CA.gg_revenue_gdp.IMF_WEO,CA,gg_revenue_gdp,1953-12-31,16.462699890137,2026-10-07
CA.gg_revenue_gdp.IMF_WEO,CA,gg_revenue_gdp,1954-12-31,15.362000465393,2026-10-07
CA.gg_revenue_gdp.IMF_WEO,CA,gg_revenue_gdp,1955-12-31,14.868399620056,2026-10-07
CA.gg_revenue_gdp.IMF_WEO,CA,gg_revenue_gdp,1956-12-31,15.340399742126,2026-10-07
CA.gg_revenue_gdp.IMF_WEO,CA,gg_revenue_gdp,1957-12-31,14.478400230408,2026-10-07
CA.gg_revenue_gdp.IMF_WEO,CA,gg_revenue_gdp,1958-12-31,13.168199539185,2026-10-07
CA.gg_revenue_gdp.IMF_WEO,CA,gg_revenue_gdp,1959-12-31,13.803899765015,2026-10-07
CA.gg_revenue_gdp.IMF_WEO,CA,gg_revenue_gdp,1960-12-31,14.075699806213,2026-10-07
CA.gg_revenue_gdp.IMF_WEO,CA,gg_revenue_gdp,1961-12-31,27.884799957275,2026-10-07
CA.gg_revenue_gdp.IMF_WEO,CA,gg_revenue_gdp,1962-12-31,28.037599563599,2026-10-07
CA.gg_revenue_gdp.IMF_WEO,CA,gg_revenue_gdp,1963-12-31,27.968599319458,2026-10-07
CA.gg_revenue_gdp.IMF_WEO,CA,gg_revenue_gdp,1964-12-31,28.986299514771,2026-10-07
CA.gg_revenue_gdp.IMF_WEO,CA,gg_revenue_gdp,1965-12-31,29.568500518799,2026-10-07
CA.gg_revenue_gdp.IMF_WEO,CA,gg_revenue_gdp,1966-12-31,30.685899734497,2026-10-07
CA.gg_revenue_gdp.IMF_WEO,CA,gg_revenue_gdp,1967-12-31,32.042499542236,2026-10-07
CA.gg_revenue_gdp.IMF_WEO,CA,gg_revenue_gdp,1968-12-31,33.345100402832,2026-10-07
CA.gg_revenue_gdp.IMF_WEO,CA,gg_revenue_gdp,1969-12-31,35.13990020752,2026-10-07
CA.gg_revenue_gdp.IMF_WEO,CA,gg_revenue_gdp,1970-12-31,35.669101715088,2026-10-07
CA.gg_revenue_gdp.IMF_WEO,CA,gg_revenue_gdp,1971-12-31,36.279998779297,2026-10-07
CA.gg_revenue_gdp.IMF_WEO,CA,gg_revenue_gdp,1972-12-31,36.556198120117,2026-10-07
CA.gg_revenue_gdp.IMF_WEO,CA,gg_revenue_gdp,1973-12-31,36.597801208496,2026-10-07
CA.gg_revenue_gdp.IMF_WEO,CA,gg_revenue_gdp,1974-12-31,38.684600830078,2026-10-07
CA.gg_revenue_gdp.IMF_WEO,CA,gg_revenue_gdp,1975-12-31,37.572601318359,2026-10-07
CA.gg_revenue_gdp.IMF_WEO,CA,gg_revenue_gdp,1976-12-31,37.417098999023,2026-10-07
CA.gg_revenue_gdp.IMF_WEO,CA,gg_revenue_gdp,1977-12-31,37.333499908447,2026-10-07
CA.gg_revenue_gdp.IMF_WEO,CA,gg_revenue_gdp,1978-12-31,36.842998504639,2026-10-07
CA.gg_revenue_gdp.IMF_WEO,CA,gg_revenue_gdp,1979-12-31,36.625999450684,2026-10-07
CA.gg_revenue_gdp.IMF_WEO,CA,gg_revenue_gdp,1980-12-31,37.487201690674,2026-10-07
CA.gg_revenue_gdp.IMF_WEO,CA,gg_revenue_gdp,1981-12-31,39.637298583984,2026-10-07
CA.gg_revenue_gdp.IMF_WEO,CA,gg_revenue_gdp,1982-12-31,40.230400085449,2026-10-07
CA.gg_revenue_gdp.IMF_WEO,CA,gg_revenue_gdp,1983-12-31,39.71720123291,2026-10-07
CA.gg_revenue_gdp.IMF_WEO,CA,gg_revenue_gdp,1984-12-31,39.75830078125,2026-10-07
CA.gg_revenue_gdp.IMF_WEO,CA,gg_revenue_gdp,1985-12-31,39.714298248291,2026-10-07
CA.gg_revenue_gdp.IMF_WEO,CA,gg_revenue_gdp,1986-12-31,40.439498901367,2026-10-07
CA.gg_revenue_gdp.IMF_WEO,CA,gg_revenue_gdp,1987-12-31,40.637500762939,2026-10-07
CA.gg_revenue_gdp.IMF_WEO,CA,gg_revenue_gdp,1988-12-31,41.02320098877,2026-10-07
CA.gg_revenue_gdp.IMF_WEO,CA,gg_revenue_gdp,1989-12-31,41.241798400879,2026-10-07
CA.gg_revenue_gdp.IMF_WEO,CA,gg_revenue_gdp,1990-12-31,42.975601196289,2026-10-07
CA.gg_revenue_gdp.IMF_WEO,CA,gg_revenue_gdp,1991-12-31,43.909599304199,2026-10-07
CA.gg_revenue_gdp.IMF_WEO,CA,gg_revenue_gdp,1992-12-31,44.214500427246,2026-10-07
CA.gg_revenue_gdp.IMF_WEO,CA,gg_revenue_gdp,1993-12-31,43.513198852539,2026-10-07
CA.gg_revenue_gdp.IMF_WEO,CA,gg_revenue_gdp,1994-12-31,43.032600402832,2026-10-07
CA.gg_revenue_gdp.IMF_WEO,CA,gg_revenue_gdp,1995-12-31,43.150798797607,2026-10-07
CA.gg_revenue_gdp.IMF_WEO,CA,gg_revenue_gdp,1996-12-31,43.786998748779,2026-10-07
CA.gg_revenue_gdp.IMF_WEO,CA,gg_revenue_gdp,1997-12-31,44.462398529053,2026-10-07
CA.gg_revenue_gdp.IMF_WEO,CA,gg_revenue_gdp,1998-12-31,44.882701873779,2026-10-07
CA.gg_revenue_gdp.IMF_WEO,CA,gg_revenue_gdp,1999-12-31,44.298000335693,2026-10-07
CA.gg_revenue_gdp.IMF_WEO,CA,gg_revenue_gdp,2000-12-31,44.053100585938,2026-10-07
CA.gg_revenue_gdp.IMF_WEO,CA,gg_revenue_gdp,2001-12-31,41.631638129804,2026-10-07
CA.gg_revenue_gdp.IMF_WEO,CA,gg_revenue_gdp,2002-12-31,40.159957241973,2026-10-07
CA.gg_revenue_gdp.IMF_WEO,CA,gg_revenue_gdp,2003-12-31,40.148731178477,2026-10-07
CA.gg_revenue_gdp.IMF_WEO,CA,gg_revenue_gdp,2004-12-31,39.902345607012,2026-10-07
CA.gg_revenue_gdp.IMF_WEO,CA,gg_revenue_gdp,2005-12-31,40.073720270964,2026-10-07
CA.gg_revenue_gdp.IMF_WEO,CA,gg_revenue_gdp,2006-12-31,40.488399068825,2026-10-07
CA.gg_revenue_gdp.IMF_WEO,CA,gg_revenue_gdp,2007-12-31,40.338703942102,2026-10-07
CA.gg_revenue_gdp.IMF_WEO,CA,gg_revenue_gdp,2008-12-31,38.959808477883,2026-10-07
CA.gg_revenue_gdp.IMF_WEO,CA,gg_revenue_gdp,2009-12-31,39.539397734664,2026-10-07
CA.gg_revenue_gdp.IMF_WEO,CA,gg_revenue_gdp,2010-12-31,38.326386754763,2026-10-07
CA.gg_revenue_gdp.IMF_WEO,CA,gg_revenue_gdp,2011-12-31,38.266510264855,2026-10-07
CA.gg_revenue_gdp.IMF_WEO,CA,gg_revenue_gdp,2012-12-31,38.401686513963,2026-10-07
CA.gg_revenue_gdp.IMF_WEO,CA,gg_revenue_gdp,2013-12-31,38.466035167883,2026-10-07
CA.gg_revenue_gdp.IMF_WEO,CA,gg_revenue_gdp,2014-12-31,38.545379262499,2026-10-07
CA.gg_revenue_gdp.IMF_WEO,CA,gg_revenue_gdp,2015-12-31,39.956572437967,2026-10-07
CA.gg_revenue_gdp.IMF_WEO,CA,gg_revenue_gdp,2016-12-31,40.300068870693,2026-10-07
CA.gg_revenue_gdp.IMF_WEO,CA,gg_revenue_gdp,2017-12-31,40.342962692016,2026-10-07
CA.gg_revenue_gdp.IMF_WEO,CA,gg_revenue_gdp,2018-12-31,41.022241604884,2026-10-07
CA.gg_revenue_gdp.IMF_WEO,CA,gg_revenue_gdp,2019-12-31,40.572355280578,2026-10-07
CA.gg_revenue_gdp.IMF_WEO,CA,gg_revenue_gdp,2020-12-31,41.41327711845,2026-10-07
CA.gg_revenue_gdp.IMF_WEO,CA,gg_revenue_gdp,2021-12-31,42.413532832404,2026-10-07
CA.gg_revenue_gdp.IMF_WEO,CA,gg_revenue_gdp,2022-12-31,41.18932702898,2026-10-07
CA.gg_revenue_gdp.IMF_WEO,CA,gg_revenue_gdp,2023-12-31,42.167522777549,2026-10-07
CA.gg_revenue_gdp.IMF_WEO,CA,gg_revenue_gdp,2024-12-31,42.701342882605,2026-10-07
CA.rgdp_growth.IMF_WEO,CA,rgdp_growth,1980-12-31,2.2,2026-10-07
CA.rgdp_growth.IMF_WEO,CA,rgdp_growth,1981-12-31,3.5,2026-10-07
CA.rgdp_growth.IMF_WEO,CA,rgdp_growth,1982-12-31,-3.2,2026-10-07
CA.rgdp_growth.IMF_WEO,CA,rgdp_growth,1983-12-31,2.6,2026-10-07
CA.rgdp_growth.IMF_WEO,CA,rgdp_growth,1984-12-31,5.9,2026-10-07
CA.rgdp_growth.IMF_WEO,CA,rgdp_growth,1985-12-31,4.7,2026-10-07
CA.rgdp_growth.IMF_WEO,CA,rgdp_growth,1986-12-31,2.1,2026-10-07
CA.rgdp_growth.IMF_WEO,CA,rgdp_growth,1987-12-31,4.1,2026-10-07
CA.rgdp_growth.IMF_WEO,CA,rgdp_growth,1988-12-31,4.4,2026-10-07
CA.rgdp_growth.IMF_WEO,CA,rgdp_growth,1989-12-31,2.3,2026-10-07
CA.rgdp_growth.IMF_WEO,CA,rgdp_growth,1990-12-31,0.2,2026-10-07
CA.rgdp_growth.IMF_WEO,CA,rgdp_growth,1991-12-31,-2.1,2026-10-07
CA.rgdp_growth.IMF_WEO,CA,rgdp_growth,1992-12-31,0.9,2026-10-07
CA.rgdp_growth.IMF_WEO,CA,rgdp_growth,1993-12-31,2.7,2026-10-07
CA.rgdp_growth.IMF_WEO,CA,rgdp_growth,1994-12-31,4.5,2026-10-07
CA.rgdp_growth.IMF_WEO,CA,rgdp_growth,1995-12-31,2.7,2026-10-07
CA.rgdp_growth.IMF_WEO,CA,rgdp_growth,1996-12-31,1.7,2026-10-07
CA.rgdp_growth.IMF_WEO,CA,rgdp_growth,1997-12-31,4.3,2026-10-07
CA.rgdp_growth.IMF_WEO,CA,rgdp_growth,1998-12-31,3.9,2026-10-07
CA.rgdp_growth.IMF_WEO,CA,rgdp_growth,1999-12-31,5.1,2026-10-07
CA.rgdp_growth.IMF_WEO,CA,rgdp_growth,2000-12-31,5.1,2026-10-07
CA.rgdp_growth.IMF_WEO,CA,rgdp_growth,2001-12-31,1.9,2026-10-07
CA.rgdp_growth.IMF_WEO,CA,rgdp_growth,2002-12-31,3.0,2026-10-07
CA.rgdp_growth.IMF_WEO,CA,rgdp_growth,2003-12-31,1.8,2026-10-07
CA.rgdp_growth.IMF_WEO,CA,rgdp_growth,2004-12-31,3.1,2026-10-07
CA.rgdp_growth.IMF_WEO,CA,rgdp_growth,2005-12-31,3.2,2026-10-07
CA.rgdp_growth.IMF_WEO,CA,rgdp_growth,2006-12-31,2.6,2026-10-07
CA.rgdp_growth.IMF_WEO,CA,rgdp_growth,2007-12-31,2.0,2026-10-07
CA.rgdp_growth.IMF_WEO,CA,rgdp_growth,2008-12-31,1.0,2026-10-07
CA.rgdp_growth.IMF_WEO,CA,rgdp_growth,2009-12-31,-2.9,2026-10-07
CA.rgdp_growth.IMF_WEO,CA,rgdp_growth,2010-12-31,3.1,2026-10-07
CA.rgdp_growth.IMF_WEO,CA,rgdp_growth,2011-12-31,3.1,2026-10-07
CA.rgdp_growth.IMF_WEO,CA,rgdp_growth,2012-12-31,1.8,2026-10-07
CA.rgdp_growth.IMF_WEO,CA,rgdp_growth,2013-12-31,2.3,2026-10-07
CA.rgdp_growth.IMF_WEO,CA,rgdp_growth,2014-12-31,2.9,2026-10-07
CA.rgdp_growth.IMF_WEO,CA,rgdp_growth,2015-12-31,0.6,2026-10-07
CA.rgdp_growth.IMF_WEO,CA,rgdp_growth,2016-12-31,1.0,2026-10-07
CA.rgdp_growth.IMF_WEO,CA,rgdp_growth,2017-12-31,3.0,2026-10-07
CA.rgdp_growth.IMF_WEO,CA,rgdp_growth,2018-12-31,2.7,2026-10-07
CA.rgdp_growth.IMF_WEO,CA,rgdp_growth,2019-12-31,1.9,2026-10-07
CA.rgdp_growth.IMF_WEO,CA,rgdp_growth,2020-12-31,-5.0,2026-10-07
CA.rgdp_growth.IMF_WEO,CA,rgdp_growth,2021-12-31,6.0,2026-10-07
CA.rgdp_growth.IMF_WEO,CA,rgdp_growth,2022-12-31,4.7,2026-10-07
CA.rgdp_growth.IMF_WEO,CA,rgdp_growth,2023-12-31,2.0,2026-10-07
CA.rgdp_growth.IMF_WEO,CA,rgdp_growth,2024-12-31,2.0,2026-10-07
CA.rgdp_growth.IMF_WEO,CA,rgdp_growth,2025-12-31,1.7,2026-10-07
CH.cpi_yoy.IMF_WEO,CH,cpi_yoy,1980-12-31,4.0,2026-10-07
CH.cpi_yoy.IMF_WEO,CH,cpi_yoy,1981-12-31,6.5,2026-10-07
CH.cpi_yoy.IMF_WEO,CH,cpi_yoy,1982-12-31,5.7,2026-10-07
CH.cpi_yoy.IMF_WEO,CH,cpi_yoy,1983-12-31,3.0,2026-10-07
CH.cpi_yoy.IMF_WEO,CH,cpi_yoy,1984-12-31,2.9,2026-10-07
CH.cpi_yoy.IMF_WEO,CH,cpi_yoy,1985-12-31,3.4,2026-10-07
CH.cpi_yoy.IMF_WEO,CH,cpi_yoy,1986-12-31,0.7,2026-10-07
CH.cpi_yoy.IMF_WEO,CH,cpi_yoy,1987-12-31,1.4,2026-10-07
CH.cpi_yoy.IMF_WEO,CH,cpi_yoy,1988-12-31,1.9,2026-10-07
CH.cpi_yoy.IMF_WEO,CH,cpi_yoy,1989-12-31,3.2,2026-10-07
CH.cpi_yoy.IMF_WEO,CH,cpi_yoy,1990-12-31,5.4,2026-10-07
CH.cpi_yoy.IMF_WEO,CH,cpi_yoy,1991-12-31,5.9,2026-10-07
CH.cpi_yoy.IMF_WEO,CH,cpi_yoy,1992-12-31,4.0,2026-10-07
CH.cpi_yoy.IMF_WEO,CH,cpi_yoy,1993-12-31,3.3,2026-10-07
CH.cpi_yoy.IMF_WEO,CH,cpi_yoy,1994-12-31,0.9,2026-10-07
CH.cpi_yoy.IMF_WEO,CH,cpi_yoy,1995-12-31,1.8,2026-10-07
CH.cpi_yoy.IMF_WEO,CH,cpi_yoy,1996-12-31,0.8,2026-10-07
CH.cpi_yoy.IMF_WEO,CH,cpi_yoy,1997-12-31,0.5,2026-10-07
CH.cpi_yoy.IMF_WEO,CH,cpi_yoy,1998-12-31,0.0,2026-10-07
CH.cpi_yoy.IMF_WEO,CH,cpi_yoy,1999-12-31,0.8,2026-10-07
CH.cpi_yoy.IMF_WEO,CH,cpi_yoy,2000-12-31,1.6,2026-10-07
CH.cpi_yoy.IMF_WEO,CH,cpi_yoy,2001-12-31,1.0,2026-10-07
CH.cpi_yoy.IMF_WEO,CH,cpi_yoy,2002-12-31,0.6,2026-10-07
CH.cpi_yoy.IMF_WEO,CH,cpi_yoy,2003-12-31,0.6,2026-10-07
CH.cpi_yoy.IMF_WEO,CH,cpi_yoy,2004-12-31,0.8,2026-10-07
CH.cpi_yoy.IMF_WEO,CH,cpi_yoy,2005-12-31,1.2,2026-10-07
CH.cpi_yoy.IMF_WEO,CH,cpi_yoy,2006-12-31,1.1,2026-10-07
CH.cpi_yoy.IMF_WEO,CH,cpi_yoy,2007-12-31,0.7,2026-10-07
CH.cpi_yoy.IMF_WEO,CH,cpi_yoy,2008-12-31,2.4,2026-10-07
CH.cpi_yoy.IMF_WEO,CH,cpi_yoy,2009-12-31,-0.5,2026-10-07
CH.cpi_yoy.IMF_WEO,CH,cpi_yoy,2010-12-31,0.7,2026-10-07
CH.cpi_yoy.IMF_WEO,CH,cpi_yoy,2011-12-31,0.2,2026-10-07
CH.cpi_yoy.IMF_WEO,CH,cpi_yoy,2012-12-31,-0.7,2026-10-07
CH.cpi_yoy.IMF_WEO,CH,cpi_yoy,2013-12-31,-0.2,2026-10-07
CH.cpi_yoy.IMF_WEO,CH,cpi_yoy,2014-12-31,0.0,2026-10-07
CH.cpi_yoy.IMF_WEO,CH,cpi_yoy,2015-12-31,-1.1,2026-10-07
CH.cpi_yoy.IMF_WEO,CH,cpi_yoy,2016-12-31,-0.4,2026-10-07
CH.cpi_yoy.IMF_WEO,CH,cpi_yoy,2017-12-31,0.5,2026-10-07
CH.cpi_yoy.IMF_WEO,CH,cpi_yoy,2018-12-31,0.9,2026-10-07
CH.cpi_yoy.IMF_WEO,CH,cpi_yoy,2019-12-31,0.4,2026-10-07
CH.cpi_yoy.IMF_WEO,CH,cpi_yoy,2020-12-31,-0.7,2026-10-07
CH.cpi_yoy.IMF_WEO,CH,cpi_yoy,2021-12-31,0.6,2026-10-07
CH.cpi_yoy.IMF_WEO,CH,cpi_yoy,2022-12-31,2.8,2026-10-07
CH.cpi_yoy.IMF_WEO,CH,cpi_yoy,2023-12-31,2.1,2026-10-07
CH.cpi_yoy.IMF_WEO,CH,cpi_yoy,2024-12-31,1.1,2026-10-07
CH.cpi_yoy.IMF_WEO,CH,cpi_yoy,2025-12-31,0.2,2026-10-07
CH.gg_debt_gdp.IMF_WEO,CH,gg_debt_gdp,1990-12-31,32.8,2026-10-07
CH.gg_debt_gdp.IMF_WEO,CH,gg_debt_gdp,1991-12-31,34.6,2026-10-07
CH.gg_debt_gdp.IMF_WEO,CH,gg_debt_gdp,1992-12-31,38.9,2026-10-07
CH.gg_debt_gdp.IMF_WEO,CH,gg_debt_gdp,1993-12-31,43.7,2026-10-07
CH.gg_debt_gdp.IMF_WEO,CH,gg_debt_gdp,1994-12-31,46.4,2026-10-07
CH.gg_debt_gdp.IMF_WEO,CH,gg_debt_gdp,1995-12-31,49.3,2026-10-07
CH.gg_debt_gdp.IMF_WEO,CH,gg_debt_gdp,1996-12-31,50.6,2026-10-07
CH.gg_debt_gdp.IMF_WEO,CH,gg_debt_gdp,1997-12-31,52.9,2026-10-07
CH.gg_debt_gdp.IMF_WEO,CH,gg_debt_gdp,1998-12-31,55.3,2026-10-07
CH.gg_debt_gdp.IMF_WEO,CH,gg_debt_gdp,1999-12-31,52.0,2026-10-07
CH.gg_debt_gdp.IMF_WEO,CH,gg_debt_gdp,2000-12-31,51.7,2026-10-07
CH.gg_debt_gdp.IMF_WEO,CH,gg_debt_gdp,2001-12-31,50.5,2026-10-07
CH.gg_debt_gdp.IMF_WEO,CH,gg_debt_gdp,2002-12-31,56.9,2026-10-07
CH.gg_debt_gdp.IMF_WEO,CH,gg_debt_gdp,2003-12-31,56.2,2026-10-07
CH.gg_debt_gdp.IMF_WEO,CH,gg_debt_gdp,2004-12-31,57.1,2026-10-07
CH.gg_debt_gdp.IMF_WEO,CH,gg_debt_gdp,2005-12-31,54.1,2026-10-07
CH.gg_debt_gdp.IMF_WEO,CH,gg_debt_gdp,2006-12-31,47.7,2026-10-07
CH.gg_debt_gdp.IMF_WEO,CH,gg_debt_gdp,2007-12-31,44.0,2026-10-07
CH.gg_debt_gdp.IMF_WEO,CH,gg_debt_gdp,2008-12-31,44.2,2026-10-07
CH.gg_debt_gdp.IMF_WEO,CH,gg_debt_gdp,2009-12-31,42.4,2026-10-07
CH.gg_debt_gdp.IMF_WEO,CH,gg_debt_gdp,2010-12-31,40.7,2026-10-07
CH.gg_debt_gdp.IMF_WEO,CH,gg_debt_gdp,2011-12-31,41.2,2026-10-07
CH.gg_debt_gdp.IMF_WEO,CH,gg_debt_gdp,2012-12-31,41.9,2026-10-07
CH.gg_debt_gdp.IMF_WEO,CH,gg_debt_gdp,2013-12-31,41.2,2026-10-07
CH.gg_debt_gdp.IMF_WEO,CH,gg_debt_gdp,2014-12-31,41.2,2026-10-07
CH.gg_debt_gdp.IMF_WEO,CH,gg_debt_gdp,2015-12-31,41.4,2026-10-07
CH.gg_debt_gdp.IMF_WEO,CH,gg_debt_gdp,2016-12-31,40.3,2026-10-07
CH.gg_debt_gdp.IMF_WEO,CH,gg_debt_gdp,2017-12-31,41.1,2026-10-07
CH.gg_debt_gdp.IMF_WEO,CH,gg_debt_gdp,2018-12-31,39.0,2026-10-07
CH.gg_debt_gdp.IMF_WEO,CH,gg_debt_gdp,2019-12-31,38.8,2026-10-07
CH.gg_debt_gdp.IMF_WEO,CH,gg_debt_gdp,2020-12-31,42.4,2026-10-07
CH.gg_debt_gdp.IMF_WEO,CH,gg_debt_gdp,2021-12-31,39.7,2026-10-07
CH.gg_debt_gdp.IMF_WEO,CH,gg_debt_gdp,2022-12-31,35.9,2026-10-07
CH.gg_debt_gdp.IMF_WEO,CH,gg_debt_gdp,2023-12-31,37.3,2026-10-07
CH.gg_debt_gdp.IMF_WEO,CH,gg_debt_gdp,2024-12-31,40.5,2026-10-07
CH.gg_debt_gdp.IMF_WEO,CH,gg_debt_gdp,2025-12-31,39.4,2026-10-07
CH.gg_interest_gdp.IMF_WEO,CH,gg_interest_gdp,1899-12-31,0.1676519960165,2026-10-07
CH.gg_interest_gdp.IMF_WEO,CH,gg_interest_gdp,1900-12-31,0.16678400337696,2026-10-07
CH.gg_interest_gdp.IMF_WEO,CH,gg_interest_gdp,1901-12-31,0.16392999887466,2026-10-07
CH.gg_interest_gdp.IMF_WEO,CH,gg_interest_gdp,1902-12-31,0.15715500712395,2026-10-07
CH.gg_interest_gdp.IMF_WEO,CH,gg_interest_gdp,1903-12-31,0.15569299459457,2026-10-07
CH.gg_interest_gdp.IMF_WEO,CH,gg_interest_gdp,1904-12-31,0.1948439925909,2026-10-07
CH.gg_interest_gdp.IMF_WEO,CH,gg_interest_gdp,1905-12-31,0.1758199930191,2026-10-07
CH.gg_interest_gdp.IMF_WEO,CH,gg_interest_gdp,1906-12-31,0.17453600466251,2026-10-07
CH.gg_interest_gdp.IMF_WEO,CH,gg_interest_gdp,1907-12-31,0.15678100287914,2026-10-07
CH.gg_interest_gdp.IMF_WEO,CH,gg_interest_gdp,1908-12-31,0.17987099289894,2026-10-07
CH.gg_interest_gdp.IMF_WEO,CH,gg_interest_gdp,1909-12-31,0.17298099398613,2026-10-07
CH.gg_interest_gdp.IMF_WEO,CH,gg_interest_gdp,1910-12-31,0.18504799902439,2026-10-07
CH.gg_interest_gdp.IMF_WEO,CH,gg_interest_gdp,1911-12-31,0.17212300002575,2026-10-07
CH.gg_interest_gdp.IMF_WEO,CH,gg_interest_gdp,1912-12-31,0.1722559928894,2026-10-07
CH.gg_interest_gdp.IMF_WEO,CH,gg_interest_gdp,1913-12-31,0.18659900128841,2026-10-07
CH.gg_interest_gdp.IMF_WEO,CH,gg_interest_gdp,1929-12-31,1.0770000219345,2026-10-07
CH.gg_interest_gdp.IMF_WEO,CH,gg_interest_gdp,1930-12-31,1.1045199632645,2026-10-07
CH.gg_interest_gdp.IMF_WEO,CH,gg_interest_gdp,1931-12-31,1.0578000545502,2026-10-07
CH.gg_interest_gdp.IMF_WEO,CH,gg_interest_gdp,1932-12-31,1.0810799598694,2026-10-07
CH.gg_interest_gdp.IMF_WEO,CH,gg_interest_gdp,1933-12-31,1.042729973793,2026-10-07
CH.gg_interest_gdp.IMF_WEO,CH,gg_interest_gdp,1934-12-31,1.0887800455093,2026-10-07
CH.gg_interest_gdp.IMF_WEO,CH,gg_interest_gdp,1935-12-31,1.1057200431824,2026-10-07
CH.gg_interest_gdp.IMF_WEO,CH,gg_interest_gdp,1936-12-31,1.140900015831,2026-10-07
CH.gg_interest_gdp.IMF_WEO,CH,gg_interest_gdp,1937-12-31,1.0102499723434,2026-10-07
CH.gg_interest_gdp.IMF_WEO,CH,gg_interest_gdp,1938-12-31,1.1025899648666,2026-10-07
CH.gg_interest_gdp.IMF_WEO,CH,gg_interest_gdp,1939-12-31,1.1747800111771,2026-10-07
CH.gg_interest_gdp.IMF_WEO,CH,gg_interest_gdp,1940-12-31,1.253870010376,2026-10-07
CH.gg_interest_gdp.IMF_WEO,CH,gg_interest_gdp,1941-12-31,1.3139100074768,2026-10-07
CH.gg_interest_gdp.IMF_WEO,CH,gg_interest_gdp,1942-12-31,1.47694003582,2026-10-07
CH.gg_interest_gdp.IMF_WEO,CH,gg_interest_gdp,1943-12-31,1.5241199731827,2026-10-07
CH.gg_interest_gdp.IMF_WEO,CH,gg_interest_gdp,1944-12-31,1.7253099679947,2026-10-07
CH.gg_interest_gdp.IMF_WEO,CH,gg_interest_gdp,1945-12-31,1.9158300161362,2026-10-07
CH.gg_interest_gdp.IMF_WEO,CH,gg_interest_gdp,1946-12-31,2.0337700843811,2026-10-07
CH.gg_interest_gdp.IMF_WEO,CH,gg_interest_gdp,1947-12-31,1.86953997612,2026-10-07
CH.gg_interest_gdp.IMF_WEO,CH,gg_interest_gdp,1948-12-31,1.6464099884033,2026-10-07
CH.gg_interest_gdp.IMF_WEO,CH,gg_interest_gdp,1949-12-31,1.6262899637222,2026-10-07
CH.gg_interest_gdp.IMF_WEO,CH,gg_interest_gdp,1950-12-31,1.3829200267792,2026-10-07
CH.gg_interest_gdp.IMF_WEO,CH,gg_interest_gdp,1951-12-31,1.2708300352097,2026-10-07
CH.gg_interest_gdp.IMF_WEO,CH,gg_interest_gdp,1952-12-31,1.2563899755478,2026-10-07
CH.gg_interest_gdp.IMF_WEO,CH,gg_interest_gdp,1953-12-31,1.0835399627686,2026-10-07
CH.gg_interest_gdp.IMF_WEO,CH,gg_interest_gdp,1954-12-31,1.0446200370789,2026-10-07
CH.gg_interest_gdp.IMF_WEO,CH,gg_interest_gdp,1955-12-31,0.92453497648239,2026-10-07
CH.gg_interest_gdp.IMF_WEO,CH,gg_interest_gdp,1956-12-31,0.85224902629852,2026-10-07
CH.gg_interest_gdp.IMF_WEO,CH,gg_interest_gdp,1957-12-31,0.81868898868561,2026-10-07
CH.gg_interest_gdp.IMF_WEO,CH,gg_interest_gdp,1958-12-31,0.77115398645401,2026-10-07
CH.gg_interest_gdp.IMF_WEO,CH,gg_interest_gdp,1959-12-31,0.6781439781189,2026-10-07
CH.gg_interest_gdp.IMF_WEO,CH,gg_interest_gdp,1960-12-31,0.59972697496414,2026-10-07
CH.gg_interest_gdp.IMF_WEO,CH,gg_interest_gdp,1961-12-31,0.51268297433853,2026-10-07
CH.gg_interest_gdp.IMF_WEO,CH,gg_interest_gdp,1962-12-31,0.45758199691772,2026-10-07
CH.gg_interest_gdp.IMF_WEO,CH,gg_interest_gdp,1963-12-31,0.41124498844147,2026-10-07
CH.gg_interest_gdp.IMF_WEO,CH,gg_interest_gdp,1964-12-31,0.39836099743843,2026-10-07
CH.gg_interest_gdp.IMF_WEO,CH,gg_interest_gdp,1965-12-31,0.37005099654198,2026-10-07
CH.gg_interest_gdp.IMF_WEO,CH,gg_interest_gdp,1966-12-31,0.27282699942589,2026-10-07
CH.gg_interest_gdp.IMF_WEO,CH,gg_interest_gdp,1967-12-31,0.26161000132561,2026-10-07
CH.gg_interest_gdp.IMF_WEO,CH,gg_interest_gdp,1968-12-31,0.2417169958353,2026-10-07
CH.gg_interest_gdp.IMF_WEO,CH,gg_interest_gdp,1969-12-31,0.22005300223827,2026-10-07
CH.gg_interest_gdp.IMF_WEO,CH,gg_interest_gdp,1970-12-31,1.4436099529266,2026-10-07
CH.gg_interest_gdp.IMF_WEO,CH,gg_interest_gdp,1971-12-31,1.423879981041,2026-10-07
CH.gg_interest_gdp.IMF_WEO,CH,gg_interest_gdp,1972-12-31,1.4378199577332,2026-10-07
CH.gg_interest_gdp.IMF_WEO,CH,gg_interest_gdp,1973-12-31,1.489040017128,2026-10-07
CH.gg_interest_gdp.IMF_WEO,CH,gg_interest_gdp,1974-12-31,1.64038002491,2026-10-07
CH.gg_interest_gdp.IMF_WEO,CH,gg_interest_gdp,1975-12-31,1.9705599546432,2026-10-07
CH.gg_interest_gdp.IMF_WEO,CH,gg_interest_gdp,1976-12-31,2.0828099250793,2026-10-07
CH.gg_interest_gdp.IMF_WEO,CH,gg_interest_gdp,1977-12-31,2.1923000812531,2026-10-07
CH.gg_interest_gdp.IMF_WEO,CH,gg_interest_gdp,1978-12-31,2.0631799697876,2026-10-07
CH.gg_interest_gdp.IMF_WEO,CH,gg_interest_gdp,1979-12-31,1.8984899520874,2026-10-07
CH.gg_interest_gdp.IMF_WEO,CH,gg_interest_gdp,1980-12-31,1.8229800462723,2026-10-07
CH.gg_interest_gdp.IMF_WEO,CH,gg_interest_gdp,1981-12-31,1.8341000080109,2026-10-07
CH.gg_interest_gdp.IMF_WEO,CH,gg_interest_gdp,1982-12-31,1.8048800230026,2026-10-07
CH.gg_interest_gdp.IMF_WEO,CH,gg_interest_gdp,1983-12-31,1.786779999733,2026-10-07
CH.gg_interest_gdp.IMF_WEO,CH,gg_interest_gdp,1984-12-31,1.6428899765015,2026-10-07
CH.gg_interest_gdp.IMF_WEO,CH,gg_interest_gdp,1985-12-31,1.5898499488831,2026-10-07
CH.gg_interest_gdp.IMF_WEO,CH,gg_interest_gdp,1986-12-31,1.4618799686432,2026-10-07
CH.gg_interest_gdp.IMF_WEO,CH,gg_interest_gdp,1987-12-31,1.3987900018692,2026-10-07
CH.gg_interest_gdp.IMF_WEO,CH,gg_interest_gdp,1988-12-31,1.3640899658203,2026-10-07
CH.gg_interest_gdp.IMF_WEO,CH,gg_interest_gdp,1989-12-31,1.2732599973679,2026-10-07
CH.gg_interest_gdp.IMF_WEO,CH,gg_interest_gdp,1990-12-31,1.3643399477005,2026-10-07
CH.gg_interest_gdp.IMF_WEO,CH,gg_interest_gdp,1991-12-31,1.5064400434494,2026-10-07
CH.gg_interest_gdp.IMF_WEO,CH,gg_interest_gdp,1992-12-31,1.8060200214386,2026-10-07
CH.gg_interest_gdp.IMF_WEO,CH,gg_interest_gdp,1993-12-31,1.8800799846649,2026-10-07
CH.gg_interest_gdp.IMF_WEO,CH,gg_interest_gdp,1994-12-31,2.0399599075317,2026-10-07
CH.gg_interest_gdp.IMF_WEO,CH,gg_interest_gdp,1995-12-31,2.08607006073,2026-10-07
CH.gg_interest_gdp.IMF_WEO,CH,gg_interest_gdp,1996-12-31,1.9902800321579,2026-10-07
CH.gg_interest_gdp.IMF_WEO,CH,gg_interest_gdp,1997-12-31,2.006560087204,2026-10-07
CH.gg_interest_gdp.IMF_WEO,CH,gg_interest_gdp,1998-12-31,1.995129942894,2026-10-07
CH.gg_interest_gdp.IMF_WEO,CH,gg_interest_gdp,1999-12-31,1.9679700136185,2026-10-07
CH.gg_interest_gdp.IMF_WEO,CH,gg_interest_gdp,2000-12-31,1.8382600545883,2026-10-07
CH.gg_interest_gdp.IMF_WEO,CH,gg_interest_gdp,2001-12-31,1.7274800539017,2026-10-07
CH.gg_interest_gdp.IMF_WEO,CH,gg_interest_gdp,2002-12-31,1.6920299530029,2026-10-07
CH.gg_interest_gdp.IMF_WEO,CH,gg_interest_gdp,2003-12-31,1.5896899700165,2026-10-07
CH.gg_interest_gdp.IMF_WEO,CH,gg_interest_gdp,2004-12-31,1.512130022049,2026-10-07
CH.gg_interest_gdp.IMF_WEO,CH,gg_interest_gdp,2005-12-31,1.462730050087,2026-10-07
CH.gg_interest_gdp.IMF_WEO,CH,gg_interest_gdp,2006-12-31,1.3482500314713,2026-10-07
CH.gg_interest_gdp.IMF_WEO,CH,gg_interest_gdp,2007-12-31,1.2350300550461,2026-10-07
CH.gg_interest_gdp.IMF_WEO,CH,gg_interest_gdp,2008-12-31,1.1275600194931,2026-10-07
CH.gg_interest_gdp.IMF_WEO,CH,gg_interest_gdp,2009-12-31,1.022989988327,2026-10-07
CH.gg_interest_gdp.IMF_WEO,CH,gg_interest_gdp,2010-12-31,0.94161397218704,2026-10-07
CH.gg_interest_gdp.IMF_WEO,CH,gg_interest_gdp,2011-12-31,0.74539468983159,2026-10-07
CH.gg_interest_gdp.IMF_WEO,CH,gg_interest_gdp,2012-12-31,0.68670083326097,2026-10-07
CH.gg_interest_gdp.IMF_WEO,CH,gg_interest_gdp,2013-12-31,0.60537128899054,2026-10-07
CH.gg_interest_gdp.IMF_WEO,CH,gg_interest_gdp,2014-12-31,0.5537901740199,2026-10-07
CH.gg_interest_gdp.IMF_WEO,CH,gg_interest_gdp,2015-12-31,0.53596123515531,2026-10-07
CH.gg_interest_gdp.IMF_WEO,CH,gg_interest_gdp,2016-12-31,0.4698217141046,2026-10-07
CH.gg_interest_gdp.IMF_WEO,CH,gg_interest_gdp,2017-12-31,0.39944460790582,2026-10-07
CH.gg_interest_gdp.IMF_WEO,CH,gg_interest_gdp,2018-12-31,0.32247342643783,2026-10-07
CH.gg_interest_gdp.IMF_WEO,CH,gg_interest_gdp,2019-12-31,0.29343176976869,2026-10-07
CH.gg_interest_gdp.IMF_WEO,CH,gg_interest_gdp,2020-12-31,0.28480189100052,2026-10-07
CH.gg_interest_gdp.IMF_WEO,CH,gg_interest_gdp,2021-12-31,0.39205208379915,2026-10-07
CH.gg_interest_gdp.IMF_WEO,CH,gg_interest_gdp,2022-12-31,0.35580585065289,2026-10-07
CH.gg_interest_gdp.IMF_WEO,CH,gg_interest_gdp,2023-12-31,0.37005990009294,2026-10-07
CH.gg_interest_gdp.IMF_WEO,CH,gg_interest_gdp,2024-12-31,0.35895694415887,2026-10-07
CH.gg_net_lending_gdp.IMF_WEO,CH,gg_net_lending_gdp,1983-12-31,-0.6,2026-10-07
CH.gg_net_lending_gdp.IMF_WEO,CH,gg_net_lending_gdp,1984-12-31,-0.2,2026-10-07
CH.gg_net_lending_gdp.IMF_WEO,CH,gg_net_lending_gdp,1985-12-31,0.0,2026-10-07
CH.gg_net_lending_gdp.IMF_WEO,CH,gg_net_lending_gdp,1986-12-31,1.1,2026-10-07
CH.gg_net_lending_gdp.IMF_WEO,CH,gg_net_lending_gdp,1987-12-31,1.1,2026-10-07
CH.gg_net_lending_gdp.IMF_WEO,CH,gg_net_lending_gdp,1988-12-31,0.9,2026-10-07
CH.gg_net_lending_gdp.IMF_WEO,CH,gg_net_lending_gdp,1989-12-31,0.8,2026-10-07
CH.gg_net_lending_gdp.IMF_WEO,CH,gg_net_lending_gdp,1990-12-31,0.0,2026-10-07
CH.gg_net_lending_gdp.IMF_WEO,CH,gg_net_lending_gdp,1991-12-31,-1.8,2026-10-07
CH.gg_net_lending_gdp.IMF_WEO,CH,gg_net_lending_gdp,1992-12-31,-2.9,2026-10-07
CH.gg_net_lending_gdp.IMF_WEO,CH,gg_net_lending_gdp,1993-12-31,-3.1,2026-10-07
CH.gg_net_lending_gdp.IMF_WEO,CH,gg_net_lending_gdp,1994-12-31,-2.6,2026-10-07
CH.gg_net_lending_gdp.IMF_WEO,CH,gg_net_lending_gdp,1995-12-31,-1.8,2026-10-07
CH.gg_net_lending_gdp.IMF_WEO,CH,gg_net_lending_gdp,1996-12-31,-2.0,2026-10-07
CH.gg_net_lending_gdp.IMF_WEO,CH,gg_net_lending_gdp,1997-12-31,-2.3,2026-10-07
CH.gg_net_lending_gdp.IMF_WEO,CH,gg_net_lending_gdp,1998-12-31,-1.3,2026-10-07
CH.gg_net_lending_gdp.IMF_WEO,CH,gg_net_lending_gdp,1999-12-31,-1.6,2026-10-07
CH.gg_net_lending_gdp.IMF_WEO,CH,gg_net_lending_gdp,2000-12-31,0.3,2026-10-07
CH.gg_net_lending_gdp.IMF_WEO,CH,gg_net_lending_gdp,2001-12-31,0.2,2026-10-07
CH.gg_net_lending_gdp.IMF_WEO,CH,gg_net_lending_gdp,2002-12-31,-1.7,2026-10-07
CH.gg_net_lending_gdp.IMF_WEO,CH,gg_net_lending_gdp,2003-12-31,-1.3,2026-10-07
CH.gg_net_lending_gdp.IMF_WEO,CH,gg_net_lending_gdp,2004-12-31,-1.4,2026-10-07
CH.gg_net_lending_gdp.IMF_WEO,CH,gg_net_lending_gdp,2005-12-31,-0.6,2026-10-07
CH.gg_net_lending_gdp.IMF_WEO,CH,gg_net_lending_gdp,2006-12-31,0.8,2026-10-07
CH.gg_net_lending_gdp.IMF_WEO,CH,gg_net_lending_gdp,2007-12-31,1.5,2026-10-07
CH.gg_net_lending_gdp.IMF_WEO,CH,gg_net_lending_gdp,2008-12-31,1.9,2026-10-07
CH.gg_net_lending_gdp.IMF_WEO,CH,gg_net_lending_gdp,2009-12-31,0.5,2026-10-07
CH.gg_net_lending_gdp.IMF_WEO,CH,gg_net_lending_gdp,2010-12-31,0.3,2026-10-07
CH.gg_net_lending_gdp.IMF_WEO,CH,gg_net_lending_gdp,2011-12-31,0.7,2026-10-07
CH.gg_net_lending_gdp.IMF_WEO,CH,gg_net_lending_gdp,2012-12-31,0.2,2026-10-07
CH.gg_net_lending_gdp.IMF_WEO,CH,gg_net_lending_gdp,2013-12-31,-0.4,2026-10-07
CH.gg_net_lending_gdp.IMF_WEO,CH,gg_net_lending_gdp,2014-12-31,-0.2,2026-10-07
CH.gg_net_lending_gdp.IMF_WEO,CH,gg_net_lending_gdp,2015-12-31,0.5,2026-10-07
CH.gg_net_lending_gdp.IMF_WEO,CH,gg_net_lending_gdp,2016-12-31,0.2,2026-10-07
CH.gg_net_lending_gdp.IMF_WEO,CH,gg_net_lending_gdp,2017-12-31,1.1,2026-10-07
CH.gg_net_lending_gdp.IMF_WEO,CH,gg_net_lending_gdp,2018-12-31,1.3,2026-10-07
CH.gg_net_lending_gdp.IMF_WEO,CH,gg_net_lending_gdp,2019-12-31,1.3,2026-10-07
CH.gg_net_lending_gdp.IMF_WEO,CH,gg_net_lending_gdp,2020-12-31,-3.0,2026-10-07
CH.gg_net_lending_gdp.IMF_WEO,CH,gg_net_lending_gdp,2021-12-31,-0.3,2026-10-07
CH.gg_net_lending_gdp.IMF_WEO,CH,gg_net_lending_gdp,2022-12-31,1.1,2026-10-07
CH.gg_net_lending_gdp.IMF_WEO,CH,gg_net_lending_gdp,2023-12-31,0.1,2026-10-07
CH.gg_net_lending_gdp.IMF_WEO,CH,gg_net_lending_gdp,2024-12-31,0.5,2026-10-07
CH.gg_net_lending_gdp.IMF_WEO,CH,gg_net_lending_gdp,2025-12-31,0.5,2026-10-07
CH.gg_revenue_gdp.IMF_WEO,CH,gg_revenue_gdp,1899-12-31,3.9698300361633,2026-10-07
CH.gg_revenue_gdp.IMF_WEO,CH,gg_revenue_gdp,1900-12-31,3.9652199745178,2026-10-07
CH.gg_revenue_gdp.IMF_WEO,CH,gg_revenue_gdp,1901-12-31,3.9322800636292,2026-10-07
CH.gg_revenue_gdp.IMF_WEO,CH,gg_revenue_gdp,1902-12-31,3.9648199081421,2026-10-07
CH.gg_revenue_gdp.IMF_WEO,CH,gg_revenue_gdp,1903-12-31,3.8866798877716,2026-10-07
CH.gg_revenue_gdp.IMF_WEO,CH,gg_revenue_gdp,1904-12-31,3.9319698810577,2026-10-07
CH.gg_revenue_gdp.IMF_WEO,CH,gg_revenue_gdp,1905-12-31,4.2026200294495,2026-10-07
CH.gg_revenue_gdp.IMF_WEO,CH,gg_revenue_gdp,1906-12-31,4.0572099685669,2026-10-07
CH.gg_revenue_gdp.IMF_WEO,CH,gg_revenue_gdp,1907-12-31,4.0067300796509,2026-10-07
CH.gg_revenue_gdp.IMF_WEO,CH,gg_revenue_gdp,1908-12-31,4.2667798995972,2026-10-07
CH.gg_revenue_gdp.IMF_WEO,CH,gg_revenue_gdp,1909-12-31,4.3147897720337,2026-10-07
CH.gg_revenue_gdp.IMF_WEO,CH,gg_revenue_gdp,1910-12-31,4.0086598396301,2026-10-07
CH.gg_revenue_gdp.IMF_WEO,CH,gg_revenue_gdp,1911-12-31,2.3863201141357,2026-10-07
CH.gg_revenue_gdp.IMF_WEO,CH,gg_revenue_gdp,1912-12-31,2.4800798892975,2026-10-07
CH.gg_revenue_gdp.IMF_WEO,CH,gg_revenue_gdp,1913-12-31,2.3300099372864,2026-10-07
CH.gg_revenue_gdp.IMF_WEO,CH,gg_revenue_gdp,1929-12-31,4.4130001068115,2026-10-07
CH.gg_revenue_gdp.IMF_WEO,CH,gg_revenue_gdp,1930-12-31,4.3527598381042,2026-10-07
CH.gg_revenue_gdp.IMF_WEO,CH,gg_revenue_gdp,1931-12-31,4.6717600822449,2026-10-07
CH.gg_revenue_gdp.IMF_WEO,CH,gg_revenue_gdp,1932-12-31,5.1584801673889,2026-10-07
CH.gg_revenue_gdp.IMF_WEO,CH,gg_revenue_gdp,1933-12-31,5.0036602020264,2026-10-07
CH.gg_revenue_gdp.IMF_WEO,CH,gg_revenue_gdp,1934-12-31,5.593090057373,2026-10-07
CH.gg_revenue_gdp.IMF_WEO,CH,gg_revenue_gdp,1935-12-31,6.0373101234436,2026-10-07
CH.gg_revenue_gdp.IMF_WEO,CH,gg_revenue_gdp,1936-12-31,6.4052400588989,2026-10-07
CH.gg_revenue_gdp.IMF_WEO,CH,gg_revenue_gdp,1937-12-31,5.946469783783,2026-10-07
CH.gg_revenue_gdp.IMF_WEO,CH,gg_revenue_gdp,1938-12-31,6.07666015625,2026-10-07
CH.gg_revenue_gdp.IMF_WEO,CH,gg_revenue_gdp,1939-12-31,6.4314198493958,2026-10-07
CH.gg_revenue_gdp.IMF_WEO,CH,gg_revenue_gdp,1940-12-31,8.1310596466064,2026-10-07
CH.gg_revenue_gdp.IMF_WEO,CH,gg_revenue_gdp,1941-12-31,8.5686101913452,2026-10-07
CH.gg_revenue_gdp.IMF_WEO,CH,gg_revenue_gdp,1942-12-31,7.2149701118469,2026-10-07
CH.gg_revenue_gdp.IMF_WEO,CH,gg_revenue_gdp,1943-12-31,6.6012902259827,2026-10-07
CH.gg_revenue_gdp.IMF_WEO,CH,gg_revenue_gdp,1944-12-31,6.8356499671936,2026-10-07
CH.gg_revenue_gdp.IMF_WEO,CH,gg_revenue_gdp,1945-12-31,6.3302202224731,2026-10-07
CH.gg_revenue_gdp.IMF_WEO,CH,gg_revenue_gdp,1946-12-31,11.635100364685,2026-10-07
CH.gg_revenue_gdp.IMF_WEO,CH,gg_revenue_gdp,1947-12-31,10.006299972534,2026-10-07
CH.gg_revenue_gdp.IMF_WEO,CH,gg_revenue_gdp,1948-12-31,11.315999984741,2026-10-07
CH.gg_revenue_gdp.IMF_WEO,CH,gg_revenue_gdp,1949-12-31,9.4074296951294,2026-10-07
CH.gg_revenue_gdp.IMF_WEO,CH,gg_revenue_gdp,1950-12-31,10.066300392151,2026-10-07
CH.gg_revenue_gdp.IMF_WEO,CH,gg_revenue_gdp,1951-12-31,8.3013896942139,2026-10-07
CH.gg_revenue_gdp.IMF_WEO,CH,gg_revenue_gdp,1952-12-31,8.8466997146606,2026-10-07
CH.gg_revenue_gdp.IMF_WEO,CH,gg_revenue_gdp,1953-12-31,8.3324899673462,2026-10-07
CH.gg_revenue_gdp.IMF_WEO,CH,gg_revenue_gdp,1954-12-31,9.2438201904297,2026-10-07
CH.gg_revenue_gdp.IMF_WEO,CH,gg_revenue_gdp,1955-12-31,8.3468399047852,2026-10-07
CH.gg_revenue_gdp.IMF_WEO,CH,gg_revenue_gdp,1956-12-31,9.0332202911377,2026-10-07
CH.gg_revenue_gdp.IMF_WEO,CH,gg_revenue_gdp,1957-12-31,8.0009803771973,2026-10-07
CH.gg_revenue_gdp.IMF_WEO,CH,gg_revenue_gdp,1958-12-31,9.0583295822144,2026-10-07
CH.gg_revenue_gdp.IMF_WEO,CH,gg_revenue_gdp,1959-12-31,8.1518001556396,2026-10-07
CH.gg_revenue_gdp.IMF_WEO,CH,gg_revenue_gdp,1960-12-31,9.0603799819946,2026-10-07
CH.gg_revenue_gdp.IMF_WEO,CH,gg_revenue_gdp,1961-12-31,8.3073196411133,2026-10-07
CH.gg_revenue_gdp.IMF_WEO,CH,gg_revenue_gdp,1962-12-31,9.0474700927734,2026-10-07
CH.gg_revenue_gdp.IMF_WEO,CH,gg_revenue_gdp,1963-12-31,8.4526100158691,2026-10-07
CH.gg_revenue_gdp.IMF_WEO,CH,gg_revenue_gdp,1964-12-31,9.6116600036621,2026-10-07
CH.gg_revenue_gdp.IMF_WEO,CH,gg_revenue_gdp,1965-12-31,8.3785104751587,2026-10-07
CH.gg_revenue_gdp.IMF_WEO,CH,gg_revenue_gdp,1966-12-31,8.0771703720093,2026-10-07
CH.gg_revenue_gdp.IMF_WEO,CH,gg_revenue_gdp,1967-12-31,7.608570098877,2026-10-07
CH.gg_revenue_gdp.IMF_WEO,CH,gg_revenue_gdp,1968-12-31,8.1375503540039,2026-10-07
CH.gg_revenue_gdp.IMF_WEO,CH,gg_revenue_gdp,1969-12-31,8.4766397476196,2026-10-07
CH.gg_revenue_gdp.IMF_WEO,CH,gg_revenue_gdp,1970-12-31,24.307399749756,2026-10-07
CH.gg_revenue_gdp.IMF_WEO,CH,gg_revenue_gdp,1971-12-31,23.975200653076,2026-10-07
CH.gg_revenue_gdp.IMF_WEO,CH,gg_revenue_gdp,1972-12-31,24.313999176025,2026-10-07
CH.gg_revenue_gdp.IMF_WEO,CH,gg_revenue_gdp,1973-12-31,25.589199066162,2026-10-07
CH.gg_revenue_gdp.IMF_WEO,CH,gg_revenue_gdp,1974-12-31,26.445899963379,2026-10-07
CH.gg_revenue_gdp.IMF_WEO,CH,gg_revenue_gdp,1975-12-31,28.383100509644,2026-10-07
CH.gg_revenue_gdp.IMF_WEO,CH,gg_revenue_gdp,1976-12-31,29.687000274658,2026-10-07
CH.gg_revenue_gdp.IMF_WEO,CH,gg_revenue_gdp,1977-12-31,29.316600799561,2026-10-07
CH.gg_revenue_gdp.IMF_WEO,CH,gg_revenue_gdp,1978-12-31,29.282499313354,2026-10-07
CH.gg_revenue_gdp.IMF_WEO,CH,gg_revenue_gdp,1979-12-31,28.683300018311,2026-10-07
CH.gg_revenue_gdp.IMF_WEO,CH,gg_revenue_gdp,1980-12-31,28.58690071106,2026-10-07
CH.gg_revenue_gdp.IMF_WEO,CH,gg_revenue_gdp,1981-12-31,28.900400161743,2026-10-07
CH.gg_revenue_gdp.IMF_WEO,CH,gg_revenue_gdp,1982-12-31,29.295000076294,2026-10-07
CH.gg_revenue_gdp.IMF_WEO,CH,gg_revenue_gdp,1983-12-31,29.982200622559,2026-10-07
CH.gg_revenue_gdp.IMF_WEO,CH,gg_revenue_gdp,1984-12-31,29.879199981689,2026-10-07
CH.gg_revenue_gdp.IMF_WEO,CH,gg_revenue_gdp,1985-12-31,29.83099937439,2026-10-07
CH.gg_revenue_gdp.IMF_WEO,CH,gg_revenue_gdp,1986-12-31,30.77440071106,2026-10-07
CH.gg_revenue_gdp.IMF_WEO,CH,gg_revenue_gdp,1987-12-31,30.528600692749,2026-10-07
CH.gg_revenue_gdp.IMF_WEO,CH,gg_revenue_gdp,1988-12-31,30.757400512695,2026-10-07
CH.gg_revenue_gdp.IMF_WEO,CH,gg_revenue_gdp,1989-12-31,30.156000137329,2026-10-07
CH.gg_revenue_gdp.IMF_WEO,CH,gg_revenue_gdp,1990-12-31,30.194200515747,2026-10-07
CH.gg_revenue_gdp.IMF_WEO,CH,gg_revenue_gdp,1991-12-31,30.299699783325,2026-10-07
CH.gg_revenue_gdp.IMF_WEO,CH,gg_revenue_gdp,1992-12-31,31.125200271606,2026-10-07
CH.gg_revenue_gdp.IMF_WEO,CH,gg_revenue_gdp,1993-12-31,31.618299484253,2026-10-07
CH.gg_revenue_gdp.IMF_WEO,CH,gg_revenue_gdp,1994-12-31,32.414199829102,2026-10-07
CH.gg_revenue_gdp.IMF_WEO,CH,gg_revenue_gdp,1995-12-31,33.046699523926,2026-10-07
CH.gg_revenue_gdp.IMF_WEO,CH,gg_revenue_gdp,1996-12-31,33.475700378418,2026-10-07
CH.gg_revenue_gdp.IMF_WEO,CH,gg_revenue_gdp,1997-12-31,32.699100494385,2026-10-07
CH.gg_revenue_gdp.IMF_WEO,CH,gg_revenue_gdp,1998-12-31,33.842800140381,2026-10-07
CH.gg_revenue_gdp.IMF_WEO,CH,gg_revenue_gdp,1999-12-31,33.843799591064,2026-10-07
CH.gg_revenue_gdp.IMF_WEO,CH,gg_revenue_gdp,2000-12-31,35.164199829102,2026-10-07
CH.gg_revenue_gdp.IMF_WEO,CH,gg_revenue_gdp,2001-12-31,34.650199890137,2026-10-07
CH.gg_revenue_gdp.IMF_WEO,CH,gg_revenue_gdp,2002-12-31,34.960800170898,2026-10-07
CH.gg_revenue_gdp.IMF_WEO,CH,gg_revenue_gdp,2003-12-31,34.639701843262,2026-10-07
CH.gg_revenue_gdp.IMF_WEO,CH,gg_revenue_gdp,2004-12-31,34.157299041748,2026-10-07
CH.gg_revenue_gdp.IMF_WEO,CH,gg_revenue_gdp,2005-12-31,34.559600830078,2026-10-07
CH.gg_revenue_gdp.IMF_WEO,CH,gg_revenue_gdp,2006-12-31,34.332298278809,2026-10-07
CH.gg_revenue_gdp.IMF_WEO,CH,gg_revenue_gdp,2007-12-31,34.007900238037,2026-10-07
CH.gg_revenue_gdp.IMF_WEO,CH,gg_revenue_gdp,2008-12-31,34.68159866333,2026-10-07
CH.gg_revenue_gdp.IMF_WEO,CH,gg_revenue_gdp,2009-12-31,35.13990020752,2026-10-07
CH.gg_revenue_gdp.IMF_WEO,CH,gg_revenue_gdp,2010-12-31,34.762599945068,2026-10-07
CH.gg_revenue_gdp.IMF_WEO,CH,gg_revenue_gdp,2011-12-31,32.125402728247,2026-10-07
CH.gg_revenue_gdp.IMF_WEO,CH,gg_revenue_gdp,2012-12-31,31.885498994774,2026-10-07
CH.gg_revenue_gdp.IMF_WEO,CH,gg_revenue_gdp,2013-12-31,32.097297040428,2026-10-07
CH.gg_revenue_gdp.IMF_WEO,CH,gg_revenue_gdp,2014-12-31,31.927710542099,2026-10-07
CH.gg_revenue_gdp.IMF_WEO,CH,gg_revenue_gdp,2015-12-31,33.023386556007,2026-10-07
CH.gg_revenue_gdp.IMF_WEO,CH,gg_revenue_gdp,2016-12-31,32.67589535857,2026-10-07
CH.gg_revenue_gdp.IMF_WEO,CH,gg_revenue_gdp,2017-12-31,33.569040548006,2026-10-07
CH.gg_revenue_gdp.IMF_WEO,CH,gg_revenue_gdp,2018-12-31,33.029382813246,2026-10-07
CH.gg_revenue_gdp.IMF_WEO,CH,gg_revenue_gdp,2019-12-31,33.305995974273,2026-10-07
CH.gg_revenue_gdp.IMF_WEO,CH,gg_revenue_gdp,2020-12-31,33.982599130853,2026-10-07
CH.gg_revenue_gdp.IMF_WEO,CH,gg_revenue_gdp,2021-12-31,34.134631739314,2026-10-07
CH.gg_revenue_gdp.IMF_WEO,CH,gg_revenue_gdp,2022-12-31,32.746090255721,2026-10-07
CH.gg_revenue_gdp.IMF_WEO,CH,gg_revenue_gdp,2023-12-31,32.233909782098,2026-10-07
CH.gg_revenue_gdp.IMF_WEO,CH,gg_revenue_gdp,2024-12-31,32.496193781144,2026-10-07
CH.rgdp_growth.IMF_WEO,CH,rgdp_growth,1980-12-31,5.1,2026-10-07
CH.rgdp_growth.IMF_WEO,CH,rgdp_growth,1981-12-31,1.7,2026-10-07
CH.rgdp_growth.IMF_WEO,CH,rgdp_growth,1982-12-31,-1.3,2026-10-07
CH.rgdp_growth.IMF_WEO,CH,rgdp_growth,1983-12-31,0.6,2026-10-07
CH.rgdp_growth.IMF_WEO,CH,rgdp_growth,1984-12-31,3.0,2026-10-07
CH.rgdp_growth.IMF_WEO,CH,rgdp_growth,1985-12-31,3.8,2026-10-07
CH.rgdp_growth.IMF_WEO,CH,rgdp_growth,1986-12-31,1.8,2026-10-07
CH.rgdp_growth.IMF_WEO,CH,rgdp_growth,1987-12-31,1.6,2026-10-07
CH.rgdp_growth.IMF_WEO,CH,rgdp_growth,1988-12-31,3.2,2026-10-07
CH.rgdp_growth.IMF_WEO,CH,rgdp_growth,1989-12-31,4.4,2026-10-07
CH.rgdp_growth.IMF_WEO,CH,rgdp_growth,1990-12-31,3.7,2026-10-07
CH.rgdp_growth.IMF_WEO,CH,rgdp_growth,1991-12-31,-0.9,2026-10-07
CH.rgdp_growth.IMF_WEO,CH,rgdp_growth,1992-12-31,-0.1,2026-10-07
CH.rgdp_growth.IMF_WEO,CH,rgdp_growth,1993-12-31,-0.1,2026-10-07
CH.rgdp_growth.IMF_WEO,CH,rgdp_growth,1994-12-31,1.3,2026-10-07
CH.rgdp_growth.IMF_WEO,CH,rgdp_growth,1995-12-31,0.5,2026-10-07
CH.rgdp_growth.IMF_WEO,CH,rgdp_growth,1996-12-31,0.6,2026-10-07
CH.rgdp_growth.IMF_WEO,CH,rgdp_growth,1997-12-31,2.1,2026-10-07
CH.rgdp_growth.IMF_WEO,CH,rgdp_growth,1998-12-31,2.7,2026-10-07
CH.rgdp_growth.IMF_WEO,CH,rgdp_growth,1999-12-31,1.6,2026-10-07
CH.rgdp_growth.IMF_WEO,CH,rgdp_growth,2000-12-31,3.7,2026-10-07
CH.rgdp_growth.IMF_WEO,CH,rgdp_growth,2001-12-31,1.6,2026-10-07
CH.rgdp_growth.IMF_WEO,CH,rgdp_growth,2002-12-31,0.4,2026-10-07
CH.rgdp_growth.IMF_WEO,CH,rgdp_growth,2003-12-31,-0.3,2026-10-07
CH.rgdp_growth.IMF_WEO,CH,rgdp_growth,2004-12-31,2.5,2026-10-07
CH.rgdp_growth.IMF_WEO,CH,rgdp_growth,2005-12-31,3.0,2026-10-07
CH.rgdp_growth.IMF_WEO,CH,rgdp_growth,2006-12-31,4.2,2026-10-07
CH.rgdp_growth.IMF_WEO,CH,rgdp_growth,2007-12-31,4.0,2026-10-07
CH.rgdp_growth.IMF_WEO,CH,rgdp_growth,2008-12-31,2.4,2026-10-07
CH.rgdp_growth.IMF_WEO,CH,rgdp_growth,2009-12-31,-2.0,2026-10-07
CH.rgdp_growth.IMF_WEO,CH,rgdp_growth,2010-12-31,3.2,2026-10-07
CH.rgdp_growth.IMF_WEO,CH,rgdp_growth,2011-12-31,1.5,2026-10-07
CH.rgdp_growth.IMF_WEO,CH,rgdp_growth,2012-12-31,1.2,2026-10-07
CH.rgdp_growth.IMF_WEO,CH,rgdp_growth,2013-12-31,1.8,2026-10-07
CH.rgdp_growth.IMF_WEO,CH,rgdp_growth,2014-12-31,2.5,2026-10-07
CH.rgdp_growth.IMF_WEO,CH,rgdp_growth,2015-12-31,1.4,2026-10-07
CH.rgdp_growth.IMF_WEO,CH,rgdp_growth,2016-12-31,2.0,2026-10-07
CH.rgdp_growth.IMF_WEO,CH,rgdp_growth,2017-12-31,1.5,2026-10-07
CH.rgdp_growth.IMF_WEO,CH,rgdp_growth,2018-12-31,3.4,2026-10-07
CH.rgdp_growth.IMF_WEO,CH,rgdp_growth,2019-12-31,1.1,2026-10-07
CH.rgdp_growth.IMF_WEO,CH,rgdp_growth,2020-12-31,-2.4,2026-10-07
CH.rgdp_growth.IMF_WEO,CH,rgdp_growth,2021-12-31,6.2,2026-10-07
CH.rgdp_growth.IMF_WEO,CH,rgdp_growth,2022-12-31,3.6,2026-10-07
CH.rgdp_growth.IMF_WEO,CH,rgdp_growth,2023-12-31,0.9,2026-10-07
CH.rgdp_growth.IMF_WEO,CH,rgdp_growth,2024-12-31,1.4,2026-10-07
CH.rgdp_growth.IMF_WEO,CH,rgdp_growth,2025-12-31,1.3,2026-10-07
DE.cpi_yoy.IMF_WEO,DE,cpi_yoy,1980-12-31,5.4,2026-10-07
DE.cpi_yoy.IMF_WEO,DE,cpi_yoy,1981-12-31,6.3,2026-10-07
DE.cpi_yoy.IMF_WEO,DE,cpi_yoy,1982-12-31,5.3,2026-10-07
DE.cpi_yoy.IMF_WEO,DE,cpi_yoy,1983-12-31,3.3,2026-10-07
DE.cpi_yoy.IMF_WEO,DE,cpi_yoy,1984-12-31,2.4,2026-10-07
DE.cpi_yoy.IMF_WEO,DE,cpi_yoy,1985-12-31,2.1,2026-10-07
DE.cpi_yoy.IMF_WEO,DE,cpi_yoy,1986-12-31,-0.1,2026-10-07
DE.cpi_yoy.IMF_WEO,DE,cpi_yoy,1987-12-31,0.2,2026-10-07
DE.cpi_yoy.IMF_WEO,DE,cpi_yoy,1988-12-31,1.3,2026-10-07
DE.cpi_yoy.IMF_WEO,DE,cpi_yoy,1989-12-31,2.8,2026-10-07
DE.cpi_yoy.IMF_WEO,DE,cpi_yoy,1990-12-31,2.7,2026-10-07
DE.cpi_yoy.IMF_WEO,DE,cpi_yoy,1991-12-31,3.5,2026-10-07
DE.cpi_yoy.IMF_WEO,DE,cpi_yoy,1992-12-31,5.0,2026-10-07
DE.cpi_yoy.IMF_WEO,DE,cpi_yoy,1993-12-31,4.5,2026-10-07
DE.cpi_yoy.IMF_WEO,DE,cpi_yoy,1994-12-31,2.7,2026-10-07
DE.cpi_yoy.IMF_WEO,DE,cpi_yoy,1995-12-31,1.7,2026-10-07
DE.cpi_yoy.IMF_WEO,DE,cpi_yoy,1996-12-31,1.3,2026-10-07
DE.cpi_yoy.IMF_WEO,DE,cpi_yoy,1997-12-31,1.5,2026-10-07
DE.cpi_yoy.IMF_WEO,DE,cpi_yoy,1998-12-31,0.6,2026-10-07
DE.cpi_yoy.IMF_WEO,DE,cpi_yoy,1999-12-31,0.6,2026-10-07
DE.cpi_yoy.IMF_WEO,DE,cpi_yoy,2000-12-31,1.4,2026-10-07
DE.cpi_yoy.IMF_WEO,DE,cpi_yoy,2001-12-31,1.9,2026-10-07
DE.cpi_yoy.IMF_WEO,DE,cpi_yoy,2002-12-31,1.4,2026-10-07
DE.cpi_yoy.IMF_WEO,DE,cpi_yoy,2003-12-31,1.1,2026-10-07
DE.cpi_yoy.IMF_WEO,DE,cpi_yoy,2004-12-31,1.8,2026-10-07
DE.cpi_yoy.IMF_WEO,DE,cpi_yoy,2005-12-31,2.0,2026-10-07
DE.cpi_yoy.IMF_WEO,DE,cpi_yoy,2006-12-31,1.8,2026-10-07
DE.cpi_yoy.IMF_WEO,DE,cpi_yoy,2007-12-31,2.3,2026-10-07
DE.cpi_yoy.IMF_WEO,DE,cpi_yoy,2008-12-31,2.8,2026-10-07
DE.cpi_yoy.IMF_WEO,DE,cpi_yoy,2009-12-31,0.2,2026-10-07
DE.cpi_yoy.IMF_WEO,DE,cpi_yoy,2010-12-31,1.2,2026-10-07
DE.cpi_yoy.IMF_WEO,DE,cpi_yoy,2011-12-31,2.5,2026-10-07
DE.cpi_yoy.IMF_WEO,DE,cpi_yoy,2012-12-31,2.1,2026-10-07
DE.cpi_yoy.IMF_WEO,DE,cpi_yoy,2013-12-31,1.6,2026-10-07
DE.cpi_yoy.IMF_WEO,DE,cpi_yoy,2014-12-31,0.8,2026-10-07
DE.cpi_yoy.IMF_WEO,DE,cpi_yoy,2015-12-31,0.7,2026-10-07
DE.cpi_yoy.IMF_WEO,DE,cpi_yoy,2016-12-31,0.3,2026-10-07
DE.cpi_yoy.IMF_WEO,DE,cpi_yoy,2017-12-31,1.7,2026-10-07
DE.cpi_yoy.IMF_WEO,DE,cpi_yoy,2018-12-31,1.9,2026-10-07
DE.cpi_yoy.IMF_WEO,DE,cpi_yoy,2019-12-31,1.4,2026-10-07
DE.cpi_yoy.IMF_WEO,DE,cpi_yoy,2020-12-31,0.4,2026-10-07
DE.cpi_yoy.IMF_WEO,DE,cpi_yoy,2021-12-31,3.2,2026-10-07
DE.cpi_yoy.IMF_WEO,DE,cpi_yoy,2022-12-31,8.7,2026-10-07
DE.cpi_yoy.IMF_WEO,DE,cpi_yoy,2023-12-31,6.0,2026-10-07
DE.cpi_yoy.IMF_WEO,DE,cpi_yoy,2024-12-31,2.5,2026-10-07
DE.cpi_yoy.IMF_WEO,DE,cpi_yoy,2025-12-31,2.3,2026-10-07
DE.gg_debt_gdp.IMF_WEO,DE,gg_debt_gdp,1991-12-31,39.0,2026-10-07
DE.gg_debt_gdp.IMF_WEO,DE,gg_debt_gdp,1992-12-31,41.4,2026-10-07
DE.gg_debt_gdp.IMF_WEO,DE,gg_debt_gdp,1993-12-31,45.1,2026-10-07
DE.gg_debt_gdp.IMF_WEO,DE,gg_debt_gdp,1994-12-31,47.5,2026-10-07
DE.gg_debt_gdp.IMF_WEO,DE,gg_debt_gdp,1995-12-31,54.9,2026-10-07
DE.gg_debt_gdp.IMF_WEO,DE,gg_debt_gdp,1996-12-31,57.7,2026-10-07
DE.gg_debt_gdp.IMF_WEO,DE,gg_debt_gdp,1997-12-31,58.8,2026-10-07
DE.gg_debt_gdp.IMF_WEO,DE,gg_debt_gdp,1998-12-31,59.4,2026-10-07
DE.gg_debt_gdp.IMF_WEO,DE,gg_debt_gdp,1999-12-31,60.3,2026-10-07
DE.gg_debt_gdp.IMF_WEO,DE,gg_debt_gdp,2000-12-31,59.2,2026-10-07
DE.gg_debt_gdp.IMF_WEO,DE,gg_debt_gdp,2001-12-31,58.1,2026-10-07
DE.gg_debt_gdp.IMF_WEO,DE,gg_debt_gdp,2002-12-31,59.8,2026-10-07
DE.gg_debt_gdp.IMF_WEO,DE,gg_debt_gdp,2003-12-31,63.3,2026-10-07
DE.gg_debt_gdp.IMF_WEO,DE,gg_debt_gdp,2004-12-31,65.0,2026-10-07
DE.gg_debt_gdp.IMF_WEO,DE,gg_debt_gdp,2005-12-31,67.1,2026-10-07
DE.gg_debt_gdp.IMF_WEO,DE,gg_debt_gdp,2006-12-31,66.4,2026-10-07
DE.gg_debt_gdp.IMF_WEO,DE,gg_debt_gdp,2007-12-31,63.7,2026-10-07
DE.gg_debt_gdp.IMF_WEO,DE,gg_debt_gdp,2008-12-31,65.2,2026-10-07
DE.gg_debt_gdp.IMF_WEO,DE,gg_debt_gdp,2009-12-31,72.4,2026-10-07
DE.gg_debt_gdp.IMF_WEO,DE,gg_debt_gdp,2010-12-31,81.0,2026-10-07
DE.gg_debt_gdp.IMF_WEO,DE,gg_debt_gdp,2011-12-31,78.5,2026-10-07
DE.gg_debt_gdp.IMF_WEO,DE,gg_debt_gdp,2012-12-31,79.8,2026-10-07
DE.gg_debt_gdp.IMF_WEO,DE,gg_debt_gdp,2013-12-31,77.5,2026-10-07
DE.gg_debt_gdp.IMF_WEO,DE,gg_debt_gdp,2014-12-31,74.5,2026-10-07
DE.gg_debt_gdp.IMF_WEO,DE,gg_debt_gdp,2015-12-31,71.2,2026-10-07
DE.gg_debt_gdp.IMF_WEO,DE,gg_debt_gdp,2016-12-31,68.3,2026-10-07
DE.gg_debt_gdp.IMF_WEO,DE,gg_debt_gdp,2017-12-31,64.0,2026-10-07
DE.gg_debt_gdp.IMF_WEO,DE,gg_debt_gdp,2018-12-31,60.8,2026-10-07
DE.gg_debt_gdp.IMF_WEO,DE,gg_debt_gdp,2019-12-31,58.7,2026-10-07
DE.gg_debt_gdp.IMF_WEO,DE,gg_debt_gdp,2020-12-31,68.0,2026-10-07
DE.gg_debt_gdp.IMF_WEO,DE,gg_debt_gdp,2021-12-31,67.9,2026-10-07
DE.gg_debt_gdp.IMF_WEO,DE,gg_debt_gdp,2022-12-31,64.4,2026-10-07
DE.gg_debt_gdp.IMF_WEO,DE,gg_debt_gdp,2023-12-31,62.3,2026-10-07
DE.gg_debt_gdp.IMF_WEO,DE,gg_debt_gdp,2024-12-31,62.2,2026-10-07
DE.gg_debt_gdp.IMF_WEO,DE,gg_debt_gdp,2025-12-31,62.9,2026-10-07
DE.gg_interest_gdp.IMF_WEO,DE,gg_interest_gdp,1880-12-31,0.95865499973297,2026-10-07
DE.gg_interest_gdp.IMF_WEO,DE,gg_interest_gdp,1881-12-31,1.1397099494934,2026-10-07
DE.gg_interest_gdp.IMF_WEO,DE,gg_interest_gdp,1882-12-31,1.195240020752,2026-10-07
DE.gg_interest_gdp.IMF_WEO,DE,gg_interest_gdp,1883-12-31,1.4079600572586,2026-10-07
DE.gg_interest_gdp.IMF_WEO,DE,gg_interest_gdp,1884-12-31,1.527899980545,2026-10-07
DE.gg_interest_gdp.IMF_WEO,DE,gg_interest_gdp,1885-12-31,1.6448700428009,2026-10-07
DE.gg_interest_gdp.IMF_WEO,DE,gg_interest_gdp,1886-12-31,1.6613099575043,2026-10-07
DE.gg_interest_gdp.IMF_WEO,DE,gg_interest_gdp,1887-12-31,1.7296099662781,2026-10-07
DE.gg_interest_gdp.IMF_WEO,DE,gg_interest_gdp,1888-12-31,1.6974400281906,2026-10-07
DE.gg_interest_gdp.IMF_WEO,DE,gg_interest_gdp,1889-12-31,1.6411600112915,2026-10-07
DE.gg_interest_gdp.IMF_WEO,DE,gg_interest_gdp,1890-12-31,1.8241100311279,2026-10-07
DE.gg_interest_gdp.IMF_WEO,DE,gg_interest_gdp,1891-12-31,1.9767099618912,2026-10-07
DE.gg_interest_gdp.IMF_WEO,DE,gg_interest_gdp,1892-12-31,1.9076399803162,2026-10-07
DE.gg_interest_gdp.IMF_WEO,DE,gg_interest_gdp,1893-12-31,1.9524899721146,2026-10-07
DE.gg_interest_gdp.IMF_WEO,DE,gg_interest_gdp,1894-12-31,1.9792399406433,2026-10-07
DE.gg_interest_gdp.IMF_WEO,DE,gg_interest_gdp,1895-12-31,1.9121199846268,2026-10-07
DE.gg_interest_gdp.IMF_WEO,DE,gg_interest_gdp,1896-12-31,1.7934999465942,2026-10-07
DE.gg_interest_gdp.IMF_WEO,DE,gg_interest_gdp,1897-12-31,1.6743199825287,2026-10-07
DE.gg_interest_gdp.IMF_WEO,DE,gg_interest_gdp,1898-12-31,1.6314400434494,2026-10-07
DE.gg_interest_gdp.IMF_WEO,DE,gg_interest_gdp,1899-12-31,1.4038100242615,2026-10-07
DE.gg_interest_gdp.IMF_WEO,DE,gg_interest_gdp,1900-12-31,1.5123499631882,2026-10-07
DE.gg_interest_gdp.IMF_WEO,DE,gg_interest_gdp,1901-12-31,1.5947300195694,2026-10-07
DE.gg_interest_gdp.IMF_WEO,DE,gg_interest_gdp,1902-12-31,1.6474200487137,2026-10-07
DE.gg_interest_gdp.IMF_WEO,DE,gg_interest_gdp,1903-12-31,1.5590900182724,2026-10-07
DE.gg_interest_gdp.IMF_WEO,DE,gg_interest_gdp,1904-12-31,1.5617500543594,2026-10-07
DE.gg_interest_gdp.IMF_WEO,DE,gg_interest_gdp,1905-12-31,1.4979100227356,2026-10-07
DE.gg_interest_gdp.IMF_WEO,DE,gg_interest_gdp,1906-12-31,1.4844399690628,2026-10-07
DE.gg_interest_gdp.IMF_WEO,DE,gg_interest_gdp,1907-12-31,1.4761500358582,2026-10-07
DE.gg_interest_gdp.IMF_WEO,DE,gg_interest_gdp,1908-12-31,1.5852099657059,2026-10-07
DE.gg_interest_gdp.IMF_WEO,DE,gg_interest_gdp,1909-12-31,1.5490200519562,2026-10-07
DE.gg_interest_gdp.IMF_WEO,DE,gg_interest_gdp,1910-12-31,1.7740499973297,2026-10-07
DE.gg_interest_gdp.IMF_WEO,DE,gg_interest_gdp,1911-12-31,1.8315900564194,2026-10-07
DE.gg_interest_gdp.IMF_WEO,DE,gg_interest_gdp,1912-12-31,1.5155199766159,2026-10-07
DE.gg_interest_gdp.IMF_WEO,DE,gg_interest_gdp,1913-12-31,1.5461299419403,2026-10-07
DE.gg_interest_gdp.IMF_WEO,DE,gg_interest_gdp,1925-12-31,0.031479001045227,2026-10-07
DE.gg_interest_gdp.IMF_WEO,DE,gg_interest_gdp,1926-12-31,0.14311499893665,2026-10-07
DE.gg_interest_gdp.IMF_WEO,DE,gg_interest_gdp,1927-12-31,0.13073800504208,2026-10-07
DE.gg_interest_gdp.IMF_WEO,DE,gg_interest_gdp,1928-12-31,0.18853299319744,2026-10-07
DE.gg_interest_gdp.IMF_WEO,DE,gg_interest_gdp,1929-12-31,0.28934100270271,2026-10-07
DE.gg_interest_gdp.IMF_WEO,DE,gg_interest_gdp,1930-12-31,0.34524500370026,2026-10-07
DE.gg_interest_gdp.IMF_WEO,DE,gg_interest_gdp,1931-12-31,0.42233800888062,2026-10-07
DE.gg_interest_gdp.IMF_WEO,DE,gg_interest_gdp,1932-12-31,0.49899598956108,2026-10-07
DE.gg_interest_gdp.IMF_WEO,DE,gg_interest_gdp,1933-12-31,0.92312002182007,2026-10-07
DE.gg_interest_gdp.IMF_WEO,DE,gg_interest_gdp,1934-12-31,0.88740599155426,2026-10-07
DE.gg_interest_gdp.IMF_WEO,DE,gg_interest_gdp,1950-12-31,0.19048300385475,2026-10-07
DE.gg_interest_gdp.IMF_WEO,DE,gg_interest_gdp,1951-12-31,0.2255059927702,2026-10-07
DE.gg_interest_gdp.IMF_WEO,DE,gg_interest_gdp,1952-12-31,0.27426999807358,2026-10-07
DE.gg_interest_gdp.IMF_WEO,DE,gg_interest_gdp,1953-12-31,0.25714001059532,2026-10-07
DE.gg_interest_gdp.IMF_WEO,DE,gg_interest_gdp,1954-12-31,0.72709500789642,2026-10-07
DE.gg_interest_gdp.IMF_WEO,DE,gg_interest_gdp,1955-12-31,0.35111498832703,2026-10-07
DE.gg_interest_gdp.IMF_WEO,DE,gg_interest_gdp,1956-12-31,0.32445600628853,2026-10-07
DE.gg_interest_gdp.IMF_WEO,DE,gg_interest_gdp,1957-12-31,0.32260501384735,2026-10-07
DE.gg_interest_gdp.IMF_WEO,DE,gg_interest_gdp,1958-12-31,0.36604800820351,2026-10-07
DE.gg_interest_gdp.IMF_WEO,DE,gg_interest_gdp,1959-12-31,0.40949100255966,2026-10-07
DE.gg_interest_gdp.IMF_WEO,DE,gg_interest_gdp,1960-12-31,0.45293399691582,2026-10-07
DE.gg_interest_gdp.IMF_WEO,DE,gg_interest_gdp,1961-12-31,0.84929800033569,2026-10-07
DE.gg_interest_gdp.IMF_WEO,DE,gg_interest_gdp,1962-12-31,0.77098602056503,2026-10-07
DE.gg_interest_gdp.IMF_WEO,DE,gg_interest_gdp,1963-12-31,1.0200599431992,2026-10-07
DE.gg_interest_gdp.IMF_WEO,DE,gg_interest_gdp,1964-12-31,1.0001200437546,2026-10-07
DE.gg_interest_gdp.IMF_WEO,DE,gg_interest_gdp,1965-12-31,1.0332000255585,2026-10-07
DE.gg_interest_gdp.IMF_WEO,DE,gg_interest_gdp,1966-12-31,1.1442899703979,2026-10-07
DE.gg_interest_gdp.IMF_WEO,DE,gg_interest_gdp,1967-12-31,1.3984400033951,2026-10-07
DE.gg_interest_gdp.IMF_WEO,DE,gg_interest_gdp,1968-12-31,1.6351699829102,2026-10-07
DE.gg_interest_gdp.IMF_WEO,DE,gg_interest_gdp,1969-12-31,1.5099400281906,2026-10-07
DE.gg_interest_gdp.IMF_WEO,DE,gg_interest_gdp,1970-12-31,0.94762599468231,2026-10-07
DE.gg_interest_gdp.IMF_WEO,DE,gg_interest_gdp,1971-12-31,0.97655802965164,2026-10-07
DE.gg_interest_gdp.IMF_WEO,DE,gg_interest_gdp,1972-12-31,1.0506000518799,2026-10-07
DE.gg_interest_gdp.IMF_WEO,DE,gg_interest_gdp,1973-12-31,1.1292500495911,2026-10-07
DE.gg_interest_gdp.IMF_WEO,DE,gg_interest_gdp,1974-12-31,1.2734199762344,2026-10-07
DE.gg_interest_gdp.IMF_WEO,DE,gg_interest_gdp,1975-12-31,1.4357199668884,2026-10-07
DE.gg_interest_gdp.IMF_WEO,DE,gg_interest_gdp,1976-12-31,1.6481599807739,2026-10-07
DE.gg_interest_gdp.IMF_WEO,DE,gg_interest_gdp,1977-12-31,1.6334600448608,2026-10-07
DE.gg_interest_gdp.IMF_WEO,DE,gg_interest_gdp,1978-12-31,1.5989999771118,2026-10-07
DE.gg_interest_gdp.IMF_WEO,DE,gg_interest_gdp,1979-12-31,1.7951600551605,2026-10-07
DE.gg_interest_gdp.IMF_WEO,DE,gg_interest_gdp,1980-12-31,2.1106200218201,2026-10-07
DE.gg_interest_gdp.IMF_WEO,DE,gg_interest_gdp,1981-12-31,2.5231199264526,2026-10-07
DE.gg_interest_gdp.IMF_WEO,DE,gg_interest_gdp,1982-12-31,2.8901200294495,2026-10-07
DE.gg_interest_gdp.IMF_WEO,DE,gg_interest_gdp,1983-12-31,3.0084800720215,2026-10-07
DE.gg_interest_gdp.IMF_WEO,DE,gg_interest_gdp,1984-12-31,2.9945299625397,2026-10-07
DE.gg_interest_gdp.IMF_WEO,DE,gg_interest_gdp,1985-12-31,2.9969599246979,2026-10-07
DE.gg_interest_gdp.IMF_WEO,DE,gg_interest_gdp,1986-12-31,2.7885599136353,2026-10-07
DE.gg_interest_gdp.IMF_WEO,DE,gg_interest_gdp,1987-12-31,2.742259979248,2026-10-07
DE.gg_interest_gdp.IMF_WEO,DE,gg_interest_gdp,1988-12-31,2.7164299488068,2026-10-07
DE.gg_interest_gdp.IMF_WEO,DE,gg_interest_gdp,1989-12-31,2.7013599872589,2026-10-07
DE.gg_interest_gdp.IMF_WEO,DE,gg_interest_gdp,1990-12-31,2.6943299770355,2026-10-07
DE.gg_interest_gdp.IMF_WEO,DE,gg_interest_gdp,1991-12-31,2.6866900920868,2026-10-07
DE.gg_interest_gdp.IMF_WEO,DE,gg_interest_gdp,1992-12-31,3.1406199932098,2026-10-07
DE.gg_interest_gdp.IMF_WEO,DE,gg_interest_gdp,1993-12-31,3.2017199993134,2026-10-07
DE.gg_interest_gdp.IMF_WEO,DE,gg_interest_gdp,1994-12-31,3.1769700050354,2026-10-07
DE.gg_interest_gdp.IMF_WEO,DE,gg_interest_gdp,1995-12-31,3.5033800601959,2026-10-07
DE.gg_interest_gdp.IMF_WEO,DE,gg_interest_gdp,1996-12-31,3.4911999702454,2026-10-07
DE.gg_interest_gdp.IMF_WEO,DE,gg_interest_gdp,1997-12-31,3.3922400474548,2026-10-07
DE.gg_interest_gdp.IMF_WEO,DE,gg_interest_gdp,1998-12-31,3.3734800815582,2026-10-07
DE.gg_interest_gdp.IMF_WEO,DE,gg_interest_gdp,1999-12-31,3.1651799678802,2026-10-07
DE.gg_interest_gdp.IMF_WEO,DE,gg_interest_gdp,2000-12-31,3.2000000476837,2026-10-07
DE.gg_interest_gdp.IMF_WEO,DE,gg_interest_gdp,2001-12-31,3.091010093689,2026-10-07
DE.gg_interest_gdp.IMF_WEO,DE,gg_interest_gdp,2002-12-31,2.9636099338531,2026-10-07
DE.gg_interest_gdp.IMF_WEO,DE,gg_interest_gdp,2003-12-31,3.0169999599457,2026-10-07
DE.gg_interest_gdp.IMF_WEO,DE,gg_interest_gdp,2004-12-31,2.8751599788666,2026-10-07
DE.gg_interest_gdp.IMF_WEO,DE,gg_interest_gdp,2005-12-31,2.8421099185944,2026-10-07
DE.gg_interest_gdp.IMF_WEO,DE,gg_interest_gdp,2006-12-31,2.8583800792694,2026-10-07
DE.gg_interest_gdp.IMF_WEO,DE,gg_interest_gdp,2007-12-31,2.8210799694061,2026-10-07
DE.gg_interest_gdp.IMF_WEO,DE,gg_interest_gdp,2008-12-31,2.7625501155853,2026-10-07
DE.gg_interest_gdp.IMF_WEO,DE,gg_interest_gdp,2009-12-31,2.6881399154663,2026-10-07
DE.gg_interest_gdp.IMF_WEO,DE,gg_interest_gdp,2010-12-31,2.498379945755,2026-10-07
DE.gg_interest_gdp.IMF_WEO,DE,gg_interest_gdp,2011-12-31,2.4747807536468,2026-10-07
DE.gg_interest_gdp.IMF_WEO,DE,gg_interest_gdp,2012-12-31,2.292911034266,2026-10-07
DE.gg_interest_gdp.IMF_WEO,DE,gg_interest_gdp,2013-12-31,1.8106527866931,2026-10-07
DE.gg_interest_gdp.IMF_WEO,DE,gg_interest_gdp,2014-12-31,1.5931471919637,2026-10-07
DE.gg_interest_gdp.IMF_WEO,DE,gg_interest_gdp,2015-12-31,1.3901063481728,2026-10-07
DE.gg_interest_gdp.IMF_WEO,DE,gg_interest_gdp,2016-12-31,1.1857749568886,2026-10-07
DE.gg_interest_gdp.IMF_WEO,DE,gg_interest_gdp,2017-12-31,1.0347393275349,2026-10-07
DE.gg_interest_gdp.IMF_WEO,DE,gg_interest_gdp,2018-12-31,0.92564712597153,2026-10-07
DE.gg_interest_gdp.IMF_WEO,DE,gg_interest_gdp,2019-12-31,0.79303871901574,2026-10-07
DE.gg_interest_gdp.IMF_WEO,DE,gg_interest_gdp,2020-12-31,0.64885009505263,2026-10-07
DE.gg_interest_gdp.IMF_WEO,DE,gg_interest_gdp,2021-12-31,0.59081996773791,2026-10-07
DE.gg_interest_gdp.IMF_WEO,DE,gg_interest_gdp,2022-12-31,0.70231288492727,2026-10-07
DE.gg_interest_gdp.IMF_WEO,DE,gg_interest_gdp,2023-12-31,0.87331814917605,2026-10-07
DE.gg_interest_gdp.IMF_WEO,DE,gg_interest_gdp,2024-12-31,1.0586351949771,2026-10-07
DE.gg_net_lending_gdp.IMF_WEO,DE,gg_net_lending_gdp,1991-12-31,-3.2,2026-10-07
DE.gg_net_lending_gdp.IMF_WEO,DE,gg_net_lending_gdp,1992-12-31,-2.6,2026-10-07
DE.gg_net_lending_gdp.IMF_WEO,DE,gg_net_lending_gdp,1993-12-31,-3.1,2026-10-07
DE.gg_net_lending_gdp.IMF_WEO,DE,gg_net_lending_gdp,1994-12-31,-2.5,2026-10-07
DE.gg_net_lending_gdp.IMF_WEO,DE,gg_net_lending_gdp,1995-12-31,-9.4,2026-10-07
DE.gg_net_lending_gdp.IMF_WEO,DE,gg_net_lending_gdp,1996-12-31,-3.6,2026-10-07
DE.gg_net_lending_gdp.IMF_WEO,DE,gg_net_lending_gdp,1997-12-31,-3.0,2026-10-07
DE.gg_net_lending_gdp.IMF_WEO,DE,gg_net_lending_gdp,1998-12-31,-2.6,2026-10-07
DE.gg_net_lending_gdp.IMF_WEO,DE,gg_net_lending_gdp,1999-12-31,-1.9,2026-10-07
DE.gg_net_lending_gdp.IMF_WEO,DE,gg_net_lending_gdp,2000-12-31,-1.7,2026-10-07
DE.gg_net_lending_gdp.IMF_WEO,DE,gg_net_lending_gdp,2001-12-31,-3.1,2026-10-07
DE.gg_net_lending_gdp.IMF_WEO,DE,gg_net_lending_gdp,2002-12-31,-4.1,2026-10-07
DE.gg_net_lending_gdp.IMF_WEO,DE,gg_net_lending_gdp,2003-12-31,-3.8,2026-10-07
DE.gg_net_lending_gdp.IMF_WEO,DE,gg_net_lending_gdp,2004-12-31,-3.4,2026-10-07
DE.gg_net_lending_gdp.IMF_WEO,DE,gg_net_lending_gdp,2005-12-31,-3.4,2026-10-07
DE.gg_net_lending_gdp.IMF_WEO,DE,gg_net_lending_gdp,2006-12-31,-1.8,2026-10-07
DE.gg_net_lending_gdp.IMF_WEO,DE,gg_net_lending_gdp,2007-12-31,0.2,2026-10-07
DE.gg_net_lending_gdp.IMF_WEO,DE,gg_net_lending_gdp,2008-12-31,-0.3,2026-10-07
DE.gg_net_lending_gdp.IMF_WEO,DE,gg_net_lending_gdp,2009-12-31,-3.2,2026-10-07
DE.gg_net_lending_gdp.IMF_WEO,DE,gg_net_lending_gdp,2010-12-31,-4.4,2026-10-07
DE.gg_net_lending_gdp.IMF_WEO,DE,gg_net_lending_gdp,2011-12-31,-0.8,2026-10-07
DE.gg_net_lending_gdp.IMF_WEO,DE,gg_net_lending_gdp,2012-12-31,-0.1,2026-10-07
DE.gg_net_lending_gdp.IMF_WEO,DE,gg_net_lending_gdp,2013-12-31,0.1,2026-10-07
DE.gg_net_lending_gdp.IMF_WEO,DE,gg_net_lending_gdp,2014-12-31,0.7,2026-10-07
DE.gg_net_lending_gdp.IMF_WEO,DE,gg_net_lending_gdp,2015-12-31,0.9,2026-10-07
DE.gg_net_lending_gdp.IMF_WEO,DE,gg_net_lending_gdp,2016-12-31,1.1,2026-10-07
DE.gg_net_lending_gdp.IMF_WEO,DE,gg_net_lending_gdp,2017-12-31,1.3,2026-10-07
DE.gg_net_lending_gdp.IMF_WEO,DE,gg_net_lending_gdp,2018-12-31,1.9,2026-10-07
DE.gg_net_lending_gdp.IMF_WEO,DE,gg_net_lending_gdp,2019-12-31,1.3,2026-10-07
DE.gg_net_lending_gdp.IMF_WEO,DE,gg_net_lending_gdp,2020-12-31,-4.4,2026-10-07
DE.gg_net_lending_gdp.IMF_WEO,DE,gg_net_lending_gdp,2021-12-31,-3.2,2026-10-07
DE.gg_net_lending_gdp.IMF_WEO,DE,gg_net_lending_gdp,2022-12-31,-1.9,2026-10-07
DE.gg_net_lending_gdp.IMF_WEO,DE,gg_net_lending_gdp,2023-12-31,-2.5,2026-10-07
DE.gg_net_lending_gdp.IMF_WEO,DE,gg_net_lending_gdp,2024-12-31,-2.7,2026-10-07
DE.gg_net_lending_gdp.IMF_WEO,DE,gg_net_lending_gdp,2025-12-31,-2.7,2026-10-07
DE.gg_revenue_gdp.IMF_WEO,DE,gg_revenue_gdp,1880-12-31,10.178000450134,2026-10-07
DE.gg_revenue_gdp.IMF_WEO,DE,gg_revenue_gdp,1881-12-31,11.284399986267,2026-10-07
DE.gg_revenue_gdp.IMF_WEO,DE,gg_revenue_gdp,1882-12-31,12.827899932861,2026-10-07
DE.gg_revenue_gdp.IMF_WEO,DE,gg_revenue_gdp,1883-12-31,13.017800331116,2026-10-07
DE.gg_revenue_gdp.IMF_WEO,DE,gg_revenue_gdp,1884-12-31,12.87619972229,2026-10-07
DE.gg_revenue_gdp.IMF_WEO,DE,gg_revenue_gdp,1885-12-31,13.361800193787,2026-10-07
DE.gg_revenue_gdp.IMF_WEO,DE,gg_revenue_gdp,1886-12-31,13.866399765015,2026-10-07
DE.gg_revenue_gdp.IMF_WEO,DE,gg_revenue_gdp,1887-12-31,15.813899993896,2026-10-07
DE.gg_revenue_gdp.IMF_WEO,DE,gg_revenue_gdp,1888-12-31,15.815500259399,2026-10-07
DE.gg_revenue_gdp.IMF_WEO,DE,gg_revenue_gdp,1889-12-31,16.438199996948,2026-10-07
DE.gg_revenue_gdp.IMF_WEO,DE,gg_revenue_gdp,1890-12-31,16.439399719238,2026-10-07
DE.gg_revenue_gdp.IMF_WEO,DE,gg_revenue_gdp,1891-12-31,18.04640007019,2026-10-07
DE.gg_revenue_gdp.IMF_WEO,DE,gg_revenue_gdp,1892-12-31,16.599700927734,2026-10-07
DE.gg_revenue_gdp.IMF_WEO,DE,gg_revenue_gdp,1893-12-31,16.595699310303,2026-10-07
DE.gg_revenue_gdp.IMF_WEO,DE,gg_revenue_gdp,1894-12-31,17.497299194336,2026-10-07
DE.gg_revenue_gdp.IMF_WEO,DE,gg_revenue_gdp,1895-12-31,16.786100387573,2026-10-07
DE.gg_revenue_gdp.IMF_WEO,DE,gg_revenue_gdp,1896-12-31,17.419500350952,2026-10-07
DE.gg_revenue_gdp.IMF_WEO,DE,gg_revenue_gdp,1897-12-31,17.148300170898,2026-10-07
DE.gg_revenue_gdp.IMF_WEO,DE,gg_revenue_gdp,1898-12-31,18.309200286865,2026-10-07
DE.gg_revenue_gdp.IMF_WEO,DE,gg_revenue_gdp,1899-12-31,17.37859916687,2026-10-07
DE.gg_revenue_gdp.IMF_WEO,DE,gg_revenue_gdp,1900-12-31,18.124300003052,2026-10-07
DE.gg_revenue_gdp.IMF_WEO,DE,gg_revenue_gdp,1901-12-31,19.765300750732,2026-10-07
DE.gg_revenue_gdp.IMF_WEO,DE,gg_revenue_gdp,1902-12-31,19.434999465942,2026-10-07
DE.gg_revenue_gdp.IMF_WEO,DE,gg_revenue_gdp,1903-12-31,19.398399353027,2026-10-07
DE.gg_revenue_gdp.IMF_WEO,DE,gg_revenue_gdp,1904-12-31,17.254699707031,2026-10-07
DE.gg_revenue_gdp.IMF_WEO,DE,gg_revenue_gdp,1905-12-31,17.641199111938,2026-10-07
DE.gg_revenue_gdp.IMF_WEO,DE,gg_revenue_gdp,1906-12-31,17.964700698853,2026-10-07
DE.gg_revenue_gdp.IMF_WEO,DE,gg_revenue_gdp,1907-12-31,17.632299423218,2026-10-07
DE.gg_revenue_gdp.IMF_WEO,DE,gg_revenue_gdp,1908-12-31,18.305500030518,2026-10-07
DE.gg_revenue_gdp.IMF_WEO,DE,gg_revenue_gdp,1909-12-31,20.109800338745,2026-10-07
DE.gg_revenue_gdp.IMF_WEO,DE,gg_revenue_gdp,1910-12-31,19.264499664307,2026-10-07
DE.gg_revenue_gdp.IMF_WEO,DE,gg_revenue_gdp,1911-12-31,19.054800033569,2026-10-07
DE.gg_revenue_gdp.IMF_WEO,DE,gg_revenue_gdp,1912-12-31,17.378999710083,2026-10-07
DE.gg_revenue_gdp.IMF_WEO,DE,gg_revenue_gdp,1913-12-31,37.696701049805,2026-10-07
DE.gg_revenue_gdp.IMF_WEO,DE,gg_revenue_gdp,1925-12-31,12.569999694824,2026-10-07
DE.gg_revenue_gdp.IMF_WEO,DE,gg_revenue_gdp,1926-12-31,12.905400276184,2026-10-07
DE.gg_revenue_gdp.IMF_WEO,DE,gg_revenue_gdp,1927-12-31,12.230600357056,2026-10-07
DE.gg_revenue_gdp.IMF_WEO,DE,gg_revenue_gdp,1928-12-31,12.633899688721,2026-10-07
DE.gg_revenue_gdp.IMF_WEO,DE,gg_revenue_gdp,1929-12-31,13.386300086975,2026-10-07
DE.gg_revenue_gdp.IMF_WEO,DE,gg_revenue_gdp,1930-12-31,14.813799858093,2026-10-07
DE.gg_revenue_gdp.IMF_WEO,DE,gg_revenue_gdp,1931-12-31,11.648300170898,2026-10-07
DE.gg_revenue_gdp.IMF_WEO,DE,gg_revenue_gdp,1932-12-31,11.463899612427,2026-10-07
DE.gg_revenue_gdp.IMF_WEO,DE,gg_revenue_gdp,1933-12-31,10.612400054932,2026-10-07
DE.gg_revenue_gdp.IMF_WEO,DE,gg_revenue_gdp,1934-12-31,12.082799911499,2026-10-07
DE.gg_revenue_gdp.IMF_WEO,DE,gg_revenue_gdp,1950-12-31,28.979700088501,2026-10-07
DE.gg_revenue_gdp.IMF_WEO,DE,gg_revenue_gdp,1951-12-31,31.311500549316,2026-10-07
DE.gg_revenue_gdp.IMF_WEO,DE,gg_revenue_gdp,1952-12-31,30.394300460815,2026-10-07
DE.gg_revenue_gdp.IMF_WEO,DE,gg_revenue_gdp,1953-12-31,30.298999786377,2026-10-07
DE.gg_revenue_gdp.IMF_WEO,DE,gg_revenue_gdp,1954-12-31,30.344499588013,2026-10-07
DE.gg_revenue_gdp.IMF_WEO,DE,gg_revenue_gdp,1955-12-31,28.512399673462,2026-10-07
DE.gg_revenue_gdp.IMF_WEO,DE,gg_revenue_gdp,1956-12-31,30.124000549316,2026-10-07
DE.gg_revenue_gdp.IMF_WEO,DE,gg_revenue_gdp,1957-12-31,30.617799758911,2026-10-07
DE.gg_revenue_gdp.IMF_WEO,DE,gg_revenue_gdp,1958-12-31,30.769199371338,2026-10-07
DE.gg_revenue_gdp.IMF_WEO,DE,gg_revenue_gdp,1959-12-31,30.082099914551,2026-10-07
DE.gg_revenue_gdp.IMF_WEO,DE,gg_revenue_gdp,1960-12-31,22.596500396729,2026-10-07
DE.gg_revenue_gdp.IMF_WEO,DE,gg_revenue_gdp,1961-12-31,28.714599609375,2026-10-07
DE.gg_revenue_gdp.IMF_WEO,DE,gg_revenue_gdp,1962-12-31,29.708299636841,2026-10-07
DE.gg_revenue_gdp.IMF_WEO,DE,gg_revenue_gdp,1963-12-31,30.537099838257,2026-10-07
DE.gg_revenue_gdp.IMF_WEO,DE,gg_revenue_gdp,1964-12-31,30.489200592041,2026-10-07
DE.gg_revenue_gdp.IMF_WEO,DE,gg_revenue_gdp,1965-12-31,30.625699996948,2026-10-07
DE.gg_revenue_gdp.IMF_WEO,DE,gg_revenue_gdp,1966-12-31,30.044500350952,2026-10-07
DE.gg_revenue_gdp.IMF_WEO,DE,gg_revenue_gdp,1967-12-31,31.531900405884,2026-10-07
DE.gg_revenue_gdp.IMF_WEO,DE,gg_revenue_gdp,1968-12-31,29.854000091553,2026-10-07
DE.gg_revenue_gdp.IMF_WEO,DE,gg_revenue_gdp,1969-12-31,29.257600784302,2026-10-07
DE.gg_revenue_gdp.IMF_WEO,DE,gg_revenue_gdp,1970-12-31,39.990898132324,2026-10-07
DE.gg_revenue_gdp.IMF_WEO,DE,gg_revenue_gdp,1971-12-31,41.082099914551,2026-10-07
DE.gg_revenue_gdp.IMF_WEO,DE,gg_revenue_gdp,1972-12-31,41.426399230957,2026-10-07
DE.gg_revenue_gdp.IMF_WEO,DE,gg_revenue_gdp,1973-12-31,43.516998291016,2026-10-07
DE.gg_revenue_gdp.IMF_WEO,DE,gg_revenue_gdp,1974-12-31,44.329601287842,2026-10-07
DE.gg_revenue_gdp.IMF_WEO,DE,gg_revenue_gdp,1975-12-31,44.544898986816,2026-10-07
DE.gg_revenue_gdp.IMF_WEO,DE,gg_revenue_gdp,1976-12-31,45.941101074219,2026-10-07
DE.gg_revenue_gdp.IMF_WEO,DE,gg_revenue_gdp,1977-12-31,46.483001708984,2026-10-07
DE.gg_revenue_gdp.IMF_WEO,DE,gg_revenue_gdp,1978-12-31,45.123798370361,2026-10-07
DE.gg_revenue_gdp.IMF_WEO,DE,gg_revenue_gdp,1979-12-31,44.732200622559,2026-10-07
DE.gg_revenue_gdp.IMF_WEO,DE,gg_revenue_gdp,1980-12-31,45.207401275635,2026-10-07
DE.gg_revenue_gdp.IMF_WEO,DE,gg_revenue_gdp,1981-12-31,45.0,2026-10-07
DE.gg_revenue_gdp.IMF_WEO,DE,gg_revenue_gdp,1982-12-31,45.564998626709,2026-10-07
DE.gg_revenue_gdp.IMF_WEO,DE,gg_revenue_gdp,1983-12-31,44.972499847412,2026-10-07
DE.gg_revenue_gdp.IMF_WEO,DE,gg_revenue_gdp,1984-12-31,45.121299743652,2026-10-07
DE.gg_revenue_gdp.IMF_WEO,DE,gg_revenue_gdp,1985-12-31,45.37739944458,2026-10-07
DE.gg_revenue_gdp.IMF_WEO,DE,gg_revenue_gdp,1986-12-31,44.49520111084,2026-10-07
DE.gg_revenue_gdp.IMF_WEO,DE,gg_revenue_gdp,1987-12-31,44.132099151611,2026-10-07
DE.gg_revenue_gdp.IMF_WEO,DE,gg_revenue_gdp,1988-12-31,43.560298919678,2026-10-07
DE.gg_revenue_gdp.IMF_WEO,DE,gg_revenue_gdp,1989-12-31,44.371299743652,2026-10-07
DE.gg_revenue_gdp.IMF_WEO,DE,gg_revenue_gdp,1990-12-31,42.786098480225,2026-10-07
DE.gg_revenue_gdp.IMF_WEO,DE,gg_revenue_gdp,1991-12-31,43.394401550293,2026-10-07
DE.gg_revenue_gdp.IMF_WEO,DE,gg_revenue_gdp,1992-12-31,44.707599639893,2026-10-07
DE.gg_revenue_gdp.IMF_WEO,DE,gg_revenue_gdp,1993-12-31,45.145301818848,2026-10-07
DE.gg_revenue_gdp.IMF_WEO,DE,gg_revenue_gdp,1994-12-31,45.526298522949,2026-10-07
DE.gg_revenue_gdp.IMF_WEO,DE,gg_revenue_gdp,1995-12-31,45.371398925781,2026-10-07
DE.gg_revenue_gdp.IMF_WEO,DE,gg_revenue_gdp,1996-12-31,45.707698822021,2026-10-07
DE.gg_revenue_gdp.IMF_WEO,DE,gg_revenue_gdp,1997-12-31,45.471599578857,2026-10-07
DE.gg_revenue_gdp.IMF_WEO,DE,gg_revenue_gdp,1998-12-31,45.667701721191,2026-10-07
DE.gg_revenue_gdp.IMF_WEO,DE,gg_revenue_gdp,1999-12-31,46.613800048828,2026-10-07
DE.gg_revenue_gdp.IMF_WEO,DE,gg_revenue_gdp,2000-12-31,46.233898162842,2026-10-07
DE.gg_revenue_gdp.IMF_WEO,DE,gg_revenue_gdp,2001-12-31,44.537300109863,2026-10-07
DE.gg_revenue_gdp.IMF_WEO,DE,gg_revenue_gdp,2002-12-31,44.100898742676,2026-10-07
DE.gg_revenue_gdp.IMF_WEO,DE,gg_revenue_gdp,2003-12-31,44.311100006104,2026-10-07
DE.gg_revenue_gdp.IMF_WEO,DE,gg_revenue_gdp,2004-12-31,43.313800811768,2026-10-07
DE.gg_revenue_gdp.IMF_WEO,DE,gg_revenue_gdp,2005-12-31,43.577098846436,2026-10-07
DE.gg_revenue_gdp.IMF_WEO,DE,gg_revenue_gdp,2006-12-31,43.694599151611,2026-10-07
DE.gg_revenue_gdp.IMF_WEO,DE,gg_revenue_gdp,2007-12-31,43.743000030518,2026-10-07
DE.gg_revenue_gdp.IMF_WEO,DE,gg_revenue_gdp,2008-12-31,43.988998413086,2026-10-07
DE.gg_revenue_gdp.IMF_WEO,DE,gg_revenue_gdp,2009-12-31,44.892799377441,2026-10-07
DE.gg_revenue_gdp.IMF_WEO,DE,gg_revenue_gdp,2010-12-31,43.59460067749,2026-10-07
DE.gg_revenue_gdp.IMF_WEO,DE,gg_revenue_gdp,2011-12-31,44.44954512525,2026-10-07
DE.gg_revenue_gdp.IMF_WEO,DE,gg_revenue_gdp,2012-12-31,45.046797747992,2026-10-07
DE.gg_revenue_gdp.IMF_WEO,DE,gg_revenue_gdp,2013-12-31,45.285925595155,2026-10-07
DE.gg_revenue_gdp.IMF_WEO,DE,gg_revenue_gdp,2014-12-31,45.239657292585,2026-10-07
DE.gg_revenue_gdp.IMF_WEO,DE,gg_revenue_gdp,2015-12-31,45.400660181469,2026-10-07
DE.gg_revenue_gdp.IMF_WEO,DE,gg_revenue_gdp,2016-12-31,45.865310887234,2026-10-07
DE.gg_revenue_gdp.IMF_WEO,DE,gg_revenue_gdp,2017-12-31,45.876763743171,2026-10-07
DE.gg_revenue_gdp.IMF_WEO,DE,gg_revenue_gdp,2018-12-31,46.534101332836,2026-10-07
DE.gg_revenue_gdp.IMF_WEO,DE,gg_revenue_gdp,2019-12-31,46.859847114167,2026-10-07
DE.gg_revenue_gdp.IMF_WEO,DE,gg_revenue_gdp,2020-12-31,46.733812074002,2026-10-07
DE.gg_revenue_gdp.IMF_WEO,DE,gg_revenue_gdp,2021-12-31,47.502104639984,2026-10-07
DE.gg_revenue_gdp.IMF_WEO,DE,gg_revenue_gdp,2022-12-31,46.700623403578,2026-10-07
DE.gg_revenue_gdp.IMF_WEO,DE,gg_revenue_gdp,2023-12-31,45.651634982971,2026-10-07
DE.gg_revenue_gdp.IMF_WEO,DE,gg_revenue_gdp,2024-12-31,46.764519042636,2026-10-07
DE.rgdp_growth.IMF_WEO,DE,rgdp_growth,1980-12-31,1.3,2026-10-07
DE.rgdp_growth.IMF_WEO,DE,rgdp_growth,1981-12-31,0.1,2026-10-07
DE.rgdp_growth.IMF_WEO,DE,rgdp_growth,1982-12-31,-0.8,2026-10-07
DE.rgdp_growth.IMF_WEO,DE,rgdp_growth,1983-12-31,1.6,2026-10-07
DE.rgdp_growth.IMF_WEO,DE,rgdp_growth,1984-12-31,2.8,2026-10-07
DE.rgdp_growth.IMF_WEO,DE,rgdp_growth,1985-12-31,2.2,2026-10-07
DE.rgdp_growth.IMF_WEO,DE,rgdp_growth,1986-12-31,2.4,2026-10-07
DE.rgdp_growth.IMF_WEO,DE,rgdp_growth,1987-12-31,1.5,2026-10-07
DE.rgdp_growth.IMF_WEO,DE,rgdp_growth,1988-12-31,3.7,2026-10-07
DE.rgdp_growth.IMF_WEO,DE,rgdp_growth,1989-12-31,3.9,2026-10-07
DE.rgdp_growth.IMF_WEO,DE,rgdp_growth,1990-12-31,5.7,2026-10-07
DE.rgdp_growth.IMF_WEO,DE,rgdp_growth,1991-12-31,5.0,2026-10-07
DE.rgdp_growth.IMF_WEO,DE,rgdp_growth,1992-12-31,2.0,2026-10-07
DE.rgdp_growth.IMF_WEO,DE,rgdp_growth,1993-12-31,-1.0,2026-10-07
DE.rgdp_growth.IMF_WEO,DE,rgdp_growth,1994-12-31,2.6,2026-10-07
DE.rgdp_growth.IMF_WEO,DE,rgdp_growth,1995-12-31,1.5,2026-10-07
DE.rgdp_growth.IMF_WEO,DE,rgdp_growth,1996-12-31,1.0,2026-10-07
DE.rgdp_growth.IMF_WEO,DE,rgdp_growth,1997-12-31,1.9,2026-10-07
DE.rgdp_growth.IMF_WEO,DE,rgdp_growth,1998-12-31,2.1,2026-10-07
DE.rgdp_growth.IMF_WEO,DE,rgdp_growth,1999-12-31,2.1,2026-10-07
DE.rgdp_growth.IMF_WEO,DE,rgdp_growth,2000-12-31,2.9,2026-10-07
DE.rgdp_growth.IMF_WEO,DE,rgdp_growth,2001-12-31,1.6,2026-10-07
DE.rgdp_growth.IMF_WEO,DE,rgdp_growth,2002-12-31,-0.2,2026-10-07
DE.rgdp_growth.IMF_WEO,DE,rgdp_growth,2003-12-31,-0.5,2026-10-07
DE.rgdp_growth.IMF_WEO,DE,rgdp_growth,2004-12-31,1.2,2026-10-07
DE.rgdp_growth.IMF_WEO,DE,rgdp_growth,2005-12-31,0.9,2026-10-07
DE.rgdp_growth.IMF_WEO,DE,rgdp_growth,2006-12-31,3.9,2026-10-07
DE.rgdp_growth.IMF_WEO,DE,rgdp_growth,2007-12-31,2.9,2026-10-07
DE.rgdp_growth.IMF_WEO,DE,rgdp_growth,2008-12-31,0.9,2026-10-07
DE.rgdp_growth.IMF_WEO,DE,rgdp_growth,2009-12-31,-5.6,2026-10-07
DE.rgdp_growth.IMF_WEO,DE,rgdp_growth,2010-12-31,4.1,2026-10-07
DE.rgdp_growth.IMF_WEO,DE,rgdp_growth,2011-12-31,3.8,2026-10-07
DE.rgdp_growth.IMF_WEO,DE,rgdp_growth,2012-12-31,0.5,2026-10-07
DE.rgdp_growth.IMF_WEO,DE,rgdp_growth,2013-12-31,0.4,2026-10-07
DE.rgdp_growth.IMF_WEO,DE,rgdp_growth,2014-12-31,2.2,2026-10-07
DE.rgdp_growth.IMF_WEO,DE,rgdp_growth,2015-12-31,1.7,2026-10-07
DE.rgdp_growth.IMF_WEO,DE,rgdp_growth,2016-12-31,2.2,2026-10-07
DE.rgdp_growth.IMF_WEO,DE,rgdp_growth,2017-12-31,2.8,2026-10-07
DE.rgdp_growth.IMF_WEO,DE,rgdp_growth,2018-12-31,1.1,2026-10-07
DE.rgdp_growth.IMF_WEO,DE,rgdp_growth,2019-12-31,1.0,2026-10-07
DE.rgdp_growth.IMF_WEO,DE,rgdp_growth,2020-12-31,-4.1,2026-10-07
DE.rgdp_growth.IMF_WEO,DE,rgdp_growth,2021-12-31,3.9,2026-10-07
DE.rgdp_growth.IMF_WEO,DE,rgdp_growth,2022-12-31,1.8,2026-10-07
DE.rgdp_growth.IMF_WEO,DE,rgdp_growth,2023-12-31,-0.9,2026-10-07
DE.rgdp_growth.IMF_WEO,DE,rgdp_growth,2024-12-31,-0.5,2026-10-07
DE.rgdp_growth.IMF_WEO,DE,rgdp_growth,2025-12-31,0.2,2026-10-07
EA.cpi_yoy.IMF_WEO,EA,cpi_yoy,1991-12-31,4.1,2026-10-07
EA.cpi_yoy.IMF_WEO,EA,cpi_yoy,1992-12-31,3.6,2026-10-07
EA.cpi_yoy.IMF_WEO,EA,cpi_yoy,1993-12-31,3.2,2026-10-07
EA.cpi_yoy.IMF_WEO,EA,cpi_yoy,1994-12-31,2.7,2026-10-07
EA.cpi_yoy.IMF_WEO,EA,cpi_yoy,1995-12-31,2.4,2026-10-07
EA.cpi_yoy.IMF_WEO,EA,cpi_yoy,1996-12-31,2.0,2026-10-07
EA.cpi_yoy.IMF_WEO,EA,cpi_yoy,1997-12-31,1.6,2026-10-07
EA.cpi_yoy.IMF_WEO,EA,cpi_yoy,1998-12-31,1.1,2026-10-07
EA.cpi_yoy.IMF_WEO,EA,cpi_yoy,1999-12-31,1.1,2026-10-07
EA.cpi_yoy.IMF_WEO,EA,cpi_yoy,2000-12-31,2.1,2026-10-07
EA.cpi_yoy.IMF_WEO,EA,cpi_yoy,2001-12-31,2.3,2026-10-07
EA.cpi_yoy.IMF_WEO,EA,cpi_yoy,2002-12-31,2.3,2026-10-07
EA.cpi_yoy.IMF_WEO,EA,cpi_yoy,2003-12-31,2.1,2026-10-07
EA.cpi_yoy.IMF_WEO,EA,cpi_yoy,2004-12-31,2.1,2026-10-07
EA.cpi_yoy.IMF_WEO,EA,cpi_yoy,2005-12-31,2.2,2026-10-07
EA.cpi_yoy.IMF_WEO,EA,cpi_yoy,2006-12-31,2.2,2026-10-07
EA.cpi_yoy.IMF_WEO,EA,cpi_yoy,2007-12-31,2.1,2026-10-07
EA.cpi_yoy.IMF_WEO,EA,cpi_yoy,2008-12-31,3.3,2026-10-07
EA.cpi_yoy.IMF_WEO,EA,cpi_yoy,2009-12-31,0.3,2026-10-07
EA.cpi_yoy.IMF_WEO,EA,cpi_yoy,2010-12-31,1.6,2026-10-07
EA.cpi_yoy.IMF_WEO,EA,cpi_yoy,2011-12-31,2.7,2026-10-07
EA.cpi_yoy.IMF_WEO,EA,cpi_yoy,2012-12-31,2.5,2026-10-07
EA.cpi_yoy.IMF_WEO,EA,cpi_yoy,2013-12-31,1.4,2026-10-07
EA.cpi_yoy.IMF_WEO,EA,cpi_yoy,2014-12-31,0.4,2026-10-07
EA.cpi_yoy.IMF_WEO,EA,cpi_yoy,2015-12-31,0.2,2026-10-07
EA.cpi_yoy.IMF_WEO,EA,cpi_yoy,2016-12-31,0.2,2026-10-07
EA.cpi_yoy.IMF_WEO,EA,cpi_yoy,2017-12-31,1.5,2026-10-07
EA.cpi_yoy.IMF_WEO,EA,cpi_yoy,2018-12-31,1.8,2026-10-07
EA.cpi_yoy.IMF_WEO,EA,cpi_yoy,2019-12-31,1.2,2026-10-07
EA.cpi_yoy.IMF_WEO,EA,cpi_yoy,2020-12-31,0.3,2026-10-07
EA.cpi_yoy.IMF_WEO,EA,cpi_yoy,2021-12-31,2.6,2026-10-07
EA.cpi_yoy.IMF_WEO,EA,cpi_yoy,2022-12-31,8.4,2026-10-07
EA.cpi_yoy.IMF_WEO,EA,cpi_yoy,2023-12-31,5.4,2026-10-07
EA.cpi_yoy.IMF_WEO,EA,cpi_yoy,2024-12-31,2.4,2026-10-07
EA.cpi_yoy.IMF_WEO,EA,cpi_yoy,2025-12-31,2.1,2026-10-07
EA.gg_debt_gdp.IMF_WEO,EA,gg_debt_gdp,1995-12-31,71.6,2026-10-07
EA.gg_debt_gdp.IMF_WEO,EA,gg_debt_gdp,1996-12-31,73.7,2026-10-07
EA.gg_debt_gdp.IMF_WEO,EA,gg_debt_gdp,1997-12-31,73.2,2026-10-07
EA.gg_debt_gdp.IMF_WEO,EA,gg_debt_gdp,1998-12-31,72.8,2026-10-07
EA.gg_debt_gdp.IMF_WEO,EA,gg_debt_gdp,1999-12-31,71.7,2026-10-07
EA.gg_debt_gdp.IMF_WEO,EA,gg_debt_gdp,2000-12-31,69.2,2026-10-07
EA.gg_debt_gdp.IMF_WEO,EA,gg_debt_gdp,2001-12-31,68.2,2026-10-07
EA.gg_debt_gdp.IMF_WEO,EA,gg_debt_gdp,2002-12-31,68.1,2026-10-07
EA.gg_debt_gdp.IMF_WEO,EA,gg_debt_gdp,2003-12-31,69.4,2026-10-07
EA.gg_debt_gdp.IMF_WEO,EA,gg_debt_gdp,2004-12-31,69.6,2026-10-07
EA.gg_debt_gdp.IMF_WEO,EA,gg_debt_gdp,2005-12-31,70.2,2026-10-07
EA.gg_debt_gdp.IMF_WEO,EA,gg_debt_gdp,2006-12-31,68.2,2026-10-07
EA.gg_debt_gdp.IMF_WEO,EA,gg_debt_gdp,2007-12-31,65.8,2026-10-07
EA.gg_debt_gdp.IMF_WEO,EA,gg_debt_gdp,2008-12-31,69.4,2026-10-07
EA.gg_debt_gdp.IMF_WEO,EA,gg_debt_gdp,2009-12-31,79.8,2026-10-07
EA.gg_debt_gdp.IMF_WEO,EA,gg_debt_gdp,2010-12-31,85.2,2026-10-07
EA.gg_debt_gdp.IMF_WEO,EA,gg_debt_gdp,2011-12-31,87.0,2026-10-07
EA.gg_debt_gdp.IMF_WEO,EA,gg_debt_gdp,2012-12-31,90.5,2026-10-07
EA.gg_debt_gdp.IMF_WEO,EA,gg_debt_gdp,2013-12-31,92.4,2026-10-07
EA.gg_debt_gdp.IMF_WEO,EA,gg_debt_gdp,2014-12-31,92.7,2026-10-07
EA.gg_debt_gdp.IMF_WEO,EA,gg_debt_gdp,2015-12-31,90.7,2026-10-07
EA.gg_debt_gdp.IMF_WEO,EA,gg_debt_gdp,2016-12-31,89.7,2026-10-07
EA.gg_debt_gdp.IMF_WEO,EA,gg_debt_gdp,2017-12-31,87.2,2026-10-07
EA.gg_debt_gdp.IMF_WEO,EA,gg_debt_gdp,2018-12-31,85.2,2026-10-07
EA.gg_debt_gdp.IMF_WEO,EA,gg_debt_gdp,2019-12-31,83.3,2026-10-07
EA.gg_debt_gdp.IMF_WEO,EA,gg_debt_gdp,2020-12-31,96.1,2026-10-07
EA.gg_debt_gdp.IMF_WEO,EA,gg_debt_gdp,2021-12-31,93.4,2026-10-07
EA.gg_debt_gdp.IMF_WEO,EA,gg_debt_gdp,2022-12-31,88.9,2026-10-07
EA.gg_debt_gdp.IMF_WEO,EA,gg_debt_gdp,2023-12-31,86.5,2026-10-07
EA.gg_debt_gdp.IMF_WEO,EA,gg_debt_gdp,2024-12-31,86.6,2026-10-07
EA.gg_debt_gdp.IMF_WEO,EA,gg_debt_gdp,2025-12-31,87.1,2026-10-07
EA.gg_net_lending_gdp.IMF_WEO,EA,gg_net_lending_gdp,1991-12-31,-5.1,2026-10-07
EA.gg_net_lending_gdp.IMF_WEO,EA,gg_net_lending_gdp,1992-12-31,-5.1,2026-10-07
EA.gg_net_lending_gdp.IMF_WEO,EA,gg_net_lending_gdp,1993-12-31,-5.8,2026-10-07
EA.gg_net_lending_gdp.IMF_WEO,EA,gg_net_lending_gdp,1994-12-31,-5.0,2026-10-07
EA.gg_net_lending_gdp.IMF_WEO,EA,gg_net_lending_gdp,1995-12-31,-7.3,2026-10-07
EA.gg_net_lending_gdp.IMF_WEO,EA,gg_net_lending_gdp,1996-12-31,-4.4,2026-10-07
EA.gg_net_lending_gdp.IMF_WEO,EA,gg_net_lending_gdp,1997-12-31,-3.1,2026-10-07
EA.gg_net_lending_gdp.IMF_WEO,EA,gg_net_lending_gdp,1998-12-31,-2.5,2026-10-07
EA.gg_net_lending_gdp.IMF_WEO,EA,gg_net_lending_gdp,1999-12-31,-1.6,2026-10-07
EA.gg_net_lending_gdp.IMF_WEO,EA,gg_net_lending_gdp,2000-12-31,-1.3,2026-10-07
EA.gg_net_lending_gdp.IMF_WEO,EA,gg_net_lending_gdp,2001-12-31,-2.0,2026-10-07
EA.gg_net_lending_gdp.IMF_WEO,EA,gg_net_lending_gdp,2002-12-31,-2.8,2026-10-07
EA.gg_net_lending_gdp.IMF_WEO,EA,gg_net_lending_gdp,2003-12-31,-3.2,2026-10-07
EA.gg_net_lending_gdp.IMF_WEO,EA,gg_net_lending_gdp,2004-12-31,-2.9,2026-10-07
EA.gg_net_lending_gdp.IMF_WEO,EA,gg_net_lending_gdp,2005-12-31,-2.6,2026-10-07
EA.gg_net_lending_gdp.IMF_WEO,EA,gg_net_lending_gdp,2006-12-31,-1.6,2026-10-07
EA.gg_net_lending_gdp.IMF_WEO,EA,gg_net_lending_gdp,2007-12-31,-0.7,2026-10-07
EA.gg_net_lending_gdp.IMF_WEO,EA,gg_net_lending_gdp,2008-12-31,-2.2,2026-10-07
EA.gg_net_lending_gdp.IMF_WEO,EA,gg_net_lending_gdp,2009-12-31,-6.2,2026-10-07
EA.gg_net_lending_gdp.IMF_WEO,EA,gg_net_lending_gdp,2010-12-31,-6.3,2026-10-07
EA.gg_net_lending_gdp.IMF_WEO,EA,gg_net_lending_gdp,2011-12-31,-4.2,2026-10-07
EA.gg_net_lending_gdp.IMF_WEO,EA,gg_net_lending_gdp,2012-12-31,-3.8,2026-10-07
EA.gg_net_lending_gdp.IMF_WEO,EA,gg_net_lending_gdp,2013-12-31,-3.0,2026-10-07
EA.gg_net_lending_gdp.IMF_WEO,EA,gg_net_lending_gdp,2014-12-31,-2.5,2026-10-07
EA.gg_net_lending_gdp.IMF_WEO,EA,gg_net_lending_gdp,2015-12-31,-2.0,2026-10-07
EA.gg_net_lending_gdp.IMF_WEO,EA,gg_net_lending_gdp,2016-12-31,-1.5,2026-10-07
EA.gg_net_lending_gdp.IMF_WEO,EA,gg_net_lending_gdp,2017-12-31,-1.0,2026-10-07
EA.gg_net_lending_gdp.IMF_WEO,EA,gg_net_lending_gdp,2018-12-31,-0.4,2026-10-07
EA.gg_net_lending_gdp.IMF_WEO,EA,gg_net_lending_gdp,2019-12-31,-0.5,2026-10-07
EA.gg_net_lending_gdp.IMF_WEO,EA,gg_net_lending_gdp,2020-12-31,-7.0,2026-10-07
EA.gg_net_lending_gdp.IMF_WEO,EA,gg_net_lending_gdp,2021-12-31,-5.1,2026-10-07
EA.gg_net_lending_gdp.IMF_WEO,EA,gg_net_lending_gdp,2022-12-31,-3.4,2026-10-07
EA.gg_net_lending_gdp.IMF_WEO,EA,gg_net_lending_gdp,2023-12-31,-3.5,2026-10-07
EA.gg_net_lending_gdp.IMF_WEO,EA,gg_net_lending_gdp,2024-12-31,-3.1,2026-10-07
EA.gg_net_lending_gdp.IMF_WEO,EA,gg_net_lending_gdp,2025-12-31,-3.0,2026-10-07
EA.rgdp_growth.IMF_WEO,EA,rgdp_growth,1992-12-31,1.4,2026-10-07
EA.rgdp_growth.IMF_WEO,EA,rgdp_growth,1993-12-31,-0.8,2026-10-07
EA.rgdp_growth.IMF_WEO,EA,rgdp_growth,1994-12-31,2.5,2026-10-07
EA.rgdp_growth.IMF_WEO,EA,rgdp_growth,1995-12-31,2.9,2026-10-07
EA.rgdp_growth.IMF_WEO,EA,rgdp_growth,1996-12-31,1.7,2026-10-07
EA.rgdp_growth.IMF_WEO,EA,rgdp_growth,1997-12-31,2.7,2026-10-07
EA.rgdp_growth.IMF_WEO,EA,rgdp_growth,1998-12-31,3.0,2026-10-07
EA.rgdp_growth.IMF_WEO,EA,rgdp_growth,1999-12-31,3.0,2026-10-07
EA.rgdp_growth.IMF_WEO,EA,rgdp_growth,2000-12-31,3.9,2026-10-07
EA.rgdp_growth.IMF_WEO,EA,rgdp_growth,2001-12-31,2.2,2026-10-07
EA.rgdp_growth.IMF_WEO,EA,rgdp_growth,2002-12-31,0.9,2026-10-07
EA.rgdp_growth.IMF_WEO,EA,rgdp_growth,2003-12-31,0.7,2026-10-07
EA.rgdp_growth.IMF_WEO,EA,rgdp_growth,2004-12-31,2.3,2026-10-07
EA.rgdp_growth.IMF_WEO,EA,rgdp_growth,2005-12-31,1.8,2026-10-07
EA.rgdp_growth.IMF_WEO,EA,rgdp_growth,2006-12-31,3.3,2026-10-07
EA.rgdp_growth.IMF_WEO,EA,rgdp_growth,2007-12-31,3.0,2026-10-07
EA.rgdp_growth.IMF_WEO,EA,rgdp_growth,2008-12-31,0.4,2026-10-07
EA.rgdp_growth.IMF_WEO,EA,rgdp_growth,2009-12-31,-4.5,2026-10-07
EA.rgdp_growth.IMF_WEO,EA,rgdp_growth,2010-12-31,2.1,2026-10-07
EA.rgdp_growth.IMF_WEO,EA,rgdp_growth,2011-12-31,1.7,2026-10-07
EA.rgdp_growth.IMF_WEO,EA,rgdp_growth,2012-12-31,-0.9,2026-10-07
EA.rgdp_growth.IMF_WEO,EA,rgdp_growth,2013-12-31,-0.2,2026-10-07
EA.rgdp_growth.IMF_WEO,EA,rgdp_growth,2014-12-31,1.4,2026-10-07
EA.rgdp_growth.IMF_WEO,EA,rgdp_growth,2015-12-31,2.1,2026-10-07
EA.rgdp_growth.IMF_WEO,EA,rgdp_growth,2016-12-31,1.8,2026-10-07
EA.rgdp_growth.IMF_WEO,EA,rgdp_growth,2017-12-31,2.6,2026-10-07
EA.rgdp_growth.IMF_WEO,EA,rgdp_growth,2018-12-31,1.8,2026-10-07
EA.rgdp_growth.IMF_WEO,EA,rgdp_growth,2019-12-31,1.6,2026-10-07
EA.rgdp_growth.IMF_WEO,EA,rgdp_growth,2020-12-31,-6.0,2026-10-07
EA.rgdp_growth.IMF_WEO,EA,rgdp_growth,2021-12-31,6.4,2026-10-07
EA.rgdp_growth.IMF_WEO,EA,rgdp_growth,2022-12-31,3.6,2026-10-07
EA.rgdp_growth.IMF_WEO,EA,rgdp_growth,2023-12-31,0.4,2026-10-07
EA.rgdp_growth.IMF_WEO,EA,rgdp_growth,2024-12-31,0.9,2026-10-07
EA.rgdp_growth.IMF_WEO,EA,rgdp_growth,2025-12-31,1.4,2026-10-07
FR.cpi_yoy.IMF_WEO,FR,cpi_yoy,1980-12-31,13.1,2026-10-07
FR.cpi_yoy.IMF_WEO,FR,cpi_yoy,1981-12-31,13.3,2026-10-07
FR.cpi_yoy.IMF_WEO,FR,cpi_yoy,1982-12-31,12.0,2026-10-07
FR.cpi_yoy.IMF_WEO,FR,cpi_yoy,1983-12-31,9.5,2026-10-07
FR.cpi_yoy.IMF_WEO,FR,cpi_yoy,1984-12-31,7.7,2026-10-07
FR.cpi_yoy.IMF_WEO,FR,cpi_yoy,1985-12-31,5.8,2026-10-07
FR.cpi_yoy.IMF_WEO,FR,cpi_yoy,1986-12-31,2.5,2026-10-07
FR.cpi_yoy.IMF_WEO,FR,cpi_yoy,1987-12-31,3.3,2026-10-07
FR.cpi_yoy.IMF_WEO,FR,cpi_yoy,1988-12-31,2.7,2026-10-07
FR.cpi_yoy.IMF_WEO,FR,cpi_yoy,1989-12-31,6.6,2026-10-07
FR.cpi_yoy.IMF_WEO,FR,cpi_yoy,1990-12-31,0.3,2026-10-07
FR.cpi_yoy.IMF_WEO,FR,cpi_yoy,1991-12-31,3.4,2026-10-07
FR.cpi_yoy.IMF_WEO,FR,cpi_yoy,1992-12-31,2.5,2026-10-07
FR.cpi_yoy.IMF_WEO,FR,cpi_yoy,1993-12-31,2.2,2026-10-07
FR.cpi_yoy.IMF_WEO,FR,cpi_yoy,1994-12-31,1.7,2026-10-07
FR.cpi_yoy.IMF_WEO,FR,cpi_yoy,1995-12-31,1.8,2026-10-07
FR.cpi_yoy.IMF_WEO,FR,cpi_yoy,1996-12-31,2.1,2026-10-07
FR.cpi_yoy.IMF_WEO,FR,cpi_yoy,1997-12-31,1.3,2026-10-07
FR.cpi_yoy.IMF_WEO,FR,cpi_yoy,1998-12-31,0.7,2026-10-07
FR.cpi_yoy.IMF_WEO,FR,cpi_yoy,1999-12-31,0.6,2026-10-07
FR.cpi_yoy.IMF_WEO,FR,cpi_yoy,2000-12-31,1.8,2026-10-07
FR.cpi_yoy.IMF_WEO,FR,cpi_yoy,2001-12-31,1.8,2026-10-07
FR.cpi_yoy.IMF_WEO,FR,cpi_yoy,2002-12-31,1.9,2026-10-07
FR.cpi_yoy.IMF_WEO,FR,cpi_yoy,2003-12-31,2.2,2026-10-07
FR.cpi_yoy.IMF_WEO,FR,cpi_yoy,2004-12-31,2.3,2026-10-07
FR.cpi_yoy.IMF_WEO,FR,cpi_yoy,2005-12-31,1.9,2026-10-07
FR.cpi_yoy.IMF_WEO,FR,cpi_yoy,2006-12-31,1.9,2026-10-07
FR.cpi_yoy.IMF_WEO,FR,cpi_yoy,2007-12-31,1.6,2026-10-07
FR.cpi_yoy.IMF_WEO,FR,cpi_yoy,2008-12-31,3.2,2026-10-07
FR.cpi_yoy.IMF_WEO,FR,cpi_yoy,2009-12-31,0.1,2026-10-07
FR.cpi_yoy.IMF_WEO,FR,cpi_yoy,2010-12-31,1.7,2026-10-07
FR.cpi_yoy.IMF_WEO,FR,cpi_yoy,2011-12-31,2.3,2026-10-07
FR.cpi_yoy.IMF_WEO,FR,cpi_yoy,2012-12-31,2.2,2026-10-07
FR.cpi_yoy.IMF_WEO,FR,cpi_yoy,2013-12-31,1.0,2026-10-07
FR.cpi_yoy.IMF_WEO,FR,cpi_yoy,2014-12-31,0.6,2026-10-07
FR.cpi_yoy.IMF_WEO,FR,cpi_yoy,2015-12-31,0.1,2026-10-07
FR.cpi_yoy.IMF_WEO,FR,cpi_yoy,2016-12-31,0.3,2026-10-07
FR.cpi_yoy.IMF_WEO,FR,cpi_yoy,2017-12-31,1.2,2026-10-07
FR.cpi_yoy.IMF_WEO,FR,cpi_yoy,2018-12-31,2.1,2026-10-07
FR.cpi_yoy.IMF_WEO,FR,cpi_yoy,2019-12-31,1.3,2026-10-07
FR.cpi_yoy.IMF_WEO,FR,cpi_yoy,2020-12-31,0.5,2026-10-07
FR.cpi_yoy.IMF_WEO,FR,cpi_yoy,2021-12-31,2.1,2026-10-07
FR.cpi_yoy.IMF_WEO,FR,cpi_yoy,2022-12-31,5.9,2026-10-07
FR.cpi_yoy.IMF_WEO,FR,cpi_yoy,2023-12-31,5.7,2026-10-07
FR.cpi_yoy.IMF_WEO,FR,cpi_yoy,2024-12-31,2.3,2026-10-07
FR.cpi_yoy.IMF_WEO,FR,cpi_yoy,2025-12-31,0.9,2026-10-07
FR.gg_debt_gdp.IMF_WEO,FR,gg_debt_gdp,1980-12-31,21.3,2026-10-07
FR.gg_debt_gdp.IMF_WEO,FR,gg_debt_gdp,1981-12-31,22.6,2026-10-07
FR.gg_debt_gdp.IMF_WEO,FR,gg_debt_gdp,1982-12-31,26.2,2026-10-07
FR.gg_debt_gdp.IMF_WEO,FR,gg_debt_gdp,1983-12-31,27.7,2026-10-07
FR.gg_debt_gdp.IMF_WEO,FR,gg_debt_gdp,1984-12-31,30.2,2026-10-07
FR.gg_debt_gdp.IMF_WEO,FR,gg_debt_gdp,1985-12-31,31.9,2026-10-07
FR.gg_debt_gdp.IMF_WEO,FR,gg_debt_gdp,1986-12-31,32.4,2026-10-07
FR.gg_debt_gdp.IMF_WEO,FR,gg_debt_gdp,1987-12-31,34.8,2026-10-07
FR.gg_debt_gdp.IMF_WEO,FR,gg_debt_gdp,1988-12-31,34.7,2026-10-07
FR.gg_debt_gdp.IMF_WEO,FR,gg_debt_gdp,1989-12-31,35.5,2026-10-07
FR.gg_debt_gdp.IMF_WEO,FR,gg_debt_gdp,1990-12-31,36.8,2026-10-07
FR.gg_debt_gdp.IMF_WEO,FR,gg_debt_gdp,1991-12-31,37.8,2026-10-07
FR.gg_debt_gdp.IMF_WEO,FR,gg_debt_gdp,1992-12-31,41.7,2026-10-07
FR.gg_debt_gdp.IMF_WEO,FR,gg_debt_gdp,1993-12-31,48.2,2026-10-07
FR.gg_debt_gdp.IMF_WEO,FR,gg_debt_gdp,1994-12-31,51.6,2026-10-07
FR.gg_debt_gdp.IMF_WEO,FR,gg_debt_gdp,1995-12-31,57.8,2026-10-07
FR.gg_debt_gdp.IMF_WEO,FR,gg_debt_gdp,1996-12-31,60.6,2026-10-07
FR.gg_debt_gdp.IMF_WEO,FR,gg_debt_gdp,1997-12-31,62.0,2026-10-07
FR.gg_debt_gdp.IMF_WEO,FR,gg_debt_gdp,1998-12-31,62.1,2026-10-07
FR.gg_debt_gdp.IMF_WEO,FR,gg_debt_gdp,1999-12-31,61.4,2026-10-07
FR.gg_debt_gdp.IMF_WEO,FR,gg_debt_gdp,2000-12-31,59.7,2026-10-07
FR.gg_debt_gdp.IMF_WEO,FR,gg_debt_gdp,2001-12-31,59.3,2026-10-07
FR.gg_debt_gdp.IMF_WEO,FR,gg_debt_gdp,2002-12-31,61.3,2026-10-07
FR.gg_debt_gdp.IMF_WEO,FR,gg_debt_gdp,2003-12-31,65.4,2026-10-07
FR.gg_debt_gdp.IMF_WEO,FR,gg_debt_gdp,2004-12-31,66.9,2026-10-07
FR.gg_debt_gdp.IMF_WEO,FR,gg_debt_gdp,2005-12-31,68.2,2026-10-07
FR.gg_debt_gdp.IMF_WEO,FR,gg_debt_gdp,2006-12-31,65.4,2026-10-07
FR.gg_debt_gdp.IMF_WEO,FR,gg_debt_gdp,2007-12-31,65.5,2026-10-07
FR.gg_debt_gdp.IMF_WEO,FR,gg_debt_gdp,2008-12-31,69.8,2026-10-07
FR.gg_debt_gdp.IMF_WEO,FR,gg_debt_gdp,2009-12-31,84.1,2026-10-07
FR.gg_debt_gdp.IMF_WEO,FR,gg_debt_gdp,2010-12-31,86.3,2026-10-07
FR.gg_debt_gdp.IMF_WEO,FR,gg_debt_gdp,2011-12-31,88.7,2026-10-07
FR.gg_debt_gdp.IMF_WEO,FR,gg_debt_gdp,2012-12-31,91.7,2026-10-07
FR.gg_debt_gdp.IMF_WEO,FR,gg_debt_gdp,2013-12-31,94.6,2026-10-07
FR.gg_debt_gdp.IMF_WEO,FR,gg_debt_gdp,2014-12-31,96.2,2026-10-07
FR.gg_debt_gdp.IMF_WEO,FR,gg_debt_gdp,2015-12-31,97.0,2026-10-07
FR.gg_debt_gdp.IMF_WEO,FR,gg_debt_gdp,2016-12-31,98.1,2026-10-07
FR.gg_debt_gdp.IMF_WEO,FR,gg_debt_gdp,2017-12-31,98.8,2026-10-07
FR.gg_debt_gdp.IMF_WEO,FR,gg_debt_gdp,2018-12-31,98.5,2026-10-07
FR.gg_debt_gdp.IMF_WEO,FR,gg_debt_gdp,2019-12-31,98.2,2026-10-07
FR.gg_debt_gdp.IMF_WEO,FR,gg_debt_gdp,2020-12-31,114.9,2026-10-07
FR.gg_debt_gdp.IMF_WEO,FR,gg_debt_gdp,2021-12-31,112.8,2026-10-07
FR.gg_debt_gdp.IMF_WEO,FR,gg_debt_gdp,2022-12-31,111.4,2026-10-07
FR.gg_debt_gdp.IMF_WEO,FR,gg_debt_gdp,2023-12-31,109.6,2026-10-07
FR.gg_debt_gdp.IMF_WEO,FR,gg_debt_gdp,2024-12-31,113.2,2026-10-07
FR.gg_debt_gdp.IMF_WEO,FR,gg_debt_gdp,2025-12-31,116.0,2026-10-07
FR.gg_interest_gdp.IMF_WEO,FR,gg_interest_gdp,1880-12-31,3.5027000904083,2026-10-07
FR.gg_interest_gdp.IMF_WEO,FR,gg_interest_gdp,1881-12-31,3.3705699443817,2026-10-07
FR.gg_interest_gdp.IMF_WEO,FR,gg_interest_gdp,1882-12-31,3.3752200603485,2026-10-07
FR.gg_interest_gdp.IMF_WEO,FR,gg_interest_gdp,1883-12-31,3.3403100967407,2026-10-07
FR.gg_interest_gdp.IMF_WEO,FR,gg_interest_gdp,1884-12-31,3.5995500087738,2026-10-07
FR.gg_interest_gdp.IMF_WEO,FR,gg_interest_gdp,1885-12-31,3.7490000724792,2026-10-07
FR.gg_interest_gdp.IMF_WEO,FR,gg_interest_gdp,1886-12-31,3.7699201107025,2026-10-07
FR.gg_interest_gdp.IMF_WEO,FR,gg_interest_gdp,1887-12-31,3.8458499908447,2026-10-07
FR.gg_interest_gdp.IMF_WEO,FR,gg_interest_gdp,1888-12-31,3.8117098808289,2026-10-07
FR.gg_interest_gdp.IMF_WEO,FR,gg_interest_gdp,1889-12-31,3.5513699054718,2026-10-07
FR.gg_interest_gdp.IMF_WEO,FR,gg_interest_gdp,1890-12-31,3.4153800010681,2026-10-07
FR.gg_interest_gdp.IMF_WEO,FR,gg_interest_gdp,1891-12-31,3.2491199970245,2026-10-07
FR.gg_interest_gdp.IMF_WEO,FR,gg_interest_gdp,1892-12-31,3.4288098812103,2026-10-07
FR.gg_interest_gdp.IMF_WEO,FR,gg_interest_gdp,1893-12-31,3.4350500106812,2026-10-07
FR.gg_interest_gdp.IMF_WEO,FR,gg_interest_gdp,1894-12-31,3.3300499916077,2026-10-07
FR.gg_interest_gdp.IMF_WEO,FR,gg_interest_gdp,1895-12-31,3.3313701152802,2026-10-07
FR.gg_interest_gdp.IMF_WEO,FR,gg_interest_gdp,1896-12-31,3.1295599937439,2026-10-07
FR.gg_interest_gdp.IMF_WEO,FR,gg_interest_gdp,1897-12-31,2.9421401023865,2026-10-07
FR.gg_interest_gdp.IMF_WEO,FR,gg_interest_gdp,1898-12-31,2.7962400913239,2026-10-07
FR.gg_interest_gdp.IMF_WEO,FR,gg_interest_gdp,1899-12-31,2.7140700817108,2026-10-07
FR.gg_interest_gdp.IMF_WEO,FR,gg_interest_gdp,1900-12-31,2.6824400424957,2026-10-07
FR.gg_interest_gdp.IMF_WEO,FR,gg_interest_gdp,1901-12-31,2.8379299640656,2026-10-07
FR.gg_interest_gdp.IMF_WEO,FR,gg_interest_gdp,1902-12-31,2.7383899688721,2026-10-07
FR.gg_interest_gdp.IMF_WEO,FR,gg_interest_gdp,1903-12-31,2.481479883194,2026-10-07
FR.gg_interest_gdp.IMF_WEO,FR,gg_interest_gdp,1904-12-31,2.6730399131775,2026-10-07
FR.gg_interest_gdp.IMF_WEO,FR,gg_interest_gdp,1905-12-31,2.5229599475861,2026-10-07
FR.gg_interest_gdp.IMF_WEO,FR,gg_interest_gdp,1906-12-31,2.4175200462341,2026-10-07
FR.gg_interest_gdp.IMF_WEO,FR,gg_interest_gdp,1907-12-31,2.1682500839233,2026-10-07
FR.gg_interest_gdp.IMF_WEO,FR,gg_interest_gdp,1908-12-31,2.2531199455261,2026-10-07
FR.gg_interest_gdp.IMF_WEO,FR,gg_interest_gdp,1909-12-31,2.094710111618,2026-10-07
FR.gg_interest_gdp.IMF_WEO,FR,gg_interest_gdp,1910-12-31,2.0310900211334,2026-10-07
FR.gg_interest_gdp.IMF_WEO,FR,gg_interest_gdp,1911-12-31,1.8452399969101,2026-10-07
FR.gg_interest_gdp.IMF_WEO,FR,gg_interest_gdp,1912-12-31,1.6794999837875,2026-10-07
FR.gg_interest_gdp.IMF_WEO,FR,gg_interest_gdp,1913-12-31,1.6703300476074,2026-10-07
FR.gg_interest_gdp.IMF_WEO,FR,gg_interest_gdp,1924-12-31,5.9678602218628,2026-10-07
FR.gg_interest_gdp.IMF_WEO,FR,gg_interest_gdp,1925-12-31,4.6774501800537,2026-10-07
FR.gg_interest_gdp.IMF_WEO,FR,gg_interest_gdp,1926-12-31,5.1012101173401,2026-10-07
FR.gg_interest_gdp.IMF_WEO,FR,gg_interest_gdp,1927-12-31,4.8197598457336,2026-10-07
FR.gg_interest_gdp.IMF_WEO,FR,gg_interest_gdp,1928-12-31,4.277880191803,2026-10-07
FR.gg_interest_gdp.IMF_WEO,FR,gg_interest_gdp,1929-12-31,4.1927599906921,2026-10-07
FR.gg_interest_gdp.IMF_WEO,FR,gg_interest_gdp,1930-12-31,4.4161801338196,2026-10-07
FR.gg_interest_gdp.IMF_WEO,FR,gg_interest_gdp,1931-12-31,4.111720085144,2026-10-07
FR.gg_interest_gdp.IMF_WEO,FR,gg_interest_gdp,1932-12-31,3.6859400272369,2026-10-07
FR.gg_interest_gdp.IMF_WEO,FR,gg_interest_gdp,1933-12-31,4.3769302368164,2026-10-07
FR.gg_interest_gdp.IMF_WEO,FR,gg_interest_gdp,1934-12-31,5.2915201187134,2026-10-07
FR.gg_interest_gdp.IMF_WEO,FR,gg_interest_gdp,1935-12-31,4.557400226593,2026-10-07
FR.gg_interest_gdp.IMF_WEO,FR,gg_interest_gdp,1936-12-31,2.8599300384521,2026-10-07
FR.gg_interest_gdp.IMF_WEO,FR,gg_interest_gdp,1937-12-31,3.0567600727081,2026-10-07
FR.gg_interest_gdp.IMF_WEO,FR,gg_interest_gdp,1946-12-31,1.1366200447083,2026-10-07
FR.gg_interest_gdp.IMF_WEO,FR,gg_interest_gdp,1947-12-31,1.0994800329208,2026-10-07
FR.gg_interest_gdp.IMF_WEO,FR,gg_interest_gdp,1948-12-31,0.86386501789093,2026-10-07
FR.gg_interest_gdp.IMF_WEO,FR,gg_interest_gdp,1949-12-31,0.82860398292542,2026-10-07
FR.gg_interest_gdp.IMF_WEO,FR,gg_interest_gdp,1950-12-31,0.93137300014496,2026-10-07
FR.gg_interest_gdp.IMF_WEO,FR,gg_interest_gdp,1951-12-31,0.93599998950958,2026-10-07
FR.gg_interest_gdp.IMF_WEO,FR,gg_interest_gdp,1952-12-31,0.89795899391174,2026-10-07
FR.gg_interest_gdp.IMF_WEO,FR,gg_interest_gdp,1953-12-31,0.9607840180397,2026-10-07
FR.gg_interest_gdp.IMF_WEO,FR,gg_interest_gdp,1954-12-31,1.1666699647903,2026-10-07
FR.gg_interest_gdp.IMF_WEO,FR,gg_interest_gdp,1955-12-31,1.0809199810028,2026-10-07
FR.gg_interest_gdp.IMF_WEO,FR,gg_interest_gdp,1956-12-31,1.139899969101,2026-10-07
FR.gg_interest_gdp.IMF_WEO,FR,gg_interest_gdp,1957-12-31,1.1944400072098,2026-10-07
FR.gg_interest_gdp.IMF_WEO,FR,gg_interest_gdp,1958-12-31,1.1927700042725,2026-10-07
FR.gg_interest_gdp.IMF_WEO,FR,gg_interest_gdp,1959-12-31,1.1985000371933,2026-10-07
FR.gg_interest_gdp.IMF_WEO,FR,gg_interest_gdp,1960-12-31,1.0915800333023,2026-10-07
FR.gg_interest_gdp.IMF_WEO,FR,gg_interest_gdp,1961-12-31,1.0157899856567,2026-10-07
FR.gg_interest_gdp.IMF_WEO,FR,gg_interest_gdp,1962-12-31,1.078950047493,2026-10-07
FR.gg_interest_gdp.IMF_WEO,FR,gg_interest_gdp,1963-12-31,0.92765402793884,2026-10-07
FR.gg_interest_gdp.IMF_WEO,FR,gg_interest_gdp,1964-12-31,0.78864198923111,2026-10-07
FR.gg_interest_gdp.IMF_WEO,FR,gg_interest_gdp,1965-12-31,0.76728802919388,2026-10-07
FR.gg_interest_gdp.IMF_WEO,FR,gg_interest_gdp,1966-12-31,0.69846999645233,2026-10-07
FR.gg_interest_gdp.IMF_WEO,FR,gg_interest_gdp,1967-12-31,0.88761097192764,2026-10-07
FR.gg_interest_gdp.IMF_WEO,FR,gg_interest_gdp,1968-12-31,0.85317099094391,2026-10-07
FR.gg_interest_gdp.IMF_WEO,FR,gg_interest_gdp,1969-12-31,0.85221099853516,2026-10-07
FR.gg_interest_gdp.IMF_WEO,FR,gg_interest_gdp,1970-12-31,0.69335901737213,2026-10-07
FR.gg_interest_gdp.IMF_WEO,FR,gg_interest_gdp,1971-12-31,0.57167398929596,2026-10-07
FR.gg_interest_gdp.IMF_WEO,FR,gg_interest_gdp,1972-12-31,0.57814002037048,2026-10-07
FR.gg_interest_gdp.IMF_WEO,FR,gg_interest_gdp,1973-12-31,0.53535598516464,2026-10-07
FR.gg_interest_gdp.IMF_WEO,FR,gg_interest_gdp,1974-12-31,0.59947001934052,2026-10-07
FR.gg_interest_gdp.IMF_WEO,FR,gg_interest_gdp,1975-12-31,0.88825899362564,2026-10-07
FR.gg_interest_gdp.IMF_WEO,FR,gg_interest_gdp,1976-12-31,0.80828899145126,2026-10-07
FR.gg_interest_gdp.IMF_WEO,FR,gg_interest_gdp,1977-12-31,0.92022699117661,2026-10-07
FR.gg_interest_gdp.IMF_WEO,FR,gg_interest_gdp,1978-12-31,1.0260800123215,2026-10-07
FR.gg_interest_gdp.IMF_WEO,FR,gg_interest_gdp,1979-12-31,1.128389954567,2026-10-07
FR.gg_interest_gdp.IMF_WEO,FR,gg_interest_gdp,1980-12-31,1.2086399793625,2026-10-07
FR.gg_interest_gdp.IMF_WEO,FR,gg_interest_gdp,1981-12-31,1.6883800029755,2026-10-07
FR.gg_interest_gdp.IMF_WEO,FR,gg_interest_gdp,1982-12-31,1.7386699914932,2026-10-07
FR.gg_interest_gdp.IMF_WEO,FR,gg_interest_gdp,1983-12-31,2.1984601020813,2026-10-07
FR.gg_interest_gdp.IMF_WEO,FR,gg_interest_gdp,1984-12-31,2.3194000720978,2026-10-07
FR.gg_interest_gdp.IMF_WEO,FR,gg_interest_gdp,1985-12-31,2.5149300098419,2026-10-07
FR.gg_interest_gdp.IMF_WEO,FR,gg_interest_gdp,1986-12-31,2.5467600822449,2026-10-07
FR.gg_interest_gdp.IMF_WEO,FR,gg_interest_gdp,1987-12-31,2.462660074234,2026-10-07
FR.gg_interest_gdp.IMF_WEO,FR,gg_interest_gdp,1988-12-31,2.366110086441,2026-10-07
FR.gg_interest_gdp.IMF_WEO,FR,gg_interest_gdp,1989-12-31,2.4462299346924,2026-10-07
FR.gg_interest_gdp.IMF_WEO,FR,gg_interest_gdp,1990-12-31,2.6528000831604,2026-10-07
FR.gg_interest_gdp.IMF_WEO,FR,gg_interest_gdp,1991-12-31,2.7824499607086,2026-10-07
FR.gg_interest_gdp.IMF_WEO,FR,gg_interest_gdp,1992-12-31,2.9672799110413,2026-10-07
FR.gg_interest_gdp.IMF_WEO,FR,gg_interest_gdp,1993-12-31,3.2362699508667,2026-10-07
FR.gg_interest_gdp.IMF_WEO,FR,gg_interest_gdp,1994-12-31,3.3151099681854,2026-10-07
FR.gg_interest_gdp.IMF_WEO,FR,gg_interest_gdp,1995-12-31,3.436350107193,2026-10-07
FR.gg_interest_gdp.IMF_WEO,FR,gg_interest_gdp,1996-12-31,3.5732700824738,2026-10-07
FR.gg_interest_gdp.IMF_WEO,FR,gg_interest_gdp,1997-12-31,3.4497499465942,2026-10-07
FR.gg_interest_gdp.IMF_WEO,FR,gg_interest_gdp,1998-12-31,3.3103399276733,2026-10-07
FR.gg_interest_gdp.IMF_WEO,FR,gg_interest_gdp,1999-12-31,2.9913599491119,2026-10-07
FR.gg_interest_gdp.IMF_WEO,FR,gg_interest_gdp,2000-12-31,2.8795399665833,2026-10-07
FR.gg_interest_gdp.IMF_WEO,FR,gg_interest_gdp,2001-12-31,3.0184099674225,2026-10-07
FR.gg_interest_gdp.IMF_WEO,FR,gg_interest_gdp,2002-12-31,2.952889919281,2026-10-07
FR.gg_interest_gdp.IMF_WEO,FR,gg_interest_gdp,2003-12-31,2.8205800056458,2026-10-07
FR.gg_interest_gdp.IMF_WEO,FR,gg_interest_gdp,2004-12-31,2.7682299613953,2026-10-07
FR.gg_interest_gdp.IMF_WEO,FR,gg_interest_gdp,2005-12-31,2.7015600204468,2026-10-07
FR.gg_interest_gdp.IMF_WEO,FR,gg_interest_gdp,2006-12-31,2.5956099033356,2026-10-07
FR.gg_interest_gdp.IMF_WEO,FR,gg_interest_gdp,2007-12-31,2.7045300006866,2026-10-07
FR.gg_interest_gdp.IMF_WEO,FR,gg_interest_gdp,2008-12-31,2.9281599521637,2026-10-07
FR.gg_interest_gdp.IMF_WEO,FR,gg_interest_gdp,2009-12-31,2.4378700256348,2026-10-07
FR.gg_interest_gdp.IMF_WEO,FR,gg_interest_gdp,2010-12-31,2.442519903183,2026-10-07
FR.gg_interest_gdp.IMF_WEO,FR,gg_interest_gdp,2011-12-31,2.7154302251883,2026-10-07
FR.gg_interest_gdp.IMF_WEO,FR,gg_interest_gdp,2012-12-31,2.6309123219174,2026-10-07
FR.gg_interest_gdp.IMF_WEO,FR,gg_interest_gdp,2013-12-31,2.3310280557191,2026-10-07
FR.gg_interest_gdp.IMF_WEO,FR,gg_interest_gdp,2014-12-31,2.1969297029855,2026-10-07
FR.gg_interest_gdp.IMF_WEO,FR,gg_interest_gdp,2015-12-31,2.0308421633123,2026-10-07
FR.gg_interest_gdp.IMF_WEO,FR,gg_interest_gdp,2016-12-31,1.9011846390769,2026-10-07
FR.gg_interest_gdp.IMF_WEO,FR,gg_interest_gdp,2017-12-31,1.7899524410247,2026-10-07
FR.gg_interest_gdp.IMF_WEO,FR,gg_interest_gdp,2018-12-31,1.7704277429848,2026-10-07
FR.gg_interest_gdp.IMF_WEO,FR,gg_interest_gdp,2019-12-31,1.5158249277303,2026-10-07
FR.gg_interest_gdp.IMF_WEO,FR,gg_interest_gdp,2020-12-31,1.2821596738266,2026-10-07
FR.gg_interest_gdp.IMF_WEO,FR,gg_interest_gdp,2021-12-31,1.3875033790492,2026-10-07
FR.gg_interest_gdp.IMF_WEO,FR,gg_interest_gdp,2022-12-31,1.9183518293352,2026-10-07
FR.gg_interest_gdp.IMF_WEO,FR,gg_interest_gdp,2023-12-31,1.8691232151463,2026-10-07
FR.gg_interest_gdp.IMF_WEO,FR,gg_interest_gdp,2024-12-31,2.0607941109214,2026-10-07
FR.gg_net_lending_gdp.IMF_WEO,FR,gg_net_lending_gdp,1980-12-31,0.8,2026-10-07
FR.gg_net_lending_gdp.IMF_WEO,FR,gg_net_lending_gdp,1981-12-31,-1.2,2026-10-07
FR.gg_net_lending_gdp.IMF_WEO,FR,gg_net_lending_gdp,1982-12-31,-1.7,2026-10-07
FR.gg_net_lending_gdp.IMF_WEO,FR,gg_net_lending_gdp,1983-12-31,-2.6,2026-10-07
FR.gg_net_lending_gdp.IMF_WEO,FR,gg_net_lending_gdp,1984-12-31,-2.8,2026-10-07
FR.gg_net_lending_gdp.IMF_WEO,FR,gg_net_lending_gdp,1985-12-31,-3.0,2026-10-07
FR.gg_net_lending_gdp.IMF_WEO,FR,gg_net_lending_gdp,1986-12-31,-3.2,2026-10-07
FR.gg_net_lending_gdp.IMF_WEO,FR,gg_net_lending_gdp,1987-12-31,-2.0,2026-10-07
FR.gg_net_lending_gdp.IMF_WEO,FR,gg_net_lending_gdp,1988-12-31,-2.6,2026-10-07
FR.gg_net_lending_gdp.IMF_WEO,FR,gg_net_lending_gdp,1989-12-31,-1.8,2026-10-07
FR.gg_net_lending_gdp.IMF_WEO,FR,gg_net_lending_gdp,1990-12-31,-2.5,2026-10-07
FR.gg_net_lending_gdp.IMF_WEO,FR,gg_net_lending_gdp,1991-12-31,-2.9,2026-10-07
FR.gg_net_lending_gdp.IMF_WEO,FR,gg_net_lending_gdp,1992-12-31,-4.6,2026-10-07
FR.gg_net_lending_gdp.IMF_WEO,FR,gg_net_lending_gdp,1993-12-31,-6.4,2026-10-07
FR.gg_net_lending_gdp.IMF_WEO,FR,gg_net_lending_gdp,1994-12-31,-5.5,2026-10-07
FR.gg_net_lending_gdp.IMF_WEO,FR,gg_net_lending_gdp,1995-12-31,-5.1,2026-10-07
FR.gg_net_lending_gdp.IMF_WEO,FR,gg_net_lending_gdp,1996-12-31,-3.9,2026-10-07
FR.gg_net_lending_gdp.IMF_WEO,FR,gg_net_lending_gdp,1997-12-31,-3.7,2026-10-07
FR.gg_net_lending_gdp.IMF_WEO,FR,gg_net_lending_gdp,1998-12-31,-2.4,2026-10-07
FR.gg_net_lending_gdp.IMF_WEO,FR,gg_net_lending_gdp,1999-12-31,-1.5,2026-10-07
FR.gg_net_lending_gdp.IMF_WEO,FR,gg_net_lending_gdp,2000-12-31,-1.3,2026-10-07
FR.gg_net_lending_gdp.IMF_WEO,FR,gg_net_lending_gdp,2001-12-31,-1.4,2026-10-07
FR.gg_net_lending_gdp.IMF_WEO,FR,gg_net_lending_gdp,2002-12-31,-3.2,2026-10-07
FR.gg_net_lending_gdp.IMF_WEO,FR,gg_net_lending_gdp,2003-12-31,-4.1,2026-10-07
FR.gg_net_lending_gdp.IMF_WEO,FR,gg_net_lending_gdp,2004-12-31,-3.6,2026-10-07
FR.gg_net_lending_gdp.IMF_WEO,FR,gg_net_lending_gdp,2005-12-31,-3.5,2026-10-07
FR.gg_net_lending_gdp.IMF_WEO,FR,gg_net_lending_gdp,2006-12-31,-2.7,2026-10-07
FR.gg_net_lending_gdp.IMF_WEO,FR,gg_net_lending_gdp,2007-12-31,-3.0,2026-10-07
FR.gg_net_lending_gdp.IMF_WEO,FR,gg_net_lending_gdp,2008-12-31,-3.5,2026-10-07
FR.gg_net_lending_gdp.IMF_WEO,FR,gg_net_lending_gdp,2009-12-31,-7.4,2026-10-07
FR.gg_net_lending_gdp.IMF_WEO,FR,gg_net_lending_gdp,2010-12-31,-7.2,2026-10-07
FR.gg_net_lending_gdp.IMF_WEO,FR,gg_net_lending_gdp,2011-12-31,-5.3,2026-10-07
FR.gg_net_lending_gdp.IMF_WEO,FR,gg_net_lending_gdp,2012-12-31,-5.2,2026-10-07
FR.gg_net_lending_gdp.IMF_WEO,FR,gg_net_lending_gdp,2013-12-31,-4.9,2026-10-07
FR.gg_net_lending_gdp.IMF_WEO,FR,gg_net_lending_gdp,2014-12-31,-4.6,2026-10-07
FR.gg_net_lending_gdp.IMF_WEO,FR,gg_net_lending_gdp,2015-12-31,-3.9,2026-10-07
FR.gg_net_lending_gdp.IMF_WEO,FR,gg_net_lending_gdp,2016-12-31,-3.8,2026-10-07
FR.gg_net_lending_gdp.IMF_WEO,FR,gg_net_lending_gdp,2017-12-31,-3.4,2026-10-07
FR.gg_net_lending_gdp.IMF_WEO,FR,gg_net_lending_gdp,2018-12-31,-2.3,2026-10-07
FR.gg_net_lending_gdp.IMF_WEO,FR,gg_net_lending_gdp,2019-12-31,-2.4,2026-10-07
FR.gg_net_lending_gdp.IMF_WEO,FR,gg_net_lending_gdp,2020-12-31,-8.9,2026-10-07
FR.gg_net_lending_gdp.IMF_WEO,FR,gg_net_lending_gdp,2021-12-31,-6.6,2026-10-07
FR.gg_net_lending_gdp.IMF_WEO,FR,gg_net_lending_gdp,2022-12-31,-4.7,2026-10-07
FR.gg_net_lending_gdp.IMF_WEO,FR,gg_net_lending_gdp,2023-12-31,-5.4,2026-10-07
FR.gg_net_lending_gdp.IMF_WEO,FR,gg_net_lending_gdp,2024-12-31,-5.8,2026-10-07
FR.gg_net_lending_gdp.IMF_WEO,FR,gg_net_lending_gdp,2025-12-31,-5.1,2026-10-07
FR.gg_revenue_gdp.IMF_WEO,FR,gg_revenue_gdp,1880-12-31,13.896699905396,2026-10-07
FR.gg_revenue_gdp.IMF_WEO,FR,gg_revenue_gdp,1881-12-31,14.286299705505,2026-10-07
FR.gg_revenue_gdp.IMF_WEO,FR,gg_revenue_gdp,1882-12-31,13.084400177002,2026-10-07
FR.gg_revenue_gdp.IMF_WEO,FR,gg_revenue_gdp,1883-12-31,13.408900260925,2026-10-07
FR.gg_revenue_gdp.IMF_WEO,FR,gg_revenue_gdp,1884-12-31,13.249600410461,2026-10-07
FR.gg_revenue_gdp.IMF_WEO,FR,gg_revenue_gdp,1885-12-31,13.227100372314,2026-10-07
FR.gg_revenue_gdp.IMF_WEO,FR,gg_revenue_gdp,1886-12-31,12.562399864197,2026-10-07
FR.gg_revenue_gdp.IMF_WEO,FR,gg_revenue_gdp,1887-12-31,12.901700019836,2026-10-07
FR.gg_revenue_gdp.IMF_WEO,FR,gg_revenue_gdp,1888-12-31,12.723899841309,2026-10-07
FR.gg_revenue_gdp.IMF_WEO,FR,gg_revenue_gdp,1889-12-31,11.926600456238,2026-10-07
FR.gg_revenue_gdp.IMF_WEO,FR,gg_revenue_gdp,1890-12-31,11.670399665833,2026-10-07
FR.gg_revenue_gdp.IMF_WEO,FR,gg_revenue_gdp,1891-12-31,11.469099998474,2026-10-07
FR.gg_revenue_gdp.IMF_WEO,FR,gg_revenue_gdp,1892-12-31,11.743000030518,2026-10-07
FR.gg_revenue_gdp.IMF_WEO,FR,gg_revenue_gdp,1893-12-31,11.956999778748,2026-10-07
FR.gg_revenue_gdp.IMF_WEO,FR,gg_revenue_gdp,1894-12-31,12.17259979248,2026-10-07
FR.gg_revenue_gdp.IMF_WEO,FR,gg_revenue_gdp,1895-12-31,12.574500083923,2026-10-07
FR.gg_revenue_gdp.IMF_WEO,FR,gg_revenue_gdp,1896-12-31,11.947999954224,2026-10-07
FR.gg_revenue_gdp.IMF_WEO,FR,gg_revenue_gdp,1897-12-31,11.597599983215,2026-10-07
FR.gg_revenue_gdp.IMF_WEO,FR,gg_revenue_gdp,1898-12-31,11.347999572754,2026-10-07
FR.gg_revenue_gdp.IMF_WEO,FR,gg_revenue_gdp,1899-12-31,11.227800369263,2026-10-07
FR.gg_revenue_gdp.IMF_WEO,FR,gg_revenue_gdp,1900-12-31,11.628999710083,2026-10-07
FR.gg_revenue_gdp.IMF_WEO,FR,gg_revenue_gdp,1901-12-31,11.74610042572,2026-10-07
FR.gg_revenue_gdp.IMF_WEO,FR,gg_revenue_gdp,1902-12-31,11.235899925232,2026-10-07
FR.gg_revenue_gdp.IMF_WEO,FR,gg_revenue_gdp,1903-12-31,10.82289981842,2026-10-07
FR.gg_revenue_gdp.IMF_WEO,FR,gg_revenue_gdp,1904-12-31,11.305999755859,2026-10-07
FR.gg_revenue_gdp.IMF_WEO,FR,gg_revenue_gdp,1905-12-31,11.338299751282,2026-10-07
FR.gg_revenue_gdp.IMF_WEO,FR,gg_revenue_gdp,1906-12-31,10.773599624634,2026-10-07
FR.gg_revenue_gdp.IMF_WEO,FR,gg_revenue_gdp,1907-12-31,10.242400169373,2026-10-07
FR.gg_revenue_gdp.IMF_WEO,FR,gg_revenue_gdp,1908-12-31,10.62530040741,2026-10-07
FR.gg_revenue_gdp.IMF_WEO,FR,gg_revenue_gdp,1909-12-31,10.326399803162,2026-10-07
FR.gg_revenue_gdp.IMF_WEO,FR,gg_revenue_gdp,1910-12-31,10.446299552917,2026-10-07
FR.gg_revenue_gdp.IMF_WEO,FR,gg_revenue_gdp,1911-12-31,10.399399757385,2026-10-07
FR.gg_revenue_gdp.IMF_WEO,FR,gg_revenue_gdp,1912-12-31,9.8399496078491,2026-10-07
FR.gg_revenue_gdp.IMF_WEO,FR,gg_revenue_gdp,1913-12-31,10.272100448608,2026-10-07
FR.gg_revenue_gdp.IMF_WEO,FR,gg_revenue_gdp,1919-12-31,7.5736598968506,2026-10-07
FR.gg_revenue_gdp.IMF_WEO,FR,gg_revenue_gdp,1920-12-31,16.826599121094,2026-10-07
FR.gg_revenue_gdp.IMF_WEO,FR,gg_revenue_gdp,1921-12-31,14.854499816895,2026-10-07
FR.gg_revenue_gdp.IMF_WEO,FR,gg_revenue_gdp,1922-12-31,12.641799926758,2026-10-07
FR.gg_revenue_gdp.IMF_WEO,FR,gg_revenue_gdp,1923-12-31,12.068799972534,2026-10-07
FR.gg_revenue_gdp.IMF_WEO,FR,gg_revenue_gdp,1924-12-31,12.328499794006,2026-10-07
FR.gg_revenue_gdp.IMF_WEO,FR,gg_revenue_gdp,1925-12-31,10.333100318909,2026-10-07
FR.gg_revenue_gdp.IMF_WEO,FR,gg_revenue_gdp,1926-12-31,13.760600090027,2026-10-07
FR.gg_revenue_gdp.IMF_WEO,FR,gg_revenue_gdp,1927-12-31,13.846899986267,2026-10-07
FR.gg_revenue_gdp.IMF_WEO,FR,gg_revenue_gdp,1928-12-31,13.906900405884,2026-10-07
FR.gg_revenue_gdp.IMF_WEO,FR,gg_revenue_gdp,1929-12-31,19.237100601196,2026-10-07
FR.gg_revenue_gdp.IMF_WEO,FR,gg_revenue_gdp,1930-12-31,17.000200271606,2026-10-07
FR.gg_revenue_gdp.IMF_WEO,FR,gg_revenue_gdp,1931-12-31,18.008899688721,2026-10-07
FR.gg_revenue_gdp.IMF_WEO,FR,gg_revenue_gdp,1932-12-31,14.488200187683,2026-10-07
FR.gg_revenue_gdp.IMF_WEO,FR,gg_revenue_gdp,1933-12-31,18.929500579834,2026-10-07
FR.gg_revenue_gdp.IMF_WEO,FR,gg_revenue_gdp,1934-12-31,20.091800689697,2026-10-07
FR.gg_revenue_gdp.IMF_WEO,FR,gg_revenue_gdp,1935-12-31,16.030099868774,2026-10-07
FR.gg_revenue_gdp.IMF_WEO,FR,gg_revenue_gdp,1936-12-31,11.153400421143,2026-10-07
FR.gg_revenue_gdp.IMF_WEO,FR,gg_revenue_gdp,1937-12-31,10.683400154114,2026-10-07
FR.gg_revenue_gdp.IMF_WEO,FR,gg_revenue_gdp,1946-12-31,14.018300056458,2026-10-07
FR.gg_revenue_gdp.IMF_WEO,FR,gg_revenue_gdp,1947-12-31,17.545900344849,2026-10-07
FR.gg_revenue_gdp.IMF_WEO,FR,gg_revenue_gdp,1948-12-31,15.549599647522,2026-10-07
FR.gg_revenue_gdp.IMF_WEO,FR,gg_revenue_gdp,1949-12-31,18.240600585938,2026-10-07
FR.gg_revenue_gdp.IMF_WEO,FR,gg_revenue_gdp,1950-12-31,18.558799743652,2026-10-07
FR.gg_revenue_gdp.IMF_WEO,FR,gg_revenue_gdp,1951-12-31,19.176000595093,2026-10-07
FR.gg_revenue_gdp.IMF_WEO,FR,gg_revenue_gdp,1952-12-31,18.482999801636,2026-10-07
FR.gg_revenue_gdp.IMF_WEO,FR,gg_revenue_gdp,1953-12-31,20.372499465942,2026-10-07
FR.gg_revenue_gdp.IMF_WEO,FR,gg_revenue_gdp,1954-12-31,21.376499176025,2026-10-07
FR.gg_revenue_gdp.IMF_WEO,FR,gg_revenue_gdp,1955-12-31,18.849700927734,2026-10-07
FR.gg_revenue_gdp.IMF_WEO,FR,gg_revenue_gdp,1956-12-31,18.823799133301,2026-10-07
FR.gg_revenue_gdp.IMF_WEO,FR,gg_revenue_gdp,1957-12-31,19.120399475098,2026-10-07
FR.gg_revenue_gdp.IMF_WEO,FR,gg_revenue_gdp,1958-12-31,19.678699493408,2026-10-07
FR.gg_revenue_gdp.IMF_WEO,FR,gg_revenue_gdp,1959-12-31,20.48690032959,2026-10-07
FR.gg_revenue_gdp.IMF_WEO,FR,gg_revenue_gdp,1960-12-31,20.226600646973,2026-10-07
FR.gg_revenue_gdp.IMF_WEO,FR,gg_revenue_gdp,1961-12-31,20.551099777222,2026-10-07
FR.gg_revenue_gdp.IMF_WEO,FR,gg_revenue_gdp,1962-12-31,20.146299362183,2026-10-07
FR.gg_revenue_gdp.IMF_WEO,FR,gg_revenue_gdp,1963-12-31,20.353300094604,2026-10-07
FR.gg_revenue_gdp.IMF_WEO,FR,gg_revenue_gdp,1964-12-31,20.773899078369,2026-10-07
FR.gg_revenue_gdp.IMF_WEO,FR,gg_revenue_gdp,1965-12-31,20.987600326538,2026-10-07
FR.gg_revenue_gdp.IMF_WEO,FR,gg_revenue_gdp,1966-12-31,20.819700241089,2026-10-07
FR.gg_revenue_gdp.IMF_WEO,FR,gg_revenue_gdp,1967-12-31,20.59169960022,2026-10-07
FR.gg_revenue_gdp.IMF_WEO,FR,gg_revenue_gdp,1968-12-31,20.186000823975,2026-10-07
FR.gg_revenue_gdp.IMF_WEO,FR,gg_revenue_gdp,1969-12-31,20.96960067749,2026-10-07
FR.gg_revenue_gdp.IMF_WEO,FR,gg_revenue_gdp,1970-12-31,20.523000717163,2026-10-07
FR.gg_revenue_gdp.IMF_WEO,FR,gg_revenue_gdp,1971-12-31,19.905500411987,2026-10-07
FR.gg_revenue_gdp.IMF_WEO,FR,gg_revenue_gdp,1972-12-31,21.71249961853,2026-10-07
FR.gg_revenue_gdp.IMF_WEO,FR,gg_revenue_gdp,1973-12-31,21.723499298096,2026-10-07
FR.gg_revenue_gdp.IMF_WEO,FR,gg_revenue_gdp,1974-12-31,22.926500320435,2026-10-07
FR.gg_revenue_gdp.IMF_WEO,FR,gg_revenue_gdp,1975-12-31,21.76309967041,2026-10-07
FR.gg_revenue_gdp.IMF_WEO,FR,gg_revenue_gdp,1976-12-31,22.705600738525,2026-10-07
FR.gg_revenue_gdp.IMF_WEO,FR,gg_revenue_gdp,1977-12-31,22.334199905396,2026-10-07
FR.gg_revenue_gdp.IMF_WEO,FR,gg_revenue_gdp,1978-12-31,42.982200622559,2026-10-07
FR.gg_revenue_gdp.IMF_WEO,FR,gg_revenue_gdp,1979-12-31,44.563999176025,2026-10-07
FR.gg_revenue_gdp.IMF_WEO,FR,gg_revenue_gdp,1980-12-31,45.693801879883,2026-10-07
FR.gg_revenue_gdp.IMF_WEO,FR,gg_revenue_gdp,1981-12-31,46.14400100708,2026-10-07
FR.gg_revenue_gdp.IMF_WEO,FR,gg_revenue_gdp,1982-12-31,46.962001800537,2026-10-07
FR.gg_revenue_gdp.IMF_WEO,FR,gg_revenue_gdp,1983-12-31,47.66189956665,2026-10-07
FR.gg_revenue_gdp.IMF_WEO,FR,gg_revenue_gdp,1984-12-31,48.4208984375,2026-10-07
FR.gg_revenue_gdp.IMF_WEO,FR,gg_revenue_gdp,1985-12-31,48.806499481201,2026-10-07
FR.gg_revenue_gdp.IMF_WEO,FR,gg_revenue_gdp,1986-12-31,47.980400085449,2026-10-07
FR.gg_revenue_gdp.IMF_WEO,FR,gg_revenue_gdp,1987-12-31,48.58459854126,2026-10-07
FR.gg_revenue_gdp.IMF_WEO,FR,gg_revenue_gdp,1988-12-31,47.357498168945,2026-10-07
FR.gg_revenue_gdp.IMF_WEO,FR,gg_revenue_gdp,1989-12-31,47.024200439453,2026-10-07
FR.gg_revenue_gdp.IMF_WEO,FR,gg_revenue_gdp,1990-12-31,47.108001708984,2026-10-07
FR.gg_revenue_gdp.IMF_WEO,FR,gg_revenue_gdp,1991-12-31,47.708400726318,2026-10-07
FR.gg_revenue_gdp.IMF_WEO,FR,gg_revenue_gdp,1992-12-31,47.39640045166,2026-10-07
FR.gg_revenue_gdp.IMF_WEO,FR,gg_revenue_gdp,1993-12-31,48.61009979248,2026-10-07
FR.gg_revenue_gdp.IMF_WEO,FR,gg_revenue_gdp,1994-12-31,48.599998474121,2026-10-07
FR.gg_revenue_gdp.IMF_WEO,FR,gg_revenue_gdp,1995-12-31,48.927299499512,2026-10-07
FR.gg_revenue_gdp.IMF_WEO,FR,gg_revenue_gdp,1996-12-31,50.47200012207,2026-10-07
FR.gg_revenue_gdp.IMF_WEO,FR,gg_revenue_gdp,1997-12-31,50.871799468994,2026-10-07
FR.gg_revenue_gdp.IMF_WEO,FR,gg_revenue_gdp,1998-12-31,50.12979888916,2026-10-07
FR.gg_revenue_gdp.IMF_WEO,FR,gg_revenue_gdp,1999-12-31,50.79040145874,2026-10-07
FR.gg_revenue_gdp.IMF_WEO,FR,gg_revenue_gdp,2000-12-31,50.165100097656,2026-10-07
FR.gg_revenue_gdp.IMF_WEO,FR,gg_revenue_gdp,2001-12-31,50.00830078125,2026-10-07
FR.gg_revenue_gdp.IMF_WEO,FR,gg_revenue_gdp,2002-12-31,49.587898254395,2026-10-07
FR.gg_revenue_gdp.IMF_WEO,FR,gg_revenue_gdp,2003-12-31,49.310298919678,2026-10-07
FR.gg_revenue_gdp.IMF_WEO,FR,gg_revenue_gdp,2004-12-31,49.643501281738,2026-10-07
FR.gg_revenue_gdp.IMF_WEO,FR,gg_revenue_gdp,2005-12-31,50.603500366211,2026-10-07
FR.gg_revenue_gdp.IMF_WEO,FR,gg_revenue_gdp,2006-12-31,50.599700927734,2026-10-07
FR.gg_revenue_gdp.IMF_WEO,FR,gg_revenue_gdp,2007-12-31,49.858200073242,2026-10-07
FR.gg_revenue_gdp.IMF_WEO,FR,gg_revenue_gdp,2008-12-31,49.937999725342,2026-10-07
FR.gg_revenue_gdp.IMF_WEO,FR,gg_revenue_gdp,2009-12-31,49.163799285889,2026-10-07
FR.gg_revenue_gdp.IMF_WEO,FR,gg_revenue_gdp,2010-12-31,49.544101715088,2026-10-07
FR.gg_revenue_gdp.IMF_WEO,FR,gg_revenue_gdp,2011-12-31,51.709325405004,2026-10-07
FR.gg_revenue_gdp.IMF_WEO,FR,gg_revenue_gdp,2012-12-31,52.721005302432,2026-10-07
FR.gg_revenue_gdp.IMF_WEO,FR,gg_revenue_gdp,2013-12-31,53.653638641131,2026-10-07
FR.gg_revenue_gdp.IMF_WEO,FR,gg_revenue_gdp,2014-12-31,53.820283201307,2026-10-07
FR.gg_revenue_gdp.IMF_WEO,FR,gg_revenue_gdp,2015-12-31,53.707900692377,2026-10-07
FR.gg_revenue_gdp.IMF_WEO,FR,gg_revenue_gdp,2016-12-31,53.61648950923,2026-10-07
FR.gg_revenue_gdp.IMF_WEO,FR,gg_revenue_gdp,2017-12-31,54.300179649785,2026-10-07
FR.gg_revenue_gdp.IMF_WEO,FR,gg_revenue_gdp,2018-12-31,54.04755869902,2026-10-07
FR.gg_revenue_gdp.IMF_WEO,FR,gg_revenue_gdp,2019-12-31,52.953108020822,2026-10-07
FR.gg_revenue_gdp.IMF_WEO,FR,gg_revenue_gdp,2020-12-31,52.766478193278,2026-10-07
FR.gg_revenue_gdp.IMF_WEO,FR,gg_revenue_gdp,2021-12-31,52.879619728384,2026-10-07
FR.gg_revenue_gdp.IMF_WEO,FR,gg_revenue_gdp,2022-12-31,53.691451045348,2026-10-07
FR.gg_revenue_gdp.IMF_WEO,FR,gg_revenue_gdp,2023-12-31,51.393751121827,2026-10-07
FR.gg_revenue_gdp.IMF_WEO,FR,gg_revenue_gdp,2024-12-31,51.403883467228,2026-10-07
FR.rgdp_growth.IMF_WEO,FR,rgdp_growth,1980-12-31,1.8,2026-10-07
FR.rgdp_growth.IMF_WEO,FR,rgdp_growth,1981-12-31,1.2,2026-10-07
FR.rgdp_growth.IMF_WEO,FR,rgdp_growth,1982-12-31,2.4,2026-10-07
FR.rgdp_growth.IMF_WEO,FR,rgdp_growth,1983-12-31,1.3,2026-10-07
FR.rgdp_growth.IMF_WEO,FR,rgdp_growth,1984-12-31,1.7,2026-10-07
FR.rgdp_growth.IMF_WEO,FR,rgdp_growth,1985-12-31,1.7,2026-10-07
FR.rgdp_growth.IMF_WEO,FR,rgdp_growth,1986-12-31,2.3,2026-10-07
FR.rgdp_growth.IMF_WEO,FR,rgdp_growth,1987-12-31,2.6,2026-10-07
FR.rgdp_growth.IMF_WEO,FR,rgdp_growth,1988-12-31,4.7,2026-10-07
FR.rgdp_growth.IMF_WEO,FR,rgdp_growth,1989-12-31,4.6,2026-10-07
FR.rgdp_growth.IMF_WEO,FR,rgdp_growth,1990-12-31,2.8,2026-10-07
FR.rgdp_growth.IMF_WEO,FR,rgdp_growth,1991-12-31,1.3,2026-10-07
FR.rgdp_growth.IMF_WEO,FR,rgdp_growth,1992-12-31,1.4,2026-10-07
FR.rgdp_growth.IMF_WEO,FR,rgdp_growth,1993-12-31,-0.4,2026-10-07
FR.rgdp_growth.IMF_WEO,FR,rgdp_growth,1994-12-31,2.4,2026-10-07
FR.rgdp_growth.IMF_WEO,FR,rgdp_growth,1995-12-31,2.5,2026-10-07
FR.rgdp_growth.IMF_WEO,FR,rgdp_growth,1996-12-31,1.3,2026-10-07
FR.rgdp_growth.IMF_WEO,FR,rgdp_growth,1997-12-31,2.5,2026-10-07
FR.rgdp_growth.IMF_WEO,FR,rgdp_growth,1998-12-31,3.5,2026-10-07
FR.rgdp_growth.IMF_WEO,FR,rgdp_growth,1999-12-31,3.3,2026-10-07
FR.rgdp_growth.IMF_WEO,FR,rgdp_growth,2000-12-31,4.4,2026-10-07
FR.rgdp_growth.IMF_WEO,FR,rgdp_growth,2001-12-31,1.8,2026-10-07
FR.rgdp_growth.IMF_WEO,FR,rgdp_growth,2002-12-31,1.1,2026-10-07
FR.rgdp_growth.IMF_WEO,FR,rgdp_growth,2003-12-31,1.0,2026-10-07
FR.rgdp_growth.IMF_WEO,FR,rgdp_growth,2004-12-31,2.5,2026-10-07
FR.rgdp_growth.IMF_WEO,FR,rgdp_growth,2005-12-31,2.0,2026-10-07
FR.rgdp_growth.IMF_WEO,FR,rgdp_growth,2006-12-31,2.9,2026-10-07
FR.rgdp_growth.IMF_WEO,FR,rgdp_growth,2007-12-31,2.5,2026-10-07
FR.rgdp_growth.IMF_WEO,FR,rgdp_growth,2008-12-31,0.3,2026-10-07
FR.rgdp_growth.IMF_WEO,FR,rgdp_growth,2009-12-31,-2.7,2026-10-07
FR.rgdp_growth.IMF_WEO,FR,rgdp_growth,2010-12-31,1.8,2026-10-07
FR.rgdp_growth.IMF_WEO,FR,rgdp_growth,2011-12-31,2.5,2026-10-07
FR.rgdp_growth.IMF_WEO,FR,rgdp_growth,2012-12-31,0.2,2026-10-07
FR.rgdp_growth.IMF_WEO,FR,rgdp_growth,2013-12-31,0.9,2026-10-07
FR.rgdp_growth.IMF_WEO,FR,rgdp_growth,2014-12-31,1.0,2026-10-07
FR.rgdp_growth.IMF_WEO,FR,rgdp_growth,2015-12-31,1.0,2026-10-07
FR.rgdp_growth.IMF_WEO,FR,rgdp_growth,2016-12-31,0.7,2026-10-07
FR.rgdp_growth.IMF_WEO,FR,rgdp_growth,2017-12-31,2.3,2026-10-07
FR.rgdp_growth.IMF_WEO,FR,rgdp_growth,2018-12-31,1.6,2026-10-07
FR.rgdp_growth.IMF_WEO,FR,rgdp_growth,2019-12-31,2.1,2026-10-07
FR.rgdp_growth.IMF_WEO,FR,rgdp_growth,2020-12-31,-7.6,2026-10-07
FR.rgdp_growth.IMF_WEO,FR,rgdp_growth,2021-12-31,6.8,2026-10-07
FR.rgdp_growth.IMF_WEO,FR,rgdp_growth,2022-12-31,2.8,2026-10-07
FR.rgdp_growth.IMF_WEO,FR,rgdp_growth,2023-12-31,1.6,2026-10-07
FR.rgdp_growth.IMF_WEO,FR,rgdp_growth,2024-12-31,1.1,2026-10-07
FR.rgdp_growth.IMF_WEO,FR,rgdp_growth,2025-12-31,0.9,2026-10-07
GB.cpi_yoy.IMF_WEO,GB,cpi_yoy,1980-12-31,16.8,2026-10-07
GB.cpi_yoy.IMF_WEO,GB,cpi_yoy,1981-12-31,12.2,2026-10-07
GB.cpi_yoy.IMF_WEO,GB,cpi_yoy,1982-12-31,8.5,2026-10-07
GB.cpi_yoy.IMF_WEO,GB,cpi_yoy,1983-12-31,5.2,2026-10-07
GB.cpi_yoy.IMF_WEO,GB,cpi_yoy,1984-12-31,4.4,2026-10-07
GB.cpi_yoy.IMF_WEO,GB,cpi_yoy,1985-12-31,5.2,2026-10-07
GB.cpi_yoy.IMF_WEO,GB,cpi_yoy,1986-12-31,3.6,2026-10-07
GB.cpi_yoy.IMF_WEO,GB,cpi_yoy,1987-12-31,4.1,2026-10-07
GB.cpi_yoy.IMF_WEO,GB,cpi_yoy,1988-12-31,4.6,2026-10-07
GB.cpi_yoy.IMF_WEO,GB,cpi_yoy,1989-12-31,5.2,2026-10-07
GB.cpi_yoy.IMF_WEO,GB,cpi_yoy,1990-12-31,7.0,2026-10-07
GB.cpi_yoy.IMF_WEO,GB,cpi_yoy,1991-12-31,7.5,2026-10-07
GB.cpi_yoy.IMF_WEO,GB,cpi_yoy,1992-12-31,4.2,2026-10-07
GB.cpi_yoy.IMF_WEO,GB,cpi_yoy,1993-12-31,2.5,2026-10-07
GB.cpi_yoy.IMF_WEO,GB,cpi_yoy,1994-12-31,2.0,2026-10-07
GB.cpi_yoy.IMF_WEO,GB,cpi_yoy,1995-12-31,2.6,2026-10-07
GB.cpi_yoy.IMF_WEO,GB,cpi_yoy,1996-12-31,2.4,2026-10-07
GB.cpi_yoy.IMF_WEO,GB,cpi_yoy,1997-12-31,1.8,2026-10-07
GB.cpi_yoy.IMF_WEO,GB,cpi_yoy,1998-12-31,1.6,2026-10-07
GB.cpi_yoy.IMF_WEO,GB,cpi_yoy,1999-12-31,1.3,2026-10-07
GB.cpi_yoy.IMF_WEO,GB,cpi_yoy,2000-12-31,0.8,2026-10-07
GB.cpi_yoy.IMF_WEO,GB,cpi_yoy,2001-12-31,1.2,2026-10-07
GB.cpi_yoy.IMF_WEO,GB,cpi_yoy,2002-12-31,1.3,2026-10-07
GB.cpi_yoy.IMF_WEO,GB,cpi_yoy,2003-12-31,1.4,2026-10-07
GB.cpi_yoy.IMF_WEO,GB,cpi_yoy,2004-12-31,1.3,2026-10-07
GB.cpi_yoy.IMF_WEO,GB,cpi_yoy,2005-12-31,2.1,2026-10-07
GB.cpi_yoy.IMF_WEO,GB,cpi_yoy,2006-12-31,2.3,2026-10-07
GB.cpi_yoy.IMF_WEO,GB,cpi_yoy,2007-12-31,2.3,2026-10-07
GB.cpi_yoy.IMF_WEO,GB,cpi_yoy,2008-12-31,3.6,2026-10-07
GB.cpi_yoy.IMF_WEO,GB,cpi_yoy,2009-12-31,2.2,2026-10-07
GB.cpi_yoy.IMF_WEO,GB,cpi_yoy,2010-12-31,3.3,2026-10-07
GB.cpi_yoy.IMF_WEO,GB,cpi_yoy,2011-12-31,4.5,2026-10-07
GB.cpi_yoy.IMF_WEO,GB,cpi_yoy,2012-12-31,2.8,2026-10-07
GB.cpi_yoy.IMF_WEO,GB,cpi_yoy,2013-12-31,2.6,2026-10-07
GB.cpi_yoy.IMF_WEO,GB,cpi_yoy,2014-12-31,1.5,2026-10-07
GB.cpi_yoy.IMF_WEO,GB,cpi_yoy,2015-12-31,0.0,2026-10-07
GB.cpi_yoy.IMF_WEO,GB,cpi_yoy,2016-12-31,0.7,2026-10-07
GB.cpi_yoy.IMF_WEO,GB,cpi_yoy,2017-12-31,2.7,2026-10-07
GB.cpi_yoy.IMF_WEO,GB,cpi_yoy,2018-12-31,2.5,2026-10-07
GB.cpi_yoy.IMF_WEO,GB,cpi_yoy,2019-12-31,1.8,2026-10-07
GB.cpi_yoy.IMF_WEO,GB,cpi_yoy,2020-12-31,0.9,2026-10-07
GB.cpi_yoy.IMF_WEO,GB,cpi_yoy,2021-12-31,2.6,2026-10-07
GB.cpi_yoy.IMF_WEO,GB,cpi_yoy,2022-12-31,9.1,2026-10-07
GB.cpi_yoy.IMF_WEO,GB,cpi_yoy,2023-12-31,7.3,2026-10-07
GB.cpi_yoy.IMF_WEO,GB,cpi_yoy,2024-12-31,2.5,2026-10-07
GB.cpi_yoy.IMF_WEO,GB,cpi_yoy,2025-12-31,3.4,2026-10-07
GB.gg_debt_gdp.IMF_WEO,GB,gg_debt_gdp,1980-12-31,42.5,2026-10-07
GB.gg_debt_gdp.IMF_WEO,GB,gg_debt_gdp,1981-12-31,44.7,2026-10-07
GB.gg_debt_gdp.IMF_WEO,GB,gg_debt_gdp,1982-12-31,42.9,2026-10-07
GB.gg_debt_gdp.IMF_WEO,GB,gg_debt_gdp,1983-12-31,41.8,2026-10-07
GB.gg_debt_gdp.IMF_WEO,GB,gg_debt_gdp,1984-12-31,42.1,2026-10-07
GB.gg_debt_gdp.IMF_WEO,GB,gg_debt_gdp,1985-12-31,41.2,2026-10-07
GB.gg_debt_gdp.IMF_WEO,GB,gg_debt_gdp,1986-12-31,41.2,2026-10-07
GB.gg_debt_gdp.IMF_WEO,GB,gg_debt_gdp,1987-12-31,39.2,2026-10-07
GB.gg_debt_gdp.IMF_WEO,GB,gg_debt_gdp,1988-12-31,37.0,2026-10-07
GB.gg_debt_gdp.IMF_WEO,GB,gg_debt_gdp,1989-12-31,32.4,2026-10-07
GB.gg_debt_gdp.IMF_WEO,GB,gg_debt_gdp,1990-12-31,28.4,2026-10-07
GB.gg_debt_gdp.IMF_WEO,GB,gg_debt_gdp,1991-12-31,28.4,2026-10-07
GB.gg_debt_gdp.IMF_WEO,GB,gg_debt_gdp,1992-12-31,33.1,2026-10-07
GB.gg_debt_gdp.IMF_WEO,GB,gg_debt_gdp,1993-12-31,37.8,2026-10-07
GB.gg_debt_gdp.IMF_WEO,GB,gg_debt_gdp,1994-12-31,40.6,2026-10-07
GB.gg_debt_gdp.IMF_WEO,GB,gg_debt_gdp,1995-12-31,43.5,2026-10-07
GB.gg_debt_gdp.IMF_WEO,GB,gg_debt_gdp,1996-12-31,43.5,2026-10-07
GB.gg_debt_gdp.IMF_WEO,GB,gg_debt_gdp,1997-12-31,43.9,2026-10-07
GB.gg_debt_gdp.IMF_WEO,GB,gg_debt_gdp,1998-12-31,41.8,2026-10-07
GB.gg_debt_gdp.IMF_WEO,GB,gg_debt_gdp,1999-12-31,40.3,2026-10-07
GB.gg_debt_gdp.IMF_WEO,GB,gg_debt_gdp,2000-12-31,37.5,2026-10-07
GB.gg_debt_gdp.IMF_WEO,GB,gg_debt_gdp,2001-12-31,34.8,2026-10-07
GB.gg_debt_gdp.IMF_WEO,GB,gg_debt_gdp,2002-12-31,35.3,2026-10-07
GB.gg_debt_gdp.IMF_WEO,GB,gg_debt_gdp,2003-12-31,36.6,2026-10-07
GB.gg_debt_gdp.IMF_WEO,GB,gg_debt_gdp,2004-12-31,39.7,2026-10-07
GB.gg_debt_gdp.IMF_WEO,GB,gg_debt_gdp,2005-12-31,40.9,2026-10-07
GB.gg_debt_gdp.IMF_WEO,GB,gg_debt_gdp,2006-12-31,41.9,2026-10-07
GB.gg_debt_gdp.IMF_WEO,GB,gg_debt_gdp,2007-12-31,43.0,2026-10-07
GB.gg_debt_gdp.IMF_WEO,GB,gg_debt_gdp,2008-12-31,50.6,2026-10-07
GB.gg_debt_gdp.IMF_WEO,GB,gg_debt_gdp,2009-12-31,64.5,2026-10-07
GB.gg_debt_gdp.IMF_WEO,GB,gg_debt_gdp,2010-12-31,75.5,2026-10-07
GB.gg_debt_gdp.IMF_WEO,GB,gg_debt_gdp,2011-12-31,81.1,2026-10-07
GB.gg_debt_gdp.IMF_WEO,GB,gg_debt_gdp,2012-12-31,84.1,2026-10-07
GB.gg_debt_gdp.IMF_WEO,GB,gg_debt_gdp,2013-12-31,84.9,2026-10-07
GB.gg_debt_gdp.IMF_WEO,GB,gg_debt_gdp,2014-12-31,86.5,2026-10-07
GB.gg_debt_gdp.IMF_WEO,GB,gg_debt_gdp,2015-12-31,87.3,2026-10-07
GB.gg_debt_gdp.IMF_WEO,GB,gg_debt_gdp,2016-12-31,87.3,2026-10-07
GB.gg_debt_gdp.IMF_WEO,GB,gg_debt_gdp,2017-12-31,86.1,2026-10-07
GB.gg_debt_gdp.IMF_WEO,GB,gg_debt_gdp,2018-12-31,85.6,2026-10-07
GB.gg_debt_gdp.IMF_WEO,GB,gg_debt_gdp,2019-12-31,84.9,2026-10-07
GB.gg_debt_gdp.IMF_WEO,GB,gg_debt_gdp,2020-12-31,104.8,2026-10-07
GB.gg_debt_gdp.IMF_WEO,GB,gg_debt_gdp,2021-12-31,103.4,2026-10-07
GB.gg_debt_gdp.IMF_WEO,GB,gg_debt_gdp,2022-12-31,97.5,2026-10-07
GB.gg_debt_gdp.IMF_WEO,GB,gg_debt_gdp,2023-12-31,98.9,2026-10-07
GB.gg_debt_gdp.IMF_WEO,GB,gg_debt_gdp,2024-12-31,99.9,2026-10-07
GB.gg_debt_gdp.IMF_WEO,GB,gg_debt_gdp,2025-12-31,102.3,2026-10-07
GB.gg_interest_gdp.IMF_WEO,GB,gg_interest_gdp,1800-12-31,4.0068898200989,2026-10-07
GB.gg_interest_gdp.IMF_WEO,GB,gg_interest_gdp,1801-12-31,7.7821002006531,2026-10-07
GB.gg_interest_gdp.IMF_WEO,GB,gg_interest_gdp,1802-12-31,7.5809302330017,2026-10-07
GB.gg_interest_gdp.IMF_WEO,GB,gg_interest_gdp,1803-12-31,7.3847098350525,2026-10-07
GB.gg_interest_gdp.IMF_WEO,GB,gg_interest_gdp,1804-12-31,7.1937298774719,2026-10-07
GB.gg_interest_gdp.IMF_WEO,GB,gg_interest_gdp,1805-12-31,7.007709980011,2026-10-07
GB.gg_interest_gdp.IMF_WEO,GB,gg_interest_gdp,1806-12-31,6.8264098167419,2026-10-07
GB.gg_interest_gdp.IMF_WEO,GB,gg_interest_gdp,1807-12-31,6.6498198509216,2026-10-07
GB.gg_interest_gdp.IMF_WEO,GB,gg_interest_gdp,1808-12-31,6.4777297973633,2026-10-07
GB.gg_interest_gdp.IMF_WEO,GB,gg_interest_gdp,1809-12-31,6.3103399276733,2026-10-07
GB.gg_interest_gdp.IMF_WEO,GB,gg_interest_gdp,1810-12-31,6.1470398902893,2026-10-07
GB.gg_interest_gdp.IMF_WEO,GB,gg_interest_gdp,1811-12-31,5.9880199432373,2026-10-07
GB.gg_interest_gdp.IMF_WEO,GB,gg_interest_gdp,1812-12-31,6.0099802017212,2026-10-07
GB.gg_interest_gdp.IMF_WEO,GB,gg_interest_gdp,1813-12-31,9.0481395721436,2026-10-07
GB.gg_interest_gdp.IMF_WEO,GB,gg_interest_gdp,1814-12-31,9.0812797546387,2026-10-07
GB.gg_interest_gdp.IMF_WEO,GB,gg_interest_gdp,1815-12-31,9.11439037323,2026-10-07
GB.gg_interest_gdp.IMF_WEO,GB,gg_interest_gdp,1816-12-31,9.1477403640747,2026-10-07
GB.gg_interest_gdp.IMF_WEO,GB,gg_interest_gdp,1817-12-31,9.1813297271729,2026-10-07
GB.gg_interest_gdp.IMF_WEO,GB,gg_interest_gdp,1818-12-31,9.2151699066162,2026-10-07
GB.gg_interest_gdp.IMF_WEO,GB,gg_interest_gdp,1819-12-31,9.2487001419067,2026-10-07
GB.gg_interest_gdp.IMF_WEO,GB,gg_interest_gdp,1820-12-31,9.2827501296997,2026-10-07
GB.gg_interest_gdp.IMF_WEO,GB,gg_interest_gdp,1821-12-31,9.3167695999146,2026-10-07
GB.gg_interest_gdp.IMF_WEO,GB,gg_interest_gdp,1822-12-31,8.9063100814819,2026-10-07
GB.gg_interest_gdp.IMF_WEO,GB,gg_interest_gdp,1823-12-31,8.5140199661255,2026-10-07
GB.gg_interest_gdp.IMF_WEO,GB,gg_interest_gdp,1824-12-31,8.1388998031616,2026-10-07
GB.gg_interest_gdp.IMF_WEO,GB,gg_interest_gdp,1825-12-31,7.7804899215698,2026-10-07
GB.gg_interest_gdp.IMF_WEO,GB,gg_interest_gdp,1826-12-31,7.4377098083496,2026-10-07
GB.gg_interest_gdp.IMF_WEO,GB,gg_interest_gdp,1827-12-31,7.110020160675,2026-10-07
GB.gg_interest_gdp.IMF_WEO,GB,gg_interest_gdp,1828-12-31,6.7968602180481,2026-10-07
GB.gg_interest_gdp.IMF_WEO,GB,gg_interest_gdp,1829-12-31,6.4974398612976,2026-10-07
GB.gg_interest_gdp.IMF_WEO,GB,gg_interest_gdp,1830-12-31,6.2111802101135,2026-10-07
GB.gg_interest_gdp.IMF_WEO,GB,gg_interest_gdp,1831-12-31,6.25,2026-10-07
GB.gg_interest_gdp.IMF_WEO,GB,gg_interest_gdp,1832-12-31,6.5359501838684,2026-10-07
GB.gg_interest_gdp.IMF_WEO,GB,gg_interest_gdp,1833-12-31,6.6225199699402,2026-10-07
GB.gg_interest_gdp.IMF_WEO,GB,gg_interest_gdp,1834-12-31,6.2370100021362,2026-10-07
GB.gg_interest_gdp.IMF_WEO,GB,gg_interest_gdp,1835-12-31,5.9055099487305,2026-10-07
GB.gg_interest_gdp.IMF_WEO,GB,gg_interest_gdp,1836-12-31,5.535059928894,2026-10-07
GB.gg_interest_gdp.IMF_WEO,GB,gg_interest_gdp,1837-12-31,5.7581601142883,2026-10-07
GB.gg_interest_gdp.IMF_WEO,GB,gg_interest_gdp,1838-12-31,5.4249501228333,2026-10-07
GB.gg_interest_gdp.IMF_WEO,GB,gg_interest_gdp,1839-12-31,5.1546401977539,2026-10-07
GB.gg_interest_gdp.IMF_WEO,GB,gg_interest_gdp,1840-12-31,5.4945001602173,2026-10-07
GB.gg_interest_gdp.IMF_WEO,GB,gg_interest_gdp,1841-12-31,5.769229888916,2026-10-07
GB.gg_interest_gdp.IMF_WEO,GB,gg_interest_gdp,1842-12-31,6.0,2026-10-07
GB.gg_interest_gdp.IMF_WEO,GB,gg_interest_gdp,1843-12-31,6.0240998268127,2026-10-07
GB.gg_interest_gdp.IMF_WEO,GB,gg_interest_gdp,1844-12-31,5.5248599052429,2026-10-07
GB.gg_interest_gdp.IMF_WEO,GB,gg_interest_gdp,1845-12-31,5.2173900604248,2026-10-07
GB.gg_interest_gdp.IMF_WEO,GB,gg_interest_gdp,1846-12-31,4.8859901428223,2026-10-07
GB.gg_interest_gdp.IMF_WEO,GB,gg_interest_gdp,1847-12-31,4.7021899223328,2026-10-07
GB.gg_interest_gdp.IMF_WEO,GB,gg_interest_gdp,1848-12-31,4.8859901428223,2026-10-07
GB.gg_interest_gdp.IMF_WEO,GB,gg_interest_gdp,1849-12-31,4.8000001907349,2026-10-07
GB.gg_interest_gdp.IMF_WEO,GB,gg_interest_gdp,1850-12-31,5.2447500228882,2026-10-07
GB.gg_interest_gdp.IMF_WEO,GB,gg_interest_gdp,1851-12-31,4.9916801452637,2026-10-07
GB.gg_interest_gdp.IMF_WEO,GB,gg_interest_gdp,1852-12-31,4.9423398971558,2026-10-07
GB.gg_interest_gdp.IMF_WEO,GB,gg_interest_gdp,1853-12-31,4.4247798919678,2026-10-07
GB.gg_interest_gdp.IMF_WEO,GB,gg_interest_gdp,1854-12-31,4.1782698631287,2026-10-07
GB.gg_interest_gdp.IMF_WEO,GB,gg_interest_gdp,1855-12-31,4.0595397949219,2026-10-07
GB.gg_interest_gdp.IMF_WEO,GB,gg_interest_gdp,1856-12-31,3.9011700153351,2026-10-07
GB.gg_interest_gdp.IMF_WEO,GB,gg_interest_gdp,1857-12-31,3.8510899543762,2026-10-07
GB.gg_interest_gdp.IMF_WEO,GB,gg_interest_gdp,1858-12-31,3.9893600940704,2026-10-07
GB.gg_interest_gdp.IMF_WEO,GB,gg_interest_gdp,1859-12-31,3.7783401012421,2026-10-07
GB.gg_interest_gdp.IMF_WEO,GB,gg_interest_gdp,1860-12-31,3.694580078125,2026-10-07
GB.gg_interest_gdp.IMF_WEO,GB,gg_interest_gdp,1861-12-31,3.5419099330902,2026-10-07
GB.gg_interest_gdp.IMF_WEO,GB,gg_interest_gdp,1862-12-31,3.4883699417114,2026-10-07
GB.gg_interest_gdp.IMF_WEO,GB,gg_interest_gdp,1863-12-31,3.3482100963593,2026-10-07
GB.gg_interest_gdp.IMF_WEO,GB,gg_interest_gdp,1864-12-31,3.1745998859406,2026-10-07
GB.gg_interest_gdp.IMF_WEO,GB,gg_interest_gdp,1865-12-31,3.0769200325012,2026-10-07
GB.gg_interest_gdp.IMF_WEO,GB,gg_interest_gdp,1866-12-31,2.9411799907684,2026-10-07
GB.gg_interest_gdp.IMF_WEO,GB,gg_interest_gdp,1867-12-31,2.9940099716187,2026-10-07
GB.gg_interest_gdp.IMF_WEO,GB,gg_interest_gdp,1868-12-31,2.9969999790192,2026-10-07
GB.gg_interest_gdp.IMF_WEO,GB,gg_interest_gdp,1869-12-31,2.9821100234985,2026-10-07
GB.gg_interest_gdp.IMF_WEO,GB,gg_interest_gdp,1870-12-31,2.819550037384,2026-10-07
GB.gg_interest_gdp.IMF_WEO,GB,gg_interest_gdp,1871-12-31,2.6087000370026,2026-10-07
GB.gg_interest_gdp.IMF_WEO,GB,gg_interest_gdp,1872-12-31,2.4590198993683,2026-10-07
GB.gg_interest_gdp.IMF_WEO,GB,gg_interest_gdp,1873-12-31,2.34375,2026-10-07
GB.gg_interest_gdp.IMF_WEO,GB,gg_interest_gdp,1874-12-31,2.3584899902344,2026-10-07
GB.gg_interest_gdp.IMF_WEO,GB,gg_interest_gdp,1875-12-31,3.2128500938416,2026-10-07
GB.gg_interest_gdp.IMF_WEO,GB,gg_interest_gdp,1876-12-31,3.2546799182892,2026-10-07
GB.gg_interest_gdp.IMF_WEO,GB,gg_interest_gdp,1877-12-31,3.2894699573517,2026-10-07
GB.gg_interest_gdp.IMF_WEO,GB,gg_interest_gdp,1878-12-31,3.3783800601959,2026-10-07
GB.gg_interest_gdp.IMF_WEO,GB,gg_interest_gdp,1879-12-31,3.5026299953461,2026-10-07
GB.gg_interest_gdp.IMF_WEO,GB,gg_interest_gdp,1880-12-31,2.2513499259949,2026-10-07
GB.gg_interest_gdp.IMF_WEO,GB,gg_interest_gdp,1881-12-31,2.4058899879456,2026-10-07
GB.gg_interest_gdp.IMF_WEO,GB,gg_interest_gdp,1882-12-31,2.3713800907135,2026-10-07
GB.gg_interest_gdp.IMF_WEO,GB,gg_interest_gdp,1883-12-31,2.2129299640656,2026-10-07
GB.gg_interest_gdp.IMF_WEO,GB,gg_interest_gdp,1884-12-31,2.2532999515533,2026-10-07
GB.gg_interest_gdp.IMF_WEO,GB,gg_interest_gdp,1885-12-31,1.9136799573898,2026-10-07
GB.gg_interest_gdp.IMF_WEO,GB,gg_interest_gdp,1886-12-31,2.2801299095154,2026-10-07
GB.gg_interest_gdp.IMF_WEO,GB,gg_interest_gdp,1887-12-31,2.0206000804901,2026-10-07
GB.gg_interest_gdp.IMF_WEO,GB,gg_interest_gdp,1888-12-31,1.9732700586319,2026-10-07
GB.gg_interest_gdp.IMF_WEO,GB,gg_interest_gdp,1889-12-31,1.8421100378036,2026-10-07
GB.gg_interest_gdp.IMF_WEO,GB,gg_interest_gdp,1890-12-31,1.7407100200653,2026-10-07
GB.gg_interest_gdp.IMF_WEO,GB,gg_interest_gdp,1891-12-31,1.694069981575,2026-10-07
GB.gg_interest_gdp.IMF_WEO,GB,gg_interest_gdp,1892-12-31,1.6882200241089,2026-10-07
GB.gg_interest_gdp.IMF_WEO,GB,gg_interest_gdp,1893-12-31,1.7243900299072,2026-10-07
GB.gg_interest_gdp.IMF_WEO,GB,gg_interest_gdp,1894-12-31,1.6248300075531,2026-10-07
GB.gg_interest_gdp.IMF_WEO,GB,gg_interest_gdp,1895-12-31,1.5844299793243,2026-10-07
GB.gg_interest_gdp.IMF_WEO,GB,gg_interest_gdp,1896-12-31,1.5526299476624,2026-10-07
GB.gg_interest_gdp.IMF_WEO,GB,gg_interest_gdp,1897-12-31,1.5670700073242,2026-10-07
GB.gg_interest_gdp.IMF_WEO,GB,gg_interest_gdp,1898-12-31,1.4603999853134,2026-10-07
GB.gg_interest_gdp.IMF_WEO,GB,gg_interest_gdp,1899-12-31,1.3257100582123,2026-10-07
GB.gg_interest_gdp.IMF_WEO,GB,gg_interest_gdp,1900-12-31,1.1036800146103,2026-10-07
GB.gg_interest_gdp.IMF_WEO,GB,gg_interest_gdp,1901-12-31,1.1343400478363,2026-10-07
GB.gg_interest_gdp.IMF_WEO,GB,gg_interest_gdp,1902-12-31,1.4671000242233,2026-10-07
GB.gg_interest_gdp.IMF_WEO,GB,gg_interest_gdp,1903-12-31,1.3843599557877,2026-10-07
GB.gg_interest_gdp.IMF_WEO,GB,gg_interest_gdp,1904-12-31,1.3219599723816,2026-10-07
GB.gg_interest_gdp.IMF_WEO,GB,gg_interest_gdp,1905-12-31,1.2706600427628,2026-10-07
GB.gg_interest_gdp.IMF_WEO,GB,gg_interest_gdp,1906-12-31,1.149719953537,2026-10-07
GB.gg_interest_gdp.IMF_WEO,GB,gg_interest_gdp,1907-12-31,1.0565799474716,2026-10-07
GB.gg_interest_gdp.IMF_WEO,GB,gg_interest_gdp,1908-12-31,1.0875099897385,2026-10-07
GB.gg_interest_gdp.IMF_WEO,GB,gg_interest_gdp,1909-12-31,1.0343099832535,2026-10-07
GB.gg_interest_gdp.IMF_WEO,GB,gg_interest_gdp,1910-12-31,0.99415200948715,2026-10-07
GB.gg_interest_gdp.IMF_WEO,GB,gg_interest_gdp,1911-12-31,0.92926502227783,2026-10-07
GB.gg_interest_gdp.IMF_WEO,GB,gg_interest_gdp,1912-12-31,0.90208500623703,2026-10-07
GB.gg_interest_gdp.IMF_WEO,GB,gg_interest_gdp,1913-12-31,0.81988102197647,2026-10-07
GB.gg_interest_gdp.IMF_WEO,GB,gg_interest_gdp,1914-12-31,2.447979927063,2026-10-07
GB.gg_interest_gdp.IMF_WEO,GB,gg_interest_gdp,1915-12-31,2.0387399196625,2026-10-07
GB.gg_interest_gdp.IMF_WEO,GB,gg_interest_gdp,1916-12-31,2.9120600223541,2026-10-07
GB.gg_interest_gdp.IMF_WEO,GB,gg_interest_gdp,1917-12-31,3.9756801128387,2026-10-07
GB.gg_interest_gdp.IMF_WEO,GB,gg_interest_gdp,1918-12-31,4.502739906311,2026-10-07
GB.gg_interest_gdp.IMF_WEO,GB,gg_interest_gdp,1919-12-31,5.6528100967407,2026-10-07
GB.gg_interest_gdp.IMF_WEO,GB,gg_interest_gdp,1920-12-31,6.1924700737,2026-10-07
GB.gg_interest_gdp.IMF_WEO,GB,gg_interest_gdp,1921-12-31,7.9478302001953,2026-10-07
GB.gg_interest_gdp.IMF_WEO,GB,gg_interest_gdp,1922-12-31,8.5240001678467,2026-10-07
GB.gg_interest_gdp.IMF_WEO,GB,gg_interest_gdp,1923-12-31,9.1678400039673,2026-10-07
GB.gg_interest_gdp.IMF_WEO,GB,gg_interest_gdp,1924-12-31,8.7036199569702,2026-10-07
GB.gg_interest_gdp.IMF_WEO,GB,gg_interest_gdp,1925-12-31,8.4294595718384,2026-10-07
GB.gg_interest_gdp.IMF_WEO,GB,gg_interest_gdp,1926-12-31,8.9675798416138,2026-10-07
GB.gg_interest_gdp.IMF_WEO,GB,gg_interest_gdp,1927-12-31,8.6975402832031,2026-10-07
GB.gg_interest_gdp.IMF_WEO,GB,gg_interest_gdp,1928-12-31,8.9149799346924,2026-10-07
GB.gg_interest_gdp.IMF_WEO,GB,gg_interest_gdp,1929-12-31,8.7382802963257,2026-10-07
GB.gg_interest_gdp.IMF_WEO,GB,gg_interest_gdp,1930-12-31,8.8840703964233,2026-10-07
GB.gg_interest_gdp.IMF_WEO,GB,gg_interest_gdp,1931-12-31,9.4995403289795,2026-10-07
GB.gg_interest_gdp.IMF_WEO,GB,gg_interest_gdp,1932-12-31,9.708740234375,2026-10-07
GB.gg_interest_gdp.IMF_WEO,GB,gg_interest_gdp,1933-12-31,9.3066501617432,2026-10-07
GB.gg_interest_gdp.IMF_WEO,GB,gg_interest_gdp,1934-12-31,7.7485098838806,2026-10-07
GB.gg_interest_gdp.IMF_WEO,GB,gg_interest_gdp,1935-12-31,6.9915299415588,2026-10-07
GB.gg_interest_gdp.IMF_WEO,GB,gg_interest_gdp,1936-12-31,6.6172099113464,2026-10-07
GB.gg_interest_gdp.IMF_WEO,GB,gg_interest_gdp,1937-12-31,6.3741998672485,2026-10-07
GB.gg_interest_gdp.IMF_WEO,GB,gg_interest_gdp,1938-12-31,6.3613200187683,2026-10-07
GB.gg_interest_gdp.IMF_WEO,GB,gg_interest_gdp,1939-12-31,3.9966700077057,2026-10-07
GB.gg_interest_gdp.IMF_WEO,GB,gg_interest_gdp,1940-12-31,3.4880700111389,2026-10-07
GB.gg_interest_gdp.IMF_WEO,GB,gg_interest_gdp,1941-12-31,2.9974598884583,2026-10-07
GB.gg_interest_gdp.IMF_WEO,GB,gg_interest_gdp,1942-12-31,3.2318599224091,2026-10-07
GB.gg_interest_gdp.IMF_WEO,GB,gg_interest_gdp,1943-12-31,3.6223199367523,2026-10-07
GB.gg_interest_gdp.IMF_WEO,GB,gg_interest_gdp,1944-12-31,4.1407198905945,2026-10-07
GB.gg_interest_gdp.IMF_WEO,GB,gg_interest_gdp,1945-12-31,4.7560701370239,2026-10-07
GB.gg_interest_gdp.IMF_WEO,GB,gg_interest_gdp,1946-12-31,5.166069984436,2026-10-07
GB.gg_interest_gdp.IMF_WEO,GB,gg_interest_gdp,1947-12-31,5.1499700546265,2026-10-07
GB.gg_interest_gdp.IMF_WEO,GB,gg_interest_gdp,1948-12-31,4.7684497833252,2026-10-07
GB.gg_interest_gdp.IMF_WEO,GB,gg_interest_gdp,1949-12-31,4.3379998207092,2026-10-07
GB.gg_interest_gdp.IMF_WEO,GB,gg_interest_gdp,1950-12-31,4.1895899772644,2026-10-07
GB.gg_interest_gdp.IMF_WEO,GB,gg_interest_gdp,1951-12-31,3.8320200443268,2026-10-07
GB.gg_interest_gdp.IMF_WEO,GB,gg_interest_gdp,1952-12-31,3.9108300209045,2026-10-07
GB.gg_interest_gdp.IMF_WEO,GB,gg_interest_gdp,1953-12-31,4.1762800216675,2026-10-07
GB.gg_interest_gdp.IMF_WEO,GB,gg_interest_gdp,1954-12-31,3.9130198955536,2026-10-07
GB.gg_interest_gdp.IMF_WEO,GB,gg_interest_gdp,1955-12-31,3.8600299358368,2026-10-07
GB.gg_interest_gdp.IMF_WEO,GB,gg_interest_gdp,1956-12-31,3.8561799526215,2026-10-07
GB.gg_interest_gdp.IMF_WEO,GB,gg_interest_gdp,1957-12-31,3.5545499324799,2026-10-07
GB.gg_interest_gdp.IMF_WEO,GB,gg_interest_gdp,1958-12-31,3.7716801166534,2026-10-07
GB.gg_interest_gdp.IMF_WEO,GB,gg_interest_gdp,1959-12-31,3.5453600883484,2026-10-07
GB.gg_interest_gdp.IMF_WEO,GB,gg_interest_gdp,1960-12-31,3.6969299316406,2026-10-07
GB.gg_interest_gdp.IMF_WEO,GB,gg_interest_gdp,1961-12-31,3.6489601135254,2026-10-07
GB.gg_interest_gdp.IMF_WEO,GB,gg_interest_gdp,1962-12-31,3.419830083847,2026-10-07
GB.gg_interest_gdp.IMF_WEO,GB,gg_interest_gdp,1963-12-31,3.452290058136,2026-10-07
GB.gg_interest_gdp.IMF_WEO,GB,gg_interest_gdp,1964-12-31,3.1542699337006,2026-10-07
GB.gg_interest_gdp.IMF_WEO,GB,gg_interest_gdp,1965-12-31,3.0090200901031,2026-10-07
GB.gg_interest_gdp.IMF_WEO,GB,gg_interest_gdp,1966-12-31,3.0399899482727,2026-10-07
GB.gg_interest_gdp.IMF_WEO,GB,gg_interest_gdp,1967-12-31,3.0802199840546,2026-10-07
GB.gg_interest_gdp.IMF_WEO,GB,gg_interest_gdp,1968-12-31,3.2115199565887,2026-10-07
GB.gg_interest_gdp.IMF_WEO,GB,gg_interest_gdp,1969-12-31,3.1204299926758,2026-10-07
GB.gg_interest_gdp.IMF_WEO,GB,gg_interest_gdp,1970-12-31,4.0393900871277,2026-10-07
GB.gg_interest_gdp.IMF_WEO,GB,gg_interest_gdp,1971-12-31,3.7874300479889,2026-10-07
GB.gg_interest_gdp.IMF_WEO,GB,gg_interest_gdp,1972-12-31,3.7344501018524,2026-10-07
GB.gg_interest_gdp.IMF_WEO,GB,gg_interest_gdp,1973-12-31,3.790030002594,2026-10-07
GB.gg_interest_gdp.IMF_WEO,GB,gg_interest_gdp,1974-12-31,4.3441300392151,2026-10-07
GB.gg_interest_gdp.IMF_WEO,GB,gg_interest_gdp,1975-12-31,4.0625400543213,2026-10-07
GB.gg_interest_gdp.IMF_WEO,GB,gg_interest_gdp,1976-12-31,4.4423599243164,2026-10-07
GB.gg_interest_gdp.IMF_WEO,GB,gg_interest_gdp,1977-12-31,4.4951400756836,2026-10-07
GB.gg_interest_gdp.IMF_WEO,GB,gg_interest_gdp,1978-12-31,4.3997597694397,2026-10-07
GB.gg_interest_gdp.IMF_WEO,GB,gg_interest_gdp,1979-12-31,4.5813097953796,2026-10-07
GB.gg_interest_gdp.IMF_WEO,GB,gg_interest_gdp,1980-12-31,4.8910398483276,2026-10-07
GB.gg_interest_gdp.IMF_WEO,GB,gg_interest_gdp,1981-12-31,5.2287998199463,2026-10-07
GB.gg_interest_gdp.IMF_WEO,GB,gg_interest_gdp,1982-12-31,5.2584300041199,2026-10-07
GB.gg_interest_gdp.IMF_WEO,GB,gg_interest_gdp,1983-12-31,4.9414501190186,2026-10-07
GB.gg_interest_gdp.IMF_WEO,GB,gg_interest_gdp,1984-12-31,5.1212401390076,2026-10-07
GB.gg_interest_gdp.IMF_WEO,GB,gg_interest_gdp,1985-12-31,5.0887098312378,2026-10-07
GB.gg_interest_gdp.IMF_WEO,GB,gg_interest_gdp,1986-12-31,4.7449197769165,2026-10-07
GB.gg_interest_gdp.IMF_WEO,GB,gg_interest_gdp,1987-12-31,4.5037198066711,2026-10-07
GB.gg_interest_gdp.IMF_WEO,GB,gg_interest_gdp,1988-12-31,4.1139998435974,2026-10-07
GB.gg_interest_gdp.IMF_WEO,GB,gg_interest_gdp,1989-12-31,3.9899299144745,2026-10-07
GB.gg_interest_gdp.IMF_WEO,GB,gg_interest_gdp,1990-12-31,3.665030002594,2026-10-07
GB.gg_interest_gdp.IMF_WEO,GB,gg_interest_gdp,1991-12-31,3.1195800304413,2026-10-07
GB.gg_interest_gdp.IMF_WEO,GB,gg_interest_gdp,1992-12-31,3.0126099586487,2026-10-07
GB.gg_interest_gdp.IMF_WEO,GB,gg_interest_gdp,1993-12-31,3.039449930191,2026-10-07
GB.gg_interest_gdp.IMF_WEO,GB,gg_interest_gdp,1994-12-31,3.2881200313568,2026-10-07
GB.gg_interest_gdp.IMF_WEO,GB,gg_interest_gdp,1995-12-31,3.5715000629425,2026-10-07
GB.gg_interest_gdp.IMF_WEO,GB,gg_interest_gdp,1996-12-31,3.5654098987579,2026-10-07
GB.gg_interest_gdp.IMF_WEO,GB,gg_interest_gdp,1997-12-31,3.5610299110413,2026-10-07
GB.gg_interest_gdp.IMF_WEO,GB,gg_interest_gdp,1998-12-31,3.4655001163483,2026-10-07
GB.gg_interest_gdp.IMF_WEO,GB,gg_interest_gdp,1999-12-31,2.8319299221039,2026-10-07
GB.gg_interest_gdp.IMF_WEO,GB,gg_interest_gdp,2000-12-31,2.715399980545,2026-10-07
GB.gg_interest_gdp.IMF_WEO,GB,gg_interest_gdp,2001-12-31,2.3267800807953,2026-10-07
GB.gg_interest_gdp.IMF_WEO,GB,gg_interest_gdp,2002-12-31,1.9955999851227,2026-10-07
GB.gg_interest_gdp.IMF_WEO,GB,gg_interest_gdp,2003-12-31,1.9802700281143,2026-10-07
GB.gg_interest_gdp.IMF_WEO,GB,gg_interest_gdp,2004-12-31,1.9586299657822,2026-10-07
GB.gg_interest_gdp.IMF_WEO,GB,gg_interest_gdp,2005-12-31,2.0984001159668,2026-10-07
GB.gg_interest_gdp.IMF_WEO,GB,gg_interest_gdp,2006-12-31,2.0550999641418,2026-10-07
GB.gg_interest_gdp.IMF_WEO,GB,gg_interest_gdp,2007-12-31,2.2205200195312,2026-10-07
GB.gg_interest_gdp.IMF_WEO,GB,gg_interest_gdp,2008-12-31,2.2654099464417,2026-10-07
GB.gg_interest_gdp.IMF_WEO,GB,gg_interest_gdp,2009-12-31,1.8798999786377,2026-10-07
GB.gg_interest_gdp.IMF_WEO,GB,gg_interest_gdp,2010-12-31,2.8853900432587,2026-10-07
GB.gg_interest_gdp.IMF_WEO,GB,gg_interest_gdp,2011-12-31,3.2450574104259,2026-10-07
GB.gg_interest_gdp.IMF_WEO,GB,gg_interest_gdp,2012-12-31,2.9305339569298,2026-10-07
GB.gg_interest_gdp.IMF_WEO,GB,gg_interest_gdp,2013-12-31,2.8751050460856,2026-10-07
GB.gg_interest_gdp.IMF_WEO,GB,gg_interest_gdp,2014-12-31,2.6992011872125,2026-10-07
GB.gg_interest_gdp.IMF_WEO,GB,gg_interest_gdp,2015-12-31,2.3534648159541,2026-10-07
GB.gg_interest_gdp.IMF_WEO,GB,gg_interest_gdp,2016-12-31,2.4751901066706,2026-10-07
GB.gg_interest_gdp.IMF_WEO,GB,gg_interest_gdp,2017-12-31,2.7154136266244,2026-10-07
GB.gg_interest_gdp.IMF_WEO,GB,gg_interest_gdp,2018-12-31,2.4980207256967,2026-10-07
GB.gg_interest_gdp.IMF_WEO,GB,gg_interest_gdp,2019-12-31,2.207911559988,2026-10-07
GB.gg_interest_gdp.IMF_WEO,GB,gg_interest_gdp,2020-12-31,2.0214063701874,2026-10-07
GB.gg_interest_gdp.IMF_WEO,GB,gg_interest_gdp,2021-12-31,2.7533035792422,2026-10-07
GB.gg_interest_gdp.IMF_WEO,GB,gg_interest_gdp,2022-12-31,4.3087315371742,2026-10-07
GB.gg_interest_gdp.IMF_WEO,GB,gg_interest_gdp,2023-12-31,3.2129862034498,2026-10-07
GB.gg_interest_gdp.IMF_WEO,GB,gg_interest_gdp,2024-12-31,2.835717710591,2026-10-07
GB.gg_net_lending_gdp.IMF_WEO,GB,gg_net_lending_gdp,1980-12-31,-2.8,2026-10-07
GB.gg_net_lending_gdp.IMF_WEO,GB,gg_net_lending_gdp,1981-12-31,-3.8,2026-10-07
GB.gg_net_lending_gdp.IMF_WEO,GB,gg_net_lending_gdp,1982-12-31,-2.3,2026-10-07
GB.gg_net_lending_gdp.IMF_WEO,GB,gg_net_lending_gdp,1983-12-31,-2.9,2026-10-07
GB.gg_net_lending_gdp.IMF_WEO,GB,gg_net_lending_gdp,1984-12-31,-3.2,2026-10-07
GB.gg_net_lending_gdp.IMF_WEO,GB,gg_net_lending_gdp,1985-12-31,-2.5,2026-10-07
GB.gg_net_lending_gdp.IMF_WEO,GB,gg_net_lending_gdp,1986-12-31,-2.3,2026-10-07
GB.gg_net_lending_gdp.IMF_WEO,GB,gg_net_lending_gdp,1987-12-31,-1.7,2026-10-07
GB.gg_net_lending_gdp.IMF_WEO,GB,gg_net_lending_gdp,1988-12-31,0.2,2026-10-07
GB.gg_net_lending_gdp.IMF_WEO,GB,gg_net_lending_gdp,1989-12-31,0.5,2026-10-07
GB.gg_net_lending_gdp.IMF_WEO,GB,gg_net_lending_gdp,1990-12-31,-1.5,2026-10-07
GB.gg_net_lending_gdp.IMF_WEO,GB,gg_net_lending_gdp,1991-12-31,-2.8,2026-10-07
GB.gg_net_lending_gdp.IMF_WEO,GB,gg_net_lending_gdp,1992-12-31,-5.4,2026-10-07
GB.gg_net_lending_gdp.IMF_WEO,GB,gg_net_lending_gdp,1993-12-31,-6.6,2026-10-07
GB.gg_net_lending_gdp.IMF_WEO,GB,gg_net_lending_gdp,1994-12-31,-5.7,2026-10-07
GB.gg_net_lending_gdp.IMF_WEO,GB,gg_net_lending_gdp,1995-12-31,-5.0,2026-10-07
GB.gg_net_lending_gdp.IMF_WEO,GB,gg_net_lending_gdp,1996-12-31,-3.6,2026-10-07
GB.gg_net_lending_gdp.IMF_WEO,GB,gg_net_lending_gdp,1997-12-31,-2.0,2026-10-07
GB.gg_net_lending_gdp.IMF_WEO,GB,gg_net_lending_gdp,1998-12-31,-0.2,2026-10-07
GB.gg_net_lending_gdp.IMF_WEO,GB,gg_net_lending_gdp,1999-12-31,0.8,2026-10-07
GB.gg_net_lending_gdp.IMF_WEO,GB,gg_net_lending_gdp,2000-12-31,1.4,2026-10-07
GB.gg_net_lending_gdp.IMF_WEO,GB,gg_net_lending_gdp,2001-12-31,0.3,2026-10-07
GB.gg_net_lending_gdp.IMF_WEO,GB,gg_net_lending_gdp,2002-12-31,-1.9,2026-10-07
GB.gg_net_lending_gdp.IMF_WEO,GB,gg_net_lending_gdp,2003-12-31,-3.2,2026-10-07
GB.gg_net_lending_gdp.IMF_WEO,GB,gg_net_lending_gdp,2004-12-31,-3.1,2026-10-07
GB.gg_net_lending_gdp.IMF_WEO,GB,gg_net_lending_gdp,2005-12-31,-3.1,2026-10-07
GB.gg_net_lending_gdp.IMF_WEO,GB,gg_net_lending_gdp,2006-12-31,-2.7,2026-10-07
GB.gg_net_lending_gdp.IMF_WEO,GB,gg_net_lending_gdp,2007-12-31,-2.6,2026-10-07
GB.gg_net_lending_gdp.IMF_WEO,GB,gg_net_lending_gdp,2008-12-31,-5.0,2026-10-07
GB.gg_net_lending_gdp.IMF_WEO,GB,gg_net_lending_gdp,2009-12-31,-10.0,2026-10-07
GB.gg_net_lending_gdp.IMF_WEO,GB,gg_net_lending_gdp,2010-12-31,-9.2,2026-10-07
GB.gg_net_lending_gdp.IMF_WEO,GB,gg_net_lending_gdp,2011-12-31,-7.4,2026-10-07
GB.gg_net_lending_gdp.IMF_WEO,GB,gg_net_lending_gdp,2012-12-31,-8.0,2026-10-07
GB.gg_net_lending_gdp.IMF_WEO,GB,gg_net_lending_gdp,2013-12-31,-5.3,2026-10-07
GB.gg_net_lending_gdp.IMF_WEO,GB,gg_net_lending_gdp,2014-12-31,-5.5,2026-10-07
GB.gg_net_lending_gdp.IMF_WEO,GB,gg_net_lending_gdp,2015-12-31,-4.5,2026-10-07
GB.gg_net_lending_gdp.IMF_WEO,GB,gg_net_lending_gdp,2016-12-31,-3.3,2026-10-07
GB.gg_net_lending_gdp.IMF_WEO,GB,gg_net_lending_gdp,2017-12-31,-2.5,2026-10-07
GB.gg_net_lending_gdp.IMF_WEO,GB,gg_net_lending_gdp,2018-12-31,-2.2,2026-10-07
GB.gg_net_lending_gdp.IMF_WEO,GB,gg_net_lending_gdp,2019-12-31,-2.4,2026-10-07
GB.gg_net_lending_gdp.IMF_WEO,GB,gg_net_lending_gdp,2020-12-31,-12.9,2026-10-07
GB.gg_net_lending_gdp.IMF_WEO,GB,gg_net_lending_gdp,2021-12-31,-7.5,2026-10-07
GB.gg_net_lending_gdp.IMF_WEO,GB,gg_net_lending_gdp,2022-12-31,-4.6,2026-10-07
GB.gg_net_lending_gdp.IMF_WEO,GB,gg_net_lending_gdp,2023-12-31,-6.0,2026-10-07
GB.gg_net_lending_gdp.IMF_WEO,GB,gg_net_lending_gdp,2024-12-31,-6.1,2026-10-07
GB.gg_net_lending_gdp.IMF_WEO,GB,gg_net_lending_gdp,2025-12-31,-5.4,2026-10-07
GB.gg_revenue_gdp.IMF_WEO,GB,gg_revenue_gdp,1830-12-31,12.283900260925,2026-10-07
GB.gg_revenue_gdp.IMF_WEO,GB,gg_revenue_gdp,1831-12-31,11.54109954834,2026-10-07
GB.gg_revenue_gdp.IMF_WEO,GB,gg_revenue_gdp,1832-12-31,12.180600166321,2026-10-07
GB.gg_revenue_gdp.IMF_WEO,GB,gg_revenue_gdp,1833-12-31,12.135899543762,2026-10-07
GB.gg_revenue_gdp.IMF_WEO,GB,gg_revenue_gdp,1834-12-31,11.358499526978,2026-10-07
GB.gg_revenue_gdp.IMF_WEO,GB,gg_revenue_gdp,1835-12-31,10.615699768066,2026-10-07
GB.gg_revenue_gdp.IMF_WEO,GB,gg_revenue_gdp,1836-12-31,10.441300392151,2026-10-07
GB.gg_revenue_gdp.IMF_WEO,GB,gg_revenue_gdp,1837-12-31,10.326299667358,2026-10-07
GB.gg_revenue_gdp.IMF_WEO,GB,gg_revenue_gdp,1838-12-31,9.8171300888062,2026-10-07
GB.gg_revenue_gdp.IMF_WEO,GB,gg_revenue_gdp,1839-12-31,9.4648704528809,2026-10-07
GB.gg_revenue_gdp.IMF_WEO,GB,gg_revenue_gdp,1840-12-31,10.198100090027,2026-10-07
GB.gg_revenue_gdp.IMF_WEO,GB,gg_revenue_gdp,1841-12-31,10.804100036621,2026-10-07
GB.gg_revenue_gdp.IMF_WEO,GB,gg_revenue_gdp,1842-12-31,11.10389995575,2026-10-07
GB.gg_revenue_gdp.IMF_WEO,GB,gg_revenue_gdp,1843-12-31,12.426400184631,2026-10-07
GB.gg_revenue_gdp.IMF_WEO,GB,gg_revenue_gdp,1844-12-31,11.464699745178,2026-10-07
GB.gg_revenue_gdp.IMF_WEO,GB,gg_revenue_gdp,1845-12-31,10.616499900818,2026-10-07
GB.gg_revenue_gdp.IMF_WEO,GB,gg_revenue_gdp,1846-12-31,9.9982795715332,2026-10-07
GB.gg_revenue_gdp.IMF_WEO,GB,gg_revenue_gdp,1847-12-31,3.6447999477386,2026-10-07
GB.gg_revenue_gdp.IMF_WEO,GB,gg_revenue_gdp,1848-12-31,10.005200386047,2026-10-07
GB.gg_revenue_gdp.IMF_WEO,GB,gg_revenue_gdp,1849-12-31,9.6988296508789,2026-10-07
GB.gg_revenue_gdp.IMF_WEO,GB,gg_revenue_gdp,1850-12-31,10.668199539185,2026-10-07
GB.gg_revenue_gdp.IMF_WEO,GB,gg_revenue_gdp,1851-12-31,9.9097499847412,2026-10-07
GB.gg_revenue_gdp.IMF_WEO,GB,gg_revenue_gdp,1852-12-31,9.9650402069092,2026-10-07
GB.gg_revenue_gdp.IMF_WEO,GB,gg_revenue_gdp,1853-12-31,9.9291000366211,2026-10-07
GB.gg_revenue_gdp.IMF_WEO,GB,gg_revenue_gdp,1854-12-31,10.015399932861,2026-10-07
GB.gg_revenue_gdp.IMF_WEO,GB,gg_revenue_gdp,1855-12-31,10.854000091553,2026-10-07
GB.gg_revenue_gdp.IMF_WEO,GB,gg_revenue_gdp,1856-12-31,10.716300010681,2026-10-07
GB.gg_revenue_gdp.IMF_WEO,GB,gg_revenue_gdp,1857-12-31,10.031700134277,2026-10-07
GB.gg_revenue_gdp.IMF_WEO,GB,gg_revenue_gdp,1858-12-31,9.8930501937866,2026-10-07
GB.gg_revenue_gdp.IMF_WEO,GB,gg_revenue_gdp,1859-12-31,10.176600456238,2026-10-07
GB.gg_revenue_gdp.IMF_WEO,GB,gg_revenue_gdp,1860-12-31,10.031000137329,2026-10-07
GB.gg_revenue_gdp.IMF_WEO,GB,gg_revenue_gdp,1861-12-31,9.2896995544434,2026-10-07
GB.gg_revenue_gdp.IMF_WEO,GB,gg_revenue_gdp,1862-12-31,9.1422395706177,2026-10-07
GB.gg_revenue_gdp.IMF_WEO,GB,gg_revenue_gdp,1863-12-31,8.5355501174927,2026-10-07
GB.gg_revenue_gdp.IMF_WEO,GB,gg_revenue_gdp,1864-12-31,8.2673902511597,2026-10-07
GB.gg_revenue_gdp.IMF_WEO,GB,gg_revenue_gdp,1865-12-31,7.5988898277283,2026-10-07
GB.gg_revenue_gdp.IMF_WEO,GB,gg_revenue_gdp,1866-12-31,7.5597901344299,2026-10-07
GB.gg_revenue_gdp.IMF_WEO,GB,gg_revenue_gdp,1867-12-31,7.6618299484253,2026-10-07
GB.gg_revenue_gdp.IMF_WEO,GB,gg_revenue_gdp,1868-12-31,8.0088596343994,2026-10-07
GB.gg_revenue_gdp.IMF_WEO,GB,gg_revenue_gdp,1869-12-31,8.1904697418213,2026-10-07
GB.gg_revenue_gdp.IMF_WEO,GB,gg_revenue_gdp,1870-12-31,7.0292801856995,2026-10-07
GB.gg_revenue_gdp.IMF_WEO,GB,gg_revenue_gdp,1871-12-31,7.0923399925232,2026-10-07
GB.gg_revenue_gdp.IMF_WEO,GB,gg_revenue_gdp,1872-12-31,6.8607702255249,2026-10-07
GB.gg_revenue_gdp.IMF_WEO,GB,gg_revenue_gdp,1873-12-31,6.3343501091003,2026-10-07
GB.gg_revenue_gdp.IMF_WEO,GB,gg_revenue_gdp,1874-12-31,6.4120898246765,2026-10-07
GB.gg_revenue_gdp.IMF_WEO,GB,gg_revenue_gdp,1875-12-31,6.6306600570679,2026-10-07
GB.gg_revenue_gdp.IMF_WEO,GB,gg_revenue_gdp,1876-12-31,6.9485301971436,2026-10-07
GB.gg_revenue_gdp.IMF_WEO,GB,gg_revenue_gdp,1877-12-31,7.06422996521,2026-10-07
GB.gg_revenue_gdp.IMF_WEO,GB,gg_revenue_gdp,1878-12-31,7.4710302352905,2026-10-07
GB.gg_revenue_gdp.IMF_WEO,GB,gg_revenue_gdp,1879-12-31,6.9772901535034,2026-10-07
GB.gg_revenue_gdp.IMF_WEO,GB,gg_revenue_gdp,1880-12-31,6.3145699501038,2026-10-07
GB.gg_revenue_gdp.IMF_WEO,GB,gg_revenue_gdp,1881-12-31,6.8739800453186,2026-10-07
GB.gg_revenue_gdp.IMF_WEO,GB,gg_revenue_gdp,1882-12-31,7.0257201194763,2026-10-07
GB.gg_revenue_gdp.IMF_WEO,GB,gg_revenue_gdp,1883-12-31,6.5551300048828,2026-10-07
GB.gg_revenue_gdp.IMF_WEO,GB,gg_revenue_gdp,1884-12-31,6.8376097679138,2026-10-07
GB.gg_revenue_gdp.IMF_WEO,GB,gg_revenue_gdp,1885-12-31,7.2964200973511,2026-10-07
GB.gg_revenue_gdp.IMF_WEO,GB,gg_revenue_gdp,1886-12-31,7.3941397666931,2026-10-07
GB.gg_revenue_gdp.IMF_WEO,GB,gg_revenue_gdp,1887-12-31,7.1156902313232,2026-10-07
GB.gg_revenue_gdp.IMF_WEO,GB,gg_revenue_gdp,1888-12-31,7.0676097869873,2026-10-07
GB.gg_revenue_gdp.IMF_WEO,GB,gg_revenue_gdp,1889-12-31,7.1127800941467,2026-10-07
GB.gg_revenue_gdp.IMF_WEO,GB,gg_revenue_gdp,1890-12-31,7.0284099578857,2026-10-07
GB.gg_revenue_gdp.IMF_WEO,GB,gg_revenue_gdp,1891-12-31,7.0478901863098,2026-10-07
GB.gg_revenue_gdp.IMF_WEO,GB,gg_revenue_gdp,1892-12-31,7.0186800956726,2026-10-07
GB.gg_revenue_gdp.IMF_WEO,GB,gg_revenue_gdp,1893-12-31,7.2512898445129,2026-10-07
GB.gg_revenue_gdp.IMF_WEO,GB,gg_revenue_gdp,1894-12-31,7.0990200042725,2026-10-07
GB.gg_revenue_gdp.IMF_WEO,GB,gg_revenue_gdp,1895-12-31,7.602499961853,2026-10-07
GB.gg_revenue_gdp.IMF_WEO,GB,gg_revenue_gdp,1896-12-31,7.3881602287292,2026-10-07
GB.gg_revenue_gdp.IMF_WEO,GB,gg_revenue_gdp,1897-12-31,7.7091598510742,2026-10-07
GB.gg_revenue_gdp.IMF_WEO,GB,gg_revenue_gdp,1898-12-31,7.2957901954651,2026-10-07
GB.gg_revenue_gdp.IMF_WEO,GB,gg_revenue_gdp,1899-12-31,7.4228601455688,2026-10-07
GB.gg_revenue_gdp.IMF_WEO,GB,gg_revenue_gdp,1900-12-31,7.8149399757385,2026-10-07
GB.gg_revenue_gdp.IMF_WEO,GB,gg_revenue_gdp,1901-12-31,7.9822301864624,2026-10-07
GB.gg_revenue_gdp.IMF_WEO,GB,gg_revenue_gdp,1902-12-31,8.7001104354858,2026-10-07
GB.gg_revenue_gdp.IMF_WEO,GB,gg_revenue_gdp,1903-12-31,8.2138996124268,2026-10-07
GB.gg_revenue_gdp.IMF_WEO,GB,gg_revenue_gdp,1904-12-31,8.1663103103638,2026-10-07
GB.gg_revenue_gdp.IMF_WEO,GB,gg_revenue_gdp,1905-12-31,7.9493799209595,2026-10-07
GB.gg_revenue_gdp.IMF_WEO,GB,gg_revenue_gdp,1906-12-31,7.9202899932861,2026-10-07
GB.gg_revenue_gdp.IMF_WEO,GB,gg_revenue_gdp,1907-12-31,7.8367500305176,2026-10-07
GB.gg_revenue_gdp.IMF_WEO,GB,gg_revenue_gdp,1908-12-31,7.6681799888611,2026-10-07
GB.gg_revenue_gdp.IMF_WEO,GB,gg_revenue_gdp,1909-12-31,6.5489802360535,2026-10-07
GB.gg_revenue_gdp.IMF_WEO,GB,gg_revenue_gdp,1910-12-31,9.9366502761841,2026-10-07
GB.gg_revenue_gdp.IMF_WEO,GB,gg_revenue_gdp,1911-12-31,8.557559967041,2026-10-07
GB.gg_revenue_gdp.IMF_WEO,GB,gg_revenue_gdp,1912-12-31,8.5584802627563,2026-10-07
GB.gg_revenue_gdp.IMF_WEO,GB,gg_revenue_gdp,1913-12-31,8.4197101593018,2026-10-07
GB.gg_revenue_gdp.IMF_WEO,GB,gg_revenue_gdp,1914-12-31,9.9815397262573,2026-10-07
GB.gg_revenue_gdp.IMF_WEO,GB,gg_revenue_gdp,1915-12-31,12.292900085449,2026-10-07
GB.gg_revenue_gdp.IMF_WEO,GB,gg_revenue_gdp,1916-12-31,17.835899353027,2026-10-07
GB.gg_revenue_gdp.IMF_WEO,GB,gg_revenue_gdp,1917-12-31,17.348899841309,2026-10-07
GB.gg_revenue_gdp.IMF_WEO,GB,gg_revenue_gdp,1918-12-31,18.099300384521,2026-10-07
GB.gg_revenue_gdp.IMF_WEO,GB,gg_revenue_gdp,1919-12-31,25.802400588989,2026-10-07
GB.gg_revenue_gdp.IMF_WEO,GB,gg_revenue_gdp,1920-12-31,25.160900115967,2026-10-07
GB.gg_revenue_gdp.IMF_WEO,GB,gg_revenue_gdp,1921-12-31,23.583200454712,2026-10-07
GB.gg_revenue_gdp.IMF_WEO,GB,gg_revenue_gdp,1922-12-31,21.956100463867,2026-10-07
GB.gg_revenue_gdp.IMF_WEO,GB,gg_revenue_gdp,1923-12-31,21.177200317383,2026-10-07
GB.gg_revenue_gdp.IMF_WEO,GB,gg_revenue_gdp,1924-12-31,19.777700424194,2026-10-07
GB.gg_revenue_gdp.IMF_WEO,GB,gg_revenue_gdp,1925-12-31,18.946199417114,2026-10-07
GB.gg_revenue_gdp.IMF_WEO,GB,gg_revenue_gdp,1926-12-31,19.987100601196,2026-10-07
GB.gg_revenue_gdp.IMF_WEO,GB,gg_revenue_gdp,1927-12-31,19.833499908447,2026-10-07
GB.gg_revenue_gdp.IMF_WEO,GB,gg_revenue_gdp,1928-12-31,19.553800582886,2026-10-07
GB.gg_revenue_gdp.IMF_WEO,GB,gg_revenue_gdp,1929-12-31,18.560499191284,2026-10-07
GB.gg_revenue_gdp.IMF_WEO,GB,gg_revenue_gdp,1930-12-31,19.675100326538,2026-10-07
GB.gg_revenue_gdp.IMF_WEO,GB,gg_revenue_gdp,1931-12-31,21.251300811768,2026-10-07
GB.gg_revenue_gdp.IMF_WEO,GB,gg_revenue_gdp,1932-12-31,21.186700820923,2026-10-07
GB.gg_revenue_gdp.IMF_WEO,GB,gg_revenue_gdp,1933-12-31,20.560899734497,2026-10-07
GB.gg_revenue_gdp.IMF_WEO,GB,gg_revenue_gdp,1934-12-31,19.236600875854,2026-10-07
GB.gg_revenue_gdp.IMF_WEO,GB,gg_revenue_gdp,1935-12-31,19.321599960327,2026-10-07
GB.gg_revenue_gdp.IMF_WEO,GB,gg_revenue_gdp,1936-12-31,19.613399505615,2026-10-07
GB.gg_revenue_gdp.IMF_WEO,GB,gg_revenue_gdp,1937-12-31,19.344400405884,2026-10-07
GB.gg_revenue_gdp.IMF_WEO,GB,gg_revenue_gdp,1938-12-31,19.468399047852,2026-10-07
GB.gg_revenue_gdp.IMF_WEO,GB,gg_revenue_gdp,1939-12-31,17.32200050354,2026-10-07
GB.gg_revenue_gdp.IMF_WEO,GB,gg_revenue_gdp,1940-12-31,16.280199050903,2026-10-07
GB.gg_revenue_gdp.IMF_WEO,GB,gg_revenue_gdp,1941-12-31,18.568500518799,2026-10-07
GB.gg_revenue_gdp.IMF_WEO,GB,gg_revenue_gdp,1942-12-31,25.053899765015,2026-10-07
GB.gg_revenue_gdp.IMF_WEO,GB,gg_revenue_gdp,1943-12-31,28.957599639893,2026-10-07
GB.gg_revenue_gdp.IMF_WEO,GB,gg_revenue_gdp,1944-12-31,33.256698608398,2026-10-07
GB.gg_revenue_gdp.IMF_WEO,GB,gg_revenue_gdp,1945-12-31,35.995300292969,2026-10-07
GB.gg_revenue_gdp.IMF_WEO,GB,gg_revenue_gdp,1946-12-31,38.247100830078,2026-10-07
GB.gg_revenue_gdp.IMF_WEO,GB,gg_revenue_gdp,1947-12-31,34.728000640869,2026-10-07
GB.gg_revenue_gdp.IMF_WEO,GB,gg_revenue_gdp,1948-12-31,36.268100738525,2026-10-07
GB.gg_revenue_gdp.IMF_WEO,GB,gg_revenue_gdp,1949-12-31,35.613800048828,2026-10-07
GB.gg_revenue_gdp.IMF_WEO,GB,gg_revenue_gdp,1950-12-31,33.494800567627,2026-10-07
GB.gg_revenue_gdp.IMF_WEO,GB,gg_revenue_gdp,1951-12-31,30.785200119019,2026-10-07
GB.gg_revenue_gdp.IMF_WEO,GB,gg_revenue_gdp,1952-12-31,31.608800888062,2026-10-07
GB.gg_revenue_gdp.IMF_WEO,GB,gg_revenue_gdp,1953-12-31,29.797899246216,2026-10-07
GB.gg_revenue_gdp.IMF_WEO,GB,gg_revenue_gdp,1954-12-31,32.821399688721,2026-10-07
GB.gg_revenue_gdp.IMF_WEO,GB,gg_revenue_gdp,1955-12-31,28.22859954834,2026-10-07
GB.gg_revenue_gdp.IMF_WEO,GB,gg_revenue_gdp,1956-12-31,31.572799682617,2026-10-07
GB.gg_revenue_gdp.IMF_WEO,GB,gg_revenue_gdp,1957-12-31,31.578699111938,2026-10-07
GB.gg_revenue_gdp.IMF_WEO,GB,gg_revenue_gdp,1958-12-31,32.109798431396,2026-10-07
GB.gg_revenue_gdp.IMF_WEO,GB,gg_revenue_gdp,1959-12-31,32.031398773193,2026-10-07
GB.gg_revenue_gdp.IMF_WEO,GB,gg_revenue_gdp,1960-12-31,30.383699417114,2026-10-07
GB.gg_revenue_gdp.IMF_WEO,GB,gg_revenue_gdp,1961-12-31,32.043201446533,2026-10-07
GB.gg_revenue_gdp.IMF_WEO,GB,gg_revenue_gdp,1962-12-31,33.299900054932,2026-10-07
GB.gg_revenue_gdp.IMF_WEO,GB,gg_revenue_gdp,1963-12-31,31.954599380493,2026-10-07
GB.gg_revenue_gdp.IMF_WEO,GB,gg_revenue_gdp,1964-12-31,31.024200439453,2026-10-07
GB.gg_revenue_gdp.IMF_WEO,GB,gg_revenue_gdp,1965-12-31,32.511699676514,2026-10-07
GB.gg_revenue_gdp.IMF_WEO,GB,gg_revenue_gdp,1966-12-31,34.132499694824,2026-10-07
GB.gg_revenue_gdp.IMF_WEO,GB,gg_revenue_gdp,1967-12-31,35.50479888916,2026-10-07
GB.gg_revenue_gdp.IMF_WEO,GB,gg_revenue_gdp,1968-12-31,38.046199798584,2026-10-07
GB.gg_revenue_gdp.IMF_WEO,GB,gg_revenue_gdp,1969-12-31,40.241298675537,2026-10-07
GB.gg_revenue_gdp.IMF_WEO,GB,gg_revenue_gdp,1970-12-31,44.607398986816,2026-10-07
GB.gg_revenue_gdp.IMF_WEO,GB,gg_revenue_gdp,1971-12-31,42.672798156738,2026-10-07
GB.gg_revenue_gdp.IMF_WEO,GB,gg_revenue_gdp,1972-12-31,40.619201660156,2026-10-07
GB.gg_revenue_gdp.IMF_WEO,GB,gg_revenue_gdp,1973-12-31,39.216400146484,2026-10-07
GB.gg_revenue_gdp.IMF_WEO,GB,gg_revenue_gdp,1974-12-31,43.720600128174,2026-10-07
GB.gg_revenue_gdp.IMF_WEO,GB,gg_revenue_gdp,1975-12-31,43.998199462891,2026-10-07
GB.gg_revenue_gdp.IMF_WEO,GB,gg_revenue_gdp,1976-12-31,43.599899291992,2026-10-07
GB.gg_revenue_gdp.IMF_WEO,GB,gg_revenue_gdp,1977-12-31,42.358200073242,2026-10-07
GB.gg_revenue_gdp.IMF_WEO,GB,gg_revenue_gdp,1978-12-31,39.534599304199,2026-10-07
GB.gg_revenue_gdp.IMF_WEO,GB,gg_revenue_gdp,1979-12-31,39.34529876709,2026-10-07
GB.gg_revenue_gdp.IMF_WEO,GB,gg_revenue_gdp,1980-12-31,41.980400085449,2026-10-07
GB.gg_revenue_gdp.IMF_WEO,GB,gg_revenue_gdp,1981-12-31,44.166000366211,2026-10-07
GB.gg_revenue_gdp.IMF_WEO,GB,gg_revenue_gdp,1982-12-31,45.092700958252,2026-10-07
GB.gg_revenue_gdp.IMF_WEO,GB,gg_revenue_gdp,1983-12-31,44.116600036621,2026-10-07
GB.gg_revenue_gdp.IMF_WEO,GB,gg_revenue_gdp,1984-12-31,43.887100219727,2026-10-07
GB.gg_revenue_gdp.IMF_WEO,GB,gg_revenue_gdp,1985-12-31,43.123901367188,2026-10-07
GB.gg_revenue_gdp.IMF_WEO,GB,gg_revenue_gdp,1986-12-31,42.076400756836,2026-10-07
GB.gg_revenue_gdp.IMF_WEO,GB,gg_revenue_gdp,1987-12-31,40.882099151611,2026-10-07
GB.gg_revenue_gdp.IMF_WEO,GB,gg_revenue_gdp,1988-12-31,40.728099822998,2026-10-07
GB.gg_revenue_gdp.IMF_WEO,GB,gg_revenue_gdp,1989-12-31,40.446998596191,2026-10-07
GB.gg_revenue_gdp.IMF_WEO,GB,gg_revenue_gdp,1990-12-31,39.307300567627,2026-10-07
GB.gg_revenue_gdp.IMF_WEO,GB,gg_revenue_gdp,1991-12-31,39.617198944092,2026-10-07
GB.gg_revenue_gdp.IMF_WEO,GB,gg_revenue_gdp,1992-12-31,38.493801116943,2026-10-07
GB.gg_revenue_gdp.IMF_WEO,GB,gg_revenue_gdp,1993-12-31,37.074199676514,2026-10-07
GB.gg_revenue_gdp.IMF_WEO,GB,gg_revenue_gdp,1994-12-31,37.57740020752,2026-10-07
GB.gg_revenue_gdp.IMF_WEO,GB,gg_revenue_gdp,1995-12-31,37.987098693848,2026-10-07
GB.gg_revenue_gdp.IMF_WEO,GB,gg_revenue_gdp,1996-12-31,38.015399932861,2026-10-07
GB.gg_revenue_gdp.IMF_WEO,GB,gg_revenue_gdp,1997-12-31,38.338798522949,2026-10-07
GB.gg_revenue_gdp.IMF_WEO,GB,gg_revenue_gdp,1998-12-31,39.360698699951,2026-10-07
GB.gg_revenue_gdp.IMF_WEO,GB,gg_revenue_gdp,1999-12-31,39.793598175049,2026-10-07
GB.gg_revenue_gdp.IMF_WEO,GB,gg_revenue_gdp,2000-12-31,40.353298187256,2026-10-07
GB.gg_revenue_gdp.IMF_WEO,GB,gg_revenue_gdp,2001-12-31,40.650798797607,2026-10-07
GB.gg_revenue_gdp.IMF_WEO,GB,gg_revenue_gdp,2002-12-31,39.023998260498,2026-10-07
GB.gg_revenue_gdp.IMF_WEO,GB,gg_revenue_gdp,2003-12-31,38.720500946045,2026-10-07
GB.gg_revenue_gdp.IMF_WEO,GB,gg_revenue_gdp,2004-12-31,39.492698669434,2026-10-07
GB.gg_revenue_gdp.IMF_WEO,GB,gg_revenue_gdp,2005-12-31,40.671798706055,2026-10-07
GB.gg_revenue_gdp.IMF_WEO,GB,gg_revenue_gdp,2006-12-31,41.454200744629,2026-10-07
GB.gg_revenue_gdp.IMF_WEO,GB,gg_revenue_gdp,2007-12-31,41.142601013184,2026-10-07
GB.gg_revenue_gdp.IMF_WEO,GB,gg_revenue_gdp,2008-12-31,42.853199005127,2026-10-07
GB.gg_revenue_gdp.IMF_WEO,GB,gg_revenue_gdp,2009-12-31,40.0625,2026-10-07
GB.gg_revenue_gdp.IMF_WEO,GB,gg_revenue_gdp,2010-12-31,40.281299591064,2026-10-07
GB.gg_revenue_gdp.IMF_WEO,GB,gg_revenue_gdp,2011-12-31,36.12538268605,2026-10-07
GB.gg_revenue_gdp.IMF_WEO,GB,gg_revenue_gdp,2012-12-31,36.103552807789,2026-10-07
GB.gg_revenue_gdp.IMF_WEO,GB,gg_revenue_gdp,2013-12-31,36.496083612474,2026-10-07
GB.gg_revenue_gdp.IMF_WEO,GB,gg_revenue_gdp,2014-12-31,35.655356147659,2026-10-07
GB.gg_revenue_gdp.IMF_WEO,GB,gg_revenue_gdp,2015-12-31,35.831023073379,2026-10-07
GB.gg_revenue_gdp.IMF_WEO,GB,gg_revenue_gdp,2016-12-31,36.319876283173,2026-10-07
GB.gg_revenue_gdp.IMF_WEO,GB,gg_revenue_gdp,2017-12-31,36.663750274912,2026-10-07
GB.gg_revenue_gdp.IMF_WEO,GB,gg_revenue_gdp,2018-12-31,36.601102818189,2026-10-07
GB.gg_revenue_gdp.IMF_WEO,GB,gg_revenue_gdp,2019-12-31,36.290943144364,2026-10-07
GB.gg_revenue_gdp.IMF_WEO,GB,gg_revenue_gdp,2020-12-31,36.813746323959,2026-10-07
GB.gg_revenue_gdp.IMF_WEO,GB,gg_revenue_gdp,2021-12-31,38.028572678743,2026-10-07
GB.gg_revenue_gdp.IMF_WEO,GB,gg_revenue_gdp,2022-12-31,39.542904052678,2026-10-07
GB.gg_revenue_gdp.IMF_WEO,GB,gg_revenue_gdp,2023-12-31,38.775111252091,2026-10-07
GB.gg_revenue_gdp.IMF_WEO,GB,gg_revenue_gdp,2024-12-31,38.291098282035,2026-10-07
GB.rgdp_growth.IMF_WEO,GB,rgdp_growth,1980-12-31,-2.0,2026-10-07
GB.rgdp_growth.IMF_WEO,GB,rgdp_growth,1981-12-31,-0.6,2026-10-07
GB.rgdp_growth.IMF_WEO,GB,rgdp_growth,1982-12-31,2.0,2026-10-07
GB.rgdp_growth.IMF_WEO,GB,rgdp_growth,1983-12-31,4.2,2026-10-07
GB.rgdp_growth.IMF_WEO,GB,rgdp_growth,1984-12-31,2.2,2026-10-07
GB.rgdp_growth.IMF_WEO,GB,rgdp_growth,1985-12-31,4.1,2026-10-07
GB.rgdp_growth.IMF_WEO,GB,rgdp_growth,1986-12-31,3.1,2026-10-07
GB.rgdp_growth.IMF_WEO,GB,rgdp_growth,1987-12-31,5.5,2026-10-07
GB.rgdp_growth.IMF_WEO,GB,rgdp_growth,1988-12-31,5.4,2026-10-07
GB.rgdp_growth.IMF_WEO,GB,rgdp_growth,1989-12-31,2.4,2026-10-07
GB.rgdp_growth.IMF_WEO,GB,rgdp_growth,1990-12-31,0.6,2026-10-07
GB.rgdp_growth.IMF_WEO,GB,rgdp_growth,1991-12-31,-1.4,2026-10-07
GB.rgdp_growth.IMF_WEO,GB,rgdp_growth,1992-12-31,0.3,2026-10-07
GB.rgdp_growth.IMF_WEO,GB,rgdp_growth,1993-12-31,2.3,2026-10-07
GB.rgdp_growth.IMF_WEO,GB,rgdp_growth,1994-12-31,3.4,2026-10-07
GB.rgdp_growth.IMF_WEO,GB,rgdp_growth,1995-12-31,2.4,2026-10-07
GB.rgdp_growth.IMF_WEO,GB,rgdp_growth,1996-12-31,2.6,2026-10-07
GB.rgdp_growth.IMF_WEO,GB,rgdp_growth,1997-12-31,4.9,2026-10-07
GB.rgdp_growth.IMF_WEO,GB,rgdp_growth,1998-12-31,3.2,2026-10-07
GB.rgdp_growth.IMF_WEO,GB,rgdp_growth,1999-12-31,2.9,2026-10-07
GB.rgdp_growth.IMF_WEO,GB,rgdp_growth,2000-12-31,4.5,2026-10-07
GB.rgdp_growth.IMF_WEO,GB,rgdp_growth,2001-12-31,2.4,2026-10-07
GB.rgdp_growth.IMF_WEO,GB,rgdp_growth,2002-12-31,1.7,2026-10-07
GB.rgdp_growth.IMF_WEO,GB,rgdp_growth,2003-12-31,3.2,2026-10-07
GB.rgdp_growth.IMF_WEO,GB,rgdp_growth,2004-12-31,2.3,2026-10-07
GB.rgdp_growth.IMF_WEO,GB,rgdp_growth,2005-12-31,2.8,2026-10-07
GB.rgdp_growth.IMF_WEO,GB,rgdp_growth,2006-12-31,2.2,2026-10-07
GB.rgdp_growth.IMF_WEO,GB,rgdp_growth,2007-12-31,2.9,2026-10-07
GB.rgdp_growth.IMF_WEO,GB,rgdp_growth,2008-12-31,0.0,2026-10-07
GB.rgdp_growth.IMF_WEO,GB,rgdp_growth,2009-12-31,-4.6,2026-10-07
GB.rgdp_growth.IMF_WEO,GB,rgdp_growth,2010-12-31,2.3,2026-10-07
GB.rgdp_growth.IMF_WEO,GB,rgdp_growth,2011-12-31,0.9,2026-10-07
GB.rgdp_growth.IMF_WEO,GB,rgdp_growth,2012-12-31,1.5,2026-10-07
GB.rgdp_growth.IMF_WEO,GB,rgdp_growth,2013-12-31,1.7,2026-10-07
GB.rgdp_growth.IMF_WEO,GB,rgdp_growth,2014-12-31,3.2,2026-10-07
GB.rgdp_growth.IMF_WEO,GB,rgdp_growth,2015-12-31,2.1,2026-10-07
GB.rgdp_growth.IMF_WEO,GB,rgdp_growth,2016-12-31,2.2,2026-10-07
GB.rgdp_growth.IMF_WEO,GB,rgdp_growth,2017-12-31,3.0,2026-10-07
GB.rgdp_growth.IMF_WEO,GB,rgdp_growth,2018-12-31,1.6,2026-10-07
GB.rgdp_growth.IMF_WEO,GB,rgdp_growth,2019-12-31,1.3,2026-10-07
GB.rgdp_growth.IMF_WEO,GB,rgdp_growth,2020-12-31,-10.0,2026-10-07
GB.rgdp_growth.IMF_WEO,GB,rgdp_growth,2021-12-31,8.5,2026-10-07
GB.rgdp_growth.IMF_WEO,GB,rgdp_growth,2022-12-31,5.1,2026-10-07
GB.rgdp_growth.IMF_WEO,GB,rgdp_growth,2023-12-31,0.3,2026-10-07
GB.rgdp_growth.IMF_WEO,GB,rgdp_growth,2024-12-31,1.1,2026-10-07
GB.rgdp_growth.IMF_WEO,GB,rgdp_growth,2025-12-31,1.3,2026-10-07
GR.cpi_yoy.IMF_WEO,GR,cpi_yoy,1980-12-31,24.9,2026-10-07
GR.cpi_yoy.IMF_WEO,GR,cpi_yoy,1981-12-31,24.5,2026-10-07
GR.cpi_yoy.IMF_WEO,GR,cpi_yoy,1982-12-31,21.1,2026-10-07
GR.cpi_yoy.IMF_WEO,GR,cpi_yoy,1983-12-31,20.2,2026-10-07
GR.cpi_yoy.IMF_WEO,GR,cpi_yoy,1984-12-31,18.5,2026-10-07
GR.cpi_yoy.IMF_WEO,GR,cpi_yoy,1985-12-31,19.3,2026-10-07
GR.cpi_yoy.IMF_WEO,GR,cpi_yoy,1986-12-31,23.0,2026-10-07
GR.cpi_yoy.IMF_WEO,GR,cpi_yoy,1987-12-31,16.4,2026-10-07
GR.cpi_yoy.IMF_WEO,GR,cpi_yoy,1988-12-31,13.5,2026-10-07
GR.cpi_yoy.IMF_WEO,GR,cpi_yoy,1989-12-31,13.7,2026-10-07
GR.cpi_yoy.IMF_WEO,GR,cpi_yoy,1990-12-31,20.4,2026-10-07
GR.cpi_yoy.IMF_WEO,GR,cpi_yoy,1991-12-31,19.5,2026-10-07
GR.cpi_yoy.IMF_WEO,GR,cpi_yoy,1992-12-31,15.9,2026-10-07
GR.cpi_yoy.IMF_WEO,GR,cpi_yoy,1993-12-31,14.4,2026-10-07
GR.cpi_yoy.IMF_WEO,GR,cpi_yoy,1994-12-31,10.9,2026-10-07
GR.cpi_yoy.IMF_WEO,GR,cpi_yoy,1995-12-31,8.8,2026-10-07
GR.cpi_yoy.IMF_WEO,GR,cpi_yoy,1996-12-31,7.9,2026-10-07
GR.cpi_yoy.IMF_WEO,GR,cpi_yoy,1997-12-31,5.4,2026-10-07
GR.cpi_yoy.IMF_WEO,GR,cpi_yoy,1998-12-31,4.5,2026-10-07
GR.cpi_yoy.IMF_WEO,GR,cpi_yoy,1999-12-31,2.1,2026-10-07
GR.cpi_yoy.IMF_WEO,GR,cpi_yoy,2000-12-31,2.9,2026-10-07
GR.cpi_yoy.IMF_WEO,GR,cpi_yoy,2001-12-31,3.6,2026-10-07
GR.cpi_yoy.IMF_WEO,GR,cpi_yoy,2002-12-31,3.9,2026-10-07
GR.cpi_yoy.IMF_WEO,GR,cpi_yoy,2003-12-31,3.5,2026-10-07
GR.cpi_yoy.IMF_WEO,GR,cpi_yoy,2004-12-31,3.0,2026-10-07
GR.cpi_yoy.IMF_WEO,GR,cpi_yoy,2005-12-31,3.5,2026-10-07
GR.cpi_yoy.IMF_WEO,GR,cpi_yoy,2006-12-31,3.3,2026-10-07
GR.cpi_yoy.IMF_WEO,GR,cpi_yoy,2007-12-31,3.0,2026-10-07
GR.cpi_yoy.IMF_WEO,GR,cpi_yoy,2008-12-31,4.2,2026-10-07
GR.cpi_yoy.IMF_WEO,GR,cpi_yoy,2009-12-31,1.3,2026-10-07
GR.cpi_yoy.IMF_WEO,GR,cpi_yoy,2010-12-31,4.7,2026-10-07
GR.cpi_yoy.IMF_WEO,GR,cpi_yoy,2011-12-31,3.1,2026-10-07
GR.cpi_yoy.IMF_WEO,GR,cpi_yoy,2012-12-31,1.0,2026-10-07
GR.cpi_yoy.IMF_WEO,GR,cpi_yoy,2013-12-31,-0.9,2026-10-07
GR.cpi_yoy.IMF_WEO,GR,cpi_yoy,2014-12-31,-1.4,2026-10-07
GR.cpi_yoy.IMF_WEO,GR,cpi_yoy,2015-12-31,-1.1,2026-10-07
GR.cpi_yoy.IMF_WEO,GR,cpi_yoy,2016-12-31,0.0,2026-10-07
GR.cpi_yoy.IMF_WEO,GR,cpi_yoy,2017-12-31,1.1,2026-10-07
GR.cpi_yoy.IMF_WEO,GR,cpi_yoy,2018-12-31,0.8,2026-10-07
GR.cpi_yoy.IMF_WEO,GR,cpi_yoy,2019-12-31,0.5,2026-10-07
GR.cpi_yoy.IMF_WEO,GR,cpi_yoy,2020-12-31,-1.3,2026-10-07
GR.cpi_yoy.IMF_WEO,GR,cpi_yoy,2021-12-31,0.6,2026-10-07
GR.cpi_yoy.IMF_WEO,GR,cpi_yoy,2022-12-31,9.3,2026-10-07
GR.cpi_yoy.IMF_WEO,GR,cpi_yoy,2023-12-31,4.2,2026-10-07
GR.cpi_yoy.IMF_WEO,GR,cpi_yoy,2024-12-31,3.0,2026-10-07
GR.cpi_yoy.IMF_WEO,GR,cpi_yoy,2025-12-31,2.9,2026-10-07
GR.gg_debt_gdp.IMF_WEO,GR,gg_debt_gdp,1980-12-31,22.8,2026-10-07
GR.gg_debt_gdp.IMF_WEO,GR,gg_debt_gdp,1981-12-31,27.1,2026-10-07
GR.gg_debt_gdp.IMF_WEO,GR,gg_debt_gdp,1982-12-31,29.7,2026-10-07
GR.gg_debt_gdp.IMF_WEO,GR,gg_debt_gdp,1983-12-31,34.1,2026-10-07
GR.gg_debt_gdp.IMF_WEO,GR,gg_debt_gdp,1984-12-31,40.6,2026-10-07
GR.gg_debt_gdp.IMF_WEO,GR,gg_debt_gdp,1985-12-31,47.3,2026-10-07
GR.gg_debt_gdp.IMF_WEO,GR,gg_debt_gdp,1986-12-31,47.8,2026-10-07
GR.gg_debt_gdp.IMF_WEO,GR,gg_debt_gdp,1987-12-31,53.2,2026-10-07
GR.gg_debt_gdp.IMF_WEO,GR,gg_debt_gdp,1988-12-31,57.9,2026-10-07
GR.gg_debt_gdp.IMF_WEO,GR,gg_debt_gdp,1989-12-31,60.7,2026-10-07
GR.gg_debt_gdp.IMF_WEO,GR,gg_debt_gdp,1990-12-31,74.2,2026-10-07
GR.gg_debt_gdp.IMF_WEO,GR,gg_debt_gdp,1991-12-31,75.7,2026-10-07
GR.gg_debt_gdp.IMF_WEO,GR,gg_debt_gdp,1992-12-31,81.1,2026-10-07
GR.gg_debt_gdp.IMF_WEO,GR,gg_debt_gdp,1993-12-31,101.7,2026-10-07
GR.gg_debt_gdp.IMF_WEO,GR,gg_debt_gdp,1994-12-31,99.7,2026-10-07
GR.gg_debt_gdp.IMF_WEO,GR,gg_debt_gdp,1995-12-31,100.4,2026-10-07
GR.gg_debt_gdp.IMF_WEO,GR,gg_debt_gdp,1996-12-31,103.7,2026-10-07
GR.gg_debt_gdp.IMF_WEO,GR,gg_debt_gdp,1997-12-31,102.6,2026-10-07
GR.gg_debt_gdp.IMF_WEO,GR,gg_debt_gdp,1998-12-31,100.8,2026-10-07
GR.gg_debt_gdp.IMF_WEO,GR,gg_debt_gdp,1999-12-31,102.8,2026-10-07
GR.gg_debt_gdp.IMF_WEO,GR,gg_debt_gdp,2000-12-31,108.9,2026-10-07
GR.gg_debt_gdp.IMF_WEO,GR,gg_debt_gdp,2001-12-31,110.5,2026-10-07
GR.gg_debt_gdp.IMF_WEO,GR,gg_debt_gdp,2002-12-31,107.9,2026-10-07
GR.gg_debt_gdp.IMF_WEO,GR,gg_debt_gdp,2003-12-31,104.3,2026-10-07
GR.gg_debt_gdp.IMF_WEO,GR,gg_debt_gdp,2004-12-31,105.5,2026-10-07
GR.gg_debt_gdp.IMF_WEO,GR,gg_debt_gdp,2005-12-31,109.9,2026-10-07
GR.gg_debt_gdp.IMF_WEO,GR,gg_debt_gdp,2006-12-31,105.3,2026-10-07
GR.gg_debt_gdp.IMF_WEO,GR,gg_debt_gdp,2007-12-31,104.6,2026-10-07
GR.gg_debt_gdp.IMF_WEO,GR,gg_debt_gdp,2008-12-31,110.9,2026-10-07
GR.gg_debt_gdp.IMF_WEO,GR,gg_debt_gdp,2009-12-31,128.5,2026-10-07
GR.gg_debt_gdp.IMF_WEO,GR,gg_debt_gdp,2010-12-31,147.8,2026-10-07
GR.gg_debt_gdp.IMF_WEO,GR,gg_debt_gdp,2011-12-31,175.1,2026-10-07
GR.gg_debt_gdp.IMF_WEO,GR,gg_debt_gdp,2012-12-31,164.3,2026-10-07
GR.gg_debt_gdp.IMF_WEO,GR,gg_debt_gdp,2013-12-31,180.5,2026-10-07
GR.gg_debt_gdp.IMF_WEO,GR,gg_debt_gdp,2014-12-31,182.8,2026-10-07
GR.gg_debt_gdp.IMF_WEO,GR,gg_debt_gdp,2015-12-31,180.0,2026-10-07
GR.gg_debt_gdp.IMF_WEO,GR,gg_debt_gdp,2016-12-31,183.7,2026-10-07
GR.gg_debt_gdp.IMF_WEO,GR,gg_debt_gdp,2017-12-31,182.6,2026-10-07
GR.gg_debt_gdp.IMF_WEO,GR,gg_debt_gdp,2018-12-31,189.6,2026-10-07
GR.gg_debt_gdp.IMF_WEO,GR,gg_debt_gdp,2019-12-31,183.7,2026-10-07
GR.gg_debt_gdp.IMF_WEO,GR,gg_debt_gdp,2020-12-31,209.9,2026-10-07
GR.gg_debt_gdp.IMF_WEO,GR,gg_debt_gdp,2021-12-31,197.8,2026-10-07
GR.gg_debt_gdp.IMF_WEO,GR,gg_debt_gdp,2022-12-31,179.2,2026-10-07
GR.gg_debt_gdp.IMF_WEO,GR,gg_debt_gdp,2023-12-31,165.5,2026-10-07
GR.gg_debt_gdp.IMF_WEO,GR,gg_debt_gdp,2024-12-31,155.4,2026-10-07
GR.gg_debt_gdp.IMF_WEO,GR,gg_debt_gdp,2025-12-31,145.7,2026-10-07
GR.gg_interest_gdp.IMF_WEO,GR,gg_interest_gdp,1880-12-31,3.7710599899292,2026-10-07
GR.gg_interest_gdp.IMF_WEO,GR,gg_interest_gdp,1881-12-31,5.107629776001,2026-10-07
GR.gg_interest_gdp.IMF_WEO,GR,gg_interest_gdp,1882-12-31,5.6788201332092,2026-10-07
GR.gg_interest_gdp.IMF_WEO,GR,gg_interest_gdp,1883-12-31,5.736340045929,2026-10-07
GR.gg_interest_gdp.IMF_WEO,GR,gg_interest_gdp,1884-12-31,5.6448798179626,2026-10-07
GR.gg_interest_gdp.IMF_WEO,GR,gg_interest_gdp,1885-12-31,5.8163599967957,2026-10-07
GR.gg_interest_gdp.IMF_WEO,GR,gg_interest_gdp,1886-12-31,5.6199698448181,2026-10-07
GR.gg_interest_gdp.IMF_WEO,GR,gg_interest_gdp,1887-12-31,6.1763601303101,2026-10-07
GR.gg_interest_gdp.IMF_WEO,GR,gg_interest_gdp,1888-12-31,7.2582898139954,2026-10-07
GR.gg_interest_gdp.IMF_WEO,GR,gg_interest_gdp,1889-12-31,7.2338099479675,2026-10-07
GR.gg_interest_gdp.IMF_WEO,GR,gg_interest_gdp,1890-12-31,5.3755898475647,2026-10-07
GR.gg_interest_gdp.IMF_WEO,GR,gg_interest_gdp,1891-12-31,6.3550400733948,2026-10-07
GR.gg_interest_gdp.IMF_WEO,GR,gg_interest_gdp,1892-12-31,6.0194997787476,2026-10-07
GR.gg_interest_gdp.IMF_WEO,GR,gg_interest_gdp,1893-12-31,5.9143900871277,2026-10-07
GR.gg_interest_gdp.IMF_WEO,GR,gg_interest_gdp,1894-12-31,4.3857798576355,2026-10-07
GR.gg_interest_gdp.IMF_WEO,GR,gg_interest_gdp,1895-12-31,3.6795299053192,2026-10-07
GR.gg_interest_gdp.IMF_WEO,GR,gg_interest_gdp,1896-12-31,4.1104102134705,2026-10-07
GR.gg_interest_gdp.IMF_WEO,GR,gg_interest_gdp,1897-12-31,3.6193699836731,2026-10-07
GR.gg_interest_gdp.IMF_WEO,GR,gg_interest_gdp,1898-12-31,4.5780801773071,2026-10-07
GR.gg_interest_gdp.IMF_WEO,GR,gg_interest_gdp,1899-12-31,4.8535099029541,2026-10-07
GR.gg_interest_gdp.IMF_WEO,GR,gg_interest_gdp,1900-12-31,5.8926000595093,2026-10-07
GR.gg_interest_gdp.IMF_WEO,GR,gg_interest_gdp,1901-12-31,5.2592902183533,2026-10-07
GR.gg_interest_gdp.IMF_WEO,GR,gg_interest_gdp,1902-12-31,6.0602197647095,2026-10-07
GR.gg_interest_gdp.IMF_WEO,GR,gg_interest_gdp,1903-12-31,5.0823101997375,2026-10-07
GR.gg_interest_gdp.IMF_WEO,GR,gg_interest_gdp,1904-12-31,5.5634498596191,2026-10-07
GR.gg_interest_gdp.IMF_WEO,GR,gg_interest_gdp,1905-12-31,5.1447701454163,2026-10-07
GR.gg_interest_gdp.IMF_WEO,GR,gg_interest_gdp,1906-12-31,5.2120199203491,2026-10-07
GR.gg_interest_gdp.IMF_WEO,GR,gg_interest_gdp,1907-12-31,4.3812398910522,2026-10-07
GR.gg_interest_gdp.IMF_WEO,GR,gg_interest_gdp,1908-12-31,4.6652097702026,2026-10-07
GR.gg_interest_gdp.IMF_WEO,GR,gg_interest_gdp,1909-12-31,4.179160118103,2026-10-07
GR.gg_interest_gdp.IMF_WEO,GR,gg_interest_gdp,1910-12-31,4.3224902153015,2026-10-07
GR.gg_interest_gdp.IMF_WEO,GR,gg_interest_gdp,1911-12-31,3.5831799507141,2026-10-07
GR.gg_interest_gdp.IMF_WEO,GR,gg_interest_gdp,1912-12-31,3.5425100326538,2026-10-07
GR.gg_interest_gdp.IMF_WEO,GR,gg_interest_gdp,1913-12-31,2.5388200283051,2026-10-07
GR.gg_interest_gdp.IMF_WEO,GR,gg_interest_gdp,1927-12-31,4.2186398506165,2026-10-07
GR.gg_interest_gdp.IMF_WEO,GR,gg_interest_gdp,1928-12-31,4.6204400062561,2026-10-07
GR.gg_interest_gdp.IMF_WEO,GR,gg_interest_gdp,1929-12-31,4.0255599021912,2026-10-07
GR.gg_interest_gdp.IMF_WEO,GR,gg_interest_gdp,1930-12-31,4.343719959259,2026-10-07
GR.gg_interest_gdp.IMF_WEO,GR,gg_interest_gdp,1931-12-31,5.0682001113892,2026-10-07
GR.gg_interest_gdp.IMF_WEO,GR,gg_interest_gdp,1932-12-31,2.906359910965,2026-10-07
GR.gg_interest_gdp.IMF_WEO,GR,gg_interest_gdp,1933-12-31,5.789999961853,2026-10-07
GR.gg_interest_gdp.IMF_WEO,GR,gg_interest_gdp,1934-12-31,5.4398097991943,2026-10-07
GR.gg_interest_gdp.IMF_WEO,GR,gg_interest_gdp,1935-12-31,5.4121799468994,2026-10-07
GR.gg_interest_gdp.IMF_WEO,GR,gg_interest_gdp,1936-12-31,5.0925397872925,2026-10-07
GR.gg_interest_gdp.IMF_WEO,GR,gg_interest_gdp,1937-12-31,4.4307398796082,2026-10-07
GR.gg_interest_gdp.IMF_WEO,GR,gg_interest_gdp,1948-12-31,0.028302000835538,2026-10-07
GR.gg_interest_gdp.IMF_WEO,GR,gg_interest_gdp,1949-12-31,0.12522900104523,2026-10-07
GR.gg_interest_gdp.IMF_WEO,GR,gg_interest_gdp,1950-12-31,0.079844996333122,2026-10-07
GR.gg_interest_gdp.IMF_WEO,GR,gg_interest_gdp,1951-12-31,0.10131099820137,2026-10-07
GR.gg_interest_gdp.IMF_WEO,GR,gg_interest_gdp,1952-12-31,0.1063089966774,2026-10-07
GR.gg_interest_gdp.IMF_WEO,GR,gg_interest_gdp,1953-12-31,0.081733003258705,2026-10-07
GR.gg_interest_gdp.IMF_WEO,GR,gg_interest_gdp,1954-12-31,0.12627300620079,2026-10-07
GR.gg_interest_gdp.IMF_WEO,GR,gg_interest_gdp,1955-12-31,0.10891900211573,2026-10-07
GR.gg_interest_gdp.IMF_WEO,GR,gg_interest_gdp,1956-12-31,0.18713000416756,2026-10-07
GR.gg_interest_gdp.IMF_WEO,GR,gg_interest_gdp,1957-12-31,0.076177000999451,2026-10-07
GR.gg_interest_gdp.IMF_WEO,GR,gg_interest_gdp,1958-12-31,0.13624300062656,2026-10-07
GR.gg_interest_gdp.IMF_WEO,GR,gg_interest_gdp,1959-12-31,0.22106499969959,2026-10-07
GR.gg_interest_gdp.IMF_WEO,GR,gg_interest_gdp,1960-12-31,0.35567599534988,2026-10-07
GR.gg_interest_gdp.IMF_WEO,GR,gg_interest_gdp,1961-12-31,0.40000000596046,2026-10-07
GR.gg_interest_gdp.IMF_WEO,GR,gg_interest_gdp,1962-12-31,0.51454502344131,2026-10-07
GR.gg_interest_gdp.IMF_WEO,GR,gg_interest_gdp,1963-12-31,0.66083300113678,2026-10-07
GR.gg_interest_gdp.IMF_WEO,GR,gg_interest_gdp,1964-12-31,0.76642298698425,2026-10-07
GR.gg_interest_gdp.IMF_WEO,GR,gg_interest_gdp,1965-12-31,0.63488501310349,2026-10-07
GR.gg_interest_gdp.IMF_WEO,GR,gg_interest_gdp,1966-12-31,0.59074699878693,2026-10-07
GR.gg_interest_gdp.IMF_WEO,GR,gg_interest_gdp,1967-12-31,0.62814801931381,2026-10-07
GR.gg_interest_gdp.IMF_WEO,GR,gg_interest_gdp,1968-12-31,0.69336098432541,2026-10-07
GR.gg_interest_gdp.IMF_WEO,GR,gg_interest_gdp,1969-12-31,0.73743098974228,2026-10-07
GR.gg_interest_gdp.IMF_WEO,GR,gg_interest_gdp,1970-12-31,0.84722101688385,2026-10-07
GR.gg_interest_gdp.IMF_WEO,GR,gg_interest_gdp,1971-12-31,0.88623601198196,2026-10-07
GR.gg_interest_gdp.IMF_WEO,GR,gg_interest_gdp,1972-12-31,0.87733000516891,2026-10-07
GR.gg_interest_gdp.IMF_WEO,GR,gg_interest_gdp,1973-12-31,0.86947500705719,2026-10-07
GR.gg_interest_gdp.IMF_WEO,GR,gg_interest_gdp,1974-12-31,1.1136399507523,2026-10-07
GR.gg_interest_gdp.IMF_WEO,GR,gg_interest_gdp,1975-12-31,1.2006599903107,2026-10-07
GR.gg_interest_gdp.IMF_WEO,GR,gg_interest_gdp,1976-12-31,1.3484499454498,2026-10-07
GR.gg_interest_gdp.IMF_WEO,GR,gg_interest_gdp,1977-12-31,1.2517399787903,2026-10-07
GR.gg_interest_gdp.IMF_WEO,GR,gg_interest_gdp,1978-12-31,1.435840010643,2026-10-07
GR.gg_interest_gdp.IMF_WEO,GR,gg_interest_gdp,1979-12-31,1.8093400001526,2026-10-07
GR.gg_interest_gdp.IMF_WEO,GR,gg_interest_gdp,1980-12-31,2.0190699100494,2026-10-07
GR.gg_interest_gdp.IMF_WEO,GR,gg_interest_gdp,1981-12-31,2.6678700447083,2026-10-07
GR.gg_interest_gdp.IMF_WEO,GR,gg_interest_gdp,1982-12-31,2.1661200523376,2026-10-07
GR.gg_interest_gdp.IMF_WEO,GR,gg_interest_gdp,1983-12-31,3.0794498920441,2026-10-07
GR.gg_interest_gdp.IMF_WEO,GR,gg_interest_gdp,1984-12-31,3.796669960022,2026-10-07
GR.gg_interest_gdp.IMF_WEO,GR,gg_interest_gdp,1985-12-31,4.4355502128601,2026-10-07
GR.gg_interest_gdp.IMF_WEO,GR,gg_interest_gdp,1986-12-31,4.7541098594666,2026-10-07
GR.gg_interest_gdp.IMF_WEO,GR,gg_interest_gdp,1987-12-31,5.9875597953796,2026-10-07
GR.gg_interest_gdp.IMF_WEO,GR,gg_interest_gdp,1988-12-31,5.2482391870469,2026-10-07
GR.gg_interest_gdp.IMF_WEO,GR,gg_interest_gdp,1989-12-31,5.184096324789,2026-10-07
GR.gg_interest_gdp.IMF_WEO,GR,gg_interest_gdp,1990-12-31,7.1698557472547,2026-10-07
GR.gg_interest_gdp.IMF_WEO,GR,gg_interest_gdp,1991-12-31,6.4157973320739,2026-10-07
GR.gg_interest_gdp.IMF_WEO,GR,gg_interest_gdp,1992-12-31,8.0526072668136,2026-10-07
GR.gg_interest_gdp.IMF_WEO,GR,gg_interest_gdp,1993-12-31,8.7066563542647,2026-10-07
GR.gg_interest_gdp.IMF_WEO,GR,gg_interest_gdp,1994-12-31,9.6355210937792,2026-10-07
GR.gg_interest_gdp.IMF_WEO,GR,gg_interest_gdp,1995-12-31,10.84568678816,2026-10-07
GR.gg_interest_gdp.IMF_WEO,GR,gg_interest_gdp,1996-12-31,10.499274319246,2026-10-07
GR.gg_interest_gdp.IMF_WEO,GR,gg_interest_gdp,1997-12-31,8.5931513797606,2026-10-07
GR.gg_interest_gdp.IMF_WEO,GR,gg_interest_gdp,1998-12-31,7.9645739976975,2026-10-07
GR.gg_interest_gdp.IMF_WEO,GR,gg_interest_gdp,1999-12-31,7.8838561258433,2026-10-07
GR.gg_interest_gdp.IMF_WEO,GR,gg_interest_gdp,2000-12-31,7.1084861179249,2026-10-07
GR.gg_interest_gdp.IMF_WEO,GR,gg_interest_gdp,2001-12-31,6.4881201475596,2026-10-07
GR.gg_interest_gdp.IMF_WEO,GR,gg_interest_gdp,2002-12-31,5.7286773067476,2026-10-07
GR.gg_interest_gdp.IMF_WEO,GR,gg_interest_gdp,2003-12-31,5.0322810403456,2026-10-07
GR.gg_interest_gdp.IMF_WEO,GR,gg_interest_gdp,2004-12-31,4.9066939396057,2026-10-07
GR.gg_interest_gdp.IMF_WEO,GR,gg_interest_gdp,2005-12-31,4.801990415529,2026-10-07
GR.gg_interest_gdp.IMF_WEO,GR,gg_interest_gdp,2006-12-31,4.4904570205447,2026-10-07
GR.gg_interest_gdp.IMF_WEO,GR,gg_interest_gdp,2007-12-31,4.5659770379636,2026-10-07
GR.gg_interest_gdp.IMF_WEO,GR,gg_interest_gdp,2008-12-31,4.8811361867574,2026-10-07
GR.gg_interest_gdp.IMF_WEO,GR,gg_interest_gdp,2009-12-31,5.1091956132272,2026-10-07
GR.gg_interest_gdp.IMF_WEO,GR,gg_interest_gdp,2010-12-31,6.1089357553205,2026-10-07
GR.gg_interest_gdp.IMF_WEO,GR,gg_interest_gdp,2011-12-31,7.6662980710161,2026-10-07
GR.gg_interest_gdp.IMF_WEO,GR,gg_interest_gdp,2012-12-31,5.4201416681729,2026-10-07
GR.gg_interest_gdp.IMF_WEO,GR,gg_interest_gdp,2013-12-31,4.1641893193063,2026-10-07
GR.gg_interest_gdp.IMF_WEO,GR,gg_interest_gdp,2014-12-31,4.0154073508648,2026-10-07
GR.gg_interest_gdp.IMF_WEO,GR,gg_interest_gdp,2015-12-31,3.5817154027448,2026-10-07
GR.gg_interest_gdp.IMF_WEO,GR,gg_interest_gdp,2016-12-31,3.2170008059699,2026-10-07
GR.gg_interest_gdp.IMF_WEO,GR,gg_interest_gdp,2017-12-31,3.13792257799,2026-10-07
GR.gg_interest_gdp.IMF_WEO,GR,gg_interest_gdp,2018-12-31,3.3651559637396,2026-10-07
GR.gg_interest_gdp.IMF_WEO,GR,gg_interest_gdp,2019-12-31,2.9716839506386,2026-10-07
GR.gg_interest_gdp.IMF_WEO,GR,gg_interest_gdp,2020-12-31,2.9557208897006,2026-10-07
GR.gg_interest_gdp.IMF_WEO,GR,gg_interest_gdp,2021-12-31,2.4532086213379,2026-10-07
GR.gg_interest_gdp.IMF_WEO,GR,gg_interest_gdp,2022-12-31,2.4873204390385,2026-10-07
GR.gg_interest_gdp.IMF_WEO,GR,gg_interest_gdp,2023-12-31,3.3837055483446,2026-10-07
GR.gg_interest_gdp.IMF_WEO,GR,gg_interest_gdp,2024-12-31,3.4599833146303,2026-10-07
GR.gg_net_lending_gdp.IMF_WEO,GR,gg_net_lending_gdp,1980-12-31,-2.5,2026-10-07
GR.gg_net_lending_gdp.IMF_WEO,GR,gg_net_lending_gdp,1981-12-31,-7.1,2026-10-07
GR.gg_net_lending_gdp.IMF_WEO,GR,gg_net_lending_gdp,1982-12-31,-5.5,2026-10-07
GR.gg_net_lending_gdp.IMF_WEO,GR,gg_net_lending_gdp,1983-12-31,-6.2,2026-10-07
GR.gg_net_lending_gdp.IMF_WEO,GR,gg_net_lending_gdp,1984-12-31,-7.2,2026-10-07
GR.gg_net_lending_gdp.IMF_WEO,GR,gg_net_lending_gdp,1985-12-31,-9.6,2026-10-07
GR.gg_net_lending_gdp.IMF_WEO,GR,gg_net_lending_gdp,1986-12-31,-8.6,2026-10-07
GR.gg_net_lending_gdp.IMF_WEO,GR,gg_net_lending_gdp,1987-12-31,-8.1,2026-10-07
GR.gg_net_lending_gdp.IMF_WEO,GR,gg_net_lending_gdp,1988-12-31,-9.6,2026-10-07
GR.gg_net_lending_gdp.IMF_WEO,GR,gg_net_lending_gdp,1989-12-31,-11.9,2026-10-07
GR.gg_net_lending_gdp.IMF_WEO,GR,gg_net_lending_gdp,1990-12-31,-13.3,2026-10-07
GR.gg_net_lending_gdp.IMF_WEO,GR,gg_net_lending_gdp,1991-12-31,-9.6,2026-10-07
GR.gg_net_lending_gdp.IMF_WEO,GR,gg_net_lending_gdp,1992-12-31,-10.6,2026-10-07
GR.gg_net_lending_gdp.IMF_WEO,GR,gg_net_lending_gdp,1993-12-31,-11.5,2026-10-07
GR.gg_net_lending_gdp.IMF_WEO,GR,gg_net_lending_gdp,1994-12-31,-8.5,2026-10-07
GR.gg_net_lending_gdp.IMF_WEO,GR,gg_net_lending_gdp,1995-12-31,-9.9,2026-10-07
GR.gg_net_lending_gdp.IMF_WEO,GR,gg_net_lending_gdp,1996-12-31,-8.4,2026-10-07
GR.gg_net_lending_gdp.IMF_WEO,GR,gg_net_lending_gdp,1997-12-31,-6.2,2026-10-07
GR.gg_net_lending_gdp.IMF_WEO,GR,gg_net_lending_gdp,1998-12-31,-6.5,2026-10-07
GR.gg_net_lending_gdp.IMF_WEO,GR,gg_net_lending_gdp,1999-12-31,-6.0,2026-10-07
GR.gg_net_lending_gdp.IMF_WEO,GR,gg_net_lending_gdp,2000-12-31,-4.2,2026-10-07
GR.gg_net_lending_gdp.IMF_WEO,GR,gg_net_lending_gdp,2001-12-31,-5.6,2026-10-07
GR.gg_net_lending_gdp.IMF_WEO,GR,gg_net_lending_gdp,2002-12-31,-6.2,2026-10-07
GR.gg_net_lending_gdp.IMF_WEO,GR,gg_net_lending_gdp,2003-12-31,-8.0,2026-10-07
GR.gg_net_lending_gdp.IMF_WEO,GR,gg_net_lending_gdp,2004-12-31,-9.1,2026-10-07
GR.gg_net_lending_gdp.IMF_WEO,GR,gg_net_lending_gdp,2005-12-31,-6.3,2026-10-07
GR.gg_net_lending_gdp.IMF_WEO,GR,gg_net_lending_gdp,2006-12-31,-6.0,2026-10-07
GR.gg_net_lending_gdp.IMF_WEO,GR,gg_net_lending_gdp,2007-12-31,-6.8,2026-10-07
GR.gg_net_lending_gdp.IMF_WEO,GR,gg_net_lending_gdp,2008-12-31,-10.3,2026-10-07
GR.gg_net_lending_gdp.IMF_WEO,GR,gg_net_lending_gdp,2009-12-31,-15.4,2026-10-07
GR.gg_net_lending_gdp.IMF_WEO,GR,gg_net_lending_gdp,2010-12-31,-11.4,2026-10-07
GR.gg_net_lending_gdp.IMF_WEO,GR,gg_net_lending_gdp,2011-12-31,-10.5,2026-10-07
GR.gg_net_lending_gdp.IMF_WEO,GR,gg_net_lending_gdp,2012-12-31,-6.9,2026-10-07
GR.gg_net_lending_gdp.IMF_WEO,GR,gg_net_lending_gdp,2013-12-31,-4.1,2026-10-07
GR.gg_net_lending_gdp.IMF_WEO,GR,gg_net_lending_gdp,2014-12-31,-4.3,2026-10-07
GR.gg_net_lending_gdp.IMF_WEO,GR,gg_net_lending_gdp,2015-12-31,-3.0,2026-10-07
GR.gg_net_lending_gdp.IMF_WEO,GR,gg_net_lending_gdp,2016-12-31,0.3,2026-10-07
GR.gg_net_lending_gdp.IMF_WEO,GR,gg_net_lending_gdp,2017-12-31,1.1,2026-10-07
GR.gg_net_lending_gdp.IMF_WEO,GR,gg_net_lending_gdp,2018-12-31,0.8,2026-10-07
GR.gg_net_lending_gdp.IMF_WEO,GR,gg_net_lending_gdp,2019-12-31,-0.1,2026-10-07
GR.gg_net_lending_gdp.IMF_WEO,GR,gg_net_lending_gdp,2020-12-31,-10.4,2026-10-07
GR.gg_net_lending_gdp.IMF_WEO,GR,gg_net_lending_gdp,2021-12-31,-7.8,2026-10-07
GR.gg_net_lending_gdp.IMF_WEO,GR,gg_net_lending_gdp,2022-12-31,-2.6,2026-10-07
GR.gg_net_lending_gdp.IMF_WEO,GR,gg_net_lending_gdp,2023-12-31,-1.4,2026-10-07
GR.gg_net_lending_gdp.IMF_WEO,GR,gg_net_lending_gdp,2024-12-31,1.2,2026-10-07
GR.gg_net_lending_gdp.IMF_WEO,GR,gg_net_lending_gdp,2025-12-31,1.3,2026-10-07
GR.gg_revenue_gdp.IMF_WEO,GR,gg_revenue_gdp,1880-12-31,10.067899703979,2026-10-07
GR.gg_revenue_gdp.IMF_WEO,GR,gg_revenue_gdp,1881-12-31,10.152799606323,2026-10-07
GR.gg_revenue_gdp.IMF_WEO,GR,gg_revenue_gdp,1882-12-31,13.466199874878,2026-10-07
GR.gg_revenue_gdp.IMF_WEO,GR,gg_revenue_gdp,1883-12-31,15.32409954071,2026-10-07
GR.gg_revenue_gdp.IMF_WEO,GR,gg_revenue_gdp,1884-12-31,14.222700119019,2026-10-07
GR.gg_revenue_gdp.IMF_WEO,GR,gg_revenue_gdp,1885-12-31,11.36579990387,2026-10-07
GR.gg_revenue_gdp.IMF_WEO,GR,gg_revenue_gdp,1886-12-31,10.564499855042,2026-10-07
GR.gg_revenue_gdp.IMF_WEO,GR,gg_revenue_gdp,1887-12-31,16.670000076294,2026-10-07
GR.gg_revenue_gdp.IMF_WEO,GR,gg_revenue_gdp,1888-12-31,17.375,2026-10-07
GR.gg_revenue_gdp.IMF_WEO,GR,gg_revenue_gdp,1889-12-31,15.428799629211,2026-10-07
GR.gg_revenue_gdp.IMF_WEO,GR,gg_revenue_gdp,1890-12-31,14.522500038147,2026-10-07
GR.gg_revenue_gdp.IMF_WEO,GR,gg_revenue_gdp,1891-12-31,15.206100463867,2026-10-07
GR.gg_revenue_gdp.IMF_WEO,GR,gg_revenue_gdp,1892-12-31,17.056900024414,2026-10-07
GR.gg_revenue_gdp.IMF_WEO,GR,gg_revenue_gdp,1893-12-31,15.500100135803,2026-10-07
GR.gg_revenue_gdp.IMF_WEO,GR,gg_revenue_gdp,1894-12-31,19.879999160767,2026-10-07
GR.gg_revenue_gdp.IMF_WEO,GR,gg_revenue_gdp,1895-12-31,15.745599746704,2026-10-07
GR.gg_revenue_gdp.IMF_WEO,GR,gg_revenue_gdp,1896-12-31,17.889999389648,2026-10-07
GR.gg_revenue_gdp.IMF_WEO,GR,gg_revenue_gdp,1897-12-31,14.409999847412,2026-10-07
GR.gg_revenue_gdp.IMF_WEO,GR,gg_revenue_gdp,1898-12-31,16.919599533081,2026-10-07
GR.gg_revenue_gdp.IMF_WEO,GR,gg_revenue_gdp,1899-12-31,18.363700866699,2026-10-07
GR.gg_revenue_gdp.IMF_WEO,GR,gg_revenue_gdp,1900-12-31,20.165700912476,2026-10-07
GR.gg_revenue_gdp.IMF_WEO,GR,gg_revenue_gdp,1901-12-31,18.657899856567,2026-10-07
GR.gg_revenue_gdp.IMF_WEO,GR,gg_revenue_gdp,1902-12-31,18.91069984436,2026-10-07
GR.gg_revenue_gdp.IMF_WEO,GR,gg_revenue_gdp,1903-12-31,17.529800415039,2026-10-07
GR.gg_revenue_gdp.IMF_WEO,GR,gg_revenue_gdp,1904-12-31,18.019399642944,2026-10-07
GR.gg_revenue_gdp.IMF_WEO,GR,gg_revenue_gdp,1905-12-31,18.27680015564,2026-10-07
GR.gg_revenue_gdp.IMF_WEO,GR,gg_revenue_gdp,1906-12-31,19.158599853516,2026-10-07
GR.gg_revenue_gdp.IMF_WEO,GR,gg_revenue_gdp,1907-12-31,16.585599899292,2026-10-07
GR.gg_revenue_gdp.IMF_WEO,GR,gg_revenue_gdp,1908-12-31,17.635400772095,2026-10-07
GR.gg_revenue_gdp.IMF_WEO,GR,gg_revenue_gdp,1909-12-31,15.488800048828,2026-10-07
GR.gg_revenue_gdp.IMF_WEO,GR,gg_revenue_gdp,1910-12-31,18.119699478149,2026-10-07
GR.gg_revenue_gdp.IMF_WEO,GR,gg_revenue_gdp,1911-12-31,14.715700149536,2026-10-07
GR.gg_revenue_gdp.IMF_WEO,GR,gg_revenue_gdp,1912-12-31,12.682999610901,2026-10-07
GR.gg_revenue_gdp.IMF_WEO,GR,gg_revenue_gdp,1913-12-31,8.7025604248047,2026-10-07
GR.gg_revenue_gdp.IMF_WEO,GR,gg_revenue_gdp,1927-12-31,20.30890083313,2026-10-07
GR.gg_revenue_gdp.IMF_WEO,GR,gg_revenue_gdp,1928-12-31,20.288000106812,2026-10-07
GR.gg_revenue_gdp.IMF_WEO,GR,gg_revenue_gdp,1929-12-31,22.112699508667,2026-10-07
GR.gg_revenue_gdp.IMF_WEO,GR,gg_revenue_gdp,1930-12-31,23.767400741577,2026-10-07
GR.gg_revenue_gdp.IMF_WEO,GR,gg_revenue_gdp,1931-12-31,26.417900085449,2026-10-07
GR.gg_revenue_gdp.IMF_WEO,GR,gg_revenue_gdp,1932-12-31,20.2327003479,2026-10-07
GR.gg_revenue_gdp.IMF_WEO,GR,gg_revenue_gdp,1933-12-31,18.187299728394,2026-10-07
GR.gg_revenue_gdp.IMF_WEO,GR,gg_revenue_gdp,1934-12-31,21.321699142456,2026-10-07
GR.gg_revenue_gdp.IMF_WEO,GR,gg_revenue_gdp,1935-12-31,22.768899917603,2026-10-07
GR.gg_revenue_gdp.IMF_WEO,GR,gg_revenue_gdp,1936-12-31,22.446100234985,2026-10-07
GR.gg_revenue_gdp.IMF_WEO,GR,gg_revenue_gdp,1937-12-31,20.780899047852,2026-10-07
GR.gg_revenue_gdp.IMF_WEO,GR,gg_revenue_gdp,1938-12-31,20.665700912476,2026-10-07
GR.gg_revenue_gdp.IMF_WEO,GR,gg_revenue_gdp,1939-12-31,21.40299987793,2026-10-07
GR.gg_revenue_gdp.IMF_WEO,GR,gg_revenue_gdp,1948-12-31,13.879199981689,2026-10-07
GR.gg_revenue_gdp.IMF_WEO,GR,gg_revenue_gdp,1949-12-31,13.965100288391,2026-10-07
GR.gg_revenue_gdp.IMF_WEO,GR,gg_revenue_gdp,1950-12-31,14.35000038147,2026-10-07
GR.gg_revenue_gdp.IMF_WEO,GR,gg_revenue_gdp,1951-12-31,15.434700012207,2026-10-07
GR.gg_revenue_gdp.IMF_WEO,GR,gg_revenue_gdp,1952-12-31,18.440099716187,2026-10-07
GR.gg_revenue_gdp.IMF_WEO,GR,gg_revenue_gdp,1953-12-31,14.627200126648,2026-10-07
GR.gg_revenue_gdp.IMF_WEO,GR,gg_revenue_gdp,1954-12-31,17.167600631714,2026-10-07
GR.gg_revenue_gdp.IMF_WEO,GR,gg_revenue_gdp,1955-12-31,16.375299453735,2026-10-07
GR.gg_revenue_gdp.IMF_WEO,GR,gg_revenue_gdp,1956-12-31,28.875900268555,2026-10-07
GR.gg_revenue_gdp.IMF_WEO,GR,gg_revenue_gdp,1957-12-31,16.814399719238,2026-10-07
GR.gg_revenue_gdp.IMF_WEO,GR,gg_revenue_gdp,1958-12-31,18.325399398804,2026-10-07
GR.gg_revenue_gdp.IMF_WEO,GR,gg_revenue_gdp,1959-12-31,16.603000640869,2026-10-07
GR.gg_revenue_gdp.IMF_WEO,GR,gg_revenue_gdp,1960-12-31,16.655099868774,2026-10-07
GR.gg_revenue_gdp.IMF_WEO,GR,gg_revenue_gdp,1961-12-31,16.65710067749,2026-10-07
GR.gg_revenue_gdp.IMF_WEO,GR,gg_revenue_gdp,1962-12-31,17.290899276733,2026-10-07
GR.gg_revenue_gdp.IMF_WEO,GR,gg_revenue_gdp,1963-12-31,17.27499961853,2026-10-07
GR.gg_revenue_gdp.IMF_WEO,GR,gg_revenue_gdp,1964-12-31,17.518199920654,2026-10-07
GR.gg_revenue_gdp.IMF_WEO,GR,gg_revenue_gdp,1965-12-31,19.111000061035,2026-10-07
GR.gg_revenue_gdp.IMF_WEO,GR,gg_revenue_gdp,1966-12-31,20.677499771118,2026-10-07
GR.gg_revenue_gdp.IMF_WEO,GR,gg_revenue_gdp,1967-12-31,21.977600097656,2026-10-07
GR.gg_revenue_gdp.IMF_WEO,GR,gg_revenue_gdp,1968-12-31,22.942100524902,2026-10-07
GR.gg_revenue_gdp.IMF_WEO,GR,gg_revenue_gdp,1969-12-31,23.052700042725,2026-10-07
GR.gg_revenue_gdp.IMF_WEO,GR,gg_revenue_gdp,1970-12-31,21.934099197388,2026-10-07
GR.gg_revenue_gdp.IMF_WEO,GR,gg_revenue_gdp,1971-12-31,22.517499923706,2026-10-07
GR.gg_revenue_gdp.IMF_WEO,GR,gg_revenue_gdp,1972-12-31,22.683300018311,2026-10-07
GR.gg_revenue_gdp.IMF_WEO,GR,gg_revenue_gdp,1973-12-31,20.611700057983,2026-10-07
GR.gg_revenue_gdp.IMF_WEO,GR,gg_revenue_gdp,1974-12-31,20.864700317383,2026-10-07
GR.gg_revenue_gdp.IMF_WEO,GR,gg_revenue_gdp,1975-12-31,23.367500305176,2026-10-07
GR.gg_revenue_gdp.IMF_WEO,GR,gg_revenue_gdp,1976-12-31,24.004400253296,2026-10-07
GR.gg_revenue_gdp.IMF_WEO,GR,gg_revenue_gdp,1977-12-31,24.92799949646,2026-10-07
GR.gg_revenue_gdp.IMF_WEO,GR,gg_revenue_gdp,1978-12-31,24.709899902344,2026-10-07
GR.gg_revenue_gdp.IMF_WEO,GR,gg_revenue_gdp,1979-12-31,21.80466775561,2026-10-07
GR.gg_revenue_gdp.IMF_WEO,GR,gg_revenue_gdp,1980-12-31,22.017185531956,2026-10-07
GR.gg_revenue_gdp.IMF_WEO,GR,gg_revenue_gdp,1981-12-31,21.008761215862,2026-10-07
GR.gg_revenue_gdp.IMF_WEO,GR,gg_revenue_gdp,1982-12-31,23.20864468538,2026-10-07
GR.gg_revenue_gdp.IMF_WEO,GR,gg_revenue_gdp,1983-12-31,24.071224331028,2026-10-07
GR.gg_revenue_gdp.IMF_WEO,GR,gg_revenue_gdp,1984-12-31,24.763713895328,2026-10-07
GR.gg_revenue_gdp.IMF_WEO,GR,gg_revenue_gdp,1985-12-31,24.677473178614,2026-10-07
GR.gg_revenue_gdp.IMF_WEO,GR,gg_revenue_gdp,1986-12-31,25.153410754422,2026-10-07
GR.gg_revenue_gdp.IMF_WEO,GR,gg_revenue_gdp,1987-12-31,25.943197583427,2026-10-07
GR.gg_revenue_gdp.IMF_WEO,GR,gg_revenue_gdp,1988-12-31,24.197390569534,2026-10-07
GR.gg_revenue_gdp.IMF_WEO,GR,gg_revenue_gdp,1989-12-31,22.891754196071,2026-10-07
GR.gg_revenue_gdp.IMF_WEO,GR,gg_revenue_gdp,1990-12-31,25.214817217018,2026-10-07
GR.gg_revenue_gdp.IMF_WEO,GR,gg_revenue_gdp,1991-12-31,25.567623564596,2026-10-07
GR.gg_revenue_gdp.IMF_WEO,GR,gg_revenue_gdp,1992-12-31,26.261037287433,2026-10-07
GR.gg_revenue_gdp.IMF_WEO,GR,gg_revenue_gdp,1993-12-31,27.174595104553,2026-10-07
GR.gg_revenue_gdp.IMF_WEO,GR,gg_revenue_gdp,1994-12-31,28.448072457265,2026-10-07
GR.gg_revenue_gdp.IMF_WEO,GR,gg_revenue_gdp,1995-12-31,36.78031409231,2026-10-07
GR.gg_revenue_gdp.IMF_WEO,GR,gg_revenue_gdp,1996-12-31,37.795003382537,2026-10-07
GR.gg_revenue_gdp.IMF_WEO,GR,gg_revenue_gdp,1997-12-31,38.841403970746,2026-10-07
GR.gg_revenue_gdp.IMF_WEO,GR,gg_revenue_gdp,1998-12-31,40.221759374726,2026-10-07
GR.gg_revenue_gdp.IMF_WEO,GR,gg_revenue_gdp,1999-12-31,41.966922622564,2026-10-07
GR.gg_revenue_gdp.IMF_WEO,GR,gg_revenue_gdp,2000-12-31,43.944971107775,2026-10-07
GR.gg_revenue_gdp.IMF_WEO,GR,gg_revenue_gdp,2001-12-31,41.82687449089,2026-10-07
GR.gg_revenue_gdp.IMF_WEO,GR,gg_revenue_gdp,2002-12-31,40.913819372029,2026-10-07
GR.gg_revenue_gdp.IMF_WEO,GR,gg_revenue_gdp,2003-12-31,39.832046686885,2026-10-07
GR.gg_revenue_gdp.IMF_WEO,GR,gg_revenue_gdp,2004-12-31,39.774447712398,2026-10-07
GR.gg_revenue_gdp.IMF_WEO,GR,gg_revenue_gdp,2005-12-31,40.277060419955,2026-10-07
GR.gg_revenue_gdp.IMF_WEO,GR,gg_revenue_gdp,2006-12-31,39.8219496227,2026-10-07
GR.gg_revenue_gdp.IMF_WEO,GR,gg_revenue_gdp,2007-12-31,40.962950557129,2026-10-07
GR.gg_revenue_gdp.IMF_WEO,GR,gg_revenue_gdp,2008-12-31,41.223882172481,2026-10-07
GR.gg_revenue_gdp.IMF_WEO,GR,gg_revenue_gdp,2009-12-31,39.402089256435,2026-10-07
GR.gg_revenue_gdp.IMF_WEO,GR,gg_revenue_gdp,2010-12-31,41.659193928186,2026-10-07
GR.gg_revenue_gdp.IMF_WEO,GR,gg_revenue_gdp,2011-12-31,44.575500675759,2026-10-07
GR.gg_revenue_gdp.IMF_WEO,GR,gg_revenue_gdp,2012-12-31,47.934041674198,2026-10-07
GR.gg_revenue_gdp.IMF_WEO,GR,gg_revenue_gdp,2013-12-31,48.922908318778,2026-10-07
GR.gg_revenue_gdp.IMF_WEO,GR,gg_revenue_gdp,2014-12-31,47.208127593402,2026-10-07
GR.gg_revenue_gdp.IMF_WEO,GR,gg_revenue_gdp,2015-12-31,48.823325800383,2026-10-07
GR.gg_revenue_gdp.IMF_WEO,GR,gg_revenue_gdp,2016-12-31,50.572605506964,2026-10-07
GR.gg_revenue_gdp.IMF_WEO,GR,gg_revenue_gdp,2017-12-31,49.590564809151,2026-10-07
GR.gg_revenue_gdp.IMF_WEO,GR,gg_revenue_gdp,2018-12-31,49.348423199091,2026-10-07
GR.gg_revenue_gdp.IMF_WEO,GR,gg_revenue_gdp,2019-12-31,47.513462489713,2026-10-07
GR.gg_revenue_gdp.IMF_WEO,GR,gg_revenue_gdp,2020-12-31,48.955022546922,2026-10-07
GR.gg_revenue_gdp.IMF_WEO,GR,gg_revenue_gdp,2021-12-31,49.136771798503,2026-10-07
GR.gg_revenue_gdp.IMF_WEO,GR,gg_revenue_gdp,2022-12-31,50.35789510147,2026-10-07
GR.gg_revenue_gdp.IMF_WEO,GR,gg_revenue_gdp,2023-12-31,48.156080301283,2026-10-07
GR.gg_revenue_gdp.IMF_WEO,GR,gg_revenue_gdp,2024-12-31,49.316968987269,2026-10-07
GR.rgdp_growth.IMF_WEO,GR,rgdp_growth,1980-12-31,0.7,2026-10-07
GR.rgdp_growth.IMF_WEO,GR,rgdp_growth,1981-12-31,-1.6,2026-10-07
GR.rgdp_growth.IMF_WEO,GR,rgdp_growth,1982-12-31,-1.1,2026-10-07
GR.rgdp_growth.IMF_WEO,GR,rgdp_growth,1983-12-31,-1.1,2026-10-07
GR.rgdp_growth.IMF_WEO,GR,rgdp_growth,1984-12-31,2.0,2026-10-07
GR.rgdp_growth.IMF_WEO,GR,rgdp_growth,1985-12-31,2.5,2026-10-07
GR.rgdp_growth.IMF_WEO,GR,rgdp_growth,1986-12-31,0.5,2026-10-07
GR.rgdp_growth.IMF_WEO,GR,rgdp_growth,1987-12-31,-2.3,2026-10-07
GR.rgdp_growth.IMF_WEO,GR,rgdp_growth,1988-12-31,4.3,2026-10-07
GR.rgdp_growth.IMF_WEO,GR,rgdp_growth,1989-12-31,3.8,2026-10-07
GR.rgdp_growth.IMF_WEO,GR,rgdp_growth,1990-12-31,0.0,2026-10-07
GR.rgdp_growth.IMF_WEO,GR,rgdp_growth,1991-12-31,3.1,2026-10-07
GR.rgdp_growth.IMF_WEO,GR,rgdp_growth,1992-12-31,0.7,2026-10-07
GR.rgdp_growth.IMF_WEO,GR,rgdp_growth,1993-12-31,-1.6,2026-10-07
GR.rgdp_growth.IMF_WEO,GR,rgdp_growth,1994-12-31,2.0,2026-10-07
GR.rgdp_growth.IMF_WEO,GR,rgdp_growth,1995-12-31,2.1,2026-10-07
GR.rgdp_growth.IMF_WEO,GR,rgdp_growth,1996-12-31,1.4,2026-10-07
GR.rgdp_growth.IMF_WEO,GR,rgdp_growth,1997-12-31,3.6,2026-10-07
GR.rgdp_growth.IMF_WEO,GR,rgdp_growth,1998-12-31,3.4,2026-10-07
GR.rgdp_growth.IMF_WEO,GR,rgdp_growth,1999-12-31,2.7,2026-10-07
GR.rgdp_growth.IMF_WEO,GR,rgdp_growth,2000-12-31,4.1,2026-10-07
GR.rgdp_growth.IMF_WEO,GR,rgdp_growth,2001-12-31,4.7,2026-10-07
GR.rgdp_growth.IMF_WEO,GR,rgdp_growth,2002-12-31,4.7,2026-10-07
GR.rgdp_growth.IMF_WEO,GR,rgdp_growth,2003-12-31,5.8,2026-10-07
GR.rgdp_growth.IMF_WEO,GR,rgdp_growth,2004-12-31,5.4,2026-10-07
GR.rgdp_growth.IMF_WEO,GR,rgdp_growth,2005-12-31,1.2,2026-10-07
GR.rgdp_growth.IMF_WEO,GR,rgdp_growth,2006-12-31,6.4,2026-10-07
GR.rgdp_growth.IMF_WEO,GR,rgdp_growth,2007-12-31,3.5,2026-10-07
GR.rgdp_growth.IMF_WEO,GR,rgdp_growth,2008-12-31,0.1,2026-10-07
GR.rgdp_growth.IMF_WEO,GR,rgdp_growth,2009-12-31,-4.1,2026-10-07
GR.rgdp_growth.IMF_WEO,GR,rgdp_growth,2010-12-31,-5.7,2026-10-07
GR.rgdp_growth.IMF_WEO,GR,rgdp_growth,2011-12-31,-9.9,2026-10-07
GR.rgdp_growth.IMF_WEO,GR,rgdp_growth,2012-12-31,-8.3,2026-10-07
GR.rgdp_growth.IMF_WEO,GR,rgdp_growth,2013-12-31,-2.3,2026-10-07
GR.rgdp_growth.IMF_WEO,GR,rgdp_growth,2014-12-31,0.8,2026-10-07
GR.rgdp_growth.IMF_WEO,GR,rgdp_growth,2015-12-31,-0.2,2026-10-07
GR.rgdp_growth.IMF_WEO,GR,rgdp_growth,2016-12-31,0.0,2026-10-07
GR.rgdp_growth.IMF_WEO,GR,rgdp_growth,2017-12-31,1.5,2026-10-07
GR.rgdp_growth.IMF_WEO,GR,rgdp_growth,2018-12-31,2.1,2026-10-07
GR.rgdp_growth.IMF_WEO,GR,rgdp_growth,2019-12-31,2.3,2026-10-07
GR.rgdp_growth.IMF_WEO,GR,rgdp_growth,2020-12-31,-9.2,2026-10-07
GR.rgdp_growth.IMF_WEO,GR,rgdp_growth,2021-12-31,8.7,2026-10-07
GR.rgdp_growth.IMF_WEO,GR,rgdp_growth,2022-12-31,5.5,2026-10-07
GR.rgdp_growth.IMF_WEO,GR,rgdp_growth,2023-12-31,2.1,2026-10-07
GR.rgdp_growth.IMF_WEO,GR,rgdp_growth,2024-12-31,2.1,2026-10-07
GR.rgdp_growth.IMF_WEO,GR,rgdp_growth,2025-12-31,2.1,2026-10-07
IT.cpi_yoy.IMF_WEO,IT,cpi_yoy,1980-12-31,21.8,2026-10-07
IT.cpi_yoy.IMF_WEO,IT,cpi_yoy,1981-12-31,19.5,2026-10-07
IT.cpi_yoy.IMF_WEO,IT,cpi_yoy,1982-12-31,16.5,2026-10-07
IT.cpi_yoy.IMF_WEO,IT,cpi_yoy,1983-12-31,14.7,2026-10-07
IT.cpi_yoy.IMF_WEO,IT,cpi_yoy,1984-12-31,10.7,2026-10-07
IT.cpi_yoy.IMF_WEO,IT,cpi_yoy,1985-12-31,9.0,2026-10-07
IT.cpi_yoy.IMF_WEO,IT,cpi_yoy,1986-12-31,5.8,2026-10-07
IT.cpi_yoy.IMF_WEO,IT,cpi_yoy,1987-12-31,4.7,2026-10-07
IT.cpi_yoy.IMF_WEO,IT,cpi_yoy,1988-12-31,5.1,2026-10-07
IT.cpi_yoy.IMF_WEO,IT,cpi_yoy,1989-12-31,6.2,2026-10-07
IT.cpi_yoy.IMF_WEO,IT,cpi_yoy,1990-12-31,6.4,2026-10-07
IT.cpi_yoy.IMF_WEO,IT,cpi_yoy,1991-12-31,6.2,2026-10-07
IT.cpi_yoy.IMF_WEO,IT,cpi_yoy,1992-12-31,5.0,2026-10-07
IT.cpi_yoy.IMF_WEO,IT,cpi_yoy,1993-12-31,4.5,2026-10-07
IT.cpi_yoy.IMF_WEO,IT,cpi_yoy,1994-12-31,4.2,2026-10-07
IT.cpi_yoy.IMF_WEO,IT,cpi_yoy,1995-12-31,5.4,2026-10-07
IT.cpi_yoy.IMF_WEO,IT,cpi_yoy,1996-12-31,3.9,2026-10-07
IT.cpi_yoy.IMF_WEO,IT,cpi_yoy,1997-12-31,1.9,2026-10-07
IT.cpi_yoy.IMF_WEO,IT,cpi_yoy,1998-12-31,2.0,2026-10-07
IT.cpi_yoy.IMF_WEO,IT,cpi_yoy,1999-12-31,1.6,2026-10-07
IT.cpi_yoy.IMF_WEO,IT,cpi_yoy,2000-12-31,2.6,2026-10-07
IT.cpi_yoy.IMF_WEO,IT,cpi_yoy,2001-12-31,2.3,2026-10-07
IT.cpi_yoy.IMF_WEO,IT,cpi_yoy,2002-12-31,2.6,2026-10-07
IT.cpi_yoy.IMF_WEO,IT,cpi_yoy,2003-12-31,2.8,2026-10-07
IT.cpi_yoy.IMF_WEO,IT,cpi_yoy,2004-12-31,2.3,2026-10-07
IT.cpi_yoy.IMF_WEO,IT,cpi_yoy,2005-12-31,2.2,2026-10-07
IT.cpi_yoy.IMF_WEO,IT,cpi_yoy,2006-12-31,2.2,2026-10-07
IT.cpi_yoy.IMF_WEO,IT,cpi_yoy,2007-12-31,2.0,2026-10-07
IT.cpi_yoy.IMF_WEO,IT,cpi_yoy,2008-12-31,3.5,2026-10-07
IT.cpi_yoy.IMF_WEO,IT,cpi_yoy,2009-12-31,0.8,2026-10-07
IT.cpi_yoy.IMF_WEO,IT,cpi_yoy,2010-12-31,1.6,2026-10-07
IT.cpi_yoy.IMF_WEO,IT,cpi_yoy,2011-12-31,2.9,2026-10-07
IT.cpi_yoy.IMF_WEO,IT,cpi_yoy,2012-12-31,3.3,2026-10-07
IT.cpi_yoy.IMF_WEO,IT,cpi_yoy,2013-12-31,1.3,2026-10-07
IT.cpi_yoy.IMF_WEO,IT,cpi_yoy,2014-12-31,0.2,2026-10-07
IT.cpi_yoy.IMF_WEO,IT,cpi_yoy,2015-12-31,0.2,2026-10-07
IT.cpi_yoy.IMF_WEO,IT,cpi_yoy,2016-12-31,-0.1,2026-10-07
IT.cpi_yoy.IMF_WEO,IT,cpi_yoy,2017-12-31,1.3,2026-10-07
IT.cpi_yoy.IMF_WEO,IT,cpi_yoy,2018-12-31,1.2,2026-10-07
IT.cpi_yoy.IMF_WEO,IT,cpi_yoy,2019-12-31,0.7,2026-10-07
IT.cpi_yoy.IMF_WEO,IT,cpi_yoy,2020-12-31,-0.2,2026-10-07
IT.cpi_yoy.IMF_WEO,IT,cpi_yoy,2021-12-31,2.0,2026-10-07
IT.cpi_yoy.IMF_WEO,IT,cpi_yoy,2022-12-31,8.7,2026-10-07
IT.cpi_yoy.IMF_WEO,IT,cpi_yoy,2023-12-31,5.9,2026-10-07
IT.cpi_yoy.IMF_WEO,IT,cpi_yoy,2024-12-31,1.1,2026-10-07
IT.cpi_yoy.IMF_WEO,IT,cpi_yoy,2025-12-31,1.6,2026-10-07
IT.gg_debt_gdp.IMF_WEO,IT,gg_debt_gdp,1988-12-31,95.7,2026-10-07
IT.gg_debt_gdp.IMF_WEO,IT,gg_debt_gdp,1989-12-31,98.4,2026-10-07
IT.gg_debt_gdp.IMF_WEO,IT,gg_debt_gdp,1990-12-31,101.7,2026-10-07
IT.gg_debt_gdp.IMF_WEO,IT,gg_debt_gdp,1991-12-31,105.3,2026-10-07
IT.gg_debt_gdp.IMF_WEO,IT,gg_debt_gdp,1992-12-31,113.0,2026-10-07
IT.gg_debt_gdp.IMF_WEO,IT,gg_debt_gdp,1993-12-31,124.1,2026-10-07
IT.gg_debt_gdp.IMF_WEO,IT,gg_debt_gdp,1994-12-31,130.8,2026-10-07
IT.gg_debt_gdp.IMF_WEO,IT,gg_debt_gdp,1995-12-31,119.1,2026-10-07
IT.gg_debt_gdp.IMF_WEO,IT,gg_debt_gdp,1996-12-31,118.9,2026-10-07
IT.gg_debt_gdp.IMF_WEO,IT,gg_debt_gdp,1997-12-31,116.5,2026-10-07
IT.gg_debt_gdp.IMF_WEO,IT,gg_debt_gdp,1998-12-31,113.9,2026-10-07
IT.gg_debt_gdp.IMF_WEO,IT,gg_debt_gdp,1999-12-31,113.1,2026-10-07
IT.gg_debt_gdp.IMF_WEO,IT,gg_debt_gdp,2000-12-31,108.7,2026-10-07
IT.gg_debt_gdp.IMF_WEO,IT,gg_debt_gdp,2001-12-31,108.5,2026-10-07
IT.gg_debt_gdp.IMF_WEO,IT,gg_debt_gdp,2002-12-31,105.9,2026-10-07
IT.gg_debt_gdp.IMF_WEO,IT,gg_debt_gdp,2003-12-31,105.1,2026-10-07
IT.gg_debt_gdp.IMF_WEO,IT,gg_debt_gdp,2004-12-31,104.7,2026-10-07
IT.gg_debt_gdp.IMF_WEO,IT,gg_debt_gdp,2005-12-31,106.2,2026-10-07
IT.gg_debt_gdp.IMF_WEO,IT,gg_debt_gdp,2006-12-31,106.3,2026-10-07
IT.gg_debt_gdp.IMF_WEO,IT,gg_debt_gdp,2007-12-31,103.5,2026-10-07
IT.gg_debt_gdp.IMF_WEO,IT,gg_debt_gdp,2008-12-31,105.8,2026-10-07
IT.gg_debt_gdp.IMF_WEO,IT,gg_debt_gdp,2009-12-31,116.1,2026-10-07
IT.gg_debt_gdp.IMF_WEO,IT,gg_debt_gdp,2010-12-31,118.8,2026-10-07
IT.gg_debt_gdp.IMF_WEO,IT,gg_debt_gdp,2011-12-31,119.1,2026-10-07
IT.gg_debt_gdp.IMF_WEO,IT,gg_debt_gdp,2012-12-31,125.9,2026-10-07
IT.gg_debt_gdp.IMF_WEO,IT,gg_debt_gdp,2013-12-31,131.9,2026-10-07
IT.gg_debt_gdp.IMF_WEO,IT,gg_debt_gdp,2014-12-31,134.8,2026-10-07
IT.gg_debt_gdp.IMF_WEO,IT,gg_debt_gdp,2015-12-31,134.8,2026-10-07
IT.gg_debt_gdp.IMF_WEO,IT,gg_debt_gdp,2016-12-31,134.2,2026-10-07
IT.gg_debt_gdp.IMF_WEO,IT,gg_debt_gdp,2017-12-31,133.7,2026-10-07
IT.gg_debt_gdp.IMF_WEO,IT,gg_debt_gdp,2018-12-31,134.2,2026-10-07
IT.gg_debt_gdp.IMF_WEO,IT,gg_debt_gdp,2019-12-31,133.9,2026-10-07
IT.gg_debt_gdp.IMF_WEO,IT,gg_debt_gdp,2020-12-31,154.4,2026-10-07
IT.gg_debt_gdp.IMF_WEO,IT,gg_debt_gdp,2021-12-31,145.8,2026-10-07
IT.gg_debt_gdp.IMF_WEO,IT,gg_debt_gdp,2022-12-31,138.4,2026-10-07
IT.gg_debt_gdp.IMF_WEO,IT,gg_debt_gdp,2023-12-31,133.9,2026-10-07
IT.gg_debt_gdp.IMF_WEO,IT,gg_debt_gdp,2024-12-31,134.7,2026-10-07
IT.gg_debt_gdp.IMF_WEO,IT,gg_debt_gdp,2025-12-31,137.1,2026-10-07
IT.gg_interest_gdp.IMF_WEO,IT,gg_interest_gdp,1862-12-31,1.660089969635,2026-10-07
IT.gg_interest_gdp.IMF_WEO,IT,gg_interest_gdp,1863-12-31,2.2074499130249,2026-10-07
IT.gg_interest_gdp.IMF_WEO,IT,gg_interest_gdp,1864-12-31,2.5257999897003,2026-10-07
IT.gg_interest_gdp.IMF_WEO,IT,gg_interest_gdp,1865-12-31,3.0413799285889,2026-10-07
IT.gg_interest_gdp.IMF_WEO,IT,gg_interest_gdp,1866-12-31,2.9147698879242,2026-10-07
IT.gg_interest_gdp.IMF_WEO,IT,gg_interest_gdp,1867-12-31,3.2323200702667,2026-10-07
IT.gg_interest_gdp.IMF_WEO,IT,gg_interest_gdp,1868-12-31,2.931960105896,2026-10-07
IT.gg_interest_gdp.IMF_WEO,IT,gg_interest_gdp,1869-12-31,3.6889998912811,2026-10-07
IT.gg_interest_gdp.IMF_WEO,IT,gg_interest_gdp,1870-12-31,4.1592302322388,2026-10-07
IT.gg_interest_gdp.IMF_WEO,IT,gg_interest_gdp,1871-12-31,4.1932501792908,2026-10-07
IT.gg_interest_gdp.IMF_WEO,IT,gg_interest_gdp,1872-12-31,4.0440201759338,2026-10-07
IT.gg_interest_gdp.IMF_WEO,IT,gg_interest_gdp,1873-12-31,3.6345999240875,2026-10-07
IT.gg_interest_gdp.IMF_WEO,IT,gg_interest_gdp,1874-12-31,3.8757700920105,2026-10-07
IT.gg_interest_gdp.IMF_WEO,IT,gg_interest_gdp,1875-12-31,4.3499097824097,2026-10-07
IT.gg_interest_gdp.IMF_WEO,IT,gg_interest_gdp,1876-12-31,4.3652300834656,2026-10-07
IT.gg_interest_gdp.IMF_WEO,IT,gg_interest_gdp,1877-12-31,4.0746998786926,2026-10-07
IT.gg_interest_gdp.IMF_WEO,IT,gg_interest_gdp,1878-12-31,4.4370698928833,2026-10-07
IT.gg_interest_gdp.IMF_WEO,IT,gg_interest_gdp,1879-12-31,4.4917302131653,2026-10-07
IT.gg_interest_gdp.IMF_WEO,IT,gg_interest_gdp,1880-12-31,4.1883502006531,2026-10-07
IT.gg_interest_gdp.IMF_WEO,IT,gg_interest_gdp,1881-12-31,4.7290301322937,2026-10-07
IT.gg_interest_gdp.IMF_WEO,IT,gg_interest_gdp,1882-12-31,4.8398399353027,2026-10-07
IT.gg_interest_gdp.IMF_WEO,IT,gg_interest_gdp,1883-12-31,4.92214012146,2026-10-07
IT.gg_interest_gdp.IMF_WEO,IT,gg_interest_gdp,1884-12-31,5.0182600021362,2026-10-07
IT.gg_interest_gdp.IMF_WEO,IT,gg_interest_gdp,1885-12-31,4.7009301185608,2026-10-07
IT.gg_interest_gdp.IMF_WEO,IT,gg_interest_gdp,1886-12-31,4.5254597663879,2026-10-07
IT.gg_interest_gdp.IMF_WEO,IT,gg_interest_gdp,1887-12-31,4.9683799743652,2026-10-07
IT.gg_interest_gdp.IMF_WEO,IT,gg_interest_gdp,1888-12-31,5.1002798080444,2026-10-07
IT.gg_interest_gdp.IMF_WEO,IT,gg_interest_gdp,1889-12-31,5.1385498046875,2026-10-07
IT.gg_interest_gdp.IMF_WEO,IT,gg_interest_gdp,1890-12-31,4.5085802078247,2026-10-07
IT.gg_interest_gdp.IMF_WEO,IT,gg_interest_gdp,1891-12-31,4.4981098175049,2026-10-07
IT.gg_interest_gdp.IMF_WEO,IT,gg_interest_gdp,1892-12-31,4.9296898841858,2026-10-07
IT.gg_interest_gdp.IMF_WEO,IT,gg_interest_gdp,1893-12-31,4.8039197921753,2026-10-07
IT.gg_interest_gdp.IMF_WEO,IT,gg_interest_gdp,1894-12-31,4.8525700569153,2026-10-07
IT.gg_interest_gdp.IMF_WEO,IT,gg_interest_gdp,1895-12-31,4.9098401069641,2026-10-07
IT.gg_interest_gdp.IMF_WEO,IT,gg_interest_gdp,1896-12-31,4.9180297851562,2026-10-07
IT.gg_interest_gdp.IMF_WEO,IT,gg_interest_gdp,1897-12-31,4.9327697753906,2026-10-07
IT.gg_interest_gdp.IMF_WEO,IT,gg_interest_gdp,1898-12-31,4.4916501045227,2026-10-07
IT.gg_interest_gdp.IMF_WEO,IT,gg_interest_gdp,1899-12-31,4.4864001274109,2026-10-07
IT.gg_interest_gdp.IMF_WEO,IT,gg_interest_gdp,1900-12-31,4.2146401405334,2026-10-07
IT.gg_interest_gdp.IMF_WEO,IT,gg_interest_gdp,1901-12-31,4.1283102035522,2026-10-07
IT.gg_interest_gdp.IMF_WEO,IT,gg_interest_gdp,1902-12-31,4.2279901504517,2026-10-07
IT.gg_interest_gdp.IMF_WEO,IT,gg_interest_gdp,1903-12-31,3.8589498996735,2026-10-07
IT.gg_interest_gdp.IMF_WEO,IT,gg_interest_gdp,1904-12-31,3.8724799156189,2026-10-07
IT.gg_interest_gdp.IMF_WEO,IT,gg_interest_gdp,1905-12-31,3.719269990921,2026-10-07
IT.gg_interest_gdp.IMF_WEO,IT,gg_interest_gdp,1906-12-31,3.3109800815582,2026-10-07
IT.gg_interest_gdp.IMF_WEO,IT,gg_interest_gdp,1907-12-31,2.6415100097656,2026-10-07
IT.gg_interest_gdp.IMF_WEO,IT,gg_interest_gdp,1908-12-31,2.7449901103973,2026-10-07
IT.gg_interest_gdp.IMF_WEO,IT,gg_interest_gdp,1909-12-31,2.5806500911713,2026-10-07
IT.gg_interest_gdp.IMF_WEO,IT,gg_interest_gdp,1910-12-31,2.6313099861145,2026-10-07
IT.gg_interest_gdp.IMF_WEO,IT,gg_interest_gdp,1911-12-31,2.3367500305176,2026-10-07
IT.gg_interest_gdp.IMF_WEO,IT,gg_interest_gdp,1912-12-31,2.2695000171661,2026-10-07
IT.gg_interest_gdp.IMF_WEO,IT,gg_interest_gdp,1913-12-31,2.317850112915,2026-10-07
IT.gg_interest_gdp.IMF_WEO,IT,gg_interest_gdp,1914-12-31,2.3926899433136,2026-10-07
IT.gg_interest_gdp.IMF_WEO,IT,gg_interest_gdp,1915-12-31,2.4006900787354,2026-10-07
IT.gg_interest_gdp.IMF_WEO,IT,gg_interest_gdp,1916-12-31,1.9878499507904,2026-10-07
IT.gg_interest_gdp.IMF_WEO,IT,gg_interest_gdp,1917-12-31,2.9441199302673,2026-10-07
IT.gg_interest_gdp.IMF_WEO,IT,gg_interest_gdp,1918-12-31,2.6725399494171,2026-10-07
IT.gg_interest_gdp.IMF_WEO,IT,gg_interest_gdp,1919-12-31,4.2729001045227,2026-10-07
IT.gg_interest_gdp.IMF_WEO,IT,gg_interest_gdp,1920-12-31,3.8452498912811,2026-10-07
IT.gg_interest_gdp.IMF_WEO,IT,gg_interest_gdp,1921-12-31,3.7841999530792,2026-10-07
IT.gg_interest_gdp.IMF_WEO,IT,gg_interest_gdp,1922-12-31,3.9604499340057,2026-10-07
IT.gg_interest_gdp.IMF_WEO,IT,gg_interest_gdp,1923-12-31,3.7630200386047,2026-10-07
IT.gg_interest_gdp.IMF_WEO,IT,gg_interest_gdp,1924-12-31,3.4084899425507,2026-10-07
IT.gg_interest_gdp.IMF_WEO,IT,gg_interest_gdp,1925-12-31,2.315239906311,2026-10-07
IT.gg_interest_gdp.IMF_WEO,IT,gg_interest_gdp,1926-12-31,2.0031499862671,2026-10-07
IT.gg_interest_gdp.IMF_WEO,IT,gg_interest_gdp,1927-12-31,2.9675500392914,2026-10-07
IT.gg_interest_gdp.IMF_WEO,IT,gg_interest_gdp,1928-12-31,3.6900799274445,2026-10-07
IT.gg_interest_gdp.IMF_WEO,IT,gg_interest_gdp,1929-12-31,2.7929201126099,2026-10-07
IT.gg_interest_gdp.IMF_WEO,IT,gg_interest_gdp,1930-12-31,3.1427199840546,2026-10-07
IT.gg_interest_gdp.IMF_WEO,IT,gg_interest_gdp,1931-12-31,3.5133199691772,2026-10-07
IT.gg_interest_gdp.IMF_WEO,IT,gg_interest_gdp,1932-12-31,3.8901801109314,2026-10-07
IT.gg_interest_gdp.IMF_WEO,IT,gg_interest_gdp,1933-12-31,5.8028402328491,2026-10-07
IT.gg_interest_gdp.IMF_WEO,IT,gg_interest_gdp,1934-12-31,3.8571801185608,2026-10-07
IT.gg_interest_gdp.IMF_WEO,IT,gg_interest_gdp,1935-12-31,3.5319900512695,2026-10-07
IT.gg_interest_gdp.IMF_WEO,IT,gg_interest_gdp,1936-12-31,3.567440032959,2026-10-07
IT.gg_interest_gdp.IMF_WEO,IT,gg_interest_gdp,1937-12-31,3.3299000263214,2026-10-07
IT.gg_interest_gdp.IMF_WEO,IT,gg_interest_gdp,1938-12-31,3.4075500965118,2026-10-07
IT.gg_interest_gdp.IMF_WEO,IT,gg_interest_gdp,1939-12-31,2.8701701164246,2026-10-07
IT.gg_interest_gdp.IMF_WEO,IT,gg_interest_gdp,1940-12-31,3.1441099643707,2026-10-07
IT.gg_interest_gdp.IMF_WEO,IT,gg_interest_gdp,1941-12-31,3.5443999767303,2026-10-07
IT.gg_interest_gdp.IMF_WEO,IT,gg_interest_gdp,1942-12-31,4.2248001098633,2026-10-07
IT.gg_interest_gdp.IMF_WEO,IT,gg_interest_gdp,1943-12-31,0.95576101541519,2026-10-07
IT.gg_interest_gdp.IMF_WEO,IT,gg_interest_gdp,1944-12-31,1.0503599643707,2026-10-07
IT.gg_interest_gdp.IMF_WEO,IT,gg_interest_gdp,1945-12-31,0.8326730132103,2026-10-07
IT.gg_interest_gdp.IMF_WEO,IT,gg_interest_gdp,1946-12-31,1.763239979744,2026-10-07
IT.gg_interest_gdp.IMF_WEO,IT,gg_interest_gdp,1947-12-31,0.63980901241302,2026-10-07
IT.gg_interest_gdp.IMF_WEO,IT,gg_interest_gdp,1948-12-31,0.88485902547836,2026-10-07
IT.gg_interest_gdp.IMF_WEO,IT,gg_interest_gdp,1949-12-31,1.084380030632,2026-10-07
IT.gg_interest_gdp.IMF_WEO,IT,gg_interest_gdp,1950-12-31,1.0380899906158,2026-10-07
IT.gg_interest_gdp.IMF_WEO,IT,gg_interest_gdp,1951-12-31,1.0888700485229,2026-10-07
IT.gg_interest_gdp.IMF_WEO,IT,gg_interest_gdp,1952-12-31,1.0766799449921,2026-10-07
IT.gg_interest_gdp.IMF_WEO,IT,gg_interest_gdp,1953-12-31,1.0994000434875,2026-10-07
IT.gg_interest_gdp.IMF_WEO,IT,gg_interest_gdp,1954-12-31,0.95950502157211,2026-10-07
IT.gg_interest_gdp.IMF_WEO,IT,gg_interest_gdp,1955-12-31,1.4364900588989,2026-10-07
IT.gg_interest_gdp.IMF_WEO,IT,gg_interest_gdp,1956-12-31,1.2611700296402,2026-10-07
IT.gg_interest_gdp.IMF_WEO,IT,gg_interest_gdp,1957-12-31,1.1108900308609,2026-10-07
IT.gg_interest_gdp.IMF_WEO,IT,gg_interest_gdp,1958-12-31,1.1396299600601,2026-10-07
IT.gg_interest_gdp.IMF_WEO,IT,gg_interest_gdp,1959-12-31,1.152340054512,2026-10-07
IT.gg_interest_gdp.IMF_WEO,IT,gg_interest_gdp,1960-12-31,1.0901700258255,2026-10-07
IT.gg_interest_gdp.IMF_WEO,IT,gg_interest_gdp,1961-12-31,1.0417300462723,2026-10-07
IT.gg_interest_gdp.IMF_WEO,IT,gg_interest_gdp,1962-12-31,0.94142299890518,2026-10-07
IT.gg_interest_gdp.IMF_WEO,IT,gg_interest_gdp,1963-12-31,0.82434397935867,2026-10-07
IT.gg_interest_gdp.IMF_WEO,IT,gg_interest_gdp,1964-12-31,0.33234798908234,2026-10-07
IT.gg_interest_gdp.IMF_WEO,IT,gg_interest_gdp,1965-12-31,0.65930998325348,2026-10-07
IT.gg_interest_gdp.IMF_WEO,IT,gg_interest_gdp,1966-12-31,0.7180410027504,2026-10-07
IT.gg_interest_gdp.IMF_WEO,IT,gg_interest_gdp,1967-12-31,0.77926802635193,2026-10-07
IT.gg_interest_gdp.IMF_WEO,IT,gg_interest_gdp,1968-12-31,1.2249300479889,2026-10-07
IT.gg_interest_gdp.IMF_WEO,IT,gg_interest_gdp,1969-12-31,1.2793500423431,2026-10-07
IT.gg_interest_gdp.IMF_WEO,IT,gg_interest_gdp,1970-12-31,1.3209199905396,2026-10-07
IT.gg_interest_gdp.IMF_WEO,IT,gg_interest_gdp,1971-12-31,1.514860033989,2026-10-07
IT.gg_interest_gdp.IMF_WEO,IT,gg_interest_gdp,1972-12-31,1.7072900533676,2026-10-07
IT.gg_interest_gdp.IMF_WEO,IT,gg_interest_gdp,1973-12-31,1.8782700300217,2026-10-07
IT.gg_interest_gdp.IMF_WEO,IT,gg_interest_gdp,1974-12-31,2.2265200614929,2026-10-07
IT.gg_interest_gdp.IMF_WEO,IT,gg_interest_gdp,1975-12-31,2.8592801094055,2026-10-07
IT.gg_interest_gdp.IMF_WEO,IT,gg_interest_gdp,1976-12-31,3.2355399131775,2026-10-07
IT.gg_interest_gdp.IMF_WEO,IT,gg_interest_gdp,1977-12-31,3.518660068512,2026-10-07
IT.gg_interest_gdp.IMF_WEO,IT,gg_interest_gdp,1978-12-31,4.1674599647522,2026-10-07
IT.gg_interest_gdp.IMF_WEO,IT,gg_interest_gdp,1979-12-31,4.1121401786804,2026-10-07
IT.gg_interest_gdp.IMF_WEO,IT,gg_interest_gdp,1980-12-31,4.4266300201416,2026-10-07
IT.gg_interest_gdp.IMF_WEO,IT,gg_interest_gdp,1981-12-31,5.0933299064636,2026-10-07
IT.gg_interest_gdp.IMF_WEO,IT,gg_interest_gdp,1982-12-31,6.5695900917053,2026-10-07
IT.gg_interest_gdp.IMF_WEO,IT,gg_interest_gdp,1983-12-31,7.8107600212097,2026-10-07
IT.gg_interest_gdp.IMF_WEO,IT,gg_interest_gdp,1984-12-31,8.3836002349854,2026-10-07
IT.gg_interest_gdp.IMF_WEO,IT,gg_interest_gdp,1985-12-31,8.4254903793335,2026-10-07
IT.gg_interest_gdp.IMF_WEO,IT,gg_interest_gdp,1986-12-31,8.7804899215698,2026-10-07
IT.gg_interest_gdp.IMF_WEO,IT,gg_interest_gdp,1987-12-31,7.9010801315308,2026-10-07
IT.gg_interest_gdp.IMF_WEO,IT,gg_interest_gdp,1988-12-31,8.2934598922729,2026-10-07
IT.gg_interest_gdp.IMF_WEO,IT,gg_interest_gdp,1989-12-31,9.1635704040527,2026-10-07
IT.gg_interest_gdp.IMF_WEO,IT,gg_interest_gdp,1990-12-31,10.084400177002,2026-10-07
IT.gg_interest_gdp.IMF_WEO,IT,gg_interest_gdp,1991-12-31,11.349200248718,2026-10-07
IT.gg_interest_gdp.IMF_WEO,IT,gg_interest_gdp,1992-12-31,12.229900360107,2026-10-07
IT.gg_interest_gdp.IMF_WEO,IT,gg_interest_gdp,1993-12-31,12.659099578857,2026-10-07
IT.gg_interest_gdp.IMF_WEO,IT,gg_interest_gdp,1994-12-31,11.359600067139,2026-10-07
IT.gg_interest_gdp.IMF_WEO,IT,gg_interest_gdp,1995-12-31,11.589699745178,2026-10-07
IT.gg_interest_gdp.IMF_WEO,IT,gg_interest_gdp,1996-12-31,11.517600059509,2026-10-07
IT.gg_interest_gdp.IMF_WEO,IT,gg_interest_gdp,1997-12-31,9.2916803359985,2026-10-07
IT.gg_interest_gdp.IMF_WEO,IT,gg_interest_gdp,1998-12-31,8.1821699142456,2026-10-07
IT.gg_interest_gdp.IMF_WEO,IT,gg_interest_gdp,1999-12-31,6.6416101455688,2026-10-07
IT.gg_interest_gdp.IMF_WEO,IT,gg_interest_gdp,2000-12-31,6.3329300880432,2026-10-07
IT.gg_interest_gdp.IMF_WEO,IT,gg_interest_gdp,2001-12-31,6.2908000946045,2026-10-07
IT.gg_interest_gdp.IMF_WEO,IT,gg_interest_gdp,2002-12-31,5.6383399963379,2026-10-07
IT.gg_interest_gdp.IMF_WEO,IT,gg_interest_gdp,2003-12-31,5.1458101272583,2026-10-07
IT.gg_interest_gdp.IMF_WEO,IT,gg_interest_gdp,2004-12-31,4.7741799354553,2026-10-07
IT.gg_interest_gdp.IMF_WEO,IT,gg_interest_gdp,2005-12-31,4.6744599342346,2026-10-07
IT.gg_interest_gdp.IMF_WEO,IT,gg_interest_gdp,2006-12-31,4.6105499267578,2026-10-07
IT.gg_interest_gdp.IMF_WEO,IT,gg_interest_gdp,2007-12-31,4.9468598365784,2026-10-07
IT.gg_interest_gdp.IMF_WEO,IT,gg_interest_gdp,2008-12-31,5.1244201660156,2026-10-07
IT.gg_interest_gdp.IMF_WEO,IT,gg_interest_gdp,2009-12-31,4.5352001190186,2026-10-07
IT.gg_interest_gdp.IMF_WEO,IT,gg_interest_gdp,2010-12-31,4.3956098556519,2026-10-07
IT.gg_interest_gdp.IMF_WEO,IT,gg_interest_gdp,2011-12-31,4.6197511467018,2026-10-07
IT.gg_interest_gdp.IMF_WEO,IT,gg_interest_gdp,2012-12-31,5.1186264429092,2026-10-07
IT.gg_interest_gdp.IMF_WEO,IT,gg_interest_gdp,2013-12-31,4.790033936526,2026-10-07
IT.gg_interest_gdp.IMF_WEO,IT,gg_interest_gdp,2014-12-31,4.5506060995067,2026-10-07
IT.gg_interest_gdp.IMF_WEO,IT,gg_interest_gdp,2015-12-31,4.0952865365862,2026-10-07
IT.gg_interest_gdp.IMF_WEO,IT,gg_interest_gdp,2016-12-31,3.8864279446475,2026-10-07
IT.gg_interest_gdp.IMF_WEO,IT,gg_interest_gdp,2017-12-31,3.745097432264,2026-10-07
IT.gg_interest_gdp.IMF_WEO,IT,gg_interest_gdp,2018-12-31,3.6206562924696,2026-10-07
IT.gg_interest_gdp.IMF_WEO,IT,gg_interest_gdp,2019-12-31,3.3376790675296,2026-10-07
IT.gg_interest_gdp.IMF_WEO,IT,gg_interest_gdp,2020-12-31,3.4206919347334,2026-10-07
IT.gg_interest_gdp.IMF_WEO,IT,gg_interest_gdp,2021-12-31,3.4189268106299,2026-10-07
IT.gg_interest_gdp.IMF_WEO,IT,gg_interest_gdp,2022-12-31,4.0820830870544,2026-10-07
IT.gg_interest_gdp.IMF_WEO,IT,gg_interest_gdp,2023-12-31,3.6508569525052,2026-10-07
IT.gg_interest_gdp.IMF_WEO,IT,gg_interest_gdp,2024-12-31,3.8856280571723,2026-10-07
IT.gg_net_lending_gdp.IMF_WEO,IT,gg_net_lending_gdp,1988-12-31,-10.6,2026-10-07
IT.gg_net_lending_gdp.IMF_WEO,IT,gg_net_lending_gdp,1989-12-31,-10.9,2026-10-07
IT.gg_net_lending_gdp.IMF_WEO,IT,gg_net_lending_gdp,1990-12-31,-11.1,2026-10-07
IT.gg_net_lending_gdp.IMF_WEO,IT,gg_net_lending_gdp,1991-12-31,-11.1,2026-10-07
IT.gg_net_lending_gdp.IMF_WEO,IT,gg_net_lending_gdp,1992-12-31,-10.1,2026-10-07
IT.gg_net_lending_gdp.IMF_WEO,IT,gg_net_lending_gdp,1993-12-31,-9.8,2026-10-07
IT.gg_net_lending_gdp.IMF_WEO,IT,gg_net_lending_gdp,1994-12-31,-8.8,2026-10-07
IT.gg_net_lending_gdp.IMF_WEO,IT,gg_net_lending_gdp,1995-12-31,-7.2,2026-10-07
IT.gg_net_lending_gdp.IMF_WEO,IT,gg_net_lending_gdp,1996-12-31,-6.6,2026-10-07
IT.gg_net_lending_gdp.IMF_WEO,IT,gg_net_lending_gdp,1997-12-31,-3.0,2026-10-07
IT.gg_net_lending_gdp.IMF_WEO,IT,gg_net_lending_gdp,1998-12-31,-3.0,2026-10-07
IT.gg_net_lending_gdp.IMF_WEO,IT,gg_net_lending_gdp,1999-12-31,-1.8,2026-10-07
IT.gg_net_lending_gdp.IMF_WEO,IT,gg_net_lending_gdp,2000-12-31,-2.4,2026-10-07
IT.gg_net_lending_gdp.IMF_WEO,IT,gg_net_lending_gdp,2001-12-31,-3.2,2026-10-07
IT.gg_net_lending_gdp.IMF_WEO,IT,gg_net_lending_gdp,2002-12-31,-2.9,2026-10-07
IT.gg_net_lending_gdp.IMF_WEO,IT,gg_net_lending_gdp,2003-12-31,-3.2,2026-10-07
IT.gg_net_lending_gdp.IMF_WEO,IT,gg_net_lending_gdp,2004-12-31,-3.5,2026-10-07
IT.gg_net_lending_gdp.IMF_WEO,IT,gg_net_lending_gdp,2005-12-31,-4.1,2026-10-07
IT.gg_net_lending_gdp.IMF_WEO,IT,gg_net_lending_gdp,2006-12-31,-3.6,2026-10-07
IT.gg_net_lending_gdp.IMF_WEO,IT,gg_net_lending_gdp,2007-12-31,-1.3,2026-10-07
IT.gg_net_lending_gdp.IMF_WEO,IT,gg_net_lending_gdp,2008-12-31,-2.6,2026-10-07
IT.gg_net_lending_gdp.IMF_WEO,IT,gg_net_lending_gdp,2009-12-31,-5.1,2026-10-07
IT.gg_net_lending_gdp.IMF_WEO,IT,gg_net_lending_gdp,2010-12-31,-4.2,2026-10-07
IT.gg_net_lending_gdp.IMF_WEO,IT,gg_net_lending_gdp,2011-12-31,-3.5,2026-10-07
IT.gg_net_lending_gdp.IMF_WEO,IT,gg_net_lending_gdp,2012-12-31,-3.0,2026-10-07
IT.gg_net_lending_gdp.IMF_WEO,IT,gg_net_lending_gdp,2013-12-31,-2.9,2026-10-07
IT.gg_net_lending_gdp.IMF_WEO,IT,gg_net_lending_gdp,2014-12-31,-2.8,2026-10-07
IT.gg_net_lending_gdp.IMF_WEO,IT,gg_net_lending_gdp,2015-12-31,-2.5,2026-10-07
IT.gg_net_lending_gdp.IMF_WEO,IT,gg_net_lending_gdp,2016-12-31,-2.4,2026-10-07
IT.gg_net_lending_gdp.IMF_WEO,IT,gg_net_lending_gdp,2017-12-31,-2.5,2026-10-07
IT.gg_net_lending_gdp.IMF_WEO,IT,gg_net_lending_gdp,2018-12-31,-2.2,2026-10-07
IT.gg_net_lending_gdp.IMF_WEO,IT,gg_net_lending_gdp,2019-12-31,-1.5,2026-10-07
IT.gg_net_lending_gdp.IMF_WEO,IT,gg_net_lending_gdp,2020-12-31,-9.4,2026-10-07
IT.gg_net_lending_gdp.IMF_WEO,IT,gg_net_lending_gdp,2021-12-31,-8.9,2026-10-07
IT.gg_net_lending_gdp.IMF_WEO,IT,gg_net_lending_gdp,2022-12-31,-8.1,2026-10-07
IT.gg_net_lending_gdp.IMF_WEO,IT,gg_net_lending_gdp,2023-12-31,-7.1,2026-10-07
IT.gg_net_lending_gdp.IMF_WEO,IT,gg_net_lending_gdp,2024-12-31,-3.4,2026-10-07
IT.gg_net_lending_gdp.IMF_WEO,IT,gg_net_lending_gdp,2025-12-31,-3.1,2026-10-07
IT.gg_revenue_gdp.IMF_WEO,IT,gg_revenue_gdp,1862-12-31,6.0134701728821,2026-10-07
IT.gg_revenue_gdp.IMF_WEO,IT,gg_revenue_gdp,1863-12-31,6.7352299690247,2026-10-07
IT.gg_revenue_gdp.IMF_WEO,IT,gg_revenue_gdp,1864-12-31,8.9860401153564,2026-10-07
IT.gg_revenue_gdp.IMF_WEO,IT,gg_revenue_gdp,1865-12-31,9.4777803421021,2026-10-07
IT.gg_revenue_gdp.IMF_WEO,IT,gg_revenue_gdp,1866-12-31,9.2723598480225,2026-10-07
IT.gg_revenue_gdp.IMF_WEO,IT,gg_revenue_gdp,1867-12-31,9.5398397445679,2026-10-07
IT.gg_revenue_gdp.IMF_WEO,IT,gg_revenue_gdp,1868-12-31,9.3721599578857,2026-10-07
IT.gg_revenue_gdp.IMF_WEO,IT,gg_revenue_gdp,1869-12-31,11.129699707031,2026-10-07
IT.gg_revenue_gdp.IMF_WEO,IT,gg_revenue_gdp,1870-12-31,9.0326595306396,2026-10-07
IT.gg_revenue_gdp.IMF_WEO,IT,gg_revenue_gdp,1871-12-31,11.688400268555,2026-10-07
IT.gg_revenue_gdp.IMF_WEO,IT,gg_revenue_gdp,1872-12-31,11.508500099182,2026-10-07
IT.gg_revenue_gdp.IMF_WEO,IT,gg_revenue_gdp,1873-12-31,10.427300453186,2026-10-07
IT.gg_revenue_gdp.IMF_WEO,IT,gg_revenue_gdp,1874-12-31,10.764100074768,2026-10-07
IT.gg_revenue_gdp.IMF_WEO,IT,gg_revenue_gdp,1875-12-31,12.588800430298,2026-10-07
IT.gg_revenue_gdp.IMF_WEO,IT,gg_revenue_gdp,1876-12-31,12.228400230408,2026-10-07
IT.gg_revenue_gdp.IMF_WEO,IT,gg_revenue_gdp,1877-12-31,11.52799987793,2026-10-07
IT.gg_revenue_gdp.IMF_WEO,IT,gg_revenue_gdp,1878-12-31,12.065299987793,2026-10-07
IT.gg_revenue_gdp.IMF_WEO,IT,gg_revenue_gdp,1879-12-31,12.438599586487,2026-10-07
IT.gg_revenue_gdp.IMF_WEO,IT,gg_revenue_gdp,1880-12-31,11.481699943542,2026-10-07
IT.gg_revenue_gdp.IMF_WEO,IT,gg_revenue_gdp,1881-12-31,13.231800079346,2026-10-07
IT.gg_revenue_gdp.IMF_WEO,IT,gg_revenue_gdp,1882-12-31,12.944199562073,2026-10-07
IT.gg_revenue_gdp.IMF_WEO,IT,gg_revenue_gdp,1883-12-31,13.6077003479,2026-10-07
IT.gg_revenue_gdp.IMF_WEO,IT,gg_revenue_gdp,1884-12-31,14.202799797058,2026-10-07
IT.gg_revenue_gdp.IMF_WEO,IT,gg_revenue_gdp,1885-12-31,14.646599769592,2026-10-07
IT.gg_revenue_gdp.IMF_WEO,IT,gg_revenue_gdp,1886-12-31,13.68630027771,2026-10-07
IT.gg_revenue_gdp.IMF_WEO,IT,gg_revenue_gdp,1887-12-31,15.429100036621,2026-10-07
IT.gg_revenue_gdp.IMF_WEO,IT,gg_revenue_gdp,1888-12-31,15.500499725342,2026-10-07
IT.gg_revenue_gdp.IMF_WEO,IT,gg_revenue_gdp,1889-12-31,15.944800376892,2026-10-07
IT.gg_revenue_gdp.IMF_WEO,IT,gg_revenue_gdp,1890-12-31,14.032799720764,2026-10-07
IT.gg_revenue_gdp.IMF_WEO,IT,gg_revenue_gdp,1891-12-31,12.520799636841,2026-10-07
IT.gg_revenue_gdp.IMF_WEO,IT,gg_revenue_gdp,1892-12-31,14.01159954071,2026-10-07
IT.gg_revenue_gdp.IMF_WEO,IT,gg_revenue_gdp,1893-12-31,13.545700073242,2026-10-07
IT.gg_revenue_gdp.IMF_WEO,IT,gg_revenue_gdp,1894-12-31,14.39760017395,2026-10-07
IT.gg_revenue_gdp.IMF_WEO,IT,gg_revenue_gdp,1895-12-31,13.942600250244,2026-10-07
IT.gg_revenue_gdp.IMF_WEO,IT,gg_revenue_gdp,1896-12-31,13.737700462341,2026-10-07
IT.gg_revenue_gdp.IMF_WEO,IT,gg_revenue_gdp,1897-12-31,14.117699623108,2026-10-07
IT.gg_revenue_gdp.IMF_WEO,IT,gg_revenue_gdp,1898-12-31,12.943799972534,2026-10-07
IT.gg_revenue_gdp.IMF_WEO,IT,gg_revenue_gdp,1899-12-31,13.02110004425,2026-10-07
IT.gg_revenue_gdp.IMF_WEO,IT,gg_revenue_gdp,1900-12-31,12.86429977417,2026-10-07
IT.gg_revenue_gdp.IMF_WEO,IT,gg_revenue_gdp,1901-12-31,12.628999710083,2026-10-07
IT.gg_revenue_gdp.IMF_WEO,IT,gg_revenue_gdp,1902-12-31,13.347800254822,2026-10-07
IT.gg_revenue_gdp.IMF_WEO,IT,gg_revenue_gdp,1903-12-31,12.521599769592,2026-10-07
IT.gg_revenue_gdp.IMF_WEO,IT,gg_revenue_gdp,1904-12-31,12.932900428772,2026-10-07
IT.gg_revenue_gdp.IMF_WEO,IT,gg_revenue_gdp,1905-12-31,13.085399627686,2026-10-07
IT.gg_revenue_gdp.IMF_WEO,IT,gg_revenue_gdp,1906-12-31,12.579299926758,2026-10-07
IT.gg_revenue_gdp.IMF_WEO,IT,gg_revenue_gdp,1907-12-31,10.862500190735,2026-10-07
IT.gg_revenue_gdp.IMF_WEO,IT,gg_revenue_gdp,1908-12-31,12.215999603271,2026-10-07
IT.gg_revenue_gdp.IMF_WEO,IT,gg_revenue_gdp,1909-12-31,12.037899971008,2026-10-07
IT.gg_revenue_gdp.IMF_WEO,IT,gg_revenue_gdp,1910-12-31,13.573599815369,2026-10-07
IT.gg_revenue_gdp.IMF_WEO,IT,gg_revenue_gdp,1911-12-31,12.919799804688,2026-10-07
IT.gg_revenue_gdp.IMF_WEO,IT,gg_revenue_gdp,1912-12-31,12.052300453186,2026-10-07
IT.gg_revenue_gdp.IMF_WEO,IT,gg_revenue_gdp,1913-12-31,12.266699790955,2026-10-07
IT.gg_revenue_gdp.IMF_WEO,IT,gg_revenue_gdp,1914-12-31,11.334500312805,2026-10-07
IT.gg_revenue_gdp.IMF_WEO,IT,gg_revenue_gdp,1915-12-31,11.747799873352,2026-10-07
IT.gg_revenue_gdp.IMF_WEO,IT,gg_revenue_gdp,1916-12-31,11.781299591064,2026-10-07
IT.gg_revenue_gdp.IMF_WEO,IT,gg_revenue_gdp,1917-12-31,13.17440032959,2026-10-07
IT.gg_revenue_gdp.IMF_WEO,IT,gg_revenue_gdp,1918-12-31,13.913999557495,2026-10-07
IT.gg_revenue_gdp.IMF_WEO,IT,gg_revenue_gdp,1919-12-31,14.122599601746,2026-10-07
IT.gg_revenue_gdp.IMF_WEO,IT,gg_revenue_gdp,1920-12-31,12.904600143433,2026-10-07
IT.gg_revenue_gdp.IMF_WEO,IT,gg_revenue_gdp,1921-12-31,14.081899642944,2026-10-07
IT.gg_revenue_gdp.IMF_WEO,IT,gg_revenue_gdp,1922-12-31,22.051900863647,2026-10-07
IT.gg_revenue_gdp.IMF_WEO,IT,gg_revenue_gdp,1923-12-31,19.706199645996,2026-10-07
IT.gg_revenue_gdp.IMF_WEO,IT,gg_revenue_gdp,1924-12-31,15.958800315857,2026-10-07
IT.gg_revenue_gdp.IMF_WEO,IT,gg_revenue_gdp,1925-12-31,13.155799865723,2026-10-07
IT.gg_revenue_gdp.IMF_WEO,IT,gg_revenue_gdp,1926-12-31,11.778499603271,2026-10-07
IT.gg_revenue_gdp.IMF_WEO,IT,gg_revenue_gdp,1927-12-31,12.55029964447,2026-10-07
IT.gg_revenue_gdp.IMF_WEO,IT,gg_revenue_gdp,1928-12-31,13.008299827576,2026-10-07
IT.gg_revenue_gdp.IMF_WEO,IT,gg_revenue_gdp,1929-12-31,12.236200332642,2026-10-07
IT.gg_revenue_gdp.IMF_WEO,IT,gg_revenue_gdp,1930-12-31,13.612500190735,2026-10-07
IT.gg_revenue_gdp.IMF_WEO,IT,gg_revenue_gdp,1931-12-31,14.371299743652,2026-10-07
IT.gg_revenue_gdp.IMF_WEO,IT,gg_revenue_gdp,1932-12-31,13.82740020752,2026-10-07
IT.gg_revenue_gdp.IMF_WEO,IT,gg_revenue_gdp,1933-12-31,14.417200088501,2026-10-07
IT.gg_revenue_gdp.IMF_WEO,IT,gg_revenue_gdp,1934-12-31,15.044799804688,2026-10-07
IT.gg_revenue_gdp.IMF_WEO,IT,gg_revenue_gdp,1935-12-31,14.647500038147,2026-10-07
IT.gg_revenue_gdp.IMF_WEO,IT,gg_revenue_gdp,1936-12-31,16.955799102783,2026-10-07
IT.gg_revenue_gdp.IMF_WEO,IT,gg_revenue_gdp,1937-12-31,15.707200050354,2026-10-07
IT.gg_revenue_gdp.IMF_WEO,IT,gg_revenue_gdp,1938-12-31,14.567999839783,2026-10-07
IT.gg_revenue_gdp.IMF_WEO,IT,gg_revenue_gdp,1939-12-31,15.079899787903,2026-10-07
IT.gg_revenue_gdp.IMF_WEO,IT,gg_revenue_gdp,1940-12-31,13.791199684143,2026-10-07
IT.gg_revenue_gdp.IMF_WEO,IT,gg_revenue_gdp,1941-12-31,14.427000045776,2026-10-07
IT.gg_revenue_gdp.IMF_WEO,IT,gg_revenue_gdp,1942-12-31,13.597800254822,2026-10-07
IT.gg_revenue_gdp.IMF_WEO,IT,gg_revenue_gdp,1943-12-31,9.2407398223877,2026-10-07
IT.gg_revenue_gdp.IMF_WEO,IT,gg_revenue_gdp,1944-12-31,7.5446000099182,2026-10-07
IT.gg_revenue_gdp.IMF_WEO,IT,gg_revenue_gdp,1945-12-31,10.515399932861,2026-10-07
IT.gg_revenue_gdp.IMF_WEO,IT,gg_revenue_gdp,1946-12-31,12.311699867249,2026-10-07
IT.gg_revenue_gdp.IMF_WEO,IT,gg_revenue_gdp,1947-12-31,11.277899742126,2026-10-07
IT.gg_revenue_gdp.IMF_WEO,IT,gg_revenue_gdp,1948-12-31,12.219400405884,2026-10-07
IT.gg_revenue_gdp.IMF_WEO,IT,gg_revenue_gdp,1949-12-31,14.072500228882,2026-10-07
IT.gg_revenue_gdp.IMF_WEO,IT,gg_revenue_gdp,1950-12-31,14.858200073242,2026-10-07
IT.gg_revenue_gdp.IMF_WEO,IT,gg_revenue_gdp,1951-12-31,15.140999794006,2026-10-07
IT.gg_revenue_gdp.IMF_WEO,IT,gg_revenue_gdp,1952-12-31,16.003000259399,2026-10-07
IT.gg_revenue_gdp.IMF_WEO,IT,gg_revenue_gdp,1953-12-31,14.357899665833,2026-10-07
IT.gg_revenue_gdp.IMF_WEO,IT,gg_revenue_gdp,1954-12-31,14.741200447083,2026-10-07
IT.gg_revenue_gdp.IMF_WEO,IT,gg_revenue_gdp,1955-12-31,15.163499832153,2026-10-07
IT.gg_revenue_gdp.IMF_WEO,IT,gg_revenue_gdp,1956-12-31,14.840200424194,2026-10-07
IT.gg_revenue_gdp.IMF_WEO,IT,gg_revenue_gdp,1957-12-31,15.123299598694,2026-10-07
IT.gg_revenue_gdp.IMF_WEO,IT,gg_revenue_gdp,1958-12-31,15.624199867249,2026-10-07
IT.gg_revenue_gdp.IMF_WEO,IT,gg_revenue_gdp,1959-12-31,17.254600524902,2026-10-07
IT.gg_revenue_gdp.IMF_WEO,IT,gg_revenue_gdp,1960-12-31,16.219200134277,2026-10-07
IT.gg_revenue_gdp.IMF_WEO,IT,gg_revenue_gdp,1961-12-31,16.690900802612,2026-10-07
IT.gg_revenue_gdp.IMF_WEO,IT,gg_revenue_gdp,1962-12-31,16.573900222778,2026-10-07
IT.gg_revenue_gdp.IMF_WEO,IT,gg_revenue_gdp,1963-12-31,16.370800018311,2026-10-07
IT.gg_revenue_gdp.IMF_WEO,IT,gg_revenue_gdp,1964-12-31,15.866800308228,2026-10-07
IT.gg_revenue_gdp.IMF_WEO,IT,gg_revenue_gdp,1965-12-31,15.924900054932,2026-10-07
IT.gg_revenue_gdp.IMF_WEO,IT,gg_revenue_gdp,1966-12-31,17.506500244141,2026-10-07
IT.gg_revenue_gdp.IMF_WEO,IT,gg_revenue_gdp,1967-12-31,16.959899902344,2026-10-07
IT.gg_revenue_gdp.IMF_WEO,IT,gg_revenue_gdp,1968-12-31,30.069400787354,2026-10-07
IT.gg_revenue_gdp.IMF_WEO,IT,gg_revenue_gdp,1969-12-31,29.208799362183,2026-10-07
IT.gg_revenue_gdp.IMF_WEO,IT,gg_revenue_gdp,1970-12-31,29.104400634766,2026-10-07
IT.gg_revenue_gdp.IMF_WEO,IT,gg_revenue_gdp,1971-12-31,29.668800354004,2026-10-07
IT.gg_revenue_gdp.IMF_WEO,IT,gg_revenue_gdp,1972-12-31,29.52260017395,2026-10-07
IT.gg_revenue_gdp.IMF_WEO,IT,gg_revenue_gdp,1973-12-31,28.904300689697,2026-10-07
IT.gg_revenue_gdp.IMF_WEO,IT,gg_revenue_gdp,1974-12-31,28.540599822998,2026-10-07
IT.gg_revenue_gdp.IMF_WEO,IT,gg_revenue_gdp,1975-12-31,28.839000701904,2026-10-07
IT.gg_revenue_gdp.IMF_WEO,IT,gg_revenue_gdp,1976-12-31,30.236299514771,2026-10-07
IT.gg_revenue_gdp.IMF_WEO,IT,gg_revenue_gdp,1977-12-31,31.536800384521,2026-10-07
IT.gg_revenue_gdp.IMF_WEO,IT,gg_revenue_gdp,1978-12-31,32.416400909424,2026-10-07
IT.gg_revenue_gdp.IMF_WEO,IT,gg_revenue_gdp,1979-12-31,31.908899307251,2026-10-07
IT.gg_revenue_gdp.IMF_WEO,IT,gg_revenue_gdp,1980-12-31,33.819999694824,2026-10-07
IT.gg_revenue_gdp.IMF_WEO,IT,gg_revenue_gdp,1981-12-31,33.729900360107,2026-10-07
IT.gg_revenue_gdp.IMF_WEO,IT,gg_revenue_gdp,1982-12-31,36.696601867676,2026-10-07
IT.gg_revenue_gdp.IMF_WEO,IT,gg_revenue_gdp,1983-12-31,38.81969833374,2026-10-07
IT.gg_revenue_gdp.IMF_WEO,IT,gg_revenue_gdp,1984-12-31,37.649501800537,2026-10-07
IT.gg_revenue_gdp.IMF_WEO,IT,gg_revenue_gdp,1985-12-31,37.453601837158,2026-10-07
IT.gg_revenue_gdp.IMF_WEO,IT,gg_revenue_gdp,1986-12-31,38.49649810791,2026-10-07
IT.gg_revenue_gdp.IMF_WEO,IT,gg_revenue_gdp,1987-12-31,38.256900787354,2026-10-07
IT.gg_revenue_gdp.IMF_WEO,IT,gg_revenue_gdp,1988-12-31,39.335998535156,2026-10-07
IT.gg_revenue_gdp.IMF_WEO,IT,gg_revenue_gdp,1989-12-31,40.164398193359,2026-10-07
IT.gg_revenue_gdp.IMF_WEO,IT,gg_revenue_gdp,1990-12-31,41.416900634766,2026-10-07
IT.gg_revenue_gdp.IMF_WEO,IT,gg_revenue_gdp,1991-12-31,42.554798126221,2026-10-07
IT.gg_revenue_gdp.IMF_WEO,IT,gg_revenue_gdp,1992-12-31,44.922100067139,2026-10-07
IT.gg_revenue_gdp.IMF_WEO,IT,gg_revenue_gdp,1993-12-31,46.237800598145,2026-10-07
IT.gg_revenue_gdp.IMF_WEO,IT,gg_revenue_gdp,1994-12-31,44.398899078369,2026-10-07
IT.gg_revenue_gdp.IMF_WEO,IT,gg_revenue_gdp,1995-12-31,45.006900787354,2026-10-07
IT.gg_revenue_gdp.IMF_WEO,IT,gg_revenue_gdp,1996-12-31,45.446899414062,2026-10-07
IT.gg_revenue_gdp.IMF_WEO,IT,gg_revenue_gdp,1997-12-31,47.482898712158,2026-10-07
IT.gg_revenue_gdp.IMF_WEO,IT,gg_revenue_gdp,1998-12-31,46.243301391602,2026-10-07
IT.gg_revenue_gdp.IMF_WEO,IT,gg_revenue_gdp,1999-12-31,46.144298553467,2026-10-07
IT.gg_revenue_gdp.IMF_WEO,IT,gg_revenue_gdp,2000-12-31,44.952701568604,2026-10-07
IT.gg_revenue_gdp.IMF_WEO,IT,gg_revenue_gdp,2001-12-31,44.523399353027,2026-10-07
IT.gg_revenue_gdp.IMF_WEO,IT,gg_revenue_gdp,2002-12-31,43.953098297119,2026-10-07
IT.gg_revenue_gdp.IMF_WEO,IT,gg_revenue_gdp,2003-12-31,44.43090057373,2026-10-07
IT.gg_revenue_gdp.IMF_WEO,IT,gg_revenue_gdp,2004-12-31,43.959800720215,2026-10-07
IT.gg_revenue_gdp.IMF_WEO,IT,gg_revenue_gdp,2005-12-31,43.423400878906,2026-10-07
IT.gg_revenue_gdp.IMF_WEO,IT,gg_revenue_gdp,2006-12-31,45.039001464844,2026-10-07
IT.gg_revenue_gdp.IMF_WEO,IT,gg_revenue_gdp,2007-12-31,46.040699005127,2026-10-07
IT.gg_revenue_gdp.IMF_WEO,IT,gg_revenue_gdp,2008-12-31,45.927700042725,2026-10-07
IT.gg_revenue_gdp.IMF_WEO,IT,gg_revenue_gdp,2009-12-31,46.257400512695,2026-10-07
IT.gg_revenue_gdp.IMF_WEO,IT,gg_revenue_gdp,2010-12-31,45.762298583984,2026-10-07
IT.gg_revenue_gdp.IMF_WEO,IT,gg_revenue_gdp,2011-12-31,45.502249961083,2026-10-07
IT.gg_revenue_gdp.IMF_WEO,IT,gg_revenue_gdp,2012-12-31,47.495344170093,2026-10-07
IT.gg_revenue_gdp.IMF_WEO,IT,gg_revenue_gdp,2013-12-31,48.026105589349,2026-10-07
IT.gg_revenue_gdp.IMF_WEO,IT,gg_revenue_gdp,2014-12-31,47.896532120523,2026-10-07
IT.gg_revenue_gdp.IMF_WEO,IT,gg_revenue_gdp,2015-12-31,47.784675802842,2026-10-07
IT.gg_revenue_gdp.IMF_WEO,IT,gg_revenue_gdp,2016-12-31,46.575253276523,2026-10-07
IT.gg_revenue_gdp.IMF_WEO,IT,gg_revenue_gdp,2017-12-31,46.27404852066,2026-10-07
IT.gg_revenue_gdp.IMF_WEO,IT,gg_revenue_gdp,2018-12-31,46.12868894509,2026-10-07
IT.gg_revenue_gdp.IMF_WEO,IT,gg_revenue_gdp,2019-12-31,46.973672832731,2026-10-07
IT.gg_revenue_gdp.IMF_WEO,IT,gg_revenue_gdp,2020-12-31,47.404960320668,2026-10-07
IT.gg_revenue_gdp.IMF_WEO,IT,gg_revenue_gdp,2021-12-31,47.159849509473,2026-10-07
IT.gg_revenue_gdp.IMF_WEO,IT,gg_revenue_gdp,2022-12-31,46.822063057756,2026-10-07
IT.gg_revenue_gdp.IMF_WEO,IT,gg_revenue_gdp,2023-12-31,46.715148330432,2026-10-07
IT.gg_revenue_gdp.IMF_WEO,IT,gg_revenue_gdp,2024-12-31,47.115954385153,2026-10-07
IT.rgdp_growth.IMF_WEO,IT,rgdp_growth,1980-12-31,3.1,2026-10-07
IT.rgdp_growth.IMF_WEO,IT,rgdp_growth,1981-12-31,4.7,2026-10-07
IT.rgdp_growth.IMF_WEO,IT,rgdp_growth,1982-12-31,0.4,2026-10-07
IT.rgdp_growth.IMF_WEO,IT,rgdp_growth,1983-12-31,1.2,2026-10-07
IT.rgdp_growth.IMF_WEO,IT,rgdp_growth,1984-12-31,3.2,2026-10-07
IT.rgdp_growth.IMF_WEO,IT,rgdp_growth,1985-12-31,2.8,2026-10-07
IT.rgdp_growth.IMF_WEO,IT,rgdp_growth,1986-12-31,2.9,2026-10-07
IT.rgdp_growth.IMF_WEO,IT,rgdp_growth,1987-12-31,3.2,2026-10-07
IT.rgdp_growth.IMF_WEO,IT,rgdp_growth,1988-12-31,4.2,2026-10-07
IT.rgdp_growth.IMF_WEO,IT,rgdp_growth,1989-12-31,3.4,2026-10-07
IT.rgdp_growth.IMF_WEO,IT,rgdp_growth,1990-12-31,2.1,2026-10-07
IT.rgdp_growth.IMF_WEO,IT,rgdp_growth,1991-12-31,1.4,2026-10-07
IT.rgdp_growth.IMF_WEO,IT,rgdp_growth,1992-12-31,0.8,2026-10-07
IT.rgdp_growth.IMF_WEO,IT,rgdp_growth,1993-12-31,-0.9,2026-10-07
IT.rgdp_growth.IMF_WEO,IT,rgdp_growth,1994-12-31,2.2,2026-10-07
IT.rgdp_growth.IMF_WEO,IT,rgdp_growth,1995-12-31,2.9,2026-10-07
IT.rgdp_growth.IMF_WEO,IT,rgdp_growth,1996-12-31,1.5,2026-10-07
IT.rgdp_growth.IMF_WEO,IT,rgdp_growth,1997-12-31,1.9,2026-10-07
IT.rgdp_growth.IMF_WEO,IT,rgdp_growth,1998-12-31,1.8,2026-10-07
IT.rgdp_growth.IMF_WEO,IT,rgdp_growth,1999-12-31,1.7,2026-10-07
IT.rgdp_growth.IMF_WEO,IT,rgdp_growth,2000-12-31,3.9,2026-10-07
IT.rgdp_growth.IMF_WEO,IT,rgdp_growth,2001-12-31,2.0,2026-10-07
IT.rgdp_growth.IMF_WEO,IT,rgdp_growth,2002-12-31,0.3,2026-10-07
IT.rgdp_growth.IMF_WEO,IT,rgdp_growth,2003-12-31,0.1,2026-10-07
IT.rgdp_growth.IMF_WEO,IT,rgdp_growth,2004-12-31,1.5,2026-10-07
IT.rgdp_growth.IMF_WEO,IT,rgdp_growth,2005-12-31,0.8,2026-10-07
IT.rgdp_growth.IMF_WEO,IT,rgdp_growth,2006-12-31,1.8,2026-10-07
IT.rgdp_growth.IMF_WEO,IT,rgdp_growth,2007-12-31,1.5,2026-10-07
IT.rgdp_growth.IMF_WEO,IT,rgdp_growth,2008-12-31,-1.0,2026-10-07
IT.rgdp_growth.IMF_WEO,IT,rgdp_growth,2009-12-31,-5.3,2026-10-07
IT.rgdp_growth.IMF_WEO,IT,rgdp_growth,2010-12-31,1.5,2026-10-07
IT.rgdp_growth.IMF_WEO,IT,rgdp_growth,2011-12-31,0.7,2026-10-07
IT.rgdp_growth.IMF_WEO,IT,rgdp_growth,2012-12-31,-3.1,2026-10-07
IT.rgdp_growth.IMF_WEO,IT,rgdp_growth,2013-12-31,-1.8,2026-10-07
IT.rgdp_growth.IMF_WEO,IT,rgdp_growth,2014-12-31,0.0,2026-10-07
IT.rgdp_growth.IMF_WEO,IT,rgdp_growth,2015-12-31,0.9,2026-10-07
IT.rgdp_growth.IMF_WEO,IT,rgdp_growth,2016-12-31,1.2,2026-10-07
IT.rgdp_growth.IMF_WEO,IT,rgdp_growth,2017-12-31,1.6,2026-10-07
IT.rgdp_growth.IMF_WEO,IT,rgdp_growth,2018-12-31,0.8,2026-10-07
IT.rgdp_growth.IMF_WEO,IT,rgdp_growth,2019-12-31,0.4,2026-10-07
IT.rgdp_growth.IMF_WEO,IT,rgdp_growth,2020-12-31,-8.9,2026-10-07
IT.rgdp_growth.IMF_WEO,IT,rgdp_growth,2021-12-31,8.9,2026-10-07
IT.rgdp_growth.IMF_WEO,IT,rgdp_growth,2022-12-31,4.8,2026-10-07
IT.rgdp_growth.IMF_WEO,IT,rgdp_growth,2023-12-31,0.9,2026-10-07
IT.rgdp_growth.IMF_WEO,IT,rgdp_growth,2024-12-31,0.8,2026-10-07
IT.rgdp_growth.IMF_WEO,IT,rgdp_growth,2025-12-31,0.5,2026-10-07
JP.cpi_yoy.IMF_WEO,JP,cpi_yoy,1980-12-31,7.8,2026-10-07
JP.cpi_yoy.IMF_WEO,JP,cpi_yoy,1981-12-31,4.9,2026-10-07
JP.cpi_yoy.IMF_WEO,JP,cpi_yoy,1982-12-31,2.7,2026-10-07
JP.cpi_yoy.IMF_WEO,JP,cpi_yoy,1983-12-31,1.9,2026-10-07
JP.cpi_yoy.IMF_WEO,JP,cpi_yoy,1984-12-31,2.3,2026-10-07
JP.cpi_yoy.IMF_WEO,JP,cpi_yoy,1985-12-31,2.0,2026-10-07
JP.cpi_yoy.IMF_WEO,JP,cpi_yoy,1986-12-31,0.6,2026-10-07
JP.cpi_yoy.IMF_WEO,JP,cpi_yoy,1987-12-31,0.1,2026-10-07
JP.cpi_yoy.IMF_WEO,JP,cpi_yoy,1988-12-31,0.7,2026-10-07
JP.cpi_yoy.IMF_WEO,JP,cpi_yoy,1989-12-31,2.3,2026-10-07
JP.cpi_yoy.IMF_WEO,JP,cpi_yoy,1990-12-31,3.1,2026-10-07
JP.cpi_yoy.IMF_WEO,JP,cpi_yoy,1991-12-31,3.3,2026-10-07
JP.cpi_yoy.IMF_WEO,JP,cpi_yoy,1992-12-31,1.7,2026-10-07
JP.cpi_yoy.IMF_WEO,JP,cpi_yoy,1993-12-31,1.3,2026-10-07
JP.cpi_yoy.IMF_WEO,JP,cpi_yoy,1994-12-31,0.7,2026-10-07
JP.cpi_yoy.IMF_WEO,JP,cpi_yoy,1995-12-31,-0.1,2026-10-07
JP.cpi_yoy.IMF_WEO,JP,cpi_yoy,1996-12-31,0.1,2026-10-07
JP.cpi_yoy.IMF_WEO,JP,cpi_yoy,1997-12-31,1.7,2026-10-07
JP.cpi_yoy.IMF_WEO,JP,cpi_yoy,1998-12-31,0.7,2026-10-07
JP.cpi_yoy.IMF_WEO,JP,cpi_yoy,1999-12-31,-0.3,2026-10-07
JP.cpi_yoy.IMF_WEO,JP,cpi_yoy,2000-12-31,-0.7,2026-10-07
JP.cpi_yoy.IMF_WEO,JP,cpi_yoy,2001-12-31,-0.7,2026-10-07
JP.cpi_yoy.IMF_WEO,JP,cpi_yoy,2002-12-31,-0.9,2026-10-07
JP.cpi_yoy.IMF_WEO,JP,cpi_yoy,2003-12-31,-0.3,2026-10-07
JP.cpi_yoy.IMF_WEO,JP,cpi_yoy,2004-12-31,0.0,2026-10-07
JP.cpi_yoy.IMF_WEO,JP,cpi_yoy,2005-12-31,-0.3,2026-10-07
JP.cpi_yoy.IMF_WEO,JP,cpi_yoy,2006-12-31,0.3,2026-10-07
JP.cpi_yoy.IMF_WEO,JP,cpi_yoy,2007-12-31,0.0,2026-10-07
JP.cpi_yoy.IMF_WEO,JP,cpi_yoy,2008-12-31,1.4,2026-10-07
JP.cpi_yoy.IMF_WEO,JP,cpi_yoy,2009-12-31,-1.3,2026-10-07
JP.cpi_yoy.IMF_WEO,JP,cpi_yoy,2010-12-31,-0.7,2026-10-07
JP.cpi_yoy.IMF_WEO,JP,cpi_yoy,2011-12-31,-0.3,2026-10-07
JP.cpi_yoy.IMF_WEO,JP,cpi_yoy,2012-12-31,0.0,2026-10-07
JP.cpi_yoy.IMF_WEO,JP,cpi_yoy,2013-12-31,0.3,2026-10-07
JP.cpi_yoy.IMF_WEO,JP,cpi_yoy,2014-12-31,2.8,2026-10-07
JP.cpi_yoy.IMF_WEO,JP,cpi_yoy,2015-12-31,0.8,2026-10-07
JP.cpi_yoy.IMF_WEO,JP,cpi_yoy,2016-12-31,-0.1,2026-10-07
JP.cpi_yoy.IMF_WEO,JP,cpi_yoy,2017-12-31,0.5,2026-10-07
JP.cpi_yoy.IMF_WEO,JP,cpi_yoy,2018-12-31,1.0,2026-10-07
JP.cpi_yoy.IMF_WEO,JP,cpi_yoy,2019-12-31,0.5,2026-10-07
JP.cpi_yoy.IMF_WEO,JP,cpi_yoy,2020-12-31,0.0,2026-10-07
JP.cpi_yoy.IMF_WEO,JP,cpi_yoy,2021-12-31,-0.2,2026-10-07
JP.cpi_yoy.IMF_WEO,JP,cpi_yoy,2022-12-31,2.5,2026-10-07
JP.cpi_yoy.IMF_WEO,JP,cpi_yoy,2023-12-31,3.3,2026-10-07
JP.cpi_yoy.IMF_WEO,JP,cpi_yoy,2024-12-31,2.7,2026-10-07
JP.cpi_yoy.IMF_WEO,JP,cpi_yoy,2025-12-31,3.2,2026-10-07
JP.gg_debt_gdp.IMF_WEO,JP,gg_debt_gdp,1980-12-31,41.4,2026-10-07
JP.gg_debt_gdp.IMF_WEO,JP,gg_debt_gdp,1981-12-31,45.8,2026-10-07
JP.gg_debt_gdp.IMF_WEO,JP,gg_debt_gdp,1982-12-31,50.1,2026-10-07
JP.gg_debt_gdp.IMF_WEO,JP,gg_debt_gdp,1983-12-31,55.1,2026-10-07
JP.gg_debt_gdp.IMF_WEO,JP,gg_debt_gdp,1984-12-31,56.9,2026-10-07
JP.gg_debt_gdp.IMF_WEO,JP,gg_debt_gdp,1985-12-31,59.2,2026-10-07
JP.gg_debt_gdp.IMF_WEO,JP,gg_debt_gdp,1986-12-31,64.2,2026-10-07
JP.gg_debt_gdp.IMF_WEO,JP,gg_debt_gdp,1987-12-31,65.7,2026-10-07
JP.gg_debt_gdp.IMF_WEO,JP,gg_debt_gdp,1988-12-31,62.4,2026-10-07
JP.gg_debt_gdp.IMF_WEO,JP,gg_debt_gdp,1989-12-31,56.9,2026-10-07
JP.gg_debt_gdp.IMF_WEO,JP,gg_debt_gdp,1990-12-31,54.8,2026-10-07
JP.gg_debt_gdp.IMF_WEO,JP,gg_debt_gdp,1991-12-31,54.1,2026-10-07
JP.gg_debt_gdp.IMF_WEO,JP,gg_debt_gdp,1992-12-31,57.9,2026-10-07
JP.gg_debt_gdp.IMF_WEO,JP,gg_debt_gdp,1993-12-31,63.2,2026-10-07
JP.gg_debt_gdp.IMF_WEO,JP,gg_debt_gdp,1994-12-31,73.3,2026-10-07
JP.gg_debt_gdp.IMF_WEO,JP,gg_debt_gdp,1995-12-31,80.7,2026-10-07
JP.gg_debt_gdp.IMF_WEO,JP,gg_debt_gdp,1996-12-31,85.3,2026-10-07
JP.gg_debt_gdp.IMF_WEO,JP,gg_debt_gdp,1997-12-31,91.3,2026-10-07
JP.gg_debt_gdp.IMF_WEO,JP,gg_debt_gdp,1998-12-31,101.6,2026-10-07
JP.gg_debt_gdp.IMF_WEO,JP,gg_debt_gdp,1999-12-31,113.5,2026-10-07
JP.gg_debt_gdp.IMF_WEO,JP,gg_debt_gdp,2000-12-31,118.5,2026-10-07
JP.gg_debt_gdp.IMF_WEO,JP,gg_debt_gdp,2001-12-31,126.8,2026-10-07
JP.gg_debt_gdp.IMF_WEO,JP,gg_debt_gdp,2002-12-31,134.6,2026-10-07
JP.gg_debt_gdp.IMF_WEO,JP,gg_debt_gdp,2003-12-31,140.2,2026-10-07
JP.gg_debt_gdp.IMF_WEO,JP,gg_debt_gdp,2004-12-31,148.8,2026-10-07
JP.gg_debt_gdp.IMF_WEO,JP,gg_debt_gdp,2005-12-31,153.4,2026-10-07
JP.gg_debt_gdp.IMF_WEO,JP,gg_debt_gdp,2006-12-31,152.1,2026-10-07
JP.gg_debt_gdp.IMF_WEO,JP,gg_debt_gdp,2007-12-31,150.4,2026-10-07
JP.gg_debt_gdp.IMF_WEO,JP,gg_debt_gdp,2008-12-31,153.6,2026-10-07
JP.gg_debt_gdp.IMF_WEO,JP,gg_debt_gdp,2009-12-31,172.9,2026-10-07
JP.gg_debt_gdp.IMF_WEO,JP,gg_debt_gdp,2010-12-31,178.6,2026-10-07
JP.gg_debt_gdp.IMF_WEO,JP,gg_debt_gdp,2011-12-31,190.6,2026-10-07
JP.gg_debt_gdp.IMF_WEO,JP,gg_debt_gdp,2012-12-31,197.1,2026-10-07
JP.gg_debt_gdp.IMF_WEO,JP,gg_debt_gdp,2013-12-31,201.2,2026-10-07
JP.gg_debt_gdp.IMF_WEO,JP,gg_debt_gdp,2014-12-31,203.6,2026-10-07
JP.gg_debt_gdp.IMF_WEO,JP,gg_debt_gdp,2015-12-31,200.1,2026-10-07
JP.gg_debt_gdp.IMF_WEO,JP,gg_debt_gdp,2016-12-31,202.1,2026-10-07
JP.gg_debt_gdp.IMF_WEO,JP,gg_debt_gdp,2017-12-31,203.1,2026-10-07
JP.gg_debt_gdp.IMF_WEO,JP,gg_debt_gdp,2018-12-31,203.7,2026-10-07
JP.gg_debt_gdp.IMF_WEO,JP,gg_debt_gdp,2019-12-31,206.3,2026-10-07
JP.gg_debt_gdp.IMF_WEO,JP,gg_debt_gdp,2020-12-31,228.8,2026-10-07
JP.gg_debt_gdp.IMF_WEO,JP,gg_debt_gdp,2021-12-31,222.7,2026-10-07
JP.gg_debt_gdp.IMF_WEO,JP,gg_debt_gdp,2022-12-31,227.8,2026-10-07
JP.gg_debt_gdp.IMF_WEO,JP,gg_debt_gdp,2023-12-31,220.3,2026-10-07
JP.gg_debt_gdp.IMF_WEO,JP,gg_debt_gdp,2024-12-31,214.5,2026-10-07
JP.gg_debt_gdp.IMF_WEO,JP,gg_debt_gdp,2025-12-31,206.5,2026-10-07
JP.gg_interest_gdp.IMF_WEO,JP,gg_interest_gdp,1875-12-31,0.059980999678373,2026-10-07
JP.gg_interest_gdp.IMF_WEO,JP,gg_interest_gdp,1876-12-31,0.056584998965263,2026-10-07
JP.gg_interest_gdp.IMF_WEO,JP,gg_interest_gdp,1877-12-31,0.29326099157333,2026-10-07
JP.gg_interest_gdp.IMF_WEO,JP,gg_interest_gdp,1878-12-31,0.26709899306297,2026-10-07
JP.gg_interest_gdp.IMF_WEO,JP,gg_interest_gdp,1879-12-31,0.2088830024004,2026-10-07
JP.gg_interest_gdp.IMF_WEO,JP,gg_interest_gdp,1880-12-31,0.22055900096893,2026-10-07
JP.gg_interest_gdp.IMF_WEO,JP,gg_interest_gdp,1881-12-31,0.19580599665642,2026-10-07
JP.gg_interest_gdp.IMF_WEO,JP,gg_interest_gdp,1882-12-31,0.20160399377346,2026-10-07
JP.gg_interest_gdp.IMF_WEO,JP,gg_interest_gdp,1883-12-31,0.20856299996376,2026-10-07
JP.gg_interest_gdp.IMF_WEO,JP,gg_interest_gdp,1884-12-31,0.20232799649239,2026-10-07
JP.gg_interest_gdp.IMF_WEO,JP,gg_interest_gdp,1885-12-31,0.11389599740505,2026-10-07
JP.gg_interest_gdp.IMF_WEO,JP,gg_interest_gdp,1886-12-31,0.20707499980927,2026-10-07
JP.gg_interest_gdp.IMF_WEO,JP,gg_interest_gdp,1887-12-31,0.20402200520039,2026-10-07
JP.gg_interest_gdp.IMF_WEO,JP,gg_interest_gdp,1888-12-31,0.18488499522209,2026-10-07
JP.gg_interest_gdp.IMF_WEO,JP,gg_interest_gdp,1889-12-31,0.15871199965477,2026-10-07
JP.gg_interest_gdp.IMF_WEO,JP,gg_interest_gdp,1890-12-31,0.1363539993763,2026-10-07
JP.gg_interest_gdp.IMF_WEO,JP,gg_interest_gdp,1891-12-31,0.12553100287914,2026-10-07
JP.gg_interest_gdp.IMF_WEO,JP,gg_interest_gdp,1892-12-31,0.12403599917889,2026-10-07
JP.gg_interest_gdp.IMF_WEO,JP,gg_interest_gdp,1893-12-31,0.10498800128698,2026-10-07
JP.gg_interest_gdp.IMF_WEO,JP,gg_interest_gdp,1894-12-31,0.095187000930309,2026-10-07
JP.gg_interest_gdp.IMF_WEO,JP,gg_interest_gdp,1895-12-31,0.10299599915743,2026-10-07
JP.gg_interest_gdp.IMF_WEO,JP,gg_interest_gdp,1896-12-31,0.11336100101471,2026-10-07
JP.gg_interest_gdp.IMF_WEO,JP,gg_interest_gdp,1897-12-31,0.092744000256062,2026-10-07
JP.gg_interest_gdp.IMF_WEO,JP,gg_interest_gdp,1898-12-31,0.088964998722076,2026-10-07
JP.gg_interest_gdp.IMF_WEO,JP,gg_interest_gdp,1899-12-31,0.090648002922535,2026-10-07
JP.gg_interest_gdp.IMF_WEO,JP,gg_interest_gdp,1900-12-31,0.097560003399849,2026-10-07
JP.gg_interest_gdp.IMF_WEO,JP,gg_interest_gdp,1901-12-31,0.10468599945307,2026-10-07
JP.gg_interest_gdp.IMF_WEO,JP,gg_interest_gdp,1902-12-31,0.10417799651623,2026-10-07
JP.gg_interest_gdp.IMF_WEO,JP,gg_interest_gdp,1903-12-31,0.099840000271797,2026-10-07
JP.gg_interest_gdp.IMF_WEO,JP,gg_interest_gdp,1904-12-31,0.1203759983182,2026-10-07
JP.gg_interest_gdp.IMF_WEO,JP,gg_interest_gdp,1905-12-31,0.29125499725342,2026-10-07
JP.gg_interest_gdp.IMF_WEO,JP,gg_interest_gdp,1906-12-31,0.31168100237846,2026-10-07
JP.gg_interest_gdp.IMF_WEO,JP,gg_interest_gdp,1907-12-31,0.31020000576973,2026-10-07
JP.gg_interest_gdp.IMF_WEO,JP,gg_interest_gdp,1908-12-31,0.28044301271439,2026-10-07
JP.gg_interest_gdp.IMF_WEO,JP,gg_interest_gdp,1909-12-31,0.30934700369835,2026-10-07
JP.gg_interest_gdp.IMF_WEO,JP,gg_interest_gdp,1910-12-31,0.3145759999752,2026-10-07
JP.gg_interest_gdp.IMF_WEO,JP,gg_interest_gdp,1911-12-31,0.27331799268723,2026-10-07
JP.gg_interest_gdp.IMF_WEO,JP,gg_interest_gdp,1912-12-31,0.25075998902321,2026-10-07
JP.gg_interest_gdp.IMF_WEO,JP,gg_interest_gdp,1913-12-31,0.23963299393654,2026-10-07
JP.gg_interest_gdp.IMF_WEO,JP,gg_interest_gdp,1914-12-31,0.21130199730396,2026-10-07
JP.gg_interest_gdp.IMF_WEO,JP,gg_interest_gdp,1915-12-31,0.25430199503899,2026-10-07
JP.gg_interest_gdp.IMF_WEO,JP,gg_interest_gdp,1916-12-31,0.18731999397278,2026-10-07
JP.gg_interest_gdp.IMF_WEO,JP,gg_interest_gdp,1917-12-31,0.13518400490284,2026-10-07
JP.gg_interest_gdp.IMF_WEO,JP,gg_interest_gdp,1918-12-31,0.10724099725485,2026-10-07
JP.gg_interest_gdp.IMF_WEO,JP,gg_interest_gdp,1919-12-31,0.10685200244188,2026-10-07
JP.gg_interest_gdp.IMF_WEO,JP,gg_interest_gdp,1920-12-31,0.10700999945402,2026-10-07
JP.gg_interest_gdp.IMF_WEO,JP,gg_interest_gdp,1921-12-31,0.12738099694252,2026-10-07
JP.gg_interest_gdp.IMF_WEO,JP,gg_interest_gdp,1922-12-31,0.12665200233459,2026-10-07
JP.gg_interest_gdp.IMF_WEO,JP,gg_interest_gdp,1923-12-31,0.13839599490166,2026-10-07
JP.gg_interest_gdp.IMF_WEO,JP,gg_interest_gdp,1924-12-31,0.14843000471592,2026-10-07
JP.gg_interest_gdp.IMF_WEO,JP,gg_interest_gdp,1925-12-31,0.15577499568462,2026-10-07
JP.gg_interest_gdp.IMF_WEO,JP,gg_interest_gdp,1926-12-31,0.16768200695515,2026-10-07
JP.gg_interest_gdp.IMF_WEO,JP,gg_interest_gdp,1927-12-31,0.16419899463654,2026-10-07
JP.gg_interest_gdp.IMF_WEO,JP,gg_interest_gdp,1928-12-31,0.18483500182629,2026-10-07
JP.gg_interest_gdp.IMF_WEO,JP,gg_interest_gdp,1929-12-31,0.19162499904633,2026-10-07
JP.gg_interest_gdp.IMF_WEO,JP,gg_interest_gdp,1930-12-31,0.23415899276733,2026-10-07
JP.gg_interest_gdp.IMF_WEO,JP,gg_interest_gdp,1931-12-31,0.26142999529839,2026-10-07
JP.gg_interest_gdp.IMF_WEO,JP,gg_interest_gdp,1932-12-31,0.2634260058403,2026-10-07
JP.gg_interest_gdp.IMF_WEO,JP,gg_interest_gdp,1933-12-31,0.26521199941635,2026-10-07
JP.gg_interest_gdp.IMF_WEO,JP,gg_interest_gdp,1934-12-31,0.25379300117493,2026-10-07
JP.gg_interest_gdp.IMF_WEO,JP,gg_interest_gdp,1935-12-31,0.25984799861908,2026-10-07
JP.gg_interest_gdp.IMF_WEO,JP,gg_interest_gdp,1936-12-31,0.24102400243282,2026-10-07
JP.gg_interest_gdp.IMF_WEO,JP,gg_interest_gdp,1937-12-31,0.19687500596046,2026-10-07
JP.gg_interest_gdp.IMF_WEO,JP,gg_interest_gdp,1938-12-31,0.2095949947834,2026-10-07
JP.gg_interest_gdp.IMF_WEO,JP,gg_interest_gdp,1939-12-31,0.21969500184059,2026-10-07
JP.gg_interest_gdp.IMF_WEO,JP,gg_interest_gdp,1940-12-31,0.23517400026321,2026-10-07
JP.gg_interest_gdp.IMF_WEO,JP,gg_interest_gdp,1941-12-31,0.2705560028553,2026-10-07
JP.gg_interest_gdp.IMF_WEO,JP,gg_interest_gdp,1942-12-31,0.30022901296616,2026-10-07
JP.gg_interest_gdp.IMF_WEO,JP,gg_interest_gdp,1943-12-31,0.35900101065636,2026-10-07
JP.gg_interest_gdp.IMF_WEO,JP,gg_interest_gdp,1947-12-31,0.51130598783493,2026-10-07
JP.gg_interest_gdp.IMF_WEO,JP,gg_interest_gdp,1948-12-31,0.3184170126915,2026-10-07
JP.gg_interest_gdp.IMF_WEO,JP,gg_interest_gdp,1949-12-31,0.32654801011086,2026-10-07
JP.gg_interest_gdp.IMF_WEO,JP,gg_interest_gdp,1950-12-31,0.28315201401711,2026-10-07
JP.gg_interest_gdp.IMF_WEO,JP,gg_interest_gdp,1951-12-31,0.18109899759293,2026-10-07
JP.gg_interest_gdp.IMF_WEO,JP,gg_interest_gdp,1952-12-31,0.31184700131416,2026-10-07
JP.gg_interest_gdp.IMF_WEO,JP,gg_interest_gdp,1953-12-31,0.39175099134445,2026-10-07
JP.gg_interest_gdp.IMF_WEO,JP,gg_interest_gdp,1954-12-31,0.37706598639488,2026-10-07
JP.gg_interest_gdp.IMF_WEO,JP,gg_interest_gdp,1955-12-31,0.34892201423645,2026-10-07
JP.gg_interest_gdp.IMF_WEO,JP,gg_interest_gdp,1956-12-31,0.30369898676872,2026-10-07
JP.gg_interest_gdp.IMF_WEO,JP,gg_interest_gdp,1957-12-31,0.43383601307869,2026-10-07
JP.gg_interest_gdp.IMF_WEO,JP,gg_interest_gdp,1958-12-31,0.32925000786781,2026-10-07
JP.gg_interest_gdp.IMF_WEO,JP,gg_interest_gdp,1959-12-31,0.33820301294327,2026-10-07
JP.gg_interest_gdp.IMF_WEO,JP,gg_interest_gdp,1960-12-31,0.49389600753784,2026-10-07
JP.gg_interest_gdp.IMF_WEO,JP,gg_interest_gdp,1961-12-31,0.40892401337624,2026-10-07
JP.gg_interest_gdp.IMF_WEO,JP,gg_interest_gdp,1962-12-31,0.35596001148224,2026-10-07
JP.gg_interest_gdp.IMF_WEO,JP,gg_interest_gdp,1963-12-31,0.38781601190567,2026-10-07
JP.gg_interest_gdp.IMF_WEO,JP,gg_interest_gdp,1964-12-31,0.34600400924683,2026-10-07
JP.gg_interest_gdp.IMF_WEO,JP,gg_interest_gdp,1965-12-31,0.36968100070953,2026-10-07
JP.gg_interest_gdp.IMF_WEO,JP,gg_interest_gdp,1966-12-31,0.42188999056816,2026-10-07
JP.gg_interest_gdp.IMF_WEO,JP,gg_interest_gdp,1967-12-31,0.50875997543335,2026-10-07
JP.gg_interest_gdp.IMF_WEO,JP,gg_interest_gdp,1968-12-31,0.57156199216843,2026-10-07
JP.gg_interest_gdp.IMF_WEO,JP,gg_interest_gdp,1969-12-31,0.56869399547577,2026-10-07
JP.gg_interest_gdp.IMF_WEO,JP,gg_interest_gdp,1970-12-31,0.5716410279274,2026-10-07
JP.gg_interest_gdp.IMF_WEO,JP,gg_interest_gdp,1971-12-31,0.61966300010681,2026-10-07
JP.gg_interest_gdp.IMF_WEO,JP,gg_interest_gdp,1972-12-31,0.72795301675797,2026-10-07
JP.gg_interest_gdp.IMF_WEO,JP,gg_interest_gdp,1973-12-31,0.81729602813721,2026-10-07
JP.gg_interest_gdp.IMF_WEO,JP,gg_interest_gdp,1974-12-31,0.88797098398209,2026-10-07
JP.gg_interest_gdp.IMF_WEO,JP,gg_interest_gdp,1975-12-31,1.1295599937439,2026-10-07
JP.gg_interest_gdp.IMF_WEO,JP,gg_interest_gdp,1976-12-31,1.4453799724579,2026-10-07
JP.gg_interest_gdp.IMF_WEO,JP,gg_interest_gdp,1977-12-31,1.8112499713898,2026-10-07
JP.gg_interest_gdp.IMF_WEO,JP,gg_interest_gdp,1978-12-31,2.1295900344849,2026-10-07
JP.gg_interest_gdp.IMF_WEO,JP,gg_interest_gdp,1979-12-31,2.5050799846649,2026-10-07
JP.gg_interest_gdp.IMF_WEO,JP,gg_interest_gdp,1980-12-31,3.0111799240112,2026-10-07
JP.gg_interest_gdp.IMF_WEO,JP,gg_interest_gdp,1981-12-31,3.2083368837481,2026-10-07
JP.gg_interest_gdp.IMF_WEO,JP,gg_interest_gdp,1982-12-31,3.5213256233522,2026-10-07
JP.gg_interest_gdp.IMF_WEO,JP,gg_interest_gdp,1983-12-31,3.8490730811038,2026-10-07
JP.gg_interest_gdp.IMF_WEO,JP,gg_interest_gdp,1984-12-31,4.0308624441444,2026-10-07
JP.gg_interest_gdp.IMF_WEO,JP,gg_interest_gdp,1985-12-31,4.073499252193,2026-10-07
JP.gg_interest_gdp.IMF_WEO,JP,gg_interest_gdp,1986-12-31,4.0136734548789,2026-10-07
JP.gg_interest_gdp.IMF_WEO,JP,gg_interest_gdp,1987-12-31,3.9505123728444,2026-10-07
JP.gg_interest_gdp.IMF_WEO,JP,gg_interest_gdp,1988-12-31,3.7360301113247,2026-10-07
JP.gg_interest_gdp.IMF_WEO,JP,gg_interest_gdp,1989-12-31,3.5502353062664,2026-10-07
JP.gg_interest_gdp.IMF_WEO,JP,gg_interest_gdp,1990-12-31,3.4723116443924,2026-10-07
JP.gg_interest_gdp.IMF_WEO,JP,gg_interest_gdp,1991-12-31,3.3566277887619,2026-10-07
JP.gg_interest_gdp.IMF_WEO,JP,gg_interest_gdp,1992-12-31,3.3249874593706,2026-10-07
JP.gg_interest_gdp.IMF_WEO,JP,gg_interest_gdp,1993-12-31,3.2932750152726,2026-10-07
JP.gg_interest_gdp.IMF_WEO,JP,gg_interest_gdp,1994-12-31,3.242136381661,2026-10-07
JP.gg_interest_gdp.IMF_WEO,JP,gg_interest_gdp,1995-12-31,3.2953320235515,2026-10-07
JP.gg_interest_gdp.IMF_WEO,JP,gg_interest_gdp,1996-12-31,3.2799190383186,2026-10-07
JP.gg_interest_gdp.IMF_WEO,JP,gg_interest_gdp,1997-12-31,3.2593603513819,2026-10-07
JP.gg_interest_gdp.IMF_WEO,JP,gg_interest_gdp,1998-12-31,3.2996804830741,2026-10-07
JP.gg_interest_gdp.IMF_WEO,JP,gg_interest_gdp,1999-12-31,3.2861179930914,2026-10-07
JP.gg_interest_gdp.IMF_WEO,JP,gg_interest_gdp,2000-12-31,3.135177799468,2026-10-07
JP.gg_interest_gdp.IMF_WEO,JP,gg_interest_gdp,2001-12-31,2.9905169509713,2026-10-07
JP.gg_interest_gdp.IMF_WEO,JP,gg_interest_gdp,2002-12-31,2.815996150082,2026-10-07
JP.gg_interest_gdp.IMF_WEO,JP,gg_interest_gdp,2003-12-31,2.5606873082304,2026-10-07
JP.gg_interest_gdp.IMF_WEO,JP,gg_interest_gdp,2004-12-31,2.3706608734515,2026-10-07
JP.gg_interest_gdp.IMF_WEO,JP,gg_interest_gdp,2005-12-31,2.2307515498137,2026-10-07
JP.gg_interest_gdp.IMF_WEO,JP,gg_interest_gdp,2006-12-31,2.2060458523289,2026-10-07
JP.gg_interest_gdp.IMF_WEO,JP,gg_interest_gdp,2007-12-31,2.2639188387071,2026-10-07
JP.gg_interest_gdp.IMF_WEO,JP,gg_interest_gdp,2008-12-31,2.3240520795008,2026-10-07
JP.gg_interest_gdp.IMF_WEO,JP,gg_interest_gdp,2009-12-31,2.3607584297359,2026-10-07
JP.gg_interest_gdp.IMF_WEO,JP,gg_interest_gdp,2010-12-31,2.2712769513853,2026-10-07
JP.gg_interest_gdp.IMF_WEO,JP,gg_interest_gdp,2011-12-31,2.3086587770807,2026-10-07
JP.gg_interest_gdp.IMF_WEO,JP,gg_interest_gdp,2012-12-31,2.2691261454627,2026-10-07
JP.gg_interest_gdp.IMF_WEO,JP,gg_interest_gdp,2013-12-31,2.2035161743469,2026-10-07
JP.gg_interest_gdp.IMF_WEO,JP,gg_interest_gdp,2014-12-31,2.1499732754369,2026-10-07
JP.gg_interest_gdp.IMF_WEO,JP,gg_interest_gdp,2015-12-31,2.0409365681323,2026-10-07
JP.gg_interest_gdp.IMF_WEO,JP,gg_interest_gdp,2016-12-31,1.9647677310391,2026-10-07
JP.gg_interest_gdp.IMF_WEO,JP,gg_interest_gdp,2017-12-31,1.8315484574369,2026-10-07
JP.gg_interest_gdp.IMF_WEO,JP,gg_interest_gdp,2018-12-31,1.7421803096886,2026-10-07
JP.gg_interest_gdp.IMF_WEO,JP,gg_interest_gdp,2019-12-31,1.6724175849585,2026-10-07
JP.gg_interest_gdp.IMF_WEO,JP,gg_interest_gdp,2020-12-31,1.6500999451307,2026-10-07
JP.gg_interest_gdp.IMF_WEO,JP,gg_interest_gdp,2021-12-31,1.5492842384928,2026-10-07
JP.gg_interest_gdp.IMF_WEO,JP,gg_interest_gdp,2022-12-31,1.4893680402435,2026-10-07
JP.gg_interest_gdp.IMF_WEO,JP,gg_interest_gdp,2023-12-31,1.4342689778707,2026-10-07
JP.gg_interest_gdp.IMF_WEO,JP,gg_interest_gdp,2024-12-31,1.4940232250034,2026-10-07
JP.gg_net_lending_gdp.IMF_WEO,JP,gg_net_lending_gdp,1980-12-31,-4.3,2026-10-07
JP.gg_net_lending_gdp.IMF_WEO,JP,gg_net_lending_gdp,1981-12-31,-3.8,2026-10-07
JP.gg_net_lending_gdp.IMF_WEO,JP,gg_net_lending_gdp,1982-12-31,-3.7,2026-10-07
JP.gg_net_lending_gdp.IMF_WEO,JP,gg_net_lending_gdp,1983-12-31,-3.9,2026-10-07
JP.gg_net_lending_gdp.IMF_WEO,JP,gg_net_lending_gdp,1984-12-31,-2.6,2026-10-07
JP.gg_net_lending_gdp.IMF_WEO,JP,gg_net_lending_gdp,1985-12-31,-1.3,2026-10-07
JP.gg_net_lending_gdp.IMF_WEO,JP,gg_net_lending_gdp,1986-12-31,-1.3,2026-10-07
JP.gg_net_lending_gdp.IMF_WEO,JP,gg_net_lending_gdp,1987-12-31,-0.4,2026-10-07
JP.gg_net_lending_gdp.IMF_WEO,JP,gg_net_lending_gdp,1988-12-31,0.5,2026-10-07
JP.gg_net_lending_gdp.IMF_WEO,JP,gg_net_lending_gdp,1989-12-31,1.2,2026-10-07
JP.gg_net_lending_gdp.IMF_WEO,JP,gg_net_lending_gdp,1990-12-31,1.9,2026-10-07
JP.gg_net_lending_gdp.IMF_WEO,JP,gg_net_lending_gdp,1991-12-31,1.6,2026-10-07
JP.gg_net_lending_gdp.IMF_WEO,JP,gg_net_lending_gdp,1992-12-31,0.6,2026-10-07
JP.gg_net_lending_gdp.IMF_WEO,JP,gg_net_lending_gdp,1993-12-31,-2.3,2026-10-07
JP.gg_net_lending_gdp.IMF_WEO,JP,gg_net_lending_gdp,1994-12-31,-3.7,2026-10-07
JP.gg_net_lending_gdp.IMF_WEO,JP,gg_net_lending_gdp,1995-12-31,-4.2,2026-10-07
JP.gg_net_lending_gdp.IMF_WEO,JP,gg_net_lending_gdp,1996-12-31,-4.8,2026-10-07
JP.gg_net_lending_gdp.IMF_WEO,JP,gg_net_lending_gdp,1997-12-31,-3.4,2026-10-07
JP.gg_net_lending_gdp.IMF_WEO,JP,gg_net_lending_gdp,1998-12-31,-9.9,2026-10-07
JP.gg_net_lending_gdp.IMF_WEO,JP,gg_net_lending_gdp,1999-12-31,-6.7,2026-10-07
JP.gg_net_lending_gdp.IMF_WEO,JP,gg_net_lending_gdp,2000-12-31,-7.2,2026-10-07
JP.gg_net_lending_gdp.IMF_WEO,JP,gg_net_lending_gdp,2001-12-31,-6.1,2026-10-07
JP.gg_net_lending_gdp.IMF_WEO,JP,gg_net_lending_gdp,2002-12-31,-7.2,2026-10-07
JP.gg_net_lending_gdp.IMF_WEO,JP,gg_net_lending_gdp,2003-12-31,-7.3,2026-10-07
JP.gg_net_lending_gdp.IMF_WEO,JP,gg_net_lending_gdp,2004-12-31,-5.3,2026-10-07
JP.gg_net_lending_gdp.IMF_WEO,JP,gg_net_lending_gdp,2005-12-31,-4.4,2026-10-07
JP.gg_net_lending_gdp.IMF_WEO,JP,gg_net_lending_gdp,2006-12-31,-3.0,2026-10-07
JP.gg_net_lending_gdp.IMF_WEO,JP,gg_net_lending_gdp,2007-12-31,-2.9,2026-10-07
JP.gg_net_lending_gdp.IMF_WEO,JP,gg_net_lending_gdp,2008-12-31,-4.1,2026-10-07
JP.gg_net_lending_gdp.IMF_WEO,JP,gg_net_lending_gdp,2009-12-31,-9.6,2026-10-07
JP.gg_net_lending_gdp.IMF_WEO,JP,gg_net_lending_gdp,2010-12-31,-9.1,2026-10-07
JP.gg_net_lending_gdp.IMF_WEO,JP,gg_net_lending_gdp,2011-12-31,-9.0,2026-10-07
JP.gg_net_lending_gdp.IMF_WEO,JP,gg_net_lending_gdp,2012-12-31,-8.2,2026-10-07
JP.gg_net_lending_gdp.IMF_WEO,JP,gg_net_lending_gdp,2013-12-31,-7.6,2026-10-07
JP.gg_net_lending_gdp.IMF_WEO,JP,gg_net_lending_gdp,2014-12-31,-5.6,2026-10-07
JP.gg_net_lending_gdp.IMF_WEO,JP,gg_net_lending_gdp,2015-12-31,-3.6,2026-10-07
JP.gg_net_lending_gdp.IMF_WEO,JP,gg_net_lending_gdp,2016-12-31,-3.6,2026-10-07
JP.gg_net_lending_gdp.IMF_WEO,JP,gg_net_lending_gdp,2017-12-31,-3.0,2026-10-07
JP.gg_net_lending_gdp.IMF_WEO,JP,gg_net_lending_gdp,2018-12-31,-2.4,2026-10-07
JP.gg_net_lending_gdp.IMF_WEO,JP,gg_net_lending_gdp,2019-12-31,-3.0,2026-10-07
JP.gg_net_lending_gdp.IMF_WEO,JP,gg_net_lending_gdp,2020-12-31,-9.0,2026-10-07
JP.gg_net_lending_gdp.IMF_WEO,JP,gg_net_lending_gdp,2021-12-31,-6.3,2026-10-07
JP.gg_net_lending_gdp.IMF_WEO,JP,gg_net_lending_gdp,2022-12-31,-4.2,2026-10-07
JP.gg_net_lending_gdp.IMF_WEO,JP,gg_net_lending_gdp,2023-12-31,-2.4,2026-10-07
JP.gg_net_lending_gdp.IMF_WEO,JP,gg_net_lending_gdp,2024-12-31,-1.7,2026-10-07
JP.gg_net_lending_gdp.IMF_WEO,JP,gg_net_lending_gdp,2025-12-31,-1.1,2026-10-07
JP.gg_revenue_gdp.IMF_WEO,JP,gg_revenue_gdp,1875-12-31,1.2867200374603,2026-10-07
JP.gg_revenue_gdp.IMF_WEO,JP,gg_revenue_gdp,1876-12-31,1.1222800016403,2026-10-07
JP.gg_revenue_gdp.IMF_WEO,JP,gg_revenue_gdp,1877-12-31,1.0282499790192,2026-10-07
JP.gg_revenue_gdp.IMF_WEO,JP,gg_revenue_gdp,1878-12-31,1.0530200004578,2026-10-07
JP.gg_revenue_gdp.IMF_WEO,JP,gg_revenue_gdp,1879-12-31,0.81671500205994,2026-10-07
JP.gg_revenue_gdp.IMF_WEO,JP,gg_revenue_gdp,1880-12-31,0.86448800563812,2026-10-07
JP.gg_revenue_gdp.IMF_WEO,JP,gg_revenue_gdp,1881-12-31,0.90037798881531,2026-10-07
JP.gg_revenue_gdp.IMF_WEO,JP,gg_revenue_gdp,1882-12-31,0.98272699117661,2026-10-07
JP.gg_revenue_gdp.IMF_WEO,JP,gg_revenue_gdp,1883-12-31,1.1705100536346,2026-10-07
JP.gg_revenue_gdp.IMF_WEO,JP,gg_revenue_gdp,1884-12-31,1.0319000482559,2026-10-07
JP.gg_revenue_gdp.IMF_WEO,JP,gg_revenue_gdp,1885-12-31,0.77117902040482,2026-10-07
JP.gg_revenue_gdp.IMF_WEO,JP,gg_revenue_gdp,1886-12-31,1.0665800571442,2026-10-07
JP.gg_revenue_gdp.IMF_WEO,JP,gg_revenue_gdp,1887-12-31,1.0777599811554,2026-10-07
JP.gg_revenue_gdp.IMF_WEO,JP,gg_revenue_gdp,1888-12-31,1.0734100341797,2026-10-07
JP.gg_revenue_gdp.IMF_WEO,JP,gg_revenue_gdp,1889-12-31,1.0124399662018,2026-10-07
JP.gg_revenue_gdp.IMF_WEO,JP,gg_revenue_gdp,1890-12-31,1.5151499509811,2026-10-07
JP.gg_revenue_gdp.IMF_WEO,JP,gg_revenue_gdp,1891-12-31,1.3344999551773,2026-10-07
JP.gg_revenue_gdp.IMF_WEO,JP,gg_revenue_gdp,1892-12-31,1.3155599832535,2026-10-07
JP.gg_revenue_gdp.IMF_WEO,JP,gg_revenue_gdp,1893-12-31,1.3032599687576,2026-10-07
JP.gg_revenue_gdp.IMF_WEO,JP,gg_revenue_gdp,1894-12-31,1.0313899517059,2026-10-07
JP.gg_revenue_gdp.IMF_WEO,JP,gg_revenue_gdp,1895-12-31,1.7976800203323,2026-10-07
JP.gg_revenue_gdp.IMF_WEO,JP,gg_revenue_gdp,1896-12-31,1.8907599449158,2026-10-07
JP.gg_revenue_gdp.IMF_WEO,JP,gg_revenue_gdp,1897-12-31,1.6453800201416,2026-10-07
JP.gg_revenue_gdp.IMF_WEO,JP,gg_revenue_gdp,1898-12-31,2.037369966507,2026-10-07
JP.gg_revenue_gdp.IMF_WEO,JP,gg_revenue_gdp,1899-12-31,1.8928300142288,2026-10-07
JP.gg_revenue_gdp.IMF_WEO,JP,gg_revenue_gdp,1900-12-31,1.5410100221634,2026-10-07
JP.gg_revenue_gdp.IMF_WEO,JP,gg_revenue_gdp,1901-12-31,1.4371999502182,2026-10-07
JP.gg_revenue_gdp.IMF_WEO,JP,gg_revenue_gdp,1902-12-31,1.7776900529861,2026-10-07
JP.gg_revenue_gdp.IMF_WEO,JP,gg_revenue_gdp,1903-12-31,1.4428800344467,2026-10-07
JP.gg_revenue_gdp.IMF_WEO,JP,gg_revenue_gdp,1904-12-31,1.6743700504303,2026-10-07
JP.gg_revenue_gdp.IMF_WEO,JP,gg_revenue_gdp,1905-12-31,2.2957201004028,2026-10-07
JP.gg_revenue_gdp.IMF_WEO,JP,gg_revenue_gdp,1906-12-31,3.3525099754333,2026-10-07
JP.gg_revenue_gdp.IMF_WEO,JP,gg_revenue_gdp,1907-12-31,4.4696798324585,2026-10-07
JP.gg_revenue_gdp.IMF_WEO,JP,gg_revenue_gdp,1908-12-31,3.9139699935913,2026-10-07
JP.gg_revenue_gdp.IMF_WEO,JP,gg_revenue_gdp,1909-12-31,3.6428599357605,2026-10-07
JP.gg_revenue_gdp.IMF_WEO,JP,gg_revenue_gdp,1910-12-31,4.6827998161316,2026-10-07
JP.gg_revenue_gdp.IMF_WEO,JP,gg_revenue_gdp,1911-12-31,3.3004701137543,2026-10-07
JP.gg_revenue_gdp.IMF_WEO,JP,gg_revenue_gdp,1912-12-31,3.2383699417114,2026-10-07
JP.gg_revenue_gdp.IMF_WEO,JP,gg_revenue_gdp,1913-12-31,3.3173699378967,2026-10-07
JP.gg_revenue_gdp.IMF_WEO,JP,gg_revenue_gdp,1914-12-31,3.3410699367523,2026-10-07
JP.gg_revenue_gdp.IMF_WEO,JP,gg_revenue_gdp,1915-12-31,3.2117800712585,2026-10-07
JP.gg_revenue_gdp.IMF_WEO,JP,gg_revenue_gdp,1916-12-31,2.9310400485992,2026-10-07
JP.gg_revenue_gdp.IMF_WEO,JP,gg_revenue_gdp,1917-12-31,2.8957200050354,2026-10-07
JP.gg_revenue_gdp.IMF_WEO,JP,gg_revenue_gdp,1918-12-31,2.9453499317169,2026-10-07
JP.gg_revenue_gdp.IMF_WEO,JP,gg_revenue_gdp,1919-12-31,2.8978199958801,2026-10-07
JP.gg_revenue_gdp.IMF_WEO,JP,gg_revenue_gdp,1920-12-31,3.1253099441528,2026-10-07
JP.gg_revenue_gdp.IMF_WEO,JP,gg_revenue_gdp,1921-12-31,3.508670091629,2026-10-07
JP.gg_revenue_gdp.IMF_WEO,JP,gg_revenue_gdp,1922-12-31,3.0418000221252,2026-10-07
JP.gg_revenue_gdp.IMF_WEO,JP,gg_revenue_gdp,1923-12-31,3.1968600749969,2026-10-07
JP.gg_revenue_gdp.IMF_WEO,JP,gg_revenue_gdp,1924-12-31,3.3121500015259,2026-10-07
JP.gg_revenue_gdp.IMF_WEO,JP,gg_revenue_gdp,1925-12-31,2.7660601139069,2026-10-07
JP.gg_revenue_gdp.IMF_WEO,JP,gg_revenue_gdp,1926-12-31,2.6766800880432,2026-10-07
JP.gg_revenue_gdp.IMF_WEO,JP,gg_revenue_gdp,1927-12-31,2.7876999378204,2026-10-07
JP.gg_revenue_gdp.IMF_WEO,JP,gg_revenue_gdp,1928-12-31,2.7087099552155,2026-10-07
JP.gg_revenue_gdp.IMF_WEO,JP,gg_revenue_gdp,1929-12-31,2.7981100082397,2026-10-07
JP.gg_revenue_gdp.IMF_WEO,JP,gg_revenue_gdp,1930-12-31,3.0765299797058,2026-10-07
JP.gg_revenue_gdp.IMF_WEO,JP,gg_revenue_gdp,1931-12-31,3.0359399318695,2026-10-07
JP.gg_revenue_gdp.IMF_WEO,JP,gg_revenue_gdp,1932-12-31,3.5950300693512,2026-10-07
JP.gg_revenue_gdp.IMF_WEO,JP,gg_revenue_gdp,1933-12-31,3.8244700431824,2026-10-07
JP.gg_revenue_gdp.IMF_WEO,JP,gg_revenue_gdp,1934-12-31,3.9803500175476,2026-10-07
JP.gg_revenue_gdp.IMF_WEO,JP,gg_revenue_gdp,1935-12-31,3.7349100112915,2026-10-07
JP.gg_revenue_gdp.IMF_WEO,JP,gg_revenue_gdp,1936-12-31,5.0820198059082,2026-10-07
JP.gg_revenue_gdp.IMF_WEO,JP,gg_revenue_gdp,1937-12-31,4.6380100250244,2026-10-07
JP.gg_revenue_gdp.IMF_WEO,JP,gg_revenue_gdp,1938-12-31,5.3484101295471,2026-10-07
JP.gg_revenue_gdp.IMF_WEO,JP,gg_revenue_gdp,1939-12-31,3.8213000297546,2026-10-07
JP.gg_revenue_gdp.IMF_WEO,JP,gg_revenue_gdp,1940-12-31,4.2946000099182,2026-10-07
JP.gg_revenue_gdp.IMF_WEO,JP,gg_revenue_gdp,1941-12-31,4.9060001373291,2026-10-07
JP.gg_revenue_gdp.IMF_WEO,JP,gg_revenue_gdp,1942-12-31,5.7472801208496,2026-10-07
JP.gg_revenue_gdp.IMF_WEO,JP,gg_revenue_gdp,1943-12-31,7.7536702156067,2026-10-07
JP.gg_revenue_gdp.IMF_WEO,JP,gg_revenue_gdp,1947-12-31,17.861000061035,2026-10-07
JP.gg_revenue_gdp.IMF_WEO,JP,gg_revenue_gdp,1948-12-31,22.561899185181,2026-10-07
JP.gg_revenue_gdp.IMF_WEO,JP,gg_revenue_gdp,1949-12-31,30.509599685669,2026-10-07
JP.gg_revenue_gdp.IMF_WEO,JP,gg_revenue_gdp,1950-12-31,22.85530090332,2026-10-07
JP.gg_revenue_gdp.IMF_WEO,JP,gg_revenue_gdp,1951-12-31,22.246500015259,2026-10-07
JP.gg_revenue_gdp.IMF_WEO,JP,gg_revenue_gdp,1952-12-31,21.342800140381,2026-10-07
JP.gg_revenue_gdp.IMF_WEO,JP,gg_revenue_gdp,1953-12-31,21.442899703979,2026-10-07
JP.gg_revenue_gdp.IMF_WEO,JP,gg_revenue_gdp,1954-12-31,20.181299209595,2026-10-07
JP.gg_revenue_gdp.IMF_WEO,JP,gg_revenue_gdp,1955-12-31,18.908100128174,2026-10-07
JP.gg_revenue_gdp.IMF_WEO,JP,gg_revenue_gdp,1956-12-31,19.55179977417,2026-10-07
JP.gg_revenue_gdp.IMF_WEO,JP,gg_revenue_gdp,1957-12-31,19.307500839233,2026-10-07
JP.gg_revenue_gdp.IMF_WEO,JP,gg_revenue_gdp,1958-12-31,18.596700668335,2026-10-07
JP.gg_revenue_gdp.IMF_WEO,JP,gg_revenue_gdp,1959-12-31,18.285999298096,2026-10-07
JP.gg_revenue_gdp.IMF_WEO,JP,gg_revenue_gdp,1960-12-31,20.198999404907,2026-10-07
JP.gg_revenue_gdp.IMF_WEO,JP,gg_revenue_gdp,1961-12-31,20.744199752808,2026-10-07
JP.gg_revenue_gdp.IMF_WEO,JP,gg_revenue_gdp,1962-12-31,20.852500915527,2026-10-07
JP.gg_revenue_gdp.IMF_WEO,JP,gg_revenue_gdp,1963-12-31,21.074899673462,2026-10-07
JP.gg_revenue_gdp.IMF_WEO,JP,gg_revenue_gdp,1964-12-31,20.688199996948,2026-10-07
JP.gg_revenue_gdp.IMF_WEO,JP,gg_revenue_gdp,1965-12-31,20.891899108887,2026-10-07
JP.gg_revenue_gdp.IMF_WEO,JP,gg_revenue_gdp,1966-12-31,20.485000610352,2026-10-07
JP.gg_revenue_gdp.IMF_WEO,JP,gg_revenue_gdp,1967-12-31,20.737800598145,2026-10-07
JP.gg_revenue_gdp.IMF_WEO,JP,gg_revenue_gdp,1968-12-31,20.95059967041,2026-10-07
JP.gg_revenue_gdp.IMF_WEO,JP,gg_revenue_gdp,1969-12-31,21.050699234009,2026-10-07
JP.gg_revenue_gdp.IMF_WEO,JP,gg_revenue_gdp,1970-12-31,21.987300872803,2026-10-07
JP.gg_revenue_gdp.IMF_WEO,JP,gg_revenue_gdp,1971-12-31,22.978000640869,2026-10-07
JP.gg_revenue_gdp.IMF_WEO,JP,gg_revenue_gdp,1972-12-31,22.967500686646,2026-10-07
JP.gg_revenue_gdp.IMF_WEO,JP,gg_revenue_gdp,1973-12-31,23.830900192261,2026-10-07
JP.gg_revenue_gdp.IMF_WEO,JP,gg_revenue_gdp,1974-12-31,25.869899749756,2026-10-07
JP.gg_revenue_gdp.IMF_WEO,JP,gg_revenue_gdp,1975-12-31,25.568000793457,2026-10-07
JP.gg_revenue_gdp.IMF_WEO,JP,gg_revenue_gdp,1976-12-31,25.215599060059,2026-10-07
JP.gg_revenue_gdp.IMF_WEO,JP,gg_revenue_gdp,1977-12-31,26.381999969482,2026-10-07
JP.gg_revenue_gdp.IMF_WEO,JP,gg_revenue_gdp,1978-12-31,26.303100585938,2026-10-07
JP.gg_revenue_gdp.IMF_WEO,JP,gg_revenue_gdp,1979-12-31,28.176000595093,2026-10-07
JP.gg_revenue_gdp.IMF_WEO,JP,gg_revenue_gdp,1980-12-31,28.795799255371,2026-10-07
JP.gg_revenue_gdp.IMF_WEO,JP,gg_revenue_gdp,1981-12-31,27.657002983805,2026-10-07
JP.gg_revenue_gdp.IMF_WEO,JP,gg_revenue_gdp,1982-12-31,27.918156118455,2026-10-07
JP.gg_revenue_gdp.IMF_WEO,JP,gg_revenue_gdp,1983-12-31,27.892610788152,2026-10-07
JP.gg_revenue_gdp.IMF_WEO,JP,gg_revenue_gdp,1984-12-31,28.57572773378,2026-10-07
JP.gg_revenue_gdp.IMF_WEO,JP,gg_revenue_gdp,1985-12-31,29.034360932716,2026-10-07
JP.gg_revenue_gdp.IMF_WEO,JP,gg_revenue_gdp,1986-12-31,29.035043476168,2026-10-07
JP.gg_revenue_gdp.IMF_WEO,JP,gg_revenue_gdp,1987-12-31,30.280322905669,2026-10-07
JP.gg_revenue_gdp.IMF_WEO,JP,gg_revenue_gdp,1988-12-31,30.389081074847,2026-10-07
JP.gg_revenue_gdp.IMF_WEO,JP,gg_revenue_gdp,1989-12-31,30.420464990078,2026-10-07
JP.gg_revenue_gdp.IMF_WEO,JP,gg_revenue_gdp,1990-12-31,31.417812896303,2026-10-07
JP.gg_revenue_gdp.IMF_WEO,JP,gg_revenue_gdp,1991-12-31,30.973357144659,2026-10-07
JP.gg_revenue_gdp.IMF_WEO,JP,gg_revenue_gdp,1992-12-31,30.867779815706,2026-10-07
JP.gg_revenue_gdp.IMF_WEO,JP,gg_revenue_gdp,1993-12-31,29.74655191757,2026-10-07
JP.gg_revenue_gdp.IMF_WEO,JP,gg_revenue_gdp,1994-12-31,29.021569486346,2026-10-07
JP.gg_revenue_gdp.IMF_WEO,JP,gg_revenue_gdp,1995-12-31,29.108635204297,2026-10-07
JP.gg_revenue_gdp.IMF_WEO,JP,gg_revenue_gdp,1996-12-31,28.939357161262,2026-10-07
JP.gg_revenue_gdp.IMF_WEO,JP,gg_revenue_gdp,1997-12-31,29.555218304712,2026-10-07
JP.gg_revenue_gdp.IMF_WEO,JP,gg_revenue_gdp,1998-12-31,28.586270874752,2026-10-07
JP.gg_revenue_gdp.IMF_WEO,JP,gg_revenue_gdp,1999-12-31,28.818476493358,2026-10-07
JP.gg_revenue_gdp.IMF_WEO,JP,gg_revenue_gdp,2000-12-31,28.668714413305,2026-10-07
JP.gg_revenue_gdp.IMF_WEO,JP,gg_revenue_gdp,2001-12-31,28.993504985104,2026-10-07
JP.gg_revenue_gdp.IMF_WEO,JP,gg_revenue_gdp,2002-12-31,28.05583906458,2026-10-07
JP.gg_revenue_gdp.IMF_WEO,JP,gg_revenue_gdp,2003-12-31,27.605122214361,2026-10-07
JP.gg_revenue_gdp.IMF_WEO,JP,gg_revenue_gdp,2004-12-31,28.364005425756,2026-10-07
JP.gg_revenue_gdp.IMF_WEO,JP,gg_revenue_gdp,2005-12-31,29.081044761881,2026-10-07
JP.gg_revenue_gdp.IMF_WEO,JP,gg_revenue_gdp,2006-12-31,30.027886455561,2026-10-07
JP.gg_revenue_gdp.IMF_WEO,JP,gg_revenue_gdp,2007-12-31,30.221719001405,2026-10-07
JP.gg_revenue_gdp.IMF_WEO,JP,gg_revenue_gdp,2008-12-31,29.997586315736,2026-10-07
JP.gg_revenue_gdp.IMF_WEO,JP,gg_revenue_gdp,2009-12-31,28.992638275793,2026-10-07
JP.gg_revenue_gdp.IMF_WEO,JP,gg_revenue_gdp,2010-12-31,28.669105292538,2026-10-07
JP.gg_revenue_gdp.IMF_WEO,JP,gg_revenue_gdp,2011-12-31,29.641108937801,2026-10-07
JP.gg_revenue_gdp.IMF_WEO,JP,gg_revenue_gdp,2012-12-31,30.441544885595,2026-10-07
JP.gg_revenue_gdp.IMF_WEO,JP,gg_revenue_gdp,2013-12-31,31.166819932982,2026-10-07
JP.gg_revenue_gdp.IMF_WEO,JP,gg_revenue_gdp,2014-12-31,32.772910988219,2026-10-07
JP.gg_revenue_gdp.IMF_WEO,JP,gg_revenue_gdp,2015-12-31,33.617436422044,2026-10-07
JP.gg_revenue_gdp.IMF_WEO,JP,gg_revenue_gdp,2016-12-31,33.629666587431,2026-10-07
JP.gg_revenue_gdp.IMF_WEO,JP,gg_revenue_gdp,2017-12-31,33.587266057103,2026-10-07
JP.gg_revenue_gdp.IMF_WEO,JP,gg_revenue_gdp,2018-12-31,34.26729887586,2026-10-07
JP.gg_revenue_gdp.IMF_WEO,JP,gg_revenue_gdp,2019-12-31,34.249053029794,2026-10-07
JP.gg_revenue_gdp.IMF_WEO,JP,gg_revenue_gdp,2020-12-31,35.461518206098,2026-10-07
JP.gg_revenue_gdp.IMF_WEO,JP,gg_revenue_gdp,2021-12-31,36.347789233265,2026-10-07
JP.gg_revenue_gdp.IMF_WEO,JP,gg_revenue_gdp,2022-12-31,37.536569742542,2026-10-07
JP.gg_revenue_gdp.IMF_WEO,JP,gg_revenue_gdp,2023-12-31,36.912428892183,2026-10-07
JP.gg_revenue_gdp.IMF_WEO,JP,gg_revenue_gdp,2024-12-31,37.572602320321,2026-10-07
JP.rgdp_growth.IMF_WEO,JP,rgdp_growth,1980-12-31,3.2,2026-10-07
JP.rgdp_growth.IMF_WEO,JP,rgdp_growth,1981-12-31,4.3,2026-10-07
JP.rgdp_growth.IMF_WEO,JP,rgdp_growth,1982-12-31,3.3,2026-10-07
JP.rgdp_growth.IMF_WEO,JP,rgdp_growth,1983-12-31,3.6,2026-10-07
JP.rgdp_growth.IMF_WEO,JP,rgdp_growth,1984-12-31,4.4,2026-10-07
JP.rgdp_growth.IMF_WEO,JP,rgdp_growth,1985-12-31,5.2,2026-10-07
JP.rgdp_growth.IMF_WEO,JP,rgdp_growth,1986-12-31,3.3,2026-10-07
JP.rgdp_growth.IMF_WEO,JP,rgdp_growth,1987-12-31,4.6,2026-10-07
JP.rgdp_growth.IMF_WEO,JP,rgdp_growth,1988-12-31,6.7,2026-10-07
JP.rgdp_growth.IMF_WEO,JP,rgdp_growth,1989-12-31,4.9,2026-10-07
JP.rgdp_growth.IMF_WEO,JP,rgdp_growth,1990-12-31,4.8,2026-10-07
JP.rgdp_growth.IMF_WEO,JP,rgdp_growth,1991-12-31,3.5,2026-10-07
JP.rgdp_growth.IMF_WEO,JP,rgdp_growth,1992-12-31,0.9,2026-10-07
JP.rgdp_growth.IMF_WEO,JP,rgdp_growth,1993-12-31,-0.5,2026-10-07
JP.rgdp_growth.IMF_WEO,JP,rgdp_growth,1994-12-31,0.9,2026-10-07
JP.rgdp_growth.IMF_WEO,JP,rgdp_growth,1995-12-31,2.3,2026-10-07
JP.rgdp_growth.IMF_WEO,JP,rgdp_growth,1996-12-31,3.1,2026-10-07
JP.rgdp_growth.IMF_WEO,JP,rgdp_growth,1997-12-31,1.4,2026-10-07
JP.rgdp_growth.IMF_WEO,JP,rgdp_growth,1998-12-31,-1.8,2026-10-07
JP.rgdp_growth.IMF_WEO,JP,rgdp_growth,1999-12-31,-0.3,2026-10-07
JP.rgdp_growth.IMF_WEO,JP,rgdp_growth,2000-12-31,3.0,2026-10-07
JP.rgdp_growth.IMF_WEO,JP,rgdp_growth,2001-12-31,0.3,2026-10-07
JP.rgdp_growth.IMF_WEO,JP,rgdp_growth,2002-12-31,0.1,2026-10-07
JP.rgdp_growth.IMF_WEO,JP,rgdp_growth,2003-12-31,1.4,2026-10-07
JP.rgdp_growth.IMF_WEO,JP,rgdp_growth,2004-12-31,2.1,2026-10-07
JP.rgdp_growth.IMF_WEO,JP,rgdp_growth,2005-12-31,1.8,2026-10-07
JP.rgdp_growth.IMF_WEO,JP,rgdp_growth,2006-12-31,1.5,2026-10-07
JP.rgdp_growth.IMF_WEO,JP,rgdp_growth,2007-12-31,1.7,2026-10-07
JP.rgdp_growth.IMF_WEO,JP,rgdp_growth,2008-12-31,-1.2,2026-10-07
JP.rgdp_growth.IMF_WEO,JP,rgdp_growth,2009-12-31,-5.9,2026-10-07
JP.rgdp_growth.IMF_WEO,JP,rgdp_growth,2010-12-31,4.1,2026-10-07
JP.rgdp_growth.IMF_WEO,JP,rgdp_growth,2011-12-31,-0.2,2026-10-07
JP.rgdp_growth.IMF_WEO,JP,rgdp_growth,2012-12-31,1.6,2026-10-07
JP.rgdp_growth.IMF_WEO,JP,rgdp_growth,2013-12-31,2.0,2026-10-07
JP.rgdp_growth.IMF_WEO,JP,rgdp_growth,2014-12-31,0.9,2026-10-07
JP.rgdp_growth.IMF_WEO,JP,rgdp_growth,2015-12-31,1.8,2026-10-07
JP.rgdp_growth.IMF_WEO,JP,rgdp_growth,2016-12-31,0.7,2026-10-07
JP.rgdp_growth.IMF_WEO,JP,rgdp_growth,2017-12-31,1.6,2026-10-07
JP.rgdp_growth.IMF_WEO,JP,rgdp_growth,2018-12-31,0.8,2026-10-07
JP.rgdp_growth.IMF_WEO,JP,rgdp_growth,2019-12-31,-0.3,2026-10-07
JP.rgdp_growth.IMF_WEO,JP,rgdp_growth,2020-12-31,-4.3,2026-10-07
JP.rgdp_growth.IMF_WEO,JP,rgdp_growth,2021-12-31,3.6,2026-10-07
JP.rgdp_growth.IMF_WEO,JP,rgdp_growth,2022-12-31,1.3,2026-10-07
JP.rgdp_growth.IMF_WEO,JP,rgdp_growth,2023-12-31,0.7,2026-10-07
JP.rgdp_growth.IMF_WEO,JP,rgdp_growth,2024-12-31,-0.2,2026-10-07
JP.rgdp_growth.IMF_WEO,JP,rgdp_growth,2025-12-31,1.2,2026-10-07
MX.cpi_yoy.IMF_WEO,MX,cpi_yoy,1980-12-31,26.5,2026-10-07
MX.cpi_yoy.IMF_WEO,MX,cpi_yoy,1981-12-31,28.0,2026-10-07
MX.cpi_yoy.IMF_WEO,MX,cpi_yoy,1982-12-31,59.1,2026-10-07
MX.cpi_yoy.IMF_WEO,MX,cpi_yoy,1983-12-31,101.8,2026-10-07
MX.cpi_yoy.IMF_WEO,MX,cpi_yoy,1984-12-31,65.4,2026-10-07
MX.cpi_yoy.IMF_WEO,MX,cpi_yoy,1985-12-31,57.8,2026-10-07
MX.cpi_yoy.IMF_WEO,MX,cpi_yoy,1986-12-31,86.4,2026-10-07
MX.cpi_yoy.IMF_WEO,MX,cpi_yoy,1987-12-31,132.0,2026-10-07
MX.cpi_yoy.IMF_WEO,MX,cpi_yoy,1988-12-31,113.5,2026-10-07
MX.cpi_yoy.IMF_WEO,MX,cpi_yoy,1989-12-31,19.9,2026-10-07
MX.cpi_yoy.IMF_WEO,MX,cpi_yoy,1990-12-31,26.7,2026-10-07
MX.cpi_yoy.IMF_WEO,MX,cpi_yoy,1991-12-31,22.6,2026-10-07
MX.cpi_yoy.IMF_WEO,MX,cpi_yoy,1992-12-31,15.5,2026-10-07
MX.cpi_yoy.IMF_WEO,MX,cpi_yoy,1993-12-31,9.8,2026-10-07
MX.cpi_yoy.IMF_WEO,MX,cpi_yoy,1994-12-31,7.0,2026-10-07
MX.cpi_yoy.IMF_WEO,MX,cpi_yoy,1995-12-31,35.1,2026-10-07
MX.cpi_yoy.IMF_WEO,MX,cpi_yoy,1996-12-31,34.3,2026-10-07
MX.cpi_yoy.IMF_WEO,MX,cpi_yoy,1997-12-31,20.6,2026-10-07
MX.cpi_yoy.IMF_WEO,MX,cpi_yoy,1998-12-31,15.9,2026-10-07
MX.cpi_yoy.IMF_WEO,MX,cpi_yoy,1999-12-31,16.6,2026-10-07
MX.cpi_yoy.IMF_WEO,MX,cpi_yoy,2000-12-31,9.5,2026-10-07
MX.cpi_yoy.IMF_WEO,MX,cpi_yoy,2001-12-31,6.4,2026-10-07
MX.cpi_yoy.IMF_WEO,MX,cpi_yoy,2002-12-31,5.0,2026-10-07
MX.cpi_yoy.IMF_WEO,MX,cpi_yoy,2003-12-31,4.6,2026-10-07
MX.cpi_yoy.IMF_WEO,MX,cpi_yoy,2004-12-31,4.7,2026-10-07
MX.cpi_yoy.IMF_WEO,MX,cpi_yoy,2005-12-31,4.0,2026-10-07
MX.cpi_yoy.IMF_WEO,MX,cpi_yoy,2006-12-31,3.6,2026-10-07
MX.cpi_yoy.IMF_WEO,MX,cpi_yoy,2007-12-31,4.0,2026-10-07
MX.cpi_yoy.IMF_WEO,MX,cpi_yoy,2008-12-31,5.1,2026-10-07
MX.cpi_yoy.IMF_WEO,MX,cpi_yoy,2009-12-31,5.3,2026-10-07
MX.cpi_yoy.IMF_WEO,MX,cpi_yoy,2010-12-31,4.2,2026-10-07
MX.cpi_yoy.IMF_WEO,MX,cpi_yoy,2011-12-31,3.4,2026-10-07
MX.cpi_yoy.IMF_WEO,MX,cpi_yoy,2012-12-31,4.1,2026-10-07
MX.cpi_yoy.IMF_WEO,MX,cpi_yoy,2013-12-31,3.8,2026-10-07
MX.cpi_yoy.IMF_WEO,MX,cpi_yoy,2014-12-31,4.0,2026-10-07
MX.cpi_yoy.IMF_WEO,MX,cpi_yoy,2015-12-31,2.7,2026-10-07
MX.cpi_yoy.IMF_WEO,MX,cpi_yoy,2016-12-31,2.8,2026-10-07
MX.cpi_yoy.IMF_WEO,MX,cpi_yoy,2017-12-31,6.0,2026-10-07
MX.cpi_yoy.IMF_WEO,MX,cpi_yoy,2018-12-31,4.9,2026-10-07
MX.cpi_yoy.IMF_WEO,MX,cpi_yoy,2019-12-31,3.6,2026-10-07
MX.cpi_yoy.IMF_WEO,MX,cpi_yoy,2020-12-31,3.4,2026-10-07
MX.cpi_yoy.IMF_WEO,MX,cpi_yoy,2021-12-31,5.7,2026-10-07
MX.cpi_yoy.IMF_WEO,MX,cpi_yoy,2022-12-31,7.9,2026-10-07
MX.cpi_yoy.IMF_WEO,MX,cpi_yoy,2023-12-31,5.5,2026-10-07
MX.cpi_yoy.IMF_WEO,MX,cpi_yoy,2024-12-31,4.7,2026-10-07
MX.cpi_yoy.IMF_WEO,MX,cpi_yoy,2025-12-31,3.8,2026-10-07
MX.gg_debt_gdp.IMF_WEO,MX,gg_debt_gdp,1996-12-31,42.5,2026-10-07
MX.gg_debt_gdp.IMF_WEO,MX,gg_debt_gdp,1997-12-31,39.1,2026-10-07
MX.gg_debt_gdp.IMF_WEO,MX,gg_debt_gdp,1998-12-31,39.7,2026-10-07
MX.gg_debt_gdp.IMF_WEO,MX,gg_debt_gdp,1999-12-31,41.7,2026-10-07
MX.gg_debt_gdp.IMF_WEO,MX,gg_debt_gdp,2000-12-31,38.5,2026-10-07
MX.gg_debt_gdp.IMF_WEO,MX,gg_debt_gdp,2001-12-31,37.3,2026-10-07
MX.gg_debt_gdp.IMF_WEO,MX,gg_debt_gdp,2002-12-31,39.9,2026-10-07
MX.gg_debt_gdp.IMF_WEO,MX,gg_debt_gdp,2003-12-31,42.1,2026-10-07
MX.gg_debt_gdp.IMF_WEO,MX,gg_debt_gdp,2004-12-31,38.9,2026-10-07
MX.gg_debt_gdp.IMF_WEO,MX,gg_debt_gdp,2005-12-31,36.8,2026-10-07
MX.gg_debt_gdp.IMF_WEO,MX,gg_debt_gdp,2006-12-31,35.8,2026-10-07
MX.gg_debt_gdp.IMF_WEO,MX,gg_debt_gdp,2007-12-31,35.5,2026-10-07
MX.gg_debt_gdp.IMF_WEO,MX,gg_debt_gdp,2008-12-31,40.6,2026-10-07
MX.gg_debt_gdp.IMF_WEO,MX,gg_debt_gdp,2009-12-31,41.7,2026-10-07
MX.gg_debt_gdp.IMF_WEO,MX,gg_debt_gdp,2010-12-31,40.2,2026-10-07
MX.gg_debt_gdp.IMF_WEO,MX,gg_debt_gdp,2011-12-31,41.2,2026-10-07
MX.gg_debt_gdp.IMF_WEO,MX,gg_debt_gdp,2012-12-31,40.8,2026-10-07
MX.gg_debt_gdp.IMF_WEO,MX,gg_debt_gdp,2013-12-31,44.1,2026-10-07
MX.gg_debt_gdp.IMF_WEO,MX,gg_debt_gdp,2014-12-31,47.1,2026-10-07
MX.gg_debt_gdp.IMF_WEO,MX,gg_debt_gdp,2015-12-31,51.0,2026-10-07
MX.gg_debt_gdp.IMF_WEO,MX,gg_debt_gdp,2016-12-31,55.0,2026-10-07
MX.gg_debt_gdp.IMF_WEO,MX,gg_debt_gdp,2017-12-31,52.5,2026-10-07
MX.gg_debt_gdp.IMF_WEO,MX,gg_debt_gdp,2018-12-31,52.2,2026-10-07
MX.gg_debt_gdp.IMF_WEO,MX,gg_debt_gdp,2019-12-31,51.9,2026-10-07
MX.gg_debt_gdp.IMF_WEO,MX,gg_debt_gdp,2020-12-31,58.5,2026-10-07
MX.gg_debt_gdp.IMF_WEO,MX,gg_debt_gdp,2021-12-31,56.7,2026-10-07
MX.gg_debt_gdp.IMF_WEO,MX,gg_debt_gdp,2022-12-31,53.8,2026-10-07
MX.gg_debt_gdp.IMF_WEO,MX,gg_debt_gdp,2023-12-31,52.8,2026-10-07
MX.gg_debt_gdp.IMF_WEO,MX,gg_debt_gdp,2024-12-31,59.1,2026-10-07
MX.gg_debt_gdp.IMF_WEO,MX,gg_debt_gdp,2025-12-31,61.8,2026-10-07
MX.gg_interest_gdp.IMF_WEO,MX,gg_interest_gdp,1925-12-31,1.6033600568771,2026-10-07
MX.gg_interest_gdp.IMF_WEO,MX,gg_interest_gdp,1926-12-31,1.1702300310135,2026-10-07
MX.gg_interest_gdp.IMF_WEO,MX,gg_interest_gdp,1927-12-31,1.1429699659348,2026-10-07
MX.gg_interest_gdp.IMF_WEO,MX,gg_interest_gdp,1928-12-31,0.67756098508835,2026-10-07
MX.gg_interest_gdp.IMF_WEO,MX,gg_interest_gdp,1929-12-31,0.5140860080719,2026-10-07
MX.gg_interest_gdp.IMF_WEO,MX,gg_interest_gdp,1930-12-31,0.40702700614929,2026-10-07
MX.gg_interest_gdp.IMF_WEO,MX,gg_interest_gdp,1931-12-31,0.33191099762917,2026-10-07
MX.gg_interest_gdp.IMF_WEO,MX,gg_interest_gdp,1932-12-31,0.6238300204277,2026-10-07
MX.gg_interest_gdp.IMF_WEO,MX,gg_interest_gdp,1933-12-31,0.92543601989746,2026-10-07
MX.gg_interest_gdp.IMF_WEO,MX,gg_interest_gdp,1934-12-31,1.0599900484085,2026-10-07
MX.gg_interest_gdp.IMF_WEO,MX,gg_interest_gdp,1935-12-31,0.66079300642014,2026-10-07
MX.gg_interest_gdp.IMF_WEO,MX,gg_interest_gdp,1936-12-31,0.67340099811554,2026-10-07
MX.gg_interest_gdp.IMF_WEO,MX,gg_interest_gdp,1937-12-31,0.76470601558685,2026-10-07
MX.gg_interest_gdp.IMF_WEO,MX,gg_interest_gdp,1938-12-31,0.86526602506638,2026-10-07
MX.gg_interest_gdp.IMF_WEO,MX,gg_interest_gdp,1939-12-31,1.0147700309753,2026-10-07
MX.gg_interest_gdp.IMF_WEO,MX,gg_interest_gdp,1940-12-31,1.0667999982834,2026-10-07
MX.gg_interest_gdp.IMF_WEO,MX,gg_interest_gdp,1941-12-31,0.98570197820663,2026-10-07
MX.gg_interest_gdp.IMF_WEO,MX,gg_interest_gdp,1942-12-31,1.825670003891,2026-10-07
MX.gg_interest_gdp.IMF_WEO,MX,gg_interest_gdp,1943-12-31,1.4422700405121,2026-10-07
MX.gg_interest_gdp.IMF_WEO,MX,gg_interest_gdp,1944-12-31,1.5371500253677,2026-10-07
MX.gg_interest_gdp.IMF_WEO,MX,gg_interest_gdp,1945-12-31,1.3906500339508,2026-10-07
MX.gg_interest_gdp.IMF_WEO,MX,gg_interest_gdp,1946-12-31,1.0597900152206,2026-10-07
MX.gg_interest_gdp.IMF_WEO,MX,gg_interest_gdp,1947-12-31,1.1829899549484,2026-10-07
MX.gg_interest_gdp.IMF_WEO,MX,gg_interest_gdp,1948-12-31,1.344370007515,2026-10-07
MX.gg_interest_gdp.IMF_WEO,MX,gg_interest_gdp,1949-12-31,1.5539400577545,2026-10-07
MX.gg_interest_gdp.IMF_WEO,MX,gg_interest_gdp,1950-12-31,1.3139499425888,2026-10-07
MX.gg_interest_gdp.IMF_WEO,MX,gg_interest_gdp,1951-12-31,1.4179300069809,2026-10-07
MX.gg_interest_gdp.IMF_WEO,MX,gg_interest_gdp,1952-12-31,1.4673800468445,2026-10-07
MX.gg_interest_gdp.IMF_WEO,MX,gg_interest_gdp,1953-12-31,0.75646197795868,2026-10-07
MX.gg_interest_gdp.IMF_WEO,MX,gg_interest_gdp,1954-12-31,0.33055600523949,2026-10-07
MX.gg_interest_gdp.IMF_WEO,MX,gg_interest_gdp,1955-12-31,0.2617349922657,2026-10-07
MX.gg_interest_gdp.IMF_WEO,MX,gg_interest_gdp,1956-12-31,0.035852998495102,2026-10-07
MX.gg_interest_gdp.IMF_WEO,MX,gg_interest_gdp,1957-12-31,0.36106500029564,2026-10-07
MX.gg_interest_gdp.IMF_WEO,MX,gg_interest_gdp,1958-12-31,0.23207999765873,2026-10-07
MX.gg_interest_gdp.IMF_WEO,MX,gg_interest_gdp,1959-12-31,0.23378199338913,2026-10-07
MX.gg_interest_gdp.IMF_WEO,MX,gg_interest_gdp,1960-12-31,0.32047000527382,2026-10-07
MX.gg_interest_gdp.IMF_WEO,MX,gg_interest_gdp,1961-12-31,0.51022899150848,2026-10-07
MX.gg_interest_gdp.IMF_WEO,MX,gg_interest_gdp,1962-12-31,0.37605500221252,2026-10-07
MX.gg_interest_gdp.IMF_WEO,MX,gg_interest_gdp,1963-12-31,0.40571901202202,2026-10-07
MX.gg_interest_gdp.IMF_WEO,MX,gg_interest_gdp,1964-12-31,0.47788000106812,2026-10-07
MX.gg_interest_gdp.IMF_WEO,MX,gg_interest_gdp,1965-12-31,0.69691902399063,2026-10-07
MX.gg_interest_gdp.IMF_WEO,MX,gg_interest_gdp,1966-12-31,2.3479399681091,2026-10-07
MX.gg_interest_gdp.IMF_WEO,MX,gg_interest_gdp,1967-12-31,3.6350998878479,2026-10-07
MX.gg_interest_gdp.IMF_WEO,MX,gg_interest_gdp,1968-12-31,2.4756999015808,2026-10-07
MX.gg_interest_gdp.IMF_WEO,MX,gg_interest_gdp,1969-12-31,2.5523099899292,2026-10-07
MX.gg_interest_gdp.IMF_WEO,MX,gg_interest_gdp,1970-12-31,2.5266098976135,2026-10-07
MX.gg_interest_gdp.IMF_WEO,MX,gg_interest_gdp,1971-12-31,2.4674999713898,2026-10-07
MX.gg_interest_gdp.IMF_WEO,MX,gg_interest_gdp,1972-12-31,2.355299949646,2026-10-07
MX.gg_interest_gdp.IMF_WEO,MX,gg_interest_gdp,1973-12-31,2.2884900569916,2026-10-07
MX.gg_interest_gdp.IMF_WEO,MX,gg_interest_gdp,1974-12-31,2.3225300312042,2026-10-07
MX.gg_interest_gdp.IMF_WEO,MX,gg_interest_gdp,1975-12-31,2.4952499866486,2026-10-07
MX.gg_interest_gdp.IMF_WEO,MX,gg_interest_gdp,1976-12-31,2.8375599384308,2026-10-07
MX.gg_interest_gdp.IMF_WEO,MX,gg_interest_gdp,1977-12-31,3.4504001140594,2026-10-07
MX.gg_interest_gdp.IMF_WEO,MX,gg_interest_gdp,1978-12-31,5.1295099258423,2026-10-07
MX.gg_interest_gdp.IMF_WEO,MX,gg_interest_gdp,1979-12-31,5.7203798294067,2026-10-07
MX.gg_interest_gdp.IMF_WEO,MX,gg_interest_gdp,1980-12-31,3.5212500095367,2026-10-07
MX.gg_interest_gdp.IMF_WEO,MX,gg_interest_gdp,1981-12-31,4.9684300422668,2026-10-07
MX.gg_interest_gdp.IMF_WEO,MX,gg_interest_gdp,1982-12-31,12.084500312805,2026-10-07
MX.gg_interest_gdp.IMF_WEO,MX,gg_interest_gdp,1983-12-31,12.986100196838,2026-10-07
MX.gg_interest_gdp.IMF_WEO,MX,gg_interest_gdp,1984-12-31,12.63720035553,2026-10-07
MX.gg_interest_gdp.IMF_WEO,MX,gg_interest_gdp,1985-12-31,11.98690032959,2026-10-07
MX.gg_interest_gdp.IMF_WEO,MX,gg_interest_gdp,1986-12-31,17.150400161743,2026-10-07
MX.gg_interest_gdp.IMF_WEO,MX,gg_interest_gdp,1987-12-31,20.036199569702,2026-10-07
MX.gg_interest_gdp.IMF_WEO,MX,gg_interest_gdp,1988-12-31,17.205799102783,2026-10-07
MX.gg_interest_gdp.IMF_WEO,MX,gg_interest_gdp,1989-12-31,13.305000305176,2026-10-07
MX.gg_interest_gdp.IMF_WEO,MX,gg_interest_gdp,1990-12-31,9.8442697525024,2026-10-07
MX.gg_interest_gdp.IMF_WEO,MX,gg_interest_gdp,1991-12-31,5.5430598258972,2026-10-07
MX.gg_interest_gdp.IMF_WEO,MX,gg_interest_gdp,1992-12-31,3.9827599525452,2026-10-07
MX.gg_interest_gdp.IMF_WEO,MX,gg_interest_gdp,1993-12-31,2.8116600513458,2026-10-07
MX.gg_interest_gdp.IMF_WEO,MX,gg_interest_gdp,1994-12-31,2.3378000259399,2026-10-07
MX.gg_interest_gdp.IMF_WEO,MX,gg_interest_gdp,1995-12-31,4.6126098632812,2026-10-07
MX.gg_interest_gdp.IMF_WEO,MX,gg_interest_gdp,1996-12-31,3.8282287995536,2026-10-07
MX.gg_interest_gdp.IMF_WEO,MX,gg_interest_gdp,1997-12-31,3.436161719304,2026-10-07
MX.gg_interest_gdp.IMF_WEO,MX,gg_interest_gdp,1998-12-31,2.5408718043876,2026-10-07
MX.gg_interest_gdp.IMF_WEO,MX,gg_interest_gdp,1999-12-31,2.9771322059866,2026-10-07
MX.gg_interest_gdp.IMF_WEO,MX,gg_interest_gdp,2000-12-31,3.0119850989978,2026-10-07
MX.gg_interest_gdp.IMF_WEO,MX,gg_interest_gdp,2001-12-31,3.7006523631536,2026-10-07
MX.gg_interest_gdp.IMF_WEO,MX,gg_interest_gdp,2002-12-31,2.9879820089864,2026-10-07
MX.gg_interest_gdp.IMF_WEO,MX,gg_interest_gdp,2003-12-31,2.8556238677969,2026-10-07
MX.gg_interest_gdp.IMF_WEO,MX,gg_interest_gdp,2004-12-31,2.7119228979512,2026-10-07
MX.gg_interest_gdp.IMF_WEO,MX,gg_interest_gdp,2005-12-31,2.7027073853229,2026-10-07
MX.gg_interest_gdp.IMF_WEO,MX,gg_interest_gdp,2006-12-31,2.5885324022177,2026-10-07
MX.gg_interest_gdp.IMF_WEO,MX,gg_interest_gdp,2007-12-31,2.4799204921037,2026-10-07
MX.gg_interest_gdp.IMF_WEO,MX,gg_interest_gdp,2008-12-31,3.4183962745434,2026-10-07
MX.gg_interest_gdp.IMF_WEO,MX,gg_interest_gdp,2009-12-31,3.4156858465469,2026-10-07
MX.gg_interest_gdp.IMF_WEO,MX,gg_interest_gdp,2010-12-31,2.9776414368058,2026-10-07
MX.gg_interest_gdp.IMF_WEO,MX,gg_interest_gdp,2011-12-31,2.8076674068605,2026-10-07
MX.gg_interest_gdp.IMF_WEO,MX,gg_interest_gdp,2012-12-31,2.9522180165871,2026-10-07
MX.gg_interest_gdp.IMF_WEO,MX,gg_interest_gdp,2013-12-31,2.9143377907097,2026-10-07
MX.gg_interest_gdp.IMF_WEO,MX,gg_interest_gdp,2014-12-31,2.9195871474182,2026-10-07
MX.gg_interest_gdp.IMF_WEO,MX,gg_interest_gdp,2015-12-31,2.9171483338765,2026-10-07
MX.gg_interest_gdp.IMF_WEO,MX,gg_interest_gdp,2016-12-31,3.2183449820394,2026-10-07
MX.gg_interest_gdp.IMF_WEO,MX,gg_interest_gdp,2017-12-31,3.9313674339201,2026-10-07
MX.gg_interest_gdp.IMF_WEO,MX,gg_interest_gdp,2018-12-31,4.0070061928274,2026-10-07
MX.gg_interest_gdp.IMF_WEO,MX,gg_interest_gdp,2019-12-31,4.8516257695256,2026-10-07
MX.gg_interest_gdp.IMF_WEO,MX,gg_interest_gdp,2020-12-31,4.8479674668354,2026-10-07
MX.gg_interest_gdp.IMF_WEO,MX,gg_interest_gdp,2021-12-31,4.5861774998261,2026-10-07
MX.gg_interest_gdp.IMF_WEO,MX,gg_interest_gdp,2022-12-31,5.3530121662703,2026-10-07
MX.gg_interest_gdp.IMF_WEO,MX,gg_interest_gdp,2023-12-31,6.1920107690111,2026-10-07
MX.gg_interest_gdp.IMF_WEO,MX,gg_interest_gdp,2024-12-31,6.476063161728,2026-10-07
MX.gg_net_lending_gdp.IMF_WEO,MX,gg_net_lending_gdp,1990-12-31,-3.1,2026-10-07
MX.gg_net_lending_gdp.IMF_WEO,MX,gg_net_lending_gdp,1991-12-31,1.5,2026-10-07
MX.gg_net_lending_gdp.IMF_WEO,MX,gg_net_lending_gdp,1992-12-31,2.3,2026-10-07
MX.gg_net_lending_gdp.IMF_WEO,MX,gg_net_lending_gdp,1993-12-31,-1.5,2026-10-07
MX.gg_net_lending_gdp.IMF_WEO,MX,gg_net_lending_gdp,1994-12-31,-2.3,2026-10-07
MX.gg_net_lending_gdp.IMF_WEO,MX,gg_net_lending_gdp,1995-12-31,-2.3,2026-10-07
MX.gg_net_lending_gdp.IMF_WEO,MX,gg_net_lending_gdp,1996-12-31,-3.7,2026-10-07
MX.gg_net_lending_gdp.IMF_WEO,MX,gg_net_lending_gdp,1997-12-31,-3.5,2026-10-07
MX.gg_net_lending_gdp.IMF_WEO,MX,gg_net_lending_gdp,1998-12-31,-4.5,2026-10-07
MX.gg_net_lending_gdp.IMF_WEO,MX,gg_net_lending_gdp,1999-12-31,-4.5,2026-10-07
MX.gg_net_lending_gdp.IMF_WEO,MX,gg_net_lending_gdp,2000-12-31,-2.7,2026-10-07
MX.gg_net_lending_gdp.IMF_WEO,MX,gg_net_lending_gdp,2001-12-31,-2.6,2026-10-07
MX.gg_net_lending_gdp.IMF_WEO,MX,gg_net_lending_gdp,2002-12-31,-2.2,2026-10-07
MX.gg_net_lending_gdp.IMF_WEO,MX,gg_net_lending_gdp,2003-12-31,-2.2,2026-10-07
MX.gg_net_lending_gdp.IMF_WEO,MX,gg_net_lending_gdp,2004-12-31,-1.3,2026-10-07
MX.gg_net_lending_gdp.IMF_WEO,MX,gg_net_lending_gdp,2005-12-31,-1.4,2026-10-07
MX.gg_net_lending_gdp.IMF_WEO,MX,gg_net_lending_gdp,2006-12-31,-1.2,2026-10-07
MX.gg_net_lending_gdp.IMF_WEO,MX,gg_net_lending_gdp,2007-12-31,-1.5,2026-10-07
MX.gg_net_lending_gdp.IMF_WEO,MX,gg_net_lending_gdp,2008-12-31,-0.7,2026-10-07
MX.gg_net_lending_gdp.IMF_WEO,MX,gg_net_lending_gdp,2009-12-31,-3.9,2026-10-07
MX.gg_net_lending_gdp.IMF_WEO,MX,gg_net_lending_gdp,2010-12-31,-3.8,2026-10-07
MX.gg_net_lending_gdp.IMF_WEO,MX,gg_net_lending_gdp,2011-12-31,-3.2,2026-10-07
MX.gg_net_lending_gdp.IMF_WEO,MX,gg_net_lending_gdp,2012-12-31,-3.6,2026-10-07
MX.gg_net_lending_gdp.IMF_WEO,MX,gg_net_lending_gdp,2013-12-31,-3.6,2026-10-07
MX.gg_net_lending_gdp.IMF_WEO,MX,gg_net_lending_gdp,2014-12-31,-4.4,2026-10-07
MX.gg_net_lending_gdp.IMF_WEO,MX,gg_net_lending_gdp,2015-12-31,-3.9,2026-10-07
MX.gg_net_lending_gdp.IMF_WEO,MX,gg_net_lending_gdp,2016-12-31,-2.7,2026-10-07
MX.gg_net_lending_gdp.IMF_WEO,MX,gg_net_lending_gdp,2017-12-31,-1.0,2026-10-07
MX.gg_net_lending_gdp.IMF_WEO,MX,gg_net_lending_gdp,2018-12-31,-2.1,2026-10-07
MX.gg_net_lending_gdp.IMF_WEO,MX,gg_net_lending_gdp,2019-12-31,-2.3,2026-10-07
MX.gg_net_lending_gdp.IMF_WEO,MX,gg_net_lending_gdp,2020-12-31,-4.3,2026-10-07
MX.gg_net_lending_gdp.IMF_WEO,MX,gg_net_lending_gdp,2021-12-31,-3.7,2026-10-07
MX.gg_net_lending_gdp.IMF_WEO,MX,gg_net_lending_gdp,2022-12-31,-4.3,2026-10-07
MX.gg_net_lending_gdp.IMF_WEO,MX,gg_net_lending_gdp,2023-12-31,-4.3,2026-10-07
MX.gg_net_lending_gdp.IMF_WEO,MX,gg_net_lending_gdp,2024-12-31,-5.8,2026-10-07
MX.gg_net_lending_gdp.IMF_WEO,MX,gg_net_lending_gdp,2025-12-31,-4.9,2026-10-07
MX.gg_revenue_gdp.IMF_WEO,MX,gg_revenue_gdp,1900-12-31,5.4669699668884,2026-10-07
MX.gg_revenue_gdp.IMF_WEO,MX,gg_revenue_gdp,1901-12-31,4.4532098770142,2026-10-07
MX.gg_revenue_gdp.IMF_WEO,MX,gg_revenue_gdp,1902-12-31,4.8445000648499,2026-10-07
MX.gg_revenue_gdp.IMF_WEO,MX,gg_revenue_gdp,1903-12-31,10.274299621582,2026-10-07
MX.gg_revenue_gdp.IMF_WEO,MX,gg_revenue_gdp,1904-12-31,7.0261402130127,2026-10-07
MX.gg_revenue_gdp.IMF_WEO,MX,gg_revenue_gdp,1905-12-31,4.7074398994446,2026-10-07
MX.gg_revenue_gdp.IMF_WEO,MX,gg_revenue_gdp,1906-12-31,5.322509765625,2026-10-07
MX.gg_revenue_gdp.IMF_WEO,MX,gg_revenue_gdp,1907-12-31,4.9019598960876,2026-10-07
MX.gg_revenue_gdp.IMF_WEO,MX,gg_revenue_gdp,1908-12-31,4.2358798980713,2026-10-07
MX.gg_revenue_gdp.IMF_WEO,MX,gg_revenue_gdp,1909-12-31,4.1997699737549,2026-10-07
MX.gg_revenue_gdp.IMF_WEO,MX,gg_revenue_gdp,1910-12-31,3.7419400215149,2026-10-07
MX.gg_revenue_gdp.IMF_WEO,MX,gg_revenue_gdp,1911-12-31,3.371129989624,2026-10-07
MX.gg_revenue_gdp.IMF_WEO,MX,gg_revenue_gdp,1912-12-31,3.6681199073792,2026-10-07
MX.gg_revenue_gdp.IMF_WEO,MX,gg_revenue_gdp,1913-12-31,3.3453099727631,2026-10-07
MX.gg_revenue_gdp.IMF_WEO,MX,gg_revenue_gdp,1917-12-31,3.4669098854065,2026-10-07
MX.gg_revenue_gdp.IMF_WEO,MX,gg_revenue_gdp,1918-12-31,3.3575699329376,2026-10-07
MX.gg_revenue_gdp.IMF_WEO,MX,gg_revenue_gdp,1919-12-31,3.8195900917053,2026-10-07
MX.gg_revenue_gdp.IMF_WEO,MX,gg_revenue_gdp,1920-12-31,5.017370223999,2026-10-07
MX.gg_revenue_gdp.IMF_WEO,MX,gg_revenue_gdp,1921-12-31,5.3712201118469,2026-10-07
MX.gg_revenue_gdp.IMF_WEO,MX,gg_revenue_gdp,1922-12-31,6.1002202033997,2026-10-07
MX.gg_revenue_gdp.IMF_WEO,MX,gg_revenue_gdp,1923-12-31,5.7239699363708,2026-10-07
MX.gg_revenue_gdp.IMF_WEO,MX,gg_revenue_gdp,1924-12-31,5.8925099372864,2026-10-07
MX.gg_revenue_gdp.IMF_WEO,MX,gg_revenue_gdp,1925-12-31,6.146210193634,2026-10-07
MX.gg_revenue_gdp.IMF_WEO,MX,gg_revenue_gdp,1926-12-31,5.6500301361084,2026-10-07
MX.gg_revenue_gdp.IMF_WEO,MX,gg_revenue_gdp,1927-12-31,5.9153800010681,2026-10-07
MX.gg_revenue_gdp.IMF_WEO,MX,gg_revenue_gdp,1928-12-31,5.9784798622131,2026-10-07
MX.gg_revenue_gdp.IMF_WEO,MX,gg_revenue_gdp,1929-12-31,6.6214299201965,2026-10-07
MX.gg_revenue_gdp.IMF_WEO,MX,gg_revenue_gdp,1930-12-31,6.1910901069641,2026-10-07
MX.gg_revenue_gdp.IMF_WEO,MX,gg_revenue_gdp,1931-12-31,6.0692300796509,2026-10-07
MX.gg_revenue_gdp.IMF_WEO,MX,gg_revenue_gdp,1932-12-31,6.6125998497009,2026-10-07
MX.gg_revenue_gdp.IMF_WEO,MX,gg_revenue_gdp,1933-12-31,5.8963499069214,2026-10-07
MX.gg_revenue_gdp.IMF_WEO,MX,gg_revenue_gdp,1934-12-31,7.1067199707031,2026-10-07
MX.gg_revenue_gdp.IMF_WEO,MX,gg_revenue_gdp,1935-12-31,6.8942699432373,2026-10-07
MX.gg_revenue_gdp.IMF_WEO,MX,gg_revenue_gdp,1936-12-31,7.2016501426697,2026-10-07
MX.gg_revenue_gdp.IMF_WEO,MX,gg_revenue_gdp,1937-12-31,6.6323499679565,2026-10-07
MX.gg_revenue_gdp.IMF_WEO,MX,gg_revenue_gdp,1938-12-31,6.0156598091125,2026-10-07
MX.gg_revenue_gdp.IMF_WEO,MX,gg_revenue_gdp,1939-12-31,7.2703900337219,2026-10-07
MX.gg_revenue_gdp.IMF_WEO,MX,gg_revenue_gdp,1940-12-31,6.9947900772095,2026-10-07
MX.gg_revenue_gdp.IMF_WEO,MX,gg_revenue_gdp,1941-12-31,7.2032098770142,2026-10-07
MX.gg_revenue_gdp.IMF_WEO,MX,gg_revenue_gdp,1942-12-31,6.9843602180481,2026-10-07
MX.gg_revenue_gdp.IMF_WEO,MX,gg_revenue_gdp,1943-12-31,8.3774499893188,2026-10-07
MX.gg_revenue_gdp.IMF_WEO,MX,gg_revenue_gdp,1944-12-31,6.8879299163818,2026-10-07
MX.gg_revenue_gdp.IMF_WEO,MX,gg_revenue_gdp,1945-12-31,6.8267998695374,2026-10-07
MX.gg_revenue_gdp.IMF_WEO,MX,gg_revenue_gdp,1946-12-31,7.2037200927734,2026-10-07
MX.gg_revenue_gdp.IMF_WEO,MX,gg_revenue_gdp,1947-12-31,6.6241202354431,2026-10-07
MX.gg_revenue_gdp.IMF_WEO,MX,gg_revenue_gdp,1948-12-31,6.8275899887085,2026-10-07
MX.gg_revenue_gdp.IMF_WEO,MX,gg_revenue_gdp,1949-12-31,11.343999862671,2026-10-07
MX.gg_revenue_gdp.IMF_WEO,MX,gg_revenue_gdp,1950-12-31,8.5714998245239,2026-10-07
MX.gg_revenue_gdp.IMF_WEO,MX,gg_revenue_gdp,1951-12-31,9.0758600234985,2026-10-07
MX.gg_revenue_gdp.IMF_WEO,MX,gg_revenue_gdp,1952-12-31,10.358599662781,2026-10-07
MX.gg_revenue_gdp.IMF_WEO,MX,gg_revenue_gdp,1953-12-31,7.9007301330566,2026-10-07
MX.gg_revenue_gdp.IMF_WEO,MX,gg_revenue_gdp,1954-12-31,8.6787204742432,2026-10-07
MX.gg_revenue_gdp.IMF_WEO,MX,gg_revenue_gdp,1955-12-31,8.7452898025513,2026-10-07
MX.gg_revenue_gdp.IMF_WEO,MX,gg_revenue_gdp,1956-12-31,8.9347095489502,2026-10-07
MX.gg_revenue_gdp.IMF_WEO,MX,gg_revenue_gdp,1957-12-31,8.2049102783203,2026-10-07
MX.gg_revenue_gdp.IMF_WEO,MX,gg_revenue_gdp,1958-12-31,9.0053100585938,2026-10-07
MX.gg_revenue_gdp.IMF_WEO,MX,gg_revenue_gdp,1959-12-31,7.351459980011,2026-10-07
MX.gg_revenue_gdp.IMF_WEO,MX,gg_revenue_gdp,1960-12-31,8.1377296447754,2026-10-07
MX.gg_revenue_gdp.IMF_WEO,MX,gg_revenue_gdp,1961-12-31,7.1374897956848,2026-10-07
MX.gg_revenue_gdp.IMF_WEO,MX,gg_revenue_gdp,1962-12-31,7.4732999801636,2026-10-07
MX.gg_revenue_gdp.IMF_WEO,MX,gg_revenue_gdp,1963-12-31,7.5882902145386,2026-10-07
MX.gg_revenue_gdp.IMF_WEO,MX,gg_revenue_gdp,1964-12-31,7.7759399414062,2026-10-07
MX.gg_revenue_gdp.IMF_WEO,MX,gg_revenue_gdp,1965-12-31,8.2351703643799,2026-10-07
MX.gg_revenue_gdp.IMF_WEO,MX,gg_revenue_gdp,1966-12-31,8.4119596481323,2026-10-07
MX.gg_revenue_gdp.IMF_WEO,MX,gg_revenue_gdp,1967-12-31,8.3070497512817,2026-10-07
MX.gg_revenue_gdp.IMF_WEO,MX,gg_revenue_gdp,1968-12-31,8.8923997879028,2026-10-07
MX.gg_revenue_gdp.IMF_WEO,MX,gg_revenue_gdp,1969-12-31,9.0498600006104,2026-10-07
MX.gg_revenue_gdp.IMF_WEO,MX,gg_revenue_gdp,1970-12-31,9.2285995483398,2026-10-07
MX.gg_revenue_gdp.IMF_WEO,MX,gg_revenue_gdp,1971-12-31,9.1834697723389,2026-10-07
MX.gg_revenue_gdp.IMF_WEO,MX,gg_revenue_gdp,1972-12-31,9.5621404647827,2026-10-07
MX.gg_revenue_gdp.IMF_WEO,MX,gg_revenue_gdp,1973-12-31,9.987099647522,2026-10-07
MX.gg_revenue_gdp.IMF_WEO,MX,gg_revenue_gdp,1974-12-31,10.44789981842,2026-10-07
MX.gg_revenue_gdp.IMF_WEO,MX,gg_revenue_gdp,1975-12-31,12.090399742126,2026-10-07
MX.gg_revenue_gdp.IMF_WEO,MX,gg_revenue_gdp,1976-12-31,12.32709980011,2026-10-07
MX.gg_revenue_gdp.IMF_WEO,MX,gg_revenue_gdp,1977-12-31,13.032199859619,2026-10-07
MX.gg_revenue_gdp.IMF_WEO,MX,gg_revenue_gdp,1978-12-31,13.818799972534,2026-10-07
MX.gg_revenue_gdp.IMF_WEO,MX,gg_revenue_gdp,1979-12-31,14.311200141907,2026-10-07
MX.gg_revenue_gdp.IMF_WEO,MX,gg_revenue_gdp,1980-12-31,15.784000396729,2026-10-07
MX.gg_revenue_gdp.IMF_WEO,MX,gg_revenue_gdp,1981-12-31,15.218600273132,2026-10-07
MX.gg_revenue_gdp.IMF_WEO,MX,gg_revenue_gdp,1982-12-31,13.251899719238,2026-10-07
MX.gg_revenue_gdp.IMF_WEO,MX,gg_revenue_gdp,1983-12-31,15.594900131226,2026-10-07
MX.gg_revenue_gdp.IMF_WEO,MX,gg_revenue_gdp,1984-12-31,14.015999794006,2026-10-07
MX.gg_revenue_gdp.IMF_WEO,MX,gg_revenue_gdp,1985-12-31,14.15419960022,2026-10-07
MX.gg_revenue_gdp.IMF_WEO,MX,gg_revenue_gdp,1986-12-31,13.941900253296,2026-10-07
MX.gg_revenue_gdp.IMF_WEO,MX,gg_revenue_gdp,1987-12-31,15.036700248718,2026-10-07
MX.gg_revenue_gdp.IMF_WEO,MX,gg_revenue_gdp,1988-12-31,14.837300300598,2026-10-07
MX.gg_revenue_gdp.IMF_WEO,MX,gg_revenue_gdp,1989-12-31,14.467599868774,2026-10-07
MX.gg_revenue_gdp.IMF_WEO,MX,gg_revenue_gdp,1990-12-31,13.995400428772,2026-10-07
MX.gg_revenue_gdp.IMF_WEO,MX,gg_revenue_gdp,1991-12-31,13.577300071716,2026-10-07
MX.gg_revenue_gdp.IMF_WEO,MX,gg_revenue_gdp,1992-12-31,14.015199661255,2026-10-07
MX.gg_revenue_gdp.IMF_WEO,MX,gg_revenue_gdp,1993-12-31,12.253199577332,2026-10-07
MX.gg_revenue_gdp.IMF_WEO,MX,gg_revenue_gdp,1994-12-31,12.204999923706,2026-10-07
MX.gg_revenue_gdp.IMF_WEO,MX,gg_revenue_gdp,1995-12-31,12.957699775696,2026-10-07
MX.gg_revenue_gdp.IMF_WEO,MX,gg_revenue_gdp,1996-12-31,17.149293471203,2026-10-07
MX.gg_revenue_gdp.IMF_WEO,MX,gg_revenue_gdp,1997-12-31,17.261078519234,2026-10-07
MX.gg_revenue_gdp.IMF_WEO,MX,gg_revenue_gdp,1998-12-31,14.986782624725,2026-10-07
MX.gg_revenue_gdp.IMF_WEO,MX,gg_revenue_gdp,1999-12-31,15.647587255537,2026-10-07
MX.gg_revenue_gdp.IMF_WEO,MX,gg_revenue_gdp,2000-12-31,16.701285995366,2026-10-07
MX.gg_revenue_gdp.IMF_WEO,MX,gg_revenue_gdp,2001-12-31,16.973732283741,2026-10-07
MX.gg_revenue_gdp.IMF_WEO,MX,gg_revenue_gdp,2002-12-31,17.586170042552,2026-10-07
MX.gg_revenue_gdp.IMF_WEO,MX,gg_revenue_gdp,2003-12-31,19.261130574235,2026-10-07
MX.gg_revenue_gdp.IMF_WEO,MX,gg_revenue_gdp,2004-12-31,19.112973886655,2026-10-07
MX.gg_revenue_gdp.IMF_WEO,MX,gg_revenue_gdp,2005-12-31,19.722058427041,2026-10-07
MX.gg_revenue_gdp.IMF_WEO,MX,gg_revenue_gdp,2006-12-31,20.350678961623,2026-10-07
MX.gg_revenue_gdp.IMF_WEO,MX,gg_revenue_gdp,2007-12-31,21.062675747678,2026-10-07
MX.gg_revenue_gdp.IMF_WEO,MX,gg_revenue_gdp,2008-12-31,25.820675950474,2026-10-07
MX.gg_revenue_gdp.IMF_WEO,MX,gg_revenue_gdp,2009-12-31,22.58119795727,2026-10-07
MX.gg_revenue_gdp.IMF_WEO,MX,gg_revenue_gdp,2010-12-31,22.678321304363,2026-10-07
MX.gg_revenue_gdp.IMF_WEO,MX,gg_revenue_gdp,2011-12-31,23.417943939432,2026-10-07
MX.gg_revenue_gdp.IMF_WEO,MX,gg_revenue_gdp,2012-12-31,23.43369922956,2026-10-07
MX.gg_revenue_gdp.IMF_WEO,MX,gg_revenue_gdp,2013-12-31,23.109448222087,2026-10-07
MX.gg_revenue_gdp.IMF_WEO,MX,gg_revenue_gdp,2014-12-31,22.578121521013,2026-10-07
MX.gg_revenue_gdp.IMF_WEO,MX,gg_revenue_gdp,2015-12-31,22.698584180174,2026-10-07
MX.gg_revenue_gdp.IMF_WEO,MX,gg_revenue_gdp,2016-12-31,23.841111896565,2026-10-07
MX.gg_revenue_gdp.IMF_WEO,MX,gg_revenue_gdp,2017-12-31,23.984132240776,2026-10-07
MX.gg_revenue_gdp.IMF_WEO,MX,gg_revenue_gdp,2018-12-31,22.831150123991,2026-10-07
MX.gg_revenue_gdp.IMF_WEO,MX,gg_revenue_gdp,2019-12-31,22.997031481126,2026-10-07
MX.gg_revenue_gdp.IMF_WEO,MX,gg_revenue_gdp,2020-12-31,23.492741350159,2026-10-07
MX.gg_revenue_gdp.IMF_WEO,MX,gg_revenue_gdp,2021-12-31,22.937162240865,2026-10-07
MX.gg_revenue_gdp.IMF_WEO,MX,gg_revenue_gdp,2022-12-31,24.186707429924,2026-10-07
MX.gg_revenue_gdp.IMF_WEO,MX,gg_revenue_gdp,2023-12-31,24.231719458297,2026-10-07
MX.gg_revenue_gdp.IMF_WEO,MX,gg_revenue_gdp,2024-12-31,24.593690606448,2026-10-07
MX.rgdp_growth.IMF_WEO,MX,rgdp_growth,1980-12-31,9.5,2026-10-07
MX.rgdp_growth.IMF_WEO,MX,rgdp_growth,1981-12-31,9.6,2026-10-07
MX.rgdp_growth.IMF_WEO,MX,rgdp_growth,1982-12-31,0.0,2026-10-07
MX.rgdp_growth.IMF_WEO,MX,rgdp_growth,1983-12-31,-4.6,2026-10-07
MX.rgdp_growth.IMF_WEO,MX,rgdp_growth,1984-12-31,3.5,2026-10-07
MX.rgdp_growth.IMF_WEO,MX,rgdp_growth,1985-12-31,1.9,2026-10-07
MX.rgdp_growth.IMF_WEO,MX,rgdp_growth,1986-12-31,-3.9,2026-10-07
MX.rgdp_growth.IMF_WEO,MX,rgdp_growth,1987-12-31,2.1,2026-10-07
MX.rgdp_growth.IMF_WEO,MX,rgdp_growth,1988-12-31,1.2,2026-10-07
MX.rgdp_growth.IMF_WEO,MX,rgdp_growth,1989-12-31,3.6,2026-10-07
MX.rgdp_growth.IMF_WEO,MX,rgdp_growth,1990-12-31,5.3,2026-10-07
MX.rgdp_growth.IMF_WEO,MX,rgdp_growth,1991-12-31,4.0,2026-10-07
MX.rgdp_growth.IMF_WEO,MX,rgdp_growth,1992-12-31,3.6,2026-10-07
MX.rgdp_growth.IMF_WEO,MX,rgdp_growth,1993-12-31,2.9,2026-10-07
MX.rgdp_growth.IMF_WEO,MX,rgdp_growth,1994-12-31,4.4,2026-10-07
MX.rgdp_growth.IMF_WEO,MX,rgdp_growth,1995-12-31,-5.9,2026-10-07
MX.rgdp_growth.IMF_WEO,MX,rgdp_growth,1996-12-31,6.2,2026-10-07
MX.rgdp_growth.IMF_WEO,MX,rgdp_growth,1997-12-31,7.2,2026-10-07
MX.rgdp_growth.IMF_WEO,MX,rgdp_growth,1998-12-31,6.2,2026-10-07
MX.rgdp_growth.IMF_WEO,MX,rgdp_growth,1999-12-31,2.8,2026-10-07
MX.rgdp_growth.IMF_WEO,MX,rgdp_growth,2000-12-31,5.0,2026-10-07
MX.rgdp_growth.IMF_WEO,MX,rgdp_growth,2001-12-31,-0.5,2026-10-07
MX.rgdp_growth.IMF_WEO,MX,rgdp_growth,2002-12-31,-0.2,2026-10-07
MX.rgdp_growth.IMF_WEO,MX,rgdp_growth,2003-12-31,1.2,2026-10-07
MX.rgdp_growth.IMF_WEO,MX,rgdp_growth,2004-12-31,3.6,2026-10-07
MX.rgdp_growth.IMF_WEO,MX,rgdp_growth,2005-12-31,2.1,2026-10-07
MX.rgdp_growth.IMF_WEO,MX,rgdp_growth,2006-12-31,4.8,2026-10-07
MX.rgdp_growth.IMF_WEO,MX,rgdp_growth,2007-12-31,2.1,2026-10-07
MX.rgdp_growth.IMF_WEO,MX,rgdp_growth,2008-12-31,0.9,2026-10-07
MX.rgdp_growth.IMF_WEO,MX,rgdp_growth,2009-12-31,-6.3,2026-10-07
MX.rgdp_growth.IMF_WEO,MX,rgdp_growth,2010-12-31,5.0,2026-10-07
MX.rgdp_growth.IMF_WEO,MX,rgdp_growth,2011-12-31,3.4,2026-10-07
MX.rgdp_growth.IMF_WEO,MX,rgdp_growth,2012-12-31,3.6,2026-10-07
MX.rgdp_growth.IMF_WEO,MX,rgdp_growth,2013-12-31,0.9,2026-10-07
MX.rgdp_growth.IMF_WEO,MX,rgdp_growth,2014-12-31,2.5,2026-10-07
MX.rgdp_growth.IMF_WEO,MX,rgdp_growth,2015-12-31,2.7,2026-10-07
MX.rgdp_growth.IMF_WEO,MX,rgdp_growth,2016-12-31,1.8,2026-10-07
MX.rgdp_growth.IMF_WEO,MX,rgdp_growth,2017-12-31,1.9,2026-10-07
MX.rgdp_growth.IMF_WEO,MX,rgdp_growth,2018-12-31,2.0,2026-10-07
MX.rgdp_growth.IMF_WEO,MX,rgdp_growth,2019-12-31,-0.4,2026-10-07
MX.rgdp_growth.IMF_WEO,MX,rgdp_growth,2020-12-31,-8.4,2026-10-07
MX.rgdp_growth.IMF_WEO,MX,rgdp_growth,2021-12-31,6.0,2026-10-07
MX.rgdp_growth.IMF_WEO,MX,rgdp_growth,2022-12-31,3.7,2026-10-07
MX.rgdp_growth.IMF_WEO,MX,rgdp_growth,2023-12-31,3.1,2026-10-07
MX.rgdp_growth.IMF_WEO,MX,rgdp_growth,2024-12-31,1.4,2026-10-07
MX.rgdp_growth.IMF_WEO,MX,rgdp_growth,2025-12-31,0.6,2026-10-07
NL.cpi_yoy.IMF_WEO,NL,cpi_yoy,1981-12-31,6.8,2026-10-07
NL.cpi_yoy.IMF_WEO,NL,cpi_yoy,1982-12-31,5.9,2026-10-07
NL.cpi_yoy.IMF_WEO,NL,cpi_yoy,1983-12-31,2.9,2026-10-07
NL.cpi_yoy.IMF_WEO,NL,cpi_yoy,1984-12-31,3.4,2026-10-07
NL.cpi_yoy.IMF_WEO,NL,cpi_yoy,1985-12-31,2.3,2026-10-07
NL.cpi_yoy.IMF_WEO,NL,cpi_yoy,1986-12-31,0.0,2026-10-07
NL.cpi_yoy.IMF_WEO,NL,cpi_yoy,1987-12-31,-1.0,2026-10-07
NL.cpi_yoy.IMF_WEO,NL,cpi_yoy,1988-12-31,0.5,2026-10-07
NL.cpi_yoy.IMF_WEO,NL,cpi_yoy,1989-12-31,1.1,2026-10-07
NL.cpi_yoy.IMF_WEO,NL,cpi_yoy,1990-12-31,2.5,2026-10-07
NL.cpi_yoy.IMF_WEO,NL,cpi_yoy,1991-12-31,3.2,2026-10-07
NL.cpi_yoy.IMF_WEO,NL,cpi_yoy,1992-12-31,2.8,2026-10-07
NL.cpi_yoy.IMF_WEO,NL,cpi_yoy,1993-12-31,1.6,2026-10-07
NL.cpi_yoy.IMF_WEO,NL,cpi_yoy,1994-12-31,2.1,2026-10-07
NL.cpi_yoy.IMF_WEO,NL,cpi_yoy,1995-12-31,1.3,2026-10-07
NL.cpi_yoy.IMF_WEO,NL,cpi_yoy,1996-12-31,1.4,2026-10-07
NL.cpi_yoy.IMF_WEO,NL,cpi_yoy,1997-12-31,1.9,2026-10-07
NL.cpi_yoy.IMF_WEO,NL,cpi_yoy,1998-12-31,1.8,2026-10-07
NL.cpi_yoy.IMF_WEO,NL,cpi_yoy,1999-12-31,2.0,2026-10-07
NL.cpi_yoy.IMF_WEO,NL,cpi_yoy,2000-12-31,2.3,2026-10-07
NL.cpi_yoy.IMF_WEO,NL,cpi_yoy,2001-12-31,5.1,2026-10-07
NL.cpi_yoy.IMF_WEO,NL,cpi_yoy,2002-12-31,3.8,2026-10-07
NL.cpi_yoy.IMF_WEO,NL,cpi_yoy,2003-12-31,2.2,2026-10-07
NL.cpi_yoy.IMF_WEO,NL,cpi_yoy,2004-12-31,1.4,2026-10-07
NL.cpi_yoy.IMF_WEO,NL,cpi_yoy,2005-12-31,1.5,2026-10-07
NL.cpi_yoy.IMF_WEO,NL,cpi_yoy,2006-12-31,1.6,2026-10-07
NL.cpi_yoy.IMF_WEO,NL,cpi_yoy,2007-12-31,1.6,2026-10-07
NL.cpi_yoy.IMF_WEO,NL,cpi_yoy,2008-12-31,2.2,2026-10-07
NL.cpi_yoy.IMF_WEO,NL,cpi_yoy,2009-12-31,1.0,2026-10-07
NL.cpi_yoy.IMF_WEO,NL,cpi_yoy,2010-12-31,0.9,2026-10-07
NL.cpi_yoy.IMF_WEO,NL,cpi_yoy,2011-12-31,2.5,2026-10-07
NL.cpi_yoy.IMF_WEO,NL,cpi_yoy,2012-12-31,2.8,2026-10-07
NL.cpi_yoy.IMF_WEO,NL,cpi_yoy,2013-12-31,2.6,2026-10-07
NL.cpi_yoy.IMF_WEO,NL,cpi_yoy,2014-12-31,0.3,2026-10-07
NL.cpi_yoy.IMF_WEO,NL,cpi_yoy,2015-12-31,0.2,2026-10-07
NL.cpi_yoy.IMF_WEO,NL,cpi_yoy,2016-12-31,0.1,2026-10-07
NL.cpi_yoy.IMF_WEO,NL,cpi_yoy,2017-12-31,1.3,2026-10-07
NL.cpi_yoy.IMF_WEO,NL,cpi_yoy,2018-12-31,1.6,2026-10-07
NL.cpi_yoy.IMF_WEO,NL,cpi_yoy,2019-12-31,2.7,2026-10-07
NL.cpi_yoy.IMF_WEO,NL,cpi_yoy,2020-12-31,1.1,2026-10-07
NL.cpi_yoy.IMF_WEO,NL,cpi_yoy,2021-12-31,2.8,2026-10-07
NL.cpi_yoy.IMF_WEO,NL,cpi_yoy,2022-12-31,11.6,2026-10-07
NL.cpi_yoy.IMF_WEO,NL,cpi_yoy,2023-12-31,4.1,2026-10-07
NL.cpi_yoy.IMF_WEO,NL,cpi_yoy,2024-12-31,3.2,2026-10-07
NL.cpi_yoy.IMF_WEO,NL,cpi_yoy,2025-12-31,3.0,2026-10-07
NL.gg_debt_gdp.IMF_WEO,NL,gg_debt_gdp,1980-12-31,43.6,2026-10-07
NL.gg_debt_gdp.IMF_WEO,NL,gg_debt_gdp,1981-12-31,46.9,2026-10-07
NL.gg_debt_gdp.IMF_WEO,NL,gg_debt_gdp,1982-12-31,52.4,2026-10-07
NL.gg_debt_gdp.IMF_WEO,NL,gg_debt_gdp,1983-12-31,58.4,2026-10-07
NL.gg_debt_gdp.IMF_WEO,NL,gg_debt_gdp,1984-12-31,61.9,2026-10-07
NL.gg_debt_gdp.IMF_WEO,NL,gg_debt_gdp,1985-12-31,67.1,2026-10-07
NL.gg_debt_gdp.IMF_WEO,NL,gg_debt_gdp,1986-12-31,68.9,2026-10-07
NL.gg_debt_gdp.IMF_WEO,NL,gg_debt_gdp,1987-12-31,71.3,2026-10-07
NL.gg_debt_gdp.IMF_WEO,NL,gg_debt_gdp,1988-12-31,73.7,2026-10-07
NL.gg_debt_gdp.IMF_WEO,NL,gg_debt_gdp,1989-12-31,73.7,2026-10-07
NL.gg_debt_gdp.IMF_WEO,NL,gg_debt_gdp,1990-12-31,75.0,2026-10-07
NL.gg_debt_gdp.IMF_WEO,NL,gg_debt_gdp,1991-12-31,74.8,2026-10-07
NL.gg_debt_gdp.IMF_WEO,NL,gg_debt_gdp,1992-12-31,75.6,2026-10-07
NL.gg_debt_gdp.IMF_WEO,NL,gg_debt_gdp,1993-12-31,76.7,2026-10-07
NL.gg_debt_gdp.IMF_WEO,NL,gg_debt_gdp,1994-12-31,73.5,2026-10-07
NL.gg_debt_gdp.IMF_WEO,NL,gg_debt_gdp,1995-12-31,73.0,2026-10-07
NL.gg_debt_gdp.IMF_WEO,NL,gg_debt_gdp,1996-12-31,71.2,2026-10-07
NL.gg_debt_gdp.IMF_WEO,NL,gg_debt_gdp,1997-12-31,65.7,2026-10-07
NL.gg_debt_gdp.IMF_WEO,NL,gg_debt_gdp,1998-12-31,62.7,2026-10-07
NL.gg_debt_gdp.IMF_WEO,NL,gg_debt_gdp,1999-12-31,58.6,2026-10-07
NL.gg_debt_gdp.IMF_WEO,NL,gg_debt_gdp,2000-12-31,52.2,2026-10-07
NL.gg_debt_gdp.IMF_WEO,NL,gg_debt_gdp,2001-12-31,49.4,2026-10-07
NL.gg_debt_gdp.IMF_WEO,NL,gg_debt_gdp,2002-12-31,48.7,2026-10-07
NL.gg_debt_gdp.IMF_WEO,NL,gg_debt_gdp,2003-12-31,49.8,2026-10-07
NL.gg_debt_gdp.IMF_WEO,NL,gg_debt_gdp,2004-12-31,50.1,2026-10-07
NL.gg_debt_gdp.IMF_WEO,NL,gg_debt_gdp,2005-12-31,49.6,2026-10-07
NL.gg_debt_gdp.IMF_WEO,NL,gg_debt_gdp,2006-12-31,45.0,2026-10-07
NL.gg_debt_gdp.IMF_WEO,NL,gg_debt_gdp,2007-12-31,42.7,2026-10-07
NL.gg_debt_gdp.IMF_WEO,NL,gg_debt_gdp,2008-12-31,54.4,2026-10-07
NL.gg_debt_gdp.IMF_WEO,NL,gg_debt_gdp,2009-12-31,56.3,2026-10-07
NL.gg_debt_gdp.IMF_WEO,NL,gg_debt_gdp,2010-12-31,58.9,2026-10-07
NL.gg_debt_gdp.IMF_WEO,NL,gg_debt_gdp,2011-12-31,61.2,2026-10-07
NL.gg_debt_gdp.IMF_WEO,NL,gg_debt_gdp,2012-12-31,65.7,2026-10-07
NL.gg_debt_gdp.IMF_WEO,NL,gg_debt_gdp,2013-12-31,67.2,2026-10-07
NL.gg_debt_gdp.IMF_WEO,NL,gg_debt_gdp,2014-12-31,67.2,2026-10-07
NL.gg_debt_gdp.IMF_WEO,NL,gg_debt_gdp,2015-12-31,63.8,2026-10-07
NL.gg_debt_gdp.IMF_WEO,NL,gg_debt_gdp,2016-12-31,60.9,2026-10-07
NL.gg_debt_gdp.IMF_WEO,NL,gg_debt_gdp,2017-12-31,56.0,2026-10-07
NL.gg_debt_gdp.IMF_WEO,NL,gg_debt_gdp,2018-12-31,51.6,2026-10-07
NL.gg_debt_gdp.IMF_WEO,NL,gg_debt_gdp,2019-12-31,47.7,2026-10-07
NL.gg_debt_gdp.IMF_WEO,NL,gg_debt_gdp,2020-12-31,53.4,2026-10-07
NL.gg_debt_gdp.IMF_WEO,NL,gg_debt_gdp,2021-12-31,50.5,2026-10-07
NL.gg_debt_gdp.IMF_WEO,NL,gg_debt_gdp,2022-12-31,48.4,2026-10-07
NL.gg_debt_gdp.IMF_WEO,NL,gg_debt_gdp,2023-12-31,45.8,2026-10-07
NL.gg_debt_gdp.IMF_WEO,NL,gg_debt_gdp,2024-12-31,43.7,2026-10-07
NL.gg_debt_gdp.IMF_WEO,NL,gg_debt_gdp,2025-12-31,43.3,2026-10-07
NL.gg_interest_gdp.IMF_WEO,NL,gg_interest_gdp,1880-12-31,2.4149401187897,2026-10-07
NL.gg_interest_gdp.IMF_WEO,NL,gg_interest_gdp,1881-12-31,1.9929300546646,2026-10-07
NL.gg_interest_gdp.IMF_WEO,NL,gg_interest_gdp,1882-12-31,2.3889598846436,2026-10-07
NL.gg_interest_gdp.IMF_WEO,NL,gg_interest_gdp,1883-12-31,2.6744699478149,2026-10-07
NL.gg_interest_gdp.IMF_WEO,NL,gg_interest_gdp,1884-12-31,2.6323299407959,2026-10-07
NL.gg_interest_gdp.IMF_WEO,NL,gg_interest_gdp,1885-12-31,2.9986999034882,2026-10-07
NL.gg_interest_gdp.IMF_WEO,NL,gg_interest_gdp,1886-12-31,3.1979699134827,2026-10-07
NL.gg_interest_gdp.IMF_WEO,NL,gg_interest_gdp,1887-12-31,2.8759500980377,2026-10-07
NL.gg_interest_gdp.IMF_WEO,NL,gg_interest_gdp,1888-12-31,3.1768999099731,2026-10-07
NL.gg_interest_gdp.IMF_WEO,NL,gg_interest_gdp,1889-12-31,2.6897099018097,2026-10-07
NL.gg_interest_gdp.IMF_WEO,NL,gg_interest_gdp,1890-12-31,2.8419499397278,2026-10-07
NL.gg_interest_gdp.IMF_WEO,NL,gg_interest_gdp,1891-12-31,2.7946100234985,2026-10-07
NL.gg_interest_gdp.IMF_WEO,NL,gg_interest_gdp,1892-12-31,2.6542699337006,2026-10-07
NL.gg_interest_gdp.IMF_WEO,NL,gg_interest_gdp,1893-12-31,3.2230598926544,2026-10-07
NL.gg_interest_gdp.IMF_WEO,NL,gg_interest_gdp,1894-12-31,2.9554500579834,2026-10-07
NL.gg_interest_gdp.IMF_WEO,NL,gg_interest_gdp,1895-12-31,2.9449799060822,2026-10-07
NL.gg_interest_gdp.IMF_WEO,NL,gg_interest_gdp,1896-12-31,2.6553199291229,2026-10-07
NL.gg_interest_gdp.IMF_WEO,NL,gg_interest_gdp,1897-12-31,2.6647601127625,2026-10-07
NL.gg_interest_gdp.IMF_WEO,NL,gg_interest_gdp,1898-12-31,2.5231499671936,2026-10-07
NL.gg_interest_gdp.IMF_WEO,NL,gg_interest_gdp,1899-12-31,2.7254900932312,2026-10-07
NL.gg_interest_gdp.IMF_WEO,NL,gg_interest_gdp,1900-12-31,2.4802899360657,2026-10-07
NL.gg_interest_gdp.IMF_WEO,NL,gg_interest_gdp,1901-12-31,2.2780199050903,2026-10-07
NL.gg_interest_gdp.IMF_WEO,NL,gg_interest_gdp,1902-12-31,2.2098400592804,2026-10-07
NL.gg_interest_gdp.IMF_WEO,NL,gg_interest_gdp,1903-12-31,2.2690498828888,2026-10-07
NL.gg_interest_gdp.IMF_WEO,NL,gg_interest_gdp,1904-12-31,2.1215200424194,2026-10-07
NL.gg_interest_gdp.IMF_WEO,NL,gg_interest_gdp,1905-12-31,2.0453300476074,2026-10-07
NL.gg_interest_gdp.IMF_WEO,NL,gg_interest_gdp,1906-12-31,2.0012700557709,2026-10-07
NL.gg_interest_gdp.IMF_WEO,NL,gg_interest_gdp,1907-12-31,1.9432799816132,2026-10-07
NL.gg_interest_gdp.IMF_WEO,NL,gg_interest_gdp,1908-12-31,1.9267499446869,2026-10-07
NL.gg_interest_gdp.IMF_WEO,NL,gg_interest_gdp,1909-12-31,1.9096900224686,2026-10-07
NL.gg_interest_gdp.IMF_WEO,NL,gg_interest_gdp,1910-12-31,1.7944699525833,2026-10-07
NL.gg_interest_gdp.IMF_WEO,NL,gg_interest_gdp,1911-12-31,1.5978000164032,2026-10-07
NL.gg_interest_gdp.IMF_WEO,NL,gg_interest_gdp,1912-12-31,1.5561300516129,2026-10-07
NL.gg_interest_gdp.IMF_WEO,NL,gg_interest_gdp,1913-12-31,1.51811003685,2026-10-07
NL.gg_interest_gdp.IMF_WEO,NL,gg_interest_gdp,1914-12-31,0.79089498519897,2026-10-07
NL.gg_interest_gdp.IMF_WEO,NL,gg_interest_gdp,1915-12-31,0.80615001916885,2026-10-07
NL.gg_interest_gdp.IMF_WEO,NL,gg_interest_gdp,1916-12-31,0.8828330039978,2026-10-07
NL.gg_interest_gdp.IMF_WEO,NL,gg_interest_gdp,1917-12-31,1.0204199552536,2026-10-07
NL.gg_interest_gdp.IMF_WEO,NL,gg_interest_gdp,1918-12-31,0.9997850060463,2026-10-07
NL.gg_interest_gdp.IMF_WEO,NL,gg_interest_gdp,1919-12-31,1.0949100255966,2026-10-07
NL.gg_interest_gdp.IMF_WEO,NL,gg_interest_gdp,1920-12-31,1.046010017395,2026-10-07
NL.gg_interest_gdp.IMF_WEO,NL,gg_interest_gdp,1921-12-31,1.2015000581741,2026-10-07
NL.gg_interest_gdp.IMF_WEO,NL,gg_interest_gdp,1922-12-31,1.4057199954987,2026-10-07
NL.gg_interest_gdp.IMF_WEO,NL,gg_interest_gdp,1923-12-31,1.6458300352097,2026-10-07
NL.gg_interest_gdp.IMF_WEO,NL,gg_interest_gdp,1924-12-31,1.6632800102234,2026-10-07
NL.gg_interest_gdp.IMF_WEO,NL,gg_interest_gdp,1925-12-31,1.6465100049973,2026-10-07
NL.gg_interest_gdp.IMF_WEO,NL,gg_interest_gdp,1926-12-31,1.5935000181198,2026-10-07
NL.gg_interest_gdp.IMF_WEO,NL,gg_interest_gdp,1927-12-31,1.5111199617386,2026-10-07
NL.gg_interest_gdp.IMF_WEO,NL,gg_interest_gdp,1928-12-31,1.4426100254059,2026-10-07
NL.gg_interest_gdp.IMF_WEO,NL,gg_interest_gdp,1929-12-31,1.3861700296402,2026-10-07
NL.gg_interest_gdp.IMF_WEO,NL,gg_interest_gdp,1930-12-31,1.4096699953079,2026-10-07
NL.gg_interest_gdp.IMF_WEO,NL,gg_interest_gdp,1931-12-31,1.539409995079,2026-10-07
NL.gg_interest_gdp.IMF_WEO,NL,gg_interest_gdp,1932-12-31,1.7310999631882,2026-10-07
NL.gg_interest_gdp.IMF_WEO,NL,gg_interest_gdp,1933-12-31,1.746719956398,2026-10-07
NL.gg_interest_gdp.IMF_WEO,NL,gg_interest_gdp,1934-12-31,2.0121800899506,2026-10-07
NL.gg_interest_gdp.IMF_WEO,NL,gg_interest_gdp,1935-12-31,1.9491699934006,2026-10-07
NL.gg_interest_gdp.IMF_WEO,NL,gg_interest_gdp,1936-12-31,1.9153300523758,2026-10-07
NL.gg_interest_gdp.IMF_WEO,NL,gg_interest_gdp,1937-12-31,1.7219799757004,2026-10-07
NL.gg_interest_gdp.IMF_WEO,NL,gg_interest_gdp,1938-12-31,1.5000100135803,2026-10-07
NL.gg_interest_gdp.IMF_WEO,NL,gg_interest_gdp,1939-12-31,1.4159499406815,2026-10-07
NL.gg_interest_gdp.IMF_WEO,NL,gg_interest_gdp,1949-12-31,2.8631000518799,2026-10-07
NL.gg_interest_gdp.IMF_WEO,NL,gg_interest_gdp,1950-12-31,2.577320098877,2026-10-07
NL.gg_interest_gdp.IMF_WEO,NL,gg_interest_gdp,1951-12-31,2.2976698875427,2026-10-07
NL.gg_interest_gdp.IMF_WEO,NL,gg_interest_gdp,1952-12-31,2.1875,2026-10-07
NL.gg_interest_gdp.IMF_WEO,NL,gg_interest_gdp,1953-12-31,2.0504200458527,2026-10-07
NL.gg_interest_gdp.IMF_WEO,NL,gg_interest_gdp,1954-12-31,1.8646600246429,2026-10-07
NL.gg_interest_gdp.IMF_WEO,NL,gg_interest_gdp,1955-12-31,1.6060600280762,2026-10-07
NL.gg_interest_gdp.IMF_WEO,NL,gg_interest_gdp,1956-12-31,1.5510799884796,2026-10-07
NL.gg_interest_gdp.IMF_WEO,NL,gg_interest_gdp,1957-12-31,1.4871799945831,2026-10-07
NL.gg_interest_gdp.IMF_WEO,NL,gg_interest_gdp,1958-12-31,1.5932199954987,2026-10-07
NL.gg_interest_gdp.IMF_WEO,NL,gg_interest_gdp,1959-12-31,1.375659942627,2026-10-07
NL.gg_interest_gdp.IMF_WEO,NL,gg_interest_gdp,1960-12-31,1.4198100566864,2026-10-07
NL.gg_interest_gdp.IMF_WEO,NL,gg_interest_gdp,1961-12-31,1.3959699869156,2026-10-07
NL.gg_interest_gdp.IMF_WEO,NL,gg_interest_gdp,1962-12-31,1.3056099414825,2026-10-07
NL.gg_interest_gdp.IMF_WEO,NL,gg_interest_gdp,1963-12-31,1.2586200237274,2026-10-07
NL.gg_interest_gdp.IMF_WEO,NL,gg_interest_gdp,1964-12-31,1.1658500432968,2026-10-07
NL.gg_interest_gdp.IMF_WEO,NL,gg_interest_gdp,1965-12-31,1.1950500011444,2026-10-07
NL.gg_interest_gdp.IMF_WEO,NL,gg_interest_gdp,1966-12-31,1.2456599473953,2026-10-07
NL.gg_interest_gdp.IMF_WEO,NL,gg_interest_gdp,1967-12-31,1.3074100017548,2026-10-07
NL.gg_interest_gdp.IMF_WEO,NL,gg_interest_gdp,1968-12-31,1.402410030365,2026-10-07
NL.gg_interest_gdp.IMF_WEO,NL,gg_interest_gdp,1969-12-31,2.7669401168823,2026-10-07
NL.gg_interest_gdp.IMF_WEO,NL,gg_interest_gdp,1970-12-31,2.884299993515,2026-10-07
NL.gg_interest_gdp.IMF_WEO,NL,gg_interest_gdp,1971-12-31,2.8343799114227,2026-10-07
NL.gg_interest_gdp.IMF_WEO,NL,gg_interest_gdp,1972-12-31,2.6909499168396,2026-10-07
NL.gg_interest_gdp.IMF_WEO,NL,gg_interest_gdp,1973-12-31,2.6801400184631,2026-10-07
NL.gg_interest_gdp.IMF_WEO,NL,gg_interest_gdp,1974-12-31,2.8732399940491,2026-10-07
NL.gg_interest_gdp.IMF_WEO,NL,gg_interest_gdp,1975-12-31,2.9190199375153,2026-10-07
NL.gg_interest_gdp.IMF_WEO,NL,gg_interest_gdp,1976-12-31,2.9294600486755,2026-10-07
NL.gg_interest_gdp.IMF_WEO,NL,gg_interest_gdp,1977-12-31,2.97967004776,2026-10-07
NL.gg_interest_gdp.IMF_WEO,NL,gg_interest_gdp,1978-12-31,3.1355800628662,2026-10-07
NL.gg_interest_gdp.IMF_WEO,NL,gg_interest_gdp,1979-12-31,3.306930065155,2026-10-07
NL.gg_interest_gdp.IMF_WEO,NL,gg_interest_gdp,1980-12-31,3.6979401111603,2026-10-07
NL.gg_interest_gdp.IMF_WEO,NL,gg_interest_gdp,1981-12-31,4.3876099586487,2026-10-07
NL.gg_interest_gdp.IMF_WEO,NL,gg_interest_gdp,1982-12-31,5.0720200538635,2026-10-07
NL.gg_interest_gdp.IMF_WEO,NL,gg_interest_gdp,1983-12-31,5.535590171814,2026-10-07
NL.gg_interest_gdp.IMF_WEO,NL,gg_interest_gdp,1984-12-31,5.9244499206543,2026-10-07
NL.gg_interest_gdp.IMF_WEO,NL,gg_interest_gdp,1985-12-31,6.1874198913574,2026-10-07
NL.gg_interest_gdp.IMF_WEO,NL,gg_interest_gdp,1986-12-31,6.1906299591064,2026-10-07
NL.gg_interest_gdp.IMF_WEO,NL,gg_interest_gdp,1987-12-31,6.1079201698303,2026-10-07
NL.gg_interest_gdp.IMF_WEO,NL,gg_interest_gdp,1988-12-31,6.0336599349976,2026-10-07
NL.gg_interest_gdp.IMF_WEO,NL,gg_interest_gdp,1989-12-31,5.7369999885559,2026-10-07
NL.gg_interest_gdp.IMF_WEO,NL,gg_interest_gdp,1990-12-31,5.7951498031616,2026-10-07
NL.gg_interest_gdp.IMF_WEO,NL,gg_interest_gdp,1991-12-31,6.0083498954773,2026-10-07
NL.gg_interest_gdp.IMF_WEO,NL,gg_interest_gdp,1992-12-31,6.2255201339722,2026-10-07
NL.gg_interest_gdp.IMF_WEO,NL,gg_interest_gdp,1993-12-31,6.0801501274109,2026-10-07
NL.gg_interest_gdp.IMF_WEO,NL,gg_interest_gdp,1994-12-31,5.5415000915527,2026-10-07
NL.gg_interest_gdp.IMF_WEO,NL,gg_interest_gdp,1995-12-31,5.63419008255,2026-10-07
NL.gg_interest_gdp.IMF_WEO,NL,gg_interest_gdp,1996-12-31,5.3012499809265,2026-10-07
NL.gg_interest_gdp.IMF_WEO,NL,gg_interest_gdp,1997-12-31,4.9290399551392,2026-10-07
NL.gg_interest_gdp.IMF_WEO,NL,gg_interest_gdp,1998-12-31,4.6713600158691,2026-10-07
NL.gg_interest_gdp.IMF_WEO,NL,gg_interest_gdp,1999-12-31,4.2763600349426,2026-10-07
NL.gg_interest_gdp.IMF_WEO,NL,gg_interest_gdp,2000-12-31,3.6522600650787,2026-10-07
NL.gg_interest_gdp.IMF_WEO,NL,gg_interest_gdp,2001-12-31,3.168869972229,2026-10-07
NL.gg_interest_gdp.IMF_WEO,NL,gg_interest_gdp,2002-12-31,2.8049499988556,2026-10-07
NL.gg_interest_gdp.IMF_WEO,NL,gg_interest_gdp,2003-12-31,2.5969500541687,2026-10-07
NL.gg_interest_gdp.IMF_WEO,NL,gg_interest_gdp,2004-12-31,2.483589887619,2026-10-07
NL.gg_interest_gdp.IMF_WEO,NL,gg_interest_gdp,2005-12-31,2.3573899269104,2026-10-07
NL.gg_interest_gdp.IMF_WEO,NL,gg_interest_gdp,2006-12-31,2.2015299797058,2026-10-07
NL.gg_interest_gdp.IMF_WEO,NL,gg_interest_gdp,2007-12-31,2.200700044632,2026-10-07
NL.gg_interest_gdp.IMF_WEO,NL,gg_interest_gdp,2008-12-31,2.2207601070404,2026-10-07
NL.gg_interest_gdp.IMF_WEO,NL,gg_interest_gdp,2009-12-31,2.1738801002502,2026-10-07
NL.gg_interest_gdp.IMF_WEO,NL,gg_interest_gdp,2010-12-31,1.9129400253296,2026-10-07
NL.gg_interest_gdp.IMF_WEO,NL,gg_interest_gdp,2011-12-31,1.8572802673118,2026-10-07
NL.gg_interest_gdp.IMF_WEO,NL,gg_interest_gdp,2012-12-31,1.7401159469609,2026-10-07
NL.gg_interest_gdp.IMF_WEO,NL,gg_interest_gdp,2013-12-31,1.6791697905695,2026-10-07
NL.gg_interest_gdp.IMF_WEO,NL,gg_interest_gdp,2014-12-31,1.5190966466115,2026-10-07
NL.gg_interest_gdp.IMF_WEO,NL,gg_interest_gdp,2015-12-31,1.3402939178317,2026-10-07
NL.gg_interest_gdp.IMF_WEO,NL,gg_interest_gdp,2016-12-31,1.1880445724997,2026-10-07
NL.gg_interest_gdp.IMF_WEO,NL,gg_interest_gdp,2017-12-31,1.0193631044894,2026-10-07
NL.gg_interest_gdp.IMF_WEO,NL,gg_interest_gdp,2018-12-31,0.90565788487602,2026-10-07
NL.gg_interest_gdp.IMF_WEO,NL,gg_interest_gdp,2019-12-31,0.77684458408204,2026-10-07
NL.gg_interest_gdp.IMF_WEO,NL,gg_interest_gdp,2020-12-31,0.69311162906341,2026-10-07
NL.gg_interest_gdp.IMF_WEO,NL,gg_interest_gdp,2021-12-31,0.54298693286972,2026-10-07
NL.gg_interest_gdp.IMF_WEO,NL,gg_interest_gdp,2022-12-31,0.56851341289167,2026-10-07
NL.gg_interest_gdp.IMF_WEO,NL,gg_interest_gdp,2023-12-31,0.6784854870764,2026-10-07
NL.gg_interest_gdp.IMF_WEO,NL,gg_interest_gdp,2024-12-31,0.70630642188267,2026-10-07
NL.gg_net_lending_gdp.IMF_WEO,NL,gg_net_lending_gdp,1980-12-31,-4.2,2026-10-07
NL.gg_net_lending_gdp.IMF_WEO,NL,gg_net_lending_gdp,1981-12-31,-5.2,2026-10-07
NL.gg_net_lending_gdp.IMF_WEO,NL,gg_net_lending_gdp,1982-12-31,-5.8,2026-10-07
NL.gg_net_lending_gdp.IMF_WEO,NL,gg_net_lending_gdp,1983-12-31,-5.6,2026-10-07
NL.gg_net_lending_gdp.IMF_WEO,NL,gg_net_lending_gdp,1984-12-31,-6.3,2026-10-07
NL.gg_net_lending_gdp.IMF_WEO,NL,gg_net_lending_gdp,1985-12-31,-4.3,2026-10-07
NL.gg_net_lending_gdp.IMF_WEO,NL,gg_net_lending_gdp,1986-12-31,-4.2,2026-10-07
NL.gg_net_lending_gdp.IMF_WEO,NL,gg_net_lending_gdp,1987-12-31,-5.3,2026-10-07
NL.gg_net_lending_gdp.IMF_WEO,NL,gg_net_lending_gdp,1988-12-31,-4.4,2026-10-07
NL.gg_net_lending_gdp.IMF_WEO,NL,gg_net_lending_gdp,1989-12-31,-5.1,2026-10-07
NL.gg_net_lending_gdp.IMF_WEO,NL,gg_net_lending_gdp,1990-12-31,-4.1,2026-10-07
NL.gg_net_lending_gdp.IMF_WEO,NL,gg_net_lending_gdp,1991-12-31,-2.1,2026-10-07
NL.gg_net_lending_gdp.IMF_WEO,NL,gg_net_lending_gdp,1992-12-31,-3.1,2026-10-07
NL.gg_net_lending_gdp.IMF_WEO,NL,gg_net_lending_gdp,1993-12-31,-3.1,2026-10-07
NL.gg_net_lending_gdp.IMF_WEO,NL,gg_net_lending_gdp,1994-12-31,-3.5,2026-10-07
NL.gg_net_lending_gdp.IMF_WEO,NL,gg_net_lending_gdp,1995-12-31,-8.7,2026-10-07
NL.gg_net_lending_gdp.IMF_WEO,NL,gg_net_lending_gdp,1996-12-31,-1.9,2026-10-07
NL.gg_net_lending_gdp.IMF_WEO,NL,gg_net_lending_gdp,1997-12-31,-1.6,2026-10-07
NL.gg_net_lending_gdp.IMF_WEO,NL,gg_net_lending_gdp,1998-12-31,-1.3,2026-10-07
NL.gg_net_lending_gdp.IMF_WEO,NL,gg_net_lending_gdp,1999-12-31,0.3,2026-10-07
NL.gg_net_lending_gdp.IMF_WEO,NL,gg_net_lending_gdp,2000-12-31,1.1,2026-10-07
NL.gg_net_lending_gdp.IMF_WEO,NL,gg_net_lending_gdp,2001-12-31,-0.5,2026-10-07
NL.gg_net_lending_gdp.IMF_WEO,NL,gg_net_lending_gdp,2002-12-31,-2.2,2026-10-07
NL.gg_net_lending_gdp.IMF_WEO,NL,gg_net_lending_gdp,2003-12-31,-3.2,2026-10-07
NL.gg_net_lending_gdp.IMF_WEO,NL,gg_net_lending_gdp,2004-12-31,-1.8,2026-10-07
NL.gg_net_lending_gdp.IMF_WEO,NL,gg_net_lending_gdp,2005-12-31,-0.5,2026-10-07
NL.gg_net_lending_gdp.IMF_WEO,NL,gg_net_lending_gdp,2006-12-31,0.0,2026-10-07
NL.gg_net_lending_gdp.IMF_WEO,NL,gg_net_lending_gdp,2007-12-31,-0.2,2026-10-07
NL.gg_net_lending_gdp.IMF_WEO,NL,gg_net_lending_gdp,2008-12-31,-0.1,2026-10-07
NL.gg_net_lending_gdp.IMF_WEO,NL,gg_net_lending_gdp,2009-12-31,-5.1,2026-10-07
NL.gg_net_lending_gdp.IMF_WEO,NL,gg_net_lending_gdp,2010-12-31,-5.3,2026-10-07
NL.gg_net_lending_gdp.IMF_WEO,NL,gg_net_lending_gdp,2011-12-31,-4.4,2026-10-07
NL.gg_net_lending_gdp.IMF_WEO,NL,gg_net_lending_gdp,2012-12-31,-3.8,2026-10-07
NL.gg_net_lending_gdp.IMF_WEO,NL,gg_net_lending_gdp,2013-12-31,-2.9,2026-10-07
NL.gg_net_lending_gdp.IMF_WEO,NL,gg_net_lending_gdp,2014-12-31,-2.2,2026-10-07
NL.gg_net_lending_gdp.IMF_WEO,NL,gg_net_lending_gdp,2015-12-31,-1.8,2026-10-07
NL.gg_net_lending_gdp.IMF_WEO,NL,gg_net_lending_gdp,2016-12-31,0.2,2026-10-07
NL.gg_net_lending_gdp.IMF_WEO,NL,gg_net_lending_gdp,2017-12-31,1.4,2026-10-07
NL.gg_net_lending_gdp.IMF_WEO,NL,gg_net_lending_gdp,2018-12-31,1.5,2026-10-07
NL.gg_net_lending_gdp.IMF_WEO,NL,gg_net_lending_gdp,2019-12-31,1.9,2026-10-07
NL.gg_net_lending_gdp.IMF_WEO,NL,gg_net_lending_gdp,2020-12-31,-3.7,2026-10-07
NL.gg_net_lending_gdp.IMF_WEO,NL,gg_net_lending_gdp,2021-12-31,-2.3,2026-10-07
NL.gg_net_lending_gdp.IMF_WEO,NL,gg_net_lending_gdp,2022-12-31,0.0,2026-10-07
NL.gg_net_lending_gdp.IMF_WEO,NL,gg_net_lending_gdp,2023-12-31,-0.4,2026-10-07
NL.gg_net_lending_gdp.IMF_WEO,NL,gg_net_lending_gdp,2024-12-31,-0.9,2026-10-07
NL.gg_net_lending_gdp.IMF_WEO,NL,gg_net_lending_gdp,2025-12-31,-1.8,2026-10-07
NL.gg_revenue_gdp.IMF_WEO,NL,gg_revenue_gdp,1880-12-31,9.8098602294922,2026-10-07
NL.gg_revenue_gdp.IMF_WEO,NL,gg_revenue_gdp,1881-12-31,9.5746002197266,2026-10-07
NL.gg_revenue_gdp.IMF_WEO,NL,gg_revenue_gdp,1882-12-31,9.5826301574707,2026-10-07
NL.gg_revenue_gdp.IMF_WEO,NL,gg_revenue_gdp,1883-12-31,9.129940032959,2026-10-07
NL.gg_revenue_gdp.IMF_WEO,NL,gg_revenue_gdp,1884-12-31,10.915399551392,2026-10-07
NL.gg_revenue_gdp.IMF_WEO,NL,gg_revenue_gdp,1885-12-31,10.427599906921,2026-10-07
NL.gg_revenue_gdp.IMF_WEO,NL,gg_revenue_gdp,1886-12-31,11.440099716187,2026-10-07
NL.gg_revenue_gdp.IMF_WEO,NL,gg_revenue_gdp,1887-12-31,10.468000411987,2026-10-07
NL.gg_revenue_gdp.IMF_WEO,NL,gg_revenue_gdp,1888-12-31,11.044599533081,2026-10-07
NL.gg_revenue_gdp.IMF_WEO,NL,gg_revenue_gdp,1889-12-31,10.237500190735,2026-10-07
NL.gg_revenue_gdp.IMF_WEO,NL,gg_revenue_gdp,1890-12-31,13.86279964447,2026-10-07
NL.gg_revenue_gdp.IMF_WEO,NL,gg_revenue_gdp,1891-12-31,10.663000106812,2026-10-07
NL.gg_revenue_gdp.IMF_WEO,NL,gg_revenue_gdp,1892-12-31,11.131500244141,2026-10-07
NL.gg_revenue_gdp.IMF_WEO,NL,gg_revenue_gdp,1893-12-31,11.146599769592,2026-10-07
NL.gg_revenue_gdp.IMF_WEO,NL,gg_revenue_gdp,1894-12-31,11.41189956665,2026-10-07
NL.gg_revenue_gdp.IMF_WEO,NL,gg_revenue_gdp,1895-12-31,11.21669960022,2026-10-07
NL.gg_revenue_gdp.IMF_WEO,NL,gg_revenue_gdp,1896-12-31,11.105799674988,2026-10-07
NL.gg_revenue_gdp.IMF_WEO,NL,gg_revenue_gdp,1897-12-31,10.955499649048,2026-10-07
NL.gg_revenue_gdp.IMF_WEO,NL,gg_revenue_gdp,1898-12-31,10.868000030518,2026-10-07
NL.gg_revenue_gdp.IMF_WEO,NL,gg_revenue_gdp,1899-12-31,10.609000205994,2026-10-07
NL.gg_revenue_gdp.IMF_WEO,NL,gg_revenue_gdp,1900-12-31,11.048899650574,2026-10-07
NL.gg_revenue_gdp.IMF_WEO,NL,gg_revenue_gdp,1901-12-31,10.280500411987,2026-10-07
NL.gg_revenue_gdp.IMF_WEO,NL,gg_revenue_gdp,1902-12-31,10.510899543762,2026-10-07
NL.gg_revenue_gdp.IMF_WEO,NL,gg_revenue_gdp,1903-12-31,11.01159954071,2026-10-07
NL.gg_revenue_gdp.IMF_WEO,NL,gg_revenue_gdp,1904-12-31,10.104900360107,2026-10-07
NL.gg_revenue_gdp.IMF_WEO,NL,gg_revenue_gdp,1905-12-31,10.383099555969,2026-10-07
NL.gg_revenue_gdp.IMF_WEO,NL,gg_revenue_gdp,1906-12-31,9.9893703460693,2026-10-07
NL.gg_revenue_gdp.IMF_WEO,NL,gg_revenue_gdp,1907-12-31,9.8887500762939,2026-10-07
NL.gg_revenue_gdp.IMF_WEO,NL,gg_revenue_gdp,1908-12-31,9.8148803710938,2026-10-07
NL.gg_revenue_gdp.IMF_WEO,NL,gg_revenue_gdp,1909-12-31,10.020999908447,2026-10-07
NL.gg_revenue_gdp.IMF_WEO,NL,gg_revenue_gdp,1910-12-31,9.307430267334,2026-10-07
NL.gg_revenue_gdp.IMF_WEO,NL,gg_revenue_gdp,1911-12-31,8.9252901077271,2026-10-07
NL.gg_revenue_gdp.IMF_WEO,NL,gg_revenue_gdp,1912-12-31,8.833550453186,2026-10-07
NL.gg_revenue_gdp.IMF_WEO,NL,gg_revenue_gdp,1913-12-31,9.0805702209473,2026-10-07
NL.gg_revenue_gdp.IMF_WEO,NL,gg_revenue_gdp,1923-12-31,5.9415202140808,2026-10-07
NL.gg_revenue_gdp.IMF_WEO,NL,gg_revenue_gdp,1924-12-31,4.4263401031494,2026-10-07
NL.gg_revenue_gdp.IMF_WEO,NL,gg_revenue_gdp,1925-12-31,5.6231999397278,2026-10-07
NL.gg_revenue_gdp.IMF_WEO,NL,gg_revenue_gdp,1926-12-31,6.8209300041199,2026-10-07
NL.gg_revenue_gdp.IMF_WEO,NL,gg_revenue_gdp,1927-12-31,7.559760093689,2026-10-07
NL.gg_revenue_gdp.IMF_WEO,NL,gg_revenue_gdp,1928-12-31,6.7600002288818,2026-10-07
NL.gg_revenue_gdp.IMF_WEO,NL,gg_revenue_gdp,1929-12-31,6.922739982605,2026-10-07
NL.gg_revenue_gdp.IMF_WEO,NL,gg_revenue_gdp,1930-12-31,8.1378498077393,2026-10-07
NL.gg_revenue_gdp.IMF_WEO,NL,gg_revenue_gdp,1931-12-31,9.242919921875,2026-10-07
NL.gg_revenue_gdp.IMF_WEO,NL,gg_revenue_gdp,1932-12-31,10.057399749756,2026-10-07
NL.gg_revenue_gdp.IMF_WEO,NL,gg_revenue_gdp,1933-12-31,9.316309928894,2026-10-07
NL.gg_revenue_gdp.IMF_WEO,NL,gg_revenue_gdp,1934-12-31,11.145999908447,2026-10-07
NL.gg_revenue_gdp.IMF_WEO,NL,gg_revenue_gdp,1935-12-31,11.07050037384,2026-10-07
NL.gg_revenue_gdp.IMF_WEO,NL,gg_revenue_gdp,1936-12-31,10.617400169373,2026-10-07
NL.gg_revenue_gdp.IMF_WEO,NL,gg_revenue_gdp,1937-12-31,9.9179096221924,2026-10-07
NL.gg_revenue_gdp.IMF_WEO,NL,gg_revenue_gdp,1938-12-31,9.9826898574829,2026-10-07
NL.gg_revenue_gdp.IMF_WEO,NL,gg_revenue_gdp,1939-12-31,10.073399543762,2026-10-07
NL.gg_revenue_gdp.IMF_WEO,NL,gg_revenue_gdp,1949-12-31,26.33930015564,2026-10-07
NL.gg_revenue_gdp.IMF_WEO,NL,gg_revenue_gdp,1950-12-31,24.78870010376,2026-10-07
NL.gg_revenue_gdp.IMF_WEO,NL,gg_revenue_gdp,1951-12-31,25.781400680542,2026-10-07
NL.gg_revenue_gdp.IMF_WEO,NL,gg_revenue_gdp,1952-12-31,25.191999435425,2026-10-07
NL.gg_revenue_gdp.IMF_WEO,NL,gg_revenue_gdp,1953-12-31,22.718500137329,2026-10-07
NL.gg_revenue_gdp.IMF_WEO,NL,gg_revenue_gdp,1954-12-31,23.387199401855,2026-10-07
NL.gg_revenue_gdp.IMF_WEO,NL,gg_revenue_gdp,1955-12-31,22.929300308228,2026-10-07
NL.gg_revenue_gdp.IMF_WEO,NL,gg_revenue_gdp,1956-12-31,21.687299728394,2026-10-07
NL.gg_revenue_gdp.IMF_WEO,NL,gg_revenue_gdp,1957-12-31,21.535600662231,2026-10-07
NL.gg_revenue_gdp.IMF_WEO,NL,gg_revenue_gdp,1958-12-31,20.042400360107,2026-10-07
NL.gg_revenue_gdp.IMF_WEO,NL,gg_revenue_gdp,1959-12-31,20.867700576782,2026-10-07
NL.gg_revenue_gdp.IMF_WEO,NL,gg_revenue_gdp,1960-12-31,21.297199249268,2026-10-07
NL.gg_revenue_gdp.IMF_WEO,NL,gg_revenue_gdp,1961-12-31,21.774000167847,2026-10-07
NL.gg_revenue_gdp.IMF_WEO,NL,gg_revenue_gdp,1962-12-31,20.72559928894,2026-10-07
NL.gg_revenue_gdp.IMF_WEO,NL,gg_revenue_gdp,1963-12-31,21.325700759888,2026-10-07
NL.gg_revenue_gdp.IMF_WEO,NL,gg_revenue_gdp,1964-12-31,21.121999740601,2026-10-07
NL.gg_revenue_gdp.IMF_WEO,NL,gg_revenue_gdp,1965-12-31,22.27799987793,2026-10-07
NL.gg_revenue_gdp.IMF_WEO,NL,gg_revenue_gdp,1966-12-31,22.018699645996,2026-10-07
NL.gg_revenue_gdp.IMF_WEO,NL,gg_revenue_gdp,1967-12-31,22.156700134277,2026-10-07
NL.gg_revenue_gdp.IMF_WEO,NL,gg_revenue_gdp,1968-12-31,22.340999603271,2026-10-07
NL.gg_revenue_gdp.IMF_WEO,NL,gg_revenue_gdp,1969-12-31,40.938400268555,2026-10-07
NL.gg_revenue_gdp.IMF_WEO,NL,gg_revenue_gdp,1970-12-31,41.675098419189,2026-10-07
NL.gg_revenue_gdp.IMF_WEO,NL,gg_revenue_gdp,1971-12-31,42.978500366211,2026-10-07
NL.gg_revenue_gdp.IMF_WEO,NL,gg_revenue_gdp,1972-12-31,44.175701141357,2026-10-07
NL.gg_revenue_gdp.IMF_WEO,NL,gg_revenue_gdp,1973-12-31,45.113700866699,2026-10-07
NL.gg_revenue_gdp.IMF_WEO,NL,gg_revenue_gdp,1974-12-31,46.128101348877,2026-10-07
NL.gg_revenue_gdp.IMF_WEO,NL,gg_revenue_gdp,1975-12-31,47.937099456787,2026-10-07
NL.gg_revenue_gdp.IMF_WEO,NL,gg_revenue_gdp,1976-12-31,48.798698425293,2026-10-07
NL.gg_revenue_gdp.IMF_WEO,NL,gg_revenue_gdp,1977-12-31,49.84049987793,2026-10-07
NL.gg_revenue_gdp.IMF_WEO,NL,gg_revenue_gdp,1978-12-31,50.226699829102,2026-10-07
NL.gg_revenue_gdp.IMF_WEO,NL,gg_revenue_gdp,1979-12-31,51.280498504639,2026-10-07
NL.gg_revenue_gdp.IMF_WEO,NL,gg_revenue_gdp,1980-12-31,51.249298095703,2026-10-07
NL.gg_revenue_gdp.IMF_WEO,NL,gg_revenue_gdp,1981-12-31,51.923400878906,2026-10-07
NL.gg_revenue_gdp.IMF_WEO,NL,gg_revenue_gdp,1982-12-31,52.908699035645,2026-10-07
NL.gg_revenue_gdp.IMF_WEO,NL,gg_revenue_gdp,1983-12-31,53.636600494385,2026-10-07
NL.gg_revenue_gdp.IMF_WEO,NL,gg_revenue_gdp,1984-12-31,52.893699645996,2026-10-07
NL.gg_revenue_gdp.IMF_WEO,NL,gg_revenue_gdp,1985-12-31,53.664600372314,2026-10-07
NL.gg_revenue_gdp.IMF_WEO,NL,gg_revenue_gdp,1986-12-31,52.384399414062,2026-10-07
NL.gg_revenue_gdp.IMF_WEO,NL,gg_revenue_gdp,1987-12-31,53.111198425293,2026-10-07
NL.gg_revenue_gdp.IMF_WEO,NL,gg_revenue_gdp,1988-12-31,52.145301818848,2026-10-07
NL.gg_revenue_gdp.IMF_WEO,NL,gg_revenue_gdp,1989-12-31,49.452201843262,2026-10-07
NL.gg_revenue_gdp.IMF_WEO,NL,gg_revenue_gdp,1990-12-31,49.592399597168,2026-10-07
NL.gg_revenue_gdp.IMF_WEO,NL,gg_revenue_gdp,1991-12-31,52.269298553467,2026-10-07
NL.gg_revenue_gdp.IMF_WEO,NL,gg_revenue_gdp,1992-12-31,51.525001525879,2026-10-07
NL.gg_revenue_gdp.IMF_WEO,NL,gg_revenue_gdp,1993-12-31,52.921798706055,2026-10-07
NL.gg_revenue_gdp.IMF_WEO,NL,gg_revenue_gdp,1994-12-31,50.002799987793,2026-10-07
NL.gg_revenue_gdp.IMF_WEO,NL,gg_revenue_gdp,1995-12-31,47.227798461914,2026-10-07
NL.gg_revenue_gdp.IMF_WEO,NL,gg_revenue_gdp,1996-12-31,47.542598724365,2026-10-07
NL.gg_revenue_gdp.IMF_WEO,NL,gg_revenue_gdp,1997-12-31,46.296298980713,2026-10-07
NL.gg_revenue_gdp.IMF_WEO,NL,gg_revenue_gdp,1998-12-31,45.800998687744,2026-10-07
NL.gg_revenue_gdp.IMF_WEO,NL,gg_revenue_gdp,1999-12-31,46.436100006104,2026-10-07
NL.gg_revenue_gdp.IMF_WEO,NL,gg_revenue_gdp,2000-12-31,46.142200469971,2026-10-07
NL.gg_revenue_gdp.IMF_WEO,NL,gg_revenue_gdp,2001-12-31,45.098899841309,2026-10-07
NL.gg_revenue_gdp.IMF_WEO,NL,gg_revenue_gdp,2002-12-31,44.099098205566,2026-10-07
NL.gg_revenue_gdp.IMF_WEO,NL,gg_revenue_gdp,2003-12-31,43.942199707031,2026-10-07
NL.gg_revenue_gdp.IMF_WEO,NL,gg_revenue_gdp,2004-12-31,44.326400756836,2026-10-07
NL.gg_revenue_gdp.IMF_WEO,NL,gg_revenue_gdp,2005-12-31,44.509700775146,2026-10-07
NL.gg_revenue_gdp.IMF_WEO,NL,gg_revenue_gdp,2006-12-31,46.059299468994,2026-10-07
NL.gg_revenue_gdp.IMF_WEO,NL,gg_revenue_gdp,2007-12-31,45.43270111084,2026-10-07
NL.gg_revenue_gdp.IMF_WEO,NL,gg_revenue_gdp,2008-12-31,46.710300445557,2026-10-07
NL.gg_revenue_gdp.IMF_WEO,NL,gg_revenue_gdp,2009-12-31,45.999000549316,2026-10-07
NL.gg_revenue_gdp.IMF_WEO,NL,gg_revenue_gdp,2010-12-31,46.196601867676,2026-10-07
NL.gg_revenue_gdp.IMF_WEO,NL,gg_revenue_gdp,2011-12-31,43.354323771023,2026-10-07
NL.gg_revenue_gdp.IMF_WEO,NL,gg_revenue_gdp,2012-12-31,43.808869820975,2026-10-07
NL.gg_revenue_gdp.IMF_WEO,NL,gg_revenue_gdp,2013-12-31,44.669732724129,2026-10-07
NL.gg_revenue_gdp.IMF_WEO,NL,gg_revenue_gdp,2014-12-31,44.566308148659,2026-10-07
NL.gg_revenue_gdp.IMF_WEO,NL,gg_revenue_gdp,2015-12-31,43.416598133514,2026-10-07
NL.gg_revenue_gdp.IMF_WEO,NL,gg_revenue_gdp,2016-12-31,44.142187662721,2026-10-07
NL.gg_revenue_gdp.IMF_WEO,NL,gg_revenue_gdp,2017-12-31,44.112958323844,2026-10-07
NL.gg_revenue_gdp.IMF_WEO,NL,gg_revenue_gdp,2018-12-31,43.937871615056,2026-10-07
NL.gg_revenue_gdp.IMF_WEO,NL,gg_revenue_gdp,2019-12-31,44.006811550712,2026-10-07
NL.gg_revenue_gdp.IMF_WEO,NL,gg_revenue_gdp,2020-12-31,44.096303200513,2026-10-07
NL.gg_revenue_gdp.IMF_WEO,NL,gg_revenue_gdp,2021-12-31,43.634793337446,2026-10-07
NL.gg_revenue_gdp.IMF_WEO,NL,gg_revenue_gdp,2022-12-31,43.267996216619,2026-10-07
NL.gg_revenue_gdp.IMF_WEO,NL,gg_revenue_gdp,2023-12-31,43.629425986994,2026-10-07
NL.gg_revenue_gdp.IMF_WEO,NL,gg_revenue_gdp,2024-12-31,43.467957404235,2026-10-07
NL.rgdp_growth.IMF_WEO,NL,rgdp_growth,1981-12-31,-0.5,2026-10-07
NL.rgdp_growth.IMF_WEO,NL,rgdp_growth,1982-12-31,-1.3,2026-10-07
NL.rgdp_growth.IMF_WEO,NL,rgdp_growth,1983-12-31,1.8,2026-10-07
NL.rgdp_growth.IMF_WEO,NL,rgdp_growth,1984-12-31,3.1,2026-10-07
NL.rgdp_growth.IMF_WEO,NL,rgdp_growth,1985-12-31,2.7,2026-10-07
NL.rgdp_growth.IMF_WEO,NL,rgdp_growth,1986-12-31,3.1,2026-10-07
NL.rgdp_growth.IMF_WEO,NL,rgdp_growth,1987-12-31,1.9,2026-10-07
NL.rgdp_growth.IMF_WEO,NL,rgdp_growth,1988-12-31,4.6,2026-10-07
NL.rgdp_growth.IMF_WEO,NL,rgdp_growth,1989-12-31,4.5,2026-10-07
NL.rgdp_growth.IMF_WEO,NL,rgdp_growth,1990-12-31,4.2,2026-10-07
NL.rgdp_growth.IMF_WEO,NL,rgdp_growth,1991-12-31,2.5,2026-10-07
NL.rgdp_growth.IMF_WEO,NL,rgdp_growth,1992-12-31,1.6,2026-10-07
NL.rgdp_growth.IMF_WEO,NL,rgdp_growth,1993-12-31,1.3,2026-10-07
NL.rgdp_growth.IMF_WEO,NL,rgdp_growth,1994-12-31,3.0,2026-10-07
NL.rgdp_growth.IMF_WEO,NL,rgdp_growth,1995-12-31,3.1,2026-10-07
NL.rgdp_growth.IMF_WEO,NL,rgdp_growth,1996-12-31,3.4,2026-10-07
NL.rgdp_growth.IMF_WEO,NL,rgdp_growth,1997-12-31,4.2,2026-10-07
NL.rgdp_growth.IMF_WEO,NL,rgdp_growth,1998-12-31,4.7,2026-10-07
NL.rgdp_growth.IMF_WEO,NL,rgdp_growth,1999-12-31,5.0,2026-10-07
NL.rgdp_growth.IMF_WEO,NL,rgdp_growth,2000-12-31,4.2,2026-10-07
NL.rgdp_growth.IMF_WEO,NL,rgdp_growth,2001-12-31,2.3,2026-10-07
NL.rgdp_growth.IMF_WEO,NL,rgdp_growth,2002-12-31,0.2,2026-10-07
NL.rgdp_growth.IMF_WEO,NL,rgdp_growth,2003-12-31,0.1,2026-10-07
NL.rgdp_growth.IMF_WEO,NL,rgdp_growth,2004-12-31,2.0,2026-10-07
NL.rgdp_growth.IMF_WEO,NL,rgdp_growth,2005-12-31,2.0,2026-10-07
NL.rgdp_growth.IMF_WEO,NL,rgdp_growth,2006-12-31,3.5,2026-10-07
NL.rgdp_growth.IMF_WEO,NL,rgdp_growth,2007-12-31,3.9,2026-10-07
NL.rgdp_growth.IMF_WEO,NL,rgdp_growth,2008-12-31,2.1,2026-10-07
NL.rgdp_growth.IMF_WEO,NL,rgdp_growth,2009-12-31,-3.7,2026-10-07
NL.rgdp_growth.IMF_WEO,NL,rgdp_growth,2010-12-31,1.3,2026-10-07
NL.rgdp_growth.IMF_WEO,NL,rgdp_growth,2011-12-31,1.8,2026-10-07
NL.rgdp_growth.IMF_WEO,NL,rgdp_growth,2012-12-31,-1.0,2026-10-07
NL.rgdp_growth.IMF_WEO,NL,rgdp_growth,2013-12-31,0.0,2026-10-07
NL.rgdp_growth.IMF_WEO,NL,rgdp_growth,2014-12-31,1.6,2026-10-07
NL.rgdp_growth.IMF_WEO,NL,rgdp_growth,2015-12-31,2.1,2026-10-07
NL.rgdp_growth.IMF_WEO,NL,rgdp_growth,2016-12-31,2.4,2026-10-07
NL.rgdp_growth.IMF_WEO,NL,rgdp_growth,2017-12-31,2.8,2026-10-07
NL.rgdp_growth.IMF_WEO,NL,rgdp_growth,2018-12-31,2.3,2026-10-07
NL.rgdp_growth.IMF_WEO,NL,rgdp_growth,2019-12-31,2.3,2026-10-07
NL.rgdp_growth.IMF_WEO,NL,rgdp_growth,2020-12-31,-3.9,2026-10-07
NL.rgdp_growth.IMF_WEO,NL,rgdp_growth,2021-12-31,6.3,2026-10-07
NL.rgdp_growth.IMF_WEO,NL,rgdp_growth,2022-12-31,5.0,2026-10-07
NL.rgdp_growth.IMF_WEO,NL,rgdp_growth,2023-12-31,-0.6,2026-10-07
NL.rgdp_growth.IMF_WEO,NL,rgdp_growth,2024-12-31,1.1,2026-10-07
NL.rgdp_growth.IMF_WEO,NL,rgdp_growth,2025-12-31,1.9,2026-10-07
RU.cpi_yoy.IMF_WEO,RU,cpi_yoy,1990-12-31,0.0,2026-10-07
RU.cpi_yoy.IMF_WEO,RU,cpi_yoy,1991-12-31,135.6,2026-10-07
RU.cpi_yoy.IMF_WEO,RU,cpi_yoy,1992-12-31,1569.1,2026-10-07
RU.cpi_yoy.IMF_WEO,RU,cpi_yoy,1993-12-31,874.3,2026-10-07
RU.cpi_yoy.IMF_WEO,RU,cpi_yoy,1994-12-31,307.5,2026-10-07
RU.cpi_yoy.IMF_WEO,RU,cpi_yoy,1995-12-31,197.3,2026-10-07
RU.cpi_yoy.IMF_WEO,RU,cpi_yoy,1996-12-31,47.8,2026-10-07
RU.cpi_yoy.IMF_WEO,RU,cpi_yoy,1997-12-31,14.8,2026-10-07
RU.cpi_yoy.IMF_WEO,RU,cpi_yoy,1998-12-31,27.7,2026-10-07
RU.cpi_yoy.IMF_WEO,RU,cpi_yoy,1999-12-31,85.7,2026-10-07
RU.cpi_yoy.IMF_WEO,RU,cpi_yoy,2000-12-31,20.8,2026-10-07
RU.cpi_yoy.IMF_WEO,RU,cpi_yoy,2001-12-31,21.5,2026-10-07
RU.cpi_yoy.IMF_WEO,RU,cpi_yoy,2002-12-31,15.8,2026-10-07
RU.cpi_yoy.IMF_WEO,RU,cpi_yoy,2003-12-31,13.7,2026-10-07
RU.cpi_yoy.IMF_WEO,RU,cpi_yoy,2004-12-31,10.9,2026-10-07
RU.cpi_yoy.IMF_WEO,RU,cpi_yoy,2005-12-31,12.7,2026-10-07
RU.cpi_yoy.IMF_WEO,RU,cpi_yoy,2006-12-31,9.7,2026-10-07
RU.cpi_yoy.IMF_WEO,RU,cpi_yoy,2007-12-31,9.0,2026-10-07
RU.cpi_yoy.IMF_WEO,RU,cpi_yoy,2008-12-31,14.1,2026-10-07
RU.cpi_yoy.IMF_WEO,RU,cpi_yoy,2009-12-31,11.6,2026-10-07
RU.cpi_yoy.IMF_WEO,RU,cpi_yoy,2010-12-31,6.8,2026-10-07
RU.cpi_yoy.IMF_WEO,RU,cpi_yoy,2011-12-31,8.4,2026-10-07
RU.cpi_yoy.IMF_WEO,RU,cpi_yoy,2012-12-31,5.1,2026-10-07
RU.cpi_yoy.IMF_WEO,RU,cpi_yoy,2013-12-31,6.8,2026-10-07
RU.cpi_yoy.IMF_WEO,RU,cpi_yoy,2014-12-31,7.8,2026-10-07
RU.cpi_yoy.IMF_WEO,RU,cpi_yoy,2015-12-31,15.5,2026-10-07
RU.cpi_yoy.IMF_WEO,RU,cpi_yoy,2016-12-31,7.0,2026-10-07
RU.cpi_yoy.IMF_WEO,RU,cpi_yoy,2017-12-31,3.7,2026-10-07
RU.cpi_yoy.IMF_WEO,RU,cpi_yoy,2018-12-31,2.9,2026-10-07
RU.cpi_yoy.IMF_WEO,RU,cpi_yoy,2019-12-31,4.5,2026-10-07
RU.cpi_yoy.IMF_WEO,RU,cpi_yoy,2020-12-31,3.4,2026-10-07
RU.cpi_yoy.IMF_WEO,RU,cpi_yoy,2021-12-31,6.7,2026-10-07
RU.cpi_yoy.IMF_WEO,RU,cpi_yoy,2022-12-31,13.7,2026-10-07
RU.cpi_yoy.IMF_WEO,RU,cpi_yoy,2023-12-31,5.9,2026-10-07
RU.cpi_yoy.IMF_WEO,RU,cpi_yoy,2024-12-31,8.4,2026-10-07
RU.cpi_yoy.IMF_WEO,RU,cpi_yoy,2025-12-31,8.7,2026-10-07
RU.gg_debt_gdp.IMF_WEO,RU,gg_debt_gdp,1997-12-31,51.5,2026-10-07
RU.gg_debt_gdp.IMF_WEO,RU,gg_debt_gdp,1998-12-31,135.2,2026-10-07
RU.gg_debt_gdp.IMF_WEO,RU,gg_debt_gdp,1999-12-31,92.4,2026-10-07
RU.gg_debt_gdp.IMF_WEO,RU,gg_debt_gdp,2000-12-31,55.9,2026-10-07
RU.gg_debt_gdp.IMF_WEO,RU,gg_debt_gdp,2001-12-31,44.4,2026-10-07
RU.gg_debt_gdp.IMF_WEO,RU,gg_debt_gdp,2002-12-31,37.6,2026-10-07
RU.gg_debt_gdp.IMF_WEO,RU,gg_debt_gdp,2003-12-31,28.3,2026-10-07
RU.gg_debt_gdp.IMF_WEO,RU,gg_debt_gdp,2004-12-31,20.8,2026-10-07
RU.gg_debt_gdp.IMF_WEO,RU,gg_debt_gdp,2005-12-31,14.9,2026-10-07
RU.gg_debt_gdp.IMF_WEO,RU,gg_debt_gdp,2006-12-31,9.8,2026-10-07
RU.gg_debt_gdp.IMF_WEO,RU,gg_debt_gdp,2007-12-31,8.0,2026-10-07
RU.gg_debt_gdp.IMF_WEO,RU,gg_debt_gdp,2008-12-31,7.4,2026-10-07
RU.gg_debt_gdp.IMF_WEO,RU,gg_debt_gdp,2009-12-31,9.9,2026-10-07
RU.gg_debt_gdp.IMF_WEO,RU,gg_debt_gdp,2010-12-31,10.1,2026-10-07
RU.gg_debt_gdp.IMF_WEO,RU,gg_debt_gdp,2011-12-31,10.3,2026-10-07
RU.gg_debt_gdp.IMF_WEO,RU,gg_debt_gdp,2012-12-31,11.2,2026-10-07
RU.gg_debt_gdp.IMF_WEO,RU,gg_debt_gdp,2013-12-31,12.3,2026-10-07
RU.gg_debt_gdp.IMF_WEO,RU,gg_debt_gdp,2014-12-31,15.1,2026-10-07
RU.gg_debt_gdp.IMF_WEO,RU,gg_debt_gdp,2015-12-31,15.3,2026-10-07
RU.gg_debt_gdp.IMF_WEO,RU,gg_debt_gdp,2016-12-31,14.8,2026-10-07
RU.gg_debt_gdp.IMF_WEO,RU,gg_debt_gdp,2017-12-31,14.3,2026-10-07
RU.gg_debt_gdp.IMF_WEO,RU,gg_debt_gdp,2018-12-31,13.6,2026-10-07
RU.gg_debt_gdp.IMF_WEO,RU,gg_debt_gdp,2019-12-31,13.7,2026-10-07
RU.gg_debt_gdp.IMF_WEO,RU,gg_debt_gdp,2020-12-31,19.2,2026-10-07
RU.gg_debt_gdp.IMF_WEO,RU,gg_debt_gdp,2021-12-31,16.5,2026-10-07
RU.gg_debt_gdp.IMF_WEO,RU,gg_debt_gdp,2022-12-31,15.1,2026-10-07
RU.gg_debt_gdp.IMF_WEO,RU,gg_debt_gdp,2023-12-31,15.2,2026-10-07
RU.gg_debt_gdp.IMF_WEO,RU,gg_debt_gdp,2024-12-31,14.8,2026-10-07
RU.gg_debt_gdp.IMF_WEO,RU,gg_debt_gdp,2025-12-31,17.2,2026-10-07
RU.gg_interest_gdp.IMF_WEO,RU,gg_interest_gdp,1885-12-31,3.5475699901581,2026-10-07
RU.gg_interest_gdp.IMF_WEO,RU,gg_interest_gdp,1886-12-31,3.8175699710846,2026-10-07
RU.gg_interest_gdp.IMF_WEO,RU,gg_interest_gdp,1887-12-31,3.228490114212,2026-10-07
RU.gg_interest_gdp.IMF_WEO,RU,gg_interest_gdp,1888-12-31,3.1414999961853,2026-10-07
RU.gg_interest_gdp.IMF_WEO,RU,gg_interest_gdp,1889-12-31,3.424959897995,2026-10-07
RU.gg_interest_gdp.IMF_WEO,RU,gg_interest_gdp,1890-12-31,3.323529958725,2026-10-07
RU.gg_interest_gdp.IMF_WEO,RU,gg_interest_gdp,1891-12-31,3.3160901069641,2026-10-07
RU.gg_interest_gdp.IMF_WEO,RU,gg_interest_gdp,1892-12-31,2.8712000846863,2026-10-07
RU.gg_interest_gdp.IMF_WEO,RU,gg_interest_gdp,1893-12-31,2.8721899986267,2026-10-07
RU.gg_interest_gdp.IMF_WEO,RU,gg_interest_gdp,1894-12-31,2.9052500724792,2026-10-07
RU.gg_interest_gdp.IMF_WEO,RU,gg_interest_gdp,1895-12-31,3.2621400356293,2026-10-07
RU.gg_interest_gdp.IMF_WEO,RU,gg_interest_gdp,1896-12-31,2.8484299182892,2026-10-07
RU.gg_interest_gdp.IMF_WEO,RU,gg_interest_gdp,1897-12-31,2.5512399673462,2026-10-07
RU.gg_interest_gdp.IMF_WEO,RU,gg_interest_gdp,1898-12-31,2.4156000614166,2026-10-07
RU.gg_interest_gdp.IMF_WEO,RU,gg_interest_gdp,1899-12-31,2.2485001087189,2026-10-07
RU.gg_interest_gdp.IMF_WEO,RU,gg_interest_gdp,1900-12-31,2.2076299190521,2026-10-07
RU.gg_interest_gdp.IMF_WEO,RU,gg_interest_gdp,1901-12-31,2.2124700546265,2026-10-07
RU.gg_interest_gdp.IMF_WEO,RU,gg_interest_gdp,1902-12-31,2.0902299880981,2026-10-07
RU.gg_interest_gdp.IMF_WEO,RU,gg_interest_gdp,1903-12-31,2.2088301181793,2026-10-07
RU.gg_interest_gdp.IMF_WEO,RU,gg_interest_gdp,1904-12-31,2.0596001148224,2026-10-07
RU.gg_interest_gdp.IMF_WEO,RU,gg_interest_gdp,1905-12-31,2.2375600337982,2026-10-07
RU.gg_interest_gdp.IMF_WEO,RU,gg_interest_gdp,1906-12-31,2.6174700260162,2026-10-07
RU.gg_interest_gdp.IMF_WEO,RU,gg_interest_gdp,1907-12-31,2.5909399986267,2026-10-07
RU.gg_interest_gdp.IMF_WEO,RU,gg_interest_gdp,1908-12-31,2.47642993927,2026-10-07
RU.gg_interest_gdp.IMF_WEO,RU,gg_interest_gdp,1909-12-31,2.2938599586487,2026-10-07
RU.gg_interest_gdp.IMF_WEO,RU,gg_interest_gdp,1910-12-31,2.2320399284363,2026-10-07
RU.gg_interest_gdp.IMF_WEO,RU,gg_interest_gdp,1911-12-31,2.205579996109,2026-10-07
RU.gg_interest_gdp.IMF_WEO,RU,gg_interest_gdp,1912-12-31,1.8823599815369,2026-10-07
RU.gg_interest_gdp.IMF_WEO,RU,gg_interest_gdp,1928-12-31,0.12330999970436,2026-10-07
RU.gg_interest_gdp.IMF_WEO,RU,gg_interest_gdp,1929-12-31,0.16176100075245,2026-10-07
RU.gg_interest_gdp.IMF_WEO,RU,gg_interest_gdp,1930-12-31,0.15308499336243,2026-10-07
RU.gg_interest_gdp.IMF_WEO,RU,gg_interest_gdp,1931-12-31,0.10659299790859,2026-10-07
RU.gg_interest_gdp.IMF_WEO,RU,gg_interest_gdp,1933-12-31,0.13455800712109,2026-10-07
RU.gg_interest_gdp.IMF_WEO,RU,gg_interest_gdp,1998-12-31,4.3180280450453,2026-10-07
RU.gg_interest_gdp.IMF_WEO,RU,gg_interest_gdp,1999-12-31,5.56507920361,2026-10-07
RU.gg_interest_gdp.IMF_WEO,RU,gg_interest_gdp,2000-12-31,4.0521139579966,2026-10-07
RU.gg_interest_gdp.IMF_WEO,RU,gg_interest_gdp,2001-12-31,2.5236924268196,2026-10-07
RU.gg_interest_gdp.IMF_WEO,RU,gg_interest_gdp,2002-12-31,1.9563973027954,2026-10-07
RU.gg_interest_gdp.IMF_WEO,RU,gg_interest_gdp,2003-12-31,1.58488024256,2026-10-07
RU.gg_interest_gdp.IMF_WEO,RU,gg_interest_gdp,2004-12-31,1.1225633031425,2026-10-07
RU.gg_interest_gdp.IMF_WEO,RU,gg_interest_gdp,2005-12-31,0.89660921054336,2026-10-07
RU.gg_interest_gdp.IMF_WEO,RU,gg_interest_gdp,2006-12-31,0.69085646299586,2026-10-07
RU.gg_interest_gdp.IMF_WEO,RU,gg_interest_gdp,2007-12-31,0.53531096115952,2026-10-07
RU.gg_interest_gdp.IMF_WEO,RU,gg_interest_gdp,2008-12-31,0.4255716510162,2026-10-07
RU.gg_interest_gdp.IMF_WEO,RU,gg_interest_gdp,2009-12-31,0.56829988148194,2026-10-07
RU.gg_interest_gdp.IMF_WEO,RU,gg_interest_gdp,2010-12-31,0.52542805074331,2026-10-07
RU.gg_interest_gdp.IMF_WEO,RU,gg_interest_gdp,2011-12-31,0.54687590715739,2026-10-07
RU.gg_interest_gdp.IMF_WEO,RU,gg_interest_gdp,2012-12-31,0.56720926905179,2026-10-07
RU.gg_interest_gdp.IMF_WEO,RU,gg_interest_gdp,2013-12-31,0.60381771399484,2026-10-07
RU.gg_interest_gdp.IMF_WEO,RU,gg_interest_gdp,2014-12-31,0.66468335280225,2026-10-07
RU.gg_interest_gdp.IMF_WEO,RU,gg_interest_gdp,2015-12-31,0.7954697608636,2026-10-07
RU.gg_interest_gdp.IMF_WEO,RU,gg_interest_gdp,2016-12-31,0.91026265841459,2026-10-07
RU.gg_interest_gdp.IMF_WEO,RU,gg_interest_gdp,2017-12-31,0.883662542473,2026-10-07
RU.gg_interest_gdp.IMF_WEO,RU,gg_interest_gdp,2018-12-31,0.85820105180445,2026-10-07
RU.gg_interest_gdp.IMF_WEO,RU,gg_interest_gdp,2019-12-31,0.76212592163813,2026-10-07
RU.gg_interest_gdp.IMF_WEO,RU,gg_interest_gdp,2020-12-31,0.91508162832034,2026-10-07
RU.gg_interest_gdp.IMF_WEO,RU,gg_interest_gdp,2021-12-31,0.88518078741337,2026-10-07
RU.gg_interest_gdp.IMF_WEO,RU,gg_interest_gdp,2022-12-31,0.78626646985261,2026-10-07
RU.gg_interest_gdp.IMF_WEO,RU,gg_interest_gdp,2023-12-31,0.76381877012011,2026-10-07
RU.gg_interest_gdp.IMF_WEO,RU,gg_interest_gdp,2024-12-31,1.1900985609525,2026-10-07
RU.gg_net_lending_gdp.IMF_WEO,RU,gg_net_lending_gdp,1998-12-31,-7.4,2026-10-07
RU.gg_net_lending_gdp.IMF_WEO,RU,gg_net_lending_gdp,1999-12-31,-3.6,2026-10-07
RU.gg_net_lending_gdp.IMF_WEO,RU,gg_net_lending_gdp,2000-12-31,3.1,2026-10-07
RU.gg_net_lending_gdp.IMF_WEO,RU,gg_net_lending_gdp,2001-12-31,3.0,2026-10-07
RU.gg_net_lending_gdp.IMF_WEO,RU,gg_net_lending_gdp,2002-12-31,0.7,2026-10-07
RU.gg_net_lending_gdp.IMF_WEO,RU,gg_net_lending_gdp,2003-12-31,1.4,2026-10-07
RU.gg_net_lending_gdp.IMF_WEO,RU,gg_net_lending_gdp,2004-12-31,4.6,2026-10-07
RU.gg_net_lending_gdp.IMF_WEO,RU,gg_net_lending_gdp,2005-12-31,7.6,2026-10-07
RU.gg_net_lending_gdp.IMF_WEO,RU,gg_net_lending_gdp,2006-12-31,7.8,2026-10-07
RU.gg_net_lending_gdp.IMF_WEO,RU,gg_net_lending_gdp,2007-12-31,5.6,2026-10-07
RU.gg_net_lending_gdp.IMF_WEO,RU,gg_net_lending_gdp,2008-12-31,4.5,2026-10-07
RU.gg_net_lending_gdp.IMF_WEO,RU,gg_net_lending_gdp,2009-12-31,-5.9,2026-10-07
RU.gg_net_lending_gdp.IMF_WEO,RU,gg_net_lending_gdp,2010-12-31,-3.2,2026-10-07
RU.gg_net_lending_gdp.IMF_WEO,RU,gg_net_lending_gdp,2011-12-31,1.4,2026-10-07
RU.gg_net_lending_gdp.IMF_WEO,RU,gg_net_lending_gdp,2012-12-31,0.4,2026-10-07
RU.gg_net_lending_gdp.IMF_WEO,RU,gg_net_lending_gdp,2013-12-31,-1.2,2026-10-07
RU.gg_net_lending_gdp.IMF_WEO,RU,gg_net_lending_gdp,2014-12-31,-1.1,2026-10-07
RU.gg_net_lending_gdp.IMF_WEO,RU,gg_net_lending_gdp,2015-12-31,-3.4,2026-10-07
RU.gg_net_lending_gdp.IMF_WEO,RU,gg_net_lending_gdp,2016-12-31,-3.7,2026-10-07
RU.gg_net_lending_gdp.IMF_WEO,RU,gg_net_lending_gdp,2017-12-31,-1.5,2026-10-07
RU.gg_net_lending_gdp.IMF_WEO,RU,gg_net_lending_gdp,2018-12-31,2.9,2026-10-07
RU.gg_net_lending_gdp.IMF_WEO,RU,gg_net_lending_gdp,2019-12-31,1.9,2026-10-07
RU.gg_net_lending_gdp.IMF_WEO,RU,gg_net_lending_gdp,2020-12-31,-4.0,2026-10-07
RU.gg_net_lending_gdp.IMF_WEO,RU,gg_net_lending_gdp,2021-12-31,0.8,2026-10-07
RU.gg_net_lending_gdp.IMF_WEO,RU,gg_net_lending_gdp,2022-12-31,-1.3,2026-10-07
RU.gg_net_lending_gdp.IMF_WEO,RU,gg_net_lending_gdp,2023-12-31,-2.2,2026-10-07
RU.gg_net_lending_gdp.IMF_WEO,RU,gg_net_lending_gdp,2024-12-31,-1.6,2026-10-07
RU.gg_net_lending_gdp.IMF_WEO,RU,gg_net_lending_gdp,2025-12-31,-3.9,2026-10-07
RU.gg_revenue_gdp.IMF_WEO,RU,gg_revenue_gdp,1885-12-31,12.344900131226,2026-10-07
RU.gg_revenue_gdp.IMF_WEO,RU,gg_revenue_gdp,1886-12-31,13.378399848938,2026-10-07
RU.gg_revenue_gdp.IMF_WEO,RU,gg_revenue_gdp,1887-12-31,11.680700302124,2026-10-07
RU.gg_revenue_gdp.IMF_WEO,RU,gg_revenue_gdp,1888-12-31,11.919199943542,2026-10-07
RU.gg_revenue_gdp.IMF_WEO,RU,gg_revenue_gdp,1889-12-31,13.935000419617,2026-10-07
RU.gg_revenue_gdp.IMF_WEO,RU,gg_revenue_gdp,1890-12-31,14.25,2026-10-07
RU.gg_revenue_gdp.IMF_WEO,RU,gg_revenue_gdp,1891-12-31,14.100999832153,2026-10-07
RU.gg_revenue_gdp.IMF_WEO,RU,gg_revenue_gdp,1892-12-31,13.33240032196,2026-10-07
RU.gg_revenue_gdp.IMF_WEO,RU,gg_revenue_gdp,1893-12-31,13.232199668884,2026-10-07
RU.gg_revenue_gdp.IMF_WEO,RU,gg_revenue_gdp,1894-12-31,14.5452003479,2026-10-07
RU.gg_revenue_gdp.IMF_WEO,RU,gg_revenue_gdp,1895-12-31,16.33270072937,2026-10-07
RU.gg_revenue_gdp.IMF_WEO,RU,gg_revenue_gdp,1896-12-31,16.250200271606,2026-10-07
RU.gg_revenue_gdp.IMF_WEO,RU,gg_revenue_gdp,1897-12-31,15.554900169373,2026-10-07
RU.gg_revenue_gdp.IMF_WEO,RU,gg_revenue_gdp,1898-12-31,15.47439956665,2026-10-07
RU.gg_revenue_gdp.IMF_WEO,RU,gg_revenue_gdp,1899-12-31,14.998700141907,2026-10-07
RU.gg_revenue_gdp.IMF_WEO,RU,gg_revenue_gdp,1900-12-31,15.579299926758,2026-10-07
RU.gg_revenue_gdp.IMF_WEO,RU,gg_revenue_gdp,1901-12-31,15.854299545288,2026-10-07
RU.gg_revenue_gdp.IMF_WEO,RU,gg_revenue_gdp,1902-12-31,15.067000389099,2026-10-07
RU.gg_revenue_gdp.IMF_WEO,RU,gg_revenue_gdp,1903-12-31,18.107400894165,2026-10-07
RU.gg_revenue_gdp.IMF_WEO,RU,gg_revenue_gdp,1904-12-31,15.244799613953,2026-10-07
RU.gg_revenue_gdp.IMF_WEO,RU,gg_revenue_gdp,1905-12-31,16.095399856567,2026-10-07
RU.gg_revenue_gdp.IMF_WEO,RU,gg_revenue_gdp,1906-12-31,17.965900421143,2026-10-07
RU.gg_revenue_gdp.IMF_WEO,RU,gg_revenue_gdp,1907-12-31,17.447700500488,2026-10-07
RU.gg_revenue_gdp.IMF_WEO,RU,gg_revenue_gdp,1908-12-31,16.134599685669,2026-10-07
RU.gg_revenue_gdp.IMF_WEO,RU,gg_revenue_gdp,1909-12-31,15.748299598694,2026-10-07
RU.gg_revenue_gdp.IMF_WEO,RU,gg_revenue_gdp,1910-12-31,16.304899215698,2026-10-07
RU.gg_revenue_gdp.IMF_WEO,RU,gg_revenue_gdp,1911-12-31,17.422300338745,2026-10-07
RU.gg_revenue_gdp.IMF_WEO,RU,gg_revenue_gdp,1912-12-31,15.853199958801,2026-10-07
RU.gg_revenue_gdp.IMF_WEO,RU,gg_revenue_gdp,1928-12-31,5.3078899383545,2026-10-07
RU.gg_revenue_gdp.IMF_WEO,RU,gg_revenue_gdp,1929-12-31,7.3494300842285,2026-10-07
RU.gg_revenue_gdp.IMF_WEO,RU,gg_revenue_gdp,1930-12-31,11.032600402832,2026-10-07
RU.gg_revenue_gdp.IMF_WEO,RU,gg_revenue_gdp,1931-12-31,7.42041015625,2026-10-07
RU.gg_revenue_gdp.IMF_WEO,RU,gg_revenue_gdp,1932-12-31,6.2815599441528,2026-10-07
RU.gg_revenue_gdp.IMF_WEO,RU,gg_revenue_gdp,1933-12-31,5.2146902084351,2026-10-07
RU.gg_revenue_gdp.IMF_WEO,RU,gg_revenue_gdp,1934-12-31,5.0917301177979,2026-10-07
RU.gg_revenue_gdp.IMF_WEO,RU,gg_revenue_gdp,1935-12-31,4.5375599861145,2026-10-07
RU.gg_revenue_gdp.IMF_WEO,RU,gg_revenue_gdp,1936-12-31,4.4154000282288,2026-10-07
RU.gg_revenue_gdp.IMF_WEO,RU,gg_revenue_gdp,1937-12-31,4.5488700866699,2026-10-07
RU.gg_revenue_gdp.IMF_WEO,RU,gg_revenue_gdp,1938-12-31,5.900050163269,2026-10-07
RU.gg_revenue_gdp.IMF_WEO,RU,gg_revenue_gdp,1939-12-31,6.6595501899719,2026-10-07
RU.gg_revenue_gdp.IMF_WEO,RU,gg_revenue_gdp,1940-12-31,5.642590045929,2026-10-07
RU.gg_revenue_gdp.IMF_WEO,RU,gg_revenue_gdp,1998-12-31,32.259284961368,2026-10-07
RU.gg_revenue_gdp.IMF_WEO,RU,gg_revenue_gdp,1999-12-31,30.700142787481,2026-10-07
RU.gg_revenue_gdp.IMF_WEO,RU,gg_revenue_gdp,2000-12-31,33.75779094535,2026-10-07
RU.gg_revenue_gdp.IMF_WEO,RU,gg_revenue_gdp,2001-12-31,34.455511430164,2026-10-07
RU.gg_revenue_gdp.IMF_WEO,RU,gg_revenue_gdp,2002-12-31,34.490523350054,2026-10-07
RU.gg_revenue_gdp.IMF_WEO,RU,gg_revenue_gdp,2003-12-31,33.948813431155,2026-10-07
RU.gg_revenue_gdp.IMF_WEO,RU,gg_revenue_gdp,2004-12-31,34.203146460527,2026-10-07
RU.gg_revenue_gdp.IMF_WEO,RU,gg_revenue_gdp,2005-12-31,37.054826270157,2026-10-07
RU.gg_revenue_gdp.IMF_WEO,RU,gg_revenue_gdp,2006-12-31,36.843292967961,2026-10-07
RU.gg_revenue_gdp.IMF_WEO,RU,gg_revenue_gdp,2007-12-31,37.526885047181,2026-10-07
RU.gg_revenue_gdp.IMF_WEO,RU,gg_revenue_gdp,2008-12-31,36.559901839835,2026-10-07
RU.gg_revenue_gdp.IMF_WEO,RU,gg_revenue_gdp,2009-12-31,32.707229201572,2026-10-07
RU.gg_revenue_gdp.IMF_WEO,RU,gg_revenue_gdp,2010-12-31,32.310954381343,2026-10-07
RU.gg_revenue_gdp.IMF_WEO,RU,gg_revenue_gdp,2011-12-31,34.693029931455,2026-10-07
RU.gg_revenue_gdp.IMF_WEO,RU,gg_revenue_gdp,2012-12-31,34.411038980907,2026-10-07
RU.gg_revenue_gdp.IMF_WEO,RU,gg_revenue_gdp,2013-12-31,33.489691046317,2026-10-07
RU.gg_revenue_gdp.IMF_WEO,RU,gg_revenue_gdp,2014-12-31,33.868235133437,2026-10-07
RU.gg_revenue_gdp.IMF_WEO,RU,gg_revenue_gdp,2015-12-31,31.8870271111,2026-10-07
RU.gg_revenue_gdp.IMF_WEO,RU,gg_revenue_gdp,2016-12-31,32.9161754233,2026-10-07
RU.gg_revenue_gdp.IMF_WEO,RU,gg_revenue_gdp,2017-12-31,33.361245602692,2026-10-07
RU.gg_revenue_gdp.IMF_WEO,RU,gg_revenue_gdp,2018-12-31,35.544301898,2026-10-07
RU.gg_revenue_gdp.IMF_WEO,RU,gg_revenue_gdp,2019-12-31,35.681876854742,2026-10-07
RU.gg_revenue_gdp.IMF_WEO,RU,gg_revenue_gdp,2020-12-31,35.163816166035,2026-10-07
RU.gg_revenue_gdp.IMF_WEO,RU,gg_revenue_gdp,2021-12-31,35.715376955299,2026-10-07
RU.gg_revenue_gdp.IMF_WEO,RU,gg_revenue_gdp,2022-12-31,33.817941027132,2026-10-07
RU.gg_revenue_gdp.IMF_WEO,RU,gg_revenue_gdp,2023-12-31,33.485762893426,2026-10-07
RU.gg_revenue_gdp.IMF_WEO,RU,gg_revenue_gdp,2024-12-31,35.267317678813,2026-10-07
RU.rgdp_growth.IMF_WEO,RU,rgdp_growth,1993-12-31,-8.7,2026-10-07
RU.rgdp_growth.IMF_WEO,RU,rgdp_growth,1994-12-31,-12.7,2026-10-07
RU.rgdp_growth.IMF_WEO,RU,rgdp_growth,1995-12-31,-4.1,2026-10-07
RU.rgdp_growth.IMF_WEO,RU,rgdp_growth,1996-12-31,-3.6,2026-10-07
RU.rgdp_growth.IMF_WEO,RU,rgdp_growth,1997-12-31,1.4,2026-10-07
RU.rgdp_growth.IMF_WEO,RU,rgdp_growth,1998-12-31,-5.3,2026-10-07
RU.rgdp_growth.IMF_WEO,RU,rgdp_growth,1999-12-31,6.3,2026-10-07
RU.rgdp_growth.IMF_WEO,RU,rgdp_growth,2000-12-31,10.1,2026-10-07
RU.rgdp_growth.IMF_WEO,RU,rgdp_growth,2001-12-31,5.1,2026-10-07
RU.rgdp_growth.IMF_WEO,RU,rgdp_growth,2002-12-31,4.7,2026-10-07
RU.rgdp_growth.IMF_WEO,RU,rgdp_growth,2003-12-31,7.4,2026-10-07
RU.rgdp_growth.IMF_WEO,RU,rgdp_growth,2004-12-31,7.1,2026-10-07
RU.rgdp_growth.IMF_WEO,RU,rgdp_growth,2005-12-31,6.4,2026-10-07
RU.rgdp_growth.IMF_WEO,RU,rgdp_growth,2006-12-31,8.2,2026-10-07
RU.rgdp_growth.IMF_WEO,RU,rgdp_growth,2007-12-31,8.6,2026-10-07
RU.rgdp_growth.IMF_WEO,RU,rgdp_growth,2008-12-31,5.2,2026-10-07
RU.rgdp_growth.IMF_WEO,RU,rgdp_growth,2009-12-31,-7.8,2026-10-07
RU.rgdp_growth.IMF_WEO,RU,rgdp_growth,2010-12-31,4.5,2026-10-07
RU.rgdp_growth.IMF_WEO,RU,rgdp_growth,2011-12-31,4.0,2026-10-07
RU.rgdp_growth.IMF_WEO,RU,rgdp_growth,2012-12-31,4.0,2026-10-07
RU.rgdp_growth.IMF_WEO,RU,rgdp_growth,2013-12-31,1.8,2026-10-07
RU.rgdp_growth.IMF_WEO,RU,rgdp_growth,2014-12-31,0.7,2026-10-07
RU.rgdp_growth.IMF_WEO,RU,rgdp_growth,2015-12-31,-2.0,2026-10-07
RU.rgdp_growth.IMF_WEO,RU,rgdp_growth,2016-12-31,0.2,2026-10-07
RU.rgdp_growth.IMF_WEO,RU,rgdp_growth,2017-12-31,1.8,2026-10-07
RU.rgdp_growth.IMF_WEO,RU,rgdp_growth,2018-12-31,2.8,2026-10-07
RU.rgdp_growth.IMF_WEO,RU,rgdp_growth,2019-12-31,2.2,2026-10-07
RU.rgdp_growth.IMF_WEO,RU,rgdp_growth,2020-12-31,-2.7,2026-10-07
RU.rgdp_growth.IMF_WEO,RU,rgdp_growth,2021-12-31,5.9,2026-10-07
RU.rgdp_growth.IMF_WEO,RU,rgdp_growth,2022-12-31,-1.4,2026-10-07
RU.rgdp_growth.IMF_WEO,RU,rgdp_growth,2023-12-31,4.1,2026-10-07
RU.rgdp_growth.IMF_WEO,RU,rgdp_growth,2024-12-31,4.9,2026-10-07
RU.rgdp_growth.IMF_WEO,RU,rgdp_growth,2025-12-31,1.0,2026-10-07
SE.cpi_yoy.IMF_WEO,SE,cpi_yoy,1980-12-31,17.4,2026-10-07
SE.cpi_yoy.IMF_WEO,SE,cpi_yoy,1981-12-31,12.1,2026-10-07
SE.cpi_yoy.IMF_WEO,SE,cpi_yoy,1982-12-31,8.6,2026-10-07
SE.cpi_yoy.IMF_WEO,SE,cpi_yoy,1983-12-31,8.9,2026-10-07
SE.cpi_yoy.IMF_WEO,SE,cpi_yoy,1984-12-31,8.0,2026-10-07
SE.cpi_yoy.IMF_WEO,SE,cpi_yoy,1985-12-31,7.4,2026-10-07
SE.cpi_yoy.IMF_WEO,SE,cpi_yoy,1986-12-31,4.2,2026-10-07
SE.cpi_yoy.IMF_WEO,SE,cpi_yoy,1987-12-31,4.2,2026-10-07
SE.cpi_yoy.IMF_WEO,SE,cpi_yoy,1988-12-31,5.8,2026-10-07
SE.cpi_yoy.IMF_WEO,SE,cpi_yoy,1989-12-31,6.4,2026-10-07
SE.cpi_yoy.IMF_WEO,SE,cpi_yoy,1990-12-31,10.5,2026-10-07
SE.cpi_yoy.IMF_WEO,SE,cpi_yoy,1991-12-31,8.8,2026-10-07
SE.cpi_yoy.IMF_WEO,SE,cpi_yoy,1992-12-31,1.4,2026-10-07
SE.cpi_yoy.IMF_WEO,SE,cpi_yoy,1993-12-31,4.7,2026-10-07
SE.cpi_yoy.IMF_WEO,SE,cpi_yoy,1994-12-31,2.9,2026-10-07
SE.cpi_yoy.IMF_WEO,SE,cpi_yoy,1995-12-31,2.5,2026-10-07
SE.cpi_yoy.IMF_WEO,SE,cpi_yoy,1996-12-31,1.0,2026-10-07
SE.cpi_yoy.IMF_WEO,SE,cpi_yoy,1997-12-31,1.8,2026-10-07
SE.cpi_yoy.IMF_WEO,SE,cpi_yoy,1998-12-31,1.0,2026-10-07
SE.cpi_yoy.IMF_WEO,SE,cpi_yoy,1999-12-31,0.6,2026-10-07
SE.cpi_yoy.IMF_WEO,SE,cpi_yoy,2000-12-31,1.3,2026-10-07
SE.cpi_yoy.IMF_WEO,SE,cpi_yoy,2001-12-31,2.7,2026-10-07
SE.cpi_yoy.IMF_WEO,SE,cpi_yoy,2002-12-31,1.9,2026-10-07
SE.cpi_yoy.IMF_WEO,SE,cpi_yoy,2003-12-31,2.3,2026-10-07
SE.cpi_yoy.IMF_WEO,SE,cpi_yoy,2004-12-31,1.0,2026-10-07
SE.cpi_yoy.IMF_WEO,SE,cpi_yoy,2005-12-31,0.8,2026-10-07
SE.cpi_yoy.IMF_WEO,SE,cpi_yoy,2006-12-31,1.5,2026-10-07
SE.cpi_yoy.IMF_WEO,SE,cpi_yoy,2007-12-31,1.7,2026-10-07
SE.cpi_yoy.IMF_WEO,SE,cpi_yoy,2008-12-31,3.3,2026-10-07
SE.cpi_yoy.IMF_WEO,SE,cpi_yoy,2009-12-31,1.9,2026-10-07
SE.cpi_yoy.IMF_WEO,SE,cpi_yoy,2010-12-31,1.9,2026-10-07
SE.cpi_yoy.IMF_WEO,SE,cpi_yoy,2011-12-31,1.4,2026-10-07
SE.cpi_yoy.IMF_WEO,SE,cpi_yoy,2012-12-31,0.9,2026-10-07
SE.cpi_yoy.IMF_WEO,SE,cpi_yoy,2013-12-31,0.4,2026-10-07
SE.cpi_yoy.IMF_WEO,SE,cpi_yoy,2014-12-31,0.2,2026-10-07
SE.cpi_yoy.IMF_WEO,SE,cpi_yoy,2015-12-31,0.7,2026-10-07
SE.cpi_yoy.IMF_WEO,SE,cpi_yoy,2016-12-31,1.1,2026-10-07
SE.cpi_yoy.IMF_WEO,SE,cpi_yoy,2017-12-31,1.9,2026-10-07
SE.cpi_yoy.IMF_WEO,SE,cpi_yoy,2018-12-31,2.0,2026-10-07
SE.cpi_yoy.IMF_WEO,SE,cpi_yoy,2019-12-31,1.7,2026-10-07
SE.cpi_yoy.IMF_WEO,SE,cpi_yoy,2020-12-31,0.7,2026-10-07
SE.cpi_yoy.IMF_WEO,SE,cpi_yoy,2021-12-31,2.7,2026-10-07
SE.cpi_yoy.IMF_WEO,SE,cpi_yoy,2022-12-31,8.1,2026-10-07
SE.cpi_yoy.IMF_WEO,SE,cpi_yoy,2023-12-31,5.9,2026-10-07
SE.cpi_yoy.IMF_WEO,SE,cpi_yoy,2024-12-31,2.0,2026-10-07
SE.cpi_yoy.IMF_WEO,SE,cpi_yoy,2025-12-31,2.6,2026-10-07
SE.gg_debt_gdp.IMF_WEO,SE,gg_debt_gdp,1993-12-31,66.1,2026-10-07
SE.gg_debt_gdp.IMF_WEO,SE,gg_debt_gdp,1994-12-31,68.6,2026-10-07
SE.gg_debt_gdp.IMF_WEO,SE,gg_debt_gdp,1995-12-31,68.7,2026-10-07
SE.gg_debt_gdp.IMF_WEO,SE,gg_debt_gdp,1996-12-31,68.9,2026-10-07
SE.gg_debt_gdp.IMF_WEO,SE,gg_debt_gdp,1997-12-31,67.7,2026-10-07
SE.gg_debt_gdp.IMF_WEO,SE,gg_debt_gdp,1998-12-31,65.4,2026-10-07
SE.gg_debt_gdp.IMF_WEO,SE,gg_debt_gdp,1999-12-31,60.3,2026-10-07
SE.gg_debt_gdp.IMF_WEO,SE,gg_debt_gdp,2000-12-31,50.4,2026-10-07
SE.gg_debt_gdp.IMF_WEO,SE,gg_debt_gdp,2001-12-31,52.0,2026-10-07
SE.gg_debt_gdp.IMF_WEO,SE,gg_debt_gdp,2002-12-31,49.9,2026-10-07
SE.gg_debt_gdp.IMF_WEO,SE,gg_debt_gdp,2003-12-31,49.5,2026-10-07
SE.gg_debt_gdp.IMF_WEO,SE,gg_debt_gdp,2004-12-31,48.7,2026-10-07
SE.gg_debt_gdp.IMF_WEO,SE,gg_debt_gdp,2005-12-31,48.9,2026-10-07
SE.gg_debt_gdp.IMF_WEO,SE,gg_debt_gdp,2006-12-31,43.8,2026-10-07
SE.gg_debt_gdp.IMF_WEO,SE,gg_debt_gdp,2007-12-31,39.2,2026-10-07
SE.gg_debt_gdp.IMF_WEO,SE,gg_debt_gdp,2008-12-31,37.9,2026-10-07
SE.gg_debt_gdp.IMF_WEO,SE,gg_debt_gdp,2009-12-31,41.2,2026-10-07
SE.gg_debt_gdp.IMF_WEO,SE,gg_debt_gdp,2010-12-31,38.6,2026-10-07
SE.gg_debt_gdp.IMF_WEO,SE,gg_debt_gdp,2011-12-31,37.7,2026-10-07
SE.gg_debt_gdp.IMF_WEO,SE,gg_debt_gdp,2012-12-31,38.0,2026-10-07
SE.gg_debt_gdp.IMF_WEO,SE,gg_debt_gdp,2013-12-31,40.8,2026-10-07
SE.gg_debt_gdp.IMF_WEO,SE,gg_debt_gdp,2014-12-31,45.7,2026-10-07
SE.gg_debt_gdp.IMF_WEO,SE,gg_debt_gdp,2015-12-31,44.5,2026-10-07
SE.gg_debt_gdp.IMF_WEO,SE,gg_debt_gdp,2016-12-31,42.9,2026-10-07
SE.gg_debt_gdp.IMF_WEO,SE,gg_debt_gdp,2017-12-31,41.6,2026-10-07
SE.gg_debt_gdp.IMF_WEO,SE,gg_debt_gdp,2018-12-31,39.9,2026-10-07
SE.gg_debt_gdp.IMF_WEO,SE,gg_debt_gdp,2019-12-31,35.8,2026-10-07
SE.gg_debt_gdp.IMF_WEO,SE,gg_debt_gdp,2020-12-31,40.4,2026-10-07
SE.gg_debt_gdp.IMF_WEO,SE,gg_debt_gdp,2021-12-31,37.3,2026-10-07
SE.gg_debt_gdp.IMF_WEO,SE,gg_debt_gdp,2022-12-31,34.2,2026-10-07
SE.gg_debt_gdp.IMF_WEO,SE,gg_debt_gdp,2023-12-31,32.1,2026-10-07
SE.gg_debt_gdp.IMF_WEO,SE,gg_debt_gdp,2024-12-31,33.9,2026-10-07
SE.gg_debt_gdp.IMF_WEO,SE,gg_debt_gdp,2025-12-31,34.9,2026-10-07
SE.gg_interest_gdp.IMF_WEO,SE,gg_interest_gdp,1800-12-31,0.74803149700165,2026-10-07
SE.gg_interest_gdp.IMF_WEO,SE,gg_interest_gdp,1801-12-31,0.80859375,2026-10-07
SE.gg_interest_gdp.IMF_WEO,SE,gg_interest_gdp,1802-12-31,0.8204545378685,2026-10-07
SE.gg_interest_gdp.IMF_WEO,SE,gg_interest_gdp,1803-12-31,0.88749998807907,2026-10-07
SE.gg_interest_gdp.IMF_WEO,SE,gg_interest_gdp,1804-12-31,0.81190478801727,2026-10-07
SE.gg_interest_gdp.IMF_WEO,SE,gg_interest_gdp,1805-12-31,0.74632352590561,2026-10-07
SE.gg_interest_gdp.IMF_WEO,SE,gg_interest_gdp,1806-12-31,0.6636363863945,2026-10-07
SE.gg_interest_gdp.IMF_WEO,SE,gg_interest_gdp,1807-12-31,0.59738564491272,2026-10-07
SE.gg_interest_gdp.IMF_WEO,SE,gg_interest_gdp,1808-12-31,0.5591716170311,2026-10-07
SE.gg_interest_gdp.IMF_WEO,SE,gg_interest_gdp,1809-12-31,0.52912086248398,2026-10-07
SE.gg_interest_gdp.IMF_WEO,SE,gg_interest_gdp,1810-12-31,0.58205127716064,2026-10-07
SE.gg_interest_gdp.IMF_WEO,SE,gg_interest_gdp,1811-12-31,0.607441842556,2026-10-07
SE.gg_interest_gdp.IMF_WEO,SE,gg_interest_gdp,1812-12-31,0.54370081424713,2026-10-07
SE.gg_interest_gdp.IMF_WEO,SE,gg_interest_gdp,1813-12-31,0.39847329258919,2026-10-07
SE.gg_interest_gdp.IMF_WEO,SE,gg_interest_gdp,1814-12-31,0.38088235259056,2026-10-07
SE.gg_interest_gdp.IMF_WEO,SE,gg_interest_gdp,1815-12-31,0.36402878165245,2026-10-07
SE.gg_interest_gdp.IMF_WEO,SE,gg_interest_gdp,1816-12-31,0.26302817463875,2026-10-07
SE.gg_interest_gdp.IMF_WEO,SE,gg_interest_gdp,1817-12-31,0.24965517222881,2026-10-07
SE.gg_interest_gdp.IMF_WEO,SE,gg_interest_gdp,1818-12-31,0.24041095376015,2026-10-07
SE.gg_interest_gdp.IMF_WEO,SE,gg_interest_gdp,1819-12-31,0.22524917125702,2026-10-07
SE.gg_interest_gdp.IMF_WEO,SE,gg_interest_gdp,1820-12-31,0.22607260942459,2026-10-07
SE.gg_interest_gdp.IMF_WEO,SE,gg_interest_gdp,1821-12-31,0.2374125868082,2026-10-07
SE.gg_interest_gdp.IMF_WEO,SE,gg_interest_gdp,1822-12-31,0.23772242665291,2026-10-07
SE.gg_interest_gdp.IMF_WEO,SE,gg_interest_gdp,1823-12-31,0.22733564674854,2026-10-07
SE.gg_interest_gdp.IMF_WEO,SE,gg_interest_gdp,1824-12-31,0.2175862044096,2026-10-07
SE.gg_interest_gdp.IMF_WEO,SE,gg_interest_gdp,1825-12-31,0.20328947901726,2026-10-07
SE.gg_interest_gdp.IMF_WEO,SE,gg_interest_gdp,1826-12-31,0.19206349551678,2026-10-07
SE.gg_interest_gdp.IMF_WEO,SE,gg_interest_gdp,1827-12-31,0.1780780851841,2026-10-07
SE.gg_interest_gdp.IMF_WEO,SE,gg_interest_gdp,1828-12-31,0.18328075110912,2026-10-07
SE.gg_interest_gdp.IMF_WEO,SE,gg_interest_gdp,1829-12-31,0.10282132029533,2026-10-07
SE.gg_interest_gdp.IMF_WEO,SE,gg_interest_gdp,1830-12-31,0.099696047604084,2026-10-07
SE.gg_interest_gdp.IMF_WEO,SE,gg_interest_gdp,1831-12-31,0.10201149433851,2026-10-07
SE.gg_interest_gdp.IMF_WEO,SE,gg_interest_gdp,1832-12-31,0.10974930226803,2026-10-07
SE.gg_interest_gdp.IMF_WEO,SE,gg_interest_gdp,1833-12-31,0.11246459186077,2026-10-07
SE.gg_interest_gdp.IMF_WEO,SE,gg_interest_gdp,1834-12-31,0.11207865178585,2026-10-07
SE.gg_interest_gdp.IMF_WEO,SE,gg_interest_gdp,1835-12-31,0.11581769585609,2026-10-07
SE.gg_interest_gdp.IMF_WEO,SE,gg_interest_gdp,1836-12-31,0.11942256987095,2026-10-07
SE.gg_interest_gdp.IMF_WEO,SE,gg_interest_gdp,1837-12-31,0.12159383296967,2026-10-07
SE.gg_interest_gdp.IMF_WEO,SE,gg_interest_gdp,1838-12-31,0.10663264989853,2026-10-07
SE.gg_interest_gdp.IMF_WEO,SE,gg_interest_gdp,1839-12-31,0.086602874100208,2026-10-07
SE.gg_interest_gdp.IMF_WEO,SE,gg_interest_gdp,1840-12-31,0.076885648071766,2026-10-07
SE.gg_interest_gdp.IMF_WEO,SE,gg_interest_gdp,1841-12-31,0.071325302124023,2026-10-07
SE.gg_interest_gdp.IMF_WEO,SE,gg_interest_gdp,1842-12-31,0.081279620528221,2026-10-07
SE.gg_interest_gdp.IMF_WEO,SE,gg_interest_gdp,1843-12-31,0.083726413547993,2026-10-07
SE.gg_interest_gdp.IMF_WEO,SE,gg_interest_gdp,1844-12-31,0.082464456558228,2026-10-07
SE.gg_interest_gdp.IMF_WEO,SE,gg_interest_gdp,1845-12-31,0.080614656209946,2026-10-07
SE.gg_interest_gdp.IMF_WEO,SE,gg_interest_gdp,1846-12-31,0.07417943328619,2026-10-07
SE.gg_interest_gdp.IMF_WEO,SE,gg_interest_gdp,1847-12-31,0.070859536528587,2026-10-07
SE.gg_interest_gdp.IMF_WEO,SE,gg_interest_gdp,1848-12-31,0.073824129998684,2026-10-07
SE.gg_interest_gdp.IMF_WEO,SE,gg_interest_gdp,1849-12-31,0.078850105404854,2026-10-07
SE.gg_interest_gdp.IMF_WEO,SE,gg_interest_gdp,1850-12-31,0.070717133581638,2026-10-07
SE.gg_interest_gdp.IMF_WEO,SE,gg_interest_gdp,1851-12-31,0.059999998658895,2026-10-07
SE.gg_interest_gdp.IMF_WEO,SE,gg_interest_gdp,1852-12-31,0.058237548917532,2026-10-07
SE.gg_interest_gdp.IMF_WEO,SE,gg_interest_gdp,1853-12-31,0.054181817919016,2026-10-07
SE.gg_interest_gdp.IMF_WEO,SE,gg_interest_gdp,1854-12-31,0.051929261535406,2026-10-07
SE.gg_interest_gdp.IMF_WEO,SE,gg_interest_gdp,1855-12-31,0.045827440917492,2026-10-07
SE.gg_interest_gdp.IMF_WEO,SE,gg_interest_gdp,1856-12-31,0.039900250732899,2026-10-07
SE.gg_interest_gdp.IMF_WEO,SE,gg_interest_gdp,1857-12-31,0.033884298056364,2026-10-07
SE.gg_interest_gdp.IMF_WEO,SE,gg_interest_gdp,1858-12-31,0.03501945361495,2026-10-07
SE.gg_interest_gdp.IMF_WEO,SE,gg_interest_gdp,1859-12-31,0.06394736468792,2026-10-07
SE.gg_interest_gdp.IMF_WEO,SE,gg_interest_gdp,1860-12-31,0.20163111388683,2026-10-07
SE.gg_interest_gdp.IMF_WEO,SE,gg_interest_gdp,1861-12-31,0.27740383148193,2026-10-07
SE.gg_interest_gdp.IMF_WEO,SE,gg_interest_gdp,1862-12-31,0.26449275016785,2026-10-07
SE.gg_interest_gdp.IMF_WEO,SE,gg_interest_gdp,1863-12-31,0.27502891421318,2026-10-07
SE.gg_interest_gdp.IMF_WEO,SE,gg_interest_gdp,1864-12-31,0.31276100873947,2026-10-07
SE.gg_interest_gdp.IMF_WEO,SE,gg_interest_gdp,1865-12-31,0.40834298729897,2026-10-07
SE.gg_interest_gdp.IMF_WEO,SE,gg_interest_gdp,1866-12-31,0.46744731068611,2026-10-07
SE.gg_interest_gdp.IMF_WEO,SE,gg_interest_gdp,1867-12-31,0.5107986330986,2026-10-07
SE.gg_interest_gdp.IMF_WEO,SE,gg_interest_gdp,1868-12-31,0.61001163721085,2026-10-07
SE.gg_interest_gdp.IMF_WEO,SE,gg_interest_gdp,1869-12-31,0.58061671257019,2026-10-07
SE.gg_interest_gdp.IMF_WEO,SE,gg_interest_gdp,1870-12-31,0.56002074480057,2026-10-07
SE.gg_interest_gdp.IMF_WEO,SE,gg_interest_gdp,1871-12-31,0.55671936273575,2026-10-07
SE.gg_interest_gdp.IMF_WEO,SE,gg_interest_gdp,1872-12-31,0.50342464447021,2026-10-07
SE.gg_interest_gdp.IMF_WEO,SE,gg_interest_gdp,1873-12-31,0.41671687364578,2026-10-07
SE.gg_interest_gdp.IMF_WEO,SE,gg_interest_gdp,1874-12-31,0.39565217494965,2026-10-07
SE.gg_interest_gdp.IMF_WEO,SE,gg_interest_gdp,1875-12-31,0.43475127220154,2026-10-07
SE.gg_interest_gdp.IMF_WEO,SE,gg_interest_gdp,1876-12-31,0.48852235078812,2026-10-07
SE.gg_interest_gdp.IMF_WEO,SE,gg_interest_gdp,1877-12-31,0.56952852010727,2026-10-07
SE.gg_interest_gdp.IMF_WEO,SE,gg_interest_gdp,1878-12-31,0.68443757295609,2026-10-07
SE.gg_interest_gdp.IMF_WEO,SE,gg_interest_gdp,1879-12-31,0.76216214895248,2026-10-07
SE.gg_interest_gdp.IMF_WEO,SE,gg_interest_gdp,1880-12-31,0.74200457334518,2026-10-07
SE.gg_interest_gdp.IMF_WEO,SE,gg_interest_gdp,1881-12-31,0.6666179895401,2026-10-07
SE.gg_interest_gdp.IMF_WEO,SE,gg_interest_gdp,1882-12-31,0.69114851951599,2026-10-07
SE.gg_interest_gdp.IMF_WEO,SE,gg_interest_gdp,1883-12-31,0.64851903915405,2026-10-07
SE.gg_interest_gdp.IMF_WEO,SE,gg_interest_gdp,1884-12-31,0.68471014499664,2026-10-07
SE.gg_interest_gdp.IMF_WEO,SE,gg_interest_gdp,1885-12-31,0.69804346561432,2026-10-07
SE.gg_interest_gdp.IMF_WEO,SE,gg_interest_gdp,1886-12-31,0.77725154161453,2026-10-07
SE.gg_interest_gdp.IMF_WEO,SE,gg_interest_gdp,1887-12-31,0.77656501531601,2026-10-07
SE.gg_interest_gdp.IMF_WEO,SE,gg_interest_gdp,1888-12-31,0.74397867918015,2026-10-07
SE.gg_interest_gdp.IMF_WEO,SE,gg_interest_gdp,1889-12-31,0.72403711080551,2026-10-07
SE.gg_interest_gdp.IMF_WEO,SE,gg_interest_gdp,1890-12-31,0.76217901706696,2026-10-07
SE.gg_interest_gdp.IMF_WEO,SE,gg_interest_gdp,1891-12-31,0.64462757110596,2026-10-07
SE.gg_interest_gdp.IMF_WEO,SE,gg_interest_gdp,1892-12-31,0.64371371269226,2026-10-07
SE.gg_interest_gdp.IMF_WEO,SE,gg_interest_gdp,1893-12-31,0.67158645391464,2026-10-07
SE.gg_interest_gdp.IMF_WEO,SE,gg_interest_gdp,1894-12-31,0.68645834922791,2026-10-07
SE.gg_interest_gdp.IMF_WEO,SE,gg_interest_gdp,1895-12-31,0.64543211460114,2026-10-07
SE.gg_interest_gdp.IMF_WEO,SE,gg_interest_gdp,1896-12-31,0.60264086723328,2026-10-07
SE.gg_interest_gdp.IMF_WEO,SE,gg_interest_gdp,1897-12-31,0.54430651664734,2026-10-07
SE.gg_interest_gdp.IMF_WEO,SE,gg_interest_gdp,1898-12-31,0.49990031123161,2026-10-07
SE.gg_interest_gdp.IMF_WEO,SE,gg_interest_gdp,1899-12-31,0.48340266942978,2026-10-07
SE.gg_interest_gdp.IMF_WEO,SE,gg_interest_gdp,1900-12-31,0.49143758416176,2026-10-07
SE.gg_interest_gdp.IMF_WEO,SE,gg_interest_gdp,1901-12-31,0.56519335508347,2026-10-07
SE.gg_interest_gdp.IMF_WEO,SE,gg_interest_gdp,1902-12-31,0.56132596731186,2026-10-07
SE.gg_interest_gdp.IMF_WEO,SE,gg_interest_gdp,1903-12-31,0.52313333749771,2026-10-07
SE.gg_interest_gdp.IMF_WEO,SE,gg_interest_gdp,1904-12-31,0.51041489839554,2026-10-07
SE.gg_interest_gdp.IMF_WEO,SE,gg_interest_gdp,1905-12-31,0.55463194847107,2026-10-07
SE.gg_interest_gdp.IMF_WEO,SE,gg_interest_gdp,1906-12-31,0.48918721079826,2026-10-07
SE.gg_interest_gdp.IMF_WEO,SE,gg_interest_gdp,1907-12-31,0.49173361063004,2026-10-07
SE.gg_interest_gdp.IMF_WEO,SE,gg_interest_gdp,1908-12-31,0.57920891046524,2026-10-07
SE.gg_interest_gdp.IMF_WEO,SE,gg_interest_gdp,1909-12-31,0.63214284181595,2026-10-07
SE.gg_interest_gdp.IMF_WEO,SE,gg_interest_gdp,1910-12-31,0.61002516746521,2026-10-07
SE.gg_interest_gdp.IMF_WEO,SE,gg_interest_gdp,1911-12-31,0.58910435438156,2026-10-07
SE.gg_interest_gdp.IMF_WEO,SE,gg_interest_gdp,1912-12-31,0.6489189863205,2026-10-07
SE.gg_interest_gdp.IMF_WEO,SE,gg_interest_gdp,1913-12-31,0.60029095411301,2026-10-07
SE.gg_interest_gdp.IMF_WEO,SE,gg_interest_gdp,1914-12-31,0.67207396030426,2026-10-07
SE.gg_interest_gdp.IMF_WEO,SE,gg_interest_gdp,1915-12-31,0.70669108629227,2026-10-07
SE.gg_interest_gdp.IMF_WEO,SE,gg_interest_gdp,1916-12-31,0.65901309251785,2026-10-07
SE.gg_interest_gdp.IMF_WEO,SE,gg_interest_gdp,1917-12-31,0.68388700485229,2026-10-07
SE.gg_interest_gdp.IMF_WEO,SE,gg_interest_gdp,1918-12-31,0.69634187221527,2026-10-07
SE.gg_interest_gdp.IMF_WEO,SE,gg_interest_gdp,1919-12-31,0.55792140960693,2026-10-07
SE.gg_interest_gdp.IMF_WEO,SE,gg_interest_gdp,1920-12-31,0.52117586135864,2026-10-07
SE.gg_interest_gdp.IMF_WEO,SE,gg_interest_gdp,1921-12-31,0.71303576231003,2026-10-07
SE.gg_interest_gdp.IMF_WEO,SE,gg_interest_gdp,1922-12-31,0.92877715826035,2026-10-07
SE.gg_interest_gdp.IMF_WEO,SE,gg_interest_gdp,1923-12-31,0.46179124712944,2026-10-07
SE.gg_interest_gdp.IMF_WEO,SE,gg_interest_gdp,1924-12-31,1.0538501739502,2026-10-07
SE.gg_interest_gdp.IMF_WEO,SE,gg_interest_gdp,1925-12-31,0.97941958904266,2026-10-07
SE.gg_interest_gdp.IMF_WEO,SE,gg_interest_gdp,1926-12-31,1.0087345838547,2026-10-07
SE.gg_interest_gdp.IMF_WEO,SE,gg_interest_gdp,1927-12-31,1.0290298461914,2026-10-07
SE.gg_interest_gdp.IMF_WEO,SE,gg_interest_gdp,1928-12-31,1.0392456054688,2026-10-07
SE.gg_interest_gdp.IMF_WEO,SE,gg_interest_gdp,1929-12-31,0.98148649930954,2026-10-07
SE.gg_interest_gdp.IMF_WEO,SE,gg_interest_gdp,1930-12-31,0.97424948215485,2026-10-07
SE.gg_interest_gdp.IMF_WEO,SE,gg_interest_gdp,1931-12-31,1.0070730447769,2026-10-07
SE.gg_interest_gdp.IMF_WEO,SE,gg_interest_gdp,1932-12-31,1.0667979717255,2026-10-07
SE.gg_interest_gdp.IMF_WEO,SE,gg_interest_gdp,1933-12-31,1.1807523965836,2026-10-07
SE.gg_interest_gdp.IMF_WEO,SE,gg_interest_gdp,1934-12-31,1.1745445728302,2026-10-07
SE.gg_interest_gdp.IMF_WEO,SE,gg_interest_gdp,1935-12-31,1.07455265522,2026-10-07
SE.gg_interest_gdp.IMF_WEO,SE,gg_interest_gdp,1936-12-31,0.97559386491776,2026-10-07
SE.gg_interest_gdp.IMF_WEO,SE,gg_interest_gdp,1937-12-31,0.8662645816803,2026-10-07
SE.gg_interest_gdp.IMF_WEO,SE,gg_interest_gdp,1938-12-31,0.79801028966904,2026-10-07
SE.gg_interest_gdp.IMF_WEO,SE,gg_interest_gdp,1939-12-31,0.75909054279327,2026-10-07
SE.gg_interest_gdp.IMF_WEO,SE,gg_interest_gdp,1940-12-31,0.77427130937576,2026-10-07
SE.gg_interest_gdp.IMF_WEO,SE,gg_interest_gdp,1941-12-31,1.028294801712,2026-10-07
SE.gg_interest_gdp.IMF_WEO,SE,gg_interest_gdp,1942-12-31,1.1916854381561,2026-10-07
SE.gg_interest_gdp.IMF_WEO,SE,gg_interest_gdp,1943-12-31,1.3478806018829,2026-10-07
SE.gg_interest_gdp.IMF_WEO,SE,gg_interest_gdp,1944-12-31,1.515416264534,2026-10-07
SE.gg_interest_gdp.IMF_WEO,SE,gg_interest_gdp,1945-12-31,1.5966273546219,2026-10-07
SE.gg_interest_gdp.IMF_WEO,SE,gg_interest_gdp,1946-12-31,1.3196300268173,2026-10-07
SE.gg_interest_gdp.IMF_WEO,SE,gg_interest_gdp,1947-12-31,1.3416893482208,2026-10-07
SE.gg_interest_gdp.IMF_WEO,SE,gg_interest_gdp,1948-12-31,1.2224729061127,2026-10-07
SE.gg_interest_gdp.IMF_WEO,SE,gg_interest_gdp,1949-12-31,1.2151689529419,2026-10-07
SE.gg_interest_gdp.IMF_WEO,SE,gg_interest_gdp,1950-12-31,1.0841299295425,2026-10-07
SE.gg_interest_gdp.IMF_WEO,SE,gg_interest_gdp,1951-12-31,0.91597658395767,2026-10-07
SE.gg_interest_gdp.IMF_WEO,SE,gg_interest_gdp,1952-12-31,0.86820656061172,2026-10-07
SE.gg_interest_gdp.IMF_WEO,SE,gg_interest_gdp,1953-12-31,0.7392795085907,2026-10-07
SE.gg_interest_gdp.IMF_WEO,SE,gg_interest_gdp,1954-12-31,0.79394400119781,2026-10-07
SE.gg_interest_gdp.IMF_WEO,SE,gg_interest_gdp,1955-12-31,0.76593023538589,2026-10-07
SE.gg_interest_gdp.IMF_WEO,SE,gg_interest_gdp,1956-12-31,0.87312430143356,2026-10-07
SE.gg_interest_gdp.IMF_WEO,SE,gg_interest_gdp,1957-12-31,0.86000907421112,2026-10-07
SE.gg_interest_gdp.IMF_WEO,SE,gg_interest_gdp,1958-12-31,1.0295323133469,2026-10-07
SE.gg_interest_gdp.IMF_WEO,SE,gg_interest_gdp,1959-12-31,1.0328478813171,2026-10-07
SE.gg_interest_gdp.IMF_WEO,SE,gg_interest_gdp,1960-12-31,1.1720472574234,2026-10-07
SE.gg_interest_gdp.IMF_WEO,SE,gg_interest_gdp,1961-12-31,1.2588536739349,2026-10-07
SE.gg_interest_gdp.IMF_WEO,SE,gg_interest_gdp,1962-12-31,1.1651676893234,2026-10-07
SE.gg_interest_gdp.IMF_WEO,SE,gg_interest_gdp,1963-12-31,0.95723420381546,2026-10-07
SE.gg_interest_gdp.IMF_WEO,SE,gg_interest_gdp,1964-12-31,0.88146352767944,2026-10-07
SE.gg_interest_gdp.IMF_WEO,SE,gg_interest_gdp,1965-12-31,0.85489404201508,2026-10-07
SE.gg_interest_gdp.IMF_WEO,SE,gg_interest_gdp,1966-12-31,0.82623618841171,2026-10-07
SE.gg_interest_gdp.IMF_WEO,SE,gg_interest_gdp,1967-12-31,0.79456150531769,2026-10-07
SE.gg_interest_gdp.IMF_WEO,SE,gg_interest_gdp,1968-12-31,0.8698770403862,2026-10-07
SE.gg_interest_gdp.IMF_WEO,SE,gg_interest_gdp,1969-12-31,0.99338382482529,2026-10-07
SE.gg_interest_gdp.IMF_WEO,SE,gg_interest_gdp,1970-12-31,1.1606149673462,2026-10-07
SE.gg_interest_gdp.IMF_WEO,SE,gg_interest_gdp,1971-12-31,1.2818768024445,2026-10-07
SE.gg_interest_gdp.IMF_WEO,SE,gg_interest_gdp,1972-12-31,1.1510274410248,2026-10-07
SE.gg_interest_gdp.IMF_WEO,SE,gg_interest_gdp,1973-12-31,1.179612994194,2026-10-07
SE.gg_interest_gdp.IMF_WEO,SE,gg_interest_gdp,1974-12-31,1.1832015514374,2026-10-07
SE.gg_interest_gdp.IMF_WEO,SE,gg_interest_gdp,1975-12-31,1.415672659874,2026-10-07
SE.gg_interest_gdp.IMF_WEO,SE,gg_interest_gdp,1976-12-31,1.4056779146194,2026-10-07
SE.gg_interest_gdp.IMF_WEO,SE,gg_interest_gdp,1977-12-31,1.7175254821777,2026-10-07
SE.gg_interest_gdp.IMF_WEO,SE,gg_interest_gdp,1978-12-31,2.0110278129578,2026-10-07
SE.gg_interest_gdp.IMF_WEO,SE,gg_interest_gdp,1979-12-31,2.2655642032623,2026-10-07
SE.gg_interest_gdp.IMF_WEO,SE,gg_interest_gdp,1980-12-31,3.333025932312,2026-10-07
SE.gg_interest_gdp.IMF_WEO,SE,gg_interest_gdp,1981-12-31,5.0896434783936,2026-10-07
SE.gg_interest_gdp.IMF_WEO,SE,gg_interest_gdp,1982-12-31,5.4651803970337,2026-10-07
SE.gg_interest_gdp.IMF_WEO,SE,gg_interest_gdp,1983-12-31,8.4314126968384,2026-10-07
SE.gg_interest_gdp.IMF_WEO,SE,gg_interest_gdp,1984-12-31,9.4572467803955,2026-10-07
SE.gg_interest_gdp.IMF_WEO,SE,gg_interest_gdp,1985-12-31,10.879188537598,2026-10-07
SE.gg_interest_gdp.IMF_WEO,SE,gg_interest_gdp,1986-12-31,8.6852407455444,2026-10-07
SE.gg_interest_gdp.IMF_WEO,SE,gg_interest_gdp,1987-12-31,7.7577304840088,2026-10-07
SE.gg_interest_gdp.IMF_WEO,SE,gg_interest_gdp,1988-12-31,5.9852685928345,2026-10-07
SE.gg_interest_gdp.IMF_WEO,SE,gg_interest_gdp,1989-12-31,5.3945250511169,2026-10-07
SE.gg_interest_gdp.IMF_WEO,SE,gg_interest_gdp,1990-12-31,5.9656362533569,2026-10-07
SE.gg_interest_gdp.IMF_WEO,SE,gg_interest_gdp,1991-12-31,5.576427936554,2026-10-07
SE.gg_interest_gdp.IMF_WEO,SE,gg_interest_gdp,1992-12-31,5.5902714729309,2026-10-07
SE.gg_interest_gdp.IMF_WEO,SE,gg_interest_gdp,1993-12-31,4.3,2026-10-07
SE.gg_interest_gdp.IMF_WEO,SE,gg_interest_gdp,1994-12-31,4.7,2026-10-07
SE.gg_interest_gdp.IMF_WEO,SE,gg_interest_gdp,1995-12-31,5.1,2026-10-07
SE.gg_interest_gdp.IMF_WEO,SE,gg_interest_gdp,1996-12-31,5.2,2026-10-07
SE.gg_interest_gdp.IMF_WEO,SE,gg_interest_gdp,1997-12-31,5.0,2026-10-07
SE.gg_interest_gdp.IMF_WEO,SE,gg_interest_gdp,1998-12-31,4.3,2026-10-07
SE.gg_interest_gdp.IMF_WEO,SE,gg_interest_gdp,1999-12-31,3.9,2026-10-07
SE.gg_interest_gdp.IMF_WEO,SE,gg_interest_gdp,2000-12-31,3.3,2026-10-07
SE.gg_interest_gdp.IMF_WEO,SE,gg_interest_gdp,2001-12-31,2.7,2026-10-07
SE.gg_interest_gdp.IMF_WEO,SE,gg_interest_gdp,2002-12-31,2.9,2026-10-07
SE.gg_interest_gdp.IMF_WEO,SE,gg_interest_gdp,2003-12-31,2.1,2026-10-07
SE.gg_interest_gdp.IMF_WEO,SE,gg_interest_gdp,2004-12-31,1.9,2026-10-07
SE.gg_interest_gdp.IMF_WEO,SE,gg_interest_gdp,2005-12-31,1.8,2026-10-07
SE.gg_interest_gdp.IMF_WEO,SE,gg_interest_gdp,2006-12-31,1.8,2026-10-07
SE.gg_interest_gdp.IMF_WEO,SE,gg_interest_gdp,2007-12-31,1.7,2026-10-07
SE.gg_interest_gdp.IMF_WEO,SE,gg_interest_gdp,2008-12-31,1.6,2026-10-07
SE.gg_interest_gdp.IMF_WEO,SE,gg_interest_gdp,2009-12-31,1.3,2026-10-07
SE.gg_interest_gdp.IMF_WEO,SE,gg_interest_gdp,2010-12-31,1.1,2026-10-07
SE.gg_interest_gdp.IMF_WEO,SE,gg_interest_gdp,2011-12-31,1.2629773616349,2026-10-07
SE.gg_interest_gdp.IMF_WEO,SE,gg_interest_gdp,2012-12-31,1.0389864934709,2026-10-07
SE.gg_interest_gdp.IMF_WEO,SE,gg_interest_gdp,2013-12-31,0.90386903885859,2026-10-07
SE.gg_interest_gdp.IMF_WEO,SE,gg_interest_gdp,2014-12-31,0.72488448824901,2026-10-07
SE.gg_interest_gdp.IMF_WEO,SE,gg_interest_gdp,2015-12-31,0.62416448747984,2026-10-07
SE.gg_interest_gdp.IMF_WEO,SE,gg_interest_gdp,2016-12-31,0.53685564176479,2026-10-07
SE.gg_interest_gdp.IMF_WEO,SE,gg_interest_gdp,2017-12-31,0.4852556679462,2026-10-07
SE.gg_interest_gdp.IMF_WEO,SE,gg_interest_gdp,2018-12-31,0.50062402714869,2026-10-07
SE.gg_interest_gdp.IMF_WEO,SE,gg_interest_gdp,2019-12-31,0.43591584946136,2026-10-07
SE.gg_interest_gdp.IMF_WEO,SE,gg_interest_gdp,2020-12-31,0.32959261738071,2026-10-07
SE.gg_interest_gdp.IMF_WEO,SE,gg_interest_gdp,2021-12-31,0.28620684563362,2026-10-07
SE.gg_interest_gdp.IMF_WEO,SE,gg_interest_gdp,2022-12-31,0.5658984099312,2026-10-07
SE.gg_interest_gdp.IMF_WEO,SE,gg_interest_gdp,2023-12-31,0.75392463227963,2026-10-07
SE.gg_interest_gdp.IMF_WEO,SE,gg_interest_gdp,2024-12-31,0.66671876109691,2026-10-07
SE.gg_net_lending_gdp.IMF_WEO,SE,gg_net_lending_gdp,1980-12-31,-5.4,2026-10-07
SE.gg_net_lending_gdp.IMF_WEO,SE,gg_net_lending_gdp,1981-12-31,-4.3,2026-10-07
SE.gg_net_lending_gdp.IMF_WEO,SE,gg_net_lending_gdp,1982-12-31,-6.2,2026-10-07
SE.gg_net_lending_gdp.IMF_WEO,SE,gg_net_lending_gdp,1983-12-31,-4.7,2026-10-07
SE.gg_net_lending_gdp.IMF_WEO,SE,gg_net_lending_gdp,1984-12-31,-2.7,2026-10-07
SE.gg_net_lending_gdp.IMF_WEO,SE,gg_net_lending_gdp,1985-12-31,-3.3,2026-10-07
SE.gg_net_lending_gdp.IMF_WEO,SE,gg_net_lending_gdp,1986-12-31,0.0,2026-10-07
SE.gg_net_lending_gdp.IMF_WEO,SE,gg_net_lending_gdp,1987-12-31,3.6,2026-10-07
SE.gg_net_lending_gdp.IMF_WEO,SE,gg_net_lending_gdp,1988-12-31,3.6,2026-10-07
SE.gg_net_lending_gdp.IMF_WEO,SE,gg_net_lending_gdp,1989-12-31,3.6,2026-10-07
SE.gg_net_lending_gdp.IMF_WEO,SE,gg_net_lending_gdp,1990-12-31,3.7,2026-10-07
SE.gg_net_lending_gdp.IMF_WEO,SE,gg_net_lending_gdp,1991-12-31,0.3,2026-10-07
SE.gg_net_lending_gdp.IMF_WEO,SE,gg_net_lending_gdp,1992-12-31,-8.5,2026-10-07
SE.gg_net_lending_gdp.IMF_WEO,SE,gg_net_lending_gdp,1993-12-31,-10.9,2026-10-07
SE.gg_net_lending_gdp.IMF_WEO,SE,gg_net_lending_gdp,1994-12-31,-8.8,2026-10-07
SE.gg_net_lending_gdp.IMF_WEO,SE,gg_net_lending_gdp,1995-12-31,-7.0,2026-10-07
SE.gg_net_lending_gdp.IMF_WEO,SE,gg_net_lending_gdp,1996-12-31,-3.1,2026-10-07
SE.gg_net_lending_gdp.IMF_WEO,SE,gg_net_lending_gdp,1997-12-31,-1.6,2026-10-07
SE.gg_net_lending_gdp.IMF_WEO,SE,gg_net_lending_gdp,1998-12-31,0.8,2026-10-07
SE.gg_net_lending_gdp.IMF_WEO,SE,gg_net_lending_gdp,1999-12-31,0.6,2026-10-07
SE.gg_net_lending_gdp.IMF_WEO,SE,gg_net_lending_gdp,2000-12-31,3.1,2026-10-07
SE.gg_net_lending_gdp.IMF_WEO,SE,gg_net_lending_gdp,2001-12-31,1.4,2026-10-07
SE.gg_net_lending_gdp.IMF_WEO,SE,gg_net_lending_gdp,2002-12-31,-1.5,2026-10-07
SE.gg_net_lending_gdp.IMF_WEO,SE,gg_net_lending_gdp,2003-12-31,-1.2,2026-10-07
SE.gg_net_lending_gdp.IMF_WEO,SE,gg_net_lending_gdp,2004-12-31,0.2,2026-10-07
SE.gg_net_lending_gdp.IMF_WEO,SE,gg_net_lending_gdp,2005-12-31,2.1,2026-10-07
SE.gg_net_lending_gdp.IMF_WEO,SE,gg_net_lending_gdp,2006-12-31,2.2,2026-10-07
SE.gg_net_lending_gdp.IMF_WEO,SE,gg_net_lending_gdp,2007-12-31,3.4,2026-10-07
SE.gg_net_lending_gdp.IMF_WEO,SE,gg_net_lending_gdp,2008-12-31,1.9,2026-10-07
SE.gg_net_lending_gdp.IMF_WEO,SE,gg_net_lending_gdp,2009-12-31,-0.9,2026-10-07
SE.gg_net_lending_gdp.IMF_WEO,SE,gg_net_lending_gdp,2010-12-31,-0.1,2026-10-07
SE.gg_net_lending_gdp.IMF_WEO,SE,gg_net_lending_gdp,2011-12-31,-0.4,2026-10-07
SE.gg_net_lending_gdp.IMF_WEO,SE,gg_net_lending_gdp,2012-12-31,-1.2,2026-10-07
SE.gg_net_lending_gdp.IMF_WEO,SE,gg_net_lending_gdp,2013-12-31,-1.6,2026-10-07
SE.gg_net_lending_gdp.IMF_WEO,SE,gg_net_lending_gdp,2014-12-31,-1.8,2026-10-07
SE.gg_net_lending_gdp.IMF_WEO,SE,gg_net_lending_gdp,2015-12-31,-0.3,2026-10-07
SE.gg_net_lending_gdp.IMF_WEO,SE,gg_net_lending_gdp,2016-12-31,0.9,2026-10-07
SE.gg_net_lending_gdp.IMF_WEO,SE,gg_net_lending_gdp,2017-12-31,1.3,2026-10-07
SE.gg_net_lending_gdp.IMF_WEO,SE,gg_net_lending_gdp,2018-12-31,0.7,2026-10-07
SE.gg_net_lending_gdp.IMF_WEO,SE,gg_net_lending_gdp,2019-12-31,0.4,2026-10-07
SE.gg_net_lending_gdp.IMF_WEO,SE,gg_net_lending_gdp,2020-12-31,-3.2,2026-10-07
SE.gg_net_lending_gdp.IMF_WEO,SE,gg_net_lending_gdp,2021-12-31,-0.1,2026-10-07
SE.gg_net_lending_gdp.IMF_WEO,SE,gg_net_lending_gdp,2022-12-31,1.0,2026-10-07
SE.gg_net_lending_gdp.IMF_WEO,SE,gg_net_lending_gdp,2023-12-31,-0.6,2026-10-07
SE.gg_net_lending_gdp.IMF_WEO,SE,gg_net_lending_gdp,2024-12-31,-1.5,2026-10-07
SE.gg_net_lending_gdp.IMF_WEO,SE,gg_net_lending_gdp,2025-12-31,-1.4,2026-10-07
SE.gg_revenue_gdp.IMF_WEO,SE,gg_revenue_gdp,1800-12-31,5.9023623466492,2026-10-07
SE.gg_revenue_gdp.IMF_WEO,SE,gg_revenue_gdp,1801-12-31,5.4585938453674,2026-10-07
SE.gg_revenue_gdp.IMF_WEO,SE,gg_revenue_gdp,1802-12-31,7.4575757980347,2026-10-07
SE.gg_revenue_gdp.IMF_WEO,SE,gg_revenue_gdp,1803-12-31,18.73984336853,2026-10-07
SE.gg_revenue_gdp.IMF_WEO,SE,gg_revenue_gdp,1804-12-31,7.8968253135681,2026-10-07
SE.gg_revenue_gdp.IMF_WEO,SE,gg_revenue_gdp,1805-12-31,8.1750001907349,2026-10-07
SE.gg_revenue_gdp.IMF_WEO,SE,gg_revenue_gdp,1806-12-31,7.6048951148987,2026-10-07
SE.gg_revenue_gdp.IMF_WEO,SE,gg_revenue_gdp,1807-12-31,6.8745098114014,2026-10-07
SE.gg_revenue_gdp.IMF_WEO,SE,gg_revenue_gdp,1808-12-31,10.601775169373,2026-10-07
SE.gg_revenue_gdp.IMF_WEO,SE,gg_revenue_gdp,1809-12-31,4.919780254364,2026-10-07
SE.gg_revenue_gdp.IMF_WEO,SE,gg_revenue_gdp,1810-12-31,6.5676922798157,2026-10-07
SE.gg_revenue_gdp.IMF_WEO,SE,gg_revenue_gdp,1811-12-31,6.5246510505676,2026-10-07
SE.gg_revenue_gdp.IMF_WEO,SE,gg_revenue_gdp,1812-12-31,8.4826774597168,2026-10-07
SE.gg_revenue_gdp.IMF_WEO,SE,gg_revenue_gdp,1813-12-31,12.645420074463,2026-10-07
SE.gg_revenue_gdp.IMF_WEO,SE,gg_revenue_gdp,1814-12-31,11.931984901428,2026-10-07
SE.gg_revenue_gdp.IMF_WEO,SE,gg_revenue_gdp,1815-12-31,7.5413670539856,2026-10-07
SE.gg_revenue_gdp.IMF_WEO,SE,gg_revenue_gdp,1816-12-31,5.8563380241394,2026-10-07
SE.gg_revenue_gdp.IMF_WEO,SE,gg_revenue_gdp,1817-12-31,5.6155171394348,2026-10-07
SE.gg_revenue_gdp.IMF_WEO,SE,gg_revenue_gdp,1818-12-31,6.0404109954834,2026-10-07
SE.gg_revenue_gdp.IMF_WEO,SE,gg_revenue_gdp,1819-12-31,5.9717607498169,2026-10-07
SE.gg_revenue_gdp.IMF_WEO,SE,gg_revenue_gdp,1820-12-31,5.6158413887024,2026-10-07
SE.gg_revenue_gdp.IMF_WEO,SE,gg_revenue_gdp,1821-12-31,5.8311190605164,2026-10-07
SE.gg_revenue_gdp.IMF_WEO,SE,gg_revenue_gdp,1822-12-31,6.0327401161194,2026-10-07
SE.gg_revenue_gdp.IMF_WEO,SE,gg_revenue_gdp,1823-12-31,5.8944635391235,2026-10-07
SE.gg_revenue_gdp.IMF_WEO,SE,gg_revenue_gdp,1824-12-31,5.9072413444519,2026-10-07
SE.gg_revenue_gdp.IMF_WEO,SE,gg_revenue_gdp,1825-12-31,5.8131580352783,2026-10-07
SE.gg_revenue_gdp.IMF_WEO,SE,gg_revenue_gdp,1826-12-31,6.3688888549805,2026-10-07
SE.gg_revenue_gdp.IMF_WEO,SE,gg_revenue_gdp,1827-12-31,5.6831831932068,2026-10-07
SE.gg_revenue_gdp.IMF_WEO,SE,gg_revenue_gdp,1828-12-31,5.6671924591064,2026-10-07
SE.gg_revenue_gdp.IMF_WEO,SE,gg_revenue_gdp,1829-12-31,6.7749214172363,2026-10-07
SE.gg_revenue_gdp.IMF_WEO,SE,gg_revenue_gdp,1830-12-31,6.3893618583679,2026-10-07
SE.gg_revenue_gdp.IMF_WEO,SE,gg_revenue_gdp,1831-12-31,6.2781610488892,2026-10-07
SE.gg_revenue_gdp.IMF_WEO,SE,gg_revenue_gdp,1832-12-31,5.9674096107483,2026-10-07
SE.gg_revenue_gdp.IMF_WEO,SE,gg_revenue_gdp,1833-12-31,5.9903683662415,2026-10-07
SE.gg_revenue_gdp.IMF_WEO,SE,gg_revenue_gdp,1834-12-31,5.8797750473022,2026-10-07
SE.gg_revenue_gdp.IMF_WEO,SE,gg_revenue_gdp,1835-12-31,5.8120641708374,2026-10-07
SE.gg_revenue_gdp.IMF_WEO,SE,gg_revenue_gdp,1836-12-31,6.0204725265503,2026-10-07
SE.gg_revenue_gdp.IMF_WEO,SE,gg_revenue_gdp,1837-12-31,6.2899742126465,2026-10-07
SE.gg_revenue_gdp.IMF_WEO,SE,gg_revenue_gdp,1838-12-31,6.3885202407837,2026-10-07
SE.gg_revenue_gdp.IMF_WEO,SE,gg_revenue_gdp,1839-12-31,5.7605261802673,2026-10-07
SE.gg_revenue_gdp.IMF_WEO,SE,gg_revenue_gdp,1840-12-31,5.709002494812,2026-10-07
SE.gg_revenue_gdp.IMF_WEO,SE,gg_revenue_gdp,1841-12-31,5.8019275665283,2026-10-07
SE.gg_revenue_gdp.IMF_WEO,SE,gg_revenue_gdp,1842-12-31,5.5305685997009,2026-10-07
SE.gg_revenue_gdp.IMF_WEO,SE,gg_revenue_gdp,1843-12-31,5.3721699714661,2026-10-07
SE.gg_revenue_gdp.IMF_WEO,SE,gg_revenue_gdp,1844-12-31,4.9580569267273,2026-10-07
SE.gg_revenue_gdp.IMF_WEO,SE,gg_revenue_gdp,1845-12-31,5.4822692871094,2026-10-07
SE.gg_revenue_gdp.IMF_WEO,SE,gg_revenue_gdp,1846-12-31,5.5037198066711,2026-10-07
SE.gg_revenue_gdp.IMF_WEO,SE,gg_revenue_gdp,1847-12-31,5.2264151573181,2026-10-07
SE.gg_revenue_gdp.IMF_WEO,SE,gg_revenue_gdp,1848-12-31,5.2282209396362,2026-10-07
SE.gg_revenue_gdp.IMF_WEO,SE,gg_revenue_gdp,1849-12-31,5.4618067741394,2026-10-07
SE.gg_revenue_gdp.IMF_WEO,SE,gg_revenue_gdp,1850-12-31,5.0954184532166,2026-10-07
SE.gg_revenue_gdp.IMF_WEO,SE,gg_revenue_gdp,1851-12-31,5.3904852867126,2026-10-07
SE.gg_revenue_gdp.IMF_WEO,SE,gg_revenue_gdp,1852-12-31,5.1762452125549,2026-10-07
SE.gg_revenue_gdp.IMF_WEO,SE,gg_revenue_gdp,1853-12-31,5.1259999275208,2026-10-07
SE.gg_revenue_gdp.IMF_WEO,SE,gg_revenue_gdp,1854-12-31,4.8680062294006,2026-10-07
SE.gg_revenue_gdp.IMF_WEO,SE,gg_revenue_gdp,1855-12-31,4.7538895606995,2026-10-07
SE.gg_revenue_gdp.IMF_WEO,SE,gg_revenue_gdp,1856-12-31,4.8052368164062,2026-10-07
SE.gg_revenue_gdp.IMF_WEO,SE,gg_revenue_gdp,1857-12-31,4.3308148384094,2026-10-07
SE.gg_revenue_gdp.IMF_WEO,SE,gg_revenue_gdp,1858-12-31,4.2835278511047,2026-10-07
SE.gg_revenue_gdp.IMF_WEO,SE,gg_revenue_gdp,1859-12-31,4.4131579399109,2026-10-07
SE.gg_revenue_gdp.IMF_WEO,SE,gg_revenue_gdp,1860-12-31,4.4889583587646,2026-10-07
SE.gg_revenue_gdp.IMF_WEO,SE,gg_revenue_gdp,1861-12-31,4.8092546463013,2026-10-07
SE.gg_revenue_gdp.IMF_WEO,SE,gg_revenue_gdp,1862-12-31,4.7868356704712,2026-10-07
SE.gg_revenue_gdp.IMF_WEO,SE,gg_revenue_gdp,1863-12-31,5.0339884757996,2026-10-07
SE.gg_revenue_gdp.IMF_WEO,SE,gg_revenue_gdp,1864-12-31,5.1445474624634,2026-10-07
SE.gg_revenue_gdp.IMF_WEO,SE,gg_revenue_gdp,1865-12-31,5.2907299995422,2026-10-07
SE.gg_revenue_gdp.IMF_WEO,SE,gg_revenue_gdp,1866-12-31,4.9791569709778,2026-10-07
SE.gg_revenue_gdp.IMF_WEO,SE,gg_revenue_gdp,1867-12-31,4.7286839485168,2026-10-07
SE.gg_revenue_gdp.IMF_WEO,SE,gg_revenue_gdp,1868-12-31,4.7100114822388,2026-10-07
SE.gg_revenue_gdp.IMF_WEO,SE,gg_revenue_gdp,1869-12-31,4.533700466156,2026-10-07
SE.gg_revenue_gdp.IMF_WEO,SE,gg_revenue_gdp,1870-12-31,5.5367603302002,2026-10-07
SE.gg_revenue_gdp.IMF_WEO,SE,gg_revenue_gdp,1871-12-31,5.9467391967773,2026-10-07
SE.gg_revenue_gdp.IMF_WEO,SE,gg_revenue_gdp,1872-12-31,5.4732875823975,2026-10-07
SE.gg_revenue_gdp.IMF_WEO,SE,gg_revenue_gdp,1873-12-31,5.4451808929443,2026-10-07
SE.gg_revenue_gdp.IMF_WEO,SE,gg_revenue_gdp,1874-12-31,5.7007012367249,2026-10-07
SE.gg_revenue_gdp.IMF_WEO,SE,gg_revenue_gdp,1875-12-31,5.7814707756042,2026-10-07
SE.gg_revenue_gdp.IMF_WEO,SE,gg_revenue_gdp,1876-12-31,5.8406872749329,2026-10-07
SE.gg_revenue_gdp.IMF_WEO,SE,gg_revenue_gdp,1877-12-31,5.8818435668945,2026-10-07
SE.gg_revenue_gdp.IMF_WEO,SE,gg_revenue_gdp,1878-12-31,6.2190294265747,2026-10-07
SE.gg_revenue_gdp.IMF_WEO,SE,gg_revenue_gdp,1879-12-31,5.7676472663879,2026-10-07
SE.gg_revenue_gdp.IMF_WEO,SE,gg_revenue_gdp,1880-12-31,6.2988524436951,2026-10-07
SE.gg_revenue_gdp.IMF_WEO,SE,gg_revenue_gdp,1881-12-31,6.4567565917969,2026-10-07
SE.gg_revenue_gdp.IMF_WEO,SE,gg_revenue_gdp,1882-12-31,6.3718361854553,2026-10-07
SE.gg_revenue_gdp.IMF_WEO,SE,gg_revenue_gdp,1883-12-31,6.293653011322,2026-10-07
SE.gg_revenue_gdp.IMF_WEO,SE,gg_revenue_gdp,1884-12-31,6.519275188446,2026-10-07
SE.gg_revenue_gdp.IMF_WEO,SE,gg_revenue_gdp,1885-12-31,6.5176811218262,2026-10-07
SE.gg_revenue_gdp.IMF_WEO,SE,gg_revenue_gdp,1886-12-31,6.6583852767944,2026-10-07
SE.gg_revenue_gdp.IMF_WEO,SE,gg_revenue_gdp,1887-12-31,6.5099520683289,2026-10-07
SE.gg_revenue_gdp.IMF_WEO,SE,gg_revenue_gdp,1888-12-31,7.1730947494507,2026-10-07
SE.gg_revenue_gdp.IMF_WEO,SE,gg_revenue_gdp,1889-12-31,7.0588445663452,2026-10-07
SE.gg_revenue_gdp.IMF_WEO,SE,gg_revenue_gdp,1890-12-31,7.1787648200989,2026-10-07
SE.gg_revenue_gdp.IMF_WEO,SE,gg_revenue_gdp,1891-12-31,6.5469346046448,2026-10-07
SE.gg_revenue_gdp.IMF_WEO,SE,gg_revenue_gdp,1892-12-31,6.2762088775635,2026-10-07
SE.gg_revenue_gdp.IMF_WEO,SE,gg_revenue_gdp,1893-12-31,6.5829000473022,2026-10-07
SE.gg_revenue_gdp.IMF_WEO,SE,gg_revenue_gdp,1894-12-31,7.5597658157349,2026-10-07
SE.gg_revenue_gdp.IMF_WEO,SE,gg_revenue_gdp,1895-12-31,7.5062346458435,2026-10-07
SE.gg_revenue_gdp.IMF_WEO,SE,gg_revenue_gdp,1896-12-31,7.2840375900269,2026-10-07
SE.gg_revenue_gdp.IMF_WEO,SE,gg_revenue_gdp,1897-12-31,7.5094981193542,2026-10-07
SE.gg_revenue_gdp.IMF_WEO,SE,gg_revenue_gdp,1898-12-31,7.2693419456482,2026-10-07
SE.gg_revenue_gdp.IMF_WEO,SE,gg_revenue_gdp,1899-12-31,7.1898288726807,2026-10-07
SE.gg_revenue_gdp.IMF_WEO,SE,gg_revenue_gdp,1900-12-31,6.9111762046814,2026-10-07
SE.gg_revenue_gdp.IMF_WEO,SE,gg_revenue_gdp,1901-12-31,6.6130757331848,2026-10-07
SE.gg_revenue_gdp.IMF_WEO,SE,gg_revenue_gdp,1902-12-31,6.878360748291,2026-10-07
SE.gg_revenue_gdp.IMF_WEO,SE,gg_revenue_gdp,1903-12-31,8.023003578186,2026-10-07
SE.gg_revenue_gdp.IMF_WEO,SE,gg_revenue_gdp,1904-12-31,8.0131244659424,2026-10-07
SE.gg_revenue_gdp.IMF_WEO,SE,gg_revenue_gdp,1905-12-31,8.2139368057251,2026-10-07
SE.gg_revenue_gdp.IMF_WEO,SE,gg_revenue_gdp,1906-12-31,7.1209635734558,2026-10-07
SE.gg_revenue_gdp.IMF_WEO,SE,gg_revenue_gdp,1907-12-31,7.1654953956604,2026-10-07
SE.gg_revenue_gdp.IMF_WEO,SE,gg_revenue_gdp,1908-12-31,6.8457064628601,2026-10-07
SE.gg_revenue_gdp.IMF_WEO,SE,gg_revenue_gdp,1909-12-31,7.3212585449219,2026-10-07
SE.gg_revenue_gdp.IMF_WEO,SE,gg_revenue_gdp,1910-12-31,7.6783156394958,2026-10-07
SE.gg_revenue_gdp.IMF_WEO,SE,gg_revenue_gdp,1911-12-31,7.4491844177246,2026-10-07
SE.gg_revenue_gdp.IMF_WEO,SE,gg_revenue_gdp,1912-12-31,6.6204671859741,2026-10-07
SE.gg_revenue_gdp.IMF_WEO,SE,gg_revenue_gdp,1913-12-31,6.5115575790405,2026-10-07
SE.gg_revenue_gdp.IMF_WEO,SE,gg_revenue_gdp,1914-12-31,6.3934478759766,2026-10-07
SE.gg_revenue_gdp.IMF_WEO,SE,gg_revenue_gdp,1915-12-31,8.3749313354492,2026-10-07
SE.gg_revenue_gdp.IMF_WEO,SE,gg_revenue_gdp,1916-12-31,7.5620355606079,2026-10-07
SE.gg_revenue_gdp.IMF_WEO,SE,gg_revenue_gdp,1917-12-31,9.7194509506226,2026-10-07
SE.gg_revenue_gdp.IMF_WEO,SE,gg_revenue_gdp,1918-12-31,9.5896940231323,2026-10-07
SE.gg_revenue_gdp.IMF_WEO,SE,gg_revenue_gdp,1919-12-31,8.0859022140503,2026-10-07
SE.gg_revenue_gdp.IMF_WEO,SE,gg_revenue_gdp,1920-12-31,7.0296750068665,2026-10-07
SE.gg_revenue_gdp.IMF_WEO,SE,gg_revenue_gdp,1921-12-31,8.4295139312744,2026-10-07
SE.gg_revenue_gdp.IMF_WEO,SE,gg_revenue_gdp,1922-12-31,8.3848781585693,2026-10-07
SE.gg_revenue_gdp.IMF_WEO,SE,gg_revenue_gdp,1923-12-31,3.6702356338501,2026-10-07
SE.gg_revenue_gdp.IMF_WEO,SE,gg_revenue_gdp,1924-12-31,8.5868120193481,2026-10-07
SE.gg_revenue_gdp.IMF_WEO,SE,gg_revenue_gdp,1925-12-31,8.042706489563,2026-10-07
SE.gg_revenue_gdp.IMF_WEO,SE,gg_revenue_gdp,1926-12-31,8.1332216262817,2026-10-07
SE.gg_revenue_gdp.IMF_WEO,SE,gg_revenue_gdp,1927-12-31,8.3058261871338,2026-10-07
SE.gg_revenue_gdp.IMF_WEO,SE,gg_revenue_gdp,1928-12-31,8.4427194595337,2026-10-07
SE.gg_revenue_gdp.IMF_WEO,SE,gg_revenue_gdp,1929-12-31,8.2983913421631,2026-10-07
SE.gg_revenue_gdp.IMF_WEO,SE,gg_revenue_gdp,1930-12-31,8.819146156311,2026-10-07
SE.gg_revenue_gdp.IMF_WEO,SE,gg_revenue_gdp,1931-12-31,9.5632057189941,2026-10-07
SE.gg_revenue_gdp.IMF_WEO,SE,gg_revenue_gdp,1932-12-31,9.668924331665,2026-10-07
SE.gg_revenue_gdp.IMF_WEO,SE,gg_revenue_gdp,1933-12-31,9.5458126068115,2026-10-07
SE.gg_revenue_gdp.IMF_WEO,SE,gg_revenue_gdp,1934-12-31,9.2565765380859,2026-10-07
SE.gg_revenue_gdp.IMF_WEO,SE,gg_revenue_gdp,1935-12-31,9.9115924835205,2026-10-07
SE.gg_revenue_gdp.IMF_WEO,SE,gg_revenue_gdp,1936-12-31,10.27943611145,2026-10-07
SE.gg_revenue_gdp.IMF_WEO,SE,gg_revenue_gdp,1937-12-31,10.833980560303,2026-10-07
SE.gg_revenue_gdp.IMF_WEO,SE,gg_revenue_gdp,1938-12-31,11.710165977478,2026-10-07
SE.gg_revenue_gdp.IMF_WEO,SE,gg_revenue_gdp,1939-12-31,12.00837802887,2026-10-07
SE.gg_revenue_gdp.IMF_WEO,SE,gg_revenue_gdp,1940-12-31,14.568528175354,2026-10-07
SE.gg_revenue_gdp.IMF_WEO,SE,gg_revenue_gdp,1941-12-31,14.392148971558,2026-10-07
SE.gg_revenue_gdp.IMF_WEO,SE,gg_revenue_gdp,1942-12-31,14.593172073364,2026-10-07
SE.gg_revenue_gdp.IMF_WEO,SE,gg_revenue_gdp,1943-12-31,16.07576751709,2026-10-07
SE.gg_revenue_gdp.IMF_WEO,SE,gg_revenue_gdp,1944-12-31,17.748397827148,2026-10-07
SE.gg_revenue_gdp.IMF_WEO,SE,gg_revenue_gdp,1945-12-31,18.001977920532,2026-10-07
SE.gg_revenue_gdp.IMF_WEO,SE,gg_revenue_gdp,1946-12-31,17.130456924438,2026-10-07
SE.gg_revenue_gdp.IMF_WEO,SE,gg_revenue_gdp,1947-12-31,15.563192367554,2026-10-07
SE.gg_revenue_gdp.IMF_WEO,SE,gg_revenue_gdp,1948-12-31,17.475086212158,2026-10-07
SE.gg_revenue_gdp.IMF_WEO,SE,gg_revenue_gdp,1949-12-31,18.744398117065,2026-10-07
SE.gg_revenue_gdp.IMF_WEO,SE,gg_revenue_gdp,1950-12-31,16.640663146973,2026-10-07
SE.gg_revenue_gdp.IMF_WEO,SE,gg_revenue_gdp,1951-12-31,16.130689620972,2026-10-07
SE.gg_revenue_gdp.IMF_WEO,SE,gg_revenue_gdp,1952-12-31,19.013813018799,2026-10-07
SE.gg_revenue_gdp.IMF_WEO,SE,gg_revenue_gdp,1953-12-31,19.385662078857,2026-10-07
SE.gg_revenue_gdp.IMF_WEO,SE,gg_revenue_gdp,1954-12-31,19.979148864746,2026-10-07
SE.gg_revenue_gdp.IMF_WEO,SE,gg_revenue_gdp,1955-12-31,19.483381271362,2026-10-07
SE.gg_revenue_gdp.IMF_WEO,SE,gg_revenue_gdp,1956-12-31,20.345788955688,2026-10-07
SE.gg_revenue_gdp.IMF_WEO,SE,gg_revenue_gdp,1957-12-31,20.152317047119,2026-10-07
SE.gg_revenue_gdp.IMF_WEO,SE,gg_revenue_gdp,1958-12-31,21.730699539185,2026-10-07
SE.gg_revenue_gdp.IMF_WEO,SE,gg_revenue_gdp,1959-12-31,21.748853683472,2026-10-07
SE.gg_revenue_gdp.IMF_WEO,SE,gg_revenue_gdp,1960-12-31,21.759651184082,2026-10-07
SE.gg_revenue_gdp.IMF_WEO,SE,gg_revenue_gdp,1961-12-31,24.25789642334,2026-10-07
SE.gg_revenue_gdp.IMF_WEO,SE,gg_revenue_gdp,1962-12-31,24.07751083374,2026-10-07
SE.gg_revenue_gdp.IMF_WEO,SE,gg_revenue_gdp,1963-12-31,24.762956619263,2026-10-07
SE.gg_revenue_gdp.IMF_WEO,SE,gg_revenue_gdp,1964-12-31,23.287084579468,2026-10-07
SE.gg_revenue_gdp.IMF_WEO,SE,gg_revenue_gdp,1965-12-31,24.423994064331,2026-10-07
SE.gg_revenue_gdp.IMF_WEO,SE,gg_revenue_gdp,1966-12-31,26.147468566895,2026-10-07
SE.gg_revenue_gdp.IMF_WEO,SE,gg_revenue_gdp,1967-12-31,26.323905944824,2026-10-07
SE.gg_revenue_gdp.IMF_WEO,SE,gg_revenue_gdp,1968-12-31,25.972026824951,2026-10-07
SE.gg_revenue_gdp.IMF_WEO,SE,gg_revenue_gdp,1969-12-31,26.685333251953,2026-10-07
SE.gg_revenue_gdp.IMF_WEO,SE,gg_revenue_gdp,1970-12-31,26.87671661377,2026-10-07
SE.gg_revenue_gdp.IMF_WEO,SE,gg_revenue_gdp,1971-12-31,28.164558410645,2026-10-07
SE.gg_revenue_gdp.IMF_WEO,SE,gg_revenue_gdp,1972-12-31,29.771467208862,2026-10-07
SE.gg_revenue_gdp.IMF_WEO,SE,gg_revenue_gdp,1973-12-31,27.787199020386,2026-10-07
SE.gg_revenue_gdp.IMF_WEO,SE,gg_revenue_gdp,1974-12-31,25.947195053101,2026-10-07
SE.gg_revenue_gdp.IMF_WEO,SE,gg_revenue_gdp,1975-12-31,26.51443862915,2026-10-07
SE.gg_revenue_gdp.IMF_WEO,SE,gg_revenue_gdp,1976-12-31,31.073719024658,2026-10-07
SE.gg_revenue_gdp.IMF_WEO,SE,gg_revenue_gdp,1977-12-31,32.33634185791,2026-10-07
SE.gg_revenue_gdp.IMF_WEO,SE,gg_revenue_gdp,1978-12-31,31.778923034668,2026-10-07
SE.gg_revenue_gdp.IMF_WEO,SE,gg_revenue_gdp,1979-12-31,29.923709869385,2026-10-07
SE.gg_revenue_gdp.IMF_WEO,SE,gg_revenue_gdp,1980-12-31,29.540718078613,2026-10-07
SE.gg_revenue_gdp.IMF_WEO,SE,gg_revenue_gdp,1981-12-31,33.257049560547,2026-10-07
SE.gg_revenue_gdp.IMF_WEO,SE,gg_revenue_gdp,1982-12-31,32.946063995361,2026-10-07
SE.gg_revenue_gdp.IMF_WEO,SE,gg_revenue_gdp,1983-12-31,33.462589263916,2026-10-07
SE.gg_revenue_gdp.IMF_WEO,SE,gg_revenue_gdp,1984-12-31,34.637153625488,2026-10-07
SE.gg_revenue_gdp.IMF_WEO,SE,gg_revenue_gdp,1985-12-31,37.683246612549,2026-10-07
SE.gg_revenue_gdp.IMF_WEO,SE,gg_revenue_gdp,1986-12-31,35.924579620361,2026-10-07
SE.gg_revenue_gdp.IMF_WEO,SE,gg_revenue_gdp,1987-12-31,38.915679931641,2026-10-07
SE.gg_revenue_gdp.IMF_WEO,SE,gg_revenue_gdp,1988-12-31,37.266357421875,2026-10-07
SE.gg_revenue_gdp.IMF_WEO,SE,gg_revenue_gdp,1989-12-31,37.300632476807,2026-10-07
SE.gg_revenue_gdp.IMF_WEO,SE,gg_revenue_gdp,1990-12-31,37.60848236084,2026-10-07
SE.gg_revenue_gdp.IMF_WEO,SE,gg_revenue_gdp,1991-12-31,36.86536026001,2026-10-07
SE.gg_revenue_gdp.IMF_WEO,SE,gg_revenue_gdp,1992-12-31,37.030185699463,2026-10-07
SE.gg_revenue_gdp.IMF_WEO,SE,gg_revenue_gdp,1993-12-31,58.77,2026-10-07
SE.gg_revenue_gdp.IMF_WEO,SE,gg_revenue_gdp,1994-12-31,58.4,2026-10-07
SE.gg_revenue_gdp.IMF_WEO,SE,gg_revenue_gdp,1995-12-31,56.06,2026-10-07
SE.gg_revenue_gdp.IMF_WEO,SE,gg_revenue_gdp,1996-12-31,57.88,2026-10-07
SE.gg_revenue_gdp.IMF_WEO,SE,gg_revenue_gdp,1997-12-31,57.19,2026-10-07
SE.gg_revenue_gdp.IMF_WEO,SE,gg_revenue_gdp,1998-12-31,57.26,2026-10-07
SE.gg_revenue_gdp.IMF_WEO,SE,gg_revenue_gdp,1999-12-31,56.66,2026-10-07
SE.gg_revenue_gdp.IMF_WEO,SE,gg_revenue_gdp,2000-12-31,56.19,2026-10-07
SE.gg_revenue_gdp.IMF_WEO,SE,gg_revenue_gdp,2001-12-31,53.93,2026-10-07
SE.gg_revenue_gdp.IMF_WEO,SE,gg_revenue_gdp,2002-12-31,52.21,2026-10-07
SE.gg_revenue_gdp.IMF_WEO,SE,gg_revenue_gdp,2003-12-31,52.57,2026-10-07
SE.gg_revenue_gdp.IMF_WEO,SE,gg_revenue_gdp,2004-12-31,52.66,2026-10-07
SE.gg_revenue_gdp.IMF_WEO,SE,gg_revenue_gdp,2005-12-31,54.1,2026-10-07
SE.gg_revenue_gdp.IMF_WEO,SE,gg_revenue_gdp,2006-12-31,53.19,2026-10-07
SE.gg_revenue_gdp.IMF_WEO,SE,gg_revenue_gdp,2007-12-31,52.62,2026-10-07
SE.gg_revenue_gdp.IMF_WEO,SE,gg_revenue_gdp,2008-12-31,51.93,2026-10-07
SE.gg_revenue_gdp.IMF_WEO,SE,gg_revenue_gdp,2009-12-31,51.54,2026-10-07
SE.gg_revenue_gdp.IMF_WEO,SE,gg_revenue_gdp,2010-12-31,50.34,2026-10-07
SE.gg_revenue_gdp.IMF_WEO,SE,gg_revenue_gdp,2011-12-31,48.69225659459,2026-10-07
SE.gg_revenue_gdp.IMF_WEO,SE,gg_revenue_gdp,2012-12-31,49.054355019942,2026-10-07
SE.gg_revenue_gdp.IMF_WEO,SE,gg_revenue_gdp,2013-12-31,49.733244046743,2026-10-07
SE.gg_revenue_gdp.IMF_WEO,SE,gg_revenue_gdp,2014-12-31,48.868900659137,2026-10-07
SE.gg_revenue_gdp.IMF_WEO,SE,gg_revenue_gdp,2015-12-31,49.086443283472,2026-10-07
SE.gg_revenue_gdp.IMF_WEO,SE,gg_revenue_gdp,2016-12-31,50.377447100381,2026-10-07
SE.gg_revenue_gdp.IMF_WEO,SE,gg_revenue_gdp,2017-12-31,50.536554936117,2026-10-07
SE.gg_revenue_gdp.IMF_WEO,SE,gg_revenue_gdp,2018-12-31,50.440670119135,2026-10-07
SE.gg_revenue_gdp.IMF_WEO,SE,gg_revenue_gdp,2019-12-31,49.226209039663,2026-10-07
SE.gg_revenue_gdp.IMF_WEO,SE,gg_revenue_gdp,2020-12-31,48.84671509549,2026-10-07
SE.gg_revenue_gdp.IMF_WEO,SE,gg_revenue_gdp,2021-12-31,49.168346327634,2026-10-07
SE.gg_revenue_gdp.IMF_WEO,SE,gg_revenue_gdp,2022-12-31,49.317010564067,2026-10-07
SE.gg_revenue_gdp.IMF_WEO,SE,gg_revenue_gdp,2023-12-31,48.276896015049,2026-10-07
SE.gg_revenue_gdp.IMF_WEO,SE,gg_revenue_gdp,2024-12-31,47.578969376788,2026-10-07
SE.rgdp_growth.IMF_WEO,SE,rgdp_growth,1980-12-31,4.6,2026-10-07
SE.rgdp_growth.IMF_WEO,SE,rgdp_growth,1981-12-31,4.5,2026-10-07
SE.rgdp_growth.IMF_WEO,SE,rgdp_growth,1982-12-31,1.4,2026-10-07
SE.rgdp_growth.IMF_WEO,SE,rgdp_growth,1983-12-31,2.0,2026-10-07
SE.rgdp_growth.IMF_WEO,SE,rgdp_growth,1984-12-31,4.3,2026-10-07
SE.rgdp_growth.IMF_WEO,SE,rgdp_growth,1985-12-31,2.3,2026-10-07
SE.rgdp_growth.IMF_WEO,SE,rgdp_growth,1986-12-31,3.1,2026-10-07
SE.rgdp_growth.IMF_WEO,SE,rgdp_growth,1987-12-31,3.4,2026-10-07
SE.rgdp_growth.IMF_WEO,SE,rgdp_growth,1988-12-31,2.5,2026-10-07
SE.rgdp_growth.IMF_WEO,SE,rgdp_growth,1989-12-31,2.6,2026-10-07
SE.rgdp_growth.IMF_WEO,SE,rgdp_growth,1990-12-31,0.5,2026-10-07
SE.rgdp_growth.IMF_WEO,SE,rgdp_growth,1991-12-31,-1.1,2026-10-07
SE.rgdp_growth.IMF_WEO,SE,rgdp_growth,1992-12-31,-1.1,2026-10-07
SE.rgdp_growth.IMF_WEO,SE,rgdp_growth,1993-12-31,-1.8,2026-10-07
SE.rgdp_growth.IMF_WEO,SE,rgdp_growth,1994-12-31,4.0,2026-10-07
SE.rgdp_growth.IMF_WEO,SE,rgdp_growth,1995-12-31,4.1,2026-10-07
SE.rgdp_growth.IMF_WEO,SE,rgdp_growth,1996-12-31,1.7,2026-10-07
SE.rgdp_growth.IMF_WEO,SE,rgdp_growth,1997-12-31,3.1,2026-10-07
SE.rgdp_growth.IMF_WEO,SE,rgdp_growth,1998-12-31,4.2,2026-10-07
SE.rgdp_growth.IMF_WEO,SE,rgdp_growth,1999-12-31,4.2,2026-10-07
SE.rgdp_growth.IMF_WEO,SE,rgdp_growth,2000-12-31,4.6,2026-10-07
SE.rgdp_growth.IMF_WEO,SE,rgdp_growth,2001-12-31,1.4,2026-10-07
SE.rgdp_growth.IMF_WEO,SE,rgdp_growth,2002-12-31,2.3,2026-10-07
SE.rgdp_growth.IMF_WEO,SE,rgdp_growth,2003-12-31,1.9,2026-10-07
SE.rgdp_growth.IMF_WEO,SE,rgdp_growth,2004-12-31,4.2,2026-10-07
SE.rgdp_growth.IMF_WEO,SE,rgdp_growth,2005-12-31,2.8,2026-10-07
SE.rgdp_growth.IMF_WEO,SE,rgdp_growth,2006-12-31,4.7,2026-10-07
SE.rgdp_growth.IMF_WEO,SE,rgdp_growth,2007-12-31,3.2,2026-10-07
SE.rgdp_growth.IMF_WEO,SE,rgdp_growth,2008-12-31,-0.9,2026-10-07
SE.rgdp_growth.IMF_WEO,SE,rgdp_growth,2009-12-31,-4.3,2026-10-07
SE.rgdp_growth.IMF_WEO,SE,rgdp_growth,2010-12-31,5.8,2026-10-07
SE.rgdp_growth.IMF_WEO,SE,rgdp_growth,2011-12-31,3.2,2026-10-07
SE.rgdp_growth.IMF_WEO,SE,rgdp_growth,2012-12-31,-0.4,2026-10-07
SE.rgdp_growth.IMF_WEO,SE,rgdp_growth,2013-12-31,1.1,2026-10-07
SE.rgdp_growth.IMF_WEO,SE,rgdp_growth,2014-12-31,2.3,2026-10-07
SE.rgdp_growth.IMF_WEO,SE,rgdp_growth,2015-12-31,4.4,2026-10-07
SE.rgdp_growth.IMF_WEO,SE,rgdp_growth,2016-12-31,2.1,2026-10-07
SE.rgdp_growth.IMF_WEO,SE,rgdp_growth,2017-12-31,1.9,2026-10-07
SE.rgdp_growth.IMF_WEO,SE,rgdp_growth,2018-12-31,1.8,2026-10-07
SE.rgdp_growth.IMF_WEO,SE,rgdp_growth,2019-12-31,2.6,2026-10-07
SE.rgdp_growth.IMF_WEO,SE,rgdp_growth,2020-12-31,-1.9,2026-10-07
SE.rgdp_growth.IMF_WEO,SE,rgdp_growth,2021-12-31,5.2,2026-10-07
SE.rgdp_growth.IMF_WEO,SE,rgdp_growth,2022-12-31,1.3,2026-10-07
SE.rgdp_growth.IMF_WEO,SE,rgdp_growth,2023-12-31,-0.2,2026-10-07
SE.rgdp_growth.IMF_WEO,SE,rgdp_growth,2024-12-31,1.0,2026-10-07
SE.rgdp_growth.IMF_WEO,SE,rgdp_growth,2025-12-31,1.5,2026-10-07
TR.cpi_yoy.IMF_WEO,TR,cpi_yoy,1980-12-31,110.6,2026-10-07
TR.cpi_yoy.IMF_WEO,TR,cpi_yoy,1981-12-31,36.4,2026-10-07
TR.cpi_yoy.IMF_WEO,TR,cpi_yoy,1982-12-31,31.1,2026-10-07
TR.cpi_yoy.IMF_WEO,TR,cpi_yoy,1983-12-31,31.3,2026-10-07
TR.cpi_yoy.IMF_WEO,TR,cpi_yoy,1984-12-31,48.4,2026-10-07
TR.cpi_yoy.IMF_WEO,TR,cpi_yoy,1985-12-31,44.5,2026-10-07
TR.cpi_yoy.IMF_WEO,TR,cpi_yoy,1986-12-31,34.6,2026-10-07
TR.cpi_yoy.IMF_WEO,TR,cpi_yoy,1987-12-31,39.0,2026-10-07
TR.cpi_yoy.IMF_WEO,TR,cpi_yoy,1988-12-31,73.2,2026-10-07
TR.cpi_yoy.IMF_WEO,TR,cpi_yoy,1989-12-31,63.2,2026-10-07
TR.cpi_yoy.IMF_WEO,TR,cpi_yoy,1990-12-31,60.4,2026-10-07
TR.cpi_yoy.IMF_WEO,TR,cpi_yoy,1991-12-31,66.0,2026-10-07
TR.cpi_yoy.IMF_WEO,TR,cpi_yoy,1992-12-31,70.1,2026-10-07
TR.cpi_yoy.IMF_WEO,TR,cpi_yoy,1993-12-31,66.1,2026-10-07
TR.cpi_yoy.IMF_WEO,TR,cpi_yoy,1994-12-31,104.5,2026-10-07
TR.cpi_yoy.IMF_WEO,TR,cpi_yoy,1995-12-31,89.6,2026-10-07
TR.cpi_yoy.IMF_WEO,TR,cpi_yoy,1996-12-31,80.2,2026-10-07
TR.cpi_yoy.IMF_WEO,TR,cpi_yoy,1997-12-31,85.7,2026-10-07
TR.cpi_yoy.IMF_WEO,TR,cpi_yoy,1998-12-31,84.7,2026-10-07
TR.cpi_yoy.IMF_WEO,TR,cpi_yoy,1999-12-31,64.9,2026-10-07
TR.cpi_yoy.IMF_WEO,TR,cpi_yoy,2000-12-31,55.0,2026-10-07
TR.cpi_yoy.IMF_WEO,TR,cpi_yoy,2001-12-31,54.2,2026-10-07
TR.cpi_yoy.IMF_WEO,TR,cpi_yoy,2002-12-31,45.1,2026-10-07
TR.cpi_yoy.IMF_WEO,TR,cpi_yoy,2003-12-31,25.3,2026-10-07
TR.cpi_yoy.IMF_WEO,TR,cpi_yoy,2004-12-31,8.6,2026-10-07
TR.cpi_yoy.IMF_WEO,TR,cpi_yoy,2005-12-31,8.1,2026-10-07
TR.cpi_yoy.IMF_WEO,TR,cpi_yoy,2006-12-31,9.6,2026-10-07
TR.cpi_yoy.IMF_WEO,TR,cpi_yoy,2007-12-31,8.8,2026-10-07
TR.cpi_yoy.IMF_WEO,TR,cpi_yoy,2008-12-31,10.4,2026-10-07
TR.cpi_yoy.IMF_WEO,TR,cpi_yoy,2009-12-31,6.2,2026-10-07
TR.cpi_yoy.IMF_WEO,TR,cpi_yoy,2010-12-31,8.6,2026-10-07
TR.cpi_yoy.IMF_WEO,TR,cpi_yoy,2011-12-31,6.5,2026-10-07
TR.cpi_yoy.IMF_WEO,TR,cpi_yoy,2012-12-31,8.9,2026-10-07
TR.cpi_yoy.IMF_WEO,TR,cpi_yoy,2013-12-31,7.5,2026-10-07
TR.cpi_yoy.IMF_WEO,TR,cpi_yoy,2014-12-31,8.9,2026-10-07
TR.cpi_yoy.IMF_WEO,TR,cpi_yoy,2015-12-31,7.7,2026-10-07
TR.cpi_yoy.IMF_WEO,TR,cpi_yoy,2016-12-31,7.8,2026-10-07
TR.cpi_yoy.IMF_WEO,TR,cpi_yoy,2017-12-31,11.2,2026-10-07
TR.cpi_yoy.IMF_WEO,TR,cpi_yoy,2018-12-31,16.3,2026-10-07
TR.cpi_yoy.IMF_WEO,TR,cpi_yoy,2019-12-31,15.2,2026-10-07
TR.cpi_yoy.IMF_WEO,TR,cpi_yoy,2020-12-31,12.3,2026-10-07
TR.cpi_yoy.IMF_WEO,TR,cpi_yoy,2021-12-31,19.6,2026-10-07
TR.cpi_yoy.IMF_WEO,TR,cpi_yoy,2022-12-31,72.3,2026-10-07
TR.cpi_yoy.IMF_WEO,TR,cpi_yoy,2023-12-31,53.9,2026-10-07
TR.cpi_yoy.IMF_WEO,TR,cpi_yoy,2024-12-31,58.5,2026-10-07
TR.cpi_yoy.IMF_WEO,TR,cpi_yoy,2025-12-31,34.9,2026-10-07
TR.gg_debt_gdp.IMF_WEO,TR,gg_debt_gdp,2000-12-31,51.2,2026-10-07
TR.gg_debt_gdp.IMF_WEO,TR,gg_debt_gdp,2001-12-31,75.6,2026-10-07
TR.gg_debt_gdp.IMF_WEO,TR,gg_debt_gdp,2002-12-31,71.2,2026-10-07
TR.gg_debt_gdp.IMF_WEO,TR,gg_debt_gdp,2003-12-31,63.6,2026-10-07
TR.gg_debt_gdp.IMF_WEO,TR,gg_debt_gdp,2004-12-31,57.0,2026-10-07
TR.gg_debt_gdp.IMF_WEO,TR,gg_debt_gdp,2005-12-31,50.2,2026-10-07
TR.gg_debt_gdp.IMF_WEO,TR,gg_debt_gdp,2006-12-31,44.2,2026-10-07
TR.gg_debt_gdp.IMF_WEO,TR,gg_debt_gdp,2007-12-31,37.1,2026-10-07
TR.gg_debt_gdp.IMF_WEO,TR,gg_debt_gdp,2008-12-31,37.0,2026-10-07
TR.gg_debt_gdp.IMF_WEO,TR,gg_debt_gdp,2009-12-31,42.4,2026-10-07
TR.gg_debt_gdp.IMF_WEO,TR,gg_debt_gdp,2010-12-31,38.6,2026-10-07
TR.gg_debt_gdp.IMF_WEO,TR,gg_debt_gdp,2011-12-31,34.8,2026-10-07
TR.gg_debt_gdp.IMF_WEO,TR,gg_debt_gdp,2012-12-31,30.8,2026-10-07
TR.gg_debt_gdp.IMF_WEO,TR,gg_debt_gdp,2013-12-31,29.5,2026-10-07
TR.gg_debt_gdp.IMF_WEO,TR,gg_debt_gdp,2014-12-31,27.4,2026-10-07
TR.gg_debt_gdp.IMF_WEO,TR,gg_debt_gdp,2015-12-31,26.5,2026-10-07
TR.gg_debt_gdp.IMF_WEO,TR,gg_debt_gdp,2016-12-31,27.0,2026-10-07
TR.gg_debt_gdp.IMF_WEO,TR,gg_debt_gdp,2017-12-31,26.9,2026-10-07
TR.gg_debt_gdp.IMF_WEO,TR,gg_debt_gdp,2018-12-31,28.8,2026-10-07
TR.gg_debt_gdp.IMF_WEO,TR,gg_debt_gdp,2019-12-31,31.2,2026-10-07
TR.gg_debt_gdp.IMF_WEO,TR,gg_debt_gdp,2020-12-31,38.3,2026-10-07
TR.gg_debt_gdp.IMF_WEO,TR,gg_debt_gdp,2021-12-31,38.9,2026-10-07
TR.gg_debt_gdp.IMF_WEO,TR,gg_debt_gdp,2022-12-31,29.4,2026-10-07
TR.gg_debt_gdp.IMF_WEO,TR,gg_debt_gdp,2023-12-31,28.2,2026-10-07
TR.gg_debt_gdp.IMF_WEO,TR,gg_debt_gdp,2024-12-31,23.6,2026-10-07
TR.gg_debt_gdp.IMF_WEO,TR,gg_debt_gdp,2025-12-31,23.5,2026-10-07
TR.gg_interest_gdp.IMF_WEO,TR,gg_interest_gdp,1970-12-31,0.48258200287819,2026-10-07
TR.gg_interest_gdp.IMF_WEO,TR,gg_interest_gdp,1971-12-31,0.5735729932785,2026-10-07
TR.gg_interest_gdp.IMF_WEO,TR,gg_interest_gdp,1972-12-31,0.48205000162125,2026-10-07
TR.gg_interest_gdp.IMF_WEO,TR,gg_interest_gdp,1973-12-31,0.53327602148056,2026-10-07
TR.gg_interest_gdp.IMF_WEO,TR,gg_interest_gdp,1974-12-31,0.48803600668907,2026-10-07
TR.gg_interest_gdp.IMF_WEO,TR,gg_interest_gdp,1975-12-31,0.53952902555466,2026-10-07
TR.gg_interest_gdp.IMF_WEO,TR,gg_interest_gdp,1976-12-31,0.52671098709106,2026-10-07
TR.gg_interest_gdp.IMF_WEO,TR,gg_interest_gdp,1977-12-31,0.47976499795914,2026-10-07
TR.gg_interest_gdp.IMF_WEO,TR,gg_interest_gdp,1978-12-31,0.45846900343895,2026-10-07
TR.gg_interest_gdp.IMF_WEO,TR,gg_interest_gdp,1979-12-31,0.5610179901123,2026-10-07
TR.gg_interest_gdp.IMF_WEO,TR,gg_interest_gdp,1980-12-31,0.52515798807144,2026-10-07
TR.gg_interest_gdp.IMF_WEO,TR,gg_interest_gdp,1981-12-31,0.97835600376129,2026-10-07
TR.gg_interest_gdp.IMF_WEO,TR,gg_interest_gdp,1982-12-31,0.81298798322678,2026-10-07
TR.gg_interest_gdp.IMF_WEO,TR,gg_interest_gdp,1983-12-31,1.3044899702072,2026-10-07
TR.gg_interest_gdp.IMF_WEO,TR,gg_interest_gdp,1984-12-31,1.7043100595474,2026-10-07
TR.gg_interest_gdp.IMF_WEO,TR,gg_interest_gdp,1985-12-31,1.6979427337646,2026-10-07
TR.gg_interest_gdp.IMF_WEO,TR,gg_interest_gdp,1986-12-31,2.1227807998657,2026-10-07
TR.gg_interest_gdp.IMF_WEO,TR,gg_interest_gdp,1987-12-31,2.5700137615204,2026-10-07
TR.gg_interest_gdp.IMF_WEO,TR,gg_interest_gdp,1988-12-31,2.6775634288788,2026-10-07
TR.gg_interest_gdp.IMF_WEO,TR,gg_interest_gdp,1989-12-31,2.8065614700317,2026-10-07
TR.gg_interest_gdp.IMF_WEO,TR,gg_interest_gdp,1990-12-31,3.1806211471558,2026-10-07
TR.gg_interest_gdp.IMF_WEO,TR,gg_interest_gdp,1991-12-31,2.9143888950348,2026-10-07
TR.gg_interest_gdp.IMF_WEO,TR,gg_interest_gdp,1992-12-31,2.4578366279602,2026-10-07
TR.gg_interest_gdp.IMF_WEO,TR,gg_interest_gdp,1993-12-31,3.3472719192505,2026-10-07
TR.gg_interest_gdp.IMF_WEO,TR,gg_interest_gdp,1994-12-31,4.5874676704407,2026-10-07
TR.gg_interest_gdp.IMF_WEO,TR,gg_interest_gdp,1995-12-31,9.169903755188,2026-10-07
TR.gg_interest_gdp.IMF_WEO,TR,gg_interest_gdp,1996-12-31,12.090038299561,2026-10-07
TR.gg_interest_gdp.IMF_WEO,TR,gg_interest_gdp,1997-12-31,11.254762649536,2026-10-07
TR.gg_interest_gdp.IMF_WEO,TR,gg_interest_gdp,1998-12-31,16.231189727783,2026-10-07
TR.gg_interest_gdp.IMF_WEO,TR,gg_interest_gdp,1999-12-31,20.84839630127,2026-10-07
TR.gg_interest_gdp.IMF_WEO,TR,gg_interest_gdp,2000-12-31,12.6416813027,2026-10-07
TR.gg_interest_gdp.IMF_WEO,TR,gg_interest_gdp,2001-12-31,17.033170618798,2026-10-07
TR.gg_interest_gdp.IMF_WEO,TR,gg_interest_gdp,2002-12-31,14.70345772591,2026-10-07
TR.gg_interest_gdp.IMF_WEO,TR,gg_interest_gdp,2003-12-31,12.756304553783,2026-10-07
TR.gg_interest_gdp.IMF_WEO,TR,gg_interest_gdp,2004-12-31,9.8830958118721,2026-10-07
TR.gg_interest_gdp.IMF_WEO,TR,gg_interest_gdp,2005-12-31,6.8133723776853,2026-10-07
TR.gg_interest_gdp.IMF_WEO,TR,gg_interest_gdp,2006-12-31,5.8534867803201,2026-10-07
TR.gg_interest_gdp.IMF_WEO,TR,gg_interest_gdp,2007-12-31,5.55535080769,2026-10-07
TR.gg_interest_gdp.IMF_WEO,TR,gg_interest_gdp,2008-12-31,5.1159783161447,2026-10-07
TR.gg_interest_gdp.IMF_WEO,TR,gg_interest_gdp,2009-12-31,5.3955342084703,2026-10-07
TR.gg_interest_gdp.IMF_WEO,TR,gg_interest_gdp,2010-12-31,4.2238892460172,2026-10-07
TR.gg_interest_gdp.IMF_WEO,TR,gg_interest_gdp,2011-12-31,3.0813522052632,2026-10-07
TR.gg_interest_gdp.IMF_WEO,TR,gg_interest_gdp,2012-12-31,3.1357684878581,2026-10-07
TR.gg_interest_gdp.IMF_WEO,TR,gg_interest_gdp,2013-12-31,2.8061522177659,2026-10-07
TR.gg_interest_gdp.IMF_WEO,TR,gg_interest_gdp,2014-12-31,2.5057811974661,2026-10-07
TR.gg_interest_gdp.IMF_WEO,TR,gg_interest_gdp,2015-12-31,2.3319785811665,2026-10-07
TR.gg_interest_gdp.IMF_WEO,TR,gg_interest_gdp,2016-12-31,1.9964026833429,2026-10-07
TR.gg_interest_gdp.IMF_WEO,TR,gg_interest_gdp,2017-12-31,1.9054810597979,2026-10-07
TR.gg_interest_gdp.IMF_WEO,TR,gg_interest_gdp,2018-12-31,2.0791658864181,2026-10-07
TR.gg_interest_gdp.IMF_WEO,TR,gg_interest_gdp,2019-12-31,2.4388292782836,2026-10-07
TR.gg_interest_gdp.IMF_WEO,TR,gg_interest_gdp,2020-12-31,2.7530003730665,2026-10-07
TR.gg_interest_gdp.IMF_WEO,TR,gg_interest_gdp,2021-12-31,2.5483451874996,2026-10-07
TR.gg_interest_gdp.IMF_WEO,TR,gg_interest_gdp,2022-12-31,2.1021219125766,2026-10-07
TR.gg_interest_gdp.IMF_WEO,TR,gg_interest_gdp,2023-12-31,2.5645855003207,2026-10-07
TR.gg_interest_gdp.IMF_WEO,TR,gg_interest_gdp,2024-12-31,2.9711601835373,2026-10-07
TR.gg_net_lending_gdp.IMF_WEO,TR,gg_net_lending_gdp,2000-12-31,-8.4,2026-10-07
TR.gg_net_lending_gdp.IMF_WEO,TR,gg_net_lending_gdp,2001-12-31,-11.6,2026-10-07
TR.gg_net_lending_gdp.IMF_WEO,TR,gg_net_lending_gdp,2002-12-31,-11.3,2026-10-07
TR.gg_net_lending_gdp.IMF_WEO,TR,gg_net_lending_gdp,2003-12-31,-7.6,2026-10-07
TR.gg_net_lending_gdp.IMF_WEO,TR,gg_net_lending_gdp,2004-12-31,-4.1,2026-10-07
TR.gg_net_lending_gdp.IMF_WEO,TR,gg_net_lending_gdp,2005-12-31,-0.7,2026-10-07
TR.gg_net_lending_gdp.IMF_WEO,TR,gg_net_lending_gdp,2006-12-31,-0.2,2026-10-07
TR.gg_net_lending_gdp.IMF_WEO,TR,gg_net_lending_gdp,2007-12-31,-1.4,2026-10-07
TR.gg_net_lending_gdp.IMF_WEO,TR,gg_net_lending_gdp,2008-12-31,-2.1,2026-10-07
TR.gg_net_lending_gdp.IMF_WEO,TR,gg_net_lending_gdp,2009-12-31,-5.1,2026-10-07
TR.gg_net_lending_gdp.IMF_WEO,TR,gg_net_lending_gdp,2010-12-31,-3.0,2026-10-07
TR.gg_net_lending_gdp.IMF_WEO,TR,gg_net_lending_gdp,2011-12-31,-0.4,2026-10-07
TR.gg_net_lending_gdp.IMF_WEO,TR,gg_net_lending_gdp,2012-12-31,-1.8,2026-10-07
TR.gg_net_lending_gdp.IMF_WEO,TR,gg_net_lending_gdp,2013-12-31,-1.2,2026-10-07
TR.gg_net_lending_gdp.IMF_WEO,TR,gg_net_lending_gdp,2014-12-31,-1.0,2026-10-07
TR.gg_net_lending_gdp.IMF_WEO,TR,gg_net_lending_gdp,2015-12-31,-0.5,2026-10-07
TR.gg_net_lending_gdp.IMF_WEO,TR,gg_net_lending_gdp,2016-12-31,-1.7,2026-10-07
TR.gg_net_lending_gdp.IMF_WEO,TR,gg_net_lending_gdp,2017-12-31,-1.9,2026-10-07
TR.gg_net_lending_gdp.IMF_WEO,TR,gg_net_lending_gdp,2018-12-31,-3.1,2026-10-07
TR.gg_net_lending_gdp.IMF_WEO,TR,gg_net_lending_gdp,2019-12-31,-4.7,2026-10-07
TR.gg_net_lending_gdp.IMF_WEO,TR,gg_net_lending_gdp,2020-12-31,-4.6,2026-10-07
TR.gg_net_lending_gdp.IMF_WEO,TR,gg_net_lending_gdp,2021-12-31,-3.0,2026-10-07
TR.gg_net_lending_gdp.IMF_WEO,TR,gg_net_lending_gdp,2022-12-31,-1.1,2026-10-07
TR.gg_net_lending_gdp.IMF_WEO,TR,gg_net_lending_gdp,2023-12-31,-5.2,2026-10-07
TR.gg_net_lending_gdp.IMF_WEO,TR,gg_net_lending_gdp,2024-12-31,-4.5,2026-10-07
TR.gg_net_lending_gdp.IMF_WEO,TR,gg_net_lending_gdp,2025-12-31,-2.8,2026-10-07
TR.gg_revenue_gdp.IMF_WEO,TR,gg_revenue_gdp,1936-12-31,20.375900268555,2026-10-07
TR.gg_revenue_gdp.IMF_WEO,TR,gg_revenue_gdp,1938-12-31,20.112100601196,2026-10-07
TR.gg_revenue_gdp.IMF_WEO,TR,gg_revenue_gdp,1943-12-31,18.745399475098,2026-10-07
TR.gg_revenue_gdp.IMF_WEO,TR,gg_revenue_gdp,1945-12-31,11.480799674988,2026-10-07
TR.gg_revenue_gdp.IMF_WEO,TR,gg_revenue_gdp,1948-12-31,18.784400939941,2026-10-07
TR.gg_revenue_gdp.IMF_WEO,TR,gg_revenue_gdp,1949-12-31,23.421100616455,2026-10-07
TR.gg_revenue_gdp.IMF_WEO,TR,gg_revenue_gdp,1950-12-31,14.62889957428,2026-10-07
TR.gg_revenue_gdp.IMF_WEO,TR,gg_revenue_gdp,1951-12-31,14.068400382996,2026-10-07
TR.gg_revenue_gdp.IMF_WEO,TR,gg_revenue_gdp,1952-12-31,16.686599731445,2026-10-07
TR.gg_revenue_gdp.IMF_WEO,TR,gg_revenue_gdp,1953-12-31,14.564100265503,2026-10-07
TR.gg_revenue_gdp.IMF_WEO,TR,gg_revenue_gdp,1954-12-31,14.943799972534,2026-10-07
TR.gg_revenue_gdp.IMF_WEO,TR,gg_revenue_gdp,1955-12-31,16.481700897217,2026-10-07
TR.gg_revenue_gdp.IMF_WEO,TR,gg_revenue_gdp,1956-12-31,14.9547996521,2026-10-07
TR.gg_revenue_gdp.IMF_WEO,TR,gg_revenue_gdp,1957-12-31,13.493200302124,2026-10-07
TR.gg_revenue_gdp.IMF_WEO,TR,gg_revenue_gdp,1958-12-31,13.737899780273,2026-10-07
TR.gg_revenue_gdp.IMF_WEO,TR,gg_revenue_gdp,1959-12-31,14.546699523926,2026-10-07
TR.gg_revenue_gdp.IMF_WEO,TR,gg_revenue_gdp,1960-12-31,14.744700431824,2026-10-07
TR.gg_revenue_gdp.IMF_WEO,TR,gg_revenue_gdp,1961-12-31,21.887599945068,2026-10-07
TR.gg_revenue_gdp.IMF_WEO,TR,gg_revenue_gdp,1962-12-31,15.57859992981,2026-10-07
TR.gg_revenue_gdp.IMF_WEO,TR,gg_revenue_gdp,1963-12-31,17.488800048828,2026-10-07
TR.gg_revenue_gdp.IMF_WEO,TR,gg_revenue_gdp,1964-12-31,18.041999816895,2026-10-07
TR.gg_revenue_gdp.IMF_WEO,TR,gg_revenue_gdp,1965-12-31,17.801099777222,2026-10-07
TR.gg_revenue_gdp.IMF_WEO,TR,gg_revenue_gdp,1966-12-31,18.281900405884,2026-10-07
TR.gg_revenue_gdp.IMF_WEO,TR,gg_revenue_gdp,1967-12-31,20.197999954224,2026-10-07
TR.gg_revenue_gdp.IMF_WEO,TR,gg_revenue_gdp,1968-12-31,18.392900466919,2026-10-07
TR.gg_revenue_gdp.IMF_WEO,TR,gg_revenue_gdp,1969-12-31,19.032300949097,2026-10-07
TR.gg_revenue_gdp.IMF_WEO,TR,gg_revenue_gdp,1970-12-31,22.827600479126,2026-10-07
TR.gg_revenue_gdp.IMF_WEO,TR,gg_revenue_gdp,1971-12-31,21.711200714111,2026-10-07
TR.gg_revenue_gdp.IMF_WEO,TR,gg_revenue_gdp,1972-12-31,21.810300827026,2026-10-07
TR.gg_revenue_gdp.IMF_WEO,TR,gg_revenue_gdp,1973-12-31,20.813600540161,2026-10-07
TR.gg_revenue_gdp.IMF_WEO,TR,gg_revenue_gdp,1974-12-31,17.951200485229,2026-10-07
TR.gg_revenue_gdp.IMF_WEO,TR,gg_revenue_gdp,1975-12-31,21.77260017395,2026-10-07
TR.gg_revenue_gdp.IMF_WEO,TR,gg_revenue_gdp,1976-12-31,22.740999221802,2026-10-07
TR.gg_revenue_gdp.IMF_WEO,TR,gg_revenue_gdp,1977-12-31,22.711500167847,2026-10-07
TR.gg_revenue_gdp.IMF_WEO,TR,gg_revenue_gdp,1978-12-31,25.775699615479,2026-10-07
TR.gg_revenue_gdp.IMF_WEO,TR,gg_revenue_gdp,1979-12-31,25.278299331665,2026-10-07
TR.gg_revenue_gdp.IMF_WEO,TR,gg_revenue_gdp,1980-12-31,21.788299560547,2026-10-07
TR.gg_revenue_gdp.IMF_WEO,TR,gg_revenue_gdp,1981-12-31,22.497699737549,2026-10-07
TR.gg_revenue_gdp.IMF_WEO,TR,gg_revenue_gdp,1982-12-31,17.586999893188,2026-10-07
TR.gg_revenue_gdp.IMF_WEO,TR,gg_revenue_gdp,1983-12-31,13.438300132751,2026-10-07
TR.gg_revenue_gdp.IMF_WEO,TR,gg_revenue_gdp,1984-12-31,10.34169960022,2026-10-07
TR.gg_revenue_gdp.IMF_WEO,TR,gg_revenue_gdp,1985-12-31,12.152123451233,2026-10-07
TR.gg_revenue_gdp.IMF_WEO,TR,gg_revenue_gdp,1986-12-31,9.655834197998,2026-10-07
TR.gg_revenue_gdp.IMF_WEO,TR,gg_revenue_gdp,1987-12-31,9.8501949310303,2026-10-07
TR.gg_revenue_gdp.IMF_WEO,TR,gg_revenue_gdp,1988-12-31,9.6788425445557,2026-10-07
TR.gg_revenue_gdp.IMF_WEO,TR,gg_revenue_gdp,1989-12-31,9.8860988616943,2026-10-07
TR.gg_revenue_gdp.IMF_WEO,TR,gg_revenue_gdp,1990-12-31,10.421880722046,2026-10-07
TR.gg_revenue_gdp.IMF_WEO,TR,gg_revenue_gdp,1991-12-31,11.377729415894,2026-10-07
TR.gg_revenue_gdp.IMF_WEO,TR,gg_revenue_gdp,1992-12-31,11.849594116211,2026-10-07
TR.gg_revenue_gdp.IMF_WEO,TR,gg_revenue_gdp,1993-12-31,13.169278144836,2026-10-07
TR.gg_revenue_gdp.IMF_WEO,TR,gg_revenue_gdp,1994-12-31,14.435687065125,2026-10-07
TR.gg_revenue_gdp.IMF_WEO,TR,gg_revenue_gdp,1995-12-31,13.434542655945,2026-10-07
TR.gg_revenue_gdp.IMF_WEO,TR,gg_revenue_gdp,1996-12-31,13.727918624878,2026-10-07
TR.gg_revenue_gdp.IMF_WEO,TR,gg_revenue_gdp,1997-12-31,16.322473526001,2026-10-07
TR.gg_revenue_gdp.IMF_WEO,TR,gg_revenue_gdp,1998-12-31,18.029106140137,2026-10-07
TR.gg_revenue_gdp.IMF_WEO,TR,gg_revenue_gdp,1999-12-31,18.928081512451,2026-10-07
TR.gg_revenue_gdp.IMF_WEO,TR,gg_revenue_gdp,2000-12-31,31.05421106829,2026-10-07
TR.gg_revenue_gdp.IMF_WEO,TR,gg_revenue_gdp,2001-12-31,32.298429726466,2026-10-07
TR.gg_revenue_gdp.IMF_WEO,TR,gg_revenue_gdp,2002-12-31,29.608634439805,2026-10-07
TR.gg_revenue_gdp.IMF_WEO,TR,gg_revenue_gdp,2003-12-31,30.778119556046,2026-10-07
TR.gg_revenue_gdp.IMF_WEO,TR,gg_revenue_gdp,2004-12-31,30.342090371879,2026-10-07
TR.gg_revenue_gdp.IMF_WEO,TR,gg_revenue_gdp,2005-12-31,31.23995239296,2026-10-07
TR.gg_revenue_gdp.IMF_WEO,TR,gg_revenue_gdp,2006-12-31,33.188473796584,2026-10-07
TR.gg_revenue_gdp.IMF_WEO,TR,gg_revenue_gdp,2007-12-31,31.338305060275,2026-10-07
TR.gg_revenue_gdp.IMF_WEO,TR,gg_revenue_gdp,2008-12-31,31.349017291535,2026-10-07
TR.gg_revenue_gdp.IMF_WEO,TR,gg_revenue_gdp,2009-12-31,31.824157177126,2026-10-07
TR.gg_revenue_gdp.IMF_WEO,TR,gg_revenue_gdp,2010-12-31,32.231346958828,2026-10-07
TR.gg_revenue_gdp.IMF_WEO,TR,gg_revenue_gdp,2011-12-31,32.249770570818,2026-10-07
TR.gg_revenue_gdp.IMF_WEO,TR,gg_revenue_gdp,2012-12-31,32.173233032892,2026-10-07
TR.gg_revenue_gdp.IMF_WEO,TR,gg_revenue_gdp,2013-12-31,32.34260309051,2026-10-07
TR.gg_revenue_gdp.IMF_WEO,TR,gg_revenue_gdp,2014-12-31,31.538290999191,2026-10-07
TR.gg_revenue_gdp.IMF_WEO,TR,gg_revenue_gdp,2015-12-31,31.910557892146,2026-10-07
TR.gg_revenue_gdp.IMF_WEO,TR,gg_revenue_gdp,2016-12-31,32.079550644466,2026-10-07
TR.gg_revenue_gdp.IMF_WEO,TR,gg_revenue_gdp,2017-12-31,30.558955594762,2026-10-07
TR.gg_revenue_gdp.IMF_WEO,TR,gg_revenue_gdp,2018-12-31,30.788574771684,2026-10-07
TR.gg_revenue_gdp.IMF_WEO,TR,gg_revenue_gdp,2019-12-31,30.14460780862,2026-10-07
TR.gg_revenue_gdp.IMF_WEO,TR,gg_revenue_gdp,2020-12-31,29.410058632675,2026-10-07
TR.gg_revenue_gdp.IMF_WEO,TR,gg_revenue_gdp,2021-12-31,27.559543958488,2026-10-07
TR.gg_revenue_gdp.IMF_WEO,TR,gg_revenue_gdp,2022-12-31,25.676256344831,2026-10-07
TR.gg_revenue_gdp.IMF_WEO,TR,gg_revenue_gdp,2023-12-31,27.303252408122,2026-10-07
TR.gg_revenue_gdp.IMF_WEO,TR,gg_revenue_gdp,2024-12-31,28.065917959318,2026-10-07
TR.rgdp_growth.IMF_WEO,TR,rgdp_growth,1980-12-31,-0.8,2026-10-07
TR.rgdp_growth.IMF_WEO,TR,rgdp_growth,1981-12-31,4.4,2026-10-07
TR.rgdp_growth.IMF_WEO,TR,rgdp_growth,1982-12-31,3.4,2026-10-07
TR.rgdp_growth.IMF_WEO,TR,rgdp_growth,1983-12-31,4.8,2026-10-07
TR.rgdp_growth.IMF_WEO,TR,rgdp_growth,1984-12-31,6.8,2026-10-07
TR.rgdp_growth.IMF_WEO,TR,rgdp_growth,1985-12-31,4.3,2026-10-07
TR.rgdp_growth.IMF_WEO,TR,rgdp_growth,1986-12-31,6.9,2026-10-07
TR.rgdp_growth.IMF_WEO,TR,rgdp_growth,1987-12-31,10.0,2026-10-07
TR.rgdp_growth.IMF_WEO,TR,rgdp_growth,1988-12-31,2.1,2026-10-07
TR.rgdp_growth.IMF_WEO,TR,rgdp_growth,1989-12-31,0.3,2026-10-07
TR.rgdp_growth.IMF_WEO,TR,rgdp_growth,1990-12-31,9.3,2026-10-07
TR.rgdp_growth.IMF_WEO,TR,rgdp_growth,1991-12-31,0.9,2026-10-07
TR.rgdp_growth.IMF_WEO,TR,rgdp_growth,1992-12-31,6.0,2026-10-07
TR.rgdp_growth.IMF_WEO,TR,rgdp_growth,1993-12-31,8.0,2026-10-07
TR.rgdp_growth.IMF_WEO,TR,rgdp_growth,1994-12-31,-5.5,2026-10-07
TR.rgdp_growth.IMF_WEO,TR,rgdp_growth,1995-12-31,7.2,2026-10-07
TR.rgdp_growth.IMF_WEO,TR,rgdp_growth,1996-12-31,7.0,2026-10-07
TR.rgdp_growth.IMF_WEO,TR,rgdp_growth,1997-12-31,7.5,2026-10-07
TR.rgdp_growth.IMF_WEO,TR,rgdp_growth,1998-12-31,3.1,2026-10-07
TR.rgdp_growth.IMF_WEO,TR,rgdp_growth,1999-12-31,-3.1,2026-10-07
TR.rgdp_growth.IMF_WEO,TR,rgdp_growth,2000-12-31,7.0,2026-10-07
TR.rgdp_growth.IMF_WEO,TR,rgdp_growth,2001-12-31,-5.5,2026-10-07
TR.rgdp_growth.IMF_WEO,TR,rgdp_growth,2002-12-31,6.4,2026-10-07
TR.rgdp_growth.IMF_WEO,TR,rgdp_growth,2003-12-31,5.8,2026-10-07
TR.rgdp_growth.IMF_WEO,TR,rgdp_growth,2004-12-31,9.9,2026-10-07
TR.rgdp_growth.IMF_WEO,TR,rgdp_growth,2005-12-31,9.1,2026-10-07
TR.rgdp_growth.IMF_WEO,TR,rgdp_growth,2006-12-31,7.1,2026-10-07
TR.rgdp_growth.IMF_WEO,TR,rgdp_growth,2007-12-31,5.1,2026-10-07
TR.rgdp_growth.IMF_WEO,TR,rgdp_growth,2008-12-31,0.9,2026-10-07
TR.rgdp_growth.IMF_WEO,TR,rgdp_growth,2009-12-31,-4.9,2026-10-07
TR.rgdp_growth.IMF_WEO,TR,rgdp_growth,2010-12-31,8.5,2026-10-07
TR.rgdp_growth.IMF_WEO,TR,rgdp_growth,2011-12-31,11.0,2026-10-07
TR.rgdp_growth.IMF_WEO,TR,rgdp_growth,2012-12-31,4.8,2026-10-07
TR.rgdp_growth.IMF_WEO,TR,rgdp_growth,2013-12-31,8.5,2026-10-07
TR.rgdp_growth.IMF_WEO,TR,rgdp_growth,2014-12-31,4.6,2026-10-07
TR.rgdp_growth.IMF_WEO,TR,rgdp_growth,2015-12-31,5.8,2026-10-07
TR.rgdp_growth.IMF_WEO,TR,rgdp_growth,2016-12-31,3.3,2026-10-07
TR.rgdp_growth.IMF_WEO,TR,rgdp_growth,2017-12-31,7.8,2026-10-07
TR.rgdp_growth.IMF_WEO,TR,rgdp_growth,2018-12-31,3.5,2026-10-07
TR.rgdp_growth.IMF_WEO,TR,rgdp_growth,2019-12-31,1.3,2026-10-07
TR.rgdp_growth.IMF_WEO,TR,rgdp_growth,2020-12-31,1.8,2026-10-07
TR.rgdp_growth.IMF_WEO,TR,rgdp_growth,2021-12-31,11.8,2026-10-07
TR.rgdp_growth.IMF_WEO,TR,rgdp_growth,2022-12-31,5.4,2026-10-07
TR.rgdp_growth.IMF_WEO,TR,rgdp_growth,2023-12-31,5.0,2026-10-07
TR.rgdp_growth.IMF_WEO,TR,rgdp_growth,2024-12-31,3.3,2026-10-07
TR.rgdp_growth.IMF_WEO,TR,rgdp_growth,2025-12-31,3.6,2026-10-07
US.cpi_yoy.IMF_WEO,US,cpi_yoy,1980-12-31,13.5,2026-10-07
US.cpi_yoy.IMF_WEO,US,cpi_yoy,1981-12-31,10.4,2026-10-07
US.cpi_yoy.IMF_WEO,US,cpi_yoy,1982-12-31,6.2,2026-10-07
US.cpi_yoy.IMF_WEO,US,cpi_yoy,1983-12-31,3.2,2026-10-07
US.cpi_yoy.IMF_WEO,US,cpi_yoy,1984-12-31,4.4,2026-10-07
US.cpi_yoy.IMF_WEO,US,cpi_yoy,1985-12-31,3.5,2026-10-07
US.cpi_yoy.IMF_WEO,US,cpi_yoy,1986-12-31,1.9,2026-10-07
US.cpi_yoy.IMF_WEO,US,cpi_yoy,1987-12-31,3.6,2026-10-07
US.cpi_yoy.IMF_WEO,US,cpi_yoy,1988-12-31,4.1,2026-10-07
US.cpi_yoy.IMF_WEO,US,cpi_yoy,1989-12-31,4.8,2026-10-07
US.cpi_yoy.IMF_WEO,US,cpi_yoy,1990-12-31,5.4,2026-10-07
US.cpi_yoy.IMF_WEO,US,cpi_yoy,1991-12-31,4.2,2026-10-07
US.cpi_yoy.IMF_WEO,US,cpi_yoy,1992-12-31,3.0,2026-10-07
US.cpi_yoy.IMF_WEO,US,cpi_yoy,1993-12-31,3.0,2026-10-07
US.cpi_yoy.IMF_WEO,US,cpi_yoy,1994-12-31,2.6,2026-10-07
US.cpi_yoy.IMF_WEO,US,cpi_yoy,1995-12-31,2.8,2026-10-07
US.cpi_yoy.IMF_WEO,US,cpi_yoy,1996-12-31,2.9,2026-10-07
US.cpi_yoy.IMF_WEO,US,cpi_yoy,1997-12-31,2.3,2026-10-07
US.cpi_yoy.IMF_WEO,US,cpi_yoy,1998-12-31,1.5,2026-10-07
US.cpi_yoy.IMF_WEO,US,cpi_yoy,1999-12-31,2.2,2026-10-07
US.cpi_yoy.IMF_WEO,US,cpi_yoy,2000-12-31,3.4,2026-10-07
US.cpi_yoy.IMF_WEO,US,cpi_yoy,2001-12-31,2.8,2026-10-07
US.cpi_yoy.IMF_WEO,US,cpi_yoy,2002-12-31,1.6,2026-10-07
US.cpi_yoy.IMF_WEO,US,cpi_yoy,2003-12-31,2.3,2026-10-07
US.cpi_yoy.IMF_WEO,US,cpi_yoy,2004-12-31,2.7,2026-10-07
US.cpi_yoy.IMF_WEO,US,cpi_yoy,2005-12-31,3.4,2026-10-07
US.cpi_yoy.IMF_WEO,US,cpi_yoy,2006-12-31,3.2,2026-10-07
US.cpi_yoy.IMF_WEO,US,cpi_yoy,2007-12-31,2.9,2026-10-07
US.cpi_yoy.IMF_WEO,US,cpi_yoy,2008-12-31,3.8,2026-10-07
US.cpi_yoy.IMF_WEO,US,cpi_yoy,2009-12-31,-0.3,2026-10-07
US.cpi_yoy.IMF_WEO,US,cpi_yoy,2010-12-31,1.6,2026-10-07
US.cpi_yoy.IMF_WEO,US,cpi_yoy,2011-12-31,3.1,2026-10-07
US.cpi_yoy.IMF_WEO,US,cpi_yoy,2012-12-31,2.1,2026-10-07
US.cpi_yoy.IMF_WEO,US,cpi_yoy,2013-12-31,1.5,2026-10-07
US.cpi_yoy.IMF_WEO,US,cpi_yoy,2014-12-31,1.6,2026-10-07
US.cpi_yoy.IMF_WEO,US,cpi_yoy,2015-12-31,0.1,2026-10-07
US.cpi_yoy.IMF_WEO,US,cpi_yoy,2016-12-31,1.3,2026-10-07
US.cpi_yoy.IMF_WEO,US,cpi_yoy,2017-12-31,2.1,2026-10-07
US.cpi_yoy.IMF_WEO,US,cpi_yoy,2018-12-31,2.4,2026-10-07
US.cpi_yoy.IMF_WEO,US,cpi_yoy,2019-12-31,1.8,2026-10-07
US.cpi_yoy.IMF_WEO,US,cpi_yoy,2020-12-31,1.3,2026-10-07
US.cpi_yoy.IMF_WEO,US,cpi_yoy,2021-12-31,4.7,2026-10-07
US.cpi_yoy.IMF_WEO,US,cpi_yoy,2022-12-31,8.0,2026-10-07
US.cpi_yoy.IMF_WEO,US,cpi_yoy,2023-12-31,4.1,2026-10-07
US.cpi_yoy.IMF_WEO,US,cpi_yoy,2024-12-31,3.0,2026-10-07
US.cpi_yoy.IMF_WEO,US,cpi_yoy,2025-12-31,2.7,2026-10-07
US.gg_debt_gdp.IMF_WEO,US,gg_debt_gdp,2001-12-31,53.5,2026-10-07
US.gg_debt_gdp.IMF_WEO,US,gg_debt_gdp,2002-12-31,55.9,2026-10-07
US.gg_debt_gdp.IMF_WEO,US,gg_debt_gdp,2003-12-31,59.0,2026-10-07
US.gg_debt_gdp.IMF_WEO,US,gg_debt_gdp,2004-12-31,66.4,2026-10-07
US.gg_debt_gdp.IMF_WEO,US,gg_debt_gdp,2005-12-31,65.8,2026-10-07
US.gg_debt_gdp.IMF_WEO,US,gg_debt_gdp,2006-12-31,64.5,2026-10-07
US.gg_debt_gdp.IMF_WEO,US,gg_debt_gdp,2007-12-31,64.9,2026-10-07
US.gg_debt_gdp.IMF_WEO,US,gg_debt_gdp,2008-12-31,73.8,2026-10-07
US.gg_debt_gdp.IMF_WEO,US,gg_debt_gdp,2009-12-31,87.1,2026-10-07
US.gg_debt_gdp.IMF_WEO,US,gg_debt_gdp,2010-12-31,95.7,2026-10-07
US.gg_debt_gdp.IMF_WEO,US,gg_debt_gdp,2011-12-31,100.0,2026-10-07
US.gg_debt_gdp.IMF_WEO,US,gg_debt_gdp,2012-12-31,103.7,2026-10-07
US.gg_debt_gdp.IMF_WEO,US,gg_debt_gdp,2013-12-31,105.0,2026-10-07
US.gg_debt_gdp.IMF_WEO,US,gg_debt_gdp,2014-12-31,104.9,2026-10-07
US.gg_debt_gdp.IMF_WEO,US,gg_debt_gdp,2015-12-31,105.4,2026-10-07
US.gg_debt_gdp.IMF_WEO,US,gg_debt_gdp,2016-12-31,107.4,2026-10-07
US.gg_debt_gdp.IMF_WEO,US,gg_debt_gdp,2017-12-31,106.4,2026-10-07
US.gg_debt_gdp.IMF_WEO,US,gg_debt_gdp,2018-12-31,107.7,2026-10-07
US.gg_debt_gdp.IMF_WEO,US,gg_debt_gdp,2019-12-31,108.8,2026-10-07
US.gg_debt_gdp.IMF_WEO,US,gg_debt_gdp,2020-12-31,132.6,2026-10-07
US.gg_debt_gdp.IMF_WEO,US,gg_debt_gdp,2021-12-31,125.0,2026-10-07
US.gg_debt_gdp.IMF_WEO,US,gg_debt_gdp,2022-12-31,119.1,2026-10-07
US.gg_debt_gdp.IMF_WEO,US,gg_debt_gdp,2023-12-31,120.0,2026-10-07
US.gg_debt_gdp.IMF_WEO,US,gg_debt_gdp,2024-12-31,122.3,2026-10-07
US.gg_debt_gdp.IMF_WEO,US,gg_debt_gdp,2025-12-31,123.9,2026-10-07
US.gg_interest_gdp.IMF_WEO,US,gg_interest_gdp,1929-12-31,0.65412700176239,2026-10-07
US.gg_interest_gdp.IMF_WEO,US,gg_interest_gdp,1930-12-31,0.72217702865601,2026-10-07
US.gg_interest_gdp.IMF_WEO,US,gg_interest_gdp,1931-12-31,0.7983809709549,2026-10-07
US.gg_interest_gdp.IMF_WEO,US,gg_interest_gdp,1932-12-31,1.019180059433,2026-10-07
US.gg_interest_gdp.IMF_WEO,US,gg_interest_gdp,1933-12-31,1.2222800254822,2026-10-07
US.gg_interest_gdp.IMF_WEO,US,gg_interest_gdp,1934-12-31,1.1463899612427,2026-10-07
US.gg_interest_gdp.IMF_WEO,US,gg_interest_gdp,1935-12-31,1.119950056076,2026-10-07
US.gg_interest_gdp.IMF_WEO,US,gg_interest_gdp,1936-12-31,0.89533698558807,2026-10-07
US.gg_interest_gdp.IMF_WEO,US,gg_interest_gdp,1937-12-31,0.94274699687958,2026-10-07
US.gg_interest_gdp.IMF_WEO,US,gg_interest_gdp,1938-12-31,1.0758199691772,2026-10-07
US.gg_interest_gdp.IMF_WEO,US,gg_interest_gdp,1939-12-31,1.0223300457001,2026-10-07
US.gg_interest_gdp.IMF_WEO,US,gg_interest_gdp,1940-12-31,1.0275800228119,2026-10-07
US.gg_interest_gdp.IMF_WEO,US,gg_interest_gdp,1941-12-31,0.87663197517395,2026-10-07
US.gg_interest_gdp.IMF_WEO,US,gg_interest_gdp,1942-12-31,0.77879202365875,2026-10-07
US.gg_interest_gdp.IMF_WEO,US,gg_interest_gdp,1943-12-31,0.91137099266052,2026-10-07
US.gg_interest_gdp.IMF_WEO,US,gg_interest_gdp,1944-12-31,1.1875200271606,2026-10-07
US.gg_interest_gdp.IMF_WEO,US,gg_interest_gdp,1945-12-31,1.6218299865723,2026-10-07
US.gg_interest_gdp.IMF_WEO,US,gg_interest_gdp,1946-12-31,2.1241400241852,2026-10-07
US.gg_interest_gdp.IMF_WEO,US,gg_interest_gdp,1947-12-31,2.0286099910736,2026-10-07
US.gg_interest_gdp.IMF_WEO,US,gg_interest_gdp,1948-12-31,1.9328999519348,2026-10-07
US.gg_interest_gdp.IMF_WEO,US,gg_interest_gdp,1949-12-31,1.99453997612,2026-10-07
US.gg_interest_gdp.IMF_WEO,US,gg_interest_gdp,1950-12-31,1.9537600278854,2026-10-07
US.gg_interest_gdp.IMF_WEO,US,gg_interest_gdp,1951-12-31,1.6532100439072,2026-10-07
US.gg_interest_gdp.IMF_WEO,US,gg_interest_gdp,1952-12-31,1.6339299678802,2026-10-07
US.gg_interest_gdp.IMF_WEO,US,gg_interest_gdp,1953-12-31,1.7119200229645,2026-10-07
US.gg_interest_gdp.IMF_WEO,US,gg_interest_gdp,1954-12-31,1.6747499704361,2026-10-07
US.gg_interest_gdp.IMF_WEO,US,gg_interest_gdp,1955-12-31,1.5342899560928,2026-10-07
US.gg_interest_gdp.IMF_WEO,US,gg_interest_gdp,1956-12-31,1.5494500398636,2026-10-07
US.gg_interest_gdp.IMF_WEO,US,gg_interest_gdp,1957-12-31,1.5697100162506,2026-10-07
US.gg_interest_gdp.IMF_WEO,US,gg_interest_gdp,1958-12-31,1.6257300376892,2026-10-07
US.gg_interest_gdp.IMF_WEO,US,gg_interest_gdp,1959-12-31,1.4964100122452,2026-10-07
US.gg_interest_gdp.IMF_WEO,US,gg_interest_gdp,1960-12-31,1.4578100442886,2026-10-07
US.gg_interest_gdp.IMF_WEO,US,gg_interest_gdp,1961-12-31,1.3170599937439,2026-10-07
US.gg_interest_gdp.IMF_WEO,US,gg_interest_gdp,1962-12-31,1.3403899669647,2026-10-07
US.gg_interest_gdp.IMF_WEO,US,gg_interest_gdp,1963-12-31,1.3920899629593,2026-10-07
US.gg_interest_gdp.IMF_WEO,US,gg_interest_gdp,1964-12-31,1.3862700462341,2026-10-07
US.gg_interest_gdp.IMF_WEO,US,gg_interest_gdp,1965-12-31,1.3419100046158,2026-10-07
US.gg_interest_gdp.IMF_WEO,US,gg_interest_gdp,1966-12-31,1.3171700239182,2026-10-07
US.gg_interest_gdp.IMF_WEO,US,gg_interest_gdp,1967-12-31,1.3063900470734,2026-10-07
US.gg_interest_gdp.IMF_WEO,US,gg_interest_gdp,1968-12-31,1.3546199798584,2026-10-07
US.gg_interest_gdp.IMF_WEO,US,gg_interest_gdp,1969-12-31,1.3357700109482,2026-10-07
US.gg_interest_gdp.IMF_WEO,US,gg_interest_gdp,1970-12-31,1.4349700212479,2026-10-07
US.gg_interest_gdp.IMF_WEO,US,gg_interest_gdp,1971-12-31,1.3777400255203,2026-10-07
US.gg_interest_gdp.IMF_WEO,US,gg_interest_gdp,1972-12-31,1.3510799407959,2026-10-07
US.gg_interest_gdp.IMF_WEO,US,gg_interest_gdp,1973-12-31,1.4287999868393,2026-10-07
US.gg_interest_gdp.IMF_WEO,US,gg_interest_gdp,1974-12-31,1.4171899557114,2026-10-07
US.gg_interest_gdp.IMF_WEO,US,gg_interest_gdp,1975-12-31,1.4654899835587,2026-10-07
US.gg_interest_gdp.IMF_WEO,US,gg_interest_gdp,1976-12-31,1.6483299732208,2026-10-07
US.gg_interest_gdp.IMF_WEO,US,gg_interest_gdp,1977-12-31,1.5947300195694,2026-10-07
US.gg_interest_gdp.IMF_WEO,US,gg_interest_gdp,1978-12-31,1.6185300350189,2026-10-07
US.gg_interest_gdp.IMF_WEO,US,gg_interest_gdp,1979-12-31,1.6499500274658,2026-10-07
US.gg_interest_gdp.IMF_WEO,US,gg_interest_gdp,1980-12-31,1.7663999795914,2026-10-07
US.gg_interest_gdp.IMF_WEO,US,gg_interest_gdp,1981-12-31,2.1307399272919,2026-10-07
US.gg_interest_gdp.IMF_WEO,US,gg_interest_gdp,1982-12-31,2.4645199775696,2026-10-07
US.gg_interest_gdp.IMF_WEO,US,gg_interest_gdp,1983-12-31,2.5943500995636,2026-10-07
US.gg_interest_gdp.IMF_WEO,US,gg_interest_gdp,1984-12-31,2.8784599304199,2026-10-07
US.gg_interest_gdp.IMF_WEO,US,gg_interest_gdp,1985-12-31,2.9638600349426,2026-10-07
US.gg_interest_gdp.IMF_WEO,US,gg_interest_gdp,1986-12-31,2.8424599170685,2026-10-07
US.gg_interest_gdp.IMF_WEO,US,gg_interest_gdp,1987-12-31,3.0677599906921,2026-10-07
US.gg_interest_gdp.IMF_WEO,US,gg_interest_gdp,1988-12-31,3.0972900390625,2026-10-07
US.gg_interest_gdp.IMF_WEO,US,gg_interest_gdp,1989-12-31,3.2660698890686,2026-10-07
US.gg_interest_gdp.IMF_WEO,US,gg_interest_gdp,1990-12-31,3.3871901035309,2026-10-07
US.gg_interest_gdp.IMF_WEO,US,gg_interest_gdp,1991-12-31,3.5880599021912,2026-10-07
US.gg_interest_gdp.IMF_WEO,US,gg_interest_gdp,1992-12-31,3.5184400081635,2026-10-07
US.gg_interest_gdp.IMF_WEO,US,gg_interest_gdp,1993-12-31,3.3971700668335,2026-10-07
US.gg_interest_gdp.IMF_WEO,US,gg_interest_gdp,1994-12-31,3.3524301052094,2026-10-07
US.gg_interest_gdp.IMF_WEO,US,gg_interest_gdp,1995-12-31,3.5483899116516,2026-10-07
US.gg_interest_gdp.IMF_WEO,US,gg_interest_gdp,1996-12-31,3.3928799629211,2026-10-07
US.gg_interest_gdp.IMF_WEO,US,gg_interest_gdp,1997-12-31,3.2226800918579,2026-10-07
US.gg_interest_gdp.IMF_WEO,US,gg_interest_gdp,1998-12-31,3.0769999027252,2026-10-07
US.gg_interest_gdp.IMF_WEO,US,gg_interest_gdp,1999-12-31,2.7048699855804,2026-10-07
US.gg_interest_gdp.IMF_WEO,US,gg_interest_gdp,2000-12-31,2.4581799507141,2026-10-07
US.gg_interest_gdp.IMF_WEO,US,gg_interest_gdp,2001-12-31,3.2551166257557,2026-10-07
US.gg_interest_gdp.IMF_WEO,US,gg_interest_gdp,2002-12-31,2.8922052136041,2026-10-07
US.gg_interest_gdp.IMF_WEO,US,gg_interest_gdp,2003-12-31,2.6580834377141,2026-10-07
US.gg_interest_gdp.IMF_WEO,US,gg_interest_gdp,2004-12-31,2.5632439577889,2026-10-07
US.gg_interest_gdp.IMF_WEO,US,gg_interest_gdp,2005-12-31,2.7037011473096,2026-10-07
US.gg_interest_gdp.IMF_WEO,US,gg_interest_gdp,2006-12-31,2.7752106314601,2026-10-07
US.gg_interest_gdp.IMF_WEO,US,gg_interest_gdp,2007-12-31,2.9331329775291,2026-10-07
US.gg_interest_gdp.IMF_WEO,US,gg_interest_gdp,2008-12-31,2.776040379557,2026-10-07
US.gg_interest_gdp.IMF_WEO,US,gg_interest_gdp,2009-12-31,2.5741795338461,2026-10-07
US.gg_interest_gdp.IMF_WEO,US,gg_interest_gdp,2010-12-31,2.6777438330517,2026-10-07
US.gg_interest_gdp.IMF_WEO,US,gg_interest_gdp,2011-12-31,2.879884100521,2026-10-07
US.gg_interest_gdp.IMF_WEO,US,gg_interest_gdp,2012-12-31,2.7262973000409,2026-10-07
US.gg_interest_gdp.IMF_WEO,US,gg_interest_gdp,2013-12-31,2.4847110675373,2026-10-07
US.gg_interest_gdp.IMF_WEO,US,gg_interest_gdp,2014-12-31,2.4741191921343,2026-10-07
US.gg_interest_gdp.IMF_WEO,US,gg_interest_gdp,2015-12-31,2.3410002732987,2026-10-07
US.gg_interest_gdp.IMF_WEO,US,gg_interest_gdp,2016-12-31,2.4896968343357,2026-10-07
US.gg_interest_gdp.IMF_WEO,US,gg_interest_gdp,2017-12-31,2.522106250733,2026-10-07
US.gg_interest_gdp.IMF_WEO,US,gg_interest_gdp,2018-12-31,2.7690814403681,2026-10-07
US.gg_interest_gdp.IMF_WEO,US,gg_interest_gdp,2019-12-31,2.8174080981988,2026-10-07
US.gg_interest_gdp.IMF_WEO,US,gg_interest_gdp,2020-12-31,2.5348632941564,2026-10-07
US.gg_interest_gdp.IMF_WEO,US,gg_interest_gdp,2021-12-31,2.6641967659474,2026-10-07
US.gg_interest_gdp.IMF_WEO,US,gg_interest_gdp,2022-12-31,3.1314585524245,2026-10-07
US.gg_interest_gdp.IMF_WEO,US,gg_interest_gdp,2023-12-31,3.5881272135627,2026-10-07
US.gg_interest_gdp.IMF_WEO,US,gg_interest_gdp,2024-12-31,3.954205104269,2026-10-07
US.gg_net_lending_gdp.IMF_WEO,US,gg_net_lending_gdp,2001-12-31,-0.5,2026-10-07
US.gg_net_lending_gdp.IMF_WEO,US,gg_net_lending_gdp,2002-12-31,-3.8,2026-10-07
US.gg_net_lending_gdp.IMF_WEO,US,gg_net_lending_gdp,2003-12-31,-4.8,2026-10-07
US.gg_net_lending_gdp.IMF_WEO,US,gg_net_lending_gdp,2004-12-31,-4.2,2026-10-07
US.gg_net_lending_gdp.IMF_WEO,US,gg_net_lending_gdp,2005-12-31,-3.1,2026-10-07
US.gg_net_lending_gdp.IMF_WEO,US,gg_net_lending_gdp,2006-12-31,-2.0,2026-10-07
US.gg_net_lending_gdp.IMF_WEO,US,gg_net_lending_gdp,2007-12-31,-2.9,2026-10-07
US.gg_net_lending_gdp.IMF_WEO,US,gg_net_lending_gdp,2008-12-31,-6.6,2026-10-07
US.gg_net_lending_gdp.IMF_WEO,US,gg_net_lending_gdp,2009-12-31,-13.2,2026-10-07
US.gg_net_lending_gdp.IMF_WEO,US,gg_net_lending_gdp,2010-12-31,-11.0,2026-10-07
US.gg_net_lending_gdp.IMF_WEO,US,gg_net_lending_gdp,2011-12-31,-9.7,2026-10-07
US.gg_net_lending_gdp.IMF_WEO,US,gg_net_lending_gdp,2012-12-31,-8.1,2026-10-07
US.gg_net_lending_gdp.IMF_WEO,US,gg_net_lending_gdp,2013-12-31,-4.6,2026-10-07
US.gg_net_lending_gdp.IMF_WEO,US,gg_net_lending_gdp,2014-12-31,-4.0,2026-10-07
US.gg_net_lending_gdp.IMF_WEO,US,gg_net_lending_gdp,2015-12-31,-3.5,2026-10-07
US.gg_net_lending_gdp.IMF_WEO,US,gg_net_lending_gdp,2016-12-31,-4.4,2026-10-07
US.gg_net_lending_gdp.IMF_WEO,US,gg_net_lending_gdp,2017-12-31,-4.8,2026-10-07
US.gg_net_lending_gdp.IMF_WEO,US,gg_net_lending_gdp,2018-12-31,-5.3,2026-10-07
US.gg_net_lending_gdp.IMF_WEO,US,gg_net_lending_gdp,2019-12-31,-5.8,2026-10-07
US.gg_net_lending_gdp.IMF_WEO,US,gg_net_lending_gdp,2020-12-31,-14.1,2026-10-07
US.gg_net_lending_gdp.IMF_WEO,US,gg_net_lending_gdp,2021-12-31,-11.5,2026-10-07
US.gg_net_lending_gdp.IMF_WEO,US,gg_net_lending_gdp,2022-12-31,-3.7,2026-10-07
US.gg_net_lending_gdp.IMF_WEO,US,gg_net_lending_gdp,2023-12-31,-7.9,2026-10-07
US.gg_net_lending_gdp.IMF_WEO,US,gg_net_lending_gdp,2024-12-31,-7.9,2026-10-07
US.gg_net_lending_gdp.IMF_WEO,US,gg_net_lending_gdp,2025-12-31,-6.8,2026-10-07
US.gg_revenue_gdp.IMF_WEO,US,gg_revenue_gdp,1929-12-31,3.7238099575043,2026-10-07
US.gg_revenue_gdp.IMF_WEO,US,gg_revenue_gdp,1930-12-31,4.4445600509644,2026-10-07
US.gg_revenue_gdp.IMF_WEO,US,gg_revenue_gdp,1931-12-31,4.0673098564148,2026-10-07
US.gg_revenue_gdp.IMF_WEO,US,gg_revenue_gdp,1932-12-31,3.271919965744,2026-10-07
US.gg_revenue_gdp.IMF_WEO,US,gg_revenue_gdp,1933-12-31,3.5404999256134,2026-10-07
US.gg_revenue_gdp.IMF_WEO,US,gg_revenue_gdp,1934-12-31,4.5681400299072,2026-10-07
US.gg_revenue_gdp.IMF_WEO,US,gg_revenue_gdp,1935-12-31,5.0558700561523,2026-10-07
US.gg_revenue_gdp.IMF_WEO,US,gg_revenue_gdp,1936-12-31,4.7754597663879,2026-10-07
US.gg_revenue_gdp.IMF_WEO,US,gg_revenue_gdp,1937-12-31,5.3923997879028,2026-10-07
US.gg_revenue_gdp.IMF_WEO,US,gg_revenue_gdp,1938-12-31,6.4901399612427,2026-10-07
US.gg_revenue_gdp.IMF_WEO,US,gg_revenue_gdp,1939-12-31,5.4120302200317,2026-10-07
US.gg_revenue_gdp.IMF_WEO,US,gg_revenue_gdp,1940-12-31,6.784019947052,2026-10-07
US.gg_revenue_gdp.IMF_WEO,US,gg_revenue_gdp,1941-12-31,7.2628297805786,2026-10-07
US.gg_revenue_gdp.IMF_WEO,US,gg_revenue_gdp,1942-12-31,9.3292198181152,2026-10-07
US.gg_revenue_gdp.IMF_WEO,US,gg_revenue_gdp,1943-12-31,12.637000083923,2026-10-07
US.gg_revenue_gdp.IMF_WEO,US,gg_revenue_gdp,1944-12-31,21.755199432373,2026-10-07
US.gg_revenue_gdp.IMF_WEO,US,gg_revenue_gdp,1945-12-31,22.484100341797,2026-10-07
US.gg_revenue_gdp.IMF_WEO,US,gg_revenue_gdp,1946-12-31,19.581600189209,2026-10-07
US.gg_revenue_gdp.IMF_WEO,US,gg_revenue_gdp,1947-12-31,17.826000213623,2026-10-07
US.gg_revenue_gdp.IMF_WEO,US,gg_revenue_gdp,1948-12-31,16.84880065918,2026-10-07
US.gg_revenue_gdp.IMF_WEO,US,gg_revenue_gdp,1949-12-31,15.554100036621,2026-10-07
US.gg_revenue_gdp.IMF_WEO,US,gg_revenue_gdp,1950-12-31,13.934700012207,2026-10-07
US.gg_revenue_gdp.IMF_WEO,US,gg_revenue_gdp,1951-12-31,15.735300064087,2026-10-07
US.gg_revenue_gdp.IMF_WEO,US,gg_revenue_gdp,1952-12-31,18.981599807739,2026-10-07
US.gg_revenue_gdp.IMF_WEO,US,gg_revenue_gdp,1953-12-31,18.844200134277,2026-10-07
US.gg_revenue_gdp.IMF_WEO,US,gg_revenue_gdp,1954-12-31,18.830200195312,2026-10-07
US.gg_revenue_gdp.IMF_WEO,US,gg_revenue_gdp,1955-12-31,15.78330039978,2026-10-07
US.gg_revenue_gdp.IMF_WEO,US,gg_revenue_gdp,1956-12-31,17.039300918579,2026-10-07
US.gg_revenue_gdp.IMF_WEO,US,gg_revenue_gdp,1957-12-31,17.347700119019,2026-10-07
US.gg_revenue_gdp.IMF_WEO,US,gg_revenue_gdp,1958-12-31,17.045400619507,2026-10-07
US.gg_revenue_gdp.IMF_WEO,US,gg_revenue_gdp,1959-12-31,15.643300056458,2026-10-07
US.gg_revenue_gdp.IMF_WEO,US,gg_revenue_gdp,1960-12-31,28.098499298096,2026-10-07
US.gg_revenue_gdp.IMF_WEO,US,gg_revenue_gdp,1961-12-31,28.130800247192,2026-10-07
US.gg_revenue_gdp.IMF_WEO,US,gg_revenue_gdp,1962-12-31,28.33219909668,2026-10-07
US.gg_revenue_gdp.IMF_WEO,US,gg_revenue_gdp,1963-12-31,28.876600265503,2026-10-07
US.gg_revenue_gdp.IMF_WEO,US,gg_revenue_gdp,1964-12-31,27.752300262451,2026-10-07
US.gg_revenue_gdp.IMF_WEO,US,gg_revenue_gdp,1965-12-31,27.727300643921,2026-10-07
US.gg_revenue_gdp.IMF_WEO,US,gg_revenue_gdp,1966-12-31,28.364000320435,2026-10-07
US.gg_revenue_gdp.IMF_WEO,US,gg_revenue_gdp,1967-12-31,28.785900115967,2026-10-07
US.gg_revenue_gdp.IMF_WEO,US,gg_revenue_gdp,1968-12-31,30.30060005188,2026-10-07
US.gg_revenue_gdp.IMF_WEO,US,gg_revenue_gdp,1969-12-31,31.427900314331,2026-10-07
US.gg_revenue_gdp.IMF_WEO,US,gg_revenue_gdp,1970-12-31,30.240299224854,2026-10-07
US.gg_revenue_gdp.IMF_WEO,US,gg_revenue_gdp,1971-12-31,29.702299118042,2026-10-07
US.gg_revenue_gdp.IMF_WEO,US,gg_revenue_gdp,1972-12-31,30.903099060059,2026-10-07
US.gg_revenue_gdp.IMF_WEO,US,gg_revenue_gdp,1973-12-31,31.059299468994,2026-10-07
US.gg_revenue_gdp.IMF_WEO,US,gg_revenue_gdp,1974-12-31,31.653299331665,2026-10-07
US.gg_revenue_gdp.IMF_WEO,US,gg_revenue_gdp,1975-12-31,29.828899383545,2026-10-07
US.gg_revenue_gdp.IMF_WEO,US,gg_revenue_gdp,1976-12-31,30.533100128174,2026-10-07
US.gg_revenue_gdp.IMF_WEO,US,gg_revenue_gdp,1977-12-31,30.814599990845,2026-10-07
US.gg_revenue_gdp.IMF_WEO,US,gg_revenue_gdp,1978-12-31,30.902500152588,2026-10-07
US.gg_revenue_gdp.IMF_WEO,US,gg_revenue_gdp,1979-12-31,31.251499176025,2026-10-07
US.gg_revenue_gdp.IMF_WEO,US,gg_revenue_gdp,1980-12-31,31.574699401855,2026-10-07
US.gg_revenue_gdp.IMF_WEO,US,gg_revenue_gdp,1981-12-31,32.304100036621,2026-10-07
US.gg_revenue_gdp.IMF_WEO,US,gg_revenue_gdp,1982-12-31,32.02560043335,2026-10-07
US.gg_revenue_gdp.IMF_WEO,US,gg_revenue_gdp,1983-12-31,31.389699935913,2026-10-07
US.gg_revenue_gdp.IMF_WEO,US,gg_revenue_gdp,1984-12-31,31.308099746704,2026-10-07
US.gg_revenue_gdp.IMF_WEO,US,gg_revenue_gdp,1985-12-31,31.818199157715,2026-10-07
US.gg_revenue_gdp.IMF_WEO,US,gg_revenue_gdp,1986-12-31,32.023700714111,2026-10-07
US.gg_revenue_gdp.IMF_WEO,US,gg_revenue_gdp,1987-12-31,32.765201568604,2026-10-07
US.gg_revenue_gdp.IMF_WEO,US,gg_revenue_gdp,1988-12-31,32.624198913574,2026-10-07
US.gg_revenue_gdp.IMF_WEO,US,gg_revenue_gdp,1989-12-31,32.921501159668,2026-10-07
US.gg_revenue_gdp.IMF_WEO,US,gg_revenue_gdp,1990-12-31,32.855701446533,2026-10-07
US.gg_revenue_gdp.IMF_WEO,US,gg_revenue_gdp,1991-12-31,32.94340133667,2026-10-07
US.gg_revenue_gdp.IMF_WEO,US,gg_revenue_gdp,1992-12-31,32.763000488281,2026-10-07
US.gg_revenue_gdp.IMF_WEO,US,gg_revenue_gdp,1993-12-31,33.023399353027,2026-10-07
US.gg_revenue_gdp.IMF_WEO,US,gg_revenue_gdp,1994-12-31,33.407600402832,2026-10-07
US.gg_revenue_gdp.IMF_WEO,US,gg_revenue_gdp,1995-12-31,33.782600402832,2026-10-07
US.gg_revenue_gdp.IMF_WEO,US,gg_revenue_gdp,1996-12-31,34.260501861572,2026-10-07
US.gg_revenue_gdp.IMF_WEO,US,gg_revenue_gdp,1997-12-31,34.553298950195,2026-10-07
US.gg_revenue_gdp.IMF_WEO,US,gg_revenue_gdp,1998-12-31,34.929000854492,2026-10-07
US.gg_revenue_gdp.IMF_WEO,US,gg_revenue_gdp,1999-12-31,34.884799957275,2026-10-07
US.gg_revenue_gdp.IMF_WEO,US,gg_revenue_gdp,2000-12-31,35.353298187256,2026-10-07
US.gg_revenue_gdp.IMF_WEO,US,gg_revenue_gdp,2001-12-31,32.257174379898,2026-10-07
US.gg_revenue_gdp.IMF_WEO,US,gg_revenue_gdp,2002-12-31,29.877016405742,2026-10-07
US.gg_revenue_gdp.IMF_WEO,US,gg_revenue_gdp,2003-12-31,29.266456886732,2026-10-07
US.gg_revenue_gdp.IMF_WEO,US,gg_revenue_gdp,2004-12-31,29.475504770947,2026-10-07
US.gg_revenue_gdp.IMF_WEO,US,gg_revenue_gdp,2005-12-31,30.852920424566,2026-10-07
US.gg_revenue_gdp.IMF_WEO,US,gg_revenue_gdp,2006-12-31,31.65565013463,2026-10-07
US.gg_revenue_gdp.IMF_WEO,US,gg_revenue_gdp,2007-12-31,31.648707186901,2026-10-07
US.gg_revenue_gdp.IMF_WEO,US,gg_revenue_gdp,2008-12-31,30.53160323226,2026-10-07
US.gg_revenue_gdp.IMF_WEO,US,gg_revenue_gdp,2009-12-31,28.221832360021,2026-10-07
US.gg_revenue_gdp.IMF_WEO,US,gg_revenue_gdp,2010-12-31,28.770098960228,2026-10-07
US.gg_revenue_gdp.IMF_WEO,US,gg_revenue_gdp,2011-12-31,29.080410071331,2026-10-07
US.gg_revenue_gdp.IMF_WEO,US,gg_revenue_gdp,2012-12-31,29.108961206353,2026-10-07
US.gg_revenue_gdp.IMF_WEO,US,gg_revenue_gdp,2013-12-31,31.221606955883,2026-10-07
US.gg_revenue_gdp.IMF_WEO,US,gg_revenue_gdp,2014-12-31,31.297932062613,2026-10-07
US.gg_revenue_gdp.IMF_WEO,US,gg_revenue_gdp,2015-12-31,31.501437551244,2026-10-07
US.gg_revenue_gdp.IMF_WEO,US,gg_revenue_gdp,2016-12-31,30.976702880632,2026-10-07
US.gg_revenue_gdp.IMF_WEO,US,gg_revenue_gdp,2017-12-31,30.399880685903,2026-10-07
US.gg_revenue_gdp.IMF_WEO,US,gg_revenue_gdp,2018-12-31,30.014477265658,2026-10-07
US.gg_revenue_gdp.IMF_WEO,US,gg_revenue_gdp,2019-12-31,30.013549226496,2026-10-07
US.gg_revenue_gdp.IMF_WEO,US,gg_revenue_gdp,2020-12-31,30.601070629501,2026-10-07
US.gg_revenue_gdp.IMF_WEO,US,gg_revenue_gdp,2021-12-31,31.76734462491,2026-10-07
US.gg_revenue_gdp.IMF_WEO,US,gg_revenue_gdp,2022-12-31,33.069623022422,2026-10-07
US.gg_revenue_gdp.IMF_WEO,US,gg_revenue_gdp,2023-12-31,29.851676464772,2026-10-07
US.gg_revenue_gdp.IMF_WEO,US,gg_revenue_gdp,2024-12-31,29.886560612874,2026-10-07
US.rgdp_growth.IMF_WEO,US,rgdp_growth,1980-12-31,-0.3,2026-10-07
US.rgdp_growth.IMF_WEO,US,rgdp_growth,1981-12-31,2.5,2026-10-07
US.rgdp_growth.IMF_WEO,US,rgdp_growth,1982-12-31,-1.8,2026-10-07
US.rgdp_growth.IMF_WEO,US,rgdp_growth,1983-12-31,4.6,2026-10-07
US.rgdp_growth.IMF_WEO,US,rgdp_growth,1984-12-31,7.2,2026-10-07
US.rgdp_growth.IMF_WEO,US,rgdp_growth,1985-12-31,4.2,2026-10-07
US.rgdp_growth.IMF_WEO,US,rgdp_growth,1986-12-31,3.5,2026-10-07
US.rgdp_growth.IMF_WEO,US,rgdp_growth,1987-12-31,3.5,2026-10-07
US.rgdp_growth.IMF_WEO,US,rgdp_growth,1988-12-31,4.2,2026-10-07
US.rgdp_growth.IMF_WEO,US,rgdp_growth,1989-12-31,3.7,2026-10-07
US.rgdp_growth.IMF_WEO,US,rgdp_growth,1990-12-31,1.9,2026-10-07
US.rgdp_growth.IMF_WEO,US,rgdp_growth,1991-12-31,-0.1,2026-10-07
US.rgdp_growth.IMF_WEO,US,rgdp_growth,1992-12-31,3.5,2026-10-07
US.rgdp_growth.IMF_WEO,US,rgdp_growth,1993-12-31,2.8,2026-10-07
US.rgdp_growth.IMF_WEO,US,rgdp_growth,1994-12-31,4.0,2026-10-07
US.rgdp_growth.IMF_WEO,US,rgdp_growth,1995-12-31,2.7,2026-10-07
US.rgdp_growth.IMF_WEO,US,rgdp_growth,1996-12-31,3.8,2026-10-07
US.rgdp_growth.IMF_WEO,US,rgdp_growth,1997-12-31,4.4,2026-10-07
US.rgdp_growth.IMF_WEO,US,rgdp_growth,1998-12-31,4.5,2026-10-07
US.rgdp_growth.IMF_WEO,US,rgdp_growth,1999-12-31,4.8,2026-10-07
US.rgdp_growth.IMF_WEO,US,rgdp_growth,2000-12-31,4.1,2026-10-07
US.rgdp_growth.IMF_WEO,US,rgdp_growth,2001-12-31,1.0,2026-10-07
US.rgdp_growth.IMF_WEO,US,rgdp_growth,2002-12-31,1.7,2026-10-07
US.rgdp_growth.IMF_WEO,US,rgdp_growth,2003-12-31,2.8,2026-10-07
US.rgdp_growth.IMF_WEO,US,rgdp_growth,2004-12-31,3.8,2026-10-07
US.rgdp_growth.IMF_WEO,US,rgdp_growth,2005-12-31,3.5,2026-10-07
US.rgdp_growth.IMF_WEO,US,rgdp_growth,2006-12-31,2.8,2026-10-07
US.rgdp_growth.IMF_WEO,US,rgdp_growth,2007-12-31,2.0,2026-10-07
US.rgdp_growth.IMF_WEO,US,rgdp_growth,2008-12-31,0.1,2026-10-07
US.rgdp_growth.IMF_WEO,US,rgdp_growth,2009-12-31,-2.6,2026-10-07
US.rgdp_growth.IMF_WEO,US,rgdp_growth,2010-12-31,2.7,2026-10-07
US.rgdp_growth.IMF_WEO,US,rgdp_growth,2011-12-31,1.6,2026-10-07
US.rgdp_growth.IMF_WEO,US,rgdp_growth,2012-12-31,2.3,2026-10-07
US.rgdp_growth.IMF_WEO,US,rgdp_growth,2013-12-31,2.1,2026-10-07
US.rgdp_growth.IMF_WEO,US,rgdp_growth,2014-12-31,2.5,2026-10-07
US.rgdp_growth.IMF_WEO,US,rgdp_growth,2015-12-31,2.9,2026-10-07
US.rgdp_growth.IMF_WEO,US,rgdp_growth,2016-12-31,1.8,2026-10-07
US.rgdp_growth.IMF_WEO,US,rgdp_growth,2017-12-31,2.5,2026-10-07
US.rgdp_growth.IMF_WEO,US,rgdp_growth,2018-12-31,3.0,2026-10-07
US.rgdp_growth.IMF_WEO,US,rgdp_growth,2019-12-31,2.6,2026-10-07
US.rgdp_growth.IMF_WEO,US,rgdp_growth,2020-12-31,-2.1,2026-10-07
US.rgdp_growth.IMF_WEO,US,rgdp_growth,2021-12-31,6.2,2026-10-07
US.rgdp_growth.IMF_WEO,US,rgdp_growth,2022-12-31,2.5,2026-10-07
US.rgdp_growth.IMF_WEO,US,rgdp_growth,2023-12-31,2.9,2026-10-07
US.rgdp_growth.IMF_WEO,US,rgdp_growth,2024-12-31,2.8,2026-10-07
US.rgdp_growth.IMF_WEO,US,rgdp_growth,2025-12-31,2.1,2026-10-07
