series_id,country,concept,date,value,vintage
AR.cpi_yoy.WORLDBANK,AR,cpi_yoy,2018-12-31,34.2772237131003,2026-10-07T00:00:00
AR.cpi_yoy.WORLDBANK,AR,cpi_yoy,2019-12-31,53.5483043492339,2026-10-07T00:00:00
AR.cpi_yoy.WORLDBANK,AR,cpi_yoy,2020-12-31,42.0150947376509,2026-10-07T00:00:00
AR.cpi_yoy.WORLDBANK,AR,cpi_yoy,2021-12-31,48.4093786255199,2026-10-07T00:00:00
AR.cpi_yoy.WORLDBANK,AR,cpi_yoy,2022-12-31,72.430757531824,2026-10-07T00:00:00
AR.cpi_yoy.WORLDBANK,AR,cpi_yoy,2023-12-31,133.488935594175,2026-10-07T00:00:00
AR.cpi_yoy.WORLDBANK,AR,cpi_yoy,2024-12-31,219.883929014578,2026-10-07T00:00:00
AR.fx_lcu_per_usd.WORLDBANK,AR,fx_lcu_per_usd,1963-12-31,1.3871666666625e-11,2026-10-07T00:00:00
AR.fx_lcu_per_usd.WORLDBANK,AR,fx_lcu_per_usd,1964-12-31,1.40391666666167e-11,2026-10-07T00:00:00
AR.fx_lcu_per_usd.WORLDBANK,AR,fx_lcu_per_usd,1965-12-31,1.69566666666417e-11,2026-10-07T00:00:00
AR.fx_lcu_per_usd.WORLDBANK,AR,fx_lcu_per_usd,1966-12-31,2.09149999999667e-11,2026-10-07T00:00:00
AR.fx_lcu_per_usd.WORLDBANK,AR,fx_lcu_per_usd,1967-12-31,3.3342499999991696e-11,2026-10-07T00:00:00
AR.fx_lcu_per_usd.WORLDBANK,AR,fx_lcu_per_usd,1968-12-31,3.5e-11,2026-10-07T00:00:00
AR.fx_lcu_per_usd.WORLDBANK,AR,fx_lcu_per_usd,1969-12-31,3.5e-11,2026-10-07T00:00:00
AR.fx_lcu_per_usd.WORLDBANK,AR,fx_lcu_per_usd,1970-12-31,3.79166666566667e-11,2026-10-07T00:00:00
AR.fx_lcu_per_usd.WORLDBANK,AR,fx_lcu_per_usd,1971-12-31,4.521666665666669e-11,2026-10-07T00:00:00
AR.fx_lcu_per_usd.WORLDBANK,AR,fx_lcu_per_usd,1972-12-31,4.999999999e-11,2026-10-07T00:00:00
AR.fx_lcu_per_usd.WORLDBANK,AR,fx_lcu_per_usd,1973-12-31,4.999999999e-11,2026-10-07T00:00:00
AR.fx_lcu_per_usd.WORLDBANK,AR,fx_lcu_per_usd,1974-12-31,4.999999999e-11,2026-10-07T00:00:00
AR.fx_lcu_per_usd.WORLDBANK,AR,fx_lcu_per_usd,1975-12-31,3.65749999995e-10,2026-10-07T00:00:00
AR.fx_lcu_per_usd.WORLDBANK,AR,fx_lcu_per_usd,1976-12-31,1.3998333333316702e-09,2026-10-07T00:00:00
AR.fx_lcu_per_usd.WORLDBANK,AR,fx_lcu_per_usd,1977-12-31,4.07633333332834e-09,2026-10-07T00:00:00
AR.fx_lcu_per_usd.WORLDBANK,AR,fx_lcu_per_usd,1978-12-31,7.957499999995831e-09,2026-10-07T00:00:00
AR.fx_lcu_per_usd.WORLDBANK,AR,fx_lcu_per_usd,1979-12-31,1.31696666666408e-08,2026-10-07T00:00:00
AR.fx_lcu_per_usd.WORLDBANK,AR,fx_lcu_per_usd,1980-12-31,1.83715833333225e-08,2026-10-07T00:00:00
AR.fx_lcu_per_usd.WORLDBANK,AR,fx_lcu_per_usd,1981-12-31,4.40269166666725e-08,2026-10-07T00:00:00
AR.fx_lcu_per_usd.WORLDBANK,AR,fx_lcu_per_usd,1982-12-31,2.59225333333263e-07,2026-10-07T00:00:00
AR.fx_lcu_per_usd.WORLDBANK,AR,fx_lcu_per_usd,1983-12-31,1.05299574995841e-06,2026-10-07T00:00:00
AR.fx_lcu_per_usd.WORLDBANK,AR,fx_lcu_per_usd,1984-12-31,6.7649116666e-06,2026-10-07T00:00:00
AR.fx_lcu_per_usd.WORLDBANK,AR,fx_lcu_per_usd,1985-12-31,6.01809e-05,2026-10-07T00:00:00
AR.fx_lcu_per_usd.WORLDBANK,AR,fx_lcu_per_usd,1986-12-31,9.43031666666667e-05,2026-10-07T00:00:00
AR.fx_lcu_per_usd.WORLDBANK,AR,fx_lcu_per_usd,1987-12-31,0.0002144298333333,2026-10-07T00:00:00
AR.fx_lcu_per_usd.WORLDBANK,AR,fx_lcu_per_usd,1988-12-31,0.0008752604166666,2026-10-07T00:00:00
AR.fx_lcu_per_usd.WORLDBANK,AR,fx_lcu_per_usd,1989-12-31,0.0423339608333333,2026-10-07T00:00:00
AR.fx_lcu_per_usd.WORLDBANK,AR,fx_lcu_per_usd,1990-12-31,0.487589083333333,2026-10-07T00:00:00
AR.fx_lcu_per_usd.WORLDBANK,AR,fx_lcu_per_usd,1991-12-31,0.953554416666667,2026-10-07T00:00:00
AR.fx_lcu_per_usd.WORLDBANK,AR,fx_lcu_per_usd,1992-12-31,0.990641666666667,2026-10-07T00:00:00
AR.fx_lcu_per_usd.WORLDBANK,AR,fx_lcu_per_usd,1993-12-31,0.998945833333333,2026-10-07T00:00:00
AR.fx_lcu_per_usd.WORLDBANK,AR,fx_lcu_per_usd,1994-12-31,0.999008333333333,2026-10-07T00:00:00
AR.fx_lcu_per_usd.WORLDBANK,AR,fx_lcu_per_usd,1995-12-31,0.99975,2026-10-07T00:00:00
AR.fx_lcu_per_usd.WORLDBANK,AR,fx_lcu_per_usd,1996-12-31,0.9996625,2026-10-07T00:00:00
AR.fx_lcu_per_usd.WORLDBANK,AR,fx_lcu_per_usd,1997-12-31,0.9995,2026-10-07T00:00:00
AR.fx_lcu_per_usd.WORLDBANK,AR,fx_lcu_per_usd,1998-12-31,0.9995,2026-10-07T00:00:00
AR.fx_lcu_per_usd.WORLDBANK,AR,fx_lcu_per_usd,1999-12-31,0.9995,2026-10-07T00:00:00
AR.fx_lcu_per_usd.WORLDBANK,AR,fx_lcu_per_usd,2000-12-31,0.9995,2026-10-07T00:00:00
AR.fx_lcu_per_usd.WORLDBANK,AR,fx_lcu_per_usd,2001-12-31,0.9995,2026-10-07T00:00:00
AR.fx_lcu_per_usd.WORLDBANK,AR,fx_lcu_per_usd,2002-12-31,3.06325666666667,2026-10-07T00:00:00
AR.fx_lcu_per_usd.WORLDBANK,AR,fx_lcu_per_usd,2003-12-31,2.90062916666667,2026-10-07T00:00:00
AR.fx_lcu_per_usd.WORLDBANK,AR,fx_lcu_per_usd,2004-12-31,2.92330081890332,2026-10-07T00:00:00
AR.fx_lcu_per_usd.WORLDBANK,AR,fx_lcu_per_usd,2005-12-31,2.9036575,2026-10-07T00:00:00
AR.fx_lcu_per_usd.WORLDBANK,AR,fx_lcu_per_usd,2006-12-31,3.05431333333333,2026-10-07T00:00:00
AR.fx_lcu_per_usd.WORLDBANK,AR,fx_lcu_per_usd,2007-12-31,3.09564884920635,2026-10-07T00:00:00
AR.fx_lcu_per_usd.WORLDBANK,AR,fx_lcu_per_usd,2008-12-31,3.14416455988456,2026-10-07T00:00:00
AR.fx_lcu_per_usd.WORLDBANK,AR,fx_lcu_per_usd,2009-12-31,3.71010683052328,2026-10-07T00:00:00
AR.fx_lcu_per_usd.WORLDBANK,AR,fx_lcu_per_usd,2010-12-31,3.8962951544705,2026-10-07T00:00:00
AR.fx_lcu_per_usd.WORLDBANK,AR,fx_lcu_per_usd,2011-12-31,4.11013957621326,2026-10-07T00:00:00
AR.fx_lcu_per_usd.WORLDBANK,AR,fx_lcu_per_usd,2012-12-31,4.53693436018746,2026-10-07T00:00:00
AR.fx_lcu_per_usd.WORLDBANK,AR,fx_lcu_per_usd,2013-12-31,5.45935266465704,2026-10-07T00:00:00
AR.fx_lcu_per_usd.WORLDBANK,AR,fx_lcu_per_usd,2014-12-31,8.07527599281334,2026-10-07T00:00:00
AR.fx_lcu_per_usd.WORLDBANK,AR,fx_lcu_per_usd,2015-12-31,9.23318552472429,2026-10-07T00:00:00
AR.fx_lcu_per_usd.WORLDBANK,AR,fx_lcu_per_usd,2016-12-31,14.7581750873396,2026-10-07T00:00:00
AR.fx_lcu_per_usd.WORLDBANK,AR,fx_lcu_per_usd,2017-12-31,16.5627069251411,2026-10-07T00:00:00
AR.fx_lcu_per_usd.WORLDBANK,AR,fx_lcu_per_usd,2018-12-31,28.0949916666667,2026-10-07T00:00:00
AR.fx_lcu_per_usd.WORLDBANK,AR,fx_lcu_per_usd,2019-12-31,48.1478916666667,2026-10-07T00:00:00
AR.fx_lcu_per_usd.WORLDBANK,AR,fx_lcu_per_usd,2020-12-31,70.5391666666667,2026-10-07T00:00:00
AR.fx_lcu_per_usd.WORLDBANK,AR,fx_lcu_per_usd,2021-12-31,94.9907416666667,2026-10-07T00:00:00
AR.fx_lcu_per_usd.WORLDBANK,AR,fx_lcu_per_usd,2022-12-31,130.61655,2026-10-07T00:00:00
AR.fx_lcu_per_usd.WORLDBANK,AR,fx_lcu_per_usd,2023-12-31,296.258041666667,2026-10-07T00:00:00
AR.fx_lcu_per_usd.WORLDBANK,AR,fx_lcu_per_usd,2024-12-31,914.694883333333,2026-10-07T00:00:00
AR.fx_lcu_per_usd.WORLDBANK,AR,fx_lcu_per_usd,2025-12-31,1240.85125,2026-10-07T00:00:00
AR.fx_reserves_usd.WORLDBANK,AR,fx_reserves_usd,1960-12-31,0.5272336000000001,2026-10-07T00:00:00
AR.fx_reserves_usd.WORLDBANK,AR,fx_reserves_usd,1961-12-31,0.38640755,2026-10-07T00:00:00
AR.fx_reserves_usd.WORLDBANK,AR,fx_reserves_usd,1962-12-31,0.11474124,2026-10-07T00:00:00
AR.fx_reserves_usd.WORLDBANK,AR,fx_reserves_usd,1963-12-31,0.26980744,2026-10-07T00:00:00
AR.fx_reserves_usd.WORLDBANK,AR,fx_reserves_usd,1964-12-31,0.1532936,2026-10-07T00:00:00
AR.fx_reserves_usd.WORLDBANK,AR,fx_reserves_usd,1965-12-31,0.23609584,2026-10-07T00:00:00
AR.fx_reserves_usd.WORLDBANK,AR,fx_reserves_usd,1966-12-31,0.21617448,2026-10-07T00:00:00
AR.fx_reserves_usd.WORLDBANK,AR,fx_reserves_usd,1967-12-31,0.7272084000000001,2026-10-07T00:00:00
AR.fx_reserves_usd.WORLDBANK,AR,fx_reserves_usd,1968-12-31,0.7808333000000001,2026-10-07T00:00:00
AR.fx_reserves_usd.WORLDBANK,AR,fx_reserves_usd,1969-12-31,0.5383100000000001,2026-10-07T00:00:00
AR.fx_reserves_usd.WORLDBANK,AR,fx_reserves_usd,1970-12-31,0.68178841,2026-10-07T00:00:00
AR.fx_reserves_usd.WORLDBANK,AR,fx_reserves_usd,1971-12-31,0.304314527124963,2026-10-07T00:00:00
AR.fx_reserves_usd.WORLDBANK,AR,fx_reserves_usd,1972-12-31,0.5724497551754021,2026-10-07T00:00:00
AR.fx_reserves_usd.WORLDBANK,AR,fx_reserves_usd,1973-12-31,1.59725550579734,2026-10-07T00:00:00
AR.fx_reserves_usd.WORLDBANK,AR,fx_reserves_usd,1974-12-31,1.88957948131192,2026-10-07T00:00:00
AR.fx_reserves_usd.WORLDBANK,AR,fx_reserves_usd,1975-12-31,0.84822474610848,2026-10-07T00:00:00
AR.fx_reserves_usd.WORLDBANK,AR,fx_reserves_usd,1976-12-31,1.98331622428095,2026-10-07T00:00:00
AR.fx_reserves_usd.WORLDBANK,AR,fx_reserves_usd,1977-12-31,3.84394235542708,2026-10-07T00:00:00
AR.fx_reserves_usd.WORLDBANK,AR,fx_reserves_usd,1978-12-31,5.93332254178131,2026-10-07T00:00:00
AR.fx_reserves_usd.WORLDBANK,AR,fx_reserves_usd,1979-12-31,11.6265057601271,2026-10-07T00:00:00
AR.fx_reserves_usd.WORLDBANK,AR,fx_reserves_usd,1980-12-31,9.29675605732018,2026-10-07T00:00:00
AR.fx_reserves_usd.WORLDBANK,AR,fx_reserves_usd,1981-12-31,5.00622677617427,2026-10-07T00:00:00
AR.fx_reserves_usd.WORLDBANK,AR,fx_reserves_usd,1982-12-31,4.503960609471711,2026-10-07T00:00:00
AR.fx_reserves_usd.WORLDBANK,AR,fx_reserves_usd,1983-12-31,2.8402739650320403,2026-10-07T00:00:00
AR.fx_reserves_usd.WORLDBANK,AR,fx_reserves_usd,1984-12-31,2.5905051320289503,2026-10-07T00:00:00
AR.fx_reserves_usd.WORLDBANK,AR,fx_reserves_usd,1985-12-31,4.702644,2026-10-07T00:00:00
AR.fx_reserves_usd.WORLDBANK,AR,fx_reserves_usd,1986-12-31,4.4274057,2026-10-07T00:00:00
AR.fx_reserves_usd.WORLDBANK,AR,fx_reserves_usd,1987-12-31,3.7339693,2026-10-07T00:00:00
AR.fx_reserves_usd.WORLDBANK,AR,fx_reserves_usd,1988-12-31,5.15748078656928,2026-10-07T00:00:00
AR.fx_reserves_usd.WORLDBANK,AR,fx_reserves_usd,1989-12-31,3.21687525773385,2026-10-07T00:00:00
AR.fx_reserves_usd.WORLDBANK,AR,fx_reserves_usd,1990-12-31,6.22204036299099,2026-10-07T00:00:00
AR.fx_reserves_usd.WORLDBANK,AR,fx_reserves_usd,1991-12-31,7.46254363608691,2026-10-07T00:00:00
AR.fx_reserves_usd.WORLDBANK,AR,fx_reserves_usd,1992-12-31,11.4470311567334,2026-10-07T00:00:00
AR.fx_reserves_usd.WORLDBANK,AR,fx_reserves_usd,1993-12-31,15.499431243972,2026-10-07T00:00:00
AR.fx_reserves_usd.WORLDBANK,AR,fx_reserves_usd,1994-12-31,16.003265688189,2026-10-07T00:00:00
AR.fx_reserves_usd.WORLDBANK,AR,fx_reserves_usd,1995-12-31,15.979453701638702,2026-10-07T00:00:00
AR.fx_reserves_usd.WORLDBANK,AR,fx_reserves_usd,1996-12-31,19.7190173510624,2026-10-07T00:00:00
AR.fx_reserves_usd.WORLDBANK,AR,fx_reserves_usd,1997-12-31,22.424600096781703,2026-10-07T00:00:00
AR.fx_reserves_usd.WORLDBANK,AR,fx_reserves_usd,1998-12-31,24.855741222254103,2026-10-07T00:00:00
AR.fx_reserves_usd.WORLDBANK,AR,fx_reserves_usd,1999-12-31,26.3501634863723,2026-10-07T00:00:00
AR.fx_reserves_usd.WORLDBANK,AR,fx_reserves_usd,2000-12-31,25.1521172444134,2026-10-07T00:00:00
AR.fx_reserves_usd.WORLDBANK,AR,fx_reserves_usd,2001-12-31,14.5555527596102,2026-10-07T00:00:00
AR.fx_reserves_usd.WORLDBANK,AR,fx_reserves_usd,2002-12-31,10.4924248187375,2026-10-07T00:00:00
AR.fx_reserves_usd.WORLDBANK,AR,fx_reserves_usd,2003-12-31,14.1572841363645,2026-10-07T00:00:00
AR.fx_reserves_usd.WORLDBANK,AR,fx_reserves_usd,2004-12-31,19.6595918039788,2026-10-07T00:00:00
AR.fx_reserves_usd.WORLDBANK,AR,fx_reserves_usd,2005-12-31,28.0817185015579,2026-10-07T00:00:00
AR.fx_reserves_usd.WORLDBANK,AR,fx_reserves_usd,2006-12-31,32.0222971129806,2026-10-07T00:00:00
AR.fx_reserves_usd.WORLDBANK,AR,fx_reserves_usd,2007-12-31,46.1494568557802,2026-10-07T00:00:00
AR.fx_reserves_usd.WORLDBANK,AR,fx_reserves_usd,2008-12-31,46.3853802069801,2026-10-07T00:00:00
AR.fx_reserves_usd.WORLDBANK,AR,fx_reserves_usd,2009-12-31,48.00698863532531,2026-10-07T00:00:00
AR.fx_reserves_usd.WORLDBANK,AR,fx_reserves_usd,2010-12-31,52.2075497240928,2026-10-07T00:00:00
AR.fx_reserves_usd.WORLDBANK,AR,fx_reserves_usd,2011-12-31,46.2658005258807,2026-10-07T00:00:00
AR.fx_reserves_usd.WORLDBANK,AR,fx_reserves_usd,2012-12-31,43.223270863843005,2026-10-07T00:00:00
AR.fx_reserves_usd.WORLDBANK,AR,fx_reserves_usd,2013-12-31,30.5339196506264,2026-10-07T00:00:00
AR.fx_reserves_usd.WORLDBANK,AR,fx_reserves_usd,2014-12-31,31.4108132695239,2026-10-07T00:00:00
AR.fx_reserves_usd.WORLDBANK,AR,fx_reserves_usd,2015-12-31,25.5205655804894,2026-10-07T00:00:00
AR.fx_reserves_usd.WORLDBANK,AR,fx_reserves_usd,2016-12-31,38.4145184916132,2026-10-07T00:00:00
AR.fx_reserves_usd.WORLDBANK,AR,fx_reserves_usd,2017-12-31,55.31440920521891,2026-10-07T00:00:00
AR.fx_reserves_usd.WORLDBANK,AR,fx_reserves_usd,2018-12-31,66.2215016914418,2026-10-07T00:00:00
AR.fx_reserves_usd.WORLDBANK,AR,fx_reserves_usd,2019-12-31,44.88056605237031,2026-10-07T00:00:00
AR.fx_reserves_usd.WORLDBANK,AR,fx_reserves_usd,2020-12-31,39.403734630122806,2026-10-07T00:00:00
AR.fx_reserves_usd.WORLDBANK,AR,fx_reserves_usd,2021-12-31,39.653498610782805,2026-10-07T00:00:00
AR.fx_reserves_usd.WORLDBANK,AR,fx_reserves_usd,2022-12-31,44.7953351715152,2026-10-07T00:00:00
AR.fx_reserves_usd.WORLDBANK,AR,fx_reserves_usd,2023-12-31,23.080560550294603,2026-10-07T00:00:00
AR.fx_reserves_usd.WORLDBANK,AR,fx_reserves_usd,2024-12-31,29.559610350783103,2026-10-07T00:00:00
AR.fx_reserves_usd.WORLDBANK,AR,fx_reserves_usd,2025-12-31,40.9987639866338,2026-10-07T00:00:00
AR.interest_to_revenue.WORLDBANK,AR,interest_to_revenue,1990-12-31,8.6027963627729,2026-10-07T00:00:00
AR.interest_to_revenue.WORLDBANK,AR,interest_to_revenue,1991-12-31,11.0944928684628,2026-10-07T00:00:00
AR.interest_to_revenue.WORLDBANK,AR,interest_to_revenue,1992-12-31,9.41988890725265,2026-10-07T00:00:00
AR.interest_to_revenue.WORLDBANK,AR,interest_to_revenue,1993-12-31,7.1963417639284,2026-10-07T00:00:00
AR.interest_to_revenue.WORLDBANK,AR,interest_to_revenue,1994-12-31,8.34171773529681,2026-10-07T00:00:00
AR.interest_to_revenue.WORLDBANK,AR,interest_to_revenue,1995-12-31,11.2816814626316,2026-10-07T00:00:00
AR.interest_to_revenue.WORLDBANK,AR,interest_to_revenue,1996-12-31,13.0403543473483,2026-10-07T00:00:00
AR.interest_to_revenue.WORLDBANK,AR,interest_to_revenue,1997-12-31,14.3902665598787,2026-10-07T00:00:00
AR.interest_to_revenue.WORLDBANK,AR,interest_to_revenue,1998-12-31,16.1473797348001,2026-10-07T00:00:00
AR.interest_to_revenue.WORLDBANK,AR,interest_to_revenue,1999-12-31,20.6435274689866,2026-10-07T00:00:00
AR.interest_to_revenue.WORLDBANK,AR,interest_to_revenue,2000-12-31,23.869228879243,2026-10-07T00:00:00
AR.interest_to_revenue.WORLDBANK,AR,interest_to_revenue,2001-12-31,27.4718595774682,2026-10-07T00:00:00
AR.interest_to_revenue.WORLDBANK,AR,interest_to_revenue,2002-12-31,47.910030671362,2026-10-07T00:00:00
AR.interest_to_revenue.WORLDBANK,AR,interest_to_revenue,2003-12-31,34.5801986688026,2026-10-07T00:00:00
AR.interest_to_revenue.WORLDBANK,AR,interest_to_revenue,2004-12-31,26.4570519590906,2026-10-07T00:00:00
AR.interest_to_revenue.WORLDBANK,AR,interest_to_revenue,2014-12-31,8.53190556024392,2026-10-07T00:00:00
AR.interest_to_revenue.WORLDBANK,AR,interest_to_revenue,2015-12-31,8.32315211040757,2026-10-07T00:00:00
AR.interest_to_revenue.WORLDBANK,AR,interest_to_revenue,2016-12-31,13.9565149181762,2026-10-07T00:00:00
AR.interest_to_revenue.WORLDBANK,AR,interest_to_revenue,2017-12-31,11.8066620522456,2026-10-07T00:00:00
AR.interest_to_revenue.WORLDBANK,AR,interest_to_revenue,2018-12-31,16.4774283123674,2026-10-07T00:00:00
AR.interest_to_revenue.WORLDBANK,AR,interest_to_revenue,2019-12-31,19.542362717226,2026-10-07T00:00:00
AR.interest_to_revenue.WORLDBANK,AR,interest_to_revenue,2020-12-31,11.0831741282416,2026-10-07T00:00:00
AR.interest_to_revenue.WORLDBANK,AR,interest_to_revenue,2021-12-31,7.83661389642186,2026-10-07T00:00:00
AR.interest_to_revenue.WORLDBANK,AR,interest_to_revenue,2022-12-31,9.47430226617865,2026-10-07T00:00:00
AR.interest_to_revenue.WORLDBANK,AR,interest_to_revenue,2023-12-31,8.59771414459103,2026-10-07T00:00:00
AR.interest_to_revenue.WORLDBANK,AR,interest_to_revenue,2024-12-31,8.46208377895978,2026-10-07T00:00:00
AR.ngdp_lcu.WORLDBANK,AR,ngdp_lcu,1960-12-31,1.315089166e-10,2026-10-07T00:00:00
AR.ngdp_lcu.WORLDBANK,AR,ngdp_lcu,1961-12-31,1.668071896e-10,2026-10-07T00:00:00
AR.ngdp_lcu.WORLDBANK,AR,ngdp_lcu,1962-12-31,2.131359279e-10,2026-10-07T00:00:00
AR.ngdp_lcu.WORLDBANK,AR,ngdp_lcu,1963-12-31,2.534708977e-10,2026-10-07T00:00:00
AR.ngdp_lcu.WORLDBANK,AR,ngdp_lcu,1964-12-31,3.59472096e-10,2026-10-07T00:00:00
AR.ngdp_lcu.WORLDBANK,AR,ngdp_lcu,1965-12-31,4.818600118e-10,2026-10-07T00:00:00
AR.ngdp_lcu.WORLDBANK,AR,ngdp_lcu,1966-12-31,6.012399793e-10,2026-10-07T00:00:00
AR.ngdp_lcu.WORLDBANK,AR,ngdp_lcu,1967-12-31,8.004699945e-10,2026-10-07T00:00:00
AR.ngdp_lcu.WORLDBANK,AR,ngdp_lcu,1968-12-31,9.252899885e-10,2026-10-07T00:00:00
AR.ngdp_lcu.WORLDBANK,AR,ngdp_lcu,1969-12-31,1.0939699411e-09,2026-10-07T00:00:00
AR.ngdp_lcu.WORLDBANK,AR,ngdp_lcu,1970-12-31,1.2001999617000002e-09,2026-10-07T00:00:00
AR.ngdp_lcu.WORLDBANK,AR,ngdp_lcu,1971-12-31,1.664659977e-09,2026-10-07T00:00:00
AR.ngdp_lcu.WORLDBANK,AR,ngdp_lcu,1972-12-31,2.7786400318e-09,2026-10-07T00:00:00
AR.ngdp_lcu.WORLDBANK,AR,ngdp_lcu,1973-12-31,4.7289600372000014e-09,2026-10-07T00:00:00
AR.ngdp_lcu.WORLDBANK,AR,ngdp_lcu,1974-12-31,6.5193099976e-09,2026-10-07T00:00:00
AR.ngdp_lcu.WORLDBANK,AR,ngdp_lcu,1975-12-31,1.9402299881e-08,2026-10-07T00:00:00
AR.ngdp_lcu.WORLDBANK,AR,ngdp_lcu,1976-12-31,1.0233899689000004e-07,2026-10-07T00:00:00
AR.ngdp_lcu.WORLDBANK,AR,ngdp_lcu,1977-12-31,2.8390499878000005e-07,2026-10-07T00:00:00
AR.ngdp_lcu.WORLDBANK,AR,ngdp_lcu,1978-12-31,7.0861102295e-07,2026-10-07T00:00:00
AR.ngdp_lcu.WORLDBANK,AR,ngdp_lcu,1979-12-31,1.9321400146e-06,2026-10-07T00:00:00
AR.ngdp_lcu.WORLDBANK,AR,ngdp_lcu,1980-12-31,3.8403999023e-06,2026-10-07T00:00:00
AR.ngdp_lcu.WORLDBANK,AR,ngdp_lcu,1981-12-31,7.4742998047e-06,2026-10-07T00:00:00
AR.ngdp_lcu.WORLDBANK,AR,ngdp_lcu,1982-12-31,2.18525e-05,2026-10-07T00:00:00
AR.ngdp_lcu.WORLDBANK,AR,ngdp_lcu,1983-12-31,0.00010949,2026-10-07T00:00:00
AR.ngdp_lcu.WORLDBANK,AR,ngdp_lcu,1984-12-31,0.00079092,2026-10-07T00:00:00
AR.ngdp_lcu.WORLDBANK,AR,ngdp_lcu,1985-12-31,0.005305,2026-10-07T00:00:00
AR.ngdp_lcu.WORLDBANK,AR,ngdp_lcu,1986-12-31,0.0099841,2026-10-07T00:00:00
AR.ngdp_lcu.WORLDBANK,AR,ngdp_lcu,1987-12-31,0.0233323,2026-10-07T00:00:00
AR.ngdp_lcu.WORLDBANK,AR,ngdp_lcu,1988-12-31,0.111062,2026-10-07T00:00:00
AR.ngdp_lcu.WORLDBANK,AR,ngdp_lcu,1989-12-31,3.244039936,2026-10-07T00:00:00
AR.ngdp_lcu.WORLDBANK,AR,ngdp_lcu,1990-12-31,68.92199936,2026-10-07T00:00:00
AR.ngdp_lcu.WORLDBANK,AR,ngdp_lcu,1991-12-31,180.898005,2026-10-07T00:00:00
AR.ngdp_lcu.WORLDBANK,AR,ngdp_lcu,1992-12-31,226.6380042,2026-10-07T00:00:00
AR.ngdp_lcu.WORLDBANK,AR,ngdp_lcu,1993-12-31,236.5049733,2026-10-07T00:00:00
AR.ngdp_lcu.WORLDBANK,AR,ngdp_lcu,1994-12-31,257.44,2026-10-07T00:00:00
AR.ngdp_lcu.WORLDBANK,AR,ngdp_lcu,1995-12-31,258.03175,2026-10-07T00:00:00
AR.ngdp_lcu.WORLDBANK,AR,ngdp_lcu,1996-12-31,272.14975000000004,2026-10-07T00:00:00
AR.ngdp_lcu.WORLDBANK,AR,ngdp_lcu,1997-12-31,292.85900000000004,2026-10-07T00:00:00
AR.ngdp_lcu.WORLDBANK,AR,ngdp_lcu,1998-12-31,298.94825000000003,2026-10-07T00:00:00
AR.ngdp_lcu.WORLDBANK,AR,ngdp_lcu,1999-12-31,283.523,2026-10-07T00:00:00
AR.ngdp_lcu.WORLDBANK,AR,ngdp_lcu,2000-12-31,284.20375,2026-10-07T00:00:00
AR.ngdp_lcu.WORLDBANK,AR,ngdp_lcu,2001-12-31,268.69675,2026-10-07T00:00:00
AR.ngdp_lcu.WORLDBANK,AR,ngdp_lcu,2002-12-31,312.58000000000004,2026-10-07T00:00:00
AR.ngdp_lcu.WORLDBANK,AR,ngdp_lcu,2003-12-31,375.9095,2026-10-07T00:00:00
AR.ngdp_lcu.WORLDBANK,AR,ngdp_lcu,2004-12-31,485.1151947,2026-10-07T00:00:00
AR.ngdp_lcu.WORLDBANK,AR,ngdp_lcu,2005-12-31,582.5381729000001,2026-10-07T00:00:00
AR.ngdp_lcu.WORLDBANK,AR,ngdp_lcu,2006-12-31,715.9042717000001,2026-10-07T00:00:00
AR.ngdp_lcu.WORLDBANK,AR,ngdp_lcu,2007-12-31,896.9801741,2026-10-07T00:00:00
AR.ngdp_lcu.WORLDBANK,AR,ngdp_lcu,2008-12-31,1149.6460906,2026-10-07T00:00:00
AR.ngdp_lcu.WORLDBANK,AR,ngdp_lcu,2009-12-31,1247.9292689,2026-10-07T00:00:00
AR.ngdp_lcu.WORLDBANK,AR,ngdp_lcu,2010-12-31,1661.7209259,2026-10-07T00:00:00
AR.ngdp_lcu.WORLDBANK,AR,ngdp_lcu,2011-12-31,2179.0241036,2026-10-07T00:00:00
AR.ngdp_lcu.WORLDBANK,AR,ngdp_lcu,2012-12-31,2637.9138482000003,2026-10-07T00:00:00
AR.ngdp_lcu.WORLDBANK,AR,ngdp_lcu,2013-12-31,3348.3084882000003,2026-10-07T00:00:00
AR.ngdp_lcu.WORLDBANK,AR,ngdp_lcu,2014-12-31,4579.086425400001,2026-10-07T00:00:00
AR.ngdp_lcu.WORLDBANK,AR,ngdp_lcu,2015-12-31,5954.5108957,2026-10-07T00:00:00
AR.ngdp_lcu.WORLDBANK,AR,ngdp_lcu,2016-12-31,8228.1595565,2026-10-07T00:00:00
AR.ngdp_lcu.WORLDBANK,AR,ngdp_lcu,2017-12-31,10660.2284948,2026-10-07T00:00:00
AR.ngdp_lcu.WORLDBANK,AR,ngdp_lcu,2018-12-31,14744.810677300002,2026-10-07T00:00:00
AR.ngdp_lcu.WORLDBANK,AR,ngdp_lcu,2019-12-31,21558.4441492,2026-10-07T00:00:00
AR.ngdp_lcu.WORLDBANK,AR,ngdp_lcu,2020-12-31,27209.8141433,2026-10-07T00:00:00
AR.ngdp_lcu.WORLDBANK,AR,ngdp_lcu,2021-12-31,46219.083510300006,2026-10-07T00:00:00
AR.ngdp_lcu.WORLDBANK,AR,ngdp_lcu,2022-12-31,82810.04546990001,2026-10-07T00:00:00
AR.ngdp_lcu.WORLDBANK,AR,ngdp_lcu,2023-12-31,192408.2480288,2026-10-07T00:00:00
AR.ngdp_lcu.WORLDBANK,AR,ngdp_lcu,2024-12-31,583909.6154835001,2026-10-07T00:00:00
AR.ngdp_lcu.WORLDBANK,AR,ngdp_lcu,2025-12-31,847622.8726873001,2026-10-07T00:00:00
BR.cpi_yoy.WORLDBANK,BR,cpi_yoy,1981-12-31,101.725072957927,2026-10-07T00:00:00
BR.cpi_yoy.WORLDBANK,BR,cpi_yoy,1982-12-31,100.54335919485,2026-10-07T00:00:00
BR.cpi_yoy.WORLDBANK,BR,cpi_yoy,1983-12-31,135.027682230473,2026-10-07T00:00:00
BR.cpi_yoy.WORLDBANK,BR,cpi_yoy,1984-12-31,192.121733132051,2026-10-07T00:00:00
BR.cpi_yoy.WORLDBANK,BR,cpi_yoy,1985-12-31,225.989665211895,2026-10-07T00:00:00
BR.cpi_yoy.WORLDBANK,BR,cpi_yoy,1986-12-31,147.142826237604,2026-10-07T00:00:00
BR.cpi_yoy.WORLDBANK,BR,cpi_yoy,1987-12-31,228.336162575513,2026-10-07T00:00:00
BR.cpi_yoy.WORLDBANK,BR,cpi_yoy,1988-12-31,629.114509120897,2026-10-07T00:00:00
BR.cpi_yoy.WORLDBANK,BR,cpi_yoy,1989-12-31,1430.7237251472,2026-10-07T00:00:00
BR.cpi_yoy.WORLDBANK,BR,cpi_yoy,1990-12-31,2947.732772483,2026-10-07T00:00:00
BR.cpi_yoy.WORLDBANK,BR,cpi_yoy,1991-12-31,432.786661926461,2026-10-07T00:00:00
BR.cpi_yoy.WORLDBANK,BR,cpi_yoy,1992-12-31,951.962053052818,2026-10-07T00:00:00
BR.cpi_yoy.WORLDBANK,BR,cpi_yoy,1993-12-31,1927.38079016026,2026-10-07T00:00:00
BR.cpi_yoy.WORLDBANK,BR,cpi_yoy,1994-12-31,2075.88839757325,2026-10-07T00:00:00
BR.cpi_yoy.WORLDBANK,BR,cpi_yoy,1995-12-31,66.0070335542481,2026-10-07T00:00:00
BR.cpi_yoy.WORLDBANK,BR,cpi_yoy,1996-12-31,15.7576656002606,2026-10-07T00:00:00
BR.cpi_yoy.WORLDBANK,BR,cpi_yoy,1997-12-31,6.92671251629154,2026-10-07T00:00:00
BR.cpi_yoy.WORLDBANK,BR,cpi_yoy,1998-12-31,3.19507629280052,2026-10-07T00:00:00
BR.cpi_yoy.WORLDBANK,BR,cpi_yoy,1999-12-31,4.85844749902667,2026-10-07T00:00:00
BR.cpi_yoy.WORLDBANK,BR,cpi_yoy,2000-12-31,7.04414105947266,2026-10-07T00:00:00
BR.cpi_yoy.WORLDBANK,BR,cpi_yoy,2001-12-31,6.84035902487523,2026-10-07T00:00:00
BR.cpi_yoy.WORLDBANK,BR,cpi_yoy,2002-12-31,8.45016437708331,2026-10-07T00:00:00
BR.cpi_yoy.WORLDBANK,BR,cpi_yoy,2003-12-31,14.7149197228147,2026-10-07T00:00:00
BR.cpi_yoy.WORLDBANK,BR,cpi_yoy,2004-12-31,6.59718509985963,2026-10-07T00:00:00
BR.cpi_yoy.WORLDBANK,BR,cpi_yoy,2005-12-31,6.86953720898964,2026-10-07T00:00:00
BR.cpi_yoy.WORLDBANK,BR,cpi_yoy,2006-12-31,4.18356812896909,2026-10-07T00:00:00
BR.cpi_yoy.WORLDBANK,BR,cpi_yoy,2007-12-31,3.64127299102652,2026-10-07T00:00:00
BR.cpi_yoy.WORLDBANK,BR,cpi_yoy,2008-12-31,5.67859390284168,2026-10-07T00:00:00
BR.cpi_yoy.WORLDBANK,BR,cpi_yoy,2009-12-31,4.88803479876799,2026-10-07T00:00:00
BR.cpi_yoy.WORLDBANK,BR,cpi_yoy,2010-12-31,5.03872690108075,2026-10-07T00:00:00
BR.cpi_yoy.WORLDBANK,BR,cpi_yoy,2011-12-31,6.6364496221309,2026-10-07T00:00:00
BR.cpi_yoy.WORLDBANK,BR,cpi_yoy,2012-12-31,5.40349914036997,2026-10-07T00:00:00
BR.cpi_yoy.WORLDBANK,BR,cpi_yoy,2013-12-31,6.20431066640101,2026-10-07T00:00:00
BR.cpi_yoy.WORLDBANK,BR,cpi_yoy,2014-12-31,6.32904015516139,2026-10-07T00:00:00
BR.cpi_yoy.WORLDBANK,BR,cpi_yoy,2015-12-31,9.02990102416136,2026-10-07T00:00:00
BR.cpi_yoy.WORLDBANK,BR,cpi_yoy,2016-12-31,8.73914352329393,2026-10-07T00:00:00
BR.cpi_yoy.WORLDBANK,BR,cpi_yoy,2017-12-31,3.44637335032669,2026-10-07T00:00:00
BR.cpi_yoy.WORLDBANK,BR,cpi_yoy,2018-12-31,3.66485028376729,2026-10-07T00:00:00
BR.cpi_yoy.WORLDBANK,BR,cpi_yoy,2019-12-31,3.73297621216894,2026-10-07T00:00:00
BR.cpi_yoy.WORLDBANK,BR,cpi_yoy,2020-12-31,3.21176803803376,2026-10-07T00:00:00
BR.cpi_yoy.WORLDBANK,BR,cpi_yoy,2021-12-31,8.30165975585673,2026-10-07T00:00:00
BR.cpi_yoy.WORLDBANK,BR,cpi_yoy,2022-12-31,9.28010608956873,2026-10-07T00:00:00
BR.cpi_yoy.WORLDBANK,BR,cpi_yoy,2023-12-31,4.59356282283204,2026-10-07T00:00:00
BR.cpi_yoy.WORLDBANK,BR,cpi_yoy,2024-12-31,4.36746407652337,2026-10-07T00:00:00
BR.cpi_yoy.WORLDBANK,BR,cpi_yoy,2025-12-31,5.01675279604836,2026-10-07T00:00:00
BR.fx_lcu_per_usd.WORLDBANK,BR,fx_lcu_per_usd,1960-12-31,8.09970533496995e-14,2026-10-07T00:00:00
BR.fx_lcu_per_usd.WORLDBANK,BR,fx_lcu_per_usd,1961-12-31,1.16843478826882e-13,2026-10-07T00:00:00
BR.fx_lcu_per_usd.WORLDBANK,BR,fx_lcu_per_usd,1962-12-31,1.67764155487091e-13,2026-10-07T00:00:00
BR.fx_lcu_per_usd.WORLDBANK,BR,fx_lcu_per_usd,1963-12-31,2.488693976762e-13,2026-10-07T00:00:00
BR.fx_lcu_per_usd.WORLDBANK,BR,fx_lcu_per_usd,1964-12-31,5.42023917053559e-13,2026-10-07T00:00:00
BR.fx_lcu_per_usd.WORLDBANK,BR,fx_lcu_per_usd,1965-12-31,8.21654885346591e-13,2026-10-07T00:00:00
BR.fx_lcu_per_usd.WORLDBANK,BR,fx_lcu_per_usd,1966-12-31,9.60713051097307e-13,2026-10-07T00:00:00
BR.fx_lcu_per_usd.WORLDBANK,BR,fx_lcu_per_usd,1967-12-31,1.15260322134062e-12,2026-10-07T00:00:00
BR.fx_lcu_per_usd.WORLDBANK,BR,fx_lcu_per_usd,1968-12-31,1.46959525276793e-12,2026-10-07T00:00:00
BR.fx_lcu_per_usd.WORLDBANK,BR,fx_lcu_per_usd,1969-12-31,1.7633628396387499e-12,2026-10-07T00:00:00
BR.fx_lcu_per_usd.WORLDBANK,BR,fx_lcu_per_usd,1970-12-31,1.9878537834480897e-12,2026-10-07T00:00:00
BR.fx_lcu_per_usd.WORLDBANK,BR,fx_lcu_per_usd,1971-12-31,2.2882208631248697e-12,2026-10-07T00:00:00
BR.fx_lcu_per_usd.WORLDBANK,BR,fx_lcu_per_usd,1972-12-31,2.56796001993275e-12,2026-10-07T00:00:00
BR.fx_lcu_per_usd.WORLDBANK,BR,fx_lcu_per_usd,1973-12-31,2.65094052783721e-12,2026-10-07T00:00:00
BR.fx_lcu_per_usd.WORLDBANK,BR,fx_lcu_per_usd,1974-12-31,2.9383610615175997e-12,2026-10-07T00:00:00
BR.fx_lcu_per_usd.WORLDBANK,BR,fx_lcu_per_usd,1975-12-31,3.5168444719384995e-12,2026-10-07T00:00:00
BR.fx_lcu_per_usd.WORLDBANK,BR,fx_lcu_per_usd,1976-12-31,4.61870733099062e-12,2026-10-07T00:00:00
BR.fx_lcu_per_usd.WORLDBANK,BR,fx_lcu_per_usd,1977-12-31,6.12086729455843e-12,2026-10-07T00:00:00
BR.fx_lcu_per_usd.WORLDBANK,BR,fx_lcu_per_usd,1978-12-31,7.81974984419137e-12,2026-10-07T00:00:00
BR.fx_lcu_per_usd.WORLDBANK,BR,fx_lcu_per_usd,1979-12-31,1.1660690720063e-11,2026-10-07T00:00:00
BR.fx_lcu_per_usd.WORLDBANK,BR,fx_lcu_per_usd,1980-12-31,2.28123189244443e-11,2026-10-07T00:00:00
BR.fx_lcu_per_usd.WORLDBANK,BR,fx_lcu_per_usd,1981-12-31,4.03001093531326e-11,2026-10-07T00:00:00
BR.fx_lcu_per_usd.WORLDBANK,BR,fx_lcu_per_usd,1982-12-31,7.76854427171099e-11,2026-10-07T00:00:00
BR.fx_lcu_per_usd.WORLDBANK,BR,fx_lcu_per_usd,1983-12-31,2.49718172221135e-10,2026-10-07T00:00:00
BR.fx_lcu_per_usd.WORLDBANK,BR,fx_lcu_per_usd,1984-12-31,7.99741323974138e-10,2026-10-07T00:00:00
BR.fx_lcu_per_usd.WORLDBANK,BR,fx_lcu_per_usd,1985-12-31,2.6832423408459204e-09,2026-10-07T00:00:00
BR.fx_lcu_per_usd.WORLDBANK,BR,fx_lcu_per_usd,1986-12-31,5.90968226749251e-09,2026-10-07T00:00:00
BR.fx_lcu_per_usd.WORLDBANK,BR,fx_lcu_per_usd,1987-12-31,1.6976307824584e-08,2026-10-07T00:00:00
BR.fx_lcu_per_usd.WORLDBANK,BR,fx_lcu_per_usd,1988-12-31,1.1354767374037e-07,2026-10-07T00:00:00
BR.fx_lcu_per_usd.WORLDBANK,BR,fx_lcu_per_usd,1989-12-31,1.22638743473744e-06,2026-10-07T00:00:00
BR.fx_lcu_per_usd.WORLDBANK,BR,fx_lcu_per_usd,1990-12-31,2.95572678942699e-05,2026-10-07T00:00:00
BR.fx_lcu_per_usd.WORLDBANK,BR,fx_lcu_per_usd,1991-12-31,0.000175961443086,2026-10-07T00:00:00
BR.fx_lcu_per_usd.WORLDBANK,BR,fx_lcu_per_usd,1992-12-31,0.0019530235224881,2026-10-07T00:00:00
BR.fx_lcu_per_usd.WORLDBANK,BR,fx_lcu_per_usd,1993-12-31,0.038276610926673,2026-10-07T00:00:00
BR.fx_lcu_per_usd.WORLDBANK,BR,fx_lcu_per_usd,1994-12-31,0.664683514070577,2026-10-07T00:00:00
BR.fx_lcu_per_usd.WORLDBANK,BR,fx_lcu_per_usd,1995-12-31,0.917666666666667,2026-10-07T00:00:00
BR.fx_lcu_per_usd.WORLDBANK,BR,fx_lcu_per_usd,1996-12-31,1.0051,2026-10-07T00:00:00
BR.fx_lcu_per_usd.WORLDBANK,BR,fx_lcu_per_usd,1997-12-31,1.07799166666667,2026-10-07T00:00:00
BR.fx_lcu_per_usd.WORLDBANK,BR,fx_lcu_per_usd,1998-12-31,1.16051666666667,2026-10-07T00:00:00
BR.fx_lcu_per_usd.WORLDBANK,BR,fx_lcu_per_usd,1999-12-31,1.81393284657213,2026-10-07T00:00:00
BR.fx_lcu_per_usd.WORLDBANK,BR,fx_lcu_per_usd,2000-12-31,1.82942312207561,2026-10-07T00:00:00
BR.fx_lcu_per_usd.WORLDBANK,BR,fx_lcu_per_usd,2001-12-31,2.34963170932244,2026-10-07T00:00:00
BR.fx_lcu_per_usd.WORLDBANK,BR,fx_lcu_per_usd,2002-12-31,2.92036301775519,2026-10-07T00:00:00
BR.fx_lcu_per_usd.WORLDBANK,BR,fx_lcu_per_usd,2003-12-31,3.07747511847802,2026-10-07T00:00:00
BR.fx_lcu_per_usd.WORLDBANK,BR,fx_lcu_per_usd,2004-12-31,2.92511944951586,2026-10-07T00:00:00
BR.fx_lcu_per_usd.WORLDBANK,BR,fx_lcu_per_usd,2005-12-31,2.43439003623188,2026-10-07T00:00:00
BR.fx_lcu_per_usd.WORLDBANK,BR,fx_lcu_per_usd,2006-12-31,2.17532666666667,2026-10-07T00:00:00
BR.fx_lcu_per_usd.WORLDBANK,BR,fx_lcu_per_usd,2007-12-31,1.94705833333333,2026-10-07T00:00:00
BR.fx_lcu_per_usd.WORLDBANK,BR,fx_lcu_per_usd,2008-12-31,1.83376666666667,2026-10-07T00:00:00
BR.fx_lcu_per_usd.WORLDBANK,BR,fx_lcu_per_usd,2009-12-31,1.99942817314426,2026-10-07T00:00:00
BR.fx_lcu_per_usd.WORLDBANK,BR,fx_lcu_per_usd,2010-12-31,1.75922671058718,2026-10-07T00:00:00
BR.fx_lcu_per_usd.WORLDBANK,BR,fx_lcu_per_usd,2011-12-31,1.67282875525659,2026-10-07T00:00:00
BR.fx_lcu_per_usd.WORLDBANK,BR,fx_lcu_per_usd,2012-12-31,1.95306861112487,2026-10-07T00:00:00
BR.fx_lcu_per_usd.WORLDBANK,BR,fx_lcu_per_usd,2013-12-31,2.15608915126311,2026-10-07T00:00:00
BR.fx_lcu_per_usd.WORLDBANK,BR,fx_lcu_per_usd,2014-12-31,2.35295196276669,2026-10-07T00:00:00
BR.fx_lcu_per_usd.WORLDBANK,BR,fx_lcu_per_usd,2015-12-31,3.32690438276879,2026-10-07T00:00:00
BR.fx_lcu_per_usd.WORLDBANK,BR,fx_lcu_per_usd,2016-12-31,3.49131342157271,2026-10-07T00:00:00
BR.fx_lcu_per_usd.WORLDBANK,BR,fx_lcu_per_usd,2017-12-31,3.19138944630048,2026-10-07T00:00:00
BR.fx_lcu_per_usd.WORLDBANK,BR,fx_lcu_per_usd,2018-12-31,3.65382536145755,2026-10-07T00:00:00
BR.fx_lcu_per_usd.WORLDBANK,BR,fx_lcu_per_usd,2019-12-31,3.9444710972507,2026-10-07T00:00:00
BR.fx_lcu_per_usd.WORLDBANK,BR,fx_lcu_per_usd,2020-12-31,5.15517878751281,2026-10-07T00:00:00
BR.fx_lcu_per_usd.WORLDBANK,BR,fx_lcu_per_usd,2021-12-31,5.39440078962503,2026-10-07T00:00:00
BR.fx_lcu_per_usd.WORLDBANK,BR,fx_lcu_per_usd,2022-12-31,5.16397029102111,2026-10-07T00:00:00
BR.fx_lcu_per_usd.WORLDBANK,BR,fx_lcu_per_usd,2023-12-31,4.99437976287199,2026-10-07T00:00:00
BR.fx_lcu_per_usd.WORLDBANK,BR,fx_lcu_per_usd,2024-12-31,5.3889349057096,2026-10-07T00:00:00
BR.fx_lcu_per_usd.WORLDBANK,BR,fx_lcu_per_usd,2025-12-31,5.58728623856661,2026-10-07T00:00:00
BR.fx_reserves_usd.WORLDBANK,BR,fx_reserves_usd,1960-12-31,0.4328488,2026-10-07T00:00:00
BR.fx_reserves_usd.WORLDBANK,BR,fx_reserves_usd,1961-12-31,0.47115615,2026-10-07T00:00:00
BR.fx_reserves_usd.WORLDBANK,BR,fx_reserves_usd,1962-12-31,0.3360009,2026-10-07T00:00:00
BR.fx_reserves_usd.WORLDBANK,BR,fx_reserves_usd,1963-12-31,0.35504232,2026-10-07T00:00:00
BR.fx_reserves_usd.WORLDBANK,BR,fx_reserves_usd,1964-12-31,0.2454876,2026-10-07T00:00:00
BR.fx_reserves_usd.WORLDBANK,BR,fx_reserves_usd,1965-12-31,0.48425112,2026-10-07T00:00:00
BR.fx_reserves_usd.WORLDBANK,BR,fx_reserves_usd,1966-12-31,0.42579662,2026-10-07T00:00:00
BR.fx_reserves_usd.WORLDBANK,BR,fx_reserves_usd,1967-12-31,0.2001496,2026-10-07T00:00:00
BR.fx_reserves_usd.WORLDBANK,BR,fx_reserves_usd,1968-12-31,0.2664229,2026-10-07T00:00:00
BR.fx_reserves_usd.WORLDBANK,BR,fx_reserves_usd,1969-12-31,0.6567732000000001,2026-10-07T00:00:00
BR.fx_reserves_usd.WORLDBANK,BR,fx_reserves_usd,1970-12-31,1.18990467,2026-10-07T00:00:00
BR.fx_reserves_usd.WORLDBANK,BR,fx_reserves_usd,1971-12-31,1.75386527794277,2026-10-07T00:00:00
BR.fx_reserves_usd.WORLDBANK,BR,fx_reserves_usd,1972-12-31,4.218805676745831,2026-10-07T00:00:00
BR.fx_reserves_usd.WORLDBANK,BR,fx_reserves_usd,1973-12-31,6.508867084012801,2026-10-07T00:00:00
BR.fx_reserves_usd.WORLDBANK,BR,fx_reserves_usd,1974-12-31,5.46323827969263,2026-10-07T00:00:00
BR.fx_reserves_usd.WORLDBANK,BR,fx_reserves_usd,1975-12-31,4.16648643137877,2026-10-07T00:00:00
BR.fx_reserves_usd.WORLDBANK,BR,fx_reserves_usd,1976-12-31,6.666854181773821,2026-10-07T00:00:00
BR.fx_reserves_usd.WORLDBANK,BR,fx_reserves_usd,1977-12-31,7.441920872376251,2026-10-07T00:00:00
BR.fx_reserves_usd.WORLDBANK,BR,fx_reserves_usd,1978-12-31,12.190033177180702,2026-10-07T00:00:00
BR.fx_reserves_usd.WORLDBANK,BR,fx_reserves_usd,1979-12-31,9.83870535482902,2026-10-07T00:00:00
BR.fx_reserves_usd.WORLDBANK,BR,fx_reserves_usd,1980-12-31,6.8752315420342,2026-10-07T00:00:00
BR.fx_reserves_usd.WORLDBANK,BR,fx_reserves_usd,1981-12-31,7.479607844257651,2026-10-07T00:00:00
BR.fx_reserves_usd.WORLDBANK,BR,fx_reserves_usd,1982-12-31,3.99735601794856,2026-10-07T00:00:00
BR.fx_reserves_usd.WORLDBANK,BR,fx_reserves_usd,1983-12-31,4.561475256478131,2026-10-07T00:00:00
BR.fx_reserves_usd.WORLDBANK,BR,fx_reserves_usd,1984-12-31,11.9608140969956,2026-10-07T00:00:00
BR.fx_reserves_usd.WORLDBANK,BR,fx_reserves_usd,1985-12-31,11.6179551616872,2026-10-07T00:00:00
BR.fx_reserves_usd.WORLDBANK,BR,fx_reserves_usd,1986-12-31,8.18418103196702,2026-10-07T00:00:00
BR.fx_reserves_usd.WORLDBANK,BR,fx_reserves_usd,1987-12-31,8.1345997259388,2026-10-07T00:00:00
BR.fx_reserves_usd.WORLDBANK,BR,fx_reserves_usd,1988-12-31,9.11447212265344,2026-10-07T00:00:00
BR.fx_reserves_usd.WORLDBANK,BR,fx_reserves_usd,1989-12-31,9.678276,2026-10-07T00:00:00
BR.fx_reserves_usd.WORLDBANK,BR,fx_reserves_usd,1990-12-31,9.997591007596991,2026-10-07T00:00:00
BR.fx_reserves_usd.WORLDBANK,BR,fx_reserves_usd,1991-12-31,9.39163154011072,2026-10-07T00:00:00
BR.fx_reserves_usd.WORLDBANK,BR,fx_reserves_usd,1992-12-31,23.750647504125,2026-10-07T00:00:00
BR.fx_reserves_usd.WORLDBANK,BR,fx_reserves_usd,1993-12-31,32.2476109893312,2026-10-07T00:00:00
BR.fx_reserves_usd.WORLDBANK,BR,fx_reserves_usd,1994-12-31,38.8107777480861,2026-10-07T00:00:00
BR.fx_reserves_usd.WORLDBANK,BR,fx_reserves_usd,1995-12-31,51.84238963080181,2026-10-07T00:00:00
BR.fx_reserves_usd.WORLDBANK,BR,fx_reserves_usd,1996-12-31,60.15247608758301,2026-10-07T00:00:00
BR.fx_reserves_usd.WORLDBANK,BR,fx_reserves_usd,1997-12-31,52.2085206174322,2026-10-07T00:00:00
BR.fx_reserves_usd.WORLDBANK,BR,fx_reserves_usd,1998-12-31,44.48719372609791,2026-10-07T00:00:00
BR.fx_reserves_usd.WORLDBANK,BR,fx_reserves_usd,1999-12-31,36.342324443470304,2026-10-07T00:00:00
BR.fx_reserves_usd.WORLDBANK,BR,fx_reserves_usd,2000-12-31,33.015297295689905,2026-10-07T00:00:00
BR.fx_reserves_usd.WORLDBANK,BR,fx_reserves_usd,2001-12-31,35.8664455302453,2026-10-07T00:00:00
BR.fx_reserves_usd.WORLDBANK,BR,fx_reserves_usd,2002-12-31,37.83214671841901,2026-10-07T00:00:00
BR.fx_reserves_usd.WORLDBANK,BR,fx_reserves_usd,2003-12-31,49.2972869663089,2026-10-07T00:00:00
BR.fx_reserves_usd.WORLDBANK,BR,fx_reserves_usd,2004-12-31,52.93486518567221,2026-10-07T00:00:00
BR.fx_reserves_usd.WORLDBANK,BR,fx_reserves_usd,2005-12-31,53.7992849766775,2026-10-07T00:00:00
BR.fx_reserves_usd.WORLDBANK,BR,fx_reserves_usd,2006-12-31,85.84286111512951,2026-10-07T00:00:00
BR.fx_reserves_usd.WORLDBANK,BR,fx_reserves_usd,2007-12-31,180.333622535832,2026-10-07T00:00:00
BR.fx_reserves_usd.WORLDBANK,BR,fx_reserves_usd,2008-12-31,193.783363540649,2026-10-07T00:00:00
BR.fx_reserves_usd.WORLDBANK,BR,fx_reserves_usd,2009-12-31,238.539464848441,2026-10-07T00:00:00
BR.fx_reserves_usd.WORLDBANK,BR,fx_reserves_usd,2010-12-31,288.574623536622,2026-10-07T00:00:00
BR.fx_reserves_usd.WORLDBANK,BR,fx_reserves_usd,2011-12-31,352.010222755829,2026-10-07T00:00:00
BR.fx_reserves_usd.WORLDBANK,BR,fx_reserves_usd,2012-12-31,373.160977539732,2026-10-07T00:00:00
BR.fx_reserves_usd.WORLDBANK,BR,fx_reserves_usd,2013-12-31,358.816422466118,2026-10-07T00:00:00
BR.fx_reserves_usd.WORLDBANK,BR,fx_reserves_usd,2014-12-31,363.570226084661,2026-10-07T00:00:00
BR.fx_reserves_usd.WORLDBANK,BR,fx_reserves_usd,2015-12-31,356.464980327488,2026-10-07T00:00:00
BR.fx_reserves_usd.WORLDBANK,BR,fx_reserves_usd,2016-12-31,364.984039092456,2026-10-07T00:00:00
BR.fx_reserves_usd.WORLDBANK,BR,fx_reserves_usd,2017-12-31,373.95551868648704,2026-10-07T00:00:00
BR.fx_reserves_usd.WORLDBANK,BR,fx_reserves_usd,2018-12-31,374.709673447828,2026-10-07T00:00:00
BR.fx_reserves_usd.WORLDBANK,BR,fx_reserves_usd,2019-12-31,356.886386911979,2026-10-07T00:00:00
BR.fx_reserves_usd.WORLDBANK,BR,fx_reserves_usd,2020-12-31,355.61425145614004,2026-10-07T00:00:00
BR.fx_reserves_usd.WORLDBANK,BR,fx_reserves_usd,2021-12-31,362.210079181317,2026-10-07T00:00:00
BR.fx_reserves_usd.WORLDBANK,BR,fx_reserves_usd,2022-12-31,324.67344978140005,2026-10-07T00:00:00
BR.fx_reserves_usd.WORLDBANK,BR,fx_reserves_usd,2023-12-31,355.021395541562,2026-10-07T00:00:00
BR.fx_reserves_usd.WORLDBANK,BR,fx_reserves_usd,2024-12-31,329.732443813378,2026-10-07T00:00:00
BR.fx_reserves_usd.WORLDBANK,BR,fx_reserves_usd,2025-12-31,358.513128727455,2026-10-07T00:00:00
BR.gg_debt_gdp.WORLDBANK,BR,gg_debt_gdp,2010-12-31,61.3187804643039,2026-10-07T00:00:00
BR.gg_debt_gdp.WORLDBANK,BR,gg_debt_gdp,2011-12-31,59.3416583028164,2026-10-07T00:00:00
BR.gg_debt_gdp.WORLDBANK,BR,gg_debt_gdp,2012-12-31,59.8494900007969,2026-10-07T00:00:00
BR.gg_debt_gdp.WORLDBANK,BR,gg_debt_gdp,2013-12-31,57.2284093845516,2026-10-07T00:00:00
BR.gg_debt_gdp.WORLDBANK,BR,gg_debt_gdp,2014-12-31,58.4572711058609,2026-10-07T00:00:00
BR.gg_debt_gdp.WORLDBANK,BR,gg_debt_gdp,2015-12-31,67.5375540310909,2026-10-07T00:00:00
BR.gg_debt_gdp.WORLDBANK,BR,gg_debt_gdp,2016-12-31,73.4188038014782,2026-10-07T00:00:00
BR.gg_debt_gdp.WORLDBANK,BR,gg_debt_gdp,2017-12-31,83.669202649666,2026-10-07T00:00:00
BR.gg_debt_gdp.WORLDBANK,BR,gg_debt_gdp,2018-12-31,86.6078841211512,2026-10-07T00:00:00
BR.gg_debt_gdp.WORLDBANK,BR,gg_debt_gdp,2019-12-31,92.5652531945418,2026-10-07T00:00:00
BR.gg_debt_gdp.WORLDBANK,BR,gg_debt_gdp,2020-12-31,98.7098819468714,2026-10-07T00:00:00
BR.gg_debt_gdp.WORLDBANK,BR,gg_debt_gdp,2021-12-31,85.0115036768016,2026-10-07T00:00:00
BR.gg_debt_gdp.WORLDBANK,BR,gg_debt_gdp,2022-12-31,79.1023218878495,2026-10-07T00:00:00
BR.gg_debt_gdp.WORLDBANK,BR,gg_debt_gdp,2023-12-31,83.0317498523878,2026-10-07T00:00:00
BR.gg_debt_gdp.WORLDBANK,BR,gg_debt_gdp,2024-12-31,81.8554431191023,2026-10-07T00:00:00
BR.interest_to_revenue.WORLDBANK,BR,interest_to_revenue,2010-12-31,27.1963204893452,2026-10-07T00:00:00
BR.interest_to_revenue.WORLDBANK,BR,interest_to_revenue,2011-12-31,29.1888284841446,2026-10-07T00:00:00
BR.interest_to_revenue.WORLDBANK,BR,interest_to_revenue,2012-12-31,26.1005564650334,2026-10-07T00:00:00
BR.interest_to_revenue.WORLDBANK,BR,interest_to_revenue,2013-12-31,26.993689872671,2026-10-07T00:00:00
BR.interest_to_revenue.WORLDBANK,BR,interest_to_revenue,2014-12-31,30.6620941665972,2026-10-07T00:00:00
BR.interest_to_revenue.WORLDBANK,BR,interest_to_revenue,2015-12-31,45.2436436734703,2026-10-07T00:00:00
BR.interest_to_revenue.WORLDBANK,BR,interest_to_revenue,2016-12-31,36.9749150420888,2026-10-07T00:00:00
BR.interest_to_revenue.WORLDBANK,BR,interest_to_revenue,2017-12-31,35.9278832277243,2026-10-07T00:00:00
BR.interest_to_revenue.WORLDBANK,BR,interest_to_revenue,2018-12-31,34.0540756166009,2026-10-07T00:00:00
BR.interest_to_revenue.WORLDBANK,BR,interest_to_revenue,2019-12-31,27.3874073489711,2026-10-07T00:00:00
BR.interest_to_revenue.WORLDBANK,BR,interest_to_revenue,2020-12-31,25.486547315142,2026-10-07T00:00:00
BR.interest_to_revenue.WORLDBANK,BR,interest_to_revenue,2021-12-31,27.0987532818901,2026-10-07T00:00:00
BR.interest_to_revenue.WORLDBANK,BR,interest_to_revenue,2022-12-31,28.8867766914126,2026-10-07T00:00:00
BR.interest_to_revenue.WORLDBANK,BR,interest_to_revenue,2023-12-31,30.8390881041646,2026-10-07T00:00:00
BR.interest_to_revenue.WORLDBANK,BR,interest_to_revenue,2024-12-31,30.0945783300769,2026-10-07T00:00:00
BR.ngdp_lcu.WORLDBANK,BR,ngdp_lcu,1960-12-31,1.1573091000000001e-12,2026-10-07T00:00:00
BR.ngdp_lcu.WORLDBANK,BR,ngdp_lcu,1961-12-31,1.6919273e-12,2026-10-07T00:00:00
BR.ngdp_lcu.WORLDBANK,BR,ngdp_lcu,1962-12-31,2.7098909e-12,2026-10-07T00:00:00
BR.ngdp_lcu.WORLDBANK,BR,ngdp_lcu,1963-12-31,4.8639273e-12,2026-10-07T00:00:00
BR.ngdp_lcu.WORLDBANK,BR,ngdp_lcu,1964-12-31,9.5322182e-12,2026-10-07T00:00:00
BR.ngdp_lcu.WORLDBANK,BR,ngdp_lcu,1965-12-31,1.55134545e-11,2026-10-07T00:00:00
BR.ngdp_lcu.WORLDBANK,BR,ngdp_lcu,1966-12-31,2.28323636e-11,2026-10-07T00:00:00
BR.ngdp_lcu.WORLDBANK,BR,ngdp_lcu,1967-12-31,3.01029091e-11,2026-10-07T00:00:00
BR.ngdp_lcu.WORLDBANK,BR,ngdp_lcu,1968-12-31,4.18803636e-11,2026-10-07T00:00:00
BR.ngdp_lcu.WORLDBANK,BR,ngdp_lcu,1969-12-31,5.50545455e-11,2026-10-07T00:00:00
BR.ngdp_lcu.WORLDBANK,BR,ngdp_lcu,1970-12-31,7.06601105e-11,2026-10-07T00:00:00
BR.ngdp_lcu.WORLDBANK,BR,ngdp_lcu,1971-12-31,9.39258602e-11,2026-10-07T00:00:00
BR.ngdp_lcu.WORLDBANK,BR,ngdp_lcu,1972-12-31,1.260293808e-10,2026-10-07T00:00:00
BR.ngdp_lcu.WORLDBANK,BR,ngdp_lcu,1973-12-31,1.861215459e-10,2026-10-07T00:00:00
BR.ngdp_lcu.WORLDBANK,BR,ngdp_lcu,1974-12-31,2.709586014e-10,2026-10-07T00:00:00
BR.ngdp_lcu.WORLDBANK,BR,ngdp_lcu,1975-12-31,3.816427535e-10,2026-10-07T00:00:00
BR.ngdp_lcu.WORLDBANK,BR,ngdp_lcu,1976-12-31,5.941683927e-10,2026-10-07T00:00:00
BR.ngdp_lcu.WORLDBANK,BR,ngdp_lcu,1977-12-31,9.065374124e-10,2026-10-07T00:00:00
BR.ngdp_lcu.WORLDBANK,BR,ngdp_lcu,1978-12-31,1.3153620530000002e-09,2026-10-07T00:00:00
BR.ngdp_lcu.WORLDBANK,BR,ngdp_lcu,1979-12-31,2.1677221866e-09,2026-10-07T00:00:00
BR.ngdp_lcu.WORLDBANK,BR,ngdp_lcu,1980-12-31,4.5482930909e-09,2026-10-07T00:00:00
BR.ngdp_lcu.WORLDBANK,BR,ngdp_lcu,1981-12-31,8.7330138182e-09,2026-10-07T00:00:00
BR.ngdp_lcu.WORLDBANK,BR,ngdp_lcu,1982-12-31,1.77020792727e-08,2026-10-07T00:00:00
BR.ngdp_lcu.WORLDBANK,BR,ngdp_lcu,1983-12-31,3.97768487273e-08,2026-10-07T00:00:00
BR.ngdp_lcu.WORLDBANK,BR,ngdp_lcu,1984-12-31,1.265040054545e-07,2026-10-07T00:00:00
BR.ngdp_lcu.WORLDBANK,BR,ngdp_lcu,1985-12-31,4.7553404218180003e-07,2026-10-07T00:00:00
BR.ngdp_lcu.WORLDBANK,BR,ngdp_lcu,1986-12-31,1.2736839276364002e-06,2026-10-07T00:00:00
BR.ngdp_lcu.WORLDBANK,BR,ngdp_lcu,1987-12-31,4.0378057352727e-06,2026-10-07T00:00:00
BR.ngdp_lcu.WORLDBANK,BR,ngdp_lcu,1988-12-31,2.9375630254181803e-05,2026-10-07T00:00:00
BR.ngdp_lcu.WORLDBANK,BR,ngdp_lcu,1989-12-31,0.0004255953103934,2026-10-07T00:00:00
BR.ngdp_lcu.WORLDBANK,BR,ngdp_lcu,1990-12-31,0.0115487945454545,2026-10-07T00:00:00
BR.ngdp_lcu.WORLDBANK,BR,ngdp_lcu,1991-12-31,0.060286,2026-10-07T00:00:00
BR.ngdp_lcu.WORLDBANK,BR,ngdp_lcu,1992-12-31,0.6409588,2026-10-07T00:00:00
BR.ngdp_lcu.WORLDBANK,BR,ngdp_lcu,1993-12-31,14.0971142,2026-10-07T00:00:00
BR.ngdp_lcu.WORLDBANK,BR,ngdp_lcu,1994-12-31,349.204679,2026-10-07T00:00:00
BR.ngdp_lcu.WORLDBANK,BR,ngdp_lcu,1995-12-31,705.9915529,2026-10-07T00:00:00
BR.ngdp_lcu.WORLDBANK,BR,ngdp_lcu,1996-12-31,854.7636078,2026-10-07T00:00:00
BR.ngdp_lcu.WORLDBANK,BR,ngdp_lcu,1997-12-31,952.0891961,2026-10-07T00:00:00
BR.ngdp_lcu.WORLDBANK,BR,ngdp_lcu,1998-12-31,1002.3510192,2026-10-07T00:00:00
BR.ngdp_lcu.WORLDBANK,BR,ngdp_lcu,1999-12-31,1087.7104561,2026-10-07T00:00:00
BR.ngdp_lcu.WORLDBANK,BR,ngdp_lcu,2000-12-31,1199.0920709000002,2026-10-07T00:00:00
BR.ngdp_lcu.WORLDBANK,BR,ngdp_lcu,2001-12-31,1315.7554678,2026-10-07T00:00:00
BR.ngdp_lcu.WORLDBANK,BR,ngdp_lcu,2002-12-31,1488.7872552,2026-10-07T00:00:00
BR.ngdp_lcu.WORLDBANK,BR,ngdp_lcu,2003-12-31,1717.9503964,2026-10-07T00:00:00
BR.ngdp_lcu.WORLDBANK,BR,ngdp_lcu,2004-12-31,1957.751213,2026-10-07T00:00:00
BR.ngdp_lcu.WORLDBANK,BR,ngdp_lcu,2005-12-31,2170.5845035,2026-10-07T00:00:00
BR.ngdp_lcu.WORLDBANK,BR,ngdp_lcu,2006-12-31,2409.4499215,2026-10-07T00:00:00
BR.ngdp_lcu.WORLDBANK,BR,ngdp_lcu,2007-12-31,2720.2629376,2026-10-07T00:00:00
BR.ngdp_lcu.WORLDBANK,BR,ngdp_lcu,2008-12-31,3109.8030889,2026-10-07T00:00:00
BR.ngdp_lcu.WORLDBANK,BR,ngdp_lcu,2009-12-31,3333.0393552,2026-10-07T00:00:00
BR.ngdp_lcu.WORLDBANK,BR,ngdp_lcu,2010-12-31,3885.8469998,2026-10-07T00:00:00
BR.ngdp_lcu.WORLDBANK,BR,ngdp_lcu,2011-12-31,4376.381999900001,2026-10-07T00:00:00
BR.ngdp_lcu.WORLDBANK,BR,ngdp_lcu,2012-12-31,4814.7599996,2026-10-07T00:00:00
BR.ngdp_lcu.WORLDBANK,BR,ngdp_lcu,2013-12-31,5331.6189996,2026-10-07T00:00:00
BR.ngdp_lcu.WORLDBANK,BR,ngdp_lcu,2014-12-31,5778.953,2026-10-07T00:00:00
BR.ngdp_lcu.WORLDBANK,BR,ngdp_lcu,2015-12-31,5995.786999700001,2026-10-07T00:00:00
BR.ngdp_lcu.WORLDBANK,BR,ngdp_lcu,2016-12-31,6269.3280007,2026-10-07T00:00:00
BR.ngdp_lcu.WORLDBANK,BR,ngdp_lcu,2017-12-31,6585.4790001,2026-10-07T00:00:00
BR.ngdp_lcu.WORLDBANK,BR,ngdp_lcu,2018-12-31,7004.140999900001,2026-10-07T00:00:00
BR.ngdp_lcu.WORLDBANK,BR,ngdp_lcu,2019-12-31,7389.1309995,2026-10-07T00:00:00
BR.ngdp_lcu.WORLDBANK,BR,ngdp_lcu,2020-12-31,7609.597000600001,2026-10-07T00:00:00
BR.ngdp_lcu.WORLDBANK,BR,ngdp_lcu,2021-12-31,9012.1419993,2026-10-07T00:00:00
BR.ngdp_lcu.WORLDBANK,BR,ngdp_lcu,2022-12-31,10079.6766792,2026-10-07T00:00:00
BR.ngdp_lcu.WORLDBANK,BR,ngdp_lcu,2023-12-31,10943.3446679,2026-10-07T00:00:00
BR.ngdp_lcu.WORLDBANK,BR,ngdp_lcu,2024-12-31,11779.2505816,2026-10-07T00:00:00
BR.ngdp_lcu.WORLDBANK,BR,ngdp_lcu,2025-12-31,12738.5656139,2026-10-07T00:00:00
GR.cpi_yoy.WORLDBANK,GR,cpi_yoy,1960-12-31,1.47784758493376,2026-10-07T00:00:00
GR.cpi_yoy.WORLDBANK,GR,cpi_yoy,1961-12-31,2.10357934997025,2026-10-07T00:00:00
GR.cpi_yoy.WORLDBANK,GR,cpi_yoy,1962-12-31,-0.475428291049914,2026-10-07T00:00:00
GR.cpi_yoy.WORLDBANK,GR,cpi_yoy,1963-12-31,3.18466272791608,2026-10-07T00:00:00
GR.cpi_yoy.WORLDBANK,GR,cpi_yoy,1964-12-31,0.617302978512524,2026-10-07T00:00:00
GR.cpi_yoy.WORLDBANK,GR,cpi_yoy,1965-12-31,3.22087246997095,2026-10-07T00:00:00
GR.cpi_yoy.WORLDBANK,GR,cpi_yoy,1966-12-31,4.90341596130601,2026-10-07T00:00:00
GR.cpi_yoy.WORLDBANK,GR,cpi_yoy,1967-12-31,1.84135702750597,2026-10-07T00:00:00
GR.cpi_yoy.WORLDBANK,GR,cpi_yoy,1968-12-31,0.139060583507755,2026-10-07T00:00:00
GR.cpi_yoy.WORLDBANK,GR,cpi_yoy,1969-12-31,2.63891868835485,2026-10-07T00:00:00
GR.cpi_yoy.WORLDBANK,GR,cpi_yoy,1970-12-31,2.84167067884117,2026-10-07T00:00:00
GR.cpi_yoy.WORLDBANK,GR,cpi_yoy,1971-12-31,3.28947072230333,2026-10-07T00:00:00
GR.cpi_yoy.WORLDBANK,GR,cpi_yoy,1972-12-31,4.33120123203348,2026-10-07T00:00:00
GR.cpi_yoy.WORLDBANK,GR,cpi_yoy,1973-12-31,15.3846240702128,2026-10-07T00:00:00
GR.cpi_yoy.WORLDBANK,GR,cpi_yoy,1974-12-31,26.5608465867349,2026-10-07T00:00:00
GR.cpi_yoy.WORLDBANK,GR,cpi_yoy,1975-12-31,13.6287617821755,2026-10-07T00:00:00
GR.cpi_yoy.WORLDBANK,GR,cpi_yoy,1976-12-31,13.0242794587955,2026-10-07T00:00:00
GR.cpi_yoy.WORLDBANK,GR,cpi_yoy,1977-12-31,12.3697970875078,2026-10-07T00:00:00
GR.cpi_yoy.WORLDBANK,GR,cpi_yoy,1978-12-31,12.5724256724441,2026-10-07T00:00:00
GR.cpi_yoy.WORLDBANK,GR,cpi_yoy,1979-12-31,19.0941746808767,2026-10-07T00:00:00
GR.cpi_yoy.WORLDBANK,GR,cpi_yoy,1980-12-31,24.6758939736232,2026-10-07T00:00:00
GR.cpi_yoy.WORLDBANK,GR,cpi_yoy,1981-12-31,24.5060675977966,2026-10-07T00:00:00
GR.cpi_yoy.WORLDBANK,GR,cpi_yoy,1982-12-31,20.9910886220016,2026-10-07T00:00:00
GR.cpi_yoy.WORLDBANK,GR,cpi_yoy,1983-12-31,20.1794812892138,2026-10-07T00:00:00
GR.cpi_yoy.WORLDBANK,GR,cpi_yoy,1984-12-31,18.4568132050187,2026-10-07T00:00:00
GR.cpi_yoy.WORLDBANK,GR,cpi_yoy,1985-12-31,19.3146929406642,2026-10-07T00:00:00
GR.cpi_yoy.WORLDBANK,GR,cpi_yoy,1986-12-31,23.0154508205013,2026-10-07T00:00:00
GR.cpi_yoy.WORLDBANK,GR,cpi_yoy,1987-12-31,16.3968631635363,2026-10-07T00:00:00
GR.cpi_yoy.WORLDBANK,GR,cpi_yoy,1988-12-31,13.5288583215049,2026-10-07T00:00:00
GR.cpi_yoy.WORLDBANK,GR,cpi_yoy,1989-12-31,13.6555638723612,2026-10-07T00:00:00
GR.cpi_yoy.WORLDBANK,GR,cpi_yoy,1990-12-31,20.433499109463,2026-10-07T00:00:00
GR.cpi_yoy.WORLDBANK,GR,cpi_yoy,1991-12-31,19.4558456445745,2026-10-07T00:00:00
GR.cpi_yoy.WORLDBANK,GR,cpi_yoy,1992-12-31,15.8770737923919,2026-10-07T00:00:00
GR.cpi_yoy.WORLDBANK,GR,cpi_yoy,1993-12-31,14.4112644439348,2026-10-07T00:00:00
GR.cpi_yoy.WORLDBANK,GR,cpi_yoy,1994-12-31,10.8740756809132,2026-10-07T00:00:00
GR.cpi_yoy.WORLDBANK,GR,cpi_yoy,1995-12-31,8.93451415961517,2026-10-07T00:00:00
GR.cpi_yoy.WORLDBANK,GR,cpi_yoy,1996-12-31,8.19455217632728,2026-10-07T00:00:00
GR.cpi_yoy.WORLDBANK,GR,cpi_yoy,1997-12-31,5.5360026677348,2026-10-07T00:00:00
GR.cpi_yoy.WORLDBANK,GR,cpi_yoy,1998-12-31,4.76622572397641,2026-10-07T00:00:00
GR.cpi_yoy.WORLDBANK,GR,cpi_yoy,1999-12-31,2.6366330602198,2026-10-07T00:00:00
GR.cpi_yoy.WORLDBANK,GR,cpi_yoy,2000-12-31,3.1511816249383,2026-10-07T00:00:00
GR.cpi_yoy.WORLDBANK,GR,cpi_yoy,2001-12-31,3.37396832213867,2026-10-07T00:00:00
GR.cpi_yoy.WORLDBANK,GR,cpi_yoy,2002-12-31,3.62935871878874,2026-10-07T00:00:00
GR.cpi_yoy.WORLDBANK,GR,cpi_yoy,2003-12-31,3.53065027765552,2026-10-07T00:00:00
GR.cpi_yoy.WORLDBANK,GR,cpi_yoy,2004-12-31,2.8988481075817,2026-10-07T00:00:00
GR.cpi_yoy.WORLDBANK,GR,cpi_yoy,2005-12-31,3.54507273335078,2026-10-07T00:00:00
GR.cpi_yoy.WORLDBANK,GR,cpi_yoy,2006-12-31,3.19594684144545,2026-10-07T00:00:00
GR.cpi_yoy.WORLDBANK,GR,cpi_yoy,2007-12-31,2.89500321516578,2026-10-07T00:00:00
GR.cpi_yoy.WORLDBANK,GR,cpi_yoy,2008-12-31,4.15279708110293,2026-10-07T00:00:00
GR.cpi_yoy.WORLDBANK,GR,cpi_yoy,2009-12-31,1.21007269197809,2026-10-07T00:00:00
GR.cpi_yoy.WORLDBANK,GR,cpi_yoy,2010-12-31,4.71298907760388,2026-10-07T00:00:00
GR.cpi_yoy.WORLDBANK,GR,cpi_yoy,2011-12-31,3.3298532335065,2026-10-07T00:00:00
GR.cpi_yoy.WORLDBANK,GR,cpi_yoy,2012-12-31,1.50152696177758,2026-10-07T00:00:00
GR.cpi_yoy.WORLDBANK,GR,cpi_yoy,2013-12-31,-0.921269454256994,2026-10-07T00:00:00
GR.cpi_yoy.WORLDBANK,GR,cpi_yoy,2014-12-31,-1.31226096405506,2026-10-07T00:00:00
GR.cpi_yoy.WORLDBANK,GR,cpi_yoy,2015-12-31,-1.73588804765284,2026-10-07T00:00:00
GR.cpi_yoy.WORLDBANK,GR,cpi_yoy,2016-12-31,-0.825653978390973,2026-10-07T00:00:00
GR.cpi_yoy.WORLDBANK,GR,cpi_yoy,2017-12-31,1.12125452031419,2026-10-07T00:00:00
GR.cpi_yoy.WORLDBANK,GR,cpi_yoy,2018-12-31,0.62562141345364,2026-10-07T00:00:00
GR.cpi_yoy.WORLDBANK,GR,cpi_yoy,2019-12-31,0.253007522038157,2026-10-07T00:00:00
GR.cpi_yoy.WORLDBANK,GR,cpi_yoy,2020-12-31,-1.24798355581405,2026-10-07T00:00:00
GR.cpi_yoy.WORLDBANK,GR,cpi_yoy,2021-12-31,1.22382501019854,2026-10-07T00:00:00
GR.cpi_yoy.WORLDBANK,GR,cpi_yoy,2022-12-31,9.64525981280632,2026-10-07T00:00:00
GR.cpi_yoy.WORLDBANK,GR,cpi_yoy,2023-12-31,3.46480128513405,2026-10-07T00:00:00
GR.cpi_yoy.WORLDBANK,GR,cpi_yoy,2024-12-31,2.74101875679486,2026-10-07T00:00:00
GR.cpi_yoy.WORLDBANK,GR,cpi_yoy,2025-12-31,2.48209745378857,2026-10-07T00:00:00
GR.fx_lcu_per_usd.WORLDBANK,GR,fx_lcu_per_usd,1960-12-31,30.000300003,2026-10-07T00:00:00
GR.fx_lcu_per_usd.WORLDBANK,GR,fx_lcu_per_usd,1961-12-31,30.0000500246667,2026-10-07T00:00:00
GR.fx_lcu_per_usd.WORLDBANK,GR,fx_lcu_per_usd,1962-12-31,30.000000029,2026-10-07T00:00:00
GR.fx_lcu_per_usd.WORLDBANK,GR,fx_lcu_per_usd,1963-12-31,30.000000029,2026-10-07T00:00:00
GR.fx_lcu_per_usd.WORLDBANK,GR,fx_lcu_per_usd,1964-12-31,30.000000029,2026-10-07T00:00:00
GR.fx_lcu_per_usd.WORLDBANK,GR,fx_lcu_per_usd,1965-12-31,30.000000029,2026-10-07T00:00:00
GR.fx_lcu_per_usd.WORLDBANK,GR,fx_lcu_per_usd,1966-12-31,30.000000029,2026-10-07T00:00:00
GR.fx_lcu_per_usd.WORLDBANK,GR,fx_lcu_per_usd,1967-12-31,30.000000029,2026-10-07T00:00:00
GR.fx_lcu_per_usd.WORLDBANK,GR,fx_lcu_per_usd,1968-12-31,30.000000029,2026-10-07T00:00:00
GR.fx_lcu_per_usd.WORLDBANK,GR,fx_lcu_per_usd,1969-12-31,30.000000029,2026-10-07T00:00:00
GR.fx_lcu_per_usd.WORLDBANK,GR,fx_lcu_per_usd,1970-12-31,30.000000029,2026-10-07T00:00:00
GR.fx_lcu_per_usd.WORLDBANK,GR,fx_lcu_per_usd,1971-12-31,30.0000000289151,2026-10-07T00:00:00
GR.fx_lcu_per_usd.WORLDBANK,GR,fx_lcu_per_usd,1972-12-31,30.000300003,2026-10-07T00:00:00
GR.fx_lcu_per_usd.WORLDBANK,GR,fx_lcu_per_usd,1973-12-31,29.625225002,2026-10-07T00:00:00
GR.fx_lcu_per_usd.WORLDBANK,GR,fx_lcu_per_usd,1974-12-31,30.000300003,2026-10-07T00:00:00
GR.fx_lcu_per_usd.WORLDBANK,GR,fx_lcu_per_usd,1975-12-31,32.051325,2026-10-07T00:00:00
GR.fx_lcu_per_usd.WORLDBANK,GR,fx_lcu_per_usd,1976-12-31,36.5175833323333,2026-10-07T00:00:00
GR.fx_lcu_per_usd.WORLDBANK,GR,fx_lcu_per_usd,1977-12-31,36.8384166656667,2026-10-07T00:00:00
GR.fx_lcu_per_usd.WORLDBANK,GR,fx_lcu_per_usd,1978-12-31,36.7454166656667,2026-10-07T00:00:00
GR.fx_lcu_per_usd.WORLDBANK,GR,fx_lcu_per_usd,1979-12-31,37.0384166656667,2026-10-07T00:00:00
GR.fx_lcu_per_usd.WORLDBANK,GR,fx_lcu_per_usd,1980-12-31,42.6165833323333,2026-10-07T00:00:00
GR.fx_lcu_per_usd.WORLDBANK,GR,fx_lcu_per_usd,1981-12-31,55.4084166656667,2026-10-07T00:00:00
GR.fx_lcu_per_usd.WORLDBANK,GR,fx_lcu_per_usd,1982-12-31,66.80316666575,2026-10-07T00:00:00
GR.fx_lcu_per_usd.WORLDBANK,GR,fx_lcu_per_usd,1983-12-31,88.0642499995,2026-10-07T00:00:00
GR.fx_lcu_per_usd.WORLDBANK,GR,fx_lcu_per_usd,1984-12-31,112.716583333,2026-10-07T00:00:00
GR.fx_lcu_per_usd.WORLDBANK,GR,fx_lcu_per_usd,1985-12-31,138.119083333,2026-10-07T00:00:00
GR.fx_lcu_per_usd.WORLDBANK,GR,fx_lcu_per_usd,1986-12-31,139.981166666583,2026-10-07T00:00:00
GR.fx_lcu_per_usd.WORLDBANK,GR,fx_lcu_per_usd,1987-12-31,135.4295,2026-10-07T00:00:00
GR.fx_lcu_per_usd.WORLDBANK,GR,fx_lcu_per_usd,1988-12-31,141.8605,2026-10-07T00:00:00
GR.fx_lcu_per_usd.WORLDBANK,GR,fx_lcu_per_usd,1989-12-31,162.416583333333,2026-10-07T00:00:00
GR.fx_lcu_per_usd.WORLDBANK,GR,fx_lcu_per_usd,1990-12-31,158.513916666667,2026-10-07T00:00:00
GR.fx_lcu_per_usd.WORLDBANK,GR,fx_lcu_per_usd,1991-12-31,182.266416666667,2026-10-07T00:00:00
GR.fx_lcu_per_usd.WORLDBANK,GR,fx_lcu_per_usd,1992-12-31,190.62425,2026-10-07T00:00:00
GR.fx_lcu_per_usd.WORLDBANK,GR,fx_lcu_per_usd,1993-12-31,229.249843333333,2026-10-07T00:00:00
GR.fx_lcu_per_usd.WORLDBANK,GR,fx_lcu_per_usd,1994-12-31,242.6028175,2026-10-07T00:00:00
GR.fx_lcu_per_usd.WORLDBANK,GR,fx_lcu_per_usd,1995-12-31,231.662735833333,2026-10-07T00:00:00
GR.fx_lcu_per_usd.WORLDBANK,GR,fx_lcu_per_usd,1996-12-31,240.7115425,2026-10-07T00:00:00
GR.fx_lcu_per_usd.WORLDBANK,GR,fx_lcu_per_usd,1997-12-31,273.057853333333,2026-10-07T00:00:00
GR.fx_lcu_per_usd.WORLDBANK,GR,fx_lcu_per_usd,1998-12-31,295.529105,2026-10-07T00:00:00
GR.fx_lcu_per_usd.WORLDBANK,GR,fx_lcu_per_usd,1999-12-31,305.646604166667,2026-10-07T00:00:00
GR.fx_lcu_per_usd.WORLDBANK,GR,fx_lcu_per_usd,2000-12-31,365.398560833333,2026-10-07T00:00:00
GR.fx_lcu_per_usd.WORLDBANK,GR,fx_lcu_per_usd,2001-12-31,1.11653308564462,2026-10-07T00:00:00
GR.fx_lcu_per_usd.WORLDBANK,GR,fx_lcu_per_usd,2002-12-31,1.05755899623965,2026-10-07T00:00:00
GR.fx_lcu_per_usd.WORLDBANK,GR,fx_lcu_per_usd,2003-12-31,0.88404792718493,2026-10-07T00:00:00
GR.fx_lcu_per_usd.WORLDBANK,GR,fx_lcu_per_usd,2004-12-31,0.803921647747618,2026-10-07T00:00:00
GR.fx_lcu_per_usd.WORLDBANK,GR,fx_lcu_per_usd,2005-12-31,0.803800192161442,2026-10-07T00:00:00
GR.fx_lcu_per_usd.WORLDBANK,GR,fx_lcu_per_usd,2006-12-31,0.796432730949102,2026-10-07T00:00:00
GR.fx_lcu_per_usd.WORLDBANK,GR,fx_lcu_per_usd,2007-12-31,0.729672399984083,2026-10-07T00:00:00
GR.fx_lcu_per_usd.WORLDBANK,GR,fx_lcu_per_usd,2008-12-31,0.679922680042729,2026-10-07T00:00:00
GR.fx_lcu_per_usd.WORLDBANK,GR,fx_lcu_per_usd,2009-12-31,0.716957702016136,2026-10-07T00:00:00
GR.fx_lcu_per_usd.WORLDBANK,GR,fx_lcu_per_usd,2010-12-31,0.754308990105961,2026-10-07T00:00:00
GR.fx_lcu_per_usd.WORLDBANK,GR,fx_lcu_per_usd,2011-12-31,0.718413898653317,2026-10-07T00:00:00
GR.fx_lcu_per_usd.WORLDBANK,GR,fx_lcu_per_usd,2012-12-31,0.778338120416812,2026-10-07T00:00:00
GR.fx_lcu_per_usd.WORLDBANK,GR,fx_lcu_per_usd,2013-12-31,0.752945122701996,2026-10-07T00:00:00
GR.fx_lcu_per_usd.WORLDBANK,GR,fx_lcu_per_usd,2014-12-31,0.752728196932603,2026-10-07T00:00:00
GR.fx_lcu_per_usd.WORLDBANK,GR,fx_lcu_per_usd,2015-12-31,0.901296423367096,2026-10-07T00:00:00
GR.fx_lcu_per_usd.WORLDBANK,GR,fx_lcu_per_usd,2016-12-31,0.903421436257263,2026-10-07T00:00:00
GR.fx_lcu_per_usd.WORLDBANK,GR,fx_lcu_per_usd,2017-12-31,0.885205508269372,2026-10-07T00:00:00
GR.fx_lcu_per_usd.WORLDBANK,GR,fx_lcu_per_usd,2018-12-31,0.846772667108111,2026-10-07T00:00:00
GR.fx_lcu_per_usd.WORLDBANK,GR,fx_lcu_per_usd,2019-12-31,0.893276257067409,2026-10-07T00:00:00
GR.fx_lcu_per_usd.WORLDBANK,GR,fx_lcu_per_usd,2020-12-31,0.875506396987998,2026-10-07T00:00:00
GR.fx_lcu_per_usd.WORLDBANK,GR,fx_lcu_per_usd,2021-12-31,0.84549413889045,2026-10-07T00:00:00
GR.fx_lcu_per_usd.WORLDBANK,GR,fx_lcu_per_usd,2022-12-31,0.949623753156941,2026-10-07T00:00:00
GR.fx_lcu_per_usd.WORLDBANK,GR,fx_lcu_per_usd,2023-12-31,0.924839558470698,2026-10-07T00:00:00
GR.fx_lcu_per_usd.WORLDBANK,GR,fx_lcu_per_usd,2024-12-31,0.923889546117607,2026-10-07T00:00:00
GR.fx_lcu_per_usd.WORLDBANK,GR,fx_lcu_per_usd,2025-12-31,0.88496895841236,2026-10-07T00:00:00
GR.fx_reserves_usd.WORLDBANK,GR,fx_reserves_usd,1960-12-31,0.2421012,2026-10-07T00:00:00
GR.fx_reserves_usd.WORLDBANK,GR,fx_reserves_usd,1961-12-31,0.2674829,2026-10-07T00:00:00
GR.fx_reserves_usd.WORLDBANK,GR,fx_reserves_usd,1962-12-31,0.28666963,2026-10-07T00:00:00
GR.fx_reserves_usd.WORLDBANK,GR,fx_reserves_usd,1963-12-31,0.29216188,2026-10-07T00:00:00
GR.fx_reserves_usd.WORLDBANK,GR,fx_reserves_usd,1964-12-31,0.28158544,2026-10-07T00:00:00
GR.fx_reserves_usd.WORLDBANK,GR,fx_reserves_usd,1965-12-31,0.25052056,2026-10-07T00:00:00
GR.fx_reserves_usd.WORLDBANK,GR,fx_reserves_usd,1966-12-31,0.27328499,2026-10-07T00:00:00
GR.fx_reserves_usd.WORLDBANK,GR,fx_reserves_usd,1967-12-31,0.2868736,2026-10-07T00:00:00
GR.fx_reserves_usd.WORLDBANK,GR,fx_reserves_usd,1968-12-31,0.3495167,2026-10-07T00:00:00
GR.fx_reserves_usd.WORLDBANK,GR,fx_reserves_usd,1969-12-31,0.3177668,2026-10-07T00:00:00
GR.fx_reserves_usd.WORLDBANK,GR,fx_reserves_usd,1970-12-31,0.31801473,2026-10-07T00:00:00
GR.fx_reserves_usd.WORLDBANK,GR,fx_reserves_usd,1971-12-31,0.534814270994878,2026-10-07T00:00:00
GR.fx_reserves_usd.WORLDBANK,GR,fx_reserves_usd,1972-12-31,1.12564454355379,2026-10-07T00:00:00
GR.fx_reserves_usd.WORLDBANK,GR,fx_reserves_usd,1973-12-31,1.2919786363436605,2026-10-07T00:00:00
GR.fx_reserves_usd.WORLDBANK,GR,fx_reserves_usd,1974-12-31,1.45496738507359,2026-10-07T00:00:00
GR.fx_reserves_usd.WORLDBANK,GR,fx_reserves_usd,1975-12-31,1.29143572184633,2026-10-07T00:00:00
GR.fx_reserves_usd.WORLDBANK,GR,fx_reserves_usd,1976-12-31,1.26811882087712,2026-10-07T00:00:00
GR.fx_reserves_usd.WORLDBANK,GR,fx_reserves_usd,1977-12-31,1.4767770902243702,2026-10-07T00:00:00
GR.fx_reserves_usd.WORLDBANK,GR,fx_reserves_usd,1978-12-31,2.15705598329951,2026-10-07T00:00:00
GR.fx_reserves_usd.WORLDBANK,GR,fx_reserves_usd,1979-12-31,3.29253681364208,2026-10-07T00:00:00
GR.fx_reserves_usd.WORLDBANK,GR,fx_reserves_usd,1980-12-31,3.60660717804871,2026-10-07T00:00:00
GR.fx_reserves_usd.WORLDBANK,GR,fx_reserves_usd,1981-12-31,2.55356485557045,2026-10-07T00:00:00
GR.fx_reserves_usd.WORLDBANK,GR,fx_reserves_usd,1982-12-31,2.63021648126957,2026-10-07T00:00:00
GR.fx_reserves_usd.WORLDBANK,GR,fx_reserves_usd,1983-12-31,2.38072249185029,2026-10-07T00:00:00
GR.fx_reserves_usd.WORLDBANK,GR,fx_reserves_usd,1984-12-31,2.2200666936971403,2026-10-07T00:00:00
GR.fx_reserves_usd.WORLDBANK,GR,fx_reserves_usd,1985-12-31,2.21619138664323,2026-10-07T00:00:00
GR.fx_reserves_usd.WORLDBANK,GR,fx_reserves_usd,1986-12-31,2.81179221669663,2026-10-07T00:00:00
GR.fx_reserves_usd.WORLDBANK,GR,fx_reserves_usd,1987-12-31,4.299295460508731,2026-10-07T00:00:00
GR.fx_reserves_usd.WORLDBANK,GR,fx_reserves_usd,1988-12-31,5.01221414475986,2026-10-07T00:00:00
GR.fx_reserves_usd.WORLDBANK,GR,fx_reserves_usd,1989-12-31,4.584865249954,2026-10-07T00:00:00
GR.fx_reserves_usd.WORLDBANK,GR,fx_reserves_usd,1990-12-31,4.72107125378782,2026-10-07T00:00:00
GR.fx_reserves_usd.WORLDBANK,GR,fx_reserves_usd,1991-12-31,6.40000523709394,2026-10-07T00:00:00
GR.fx_reserves_usd.WORLDBANK,GR,fx_reserves_usd,1992-12-31,5.9376441026132,2026-10-07T00:00:00
GR.fx_reserves_usd.WORLDBANK,GR,fx_reserves_usd,1993-12-31,9.135322990048673,2026-10-07T00:00:00
GR.fx_reserves_usd.WORLDBANK,GR,fx_reserves_usd,1994-12-31,15.809339689224702,2026-10-07T00:00:00
GR.fx_reserves_usd.WORLDBANK,GR,fx_reserves_usd,1995-12-31,16.1185579303879,2026-10-07T00:00:00
GR.fx_reserves_usd.WORLDBANK,GR,fx_reserves_usd,1996-12-31,18.782300412339403,2026-10-07T00:00:00
GR.fx_reserves_usd.WORLDBANK,GR,fx_reserves_usd,1997-12-31,13.6523070507874,2026-10-07T00:00:00
GR.fx_reserves_usd.WORLDBANK,GR,fx_reserves_usd,1998-12-31,18.5010707280752,2026-10-07T00:00:00
GR.fx_reserves_usd.WORLDBANK,GR,fx_reserves_usd,1999-12-31,19.3520946778738,2026-10-07T00:00:00
GR.fx_reserves_usd.WORLDBANK,GR,fx_reserves_usd,2000-12-31,14.5940065785544,2026-10-07T00:00:00
GR.fx_reserves_usd.WORLDBANK,GR,fx_reserves_usd,2001-12-31,6.24416665425855,2026-10-07T00:00:00
GR.fx_reserves_usd.WORLDBANK,GR,fx_reserves_usd,2002-12-31,9.43153097546333,2026-10-07T00:00:00
GR.fx_reserves_usd.WORLDBANK,GR,fx_reserves_usd,2003-12-31,5.80137707494914,2026-10-07T00:00:00
GR.fx_reserves_usd.WORLDBANK,GR,fx_reserves_usd,2004-12-31,2.7077826090322903,2026-10-07T00:00:00
GR.fx_reserves_usd.WORLDBANK,GR,fx_reserves_usd,2005-12-31,2.2870098926727302,2026-10-07T00:00:00
GR.fx_reserves_usd.WORLDBANK,GR,fx_reserves_usd,2006-12-31,2.84995355942375,2026-10-07T00:00:00
GR.fx_reserves_usd.WORLDBANK,GR,fx_reserves_usd,2007-12-31,3.64760532512089,2026-10-07T00:00:00
GR.fx_reserves_usd.WORLDBANK,GR,fx_reserves_usd,2008-12-31,3.4896702380347704,2026-10-07T00:00:00
GR.fx_reserves_usd.WORLDBANK,GR,fx_reserves_usd,2009-12-31,5.48612259759939,2026-10-07T00:00:00
GR.fx_reserves_usd.WORLDBANK,GR,fx_reserves_usd,2010-12-31,6.35240596338906,2026-10-07T00:00:00
GR.fx_reserves_usd.WORLDBANK,GR,fx_reserves_usd,2011-12-31,6.74341689138217,2026-10-07T00:00:00
GR.fx_reserves_usd.WORLDBANK,GR,fx_reserves_usd,2012-12-31,7.255024354910071,2026-10-07T00:00:00
GR.fx_reserves_usd.WORLDBANK,GR,fx_reserves_usd,2013-12-31,5.76307136405671,2026-10-07T00:00:00
GR.fx_reserves_usd.WORLDBANK,GR,fx_reserves_usd,2014-12-31,6.23628481873247,2026-10-07T00:00:00
GR.fx_reserves_usd.WORLDBANK,GR,fx_reserves_usd,2015-12-31,6.02760678110376,2026-10-07T00:00:00
GR.fx_reserves_usd.WORLDBANK,GR,fx_reserves_usd,2016-12-31,6.85124771321209,2026-10-07T00:00:00
GR.fx_reserves_usd.WORLDBANK,GR,fx_reserves_usd,2017-12-31,7.80372213238225,2026-10-07T00:00:00
GR.fx_reserves_usd.WORLDBANK,GR,fx_reserves_usd,2018-12-31,7.57850069889502,2026-10-07T00:00:00
GR.fx_reserves_usd.WORLDBANK,GR,fx_reserves_usd,2019-12-31,8.50745288682209,2026-10-07T00:00:00
GR.fx_reserves_usd.WORLDBANK,GR,fx_reserves_usd,2020-12-31,11.9311800046485,2026-10-07T00:00:00
GR.fx_reserves_usd.WORLDBANK,GR,fx_reserves_usd,2021-12-31,14.4472425981807,2026-10-07T00:00:00
GR.fx_reserves_usd.WORLDBANK,GR,fx_reserves_usd,2022-12-31,12.061425398415802,2026-10-07T00:00:00
GR.fx_reserves_usd.WORLDBANK,GR,fx_reserves_usd,2023-12-31,13.6086206287708,2026-10-07T00:00:00
GR.fx_reserves_usd.WORLDBANK,GR,fx_reserves_usd,2024-12-31,15.2217501950005,2026-10-07T00:00:00
GR.fx_reserves_usd.WORLDBANK,GR,fx_reserves_usd,2025-12-31,24.047515202452,2026-10-07T00:00:00
GR.interest_to_revenue.WORLDBANK,GR,interest_to_revenue,1972-12-31,4.77205807696214,2026-10-07T00:00:00
GR.interest_to_revenue.WORLDBANK,GR,interest_to_revenue,1973-12-31,4.43233571893298,2026-10-07T00:00:00
GR.interest_to_revenue.WORLDBANK,GR,interest_to_revenue,1974-12-31,5.42721959365434,2026-10-07T00:00:00
GR.interest_to_revenue.WORLDBANK,GR,interest_to_revenue,1975-12-31,5.40886809269163,2026-10-07T00:00:00
GR.interest_to_revenue.WORLDBANK,GR,interest_to_revenue,1976-12-31,5.78215672358369,2026-10-07T00:00:00
GR.interest_to_revenue.WORLDBANK,GR,interest_to_revenue,1977-12-31,5.24388096495862,2026-10-07T00:00:00
GR.interest_to_revenue.WORLDBANK,GR,interest_to_revenue,1978-12-31,5.52243938786035,2026-10-07T00:00:00
GR.interest_to_revenue.WORLDBANK,GR,interest_to_revenue,1979-12-31,7.27089768791536,2026-10-07T00:00:00
GR.interest_to_revenue.WORLDBANK,GR,interest_to_revenue,1980-12-31,8.90621128666452,2026-10-07T00:00:00
GR.interest_to_revenue.WORLDBANK,GR,interest_to_revenue,1981-12-31,10.4941662089512,2026-10-07T00:00:00
GR.interest_to_revenue.WORLDBANK,GR,interest_to_revenue,1982-12-31,5.95220339371968,2026-10-07T00:00:00
GR.interest_to_revenue.WORLDBANK,GR,interest_to_revenue,1983-12-31,7.22208714461781,2026-10-07T00:00:00
GR.interest_to_revenue.WORLDBANK,GR,interest_to_revenue,1984-12-31,13.0562865497076,2026-10-07T00:00:00
GR.interest_to_revenue.WORLDBANK,GR,interest_to_revenue,1985-12-31,15.1674675810775,2026-10-07T00:00:00
GR.interest_to_revenue.WORLDBANK,GR,interest_to_revenue,1986-12-31,16.3150224322033,2026-10-07T00:00:00
GR.interest_to_revenue.WORLDBANK,GR,interest_to_revenue,1987-12-31,18.2404708793983,2026-10-07T00:00:00
GR.interest_to_revenue.WORLDBANK,GR,interest_to_revenue,1988-12-31,20.9992581523379,2026-10-07T00:00:00
GR.interest_to_revenue.WORLDBANK,GR,interest_to_revenue,1989-12-31,24.1445668616715,2026-10-07T00:00:00
GR.interest_to_revenue.WORLDBANK,GR,interest_to_revenue,1990-12-31,35.0865057222133,2026-10-07T00:00:00
GR.interest_to_revenue.WORLDBANK,GR,interest_to_revenue,1997-12-31,22.5599851487446,2026-10-07T00:00:00
GR.interest_to_revenue.WORLDBANK,GR,interest_to_revenue,1998-12-31,20.1254885825962,2026-10-07T00:00:00
GR.interest_to_revenue.WORLDBANK,GR,interest_to_revenue,1999-12-31,19.6357711108981,2026-10-07T00:00:00
GR.interest_to_revenue.WORLDBANK,GR,interest_to_revenue,2000-12-31,16.611083271414,2026-10-07T00:00:00
GR.interest_to_revenue.WORLDBANK,GR,interest_to_revenue,2001-12-31,16.0773591868228,2026-10-07T00:00:00
GR.interest_to_revenue.WORLDBANK,GR,interest_to_revenue,2002-12-31,14.8363277582393,2026-10-07T00:00:00
GR.interest_to_revenue.WORLDBANK,GR,interest_to_revenue,2003-12-31,13.4953935285422,2026-10-07T00:00:00
GR.interest_to_revenue.WORLDBANK,GR,interest_to_revenue,2004-12-31,13.0560568696874,2026-10-07T00:00:00
GR.interest_to_revenue.WORLDBANK,GR,interest_to_revenue,2005-12-31,12.6983078609831,2026-10-07T00:00:00
GR.interest_to_revenue.WORLDBANK,GR,interest_to_revenue,2006-12-31,12.0583987669753,2026-10-07T00:00:00
GR.interest_to_revenue.WORLDBANK,GR,interest_to_revenue,2007-12-31,11.9265953807616,2026-10-07T00:00:00
GR.interest_to_revenue.WORLDBANK,GR,interest_to_revenue,2008-12-31,12.7201276132726,2026-10-07T00:00:00
GR.interest_to_revenue.WORLDBANK,GR,interest_to_revenue,2009-12-31,13.9436254328479,2026-10-07T00:00:00
GR.interest_to_revenue.WORLDBANK,GR,interest_to_revenue,2010-12-31,15.3348988035335,2026-10-07T00:00:00
GR.interest_to_revenue.WORLDBANK,GR,interest_to_revenue,2011-12-31,17.7654001875701,2026-10-07T00:00:00
GR.interest_to_revenue.WORLDBANK,GR,interest_to_revenue,2012-12-31,11.6128511090082,2026-10-07T00:00:00
GR.interest_to_revenue.WORLDBANK,GR,interest_to_revenue,2013-12-31,8.80859260988851,2026-10-07T00:00:00
GR.interest_to_revenue.WORLDBANK,GR,interest_to_revenue,2014-12-31,9.07136822225536,2026-10-07T00:00:00
GR.interest_to_revenue.WORLDBANK,GR,interest_to_revenue,2015-12-31,7.98155287687277,2026-10-07T00:00:00
GR.interest_to_revenue.WORLDBANK,GR,interest_to_revenue,2016-12-31,7.00126778753303,2026-10-07T00:00:00
GR.interest_to_revenue.WORLDBANK,GR,interest_to_revenue,2017-12-31,6.99423624231698,2026-10-07T00:00:00
GR.interest_to_revenue.WORLDBANK,GR,interest_to_revenue,2018-12-31,7.43268555373449,2026-10-07T00:00:00
GR.interest_to_revenue.WORLDBANK,GR,interest_to_revenue,2019-12-31,6.70684088445444,2026-10-07T00:00:00
GR.interest_to_revenue.WORLDBANK,GR,interest_to_revenue,2020-12-31,6.55913436073347,2026-10-07T00:00:00
GR.interest_to_revenue.WORLDBANK,GR,interest_to_revenue,2021-12-31,5.68511614568397,2026-10-07T00:00:00
GR.interest_to_revenue.WORLDBANK,GR,interest_to_revenue,2022-12-31,5.44514784838529,2026-10-07T00:00:00
GR.interest_to_revenue.WORLDBANK,GR,interest_to_revenue,2023-12-31,7.48781267869084,2026-10-07T00:00:00
GR.interest_to_revenue.WORLDBANK,GR,interest_to_revenue,2024-12-31,7.48339997144081,2026-10-07T00:00:00
GR.ngdp_lcu.WORLDBANK,GR,ngdp_lcu,1960-12-31,0.376366,2026-10-07T00:00:00
GR.ngdp_lcu.WORLDBANK,GR,ngdp_lcu,1961-12-31,0.430732,2026-10-07T00:00:00
GR.ngdp_lcu.WORLDBANK,GR,ngdp_lcu,1962-12-31,0.452579,2026-10-07T00:00:00
GR.ngdp_lcu.WORLDBANK,GR,ngdp_lcu,1963-12-31,0.511808,2026-10-07T00:00:00
GR.ngdp_lcu.WORLDBANK,GR,ngdp_lcu,1964-12-31,0.579038,2026-10-07T00:00:00
GR.ngdp_lcu.WORLDBANK,GR,ngdp_lcu,1965-12-31,0.6675460000000001,2026-10-07T00:00:00
GR.ngdp_lcu.WORLDBANK,GR,ngdp_lcu,1966-12-31,0.745886,2026-10-07T00:00:00
GR.ngdp_lcu.WORLDBANK,GR,ngdp_lcu,1967-12-31,0.8052760000000001,2026-10-07T00:00:00
GR.ngdp_lcu.WORLDBANK,GR,ngdp_lcu,1968-12-31,0.8760380000000001,2026-10-07T00:00:00
GR.ngdp_lcu.WORLDBANK,GR,ngdp_lcu,1969-12-31,1.008432,2026-10-07T00:00:00
GR.ngdp_lcu.WORLDBANK,GR,ngdp_lcu,1970-12-31,1.140226,2026-10-07T00:00:00
GR.ngdp_lcu.WORLDBANK,GR,ngdp_lcu,1971-12-31,1.266215,2026-10-07T00:00:00
GR.ngdp_lcu.WORLDBANK,GR,ngdp_lcu,1972-12-31,1.4652580000000002,2026-10-07T00:00:00
GR.ngdp_lcu.WORLDBANK,GR,ngdp_lcu,1973-12-31,1.915017,2026-10-07T00:00:00
GR.ngdp_lcu.WORLDBANK,GR,ngdp_lcu,1974-12-31,2.199887,2026-10-07T00:00:00
GR.ngdp_lcu.WORLDBANK,GR,ngdp_lcu,1975-12-31,2.646951,2026-10-07T00:00:00
GR.ngdp_lcu.WORLDBANK,GR,ngdp_lcu,1976-12-31,3.293136,2026-10-07T00:00:00
GR.ngdp_lcu.WORLDBANK,GR,ngdp_lcu,1977-12-31,3.85626,2026-10-07T00:00:00
GR.ngdp_lcu.WORLDBANK,GR,ngdp_lcu,1978-12-31,4.705953,2026-10-07T00:00:00
GR.ngdp_lcu.WORLDBANK,GR,ngdp_lcu,1979-12-31,5.839812,2026-10-07T00:00:00
GR.ngdp_lcu.WORLDBANK,GR,ngdp_lcu,1980-12-31,7.010511,2026-10-07T00:00:00
GR.ngdp_lcu.WORLDBANK,GR,ngdp_lcu,1981-12-31,8.393161000000001,2026-10-07T00:00:00
GR.ngdp_lcu.WORLDBANK,GR,ngdp_lcu,1982-12-31,10.556236,2026-10-07T00:00:00
GR.ngdp_lcu.WORLDBANK,GR,ngdp_lcu,1983-12-31,12.594777,2026-10-07T00:00:00
GR.ngdp_lcu.WORLDBANK,GR,ngdp_lcu,1984-12-31,15.664090000000002,2026-10-07T00:00:00
GR.ngdp_lcu.WORLDBANK,GR,ngdp_lcu,1985-12-31,19.112222000000003,2026-10-07T00:00:00
GR.ngdp_lcu.WORLDBANK,GR,ngdp_lcu,1986-12-31,22.838609,2026-10-07T00:00:00
GR.ngdp_lcu.WORLDBANK,GR,ngdp_lcu,1987-12-31,25.727529,2026-10-07T00:00:00
GR.ngdp_lcu.WORLDBANK,GR,ngdp_lcu,1988-12-31,31.306014,2026-10-07T00:00:00
GR.ngdp_lcu.WORLDBANK,GR,ngdp_lcu,1989-12-31,37.207177,2026-10-07T00:00:00
GR.ngdp_lcu.WORLDBANK,GR,ngdp_lcu,1990-12-31,44.905564000000005,2026-10-07T00:00:00
GR.ngdp_lcu.WORLDBANK,GR,ngdp_lcu,1991-12-31,55.458894,2026-10-07T00:00:00
GR.ngdp_lcu.WORLDBANK,GR,ngdp_lcu,1992-12-31,64.111815,2026-10-07T00:00:00
GR.ngdp_lcu.WORLDBANK,GR,ngdp_lcu,1993-12-31,72.18855,2026-10-07T00:00:00
GR.ngdp_lcu.WORLDBANK,GR,ngdp_lcu,1994-12-31,81.86580500000001,2026-10-07T00:00:00
GR.ngdp_lcu.WORLDBANK,GR,ngdp_lcu,1995-12-31,91.76924,2026-10-07T00:00:00
GR.ngdp_lcu.WORLDBANK,GR,ngdp_lcu,1996-12-31,100.664108,2026-10-07T00:00:00
GR.ngdp_lcu.WORLDBANK,GR,ngdp_lcu,1997-12-31,111.19325,2026-10-07T00:00:00
GR.ngdp_lcu.WORLDBANK,GR,ngdp_lcu,1998-12-31,121.086192,2026-10-07T00:00:00
GR.ngdp_lcu.WORLDBANK,GR,ngdp_lcu,1999-12-31,128.668045,2026-10-07T00:00:00
GR.ngdp_lcu.WORLDBANK,GR,ngdp_lcu,2000-12-31,136.161171,2026-10-07T00:00:00
GR.ngdp_lcu.WORLDBANK,GR,ngdp_lcu,2001-12-31,147.438724,2026-10-07T00:00:00
GR.ngdp_lcu.WORLDBANK,GR,ngdp_lcu,2002-12-31,158.90225800000002,2026-10-07T00:00:00
GR.ngdp_lcu.WORLDBANK,GR,ngdp_lcu,2003-12-31,174.096009,2026-10-07T00:00:00
GR.ngdp_lcu.WORLDBANK,GR,ngdp_lcu,2004-12-31,188.9052,2026-10-07T00:00:00
GR.ngdp_lcu.WORLDBANK,GR,ngdp_lcu,2005-12-31,194.773381,2026-10-07T00:00:00
GR.ngdp_lcu.WORLDBANK,GR,ngdp_lcu,2006-12-31,214.298875,2026-10-07T00:00:00
GR.ngdp_lcu.WORLDBANK,GR,ngdp_lcu,2007-12-31,229.282767,2026-10-07T00:00:00
GR.ngdp_lcu.WORLDBANK,GR,ngdp_lcu,2008-12-31,238.735403,2026-10-07T00:00:00
GR.ngdp_lcu.WORLDBANK,GR,ngdp_lcu,2009-12-31,234.322608,2026-10-07T00:00:00
GR.ngdp_lcu.WORLDBANK,GR,ngdp_lcu,2010-12-31,223.590494,2026-10-07T00:00:00
GR.ngdp_lcu.WORLDBANK,GR,ngdp_lcu,2011-12-31,203.474989,2026-10-07T00:00:00
GR.ngdp_lcu.WORLDBANK,GR,ngdp_lcu,2012-12-31,185.899164,2026-10-07T00:00:00
GR.ngdp_lcu.WORLDBANK,GR,ngdp_lcu,2013-12-31,178.113897,2026-10-07T00:00:00
GR.ngdp_lcu.WORLDBANK,GR,ngdp_lcu,2014-12-31,176.071843,2026-10-07T00:00:00
GR.ngdp_lcu.WORLDBANK,GR,ngdp_lcu,2015-12-31,175.36287800000002,2026-10-07T00:00:00
GR.ngdp_lcu.WORLDBANK,GR,ngdp_lcu,2016-12-31,174.44818500000002,2026-10-07T00:00:00
GR.ngdp_lcu.WORLDBANK,GR,ngdp_lcu,2017-12-31,177.378457,2026-10-07T00:00:00
GR.ngdp_lcu.WORLDBANK,GR,ngdp_lcu,2018-12-31,180.615656,2026-10-07T00:00:00
GR.ngdp_lcu.WORLDBANK,GR,ngdp_lcu,2019-12-31,185.181215,2026-10-07T00:00:00
GR.ngdp_lcu.WORLDBANK,GR,ngdp_lcu,2020-12-31,167.53951800000002,2026-10-07T00:00:00
GR.ngdp_lcu.WORLDBANK,GR,ngdp_lcu,2021-12-31,184.574585,2026-10-07T00:00:00
GR.ngdp_lcu.WORLDBANK,GR,ngdp_lcu,2022-12-31,207.008662,2026-10-07T00:00:00
GR.ngdp_lcu.WORLDBANK,GR,ngdp_lcu,2023-12-31,224.686245,2026-10-07T00:00:00
GR.ngdp_lcu.WORLDBANK,GR,ngdp_lcu,2024-12-31,236.735953,2026-10-07T00:00:00
GR.ngdp_lcu.WORLDBANK,GR,ngdp_lcu,2025-12-31,248.35372500000005,2026-10-07T00:00:00
MX.cpi_yoy.WORLDBANK,MX,cpi_yoy,1960-12-31,4.92751886903116,2026-10-07T00:00:00
MX.cpi_yoy.WORLDBANK,MX,cpi_yoy,1961-12-31,1.6087596908193,2026-10-07T00:00:00
MX.cpi_yoy.WORLDBANK,MX,cpi_yoy,1962-12-31,1.19898417815082,2026-10-07T00:00:00
MX.cpi_yoy.WORLDBANK,MX,cpi_yoy,1963-12-31,0.594055008461965,2026-10-07T00:00:00
MX.cpi_yoy.WORLDBANK,MX,cpi_yoy,1964-12-31,2.33790317234362,2026-10-07T00:00:00
MX.cpi_yoy.WORLDBANK,MX,cpi_yoy,1965-12-31,3.56803865742936,2026-10-07T00:00:00
MX.cpi_yoy.WORLDBANK,MX,cpi_yoy,1966-12-31,4.21578837738435,2026-10-07T00:00:00
MX.cpi_yoy.WORLDBANK,MX,cpi_yoy,1967-12-31,3.01694847502148,2026-10-07T00:00:00
MX.cpi_yoy.WORLDBANK,MX,cpi_yoy,1968-12-31,2.33395093467026,2026-10-07T00:00:00
MX.cpi_yoy.WORLDBANK,MX,cpi_yoy,1969-12-31,3.36700336711678,2026-10-07T00:00:00
MX.cpi_yoy.WORLDBANK,MX,cpi_yoy,1970-12-31,5.00341205483431,2026-10-07T00:00:00
MX.cpi_yoy.WORLDBANK,MX,cpi_yoy,1971-12-31,5.46902899376838,2026-10-07T00:00:00
MX.cpi_yoy.WORLDBANK,MX,cpi_yoy,1972-12-31,4.94369236377875,2026-10-07T00:00:00
MX.cpi_yoy.WORLDBANK,MX,cpi_yoy,1973-12-31,12.0819394612938,2026-10-07T00:00:00
MX.cpi_yoy.WORLDBANK,MX,cpi_yoy,1974-12-31,23.7840154425787,2026-10-07T00:00:00
MX.cpi_yoy.WORLDBANK,MX,cpi_yoy,1975-12-31,14.9445346409267,2026-10-07T00:00:00
MX.cpi_yoy.WORLDBANK,MX,cpi_yoy,1976-12-31,15.824722489347,2026-10-07T00:00:00
MX.cpi_yoy.WORLDBANK,MX,cpi_yoy,1977-12-31,29.0641247103461,2026-10-07T00:00:00
MX.cpi_yoy.WORLDBANK,MX,cpi_yoy,1978-12-31,17.4572925678265,2026-10-07T00:00:00
MX.cpi_yoy.WORLDBANK,MX,cpi_yoy,1979-12-31,18.1912462987643,2026-10-07T00:00:00
MX.cpi_yoy.WORLDBANK,MX,cpi_yoy,1980-12-31,26.3516513562834,2026-10-07T00:00:00
MX.cpi_yoy.WORLDBANK,MX,cpi_yoy,1981-12-31,27.9337625982399,2026-10-07T00:00:00
MX.cpi_yoy.WORLDBANK,MX,cpi_yoy,1982-12-31,58.9134198531048,2026-10-07T00:00:00
MX.cpi_yoy.WORLDBANK,MX,cpi_yoy,1983-12-31,101.874938435992,2026-10-07T00:00:00
MX.cpi_yoy.WORLDBANK,MX,cpi_yoy,1984-12-31,65.4488071277602,2026-10-07T00:00:00
MX.cpi_yoy.WORLDBANK,MX,cpi_yoy,1985-12-31,57.7484484008702,2026-10-07T00:00:00
MX.cpi_yoy.WORLDBANK,MX,cpi_yoy,1986-12-31,86.2333169923538,2026-10-07T00:00:00
MX.cpi_yoy.WORLDBANK,MX,cpi_yoy,1987-12-31,131.82738392309,2026-10-07T00:00:00
MX.cpi_yoy.WORLDBANK,MX,cpi_yoy,1988-12-31,114.162258549066,2026-10-07T00:00:00
MX.cpi_yoy.WORLDBANK,MX,cpi_yoy,1989-12-31,20.0078767139978,2026-10-07T00:00:00
MX.cpi_yoy.WORLDBANK,MX,cpi_yoy,1990-12-31,26.6516725646771,2026-10-07T00:00:00
MX.cpi_yoy.WORLDBANK,MX,cpi_yoy,1991-12-31,22.662359455061,2026-10-07T00:00:00
MX.cpi_yoy.WORLDBANK,MX,cpi_yoy,1992-12-31,15.5078962533573,2026-10-07T00:00:00
MX.cpi_yoy.WORLDBANK,MX,cpi_yoy,1993-12-31,9.75146045357553,2026-10-07T00:00:00
MX.cpi_yoy.WORLDBANK,MX,cpi_yoy,1994-12-31,6.96581237191123,2026-10-07T00:00:00
MX.cpi_yoy.WORLDBANK,MX,cpi_yoy,1995-12-31,34.9992712889592,2026-10-07T00:00:00
MX.cpi_yoy.WORLDBANK,MX,cpi_yoy,1996-12-31,34.3783832235168,2026-10-07T00:00:00
MX.cpi_yoy.WORLDBANK,MX,cpi_yoy,1997-12-31,20.6256287259247,2026-10-07T00:00:00
MX.cpi_yoy.WORLDBANK,MX,cpi_yoy,1998-12-31,15.9283950119353,2026-10-07T00:00:00
MX.cpi_yoy.WORLDBANK,MX,cpi_yoy,1999-12-31,16.5856169707538,2026-10-07T00:00:00
MX.cpi_yoy.WORLDBANK,MX,cpi_yoy,2000-12-31,9.49156149435403,2026-10-07T00:00:00
MX.cpi_yoy.WORLDBANK,MX,cpi_yoy,2001-12-31,6.36773806235037,2026-10-07T00:00:00
MX.cpi_yoy.WORLDBANK,MX,cpi_yoy,2002-12-31,5.03072733151295,2026-10-07T00:00:00
MX.cpi_yoy.WORLDBANK,MX,cpi_yoy,2003-12-31,4.54690012118718,2026-10-07T00:00:00
MX.cpi_yoy.WORLDBANK,MX,cpi_yoy,2004-12-31,4.68840884843143,2026-10-07T00:00:00
MX.cpi_yoy.WORLDBANK,MX,cpi_yoy,2005-12-31,3.98805714597437,2026-10-07T00:00:00
MX.cpi_yoy.WORLDBANK,MX,cpi_yoy,2006-12-31,3.62946762439132,2026-10-07T00:00:00
MX.cpi_yoy.WORLDBANK,MX,cpi_yoy,2007-12-31,3.96684905458235,2026-10-07T00:00:00
MX.cpi_yoy.WORLDBANK,MX,cpi_yoy,2008-12-31,5.12498274575896,2026-10-07T00:00:00
MX.cpi_yoy.WORLDBANK,MX,cpi_yoy,2009-12-31,5.29735584228856,2026-10-07T00:00:00
MX.cpi_yoy.WORLDBANK,MX,cpi_yoy,2010-12-31,4.15672722680174,2026-10-07T00:00:00
MX.cpi_yoy.WORLDBANK,MX,cpi_yoy,2011-12-31,3.40737824605742,2026-10-07T00:00:00
MX.cpi_yoy.WORLDBANK,MX,cpi_yoy,2012-12-31,4.11150981070289,2026-10-07T00:00:00
MX.cpi_yoy.WORLDBANK,MX,cpi_yoy,2013-12-31,3.80639069747204,2026-10-07T00:00:00
MX.cpi_yoy.WORLDBANK,MX,cpi_yoy,2014-12-31,4.01861608078679,2026-10-07T00:00:00
MX.cpi_yoy.WORLDBANK,MX,cpi_yoy,2015-12-31,2.72064064964023,2026-10-07T00:00:00
MX.cpi_yoy.WORLDBANK,MX,cpi_yoy,2016-12-31,2.8217078474766,2026-10-07T00:00:00
MX.cpi_yoy.WORLDBANK,MX,cpi_yoy,2017-12-31,6.04145724018986,2026-10-07T00:00:00
MX.cpi_yoy.WORLDBANK,MX,cpi_yoy,2018-12-31,4.89935015356551,2026-10-07T00:00:00
MX.cpi_yoy.WORLDBANK,MX,cpi_yoy,2019-12-31,3.63596142127046,2026-10-07T00:00:00
MX.cpi_yoy.WORLDBANK,MX,cpi_yoy,2020-12-31,3.39683415570006,2026-10-07T00:00:00
MX.cpi_yoy.WORLDBANK,MX,cpi_yoy,2021-12-31,5.68920847683753,2026-10-07T00:00:00
MX.cpi_yoy.WORLDBANK,MX,cpi_yoy,2022-12-31,7.8962761916855,2026-10-07T00:00:00
MX.cpi_yoy.WORLDBANK,MX,cpi_yoy,2023-12-31,5.52796087314389,2026-10-07T00:00:00
MX.cpi_yoy.WORLDBANK,MX,cpi_yoy,2024-12-31,4.72225588452932,2026-10-07T00:00:00
MX.cpi_yoy.WORLDBANK,MX,cpi_yoy,2025-12-31,3.80668650726485,2026-10-07T00:00:00
MX.fx_lcu_per_usd.WORLDBANK,MX,fx_lcu_per_usd,1960-12-31,0.0125000000125,2026-10-07T00:00:00
MX.fx_lcu_per_usd.WORLDBANK,MX,fx_lcu_per_usd,1961-12-31,0.0125000000125,2026-10-07T00:00:00
MX.fx_lcu_per_usd.WORLDBANK,MX,fx_lcu_per_usd,1962-12-31,0.0125000000125,2026-10-07T00:00:00
MX.fx_lcu_per_usd.WORLDBANK,MX,fx_lcu_per_usd,1963-12-31,0.0125000000125,2026-10-07T00:00:00
MX.fx_lcu_per_usd.WORLDBANK,MX,fx_lcu_per_usd,1964-12-31,0.0125000000125,2026-10-07T00:00:00
MX.fx_lcu_per_usd.WORLDBANK,MX,fx_lcu_per_usd,1965-12-31,0.0125000000125,2026-10-07T00:00:00
MX.fx_lcu_per_usd.WORLDBANK,MX,fx_lcu_per_usd,1966-12-31,0.0125000000125,2026-10-07T00:00:00
MX.fx_lcu_per_usd.WORLDBANK,MX,fx_lcu_per_usd,1967-12-31,0.0125000000125,2026-10-07T00:00:00
MX.fx_lcu_per_usd.WORLDBANK,MX,fx_lcu_per_usd,1968-12-31,0.0125000000125,2026-10-07T00:00:00
MX.fx_lcu_per_usd.WORLDBANK,MX,fx_lcu_per_usd,1969-12-31,0.0125000000125,2026-10-07T00:00:00
MX.fx_lcu_per_usd.WORLDBANK,MX,fx_lcu_per_usd,1970-12-31,0.0125000000125,2026-10-07T00:00:00
MX.fx_lcu_per_usd.WORLDBANK,MX,fx_lcu_per_usd,1971-12-31,0.0125000000114583,2026-10-07T00:00:00
MX.fx_lcu_per_usd.WORLDBANK,MX,fx_lcu_per_usd,1972-12-31,0.0125000230379199,2026-10-07T00:00:00
MX.fx_lcu_per_usd.WORLDBANK,MX,fx_lcu_per_usd,1973-12-31,0.0124999519112712,2026-10-07T00:00:00
MX.fx_lcu_per_usd.WORLDBANK,MX,fx_lcu_per_usd,1974-12-31,0.0124999689192605,2026-10-07T00:00:00
MX.fx_lcu_per_usd.WORLDBANK,MX,fx_lcu_per_usd,1975-12-31,0.0125,2026-10-07T00:00:00
MX.fx_lcu_per_usd.WORLDBANK,MX,fx_lcu_per_usd,1976-12-31,0.0154258499996667,2026-10-07T00:00:00
MX.fx_lcu_per_usd.WORLDBANK,MX,fx_lcu_per_usd,1977-12-31,0.02257286666575,2026-10-07T00:00:00
MX.fx_lcu_per_usd.WORLDBANK,MX,fx_lcu_per_usd,1978-12-31,0.0227672833323333,2026-10-07T00:00:00
MX.fx_lcu_per_usd.WORLDBANK,MX,fx_lcu_per_usd,1979-12-31,0.0228053833323333,2026-10-07T00:00:00
MX.fx_lcu_per_usd.WORLDBANK,MX,fx_lcu_per_usd,1980-12-31,0.0229510083323333,2026-10-07T00:00:00
MX.fx_lcu_per_usd.WORLDBANK,MX,fx_lcu_per_usd,1981-12-31,0.0245145999990833,2026-10-07T00:00:00
MX.fx_lcu_per_usd.WORLDBANK,MX,fx_lcu_per_usd,1982-12-31,0.05640169999925,2026-10-07T00:00:00
MX.fx_lcu_per_usd.WORLDBANK,MX,fx_lcu_per_usd,1983-12-31,0.1200935833325,2026-10-07T00:00:00
MX.fx_lcu_per_usd.WORLDBANK,MX,fx_lcu_per_usd,1984-12-31,0.167827583332667,2026-10-07T00:00:00
MX.fx_lcu_per_usd.WORLDBANK,MX,fx_lcu_per_usd,1985-12-31,0.256871583333167,2026-10-07T00:00:00
MX.fx_lcu_per_usd.WORLDBANK,MX,fx_lcu_per_usd,1986-12-31,0.611772583333,2026-10-07T00:00:00
MX.fx_lcu_per_usd.WORLDBANK,MX,fx_lcu_per_usd,1987-12-31,1.3781825,2026-10-07T00:00:00
MX.fx_lcu_per_usd.WORLDBANK,MX,fx_lcu_per_usd,1988-12-31,2.273105,2026-10-07T00:00:00
MX.fx_lcu_per_usd.WORLDBANK,MX,fx_lcu_per_usd,1989-12-31,2.4614725,2026-10-07T00:00:00
MX.fx_lcu_per_usd.WORLDBANK,MX,fx_lcu_per_usd,1990-12-31,2.81259916666667,2026-10-07T00:00:00
MX.fx_lcu_per_usd.WORLDBANK,MX,fx_lcu_per_usd,1991-12-31,3.01843,2026-10-07T00:00:00
MX.fx_lcu_per_usd.WORLDBANK,MX,fx_lcu_per_usd,1992-12-31,3.09489833333333,2026-10-07T00:00:00
MX.fx_lcu_per_usd.WORLDBANK,MX,fx_lcu_per_usd,1993-12-31,3.11561666666667,2026-10-07T00:00:00
MX.fx_lcu_per_usd.WORLDBANK,MX,fx_lcu_per_usd,1994-12-31,3.37511666666667,2026-10-07T00:00:00
MX.fx_lcu_per_usd.WORLDBANK,MX,fx_lcu_per_usd,1995-12-31,6.419425,2026-10-07T00:00:00
MX.fx_lcu_per_usd.WORLDBANK,MX,fx_lcu_per_usd,1996-12-31,7.59944841666667,2026-10-07T00:00:00
MX.fx_lcu_per_usd.WORLDBANK,MX,fx_lcu_per_usd,1997-12-31,7.91846,2026-10-07T00:00:00
MX.fx_lcu_per_usd.WORLDBANK,MX,fx_lcu_per_usd,1998-12-31,9.13604175,2026-10-07T00:00:00
MX.fx_lcu_per_usd.WORLDBANK,MX,fx_lcu_per_usd,1999-12-31,9.5603975,2026-10-07T00:00:00
MX.fx_lcu_per_usd.WORLDBANK,MX,fx_lcu_per_usd,2000-12-31,9.45555833333333,2026-10-07T00:00:00
MX.fx_lcu_per_usd.WORLDBANK,MX,fx_lcu_per_usd,2001-12-31,9.34234166666667,2026-10-07T00:00:00
MX.fx_lcu_per_usd.WORLDBANK,MX,fx_lcu_per_usd,2002-12-31,9.65595833333333,2026-10-07T00:00:00
MX.fx_lcu_per_usd.WORLDBANK,MX,fx_lcu_per_usd,2003-12-31,10.7890191666667,2026-10-07T00:00:00
MX.fx_lcu_per_usd.WORLDBANK,MX,fx_lcu_per_usd,2004-12-31,11.2859666666667,2026-10-07T00:00:00
MX.fx_lcu_per_usd.WORLDBANK,MX,fx_lcu_per_usd,2005-12-31,10.8978916666667,2026-10-07T00:00:00
MX.fx_lcu_per_usd.WORLDBANK,MX,fx_lcu_per_usd,2006-12-31,10.8992416666667,2026-10-07T00:00:00
MX.fx_lcu_per_usd.WORLDBANK,MX,fx_lcu_per_usd,2007-12-31,10.9281916666667,2026-10-07T00:00:00
MX.fx_lcu_per_usd.WORLDBANK,MX,fx_lcu_per_usd,2008-12-31,11.1297166666667,2026-10-07T00:00:00
MX.fx_lcu_per_usd.WORLDBANK,MX,fx_lcu_per_usd,2009-12-31,13.513475,2026-10-07T00:00:00
MX.fx_lcu_per_usd.WORLDBANK,MX,fx_lcu_per_usd,2010-12-31,12.6360083333333,2026-10-07T00:00:00
MX.fx_lcu_per_usd.WORLDBANK,MX,fx_lcu_per_usd,2011-12-31,12.423325,2026-10-07T00:00:00
MX.fx_lcu_per_usd.WORLDBANK,MX,fx_lcu_per_usd,2012-12-31,13.1694583333333,2026-10-07T00:00:00
MX.fx_lcu_per_usd.WORLDBANK,MX,fx_lcu_per_usd,2013-12-31,12.7719916666667,2026-10-07T00:00:00
MX.fx_lcu_per_usd.WORLDBANK,MX,fx_lcu_per_usd,2014-12-31,13.29245,2026-10-07T00:00:00
MX.fx_lcu_per_usd.WORLDBANK,MX,fx_lcu_per_usd,2015-12-31,15.8482666666667,2026-10-07T00:00:00
MX.fx_lcu_per_usd.WORLDBANK,MX,fx_lcu_per_usd,2016-12-31,18.6640583333333,2026-10-07T00:00:00
MX.fx_lcu_per_usd.WORLDBANK,MX,fx_lcu_per_usd,2017-12-31,18.9265166666667,2026-10-07T00:00:00
MX.fx_lcu_per_usd.WORLDBANK,MX,fx_lcu_per_usd,2018-12-31,19.2443416666667,2026-10-07T00:00:00
MX.fx_lcu_per_usd.WORLDBANK,MX,fx_lcu_per_usd,2019-12-31,19.2636333333333,2026-10-07T00:00:00
MX.fx_lcu_per_usd.WORLDBANK,MX,fx_lcu_per_usd,2020-12-31,21.4856083333333,2026-10-07T00:00:00
MX.fx_lcu_per_usd.WORLDBANK,MX,fx_lcu_per_usd,2021-12-31,20.2724083333333,2026-10-07T00:00:00
MX.fx_lcu_per_usd.WORLDBANK,MX,fx_lcu_per_usd,2022-12-31,20.12735,2026-10-07T00:00:00
MX.fx_lcu_per_usd.WORLDBANK,MX,fx_lcu_per_usd,2023-12-31,17.7587166666667,2026-10-07T00:00:00
MX.fx_lcu_per_usd.WORLDBANK,MX,fx_lcu_per_usd,2024-12-31,18.3048583333333,2026-10-07T00:00:00
MX.fx_lcu_per_usd.WORLDBANK,MX,fx_lcu_per_usd,2025-12-31,19.2375083333333,2026-10-07T00:00:00
MX.fx_reserves_usd.WORLDBANK,MX,fx_reserves_usd,1960-12-31,0.4443416,2026-10-07T00:00:00
MX.fx_reserves_usd.WORLDBANK,MX,fx_reserves_usd,1961-12-31,0.41348,2026-10-07T00:00:00
MX.fx_reserves_usd.WORLDBANK,MX,fx_reserves_usd,1962-12-31,0.42719802,2026-10-07T00:00:00
MX.fx_reserves_usd.WORLDBANK,MX,fx_reserves_usd,1963-12-31,0.54830268,2026-10-07T00:00:00
MX.fx_reserves_usd.WORLDBANK,MX,fx_reserves_usd,1964-12-31,0.58759448,2026-10-07T00:00:00
MX.fx_reserves_usd.WORLDBANK,MX,fx_reserves_usd,1965-12-31,0.53803168,2026-10-07T00:00:00
MX.fx_reserves_usd.WORLDBANK,MX,fx_reserves_usd,1966-12-31,0.56457166,2026-10-07T00:00:00
MX.fx_reserves_usd.WORLDBANK,MX,fx_reserves_usd,1967-12-31,0.5869536000000001,2026-10-07T00:00:00
MX.fx_reserves_usd.WORLDBANK,MX,fx_reserves_usd,1968-12-31,0.6894366000000001,2026-10-07T00:00:00
MX.fx_reserves_usd.WORLDBANK,MX,fx_reserves_usd,1969-12-31,0.6633708,2026-10-07T00:00:00
MX.fx_reserves_usd.WORLDBANK,MX,fx_reserves_usd,1970-12-31,0.7560337300000001,2026-10-07T00:00:00
MX.fx_reserves_usd.WORLDBANK,MX,fx_reserves_usd,1971-12-31,0.981458344777804,2026-10-07T00:00:00
MX.fx_reserves_usd.WORLDBANK,MX,fx_reserves_usd,1972-12-31,1.2966842570760402,2026-10-07T00:00:00
MX.fx_reserves_usd.WORLDBANK,MX,fx_reserves_usd,1973-12-31,1.67981708457653,2026-10-07T00:00:00
MX.fx_reserves_usd.WORLDBANK,MX,fx_reserves_usd,1974-12-31,1.92086629991621,2026-10-07T00:00:00
MX.fx_reserves_usd.WORLDBANK,MX,fx_reserves_usd,1975-12-31,1.89678459290344,2026-10-07T00:00:00
MX.fx_reserves_usd.WORLDBANK,MX,fx_reserves_usd,1976-12-31,1.40380452658856,2026-10-07T00:00:00
MX.fx_reserves_usd.WORLDBANK,MX,fx_reserves_usd,1977-12-31,1.9383385547670704,2026-10-07T00:00:00
MX.fx_reserves_usd.WORLDBANK,MX,fx_reserves_usd,1978-12-31,2.26938153286607,2026-10-07T00:00:00
MX.fx_reserves_usd.WORLDBANK,MX,fx_reserves_usd,1979-12-31,3.0876921351823,2026-10-07T00:00:00
MX.fx_reserves_usd.WORLDBANK,MX,fx_reserves_usd,1980-12-31,4.17531983711204,2026-10-07T00:00:00
MX.fx_reserves_usd.WORLDBANK,MX,fx_reserves_usd,1981-12-31,4.97126074635438,2026-10-07T00:00:00
MX.fx_reserves_usd.WORLDBANK,MX,fx_reserves_usd,1982-12-31,1.77761344172025,2026-10-07T00:00:00
MX.fx_reserves_usd.WORLDBANK,MX,fx_reserves_usd,1983-12-31,4.79344667903658,2026-10-07T00:00:00
MX.fx_reserves_usd.WORLDBANK,MX,fx_reserves_usd,1984-12-31,8.01870480299307,2026-10-07T00:00:00
MX.fx_reserves_usd.WORLDBANK,MX,fx_reserves_usd,1985-12-31,5.6788801670244204,2026-10-07T00:00:00
MX.fx_reserves_usd.WORLDBANK,MX,fx_reserves_usd,1986-12-31,6.673540003122271,2026-10-07T00:00:00
MX.fx_reserves_usd.WORLDBANK,MX,fx_reserves_usd,1987-12-31,13.6919854539268,2026-10-07T00:00:00
MX.fx_reserves_usd.WORLDBANK,MX,fx_reserves_usd,1988-12-31,6.326668369941671,2026-10-07T00:00:00
MX.fx_reserves_usd.WORLDBANK,MX,fx_reserves_usd,1989-12-31,6.740245010710881,2026-10-07T00:00:00
MX.fx_reserves_usd.WORLDBANK,MX,fx_reserves_usd,1990-12-31,10.2168451936425,2026-10-07T00:00:00
MX.fx_reserves_usd.WORLDBANK,MX,fx_reserves_usd,1991-12-31,18.0520669816101,2026-10-07T00:00:00
MX.fx_reserves_usd.WORLDBANK,MX,fx_reserves_usd,1992-12-31,19.171357434323603,2026-10-07T00:00:00
MX.fx_reserves_usd.WORLDBANK,MX,fx_reserves_usd,1993-12-31,25.2987036982609,2026-10-07T00:00:00
MX.fx_reserves_usd.WORLDBANK,MX,fx_reserves_usd,1994-12-31,6.44139053610355,2026-10-07T00:00:00
MX.fx_reserves_usd.WORLDBANK,MX,fx_reserves_usd,1995-12-31,17.0455586329877,2026-10-07T00:00:00
MX.fx_reserves_usd.WORLDBANK,MX,fx_reserves_usd,1996-12-31,19.526913035872703,2026-10-07T00:00:00
MX.fx_reserves_usd.WORLDBANK,MX,fx_reserves_usd,1997-12-31,28.8524773611884,2026-10-07T00:00:00
MX.fx_reserves_usd.WORLDBANK,MX,fx_reserves_usd,1998-12-31,31.863181979629505,2026-10-07T00:00:00
MX.fx_reserves_usd.WORLDBANK,MX,fx_reserves_usd,1999-12-31,31.8284013252095,2026-10-07T00:00:00
MX.fx_reserves_usd.WORLDBANK,MX,fx_reserves_usd,2000-12-31,35.5772790536649,2026-10-07T00:00:00
MX.fx_reserves_usd.WORLDBANK,MX,fx_reserves_usd,2001-12-31,44.804667773015005,2026-10-07T00:00:00
MX.fx_reserves_usd.WORLDBANK,MX,fx_reserves_usd,2002-12-31,50.67145214495851,2026-10-07T00:00:00
MX.fx_reserves_usd.WORLDBANK,MX,fx_reserves_usd,2003-12-31,59.02670031145131,2026-10-07T00:00:00
MX.fx_reserves_usd.WORLDBANK,MX,fx_reserves_usd,2004-12-31,64.2016998628694,2026-10-07T00:00:00
MX.fx_reserves_usd.WORLDBANK,MX,fx_reserves_usd,2005-12-31,74.10970334606591,2026-10-07T00:00:00
MX.fx_reserves_usd.WORLDBANK,MX,fx_reserves_usd,2006-12-31,76.32936720425431,2026-10-07T00:00:00
MX.fx_reserves_usd.WORLDBANK,MX,fx_reserves_usd,2007-12-31,87.20817592331251,2026-10-07T00:00:00
MX.fx_reserves_usd.WORLDBANK,MX,fx_reserves_usd,2008-12-31,95.2998381828513,2026-10-07T00:00:00
MX.fx_reserves_usd.WORLDBANK,MX,fx_reserves_usd,2009-12-31,99.88881549434532,2026-10-07T00:00:00
MX.fx_reserves_usd.WORLDBANK,MX,fx_reserves_usd,2010-12-31,120.584016515123,2026-10-07T00:00:00
MX.fx_reserves_usd.WORLDBANK,MX,fx_reserves_usd,2011-12-31,149.20811390736202,2026-10-07T00:00:00
MX.fx_reserves_usd.WORLDBANK,MX,fx_reserves_usd,2012-12-31,167.07578531603698,2026-10-07T00:00:00
MX.fx_reserves_usd.WORLDBANK,MX,fx_reserves_usd,2013-12-31,180.200033349658,2026-10-07T00:00:00
MX.fx_reserves_usd.WORLDBANK,MX,fx_reserves_usd,2014-12-31,195.681624545922,2026-10-07T00:00:00
MX.fx_reserves_usd.WORLDBANK,MX,fx_reserves_usd,2015-12-31,177.59663255262402,2026-10-07T00:00:00
MX.fx_reserves_usd.WORLDBANK,MX,fx_reserves_usd,2016-12-31,177.97363725461,2026-10-07T00:00:00
MX.fx_reserves_usd.WORLDBANK,MX,fx_reserves_usd,2017-12-31,175.46966918354403,2026-10-07T00:00:00
MX.fx_reserves_usd.WORLDBANK,MX,fx_reserves_usd,2018-12-31,176.39027859558402,2026-10-07T00:00:00
MX.fx_reserves_usd.WORLDBANK,MX,fx_reserves_usd,2019-12-31,183.056094117556,2026-10-07T00:00:00
MX.fx_reserves_usd.WORLDBANK,MX,fx_reserves_usd,2020-12-31,199.069188921046,2026-10-07T00:00:00
MX.fx_reserves_usd.WORLDBANK,MX,fx_reserves_usd,2021-12-31,207.799490381042,2026-10-07T00:00:00
MX.fx_reserves_usd.WORLDBANK,MX,fx_reserves_usd,2022-12-31,201.11868994608704,2026-10-07T00:00:00
MX.fx_reserves_usd.WORLDBANK,MX,fx_reserves_usd,2023-12-31,214.31682708502,2026-10-07T00:00:00
MX.fx_reserves_usd.WORLDBANK,MX,fx_reserves_usd,2024-12-31,232.035392464815,2026-10-07T00:00:00
MX.fx_reserves_usd.WORLDBANK,MX,fx_reserves_usd,2025-12-31,256.17868024902805,2026-10-07T00:00:00
MX.gg_debt_gdp.WORLDBANK,MX,gg_debt_gdp,1990-12-31,46.6268573934833,2026-10-07T00:00:00
MX.gg_debt_gdp.WORLDBANK,MX,gg_debt_gdp,1991-12-31,38.2182364854974,2026-10-07T00:00:00
MX.gg_debt_gdp.WORLDBANK,MX,gg_debt_gdp,1992-12-31,28.1470540238128,2026-10-07T00:00:00
MX.gg_debt_gdp.WORLDBANK,MX,gg_debt_gdp,1993-12-31,19.2441733425118,2026-10-07T00:00:00
MX.gg_debt_gdp.WORLDBANK,MX,gg_debt_gdp,1994-12-31,26.8438813996716,2026-10-07T00:00:00
MX.gg_debt_gdp.WORLDBANK,MX,gg_debt_gdp,1995-12-31,30.7434988919319,2026-10-07T00:00:00
MX.gg_debt_gdp.WORLDBANK,MX,gg_debt_gdp,1996-12-31,23.9323468344639,2026-10-07T00:00:00
MX.gg_debt_gdp.WORLDBANK,MX,gg_debt_gdp,1997-12-31,19.7405052707619,2026-10-07T00:00:00
MX.gg_debt_gdp.WORLDBANK,MX,gg_debt_gdp,1998-12-31,21.0082173789952,2026-10-07T00:00:00
MX.gg_debt_gdp.WORLDBANK,MX,gg_debt_gdp,1999-12-31,19.4785244628191,2026-10-07T00:00:00
MX.gg_debt_gdp.WORLDBANK,MX,gg_debt_gdp,2000-12-31,18.1918633340197,2026-10-07T00:00:00
MX.gg_debt_gdp.WORLDBANK,MX,gg_debt_gdp,2019-12-31,41.3273940594335,2026-10-07T00:00:00
MX.gg_debt_gdp.WORLDBANK,MX,gg_debt_gdp,2020-12-31,45.8373464207273,2026-10-07T00:00:00
MX.gg_debt_gdp.WORLDBANK,MX,gg_debt_gdp,2021-12-31,44.860955801458,2026-10-07T00:00:00
MX.gg_debt_gdp.WORLDBANK,MX,gg_debt_gdp,2022-12-31,43.9694401581611,2026-10-07T00:00:00
MX.gg_debt_gdp.WORLDBANK,MX,gg_debt_gdp,2023-12-31,45.1534859576172,2026-10-07T00:00:00
MX.gg_debt_gdp.WORLDBANK,MX,gg_debt_gdp,2024-12-31,50.270950655733,2026-10-07T00:00:00
MX.interest_to_revenue.WORLDBANK,MX,interest_to_revenue,1972-12-31,8.62068965517241,2026-10-07T00:00:00
MX.interest_to_revenue.WORLDBANK,MX,interest_to_revenue,1973-12-31,10.2941176470588,2026-10-07T00:00:00
MX.interest_to_revenue.WORLDBANK,MX,interest_to_revenue,1974-12-31,11.5789473684211,2026-10-07T00:00:00
MX.interest_to_revenue.WORLDBANK,MX,interest_to_revenue,1975-12-31,10.4477611940298,2026-10-07T00:00:00
MX.interest_to_revenue.WORLDBANK,MX,interest_to_revenue,1976-12-31,11.7647058823529,2026-10-07T00:00:00
MX.interest_to_revenue.WORLDBANK,MX,interest_to_revenue,1977-12-31,13.2780082987552,2026-10-07T00:00:00
MX.interest_to_revenue.WORLDBANK,MX,interest_to_revenue,1978-12-31,12.7329192546584,2026-10-07T00:00:00
MX.interest_to_revenue.WORLDBANK,MX,interest_to_revenue,1979-12-31,12.0728929384966,2026-10-07T00:00:00
MX.interest_to_revenue.WORLDBANK,MX,interest_to_revenue,1980-12-31,11.1441307578009,2026-10-07T00:00:00
MX.interest_to_revenue.WORLDBANK,MX,interest_to_revenue,1981-12-31,19.3363844393593,2026-10-07T00:00:00
MX.interest_to_revenue.WORLDBANK,MX,interest_to_revenue,1982-12-31,27.6892430278884,2026-10-07T00:00:00
MX.interest_to_revenue.WORLDBANK,MX,interest_to_revenue,1983-12-31,54.1920216362407,2026-10-07T00:00:00
MX.interest_to_revenue.WORLDBANK,MX,interest_to_revenue,1984-12-31,48.6224709427464,2026-10-07T00:00:00
MX.interest_to_revenue.WORLDBANK,MX,interest_to_revenue,1985-12-31,59.8792535675082,2026-10-07T00:00:00
MX.interest_to_revenue.WORLDBANK,MX,interest_to_revenue,1986-12-31,99.340075419952,2026-10-07T00:00:00
MX.interest_to_revenue.WORLDBANK,MX,interest_to_revenue,1987-12-31,114.436971003765,2026-10-07T00:00:00
MX.interest_to_revenue.WORLDBANK,MX,interest_to_revenue,1988-12-31,100.529648819804,2026-10-07T00:00:00
MX.interest_to_revenue.WORLDBANK,MX,interest_to_revenue,1989-12-31,66.0833122251134,2026-10-07T00:00:00
MX.interest_to_revenue.WORLDBANK,MX,interest_to_revenue,1990-12-31,52.4970205252704,2026-10-07T00:00:00
MX.interest_to_revenue.WORLDBANK,MX,interest_to_revenue,1991-12-31,30.6024386274052,2026-10-07T00:00:00
MX.interest_to_revenue.WORLDBANK,MX,interest_to_revenue,1992-12-31,21.8675257761666,2026-10-07T00:00:00
MX.interest_to_revenue.WORLDBANK,MX,interest_to_revenue,1993-12-31,16.2495793516407,2026-10-07T00:00:00
MX.interest_to_revenue.WORLDBANK,MX,interest_to_revenue,1994-12-31,13.41937307176,2026-10-07T00:00:00
MX.interest_to_revenue.WORLDBANK,MX,interest_to_revenue,1995-12-31,18.8602983035409,2026-10-07T00:00:00
MX.interest_to_revenue.WORLDBANK,MX,interest_to_revenue,1996-12-31,18.80671648004,2026-10-07T00:00:00
MX.interest_to_revenue.WORLDBANK,MX,interest_to_revenue,1997-12-31,15.1183550244493,2026-10-07T00:00:00
MX.interest_to_revenue.WORLDBANK,MX,interest_to_revenue,1998-12-31,16.5496717689349,2026-10-07T00:00:00
MX.interest_to_revenue.WORLDBANK,MX,interest_to_revenue,1999-12-31,18.2781674202792,2026-10-07T00:00:00
MX.interest_to_revenue.WORLDBANK,MX,interest_to_revenue,2000-12-31,13.9598085416101,2026-10-07T00:00:00
MX.interest_to_revenue.WORLDBANK,MX,interest_to_revenue,2008-12-31,11.8794473272796,2026-10-07T00:00:00
MX.interest_to_revenue.WORLDBANK,MX,interest_to_revenue,2009-12-31,13.9567108303927,2026-10-07T00:00:00
MX.interest_to_revenue.WORLDBANK,MX,interest_to_revenue,2010-12-31,12.9979322005735,2026-10-07T00:00:00
MX.interest_to_revenue.WORLDBANK,MX,interest_to_revenue,2011-12-31,11.6152152231098,2026-10-07T00:00:00
MX.interest_to_revenue.WORLDBANK,MX,interest_to_revenue,2012-12-31,11.9920799127085,2026-10-07T00:00:00
MX.interest_to_revenue.WORLDBANK,MX,interest_to_revenue,2013-12-31,12.003038170891,2026-10-07T00:00:00
MX.interest_to_revenue.WORLDBANK,MX,interest_to_revenue,2014-12-31,12.5492706480249,2026-10-07T00:00:00
MX.interest_to_revenue.WORLDBANK,MX,interest_to_revenue,2015-12-31,11.3294576405841,2026-10-07T00:00:00
MX.interest_to_revenue.WORLDBANK,MX,interest_to_revenue,2016-12-31,11.6843206985179,2026-10-07T00:00:00
MX.interest_to_revenue.WORLDBANK,MX,interest_to_revenue,2017-12-31,13.6192261790889,2026-10-07T00:00:00
MX.interest_to_revenue.WORLDBANK,MX,interest_to_revenue,2018-12-31,14.4996161272349,2026-10-07T00:00:00
MX.interest_to_revenue.WORLDBANK,MX,interest_to_revenue,2019-12-31,14.0951934278683,2026-10-07T00:00:00
MX.interest_to_revenue.WORLDBANK,MX,interest_to_revenue,2020-12-31,15.447815297275,2026-10-07T00:00:00
MX.interest_to_revenue.WORLDBANK,MX,interest_to_revenue,2021-12-31,15.8259382639258,2026-10-07T00:00:00
MX.interest_to_revenue.WORLDBANK,MX,interest_to_revenue,2022-12-31,17.1966048280522,2026-10-07T00:00:00
MX.interest_to_revenue.WORLDBANK,MX,interest_to_revenue,2023-12-31,18.5493152744806,2026-10-07T00:00:00
MX.interest_to_revenue.WORLDBANK,MX,interest_to_revenue,2024-12-31,20.0001112170522,2026-10-07T00:00:00
MX.ngdp_lcu.WORLDBANK,MX,ngdp_lcu,1960-12-31,0.163,2026-10-07T00:00:00
MX.ngdp_lcu.WORLDBANK,MX,ngdp_lcu,1961-12-31,0.177,2026-10-07T00:00:00
MX.ngdp_lcu.WORLDBANK,MX,ngdp_lcu,1962-12-31,0.19,2026-10-07T00:00:00
MX.ngdp_lcu.WORLDBANK,MX,ngdp_lcu,1963-12-31,0.212,2026-10-07T00:00:00
MX.ngdp_lcu.WORLDBANK,MX,ngdp_lcu,1964-12-31,0.251,2026-10-07T00:00:00
MX.ngdp_lcu.WORLDBANK,MX,ngdp_lcu,1965-12-31,0.273,2026-10-07T00:00:00
MX.ngdp_lcu.WORLDBANK,MX,ngdp_lcu,1966-12-31,0.304,2026-10-07T00:00:00
MX.ngdp_lcu.WORLDBANK,MX,ngdp_lcu,1967-12-31,0.332,2026-10-07T00:00:00
MX.ngdp_lcu.WORLDBANK,MX,ngdp_lcu,1968-12-31,0.367,2026-10-07T00:00:00
MX.ngdp_lcu.WORLDBANK,MX,ngdp_lcu,1969-12-31,0.406,2026-10-07T00:00:00
MX.ngdp_lcu.WORLDBANK,MX,ngdp_lcu,1970-12-31,0.444,2026-10-07T00:00:00
MX.ngdp_lcu.WORLDBANK,MX,ngdp_lcu,1971-12-31,0.49,2026-10-07T00:00:00
MX.ngdp_lcu.WORLDBANK,MX,ngdp_lcu,1972-12-31,0.5650000000000001,2026-10-07T00:00:00
MX.ngdp_lcu.WORLDBANK,MX,ngdp_lcu,1973-12-31,0.6910000000000001,2026-10-07T00:00:00
MX.ngdp_lcu.WORLDBANK,MX,ngdp_lcu,1974-12-31,0.9,2026-10-07T00:00:00
MX.ngdp_lcu.WORLDBANK,MX,ngdp_lcu,1975-12-31,1.1,2026-10-07T00:00:00
MX.ngdp_lcu.WORLDBANK,MX,ngdp_lcu,1976-12-31,1.371,2026-10-07T00:00:00
MX.ngdp_lcu.WORLDBANK,MX,ngdp_lcu,1977-12-31,1.849,2026-10-07T00:00:00
MX.ngdp_lcu.WORLDBANK,MX,ngdp_lcu,1978-12-31,2.337,2026-10-07T00:00:00
MX.ngdp_lcu.WORLDBANK,MX,ngdp_lcu,1979-12-31,3.068,2026-10-07T00:00:00
MX.ngdp_lcu.WORLDBANK,MX,ngdp_lcu,1980-12-31,4.718199,2026-10-07T00:00:00
MX.ngdp_lcu.WORLDBANK,MX,ngdp_lcu,1981-12-31,6.467003750000001,2026-10-07T00:00:00
MX.ngdp_lcu.WORLDBANK,MX,ngdp_lcu,1982-12-31,10.4119565,2026-10-07T00:00:00
MX.ngdp_lcu.WORLDBANK,MX,ngdp_lcu,1983-12-31,18.75471975,2026-10-07T00:00:00
MX.ngdp_lcu.WORLDBANK,MX,ngdp_lcu,1984-12-31,30.919079000000004,2026-10-07T00:00:00
MX.ngdp_lcu.WORLDBANK,MX,ngdp_lcu,1985-12-31,50.15196400000001,2026-10-07T00:00:00
MX.ngdp_lcu.WORLDBANK,MX,ngdp_lcu,1986-12-31,82.317749,2026-10-07T00:00:00
MX.ngdp_lcu.WORLDBANK,MX,ngdp_lcu,1987-12-31,203.3406455,2026-10-07T00:00:00
MX.ngdp_lcu.WORLDBANK,MX,ngdp_lcu,1988-12-31,412.82121425,2026-10-07T00:00:00
MX.ngdp_lcu.WORLDBANK,MX,ngdp_lcu,1989-12-31,544.9777485000001,2026-10-07T00:00:00
MX.ngdp_lcu.WORLDBANK,MX,ngdp_lcu,1990-12-31,734.801827,2026-10-07T00:00:00
MX.ngdp_lcu.WORLDBANK,MX,ngdp_lcu,1991-12-31,945.1901323,2026-10-07T00:00:00
MX.ngdp_lcu.WORLDBANK,MX,ngdp_lcu,1992-12-31,1123.9364508,2026-10-07T00:00:00
MX.ngdp_lcu.WORLDBANK,MX,ngdp_lcu,1993-12-31,1651.777888,2026-10-07T00:00:00
MX.ngdp_lcu.WORLDBANK,MX,ngdp_lcu,1994-12-31,1868.52636,2026-10-07T00:00:00
MX.ngdp_lcu.WORLDBANK,MX,ngdp_lcu,1995-12-31,2440.392366,2026-10-07T00:00:00
MX.ngdp_lcu.WORLDBANK,MX,ngdp_lcu,1996-12-31,3284.1618310000003,2026-10-07T00:00:00
MX.ngdp_lcu.WORLDBANK,MX,ngdp_lcu,1997-12-31,4144.914169000001,2026-10-07T00:00:00
MX.ngdp_lcu.WORLDBANK,MX,ngdp_lcu,1998-12-31,5092.988047000001,2026-10-07T00:00:00
MX.ngdp_lcu.WORLDBANK,MX,ngdp_lcu,1999-12-31,6034.995116,2026-10-07T00:00:00
MX.ngdp_lcu.WORLDBANK,MX,ngdp_lcu,2000-12-31,7016.603943,2026-10-07T00:00:00
MX.ngdp_lcu.WORLDBANK,MX,ngdp_lcu,2001-12-31,7437.107659,2026-10-07T00:00:00
MX.ngdp_lcu.WORLDBANK,MX,ngdp_lcu,2002-12-31,7827.757972,2026-10-07T00:00:00
MX.ngdp_lcu.WORLDBANK,MX,ngdp_lcu,2003-12-31,8259.533149,2026-10-07T00:00:00
MX.ngdp_lcu.WORLDBANK,MX,ngdp_lcu,2004-12-31,9248.389798,2026-10-07T00:00:00
MX.ngdp_lcu.WORLDBANK,MX,ngdp_lcu,2005-12-31,9999.598961000002,2026-10-07T00:00:00
MX.ngdp_lcu.WORLDBANK,MX,ngdp_lcu,2006-12-31,11120.11577,2026-10-07T00:00:00
MX.ngdp_lcu.WORLDBANK,MX,ngdp_lcu,2007-12-31,12046.753156,2026-10-07T00:00:00
MX.ngdp_lcu.WORLDBANK,MX,ngdp_lcu,2008-12-31,12927.76129,2026-10-07T00:00:00
MX.ngdp_lcu.WORLDBANK,MX,ngdp_lcu,2009-12-31,12749.117921,2026-10-07T00:00:00
MX.ngdp_lcu.WORLDBANK,MX,ngdp_lcu,2010-12-31,13968.149523,2026-10-07T00:00:00
MX.ngdp_lcu.WORLDBANK,MX,ngdp_lcu,2011-12-31,15268.436667000002,2026-10-07T00:00:00
MX.ngdp_lcu.WORLDBANK,MX,ngdp_lcu,2012-12-31,16529.124024,2026-10-07T00:00:00
MX.ngdp_lcu.WORLDBANK,MX,ngdp_lcu,2013-12-31,16954.005682000003,2026-10-07T00:00:00
MX.ngdp_lcu.WORLDBANK,MX,ngdp_lcu,2014-12-31,18137.650612,2026-10-07T00:00:00
MX.ngdp_lcu.WORLDBANK,MX,ngdp_lcu,2015-12-31,19228.614673,2026-10-07T00:00:00
MX.ngdp_lcu.WORLDBANK,MX,ngdp_lcu,2016-12-31,20758.790506,2026-10-07T00:00:00
MX.ngdp_lcu.WORLDBANK,MX,ngdp_lcu,2017-12-31,22536.210255,2026-10-07T00:00:00
MX.ngdp_lcu.WORLDBANK,MX,ngdp_lcu,2018-12-31,24176.670376,2026-10-07T00:00:00
MX.ngdp_lcu.WORLDBANK,MX,ngdp_lcu,2019-12-31,25121.823307,2026-10-07T00:00:00
MX.ngdp_lcu.WORLDBANK,MX,ngdp_lcu,2020-12-31,24086.75813,2026-10-07T00:00:00
MX.ngdp_lcu.WORLDBANK,MX,ngdp_lcu,2021-12-31,26690.033392,2026-10-07T00:00:00
MX.ngdp_lcu.WORLDBANK,MX,ngdp_lcu,2022-12-31,29525.508622,2026-10-07T00:00:00
MX.ngdp_lcu.WORLDBANK,MX,ngdp_lcu,2023-12-31,31866.425547000003,2026-10-07T00:00:00
MX.ngdp_lcu.WORLDBANK,MX,ngdp_lcu,2024-12-31,33506.84691,2026-10-07T00:00:00
MX.ngdp_lcu.WORLDBANK,MX,ngdp_lcu,2025-12-31,35255.452916,2026-10-07T00:00:00
RU.cpi_yoy.WORLDBANK,RU,cpi_yoy,1993-12-31,874.245720380188,2026-10-07T00:00:00
RU.cpi_yoy.WORLDBANK,RU,cpi_yoy,1994-12-31,307.722635553193,2026-10-07T00:00:00
RU.cpi_yoy.WORLDBANK,RU,cpi_yoy,1995-12-31,197.414268084251,2026-10-07T00:00:00
RU.cpi_yoy.WORLDBANK,RU,cpi_yoy,1996-12-31,47.7520122009939,2026-10-07T00:00:00
RU.cpi_yoy.WORLDBANK,RU,cpi_yoy,1997-12-31,14.761329268806,2026-10-07T00:00:00
RU.cpi_yoy.WORLDBANK,RU,cpi_yoy,1998-12-31,27.6856798076742,2026-10-07T00:00:00
RU.cpi_yoy.WORLDBANK,RU,cpi_yoy,1999-12-31,85.7464940960636,2026-10-07T00:00:00
RU.cpi_yoy.WORLDBANK,RU,cpi_yoy,2000-12-31,20.7987606558704,2026-10-07T00:00:00
RU.cpi_yoy.WORLDBANK,RU,cpi_yoy,2001-12-31,21.4770072117159,2026-10-07T00:00:00
RU.cpi_yoy.WORLDBANK,RU,cpi_yoy,2002-12-31,15.7887307914463,2026-10-07T00:00:00
RU.cpi_yoy.WORLDBANK,RU,cpi_yoy,2003-12-31,13.6632930228666,2026-10-07T00:00:00
RU.cpi_yoy.WORLDBANK,RU,cpi_yoy,2004-12-31,10.8886157326216,2026-10-07T00:00:00
RU.cpi_yoy.WORLDBANK,RU,cpi_yoy,2005-12-31,12.6853039507349,2026-10-07T00:00:00
RU.cpi_yoy.WORLDBANK,RU,cpi_yoy,2006-12-31,9.66865454789265,2026-10-07T00:00:00
RU.cpi_yoy.WORLDBANK,RU,cpi_yoy,2007-12-31,9.00729868861079,2026-10-07T00:00:00
RU.cpi_yoy.WORLDBANK,RU,cpi_yoy,2008-12-31,14.1107677840442,2026-10-07T00:00:00
RU.cpi_yoy.WORLDBANK,RU,cpi_yoy,2009-12-31,11.6473295764118,2026-10-07T00:00:00
RU.cpi_yoy.WORLDBANK,RU,cpi_yoy,2010-12-31,6.84939230255025,2026-10-07T00:00:00
RU.cpi_yoy.WORLDBANK,RU,cpi_yoy,2011-12-31,8.4404648593257,2026-10-07T00:00:00
RU.cpi_yoy.WORLDBANK,RU,cpi_yoy,2012-12-31,5.07474300799149,2026-10-07T00:00:00
RU.cpi_yoy.WORLDBANK,RU,cpi_yoy,2013-12-31,6.75466833903486,2026-10-07T00:00:00
RU.cpi_yoy.WORLDBANK,RU,cpi_yoy,2014-12-31,7.82016970013845,2026-10-07T00:00:00
RU.cpi_yoy.WORLDBANK,RU,cpi_yoy,2015-12-31,15.5343959935701,2026-10-07T00:00:00
RU.cpi_yoy.WORLDBANK,RU,cpi_yoy,2016-12-31,7.04243725413707,2026-10-07T00:00:00
RU.cpi_yoy.WORLDBANK,RU,cpi_yoy,2017-12-31,3.68333072334495,2026-10-07T00:00:00
RU.cpi_yoy.WORLDBANK,RU,cpi_yoy,2018-12-31,2.87831382614981,2026-10-07T00:00:00
RU.cpi_yoy.WORLDBANK,RU,cpi_yoy,2019-12-31,4.47202631837903,2026-10-07T00:00:00
RU.cpi_yoy.WORLDBANK,RU,cpi_yoy,2020-12-31,3.38219796948068,2026-10-07T00:00:00
RU.cpi_yoy.WORLDBANK,RU,cpi_yoy,2021-12-31,6.69445891957612,2026-10-07T00:00:00
RU.cpi_yoy.WORLDBANK,RU,cpi_yoy,2022-12-31,13.7436797398232,2026-10-07T00:00:00
RU.cpi_yoy.WORLDBANK,RU,cpi_yoy,2023-12-31,5.86571931748967,2026-10-07T00:00:00
RU.cpi_yoy.WORLDBANK,RU,cpi_yoy,2024-12-31,8.43486410496723,2026-10-07T00:00:00
RU.cpi_yoy.WORLDBANK,RU,cpi_yoy,2025-12-31,8.71986939402666,2026-10-07T00:00:00
RU.fx_lcu_per_usd.WORLDBANK,RU,fx_lcu_per_usd,1993-12-31,0.991666666666667,2026-10-07T00:00:00
RU.fx_lcu_per_usd.WORLDBANK,RU,fx_lcu_per_usd,1996-12-31,5.12083333333333,2026-10-07T00:00:00
RU.fx_lcu_per_usd.WORLDBANK,RU,fx_lcu_per_usd,1997-12-31,5.78483333333334,2026-10-07T00:00:00
RU.fx_lcu_per_usd.WORLDBANK,RU,fx_lcu_per_usd,1998-12-31,9.70508333333333,2026-10-07T00:00:00
RU.fx_lcu_per_usd.WORLDBANK,RU,fx_lcu_per_usd,1999-12-31,24.6199,2026-10-07T00:00:00
RU.fx_lcu_per_usd.WORLDBANK,RU,fx_lcu_per_usd,2000-12-31,28.1291666666667,2026-10-07T00:00:00
RU.fx_lcu_per_usd.WORLDBANK,RU,fx_lcu_per_usd,2001-12-31,29.168525,2026-10-07T00:00:00
RU.fx_lcu_per_usd.WORLDBANK,RU,fx_lcu_per_usd,2002-12-31,31.3484833333333,2026-10-07T00:00:00
RU.fx_lcu_per_usd.WORLDBANK,RU,fx_lcu_per_usd,2003-12-31,30.692025,2026-10-07T00:00:00
RU.fx_lcu_per_usd.WORLDBANK,RU,fx_lcu_per_usd,2004-12-31,28.8137416666667,2026-10-07T00:00:00
RU.fx_lcu_per_usd.WORLDBANK,RU,fx_lcu_per_usd,2005-12-31,28.2844416666667,2026-10-07T00:00:00
RU.fx_lcu_per_usd.WORLDBANK,RU,fx_lcu_per_usd,2006-12-31,27.1909583333333,2026-10-07T00:00:00
RU.fx_lcu_per_usd.WORLDBANK,RU,fx_lcu_per_usd,2007-12-31,25.5808453675404,2026-10-07T00:00:00
RU.fx_lcu_per_usd.WORLDBANK,RU,fx_lcu_per_usd,2008-12-31,24.852875,2026-10-07T00:00:00
RU.fx_lcu_per_usd.WORLDBANK,RU,fx_lcu_per_usd,2009-12-31,31.7403583333333,2026-10-07T00:00:00
RU.fx_lcu_per_usd.WORLDBANK,RU,fx_lcu_per_usd,2010-12-31,30.3679153383059,2026-10-07T00:00:00
RU.fx_lcu_per_usd.WORLDBANK,RU,fx_lcu_per_usd,2011-12-31,29.3823413709302,2026-10-07T00:00:00
RU.fx_lcu_per_usd.WORLDBANK,RU,fx_lcu_per_usd,2012-12-31,30.8398313519917,2026-10-07T00:00:00
RU.fx_lcu_per_usd.WORLDBANK,RU,fx_lcu_per_usd,2013-12-31,31.8371436402813,2026-10-07T00:00:00
RU.fx_lcu_per_usd.WORLDBANK,RU,fx_lcu_per_usd,2014-12-31,38.3782071444168,2026-10-07T00:00:00
RU.fx_lcu_per_usd.WORLDBANK,RU,fx_lcu_per_usd,2015-12-31,60.9376501088951,2026-10-07T00:00:00
RU.fx_lcu_per_usd.WORLDBANK,RU,fx_lcu_per_usd,2016-12-31,67.0559333333333,2026-10-07T00:00:00
RU.fx_lcu_per_usd.WORLDBANK,RU,fx_lcu_per_usd,2017-12-31,58.3428011851719,2026-10-07T00:00:00
RU.fx_lcu_per_usd.WORLDBANK,RU,fx_lcu_per_usd,2018-12-31,62.6681333333334,2026-10-07T00:00:00
RU.fx_lcu_per_usd.WORLDBANK,RU,fx_lcu_per_usd,2019-12-31,64.7376583333333,2026-10-07T00:00:00
RU.fx_lcu_per_usd.WORLDBANK,RU,fx_lcu_per_usd,2020-12-31,72.1049083333333,2026-10-07T00:00:00
RU.fx_lcu_per_usd.WORLDBANK,RU,fx_lcu_per_usd,2021-12-31,73.65435,2026-10-07T00:00:00
RU.fx_lcu_per_usd.WORLDBANK,RU,fx_lcu_per_usd,2022-12-31,68.4849416666667,2026-10-07T00:00:00
RU.fx_lcu_per_usd.WORLDBANK,RU,fx_lcu_per_usd,2023-12-31,85.1620083333333,2026-10-07T00:00:00
RU.fx_lcu_per_usd.WORLDBANK,RU,fx_lcu_per_usd,2024-12-31,92.5524,2026-10-07T00:00:00
RU.fx_reserves_usd.WORLDBANK,RU,fx_reserves_usd,1993-12-31,9.81768155119222,2026-10-07T00:00:00
RU.fx_reserves_usd.WORLDBANK,RU,fx_reserves_usd,1994-12-31,7.20622722819572,2026-10-07T00:00:00
RU.fx_reserves_usd.WORLDBANK,RU,fx_reserves_usd,1995-12-31,18.023640709998705,2026-10-07T00:00:00
RU.fx_reserves_usd.WORLDBANK,RU,fx_reserves_usd,1996-12-31,16.2576173192203,2026-10-07T00:00:00
RU.fx_reserves_usd.WORLDBANK,RU,fx_reserves_usd,1997-12-31,17.6240902697076,2026-10-07T00:00:00
RU.fx_reserves_usd.WORLDBANK,RU,fx_reserves_usd,1998-12-31,12.0429729075766,2026-10-07T00:00:00
RU.fx_reserves_usd.WORLDBANK,RU,fx_reserves_usd,1999-12-31,12.3251023790529,2026-10-07T00:00:00
RU.fx_reserves_usd.WORLDBANK,RU,fx_reserves_usd,2000-12-31,27.656266696126306,2026-10-07T00:00:00
RU.fx_reserves_usd.WORLDBANK,RU,fx_reserves_usd,2001-12-31,36.30252426937,2026-10-07T00:00:00
RU.fx_reserves_usd.WORLDBANK,RU,fx_reserves_usd,2002-12-31,48.32563716701471,2026-10-07T00:00:00
RU.fx_reserves_usd.WORLDBANK,RU,fx_reserves_usd,2003-12-31,78.40934797068661,2026-10-07T00:00:00
RU.fx_reserves_usd.WORLDBANK,RU,fx_reserves_usd,2004-12-31,126.25795629573,2026-10-07T00:00:00
RU.fx_reserves_usd.WORLDBANK,RU,fx_reserves_usd,2005-12-31,182.27210391767403,2026-10-07T00:00:00
RU.fx_reserves_usd.WORLDBANK,RU,fx_reserves_usd,2006-12-31,303.77318590009804,2026-10-07T00:00:00
RU.fx_reserves_usd.WORLDBANK,RU,fx_reserves_usd,2007-12-31,478.82228613205,2026-10-07T00:00:00
RU.fx_reserves_usd.WORLDBANK,RU,fx_reserves_usd,2008-12-31,426.27877372165904,2026-10-07T00:00:00
RU.fx_reserves_usd.WORLDBANK,RU,fx_reserves_usd,2009-12-31,439.341754765015,2026-10-07T00:00:00
RU.fx_reserves_usd.WORLDBANK,RU,fx_reserves_usd,2010-12-31,479.2223242212661,2026-10-07T00:00:00
RU.fx_reserves_usd.WORLDBANK,RU,fx_reserves_usd,2011-12-31,497.410212789354,2026-10-07T00:00:00
RU.fx_reserves_usd.WORLDBANK,RU,fx_reserves_usd,2012-12-31,537.816372807129,2026-10-07T00:00:00
RU.fx_reserves_usd.WORLDBANK,RU,fx_reserves_usd,2013-12-31,509.6920743888881,2026-10-07T00:00:00
RU.fx_reserves_usd.WORLDBANK,RU,fx_reserves_usd,2014-12-31,386.216337149112,2026-10-07T00:00:00
RU.fx_reserves_usd.WORLDBANK,RU,fx_reserves_usd,2015-12-31,368.042950258841,2026-10-07T00:00:00
RU.fx_reserves_usd.WORLDBANK,RU,fx_reserves_usd,2016-12-31,377.052204307945,2026-10-07T00:00:00
RU.fx_reserves_usd.WORLDBANK,RU,fx_reserves_usd,2017-12-31,432.73050796411,2026-10-07T00:00:00
RU.fx_reserves_usd.WORLDBANK,RU,fx_reserves_usd,2018-12-31,468.645216082719,2026-10-07T00:00:00
RU.fx_reserves_usd.WORLDBANK,RU,fx_reserves_usd,2019-12-31,555.1794616389251,2026-10-07T00:00:00
RU.fx_reserves_usd.WORLDBANK,RU,fx_reserves_usd,2020-12-31,596.769862769564,2026-10-07T00:00:00
RU.fx_reserves_usd.WORLDBANK,RU,fx_reserves_usd,2021-12-31,632.241824796464,2026-10-07T00:00:00
RU.fx_reserves_usd.WORLDBANK,RU,fx_reserves_usd,2022-12-31,581.709956946206,2026-10-07T00:00:00
RU.fx_reserves_usd.WORLDBANK,RU,fx_reserves_usd,2023-12-31,597.217063819197,2026-10-07T00:00:00
RU.fx_reserves_usd.WORLDBANK,RU,fx_reserves_usd,2024-12-31,608.360767884902,2026-10-07T00:00:00
RU.gg_debt_gdp.WORLDBANK,RU,gg_debt_gdp,1998-12-31,143.948999533393,2026-10-07T00:00:00
RU.gg_debt_gdp.WORLDBANK,RU,gg_debt_gdp,1999-12-31,100.744137724205,2026-10-07T00:00:00
RU.gg_debt_gdp.WORLDBANK,RU,gg_debt_gdp,2000-12-31,62.1488888669576,2026-10-07T00:00:00
RU.gg_debt_gdp.WORLDBANK,RU,gg_debt_gdp,2001-12-31,48.9836153351704,2026-10-07T00:00:00
RU.gg_debt_gdp.WORLDBANK,RU,gg_debt_gdp,2002-12-31,41.3527168644107,2026-10-07T00:00:00
RU.gg_debt_gdp.WORLDBANK,RU,gg_debt_gdp,2005-12-31,16.6608684477983,2026-10-07T00:00:00
RU.gg_debt_gdp.WORLDBANK,RU,gg_debt_gdp,2006-12-31,9.89107286046746,2026-10-07T00:00:00
RU.gg_debt_gdp.WORLDBANK,RU,gg_debt_gdp,2007-12-31,7.15843011658404,2026-10-07T00:00:00
RU.gg_debt_gdp.WORLDBANK,RU,gg_debt_gdp,2008-12-31,6.49528743788997,2026-10-07T00:00:00
RU.gg_debt_gdp.WORLDBANK,RU,gg_debt_gdp,2009-12-31,8.69786633503919,2026-10-07T00:00:00
RU.gg_debt_gdp.WORLDBANK,RU,gg_debt_gdp,2010-12-31,9.09810564473106,2026-10-07T00:00:00
RU.gg_debt_gdp.WORLDBANK,RU,gg_debt_gdp,2011-12-31,8.64108194430582,2026-10-07T00:00:00
RU.gg_debt_gdp.WORLDBANK,RU,gg_debt_gdp,2012-12-31,8.55140859340356,2026-10-07T00:00:00
RU.gg_debt_gdp.WORLDBANK,RU,gg_debt_gdp,2013-12-31,9.06725564048848,2026-10-07T00:00:00
RU.gg_debt_gdp.WORLDBANK,RU,gg_debt_gdp,2014-12-31,11.2004612827286,2026-10-07T00:00:00
RU.gg_debt_gdp.WORLDBANK,RU,gg_debt_gdp,2015-12-31,13.5407657768558,2026-10-07T00:00:00
RU.gg_debt_gdp.WORLDBANK,RU,gg_debt_gdp,2016-12-31,14.2417395793548,2026-10-07T00:00:00
RU.gg_debt_gdp.WORLDBANK,RU,gg_debt_gdp,2017-12-31,16.3253741158845,2026-10-07T00:00:00
RU.gg_debt_gdp.WORLDBANK,RU,gg_debt_gdp,2018-12-31,16.1685789853238,2026-10-07T00:00:00
RU.gg_debt_gdp.WORLDBANK,RU,gg_debt_gdp,2019-12-31,17.2760484379376,2026-10-07T00:00:00
RU.gg_debt_gdp.WORLDBANK,RU,gg_debt_gdp,2020-12-31,22.992021036968,2026-10-07T00:00:00
RU.gg_debt_gdp.WORLDBANK,RU,gg_debt_gdp,2021-12-31,21.0287512612177,2026-10-07T00:00:00
RU.gg_debt_gdp.WORLDBANK,RU,gg_debt_gdp,2022-12-31,19.2810466629119,2026-10-07T00:00:00
RU.gg_debt_gdp.WORLDBANK,RU,gg_debt_gdp,2023-12-31,18.7312788319232,2026-10-07T00:00:00
RU.gg_debt_gdp.WORLDBANK,RU,gg_debt_gdp,2024-12-31,17.8500676833114,2026-10-07T00:00:00
RU.interest_to_revenue.WORLDBANK,RU,interest_to_revenue,1999-12-31,16.0595832211661,2026-10-07T00:00:00
RU.interest_to_revenue.WORLDBANK,RU,interest_to_revenue,2000-12-31,14.2911378794714,2026-10-07T00:00:00
RU.interest_to_revenue.WORLDBANK,RU,interest_to_revenue,2001-12-31,9.5117642797877,2026-10-07T00:00:00
RU.interest_to_revenue.WORLDBANK,RU,interest_to_revenue,2002-12-31,6.47816726225619,2026-10-07T00:00:00
RU.interest_to_revenue.WORLDBANK,RU,interest_to_revenue,2003-12-31,5.99414812868765,2026-10-07T00:00:00
RU.interest_to_revenue.WORLDBANK,RU,interest_to_revenue,2004-12-31,4.03377103558122,2026-10-07T00:00:00
RU.interest_to_revenue.WORLDBANK,RU,interest_to_revenue,2005-12-31,3.10502377018353,2026-10-07T00:00:00
RU.interest_to_revenue.WORLDBANK,RU,interest_to_revenue,2006-12-31,2.18716794009007,2026-10-07T00:00:00
RU.interest_to_revenue.WORLDBANK,RU,interest_to_revenue,2007-12-31,1.35081942030933,2026-10-07T00:00:00
RU.interest_to_revenue.WORLDBANK,RU,interest_to_revenue,2008-12-31,1.10070572579332,2026-10-07T00:00:00
RU.interest_to_revenue.WORLDBANK,RU,interest_to_revenue,2009-12-31,1.73956604162779,2026-10-07T00:00:00
RU.interest_to_revenue.WORLDBANK,RU,interest_to_revenue,2010-12-31,1.60125512522947,2026-10-07T00:00:00
RU.interest_to_revenue.WORLDBANK,RU,interest_to_revenue,2011-12-31,1.520252351841,2026-10-07T00:00:00
RU.interest_to_revenue.WORLDBANK,RU,interest_to_revenue,2012-12-31,1.76461610521385,2026-10-07T00:00:00
RU.interest_to_revenue.WORLDBANK,RU,interest_to_revenue,2013-12-31,1.94491120724439,2026-10-07T00:00:00
RU.interest_to_revenue.WORLDBANK,RU,interest_to_revenue,2014-12-31,2.01431112266033,2026-10-07T00:00:00
RU.interest_to_revenue.WORLDBANK,RU,interest_to_revenue,2015-12-31,2.64735238001981,2026-10-07T00:00:00
RU.interest_to_revenue.WORLDBANK,RU,interest_to_revenue,2016-12-31,2.57525264913469,2026-10-07T00:00:00
RU.interest_to_revenue.WORLDBANK,RU,interest_to_revenue,2017-12-31,2.50626501547285,2026-10-07T00:00:00
RU.interest_to_revenue.WORLDBANK,RU,interest_to_revenue,2018-12-31,2.36353296928589,2026-10-07T00:00:00
RU.interest_to_revenue.WORLDBANK,RU,interest_to_revenue,2019-12-31,2.6182235735765,2026-10-07T00:00:00
RU.interest_to_revenue.WORLDBANK,RU,interest_to_revenue,2020-12-31,2.36125648480462,2026-10-07T00:00:00
RU.ngdp_lcu.WORLDBANK,RU,ngdp_lcu,1988-12-31,0.5343,2026-10-07T00:00:00
RU.ngdp_lcu.WORLDBANK,RU,ngdp_lcu,1989-12-31,0.5730000000000001,2026-10-07T00:00:00
RU.ngdp_lcu.WORLDBANK,RU,ngdp_lcu,1990-12-31,0.6442,2026-10-07T00:00:00
RU.ngdp_lcu.WORLDBANK,RU,ngdp_lcu,1991-12-31,1.3985,2026-10-07T00:00:00
RU.ngdp_lcu.WORLDBANK,RU,ngdp_lcu,1992-12-31,19.01,2026-10-07T00:00:00
RU.ngdp_lcu.WORLDBANK,RU,ngdp_lcu,1993-12-31,171.51000000000002,2026-10-07T00:00:00
RU.ngdp_lcu.WORLDBANK,RU,ngdp_lcu,1994-12-31,610.75,2026-10-07T00:00:00
RU.ngdp_lcu.WORLDBANK,RU,ngdp_lcu,1995-12-31,1428.5221,2026-10-07T00:00:00
RU.ngdp_lcu.WORLDBANK,RU,ngdp_lcu,1996-12-31,2007.8251,2026-10-07T00:00:00
RU.ngdp_lcu.WORLDBANK,RU,ngdp_lcu,1997-12-31,2342.514,2026-10-07T00:00:00
RU.ngdp_lcu.WORLDBANK,RU,ngdp_lcu,1998-12-31,2629.623,2026-10-07T00:00:00
RU.ngdp_lcu.WORLDBANK,RU,ngdp_lcu,1999-12-31,4823.2335,2026-10-07T00:00:00
RU.ngdp_lcu.WORLDBANK,RU,ngdp_lcu,2000-12-31,7305.6463,2026-10-07T00:00:00
RU.ngdp_lcu.WORLDBANK,RU,ngdp_lcu,2001-12-31,8943.582400000001,2026-10-07T00:00:00
RU.ngdp_lcu.WORLDBANK,RU,ngdp_lcu,2002-12-31,10830.5,2026-10-07T00:00:00
RU.ngdp_lcu.WORLDBANK,RU,ngdp_lcu,2003-12-31,13208.233779,2026-10-07T00:00:00
RU.ngdp_lcu.WORLDBANK,RU,ngdp_lcu,2004-12-31,17027.190860000002,2026-10-07T00:00:00
RU.ngdp_lcu.WORLDBANK,RU,ngdp_lcu,2005-12-31,21609.765489,2026-10-07T00:00:00
RU.ngdp_lcu.WORLDBANK,RU,ngdp_lcu,2006-12-31,26917.201375,2026-10-07T00:00:00
RU.ngdp_lcu.WORLDBANK,RU,ngdp_lcu,2007-12-31,33247.513229000004,2026-10-07T00:00:00
RU.ngdp_lcu.WORLDBANK,RU,ngdp_lcu,2008-12-31,41276.849187,2026-10-07T00:00:00
RU.ngdp_lcu.WORLDBANK,RU,ngdp_lcu,2009-12-31,38807.218575,2026-10-07T00:00:00
RU.ngdp_lcu.WORLDBANK,RU,ngdp_lcu,2010-12-31,46308.54119,2026-10-07T00:00:00
RU.ngdp_lcu.WORLDBANK,RU,ngdp_lcu,2011-12-31,60114.00000000001,2026-10-07T00:00:00
RU.ngdp_lcu.WORLDBANK,RU,ngdp_lcu,2012-12-31,68103.40000000001,2026-10-07T00:00:00
RU.ngdp_lcu.WORLDBANK,RU,ngdp_lcu,2013-12-31,72985.70000000001,2026-10-07T00:00:00
RU.ngdp_lcu.WORLDBANK,RU,ngdp_lcu,2014-12-31,79030.0,2026-10-07T00:00:00
RU.ngdp_lcu.WORLDBANK,RU,ngdp_lcu,2015-12-31,83087.40000000001,2026-10-07T00:00:00
RU.ngdp_lcu.WORLDBANK,RU,ngdp_lcu,2016-12-31,85616.1,2026-10-07T00:00:00
RU.ngdp_lcu.WORLDBANK,RU,ngdp_lcu,2017-12-31,91843.2,2026-10-07T00:00:00
RU.ngdp_lcu.WORLDBANK,RU,ngdp_lcu,2018-12-31,103861.7,2026-10-07T00:00:00
RU.ngdp_lcu.WORLDBANK,RU,ngdp_lcu,2019-12-31,109608.3,2026-10-07T00:00:00
RU.ngdp_lcu.WORLDBANK,RU,ngdp_lcu,2020-12-31,107658.1,2026-10-07T00:00:00
RU.ngdp_lcu.WORLDBANK,RU,ngdp_lcu,2021-12-31,134727.46739960002,2026-10-07T00:00:00
RU.ngdp_lcu.WORLDBANK,RU,ngdp_lcu,2022-12-31,157001.39380000002,2026-10-07T00:00:00
RU.ngdp_lcu.WORLDBANK,RU,ngdp_lcu,2023-12-31,174265.725756902,2026-10-07T00:00:00
RU.ngdp_lcu.WORLDBANK,RU,ngdp_lcu,2024-12-31,202320.459735648,2026-10-07T00:00:00
RU.ngdp_lcu.WORLDBANK,RU,ngdp_lcu,2025-12-31,214261.02346635,2026-10-07T00:00:00
SE.cpi_yoy.WORLDBANK,SE,cpi_yoy,1960-12-31,4.14177915090215,2026-10-07T00:00:00
SE.cpi_yoy.WORLDBANK,SE,cpi_yoy,1961-12-31,2.15797310981961,2026-10-07T00:00:00
SE.cpi_yoy.WORLDBANK,SE,cpi_yoy,1962-12-31,4.76619721905826,2026-10-07T00:00:00
SE.cpi_yoy.WORLDBANK,SE,cpi_yoy,1963-12-31,2.87174034485767,2026-10-07T00:00:00
SE.cpi_yoy.WORLDBANK,SE,cpi_yoy,1964-12-31,3.38766231088349,2026-10-07T00:00:00
SE.cpi_yoy.WORLDBANK,SE,cpi_yoy,1965-12-31,5.01277129643838,2026-10-07T00:00:00
SE.cpi_yoy.WORLDBANK,SE,cpi_yoy,1966-12-31,6.40480825348423,2026-10-07T00:00:00
SE.cpi_yoy.WORLDBANK,SE,cpi_yoy,1967-12-31,4.28931922993319,2026-10-07T00:00:00
SE.cpi_yoy.WORLDBANK,SE,cpi_yoy,1968-12-31,1.94312582473228,2026-10-07T00:00:00
SE.cpi_yoy.WORLDBANK,SE,cpi_yoy,1969-12-31,2.69199458555708,2026-10-07T00:00:00
SE.cpi_yoy.WORLDBANK,SE,cpi_yoy,1970-12-31,7.01635885100763,2026-10-07T00:00:00
SE.cpi_yoy.WORLDBANK,SE,cpi_yoy,1971-12-31,7.39554113837643,2026-10-07T00:00:00
SE.cpi_yoy.WORLDBANK,SE,cpi_yoy,1972-12-31,6.00738969862494,2026-10-07T00:00:00
SE.cpi_yoy.WORLDBANK,SE,cpi_yoy,1973-12-31,6.71799739819354,2026-10-07T00:00:00
SE.cpi_yoy.WORLDBANK,SE,cpi_yoy,1974-12-31,9.91172530113231,2026-10-07T00:00:00
SE.cpi_yoy.WORLDBANK,SE,cpi_yoy,1975-12-31,9.77987398822576,2026-10-07T00:00:00
SE.cpi_yoy.WORLDBANK,SE,cpi_yoy,1976-12-31,10.2492246529784,2026-10-07T00:00:00
SE.cpi_yoy.WORLDBANK,SE,cpi_yoy,1977-12-31,11.4418051091076,2026-10-07T00:00:00
SE.cpi_yoy.WORLDBANK,SE,cpi_yoy,1978-12-31,9.99526541717736,2026-10-07T00:00:00
SE.cpi_yoy.WORLDBANK,SE,cpi_yoy,1979-12-31,7.20978617047804,2026-10-07T00:00:00
SE.cpi_yoy.WORLDBANK,SE,cpi_yoy,1980-12-31,13.7063223649005,2026-10-07T00:00:00
SE.cpi_yoy.WORLDBANK,SE,cpi_yoy,1981-12-31,12.1039385302599,2026-10-07T00:00:00
SE.cpi_yoy.WORLDBANK,SE,cpi_yoy,1982-12-31,8.58918509047119,2026-10-07T00:00:00
SE.cpi_yoy.WORLDBANK,SE,cpi_yoy,1983-12-31,8.8730215236321,2026-10-07T00:00:00
SE.cpi_yoy.WORLDBANK,SE,cpi_yoy,1984-12-31,8.04424238994429,2026-10-07T00:00:00
SE.cpi_yoy.WORLDBANK,SE,cpi_yoy,1985-12-31,7.37257458126243,2026-10-07T00:00:00
SE.cpi_yoy.WORLDBANK,SE,cpi_yoy,1986-12-31,4.23591011089791,2026-10-07T00:00:00
SE.cpi_yoy.WORLDBANK,SE,cpi_yoy,1987-12-31,4.18857151771368,2026-10-07T00:00:00
SE.cpi_yoy.WORLDBANK,SE,cpi_yoy,1988-12-31,5.8248986843944,2026-10-07T00:00:00
SE.cpi_yoy.WORLDBANK,SE,cpi_yoy,1989-12-31,6.44327587426603,2026-10-07T00:00:00
SE.cpi_yoy.WORLDBANK,SE,cpi_yoy,1990-12-31,10.3665533879493,2026-10-07T00:00:00
SE.cpi_yoy.WORLDBANK,SE,cpi_yoy,1991-12-31,9.44462732944189,2026-10-07T00:00:00
SE.cpi_yoy.WORLDBANK,SE,cpi_yoy,1992-12-31,2.37436725111881,2026-10-07T00:00:00
SE.cpi_yoy.WORLDBANK,SE,cpi_yoy,1993-12-31,4.72817304626049,2026-10-07T00:00:00
SE.cpi_yoy.WORLDBANK,SE,cpi_yoy,1994-12-31,2.15813800724629,2026-10-07T00:00:00
SE.cpi_yoy.WORLDBANK,SE,cpi_yoy,1995-12-31,2.455148578184,2026-10-07T00:00:00
SE.cpi_yoy.WORLDBANK,SE,cpi_yoy,1996-12-31,0.533131978766238,2026-10-07T00:00:00
SE.cpi_yoy.WORLDBANK,SE,cpi_yoy,1997-12-31,0.658410256243526,2026-10-07T00:00:00
SE.cpi_yoy.WORLDBANK,SE,cpi_yoy,1998-12-31,-0.267132668354971,2026-10-07T00:00:00
SE.cpi_yoy.WORLDBANK,SE,cpi_yoy,1999-12-31,0.462175756339138,2026-10-07T00:00:00
SE.cpi_yoy.WORLDBANK,SE,cpi_yoy,2000-12-31,0.899143734041715,2026-10-07T00:00:00
SE.cpi_yoy.WORLDBANK,SE,cpi_yoy,2001-12-31,2.40595834145436,2026-10-07T00:00:00
SE.cpi_yoy.WORLDBANK,SE,cpi_yoy,2002-12-31,2.15848213589266,2026-10-07T00:00:00
SE.cpi_yoy.WORLDBANK,SE,cpi_yoy,2003-12-31,1.92565534892383,2026-10-07T00:00:00
SE.cpi_yoy.WORLDBANK,SE,cpi_yoy,2004-12-31,0.373659828721824,2026-10-07T00:00:00
SE.cpi_yoy.WORLDBANK,SE,cpi_yoy,2005-12-31,0.453170852576138,2026-10-07T00:00:00
SE.cpi_yoy.WORLDBANK,SE,cpi_yoy,2006-12-31,1.36021468627693,2026-10-07T00:00:00
SE.cpi_yoy.WORLDBANK,SE,cpi_yoy,2007-12-31,2.21216883436733,2026-10-07T00:00:00
SE.cpi_yoy.WORLDBANK,SE,cpi_yoy,2008-12-31,3.43704910602875,2026-10-07T00:00:00
SE.cpi_yoy.WORLDBANK,SE,cpi_yoy,2009-12-31,-0.494460544378051,2026-10-07T00:00:00
SE.cpi_yoy.WORLDBANK,SE,cpi_yoy,2010-12-31,1.15798802715626,2026-10-07T00:00:00
SE.cpi_yoy.WORLDBANK,SE,cpi_yoy,2011-12-31,2.9611507382214,2026-10-07T00:00:00
SE.cpi_yoy.WORLDBANK,SE,cpi_yoy,2012-12-31,0.888377506923735,2026-10-07T00:00:00
SE.cpi_yoy.WORLDBANK,SE,cpi_yoy,2013-12-31,-0.044292970148682,2026-10-07T00:00:00
SE.cpi_yoy.WORLDBANK,SE,cpi_yoy,2014-12-31,-0.179638494114635,2026-10-07T00:00:00
SE.cpi_yoy.WORLDBANK,SE,cpi_yoy,2015-12-31,-0.0467847449832812,2026-10-07T00:00:00
SE.cpi_yoy.WORLDBANK,SE,cpi_yoy,2016-12-31,0.984269244577992,2026-10-07T00:00:00
SE.cpi_yoy.WORLDBANK,SE,cpi_yoy,2017-12-31,1.79449904665599,2026-10-07T00:00:00
SE.cpi_yoy.WORLDBANK,SE,cpi_yoy,2018-12-31,1.95353530127028,2026-10-07T00:00:00
SE.cpi_yoy.WORLDBANK,SE,cpi_yoy,2019-12-31,1.78415097403835,2026-10-07T00:00:00
SE.cpi_yoy.WORLDBANK,SE,cpi_yoy,2020-12-31,0.497367318853572,2026-10-07T00:00:00
SE.cpi_yoy.WORLDBANK,SE,cpi_yoy,2021-12-31,2.16319736447143,2026-10-07T00:00:00
SE.cpi_yoy.WORLDBANK,SE,cpi_yoy,2022-12-31,8.36929098869189,2026-10-07T00:00:00
SE.cpi_yoy.WORLDBANK,SE,cpi_yoy,2023-12-31,8.5486248974891,2026-10-07T00:00:00
SE.cpi_yoy.WORLDBANK,SE,cpi_yoy,2024-12-31,2.83581658224034,2026-10-07T00:00:00
SE.cpi_yoy.WORLDBANK,SE,cpi_yoy,2025-12-31,0.679869285243995,2026-10-07T00:00:00
SE.fx_lcu_per_usd.WORLDBANK,SE,fx_lcu_per_usd,1960-12-31,5.17321000417321,2026-10-07T00:00:00
SE.fx_lcu_per_usd.WORLDBANK,SE,fx_lcu_per_usd,1961-12-31,5.17321000417321,2026-10-07T00:00:00
SE.fx_lcu_per_usd.WORLDBANK,SE,fx_lcu_per_usd,1962-12-31,5.17321000417321,2026-10-07T00:00:00
SE.fx_lcu_per_usd.WORLDBANK,SE,fx_lcu_per_usd,1963-12-31,5.17321000417321,2026-10-07T00:00:00
SE.fx_lcu_per_usd.WORLDBANK,SE,fx_lcu_per_usd,1964-12-31,5.17321000417321,2026-10-07T00:00:00
SE.fx_lcu_per_usd.WORLDBANK,SE,fx_lcu_per_usd,1965-12-31,5.17321000417321,2026-10-07T00:00:00
SE.fx_lcu_per_usd.WORLDBANK,SE,fx_lcu_per_usd,1966-12-31,5.17321000417321,2026-10-07T00:00:00
SE.fx_lcu_per_usd.WORLDBANK,SE,fx_lcu_per_usd,1967-12-31,5.17321000417321,2026-10-07T00:00:00
SE.fx_lcu_per_usd.WORLDBANK,SE,fx_lcu_per_usd,1968-12-31,5.17321000417321,2026-10-07T00:00:00
SE.fx_lcu_per_usd.WORLDBANK,SE,fx_lcu_per_usd,1969-12-31,5.17321000417321,2026-10-07T00:00:00
SE.fx_lcu_per_usd.WORLDBANK,SE,fx_lcu_per_usd,1970-12-31,5.17321000417321,2026-10-07T00:00:00
SE.fx_lcu_per_usd.WORLDBANK,SE,fx_lcu_per_usd,1971-12-31,5.12590524750269,2026-10-07T00:00:00
SE.fx_lcu_per_usd.WORLDBANK,SE,fx_lcu_per_usd,1972-12-31,4.76241666566667,2026-10-07T00:00:00
SE.fx_lcu_per_usd.WORLDBANK,SE,fx_lcu_per_usd,1973-12-31,4.367249999,2026-10-07T00:00:00
SE.fx_lcu_per_usd.WORLDBANK,SE,fx_lcu_per_usd,1974-12-31,4.439424999,2026-10-07T00:00:00
SE.fx_lcu_per_usd.WORLDBANK,SE,fx_lcu_per_usd,1975-12-31,4.15219166566667,2026-10-07T00:00:00
SE.fx_lcu_per_usd.WORLDBANK,SE,fx_lcu_per_usd,1976-12-31,4.35589166566667,2026-10-07T00:00:00
SE.fx_lcu_per_usd.WORLDBANK,SE,fx_lcu_per_usd,1977-12-31,4.48164166566666,2026-10-07T00:00:00
SE.fx_lcu_per_usd.WORLDBANK,SE,fx_lcu_per_usd,1978-12-31,4.518474999,2026-10-07T00:00:00
SE.fx_lcu_per_usd.WORLDBANK,SE,fx_lcu_per_usd,1979-12-31,4.28708333233333,2026-10-07T00:00:00
SE.fx_lcu_per_usd.WORLDBANK,SE,fx_lcu_per_usd,1980-12-31,4.229574999,2026-10-07T00:00:00
SE.fx_lcu_per_usd.WORLDBANK,SE,fx_lcu_per_usd,1981-12-31,5.06344166566667,2026-10-07T00:00:00
SE.fx_lcu_per_usd.WORLDBANK,SE,fx_lcu_per_usd,1982-12-31,6.28260833233333,2026-10-07T00:00:00
SE.fx_lcu_per_usd.WORLDBANK,SE,fx_lcu_per_usd,1983-12-31,7.66710833233333,2026-10-07T00:00:00
SE.fx_lcu_per_usd.WORLDBANK,SE,fx_lcu_per_usd,1984-12-31,8.27179999941666,2026-10-07T00:00:00
SE.fx_lcu_per_usd.WORLDBANK,SE,fx_lcu_per_usd,1985-12-31,8.60392499966667,2026-10-07T00:00:00
SE.fx_lcu_per_usd.WORLDBANK,SE,fx_lcu_per_usd,1986-12-31,7.12358333333333,2026-10-07T00:00:00
SE.fx_lcu_per_usd.WORLDBANK,SE,fx_lcu_per_usd,1987-12-31,6.34044166666667,2026-10-07T00:00:00
SE.fx_lcu_per_usd.WORLDBANK,SE,fx_lcu_per_usd,1988-12-31,6.12715,2026-10-07T00:00:00
SE.fx_lcu_per_usd.WORLDBANK,SE,fx_lcu_per_usd,1989-12-31,6.44687583333333,2026-10-07T00:00:00
SE.fx_lcu_per_usd.WORLDBANK,SE,fx_lcu_per_usd,1990-12-31,5.91879,2026-10-07T00:00:00
SE.fx_lcu_per_usd.WORLDBANK,SE,fx_lcu_per_usd,1991-12-31,6.04746666666666,2026-10-07T00:00:00
SE.fx_lcu_per_usd.WORLDBANK,SE,fx_lcu_per_usd,1992-12-31,5.82383333333333,2026-10-07T00:00:00
SE.fx_lcu_per_usd.WORLDBANK,SE,fx_lcu_per_usd,1993-12-31,7.78342666666667,2026-10-07T00:00:00
SE.fx_lcu_per_usd.WORLDBANK,SE,fx_lcu_per_usd,1994-12-31,7.71597,2026-10-07T00:00:00
SE.fx_lcu_per_usd.WORLDBANK,SE,fx_lcu_per_usd,1995-12-31,7.13326833333334,2026-10-07T00:00:00
SE.fx_lcu_per_usd.WORLDBANK,SE,fx_lcu_per_usd,1996-12-31,6.70595583333333,2026-10-07T00:00:00
SE.fx_lcu_per_usd.WORLDBANK,SE,fx_lcu_per_usd,1997-12-31,7.63489416666667,2026-10-07T00:00:00
SE.fx_lcu_per_usd.WORLDBANK,SE,fx_lcu_per_usd,1998-12-31,7.94986816666666,2026-10-07T00:00:00
SE.fx_lcu_per_usd.WORLDBANK,SE,fx_lcu_per_usd,1999-12-31,8.26242833333333,2026-10-07T00:00:00
SE.fx_lcu_per_usd.WORLDBANK,SE,fx_lcu_per_usd,2000-12-31,9.16224416666667,2026-10-07T00:00:00
SE.fx_lcu_per_usd.WORLDBANK,SE,fx_lcu_per_usd,2001-12-31,10.3291358333333,2026-10-07T00:00:00
SE.fx_lcu_per_usd.WORLDBANK,SE,fx_lcu_per_usd,2002-12-31,9.73712333333333,2026-10-07T00:00:00
SE.fx_lcu_per_usd.WORLDBANK,SE,fx_lcu_per_usd,2003-12-31,8.08630416666667,2026-10-07T00:00:00
SE.fx_lcu_per_usd.WORLDBANK,SE,fx_lcu_per_usd,2004-12-31,7.34888666666667,2026-10-07T00:00:00
SE.fx_lcu_per_usd.WORLDBANK,SE,fx_lcu_per_usd,2005-12-31,7.47308833333333,2026-10-07T00:00:00
SE.fx_lcu_per_usd.WORLDBANK,SE,fx_lcu_per_usd,2006-12-31,7.37824916666666,2026-10-07T00:00:00
SE.fx_lcu_per_usd.WORLDBANK,SE,fx_lcu_per_usd,2007-12-31,6.75877,2026-10-07T00:00:00
SE.fx_lcu_per_usd.WORLDBANK,SE,fx_lcu_per_usd,2008-12-31,6.59109916666667,2026-10-07T00:00:00
SE.fx_lcu_per_usd.WORLDBANK,SE,fx_lcu_per_usd,2009-12-31,7.65381916666667,2026-10-07T00:00:00
SE.fx_lcu_per_usd.WORLDBANK,SE,fx_lcu_per_usd,2010-12-31,7.20752416666667,2026-10-07T00:00:00
SE.fx_lcu_per_usd.WORLDBANK,SE,fx_lcu_per_usd,2011-12-31,6.49354333333333,2026-10-07T00:00:00
SE.fx_lcu_per_usd.WORLDBANK,SE,fx_lcu_per_usd,2012-12-31,6.77501583333333,2026-10-07T00:00:00
SE.fx_lcu_per_usd.WORLDBANK,SE,fx_lcu_per_usd,2013-12-31,6.51397166666666,2026-10-07T00:00:00
SE.fx_lcu_per_usd.WORLDBANK,SE,fx_lcu_per_usd,2014-12-31,6.860785,2026-10-07T00:00:00
SE.fx_lcu_per_usd.WORLDBANK,SE,fx_lcu_per_usd,2015-12-31,8.43484083333333,2026-10-07T00:00:00
SE.fx_lcu_per_usd.WORLDBANK,SE,fx_lcu_per_usd,2016-12-31,8.56199166666667,2026-10-07T00:00:00
SE.fx_lcu_per_usd.WORLDBANK,SE,fx_lcu_per_usd,2017-12-31,8.54886083333333,2026-10-07T00:00:00
SE.fx_lcu_per_usd.WORLDBANK,SE,fx_lcu_per_usd,2018-12-31,8.69251833333333,2026-10-07T00:00:00
SE.fx_lcu_per_usd.WORLDBANK,SE,fx_lcu_per_usd,2019-12-31,9.45834916666667,2026-10-07T00:00:00
SE.fx_lcu_per_usd.WORLDBANK,SE,fx_lcu_per_usd,2020-12-31,9.21030902842085,2026-10-07T00:00:00
SE.fx_lcu_per_usd.WORLDBANK,SE,fx_lcu_per_usd,2021-12-31,8.57656671607378,2026-10-07T00:00:00
SE.fx_lcu_per_usd.WORLDBANK,SE,fx_lcu_per_usd,2022-12-31,10.114251277564,2026-10-07T00:00:00
SE.fx_lcu_per_usd.WORLDBANK,SE,fx_lcu_per_usd,2023-12-31,10.6101612965536,2026-10-07T00:00:00
SE.fx_lcu_per_usd.WORLDBANK,SE,fx_lcu_per_usd,2024-12-31,10.5676364344775,2026-10-07T00:00:00
SE.fx_lcu_per_usd.WORLDBANK,SE,fx_lcu_per_usd,2025-12-31,9.82070570950185,2026-10-07T00:00:00
SE.fx_reserves_usd.WORLDBANK,SE,fx_reserves_usd,1960-12-31,0.5054392,2026-10-07T00:00:00
SE.fx_reserves_usd.WORLDBANK,SE,fx_reserves_usd,1961-12-31,0.73131645,2026-10-07T00:00:00
SE.fx_reserves_usd.WORLDBANK,SE,fx_reserves_usd,1962-12-31,0.8018869700000001,2026-10-07T00:00:00
SE.fx_reserves_usd.WORLDBANK,SE,fx_reserves_usd,1963-12-31,0.7579186800000001,2026-10-07T00:00:00
SE.fx_reserves_usd.WORLDBANK,SE,fx_reserves_usd,1964-12-31,0.965188,2026-10-07T00:00:00
SE.fx_reserves_usd.WORLDBANK,SE,fx_reserves_usd,1965-12-31,0.97223752,2026-10-07T00:00:00
SE.fx_reserves_usd.WORLDBANK,SE,fx_reserves_usd,1966-12-31,1.0284220000000002,2026-10-07T00:00:00
SE.fx_reserves_usd.WORLDBANK,SE,fx_reserves_usd,1967-12-31,0.8418245187840601,2026-10-07T00:00:00
SE.fx_reserves_usd.WORLDBANK,SE,fx_reserves_usd,1968-12-31,0.859632541836128,2026-10-07T00:00:00
SE.fx_reserves_usd.WORLDBANK,SE,fx_reserves_usd,1969-12-31,0.696993134695452,2026-10-07T00:00:00
SE.fx_reserves_usd.WORLDBANK,SE,fx_reserves_usd,1970-12-31,0.774815766875111,2026-10-07T00:00:00
SE.fx_reserves_usd.WORLDBANK,SE,fx_reserves_usd,1971-12-31,1.14468700738369,2026-10-07T00:00:00
SE.fx_reserves_usd.WORLDBANK,SE,fx_reserves_usd,1972-12-31,1.73308377644481,2026-10-07T00:00:00
SE.fx_reserves_usd.WORLDBANK,SE,fx_reserves_usd,1973-12-31,2.93415306561738,2026-10-07T00:00:00
SE.fx_reserves_usd.WORLDBANK,SE,fx_reserves_usd,1974-12-31,2.56683697155321,2026-10-07T00:00:00
SE.fx_reserves_usd.WORLDBANK,SE,fx_reserves_usd,1975-12-31,3.65063459011819,2026-10-07T00:00:00
SE.fx_reserves_usd.WORLDBANK,SE,fx_reserves_usd,1976-12-31,3.03564259673134,2026-10-07T00:00:00
SE.fx_reserves_usd.WORLDBANK,SE,fx_reserves_usd,1977-12-31,4.39281629895279,2026-10-07T00:00:00
SE.fx_reserves_usd.WORLDBANK,SE,fx_reserves_usd,1978-12-31,5.47952914595039,2026-10-07T00:00:00
SE.fx_reserves_usd.WORLDBANK,SE,fx_reserves_usd,1979-12-31,6.62102241920473,2026-10-07T00:00:00
SE.fx_reserves_usd.WORLDBANK,SE,fx_reserves_usd,1980-12-31,6.99588685543518,2026-10-07T00:00:00
SE.fx_reserves_usd.WORLDBANK,SE,fx_reserves_usd,1981-12-31,6.013375320545511,2026-10-07T00:00:00
SE.fx_reserves_usd.WORLDBANK,SE,fx_reserves_usd,1982-12-31,6.285248817839521,2026-10-07T00:00:00
SE.fx_reserves_usd.WORLDBANK,SE,fx_reserves_usd,1983-12-31,6.3489593447842205,2026-10-07T00:00:00
SE.fx_reserves_usd.WORLDBANK,SE,fx_reserves_usd,1984-12-31,5.71595028051136,2026-10-07T00:00:00
SE.fx_reserves_usd.WORLDBANK,SE,fx_reserves_usd,1985-12-31,7.77787785887517,2026-10-07T00:00:00
SE.fx_reserves_usd.WORLDBANK,SE,fx_reserves_usd,1986-12-31,8.92276148431062,2026-10-07T00:00:00
SE.fx_reserves_usd.WORLDBANK,SE,fx_reserves_usd,1987-12-31,11.1120818389299,2026-10-07T00:00:00
SE.fx_reserves_usd.WORLDBANK,SE,fx_reserves_usd,1988-12-31,10.981551557199602,2026-10-07T00:00:00
SE.fx_reserves_usd.WORLDBANK,SE,fx_reserves_usd,1989-12-31,11.992849969076,2026-10-07T00:00:00
SE.fx_reserves_usd.WORLDBANK,SE,fx_reserves_usd,1990-12-31,20.324328881439,2026-10-07T00:00:00
SE.fx_reserves_usd.WORLDBANK,SE,fx_reserves_usd,1991-12-31,20.4772925809968,2026-10-07T00:00:00
SE.fx_reserves_usd.WORLDBANK,SE,fx_reserves_usd,1992-12-31,24.6467902301686,2026-10-07T00:00:00
SE.fx_reserves_usd.WORLDBANK,SE,fx_reserves_usd,1993-12-31,21.4206340451913,2026-10-07T00:00:00
SE.fx_reserves_usd.WORLDBANK,SE,fx_reserves_usd,1994-12-31,25.579504410230705,2026-10-07T00:00:00
SE.fx_reserves_usd.WORLDBANK,SE,fx_reserves_usd,1995-12-31,25.869764854697703,2026-10-07T00:00:00
SE.fx_reserves_usd.WORLDBANK,SE,fx_reserves_usd,1996-12-31,20.843371292358004,2026-10-07T00:00:00
SE.fx_reserves_usd.WORLDBANK,SE,fx_reserves_usd,1997-12-31,12.1955062855058,2026-10-07T00:00:00
SE.fx_reserves_usd.WORLDBANK,SE,fx_reserves_usd,1998-12-31,15.457236697627302,2026-10-07T00:00:00
SE.fx_reserves_usd.WORLDBANK,SE,fx_reserves_usd,1999-12-31,16.749337014928603,2026-10-07T00:00:00
SE.fx_reserves_usd.WORLDBANK,SE,fx_reserves_usd,2000-12-31,16.4987283218885,2026-10-07T00:00:00
SE.fx_reserves_usd.WORLDBANK,SE,fx_reserves_usd,2001-12-31,15.6252062447363,2026-10-07T00:00:00
SE.fx_reserves_usd.WORLDBANK,SE,fx_reserves_usd,2002-12-31,19.170723588964403,2026-10-07T00:00:00
SE.fx_reserves_usd.WORLDBANK,SE,fx_reserves_usd,2003-12-31,22.1685384253524,2026-10-07T00:00:00
SE.fx_reserves_usd.WORLDBANK,SE,fx_reserves_usd,2004-12-31,24.7688052950333,2026-10-07T00:00:00
SE.fx_reserves_usd.WORLDBANK,SE,fx_reserves_usd,2005-12-31,24.8675784181736,2026-10-07T00:00:00
SE.fx_reserves_usd.WORLDBANK,SE,fx_reserves_usd,2006-12-31,28.0172196940134,2026-10-07T00:00:00
SE.fx_reserves_usd.WORLDBANK,SE,fx_reserves_usd,2007-12-31,31.0330357344712,2026-10-07T00:00:00
SE.fx_reserves_usd.WORLDBANK,SE,fx_reserves_usd,2008-12-31,29.727344091692405,2026-10-07T00:00:00
SE.fx_reserves_usd.WORLDBANK,SE,fx_reserves_usd,2009-12-31,47.255415701135405,2026-10-07T00:00:00
SE.fx_reserves_usd.WORLDBANK,SE,fx_reserves_usd,2010-12-31,48.2461492556655,2026-10-07T00:00:00
SE.fx_reserves_usd.WORLDBANK,SE,fx_reserves_usd,2011-12-31,50.21389195085241,2026-10-07T00:00:00
SE.fx_reserves_usd.WORLDBANK,SE,fx_reserves_usd,2012-12-31,52.24531061247551,2026-10-07T00:00:00
SE.fx_reserves_usd.WORLDBANK,SE,fx_reserves_usd,2013-12-31,65.36335924607761,2026-10-07T00:00:00
SE.fx_reserves_usd.WORLDBANK,SE,fx_reserves_usd,2014-12-31,62.5791687506963,2026-10-07T00:00:00
SE.fx_reserves_usd.WORLDBANK,SE,fx_reserves_usd,2015-12-31,58.0985447526552,2026-10-07T00:00:00
SE.fx_reserves_usd.WORLDBANK,SE,fx_reserves_usd,2016-12-31,59.3616426254786,2026-10-07T00:00:00
SE.fx_reserves_usd.WORLDBANK,SE,fx_reserves_usd,2017-12-31,62.19148119358541,2026-10-07T00:00:00
SE.fx_reserves_usd.WORLDBANK,SE,fx_reserves_usd,2018-12-31,60.56614440051951,2026-10-07T00:00:00
SE.fx_reserves_usd.WORLDBANK,SE,fx_reserves_usd,2019-12-31,55.5096298198897,2026-10-07T00:00:00
SE.fx_reserves_usd.WORLDBANK,SE,fx_reserves_usd,2020-12-31,58.2603446592008,2026-10-07T00:00:00
SE.fx_reserves_usd.WORLDBANK,SE,fx_reserves_usd,2021-12-31,62.053165556542304,2026-10-07T00:00:00
SE.fx_reserves_usd.WORLDBANK,SE,fx_reserves_usd,2022-12-31,64.28878500849221,2026-10-07T00:00:00
SE.fx_reserves_usd.WORLDBANK,SE,fx_reserves_usd,2023-12-31,60.862760991053705,2026-10-07T00:00:00
SE.fx_reserves_usd.WORLDBANK,SE,fx_reserves_usd,2024-12-31,62.5693560067168,2026-10-07T00:00:00
SE.fx_reserves_usd.WORLDBANK,SE,fx_reserves_usd,2025-12-31,74.19522403743021,2026-10-07T00:00:00
SE.interest_to_revenue.WORLDBANK,SE,interest_to_revenue,1972-12-31,2.99383180382127,2026-10-07T00:00:00
SE.interest_to_revenue.WORLDBANK,SE,interest_to_revenue,1973-12-31,3.24822695035461,2026-10-07T00:00:00
SE.interest_to_revenue.WORLDBANK,SE,interest_to_revenue,1974-12-31,3.41124447252053,2026-10-07T00:00:00
SE.interest_to_revenue.WORLDBANK,SE,interest_to_revenue,1975-12-31,3.9906103286385,2026-10-07T00:00:00
SE.interest_to_revenue.WORLDBANK,SE,interest_to_revenue,1976-12-31,3.36100260416667,2026-10-07T00:00:00
SE.interest_to_revenue.WORLDBANK,SE,interest_to_revenue,1977-12-31,3.85025218441429,2026-10-07T00:00:00
SE.interest_to_revenue.WORLDBANK,SE,interest_to_revenue,1978-12-31,4.47462010992564,2026-10-07T00:00:00
SE.interest_to_revenue.WORLDBANK,SE,interest_to_revenue,1979-12-31,5.28306417722279,2026-10-07T00:00:00
SE.interest_to_revenue.WORLDBANK,SE,interest_to_revenue,1980-12-31,7.76974564926372,2026-10-07T00:00:00
SE.interest_to_revenue.WORLDBANK,SE,interest_to_revenue,1981-12-31,11.1194309247473,2026-10-07T00:00:00
SE.interest_to_revenue.WORLDBANK,SE,interest_to_revenue,1982-12-31,11.4849187935035,2026-10-07T00:00:00
SE.interest_to_revenue.WORLDBANK,SE,interest_to_revenue,1983-12-31,17.7082185238253,2026-10-07T00:00:00
SE.interest_to_revenue.WORLDBANK,SE,interest_to_revenue,1984-12-31,19.4988860546963,2026-10-07T00:00:00
SE.interest_to_revenue.WORLDBANK,SE,interest_to_revenue,1985-12-31,21.4777171895966,2026-10-07T00:00:00
SE.interest_to_revenue.WORLDBANK,SE,interest_to_revenue,1986-12-31,17.6218106668786,2026-10-07T00:00:00
SE.interest_to_revenue.WORLDBANK,SE,interest_to_revenue,1987-12-31,14.5329901837976,2026-10-07T00:00:00
SE.interest_to_revenue.WORLDBANK,SE,interest_to_revenue,1988-12-31,11.2205882352941,2026-10-07T00:00:00
SE.interest_to_revenue.WORLDBANK,SE,interest_to_revenue,1989-12-31,9.99586481711214,2026-10-07T00:00:00
SE.interest_to_revenue.WORLDBANK,SE,interest_to_revenue,1990-12-31,10.6080034638379,2026-10-07T00:00:00
SE.interest_to_revenue.WORLDBANK,SE,interest_to_revenue,1991-12-31,10.0,2026-10-07T00:00:00
SE.interest_to_revenue.WORLDBANK,SE,interest_to_revenue,1992-12-31,9.8373011321744,2026-10-07T00:00:00
SE.interest_to_revenue.WORLDBANK,SE,interest_to_revenue,1993-12-31,13.5668411478635,2026-10-07T00:00:00
SE.interest_to_revenue.WORLDBANK,SE,interest_to_revenue,1994-12-31,17.3135964912281,2026-10-07T00:00:00
SE.interest_to_revenue.WORLDBANK,SE,interest_to_revenue,1995-12-31,12.2289749981329,2026-10-07T00:00:00
SE.interest_to_revenue.WORLDBANK,SE,interest_to_revenue,1996-12-31,12.3066759928499,2026-10-07T00:00:00
SE.interest_to_revenue.WORLDBANK,SE,interest_to_revenue,1997-12-31,12.2760611262363,2026-10-07T00:00:00
SE.interest_to_revenue.WORLDBANK,SE,interest_to_revenue,1998-12-31,10.3404203350153,2026-10-07T00:00:00
SE.interest_to_revenue.WORLDBANK,SE,interest_to_revenue,1999-12-31,9.35398129689956,2026-10-07T00:00:00
SE.interest_to_revenue.WORLDBANK,SE,interest_to_revenue,2000-12-31,7.83888710199665,2026-10-07T00:00:00
SE.interest_to_revenue.WORLDBANK,SE,interest_to_revenue,2001-12-31,6.54490241594973,2026-10-07T00:00:00
SE.interest_to_revenue.WORLDBANK,SE,interest_to_revenue,2002-12-31,7.52486631647753,2026-10-07T00:00:00
SE.interest_to_revenue.WORLDBANK,SE,interest_to_revenue,2003-12-31,5.25296252663675,2026-10-07T00:00:00
SE.interest_to_revenue.WORLDBANK,SE,interest_to_revenue,2004-12-31,4.72961435198996,2026-10-07T00:00:00
SE.interest_to_revenue.WORLDBANK,SE,interest_to_revenue,2005-12-31,4.40208566462703,2026-10-07T00:00:00
SE.interest_to_revenue.WORLDBANK,SE,interest_to_revenue,2006-12-31,4.31234305582384,2026-10-07T00:00:00
SE.interest_to_revenue.WORLDBANK,SE,interest_to_revenue,2007-12-31,3.95283856434492,2026-10-07T00:00:00
SE.interest_to_revenue.WORLDBANK,SE,interest_to_revenue,2008-12-31,3.6574831710897,2026-10-07T00:00:00
SE.interest_to_revenue.WORLDBANK,SE,interest_to_revenue,2009-12-31,3.27346565084029,2026-10-07T00:00:00
SE.interest_to_revenue.WORLDBANK,SE,interest_to_revenue,2010-12-31,2.71420288797226,2026-10-07T00:00:00
SE.interest_to_revenue.WORLDBANK,SE,interest_to_revenue,2011-12-31,2.9518481939025,2026-10-07T00:00:00
SE.interest_to_revenue.WORLDBANK,SE,interest_to_revenue,2012-12-31,2.27796315244097,2026-10-07T00:00:00
SE.interest_to_revenue.WORLDBANK,SE,interest_to_revenue,2013-12-31,2.06842294086436,2026-10-07T00:00:00
SE.interest_to_revenue.WORLDBANK,SE,interest_to_revenue,2014-12-31,1.63024054133959,2026-10-07T00:00:00
SE.interest_to_revenue.WORLDBANK,SE,interest_to_revenue,2015-12-31,1.48525109138435,2026-10-07T00:00:00
SE.interest_to_revenue.WORLDBANK,SE,interest_to_revenue,2016-12-31,1.24709535764118,2026-10-07T00:00:00
SE.interest_to_revenue.WORLDBANK,SE,interest_to_revenue,2017-12-31,1.10187739829132,2026-10-07T00:00:00
SE.interest_to_revenue.WORLDBANK,SE,interest_to_revenue,2018-12-31,1.17995242573436,2026-10-07T00:00:00
SE.interest_to_revenue.WORLDBANK,SE,interest_to_revenue,2019-12-31,0.995626486976558,2026-10-07T00:00:00
SE.interest_to_revenue.WORLDBANK,SE,interest_to_revenue,2020-12-31,0.717276175046039,2026-10-07T00:00:00
SE.interest_to_revenue.WORLDBANK,SE,interest_to_revenue,2021-12-31,0.599603850816015,2026-10-07T00:00:00
SE.interest_to_revenue.WORLDBANK,SE,interest_to_revenue,2022-12-31,1.29388501735187,2026-10-07T00:00:00
SE.interest_to_revenue.WORLDBANK,SE,interest_to_revenue,2023-12-31,1.36999748425191,2026-10-07T00:00:00
SE.interest_to_revenue.WORLDBANK,SE,interest_to_revenue,2024-12-31,1.08826065542142,2026-10-07T00:00:00
SE.ngdp_lcu.WORLDBANK,SE,ngdp_lcu,1960-12-31,82.40962800000001,2026-10-07T00:00:00
SE.ngdp_lcu.WORLDBANK,SE,ngdp_lcu,1961-12-31,89.649769,2026-10-07T00:00:00
SE.ngdp_lcu.WORLDBANK,SE,ngdp_lcu,1962-12-31,97.225658,2026-10-07T00:00:00
SE.ngdp_lcu.WORLDBANK,SE,ngdp_lcu,1963-12-31,105.234123,2026-10-07T00:00:00
SE.ngdp_lcu.WORLDBANK,SE,ngdp_lcu,1964-12-31,117.356808,2026-10-07T00:00:00
SE.ngdp_lcu.WORLDBANK,SE,ngdp_lcu,1965-12-31,129.14374600000002,2026-10-07T00:00:00
SE.ngdp_lcu.WORLDBANK,SE,ngdp_lcu,1966-12-31,140.477056,2026-10-07T00:00:00
SE.ngdp_lcu.WORLDBANK,SE,ngdp_lcu,1967-12-31,152.479756,2026-10-07T00:00:00
SE.ngdp_lcu.WORLDBANK,SE,ngdp_lcu,1968-12-31,161.807003,2026-10-07T00:00:00
SE.ngdp_lcu.WORLDBANK,SE,ngdp_lcu,1969-12-31,175.719989,2026-10-07T00:00:00
SE.ngdp_lcu.WORLDBANK,SE,ngdp_lcu,1970-12-31,196.774181,2026-10-07T00:00:00
SE.ngdp_lcu.WORLDBANK,SE,ngdp_lcu,1971-12-31,212.75638,2026-10-07T00:00:00
SE.ngdp_lcu.WORLDBANK,SE,ngdp_lcu,1972-12-31,232.801225,2026-10-07T00:00:00
SE.ngdp_lcu.WORLDBANK,SE,ngdp_lcu,1973-12-31,259.06318300000004,2026-10-07T00:00:00
SE.ngdp_lcu.WORLDBANK,SE,ngdp_lcu,1974-12-31,292.634747,2026-10-07T00:00:00
SE.ngdp_lcu.WORLDBANK,SE,ngdp_lcu,1975-12-31,343.657799,2026-10-07T00:00:00
SE.ngdp_lcu.WORLDBANK,SE,ngdp_lcu,1976-12-31,388.687921,2026-10-07T00:00:00
SE.ngdp_lcu.WORLDBANK,SE,ngdp_lcu,1977-12-31,422.757317,2026-10-07T00:00:00
SE.ngdp_lcu.WORLDBANK,SE,ngdp_lcu,1978-12-31,471.238583,2026-10-07T00:00:00
SE.ngdp_lcu.WORLDBANK,SE,ngdp_lcu,1979-12-31,528.202992,2026-10-07T00:00:00
SE.ngdp_lcu.WORLDBANK,SE,ngdp_lcu,1980-12-31,600.121309,2026-10-07T00:00:00
SE.ngdp_lcu.WORLDBANK,SE,ngdp_lcu,1981-12-31,655.704839,2026-10-07T00:00:00
SE.ngdp_lcu.WORLDBANK,SE,ngdp_lcu,1982-12-31,717.565474,2026-10-07T00:00:00
SE.ngdp_lcu.WORLDBANK,SE,ngdp_lcu,1983-12-31,803.988281,2026-10-07T00:00:00
SE.ngdp_lcu.WORLDBANK,SE,ngdp_lcu,1984-12-31,901.982263,2026-10-07T00:00:00
SE.ngdp_lcu.WORLDBANK,SE,ngdp_lcu,1985-12-31,980.483962,2026-10-07T00:00:00
SE.ngdp_lcu.WORLDBANK,SE,ngdp_lcu,1986-12-31,1070.53368,2026-10-07T00:00:00
SE.ngdp_lcu.WORLDBANK,SE,ngdp_lcu,1987-12-31,1158.672061,2026-10-07T00:00:00
SE.ngdp_lcu.WORLDBANK,SE,ngdp_lcu,1988-12-31,1266.410079,2026-10-07T00:00:00
SE.ngdp_lcu.WORLDBANK,SE,ngdp_lcu,1989-12-31,1403.053934,2026-10-07T00:00:00
SE.ngdp_lcu.WORLDBANK,SE,ngdp_lcu,1990-12-31,1547.5683760000002,2026-10-07T00:00:00
SE.ngdp_lcu.WORLDBANK,SE,ngdp_lcu,1991-12-31,1655.9957820000002,2026-10-07T00:00:00
SE.ngdp_lcu.WORLDBANK,SE,ngdp_lcu,1992-12-31,1653.428736,2026-10-07T00:00:00
SE.ngdp_lcu.WORLDBANK,SE,ngdp_lcu,1993-12-31,1655.0980000000002,2026-10-07T00:00:00
SE.ngdp_lcu.WORLDBANK,SE,ngdp_lcu,1994-12-31,1764.642,2026-10-07T00:00:00
SE.ngdp_lcu.WORLDBANK,SE,ngdp_lcu,1995-12-31,1904.951,2026-10-07T00:00:00
SE.ngdp_lcu.WORLDBANK,SE,ngdp_lcu,1996-12-31,1957.814,2026-10-07T00:00:00
SE.ngdp_lcu.WORLDBANK,SE,ngdp_lcu,1997-12-31,2048.059,2026-10-07T00:00:00
SE.ngdp_lcu.WORLDBANK,SE,ngdp_lcu,1998-12-31,2153.527,2026-10-07T00:00:00
SE.ngdp_lcu.WORLDBANK,SE,ngdp_lcu,1999-12-31,2266.528,2026-10-07T00:00:00
SE.ngdp_lcu.WORLDBANK,SE,ngdp_lcu,2000-12-31,2408.775,2026-10-07T00:00:00
SE.ngdp_lcu.WORLDBANK,SE,ngdp_lcu,2001-12-31,2504.784,2026-10-07T00:00:00
SE.ngdp_lcu.WORLDBANK,SE,ngdp_lcu,2002-12-31,2603.427,2026-10-07T00:00:00
SE.ngdp_lcu.WORLDBANK,SE,ngdp_lcu,2003-12-31,2701.4100000000003,2026-10-07T00:00:00
SE.ngdp_lcu.WORLDBANK,SE,ngdp_lcu,2004-12-31,2825.9860000000003,2026-10-07T00:00:00
SE.ngdp_lcu.WORLDBANK,SE,ngdp_lcu,2005-12-31,2927.1270000000004,2026-10-07T00:00:00
SE.ngdp_lcu.WORLDBANK,SE,ngdp_lcu,2006-12-31,3117.4990000000003,2026-10-07T00:00:00
SE.ngdp_lcu.WORLDBANK,SE,ngdp_lcu,2007-12-31,3312.135,2026-10-07T00:00:00
SE.ngdp_lcu.WORLDBANK,SE,ngdp_lcu,2008-12-31,3391.873,2026-10-07T00:00:00
SE.ngdp_lcu.WORLDBANK,SE,ngdp_lcu,2009-12-31,3324.135,2026-10-07T00:00:00
SE.ngdp_lcu.WORLDBANK,SE,ngdp_lcu,2010-12-31,3551.514,2026-10-07T00:00:00
SE.ngdp_lcu.WORLDBANK,SE,ngdp_lcu,2011-12-31,3704.817,2026-10-07T00:00:00
SE.ngdp_lcu.WORLDBANK,SE,ngdp_lcu,2012-12-31,3724.495,2026-10-07T00:00:00
SE.ngdp_lcu.WORLDBANK,SE,ngdp_lcu,2013-12-31,3804.976,2026-10-07T00:00:00
SE.ngdp_lcu.WORLDBANK,SE,ngdp_lcu,2014-12-31,3963.666,2026-10-07T00:00:00
SE.ngdp_lcu.WORLDBANK,SE,ngdp_lcu,2015-12-31,4230.936000000001,2026-10-07T00:00:00
SE.ngdp_lcu.WORLDBANK,SE,ngdp_lcu,2016-12-31,4392.801,2026-10-07T00:00:00
SE.ngdp_lcu.WORLDBANK,SE,ngdp_lcu,2017-12-31,4575.1140000000005,2026-10-07T00:00:00
SE.ngdp_lcu.WORLDBANK,SE,ngdp_lcu,2018-12-31,4777.837,2026-10-07T00:00:00
SE.ngdp_lcu.WORLDBANK,SE,ngdp_lcu,2019-12-31,5021.3820000000005,2026-10-07T00:00:00
SE.ngdp_lcu.WORLDBANK,SE,ngdp_lcu,2020-12-31,5012.8550000000005,2026-10-07T00:00:00
SE.ngdp_lcu.WORLDBANK,SE,ngdp_lcu,2021-12-31,5417.76,2026-10-07T00:00:00
SE.ngdp_lcu.WORLDBANK,SE,ngdp_lcu,2022-12-31,5816.415,2026-10-07T00:00:00
SE.ngdp_lcu.WORLDBANK,SE,ngdp_lcu,2023-12-31,6143.187000000001,2026-10-07T00:00:00
SE.ngdp_lcu.WORLDBANK,SE,ngdp_lcu,2024-12-31,6391.5960000000005,2026-10-07T00:00:00
SE.ngdp_lcu.WORLDBANK,SE,ngdp_lcu,2025-12-31,6570.039000000001,2026-10-07T00:00:00
TR.cpi_yoy.WORLDBANK,TR,cpi_yoy,1960-12-31,5.66473988439309,2026-10-07T00:00:00
TR.cpi_yoy.WORLDBANK,TR,cpi_yoy,1961-12-31,3.17285699708268,2026-10-07T00:00:00
TR.cpi_yoy.WORLDBANK,TR,cpi_yoy,1962-12-31,3.88832025146503,2026-10-07T00:00:00
TR.cpi_yoy.WORLDBANK,TR,cpi_yoy,1963-12-31,6.36270692832311,2026-10-07T00:00:00
TR.cpi_yoy.WORLDBANK,TR,cpi_yoy,1964-12-31,1.11963781543112,2026-10-07T00:00:00
TR.cpi_yoy.WORLDBANK,TR,cpi_yoy,1965-12-31,4.55553368394828,2026-10-07T00:00:00
TR.cpi_yoy.WORLDBANK,TR,cpi_yoy,1966-12-31,8.47199621539225,2026-10-07T00:00:00
TR.cpi_yoy.WORLDBANK,TR,cpi_yoy,1967-12-31,13.9748929481675,2026-10-07T00:00:00
TR.cpi_yoy.WORLDBANK,TR,cpi_yoy,1968-12-31,6.04623966197407,2026-10-07T00:00:00
TR.cpi_yoy.WORLDBANK,TR,cpi_yoy,1969-12-31,4.92419394498296,2026-10-07T00:00:00
TR.cpi_yoy.WORLDBANK,TR,cpi_yoy,1970-12-31,7.92395208301997,2026-10-07T00:00:00
TR.cpi_yoy.WORLDBANK,TR,cpi_yoy,1971-12-31,19.0114086837675,2026-10-07T00:00:00
TR.cpi_yoy.WORLDBANK,TR,cpi_yoy,1972-12-31,15.4164557223962,2026-10-07T00:00:00
TR.cpi_yoy.WORLDBANK,TR,cpi_yoy,1973-12-31,13.9381652448957,2026-10-07T00:00:00
TR.cpi_yoy.WORLDBANK,TR,cpi_yoy,1974-12-31,23.8981615766705,2026-10-07T00:00:00
TR.cpi_yoy.WORLDBANK,TR,cpi_yoy,1975-12-31,21.2273552385835,2026-10-07T00:00:00
TR.cpi_yoy.WORLDBANK,TR,cpi_yoy,1976-12-31,17.4556893891337,2026-10-07T00:00:00
TR.cpi_yoy.WORLDBANK,TR,cpi_yoy,1977-12-31,25.9853378650602,2026-10-07T00:00:00
TR.cpi_yoy.WORLDBANK,TR,cpi_yoy,1978-12-31,61.8970444383435,2026-10-07T00:00:00
TR.cpi_yoy.WORLDBANK,TR,cpi_yoy,1979-12-31,63.5431082506343,2026-10-07T00:00:00
TR.cpi_yoy.WORLDBANK,TR,cpi_yoy,1980-12-31,94.2608598807592,2026-10-07T00:00:00
TR.cpi_yoy.WORLDBANK,TR,cpi_yoy,1981-12-31,37.6147825797716,2026-10-07T00:00:00
TR.cpi_yoy.WORLDBANK,TR,cpi_yoy,1982-12-31,29.1375145022676,2026-10-07T00:00:00
TR.cpi_yoy.WORLDBANK,TR,cpi_yoy,1983-12-31,31.3902710198445,2026-10-07T00:00:00
TR.cpi_yoy.WORLDBANK,TR,cpi_yoy,1984-12-31,48.3923231346863,2026-10-07T00:00:00
TR.cpi_yoy.WORLDBANK,TR,cpi_yoy,1985-12-31,44.9617301528779,2026-10-07T00:00:00
TR.cpi_yoy.WORLDBANK,TR,cpi_yoy,1986-12-31,34.6100759738745,2026-10-07T00:00:00
TR.cpi_yoy.WORLDBANK,TR,cpi_yoy,1987-12-31,38.8558434758409,2026-10-07T00:00:00
TR.cpi_yoy.WORLDBANK,TR,cpi_yoy,1988-12-31,68.8096433837048,2026-10-07T00:00:00
TR.cpi_yoy.WORLDBANK,TR,cpi_yoy,1989-12-31,63.2725524930958,2026-10-07T00:00:00
TR.cpi_yoy.WORLDBANK,TR,cpi_yoy,1990-12-31,60.3038691346447,2026-10-07T00:00:00
TR.cpi_yoy.WORLDBANK,TR,cpi_yoy,1991-12-31,65.978567991895,2026-10-07T00:00:00
TR.cpi_yoy.WORLDBANK,TR,cpi_yoy,1992-12-31,70.0761038690374,2026-10-07T00:00:00
TR.cpi_yoy.WORLDBANK,TR,cpi_yoy,1993-12-31,66.0938429820004,2026-10-07T00:00:00
TR.cpi_yoy.WORLDBANK,TR,cpi_yoy,1994-12-31,105.214986469202,2026-10-07T00:00:00
TR.cpi_yoy.WORLDBANK,TR,cpi_yoy,1995-12-31,89.1133172248499,2026-10-07T00:00:00
TR.cpi_yoy.WORLDBANK,TR,cpi_yoy,1996-12-31,80.4121511388042,2026-10-07T00:00:00
TR.cpi_yoy.WORLDBANK,TR,cpi_yoy,1997-12-31,85.6693616499779,2026-10-07T00:00:00
TR.cpi_yoy.WORLDBANK,TR,cpi_yoy,1998-12-31,84.6413434846314,2026-10-07T00:00:00
TR.cpi_yoy.WORLDBANK,TR,cpi_yoy,1999-12-31,64.8674876350757,2026-10-07T00:00:00
TR.cpi_yoy.WORLDBANK,TR,cpi_yoy,2000-12-31,54.9153705812683,2026-10-07T00:00:00
TR.cpi_yoy.WORLDBANK,TR,cpi_yoy,2001-12-31,54.4001887619074,2026-10-07T00:00:00
TR.cpi_yoy.WORLDBANK,TR,cpi_yoy,2002-12-31,44.964120947985,2026-10-07T00:00:00
TR.cpi_yoy.WORLDBANK,TR,cpi_yoy,2003-12-31,21.6024384490573,2026-10-07T00:00:00
TR.cpi_yoy.WORLDBANK,TR,cpi_yoy,2004-12-31,8.59826168115262,2026-10-07T00:00:00
TR.cpi_yoy.WORLDBANK,TR,cpi_yoy,2005-12-31,8.17916036802008,2026-10-07T00:00:00
TR.cpi_yoy.WORLDBANK,TR,cpi_yoy,2006-12-31,9.59724212288446,2026-10-07T00:00:00
TR.cpi_yoy.WORLDBANK,TR,cpi_yoy,2007-12-31,8.75618090972632,2026-10-07T00:00:00
TR.cpi_yoy.WORLDBANK,TR,cpi_yoy,2008-12-31,10.4441283764885,2026-10-07T00:00:00
TR.cpi_yoy.WORLDBANK,TR,cpi_yoy,2009-12-31,6.25097663090626,2026-10-07T00:00:00
TR.cpi_yoy.WORLDBANK,TR,cpi_yoy,2010-12-31,8.56644420552976,2026-10-07T00:00:00
TR.cpi_yoy.WORLDBANK,TR,cpi_yoy,2011-12-31,6.471879671151,2026-10-07T00:00:00
TR.cpi_yoy.WORLDBANK,TR,cpi_yoy,2012-12-31,8.89156996512163,2026-10-07T00:00:00
TR.cpi_yoy.WORLDBANK,TR,cpi_yoy,2013-12-31,7.49309030547693,2026-10-07T00:00:00
TR.cpi_yoy.WORLDBANK,TR,cpi_yoy,2014-12-31,8.85457271364316,2026-10-07T00:00:00
TR.cpi_yoy.WORLDBANK,TR,cpi_yoy,2015-12-31,7.67085364845885,2026-10-07T00:00:00
TR.cpi_yoy.WORLDBANK,TR,cpi_yoy,2016-12-31,7.7751341532833,2026-10-07T00:00:00
TR.cpi_yoy.WORLDBANK,TR,cpi_yoy,2017-12-31,11.1443110840764,2026-10-07T00:00:00
TR.cpi_yoy.WORLDBANK,TR,cpi_yoy,2018-12-31,16.3324638988929,2026-10-07T00:00:00
TR.cpi_yoy.WORLDBANK,TR,cpi_yoy,2019-12-31,15.1768215720022,2026-10-07T00:00:00
TR.cpi_yoy.WORLDBANK,TR,cpi_yoy,2020-12-31,12.2789574462574,2026-10-07T00:00:00
TR.cpi_yoy.WORLDBANK,TR,cpi_yoy,2021-12-31,19.5964926913324,2026-10-07T00:00:00
TR.cpi_yoy.WORLDBANK,TR,cpi_yoy,2022-12-31,72.3088359891207,2026-10-07T00:00:00
TR.cpi_yoy.WORLDBANK,TR,cpi_yoy,2023-12-31,53.8594087593315,2026-10-07T00:00:00
TR.cpi_yoy.WORLDBANK,TR,cpi_yoy,2024-12-31,58.5064507300342,2026-10-07T00:00:00
TR.cpi_yoy.WORLDBANK,TR,cpi_yoy,2025-12-31,34.8811629820306,2026-10-07T00:00:00
TR.fx_lcu_per_usd.WORLDBANK,TR,fx_lcu_per_usd,1960-12-31,9.01691666658333e-06,2026-10-07T00:00:00
TR.fx_lcu_per_usd.WORLDBANK,TR,fx_lcu_per_usd,1961-12-31,9.02e-06,2026-10-07T00:00:00
TR.fx_lcu_per_usd.WORLDBANK,TR,fx_lcu_per_usd,1962-12-31,9.02e-06,2026-10-07T00:00:00
TR.fx_lcu_per_usd.WORLDBANK,TR,fx_lcu_per_usd,1963-12-31,9.02e-06,2026-10-07T00:00:00
TR.fx_lcu_per_usd.WORLDBANK,TR,fx_lcu_per_usd,1964-12-31,9.03916666575e-06,2026-10-07T00:00:00
TR.fx_lcu_per_usd.WORLDBANK,TR,fx_lcu_per_usd,1965-12-31,9.039999999e-06,2026-10-07T00:00:00
TR.fx_lcu_per_usd.WORLDBANK,TR,fx_lcu_per_usd,1966-12-31,9.039999999e-06,2026-10-07T00:00:00
TR.fx_lcu_per_usd.WORLDBANK,TR,fx_lcu_per_usd,1967-12-31,9.039999999e-06,2026-10-07T00:00:00
TR.fx_lcu_per_usd.WORLDBANK,TR,fx_lcu_per_usd,1968-12-31,9.039999999e-06,2026-10-07T00:00:00
TR.fx_lcu_per_usd.WORLDBANK,TR,fx_lcu_per_usd,1969-12-31,9.039999999e-06,2026-10-07T00:00:00
TR.fx_lcu_per_usd.WORLDBANK,TR,fx_lcu_per_usd,1970-12-31,1.1328499999e-05,2026-10-07T00:00:00
TR.fx_lcu_per_usd.WORLDBANK,TR,fx_lcu_per_usd,1971-12-31,1.48666666670833e-05,2026-10-07T00:00:00
TR.fx_lcu_per_usd.WORLDBANK,TR,fx_lcu_per_usd,1972-12-31,1.415e-05,2026-10-07T00:00:00
TR.fx_lcu_per_usd.WORLDBANK,TR,fx_lcu_per_usd,1973-12-31,1.415e-05,2026-10-07T00:00:00
TR.fx_lcu_per_usd.WORLDBANK,TR,fx_lcu_per_usd,1974-12-31,1.39270833330833e-05,2026-10-07T00:00:00
TR.fx_lcu_per_usd.WORLDBANK,TR,fx_lcu_per_usd,1975-12-31,1.44420833326667e-05,2026-10-07T00:00:00
TR.fx_lcu_per_usd.WORLDBANK,TR,fx_lcu_per_usd,1976-12-31,1.60530833323333e-05,2026-10-07T00:00:00
TR.fx_lcu_per_usd.WORLDBANK,TR,fx_lcu_per_usd,1977-12-31,1.8002249999e-05,2026-10-07T00:00:00
TR.fx_lcu_per_usd.WORLDBANK,TR,fx_lcu_per_usd,1978-12-31,2.42821666656667e-05,2026-10-07T00:00:00
TR.fx_lcu_per_usd.WORLDBANK,TR,fx_lcu_per_usd,1979-12-31,3.1077499999e-05,2026-10-07T00:00:00
TR.fx_lcu_per_usd.WORLDBANK,TR,fx_lcu_per_usd,1980-12-31,7.60380833328333e-05,2026-10-07T00:00:00
TR.fx_lcu_per_usd.WORLDBANK,TR,fx_lcu_per_usd,1981-12-31,0.0001112185833326,2026-10-07T00:00:00
TR.fx_lcu_per_usd.WORLDBANK,TR,fx_lcu_per_usd,1982-12-31,0.0001625534166656,2026-10-07T00:00:00
TR.fx_lcu_per_usd.WORLDBANK,TR,fx_lcu_per_usd,1983-12-31,0.0002254570833322,2026-10-07T00:00:00
TR.fx_lcu_per_usd.WORLDBANK,TR,fx_lcu_per_usd,1984-12-31,0.0003666778333331,2026-10-07T00:00:00
TR.fx_lcu_per_usd.WORLDBANK,TR,fx_lcu_per_usd,1985-12-31,0.0005219830833331,2026-10-07T00:00:00
TR.fx_lcu_per_usd.WORLDBANK,TR,fx_lcu_per_usd,1986-12-31,0.0006745117500002,2026-10-07T00:00:00
TR.fx_lcu_per_usd.WORLDBANK,TR,fx_lcu_per_usd,1987-12-31,0.0008572141666666,2026-10-07T00:00:00
TR.fx_lcu_per_usd.WORLDBANK,TR,fx_lcu_per_usd,1988-12-31,0.0014223458333333,2026-10-07T00:00:00
TR.fx_lcu_per_usd.WORLDBANK,TR,fx_lcu_per_usd,1989-12-31,0.0021216791666666,2026-10-07T00:00:00
TR.fx_lcu_per_usd.WORLDBANK,TR,fx_lcu_per_usd,1990-12-31,0.0026086416666666,2026-10-07T00:00:00
TR.fx_lcu_per_usd.WORLDBANK,TR,fx_lcu_per_usd,1991-12-31,0.0041718158333333,2026-10-07T00:00:00
TR.fx_lcu_per_usd.WORLDBANK,TR,fx_lcu_per_usd,1992-12-31,0.0068724233333333,2026-10-07T00:00:00
TR.fx_lcu_per_usd.WORLDBANK,TR,fx_lcu_per_usd,1993-12-31,0.0109846283333333,2026-10-07T00:00:00
TR.fx_lcu_per_usd.WORLDBANK,TR,fx_lcu_per_usd,1994-12-31,0.0296086758333333,2026-10-07T00:00:00
TR.fx_lcu_per_usd.WORLDBANK,TR,fx_lcu_per_usd,1995-12-31,0.0458450608333333,2026-10-07T00:00:00
TR.fx_lcu_per_usd.WORLDBANK,TR,fx_lcu_per_usd,1996-12-31,0.0814048916666666,2026-10-07T00:00:00
TR.fx_lcu_per_usd.WORLDBANK,TR,fx_lcu_per_usd,1997-12-31,0.151865,2026-10-07T00:00:00
TR.fx_lcu_per_usd.WORLDBANK,TR,fx_lcu_per_usd,1998-12-31,0.26072425,2026-10-07T00:00:00
TR.fx_lcu_per_usd.WORLDBANK,TR,fx_lcu_per_usd,1999-12-31,0.418782916666667,2026-10-07T00:00:00
TR.fx_lcu_per_usd.WORLDBANK,TR,fx_lcu_per_usd,2000-12-31,0.6252185,2026-10-07T00:00:00
TR.fx_lcu_per_usd.WORLDBANK,TR,fx_lcu_per_usd,2001-12-31,1.22558808333333,2026-10-07T00:00:00
TR.fx_lcu_per_usd.WORLDBANK,TR,fx_lcu_per_usd,2002-12-31,1.50722641666667,2026-10-07T00:00:00
TR.fx_lcu_per_usd.WORLDBANK,TR,fx_lcu_per_usd,2003-12-31,1.50088520858333,2026-10-07T00:00:00
TR.fx_lcu_per_usd.WORLDBANK,TR,fx_lcu_per_usd,2004-12-31,1.42553725,2026-10-07T00:00:00
TR.fx_lcu_per_usd.WORLDBANK,TR,fx_lcu_per_usd,2005-12-31,1.34358310833333,2026-10-07T00:00:00
TR.fx_lcu_per_usd.WORLDBANK,TR,fx_lcu_per_usd,2006-12-31,1.42845341333845,2026-10-07T00:00:00
TR.fx_lcu_per_usd.WORLDBANK,TR,fx_lcu_per_usd,2007-12-31,1.30293090533794,2026-10-07T00:00:00
TR.fx_lcu_per_usd.WORLDBANK,TR,fx_lcu_per_usd,2008-12-31,1.30152170281795,2026-10-07T00:00:00
TR.fx_lcu_per_usd.WORLDBANK,TR,fx_lcu_per_usd,2009-12-31,1.54995977566564,2026-10-07T00:00:00
TR.fx_lcu_per_usd.WORLDBANK,TR,fx_lcu_per_usd,2010-12-31,1.5028486296723,2026-10-07T00:00:00
TR.fx_lcu_per_usd.WORLDBANK,TR,fx_lcu_per_usd,2011-12-31,1.67495455197133,2026-10-07T00:00:00
TR.fx_lcu_per_usd.WORLDBANK,TR,fx_lcu_per_usd,2012-12-31,1.79600094441355,2026-10-07T00:00:00
TR.fx_lcu_per_usd.WORLDBANK,TR,fx_lcu_per_usd,2013-12-31,1.90376824244752,2026-10-07T00:00:00
TR.fx_lcu_per_usd.WORLDBANK,TR,fx_lcu_per_usd,2014-12-31,2.18854241775473,2026-10-07T00:00:00
TR.fx_lcu_per_usd.WORLDBANK,TR,fx_lcu_per_usd,2015-12-31,2.72000852790578,2026-10-07T00:00:00
TR.fx_lcu_per_usd.WORLDBANK,TR,fx_lcu_per_usd,2016-12-31,3.02013474808043,2026-10-07T00:00:00
TR.fx_lcu_per_usd.WORLDBANK,TR,fx_lcu_per_usd,2017-12-31,3.64813263536867,2026-10-07T00:00:00
TR.fx_lcu_per_usd.WORLDBANK,TR,fx_lcu_per_usd,2018-12-31,4.82837014720942,2026-10-07T00:00:00
TR.fx_lcu_per_usd.WORLDBANK,TR,fx_lcu_per_usd,2019-12-31,5.67381930843574,2026-10-07T00:00:00
TR.fx_lcu_per_usd.WORLDBANK,TR,fx_lcu_per_usd,2020-12-31,7.00860541558522,2026-10-07T00:00:00
TR.fx_lcu_per_usd.WORLDBANK,TR,fx_lcu_per_usd,2021-12-31,8.85040754928315,2026-10-07T00:00:00
TR.fx_lcu_per_usd.WORLDBANK,TR,fx_lcu_per_usd,2022-12-31,16.5488604173067,2026-10-07T00:00:00
TR.fx_lcu_per_usd.WORLDBANK,TR,fx_lcu_per_usd,2023-12-31,23.7385661219918,2026-10-07T00:00:00
TR.fx_lcu_per_usd.WORLDBANK,TR,fx_lcu_per_usd,2024-12-31,32.8058614432703,2026-10-07T00:00:00
TR.fx_lcu_per_usd.WORLDBANK,TR,fx_lcu_per_usd,2025-12-31,39.4548130977983,2026-10-07T00:00:00
TR.fx_reserves_usd.WORLDBANK,TR,fx_reserves_usd,1960-12-31,0.2051276,2026-10-07T00:00:00
TR.fx_reserves_usd.WORLDBANK,TR,fx_reserves_usd,1961-12-31,0.19557,2026-10-07T00:00:00
TR.fx_reserves_usd.WORLDBANK,TR,fx_reserves_usd,1962-12-31,0.19028,2026-10-07T00:00:00
TR.fx_reserves_usd.WORLDBANK,TR,fx_reserves_usd,1963-12-31,0.17827288,2026-10-07T00:00:00
TR.fx_reserves_usd.WORLDBANK,TR,fx_reserves_usd,1964-12-31,0.14233968,2026-10-07T00:00:00
TR.fx_reserves_usd.WORLDBANK,TR,fx_reserves_usd,1965-12-31,0.14138768,2026-10-07T00:00:00
TR.fx_reserves_usd.WORLDBANK,TR,fx_reserves_usd,1966-12-31,0.13154366,2026-10-07T00:00:00
TR.fx_reserves_usd.WORLDBANK,TR,fx_reserves_usd,1967-12-31,0.1195392,2026-10-07T00:00:00
TR.fx_reserves_usd.WORLDBANK,TR,fx_reserves_usd,1968-12-31,0.1421049,2026-10-07T00:00:00
TR.fx_reserves_usd.WORLDBANK,TR,fx_reserves_usd,1969-12-31,0.2456736,2026-10-07T00:00:00
TR.fx_reserves_usd.WORLDBANK,TR,fx_reserves_usd,1970-12-31,0.43975573,2026-10-07T00:00:00
TR.fx_reserves_usd.WORLDBANK,TR,fx_reserves_usd,1971-12-31,0.781035856944714,2026-10-07T00:00:00
TR.fx_reserves_usd.WORLDBANK,TR,fx_reserves_usd,1972-12-31,1.49383867745191,2026-10-07T00:00:00
TR.fx_reserves_usd.WORLDBANK,TR,fx_reserves_usd,1973-12-31,2.3867168774864203,2026-10-07T00:00:00
TR.fx_reserves_usd.WORLDBANK,TR,fx_reserves_usd,1974-12-31,2.2273979988767203,2026-10-07T00:00:00
TR.fx_reserves_usd.WORLDBANK,TR,fx_reserves_usd,1975-12-31,1.44444564115843,2026-10-07T00:00:00
TR.fx_reserves_usd.WORLDBANK,TR,fx_reserves_usd,1976-12-31,1.4714653495202703,2026-10-07T00:00:00
TR.fx_reserves_usd.WORLDBANK,TR,fx_reserves_usd,1977-12-31,1.2375118396450902,2026-10-07T00:00:00
TR.fx_reserves_usd.WORLDBANK,TR,fx_reserves_usd,1978-12-31,1.63011768601986,2026-10-07T00:00:00
TR.fx_reserves_usd.WORLDBANK,TR,fx_reserves_usd,1979-12-31,2.5860310590781004,2026-10-07T00:00:00
TR.fx_reserves_usd.WORLDBANK,TR,fx_reserves_usd,1980-12-31,3.29802774607359,2026-10-07T00:00:00
TR.fx_reserves_usd.WORLDBANK,TR,fx_reserves_usd,1981-12-31,2.42597688528438,2026-10-07T00:00:00
TR.fx_reserves_usd.WORLDBANK,TR,fx_reserves_usd,1982-12-31,2.80236706336263,2026-10-07T00:00:00
TR.fx_reserves_usd.WORLDBANK,TR,fx_reserves_usd,1983-12-31,2.7284508508549603,2026-10-07T00:00:00
TR.fx_reserves_usd.WORLDBANK,TR,fx_reserves_usd,1984-12-31,2.44215792726788,2026-10-07T00:00:00
TR.fx_reserves_usd.WORLDBANK,TR,fx_reserves_usd,1985-12-31,2.3175446427686,2026-10-07T00:00:00
TR.fx_reserves_usd.WORLDBANK,TR,fx_reserves_usd,1986-12-31,2.91250710256448,2026-10-07T00:00:00
TR.fx_reserves_usd.WORLDBANK,TR,fx_reserves_usd,1987-12-31,3.63066515135595,2026-10-07T00:00:00
TR.fx_reserves_usd.WORLDBANK,TR,fx_reserves_usd,1988-12-31,3.9124343977956704,2026-10-07T00:00:00
TR.fx_reserves_usd.WORLDBANK,TR,fx_reserves_usd,1989-12-31,6.2981973263684,2026-10-07T00:00:00
TR.fx_reserves_usd.WORLDBANK,TR,fx_reserves_usd,1990-12-31,7.62609981358548,2026-10-07T00:00:00
TR.fx_reserves_usd.WORLDBANK,TR,fx_reserves_usd,1991-12-31,6.616201216044961,2026-10-07T00:00:00
TR.fx_reserves_usd.WORLDBANK,TR,fx_reserves_usd,1992-12-31,7.5079268691292,2026-10-07T00:00:00
TR.fx_reserves_usd.WORLDBANK,TR,fx_reserves_usd,1993-12-31,7.84635855678459,2026-10-07T00:00:00
TR.fx_reserves_usd.WORLDBANK,TR,fx_reserves_usd,1994-12-31,8.63321250574044,2026-10-07T00:00:00
TR.fx_reserves_usd.WORLDBANK,TR,fx_reserves_usd,1995-12-31,13.8909004015819,2026-10-07T00:00:00
TR.fx_reserves_usd.WORLDBANK,TR,fx_reserves_usd,1996-12-31,17.8194370520218,2026-10-07T00:00:00
TR.fx_reserves_usd.WORLDBANK,TR,fx_reserves_usd,1997-12-31,19.746043484197,2026-10-07T00:00:00
TR.fx_reserves_usd.WORLDBANK,TR,fx_reserves_usd,1998-12-31,20.5676053886419,2026-10-07T00:00:00
TR.fx_reserves_usd.WORLDBANK,TR,fx_reserves_usd,1999-12-31,24.4326639636654,2026-10-07T00:00:00
TR.fx_reserves_usd.WORLDBANK,TR,fx_reserves_usd,2000-12-31,23.51452951039,2026-10-07T00:00:00
TR.fx_reserves_usd.WORLDBANK,TR,fx_reserves_usd,2001-12-31,19.9113318467119,2026-10-07T00:00:00
TR.fx_reserves_usd.WORLDBANK,TR,fx_reserves_usd,2002-12-31,28.348030216961305,2026-10-07T00:00:00
TR.fx_reserves_usd.WORLDBANK,TR,fx_reserves_usd,2003-12-31,35.5485092761176,2026-10-07T00:00:00
TR.fx_reserves_usd.WORLDBANK,TR,fx_reserves_usd,2004-12-31,37.3041213087358,2026-10-07T00:00:00
TR.fx_reserves_usd.WORLDBANK,TR,fx_reserves_usd,2005-12-31,52.4939419500754,2026-10-07T00:00:00
TR.fx_reserves_usd.WORLDBANK,TR,fx_reserves_usd,2006-12-31,63.264841173643205,2026-10-07T00:00:00
TR.fx_reserves_usd.WORLDBANK,TR,fx_reserves_usd,2007-12-31,76.496127491481,2026-10-07T00:00:00
TR.fx_reserves_usd.WORLDBANK,TR,fx_reserves_usd,2008-12-31,73.67468481561721,2026-10-07T00:00:00
TR.fx_reserves_usd.WORLDBANK,TR,fx_reserves_usd,2009-12-31,74.9330999542986,2026-10-07T00:00:00
TR.fx_reserves_usd.WORLDBANK,TR,fx_reserves_usd,2010-12-31,85.95946166598262,2026-10-07T00:00:00
TR.fx_reserves_usd.WORLDBANK,TR,fx_reserves_usd,2011-12-31,87.937253858338,2026-10-07T00:00:00
TR.fx_reserves_usd.WORLDBANK,TR,fx_reserves_usd,2012-12-31,119.18296597541,2026-10-07T00:00:00
TR.fx_reserves_usd.WORLDBANK,TR,fx_reserves_usd,2013-12-31,131.053847400859,2026-10-07T00:00:00
TR.fx_reserves_usd.WORLDBANK,TR,fx_reserves_usd,2014-12-31,127.42192123575902,2026-10-07T00:00:00
TR.fx_reserves_usd.WORLDBANK,TR,fx_reserves_usd,2015-12-31,110.489628113015,2026-10-07T00:00:00
TR.fx_reserves_usd.WORLDBANK,TR,fx_reserves_usd,2016-12-31,104.810530764478,2026-10-07T00:00:00
TR.fx_reserves_usd.WORLDBANK,TR,fx_reserves_usd,2017-12-31,107.65702538451602,2026-10-07T00:00:00
TR.fx_reserves_usd.WORLDBANK,TR,fx_reserves_usd,2018-12-31,92.99723004056052,2026-10-07T00:00:00
TR.fx_reserves_usd.WORLDBANK,TR,fx_reserves_usd,2019-12-31,105.619672447934,2026-10-07T00:00:00
TR.fx_reserves_usd.WORLDBANK,TR,fx_reserves_usd,2020-12-31,93.58457791707151,2026-10-07T00:00:00
TR.fx_reserves_usd.WORLDBANK,TR,fx_reserves_usd,2021-12-31,111.184882382134,2026-10-07T00:00:00
TR.fx_reserves_usd.WORLDBANK,TR,fx_reserves_usd,2022-12-31,128.73500339589302,2026-10-07T00:00:00
TR.fx_reserves_usd.WORLDBANK,TR,fx_reserves_usd,2023-12-31,140.868480001696,2026-10-07T00:00:00
TR.fx_reserves_usd.WORLDBANK,TR,fx_reserves_usd,2024-12-31,155.54868287816902,2026-10-07T00:00:00
TR.fx_reserves_usd.WORLDBANK,TR,fx_reserves_usd,2025-12-31,185.56769070045803,2026-10-07T00:00:00
TR.gg_debt_gdp.WORLDBANK,TR,gg_debt_gdp,1990-12-31,30.2454942016516,2026-10-07T00:00:00
TR.gg_debt_gdp.WORLDBANK,TR,gg_debt_gdp,1991-12-31,32.1299111323629,2026-10-07T00:00:00
TR.gg_debt_gdp.WORLDBANK,TR,gg_debt_gdp,1992-12-31,34.0172750620102,2026-10-07T00:00:00
TR.gg_debt_gdp.WORLDBANK,TR,gg_debt_gdp,1993-12-31,33.6982232562415,2026-10-07T00:00:00
TR.gg_debt_gdp.WORLDBANK,TR,gg_debt_gdp,1994-12-31,44.0175057105221,2026-10-07T00:00:00
TR.gg_debt_gdp.WORLDBANK,TR,gg_debt_gdp,1995-12-31,25.8570964356936,2026-10-07T00:00:00
TR.gg_debt_gdp.WORLDBANK,TR,gg_debt_gdp,1996-12-31,27.4847222842895,2026-10-07T00:00:00
TR.gg_debt_gdp.WORLDBANK,TR,gg_debt_gdp,1997-12-31,31.8793752282311,2026-10-07T00:00:00
TR.gg_debt_gdp.WORLDBANK,TR,gg_debt_gdp,1998-12-31,30.2863787420054,2026-10-07T00:00:00
TR.gg_debt_gdp.WORLDBANK,TR,gg_debt_gdp,2008-12-31,41.0318813015611,2026-10-07T00:00:00
TR.gg_debt_gdp.WORLDBANK,TR,gg_debt_gdp,2009-12-31,48.4871401208098,2026-10-07T00:00:00
TR.gg_debt_gdp.WORLDBANK,TR,gg_debt_gdp,2010-12-31,45.1797411840038,2026-10-07T00:00:00
TR.gg_debt_gdp.WORLDBANK,TR,gg_debt_gdp,2011-12-31,39.9693425323809,2026-10-07T00:00:00
TR.gg_debt_gdp.WORLDBANK,TR,gg_debt_gdp,2012-12-31,37.6997174684634,2026-10-07T00:00:00
TR.gg_debt_gdp.WORLDBANK,TR,gg_debt_gdp,2013-12-31,31.7836465280795,2026-10-07T00:00:00
TR.gg_debt_gdp.WORLDBANK,TR,gg_debt_gdp,2014-12-31,31.1206735016751,2026-10-07T00:00:00
TR.gg_debt_gdp.WORLDBANK,TR,gg_debt_gdp,2015-12-31,29.145145266046,2026-10-07T00:00:00
TR.gg_debt_gdp.WORLDBANK,TR,gg_debt_gdp,2016-12-31,30.075201418508,2026-10-07T00:00:00
TR.gg_debt_gdp.WORLDBANK,TR,gg_debt_gdp,2017-12-31,29.5734179673603,2026-10-07T00:00:00
TR.gg_debt_gdp.WORLDBANK,TR,gg_debt_gdp,2018-12-31,29.3999927208091,2026-10-07T00:00:00
TR.gg_debt_gdp.WORLDBANK,TR,gg_debt_gdp,2019-12-31,33.4600744570718,2026-10-07T00:00:00
TR.gg_debt_gdp.WORLDBANK,TR,gg_debt_gdp,2020-12-31,41.0396523893444,2026-10-07T00:00:00
TR.gg_debt_gdp.WORLDBANK,TR,gg_debt_gdp,2021-12-31,41.6375124693568,2026-10-07T00:00:00
TR.gg_debt_gdp.WORLDBANK,TR,gg_debt_gdp,2022-12-31,35.3300843740665,2026-10-07T00:00:00
TR.gg_debt_gdp.WORLDBANK,TR,gg_debt_gdp,2023-12-31,33.2548360254558,2026-10-07T00:00:00
TR.gg_debt_gdp.WORLDBANK,TR,gg_debt_gdp,2024-12-31,26.6192344930079,2026-10-07T00:00:00
TR.interest_to_revenue.WORLDBANK,TR,interest_to_revenue,1972-12-31,3.16455696202532,2026-10-07T00:00:00
TR.interest_to_revenue.WORLDBANK,TR,interest_to_revenue,1973-12-31,3.37268128161889,2026-10-07T00:00:00
TR.interest_to_revenue.WORLDBANK,TR,interest_to_revenue,1974-12-31,3.2122905027933,2026-10-07T00:00:00
TR.interest_to_revenue.WORLDBANK,TR,interest_to_revenue,1975-12-31,3.03308823529412,2026-10-07T00:00:00
TR.interest_to_revenue.WORLDBANK,TR,interest_to_revenue,1976-12-31,2.85316631871955,2026-10-07T00:00:00
TR.interest_to_revenue.WORLDBANK,TR,interest_to_revenue,1977-12-31,2.72873194221509,2026-10-07T00:00:00
TR.interest_to_revenue.WORLDBANK,TR,interest_to_revenue,1978-12-31,2.47083047357584,2026-10-07T00:00:00
TR.interest_to_revenue.WORLDBANK,TR,interest_to_revenue,1979-12-31,2.99979867123012,2026-10-07T00:00:00
TR.interest_to_revenue.WORLDBANK,TR,interest_to_revenue,1980-12-31,2.96202263831588,2026-10-07T00:00:00
TR.interest_to_revenue.WORLDBANK,TR,interest_to_revenue,1981-12-31,5.35503983373744,2026-10-07T00:00:00
TR.interest_to_revenue.WORLDBANK,TR,interest_to_revenue,1983-12-31,7.8739473912666,2026-10-07T00:00:00
TR.interest_to_revenue.WORLDBANK,TR,interest_to_revenue,1984-12-31,13.8242560566393,2026-10-07T00:00:00
TR.interest_to_revenue.WORLDBANK,TR,interest_to_revenue,1985-12-31,12.3617881962452,2026-10-07T00:00:00
TR.interest_to_revenue.WORLDBANK,TR,interest_to_revenue,1986-12-31,15.4542344859041,2026-10-07T00:00:00
TR.interest_to_revenue.WORLDBANK,TR,interest_to_revenue,1987-12-31,18.4126158911706,2026-10-07T00:00:00
TR.interest_to_revenue.WORLDBANK,TR,interest_to_revenue,1988-12-31,19.2540512732573,2026-10-07T00:00:00
TR.interest_to_revenue.WORLDBANK,TR,interest_to_revenue,1989-12-31,19.8031448113177,2026-10-07T00:00:00
TR.interest_to_revenue.WORLDBANK,TR,interest_to_revenue,1990-12-31,22.5754020054167,2026-10-07T00:00:00
TR.interest_to_revenue.WORLDBANK,TR,interest_to_revenue,1991-12-31,18.8737225610684,2026-10-07T00:00:00
TR.interest_to_revenue.WORLDBANK,TR,interest_to_revenue,1992-12-31,15.2346460424106,2026-10-07T00:00:00
TR.interest_to_revenue.WORLDBANK,TR,interest_to_revenue,1993-12-31,19.4226689251929,2026-10-07T00:00:00
TR.interest_to_revenue.WORLDBANK,TR,interest_to_revenue,1994-12-31,23.7893393496046,2026-10-07T00:00:00
TR.interest_to_revenue.WORLDBANK,TR,interest_to_revenue,1995-12-31,15.0911158477002,2026-10-07T00:00:00
TR.interest_to_revenue.WORLDBANK,TR,interest_to_revenue,1996-12-31,18.2928412804982,2026-10-07T00:00:00
TR.interest_to_revenue.WORLDBANK,TR,interest_to_revenue,1997-12-31,36.1202237837507,2026-10-07T00:00:00
TR.interest_to_revenue.WORLDBANK,TR,interest_to_revenue,1998-12-31,49.857983795292,2026-10-07T00:00:00
TR.interest_to_revenue.WORLDBANK,TR,interest_to_revenue,2008-12-31,16.7007679235639,2026-10-07T00:00:00
TR.interest_to_revenue.WORLDBANK,TR,interest_to_revenue,2009-12-31,13.8962519018047,2026-10-07T00:00:00
TR.interest_to_revenue.WORLDBANK,TR,interest_to_revenue,2010-12-31,10.6399113741961,2026-10-07T00:00:00
TR.interest_to_revenue.WORLDBANK,TR,interest_to_revenue,2011-12-31,9.22930640813633,2026-10-07T00:00:00
TR.interest_to_revenue.WORLDBANK,TR,interest_to_revenue,2012-12-31,8.3899089364427,2026-10-07T00:00:00
TR.interest_to_revenue.WORLDBANK,TR,interest_to_revenue,2013-12-31,6.97426364209265,2026-10-07T00:00:00
TR.interest_to_revenue.WORLDBANK,TR,interest_to_revenue,2014-12-31,6.75624697579165,2026-10-07T00:00:00
TR.interest_to_revenue.WORLDBANK,TR,interest_to_revenue,2015-12-31,6.08837306061733,2026-10-07T00:00:00
TR.interest_to_revenue.WORLDBANK,TR,interest_to_revenue,2016-12-31,5.88028686034876,2026-10-07T00:00:00
TR.interest_to_revenue.WORLDBANK,TR,interest_to_revenue,2017-12-31,6.54203066159967,2026-10-07T00:00:00
TR.interest_to_revenue.WORLDBANK,TR,interest_to_revenue,2018-12-31,8.64424774484724,2026-10-07T00:00:00
TR.interest_to_revenue.WORLDBANK,TR,interest_to_revenue,2019-12-31,7.53250431444424,2026-10-07T00:00:00
TR.interest_to_revenue.WORLDBANK,TR,interest_to_revenue,2020-12-31,9.5269513304237,2026-10-07T00:00:00
TR.interest_to_revenue.WORLDBANK,TR,interest_to_revenue,2021-12-31,9.85382518424099,2026-10-07T00:00:00
TR.interest_to_revenue.WORLDBANK,TR,interest_to_revenue,2022-12-31,15.4826696359583,2026-10-07T00:00:00
TR.interest_to_revenue.WORLDBANK,TR,interest_to_revenue,2023-12-31,10.9661561937879,2026-10-07T00:00:00
TR.interest_to_revenue.WORLDBANK,TR,interest_to_revenue,2024-12-31,11.655324836036,2026-10-07T00:00:00
TR.ngdp_lcu.WORLDBANK,TR,ngdp_lcu,1960-12-31,6.81e-05,2026-10-07T00:00:00
TR.ngdp_lcu.WORLDBANK,TR,ngdp_lcu,1961-12-31,7.19e-05,2026-10-07T00:00:00
TR.ngdp_lcu.WORLDBANK,TR,ngdp_lcu,1962-12-31,8.03e-05,2026-10-07T00:00:00
TR.ngdp_lcu.WORLDBANK,TR,ngdp_lcu,1963-12-31,9.32e-05,2026-10-07T00:00:00
TR.ngdp_lcu.WORLDBANK,TR,ngdp_lcu,1964-12-31,0.0001006,2026-10-07T00:00:00
TR.ngdp_lcu.WORLDBANK,TR,ngdp_lcu,1965-12-31,0.0001077,2026-10-07T00:00:00
TR.ngdp_lcu.WORLDBANK,TR,ngdp_lcu,1966-12-31,0.0001269,2026-10-07T00:00:00
TR.ngdp_lcu.WORLDBANK,TR,ngdp_lcu,1967-12-31,0.0001408,2026-10-07T00:00:00
TR.ngdp_lcu.WORLDBANK,TR,ngdp_lcu,1968-12-31,0.0001575,2026-10-07T00:00:00
TR.ngdp_lcu.WORLDBANK,TR,ngdp_lcu,1969-12-31,0.0001752,2026-10-07T00:00:00
TR.ngdp_lcu.WORLDBANK,TR,ngdp_lcu,1970-12-31,0.0001965,2026-10-07T00:00:00
TR.ngdp_lcu.WORLDBANK,TR,ngdp_lcu,1971-12-31,0.0002425,2026-10-07T00:00:00
TR.ngdp_lcu.WORLDBANK,TR,ngdp_lcu,1972-12-31,0.0002891,2026-10-07T00:00:00
TR.ngdp_lcu.WORLDBANK,TR,ngdp_lcu,1973-12-31,0.000364,2026-10-07T00:00:00
TR.ngdp_lcu.WORLDBANK,TR,ngdp_lcu,1974-12-31,0.0004958,2026-10-07T00:00:00
TR.ngdp_lcu.WORLDBANK,TR,ngdp_lcu,1975-12-31,0.0006446,2026-10-07T00:00:00
TR.ngdp_lcu.WORLDBANK,TR,ngdp_lcu,1976-12-31,0.0008232,2026-10-07T00:00:00
TR.ngdp_lcu.WORLDBANK,TR,ngdp_lcu,1977-12-31,0.0010563,2026-10-07T00:00:00
TR.ngdp_lcu.WORLDBANK,TR,ngdp_lcu,1978-12-31,0.0015819,2026-10-07T00:00:00
TR.ngdp_lcu.WORLDBANK,TR,ngdp_lcu,1979-12-31,0.0027781,2026-10-07T00:00:00
TR.ngdp_lcu.WORLDBANK,TR,ngdp_lcu,1980-12-31,0.0052306,2026-10-07T00:00:00
TR.ngdp_lcu.WORLDBANK,TR,ngdp_lcu,1981-12-31,0.007901,2026-10-07T00:00:00
TR.ngdp_lcu.WORLDBANK,TR,ngdp_lcu,1982-12-31,0.0104922,2026-10-07T00:00:00
TR.ngdp_lcu.WORLDBANK,TR,ngdp_lcu,1983-12-31,0.0139058,2026-10-07T00:00:00
TR.ngdp_lcu.WORLDBANK,TR,ngdp_lcu,1984-12-31,0.0219971,2026-10-07T00:00:00
TR.ngdp_lcu.WORLDBANK,TR,ngdp_lcu,1985-12-31,0.0350955,2026-10-07T00:00:00
TR.ngdp_lcu.WORLDBANK,TR,ngdp_lcu,1986-12-31,0.0510793,2026-10-07T00:00:00
TR.ngdp_lcu.WORLDBANK,TR,ngdp_lcu,1987-12-31,0.0747219,2026-10-07T00:00:00
TR.ngdp_lcu.WORLDBANK,TR,ngdp_lcu,1988-12-31,0.1292245,2026-10-07T00:00:00
TR.ngdp_lcu.WORLDBANK,TR,ngdp_lcu,1989-12-31,0.2273239,2026-10-07T00:00:00
TR.ngdp_lcu.WORLDBANK,TR,ngdp_lcu,1990-12-31,0.3930602,2026-10-07T00:00:00
TR.ngdp_lcu.WORLDBANK,TR,ngdp_lcu,1991-12-31,0.6301169000000001,2026-10-07T00:00:00
TR.ngdp_lcu.WORLDBANK,TR,ngdp_lcu,1992-12-31,1.093368,2026-10-07T00:00:00
TR.ngdp_lcu.WORLDBANK,TR,ngdp_lcu,1993-12-31,1.9818671,2026-10-07T00:00:00
TR.ngdp_lcu.WORLDBANK,TR,ngdp_lcu,1994-12-31,3.8684291,2026-10-07T00:00:00
TR.ngdp_lcu.WORLDBANK,TR,ngdp_lcu,1995-12-31,10.7598044,2026-10-07T00:00:00
TR.ngdp_lcu.WORLDBANK,TR,ngdp_lcu,1996-12-31,20.3811228,2026-10-07T00:00:00
TR.ngdp_lcu.WORLDBANK,TR,ngdp_lcu,1997-12-31,40.064652800000005,2026-10-07T00:00:00
TR.ngdp_lcu.WORLDBANK,TR,ngdp_lcu,1998-12-31,71.9690465,2026-10-07T00:00:00
TR.ngdp_lcu.WORLDBANK,TR,ngdp_lcu,1999-12-31,107.4906823,2026-10-07T00:00:00
TR.ngdp_lcu.WORLDBANK,TR,ngdp_lcu,2000-12-31,171.7779594,2026-10-07T00:00:00
TR.ngdp_lcu.WORLDBANK,TR,ngdp_lcu,2001-12-31,247.807864,2026-10-07T00:00:00
TR.ngdp_lcu.WORLDBANK,TR,ngdp_lcu,2002-12-31,362.9068746,2026-10-07T00:00:00
TR.ngdp_lcu.WORLDBANK,TR,ngdp_lcu,2003-12-31,473.3684726,2026-10-07T00:00:00
TR.ngdp_lcu.WORLDBANK,TR,ngdp_lcu,2004-12-31,584.6936721000001,2026-10-07T00:00:00
TR.ngdp_lcu.WORLDBANK,TR,ngdp_lcu,2005-12-31,682.9623315,2026-10-07T00:00:00
TR.ngdp_lcu.WORLDBANK,TR,ngdp_lcu,2006-12-31,799.4596025000001,2026-10-07T00:00:00
TR.ngdp_lcu.WORLDBANK,TR,ngdp_lcu,2007-12-31,892.80543,2026-10-07T00:00:00
TR.ngdp_lcu.WORLDBANK,TR,ngdp_lcu,2008-12-31,1009.2209107,2026-10-07T00:00:00
TR.ngdp_lcu.WORLDBANK,TR,ngdp_lcu,2009-12-31,1013.5102416,2026-10-07T00:00:00
TR.ngdp_lcu.WORLDBANK,TR,ngdp_lcu,2010-12-31,1176.047969,2026-10-07T00:00:00
TR.ngdp_lcu.WORLDBANK,TR,ngdp_lcu,2011-12-31,1413.9844612000002,2026-10-07T00:00:00
TR.ngdp_lcu.WORLDBANK,TR,ngdp_lcu,2012-12-31,1590.0492953,2026-10-07T00:00:00
TR.ngdp_lcu.WORLDBANK,TR,ngdp_lcu,2013-12-31,1831.7439705,2026-10-07T00:00:00
TR.ngdp_lcu.WORLDBANK,TR,ngdp_lcu,2014-12-31,2062.3581792,2026-10-07T00:00:00
TR.ngdp_lcu.WORLDBANK,TR,ngdp_lcu,2015-12-31,2354.059127,2026-10-07T00:00:00
TR.ngdp_lcu.WORLDBANK,TR,ngdp_lcu,2016-12-31,2629.9879715,2026-10-07T00:00:00
TR.ngdp_lcu.WORLDBANK,TR,ngdp_lcu,2017-12-31,3151.5291529,2026-10-07T00:00:00
TR.ngdp_lcu.WORLDBANK,TR,ngdp_lcu,2018-12-31,3806.4792194,2026-10-07T00:00:00
TR.ngdp_lcu.WORLDBANK,TR,ngdp_lcu,2019-12-31,4402.0503109,2026-10-07T00:00:00
TR.ngdp_lcu.WORLDBANK,TR,ngdp_lcu,2020-12-31,5141.7106009,2026-10-07T00:00:00
TR.ngdp_lcu.WORLDBANK,TR,ngdp_lcu,2021-12-31,7433.7999083,2026-10-07T00:00:00
TR.ngdp_lcu.WORLDBANK,TR,ngdp_lcu,2022-12-31,15325.8574918,2026-10-07T00:00:00
TR.ngdp_lcu.WORLDBANK,TR,ngdp_lcu,2023-12-31,27091.4690647,2026-10-07T00:00:00
TR.ngdp_lcu.WORLDBANK,TR,ngdp_lcu,2024-12-31,44587.2254402,2026-10-07T00:00:00
TR.ngdp_lcu.WORLDBANK,TR,ngdp_lcu,2025-12-31,63020.9058239,2026-10-07T00:00:00
