2026-10-07 04:24:46,180 WARNING sdm.collect.registry: collector gold not available: No module named 'openpyxl'
2026-10-07 04:24:46,198 WARNING sdm.collect.registry: collector mof_jp not available: No module named 'xlrd'
2026-10-07 04:24:46,199 WARNING sdm.collect.registry: collector rba not available: No module named 'xlrd'
2026-10-07 04:24:46,203 WARNING sdm.collect.registry: collector arslanalp_tsuda not available: No module named 'openpyxl'
2026-10-07 04:24:46,204 INFO sdm.collect.registry: == bis
2026-10-07 04:24:46,208 DEBUG urllib3.connectionpool: Starting new HTTPS connection (1): stats.bis.org:443
2026-10-07 04:24:47,207 DEBUG urllib3.connectionpool: https://stats.bis.org:443 "GET /api/v2/data/dataflow/BIS/WS_CBPOL/1.0/M.US?format=csv HTTP/1.1" 200 4273
2026-10-07 04:24:47,243 INFO sdm.collect.base: US.policy_rate.BIS: 866 obs, 866 new, 0 revised, last 2026-08-31
2026-10-07 04:24:47,478 DEBUG urllib3.connectionpool: https://stats.bis.org:443 "GET /api/v2/data/dataflow/BIS/WS_CBTA/1.0/M.US?format=csv HTTP/1.1" 200 None
2026-10-07 04:24:47,740 INFO sdm.collect.base: US.cb_total_assets_lcu.BIS: 1341 obs, 1341 new, 0 revised, last 2026-07-31
2026-10-07 04:24:47,921 DEBUG urllib3.connectionpool: https://stats.bis.org:443 "GET /api/v2/data/dataflow/BIS/WS_EER/1.0/M.R.B.US?format=csv HTTP/1.1" 200 2585
2026-10-07 04:24:47,938 INFO sdm.collect.base: US.reer_broad.BIS: 392 obs, 392 new, 0 revised, last 2026-08-31
2026-10-07 04:24:48,118 DEBUG urllib3.connectionpool: https://stats.bis.org:443 "GET /api/v2/data/dataflow/BIS/WS_LONG_CPI/1.0/M.US.628?format=csv HTTP/1.1" 200 None
2026-10-07 04:24:48,165 INFO sdm.collect.base: US.cpi_index.BIS: 1363 obs, 1363 new, 0 revised, last 2026-08-31
2026-10-07 04:24:48,483 DEBUG urllib3.connectionpool: https://stats.bis.org:443 "GET /api/v2/data/dataflow/BIS/WS_TC/2.0/Q.US.G.A.M.770.A?format=csv HTTP/1.1" 200 2122
2026-10-07 04:24:48,499 INFO sdm.collect.base: US.gg_debt_gdp.BIS: 314 obs, 314 new, 0 revised, last 2026-03-31
2026-10-07 04:24:48,673 DEBUG urllib3.connectionpool: https://stats.bis.org:443 "GET /api/v2/data/dataflow/BIS/WS_CBPOL/1.0/M.GB?format=csv HTTP/1.1" 200 4662
2026-10-07 04:24:48,709 INFO sdm.collect.base: GB.policy_rate.BIS: 968 obs, 968 new, 0 revised, last 2026-08-31
2026-10-07 04:24:48,984 DEBUG urllib3.connectionpool: https://stats.bis.org:443 "GET /api/v2/data/dataflow/BIS/WS_CBTA/1.0/M.GB?format=csv HTTP/1.1" 200 None
2026-10-07 04:24:49,340 INFO sdm.collect.base: GB.cb_total_assets_lcu.BIS: 2183 obs, 2183 new, 0 revised, last 2026-07-31
2026-10-07 04:24:49,531 DEBUG urllib3.connectionpool: https://stats.bis.org:443 "GET /api/v2/data/dataflow/BIS/WS_XRU/1.0/M.GB.GBP.A?format=csv HTTP/1.1" 200 None
2026-10-07 04:24:49,625 INFO sdm.collect.base: GB.fx_lcu_per_usd.BIS: 2828 obs, 2828 new, 0 revised, last 2026-08-31
2026-10-07 04:24:50,445 DEBUG urllib3.connectionpool: https://stats.bis.org:443 "GET /api/v2/data/dataflow/BIS/WS_EER/1.0/M.R.B.GB?format=csv HTTP/1.1" 200 2618
2026-10-07 04:24:50,462 INFO sdm.collect.base: GB.reer_broad.BIS: 392 obs, 392 new, 0 revised, last 2026-08-31
2026-10-07 04:24:50,695 DEBUG urllib3.connectionpool: https://stats.bis.org:443 "GET /api/v2/data/dataflow/BIS/WS_LONG_CPI/1.0/M.GB.628?format=csv HTTP/1.1" 200 None
2026-10-07 04:24:50,741 INFO sdm.collect.base: GB.cpi_index.BIS: 1340 obs, 1340 new, 0 revised, last 2026-08-31
2026-10-07 04:24:50,912 DEBUG urllib3.connectionpool: https://stats.bis.org:443 "GET /api/v2/data/dataflow/BIS/WS_TC/2.0/Q.GB.G.A.M.770.A?format=csv HTTP/1.1" 200 1703
2026-10-07 04:24:50,925 INFO sdm.collect.base: GB.gg_debt_gdp.BIS: 241 obs, 241 new, 0 revised, last 2026-03-31
2026-10-07 04:24:51,098 DEBUG urllib3.connectionpool: https://stats.bis.org:443 "GET /api/v2/data/dataflow/BIS/WS_CBPOL/1.0/M.JP?format=csv HTTP/1.1" 200 None
2026-10-07 04:24:51,140 INFO sdm.collect.base: JP.policy_rate.BIS: 852 obs, 852 new, 0 revised, last 2026-08-31
2026-10-07 04:24:52,171 DEBUG urllib3.connectionpool: https://stats.bis.org:443 "GET /api/v2/data/dataflow/BIS/WS_CBTA/1.0/M.JP?format=csv HTTP/1.1" 200 None
2026-10-07 04:24:53,618 INFO sdm.collect.base: JP.cb_total_assets_lcu.BIS: 883 obs, 883 new, 0 revised, last 2026-07-31
2026-10-07 04:24:53,785 DEBUG urllib3.connectionpool: https://stats.bis.org:443 "GET /api/v2/data/dataflow/BIS/WS_XRU/1.0/M.JP.JPY.A?format=csv HTTP/1.1" 200 6955
2026-10-07 04:24:53,816 INFO sdm.collect.base: JP.fx_lcu_per_usd.BIS: 836 obs, 836 new, 0 revised, last 2026-08-31
2026-10-07 04:24:53,981 DEBUG urllib3.connectionpool: https://stats.bis.org:443 "GET /api/v2/data/dataflow/BIS/WS_EER/1.0/M.R.B.JP?format=csv HTTP/1.1" 200 2637
2026-10-07 04:24:53,998 INFO sdm.collect.base: JP.reer_broad.BIS: 392 obs, 392 new, 0 revised, last 2026-08-31
2026-10-07 04:24:54,168 DEBUG urllib3.connectionpool: https://stats.bis.org:443 "GET /api/v2/data/dataflow/BIS/WS_LONG_CPI/1.0/M.JP.628?format=csv HTTP/1.1" 200 5917
2026-10-07 04:24:54,202 INFO sdm.collect.base: JP.cpi_index.BIS: 960 obs, 960 new, 0 revised, last 2026-07-31
2026-10-07 04:24:54,384 DEBUG urllib3.connectionpool: https://stats.bis.org:443 "GET /api/v2/data/dataflow/BIS/WS_TC/2.0/Q.JP.G.A.M.770.A?format=csv HTTP/1.1" 200 1003
2026-10-07 04:24:54,392 INFO sdm.collect.base: JP.gg_debt_gdp.BIS: 114 obs, 114 new, 0 revised, last 2026-03-31
2026-10-07 04:24:54,558 DEBUG urllib3.connectionpool: https://stats.bis.org:443 "GET /api/v2/data/dataflow/BIS/WS_CBPOL/1.0/M.AU?format=csv HTTP/1.1" 200 4651
2026-10-07 04:24:54,583 INFO sdm.collect.base: AU.policy_rate.BIS: 605 obs, 605 new, 0 revised, last 2026-08-31
2026-10-07 04:24:54,802 DEBUG urllib3.connectionpool: https://stats.bis.org:443 "GET /api/v2/data/dataflow/BIS/WS_CBTA/1.0/M.AU?format=csv HTTP/1.1" 200 None
2026-10-07 04:24:55,033 INFO sdm.collect.base: AU.cb_total_assets_lcu.BIS: 684 obs, 684 new, 0 revised, last 2026-06-30
2026-10-07 04:24:55,210 DEBUG urllib3.connectionpool: https://stats.bis.org:443 "GET /api/v2/data/dataflow/BIS/WS_XRU/1.0/M.AU.AUD.A?format=csv HTTP/1.1" 200 5897
2026-10-07 04:24:55,241 INFO sdm.collect.base: AU.fx_lcu_per_usd.BIS: 836 obs, 836 new, 0 revised, last 2026-08-31
2026-10-07 04:24:55,426 DEBUG urllib3.connectionpool: https://stats.bis.org:443 "GET /api/v2/data/dataflow/BIS/WS_EER/1.0/M.R.B.AU?format=csv HTTP/1.1" 200 2648
2026-10-07 04:24:55,443 INFO sdm.collect.base: AU.reer_broad.BIS: 392 obs, 392 new, 0 revised, last 2026-08-31
2026-10-07 04:24:55,629 DEBUG urllib3.connectionpool: https://stats.bis.org:443 "GET /api/v2/data/dataflow/BIS/WS_LONG_CPI/1.0/M.AU.628?format=csv HTTP/1.1" 200 5149
2026-10-07 04:24:55,672 INFO sdm.collect.base: AU.cpi_index.BIS: 1251 obs, 1251 new, 0 revised, last 2026-06-30
2026-10-07 04:24:55,854 DEBUG urllib3.connectionpool: https://stats.bis.org:443 "GET /api/v2/data/dataflow/BIS/WS_TC/2.0/Q.AU.G.A.M.770.A?format=csv HTTP/1.1" 200 1188
2026-10-07 04:24:55,864 INFO sdm.collect.base: AU.gg_debt_gdp.BIS: 152 obs, 152 new, 0 revised, last 2026-03-31
2026-10-07 04:24:56,035 DEBUG urllib3.connectionpool: https://stats.bis.org:443 "GET /api/v2/data/dataflow/BIS/WS_CBPOL/1.0/M.CA?format=csv HTTP/1.1" 200 5826
2026-10-07 04:24:56,083 INFO sdm.collect.base: CA.policy_rate.BIS: 794 obs, 794 new, 0 revised, last 2026-08-31
2026-10-07 04:24:56,283 DEBUG urllib3.connectionpool: https://stats.bis.org:443 "GET /api/v2/data/dataflow/BIS/WS_CBTA/1.0/M.CA?format=csv HTTP/1.1" 200 None
2026-10-07 04:24:56,392 INFO sdm.collect.base: CA.cb_total_assets_lcu.BIS: 1097 obs, 1097 new, 0 revised, last 2026-07-31
2026-10-07 04:24:56,568 DEBUG urllib3.connectionpool: https://stats.bis.org:443 "GET /api/v2/data/dataflow/BIS/WS_XRU/1.0/M.CA.CAD.A?format=csv HTTP/1.1" 200 7219
2026-10-07 04:24:56,606 INFO sdm.collect.base: CA.fx_lcu_per_usd.BIS: 980 obs, 980 new, 0 revised, last 2026-08-31
2026-10-07 04:24:56,788 DEBUG urllib3.connectionpool: https://stats.bis.org:443 "GET /api/v2/data/dataflow/BIS/WS_EER/1.0/M.R.B.CA?format=csv HTTP/1.1" 200 2545
2026-10-07 04:24:56,806 INFO sdm.collect.base: CA.reer_broad.BIS: 392 obs, 392 new, 0 revised, last 2026-08-31
2026-10-07 04:24:56,972 DEBUG urllib3.connectionpool: https://stats.bis.org:443 "GET /api/v2/data/dataflow/BIS/WS_LONG_CPI/1.0/M.CA.628?format=csv HTTP/1.1" 200 8070
2026-10-07 04:24:57,019 INFO sdm.collect.base: CA.cpi_index.BIS: 1352 obs, 1352 new, 0 revised, last 2026-08-31
2026-10-07 04:24:57,198 DEBUG urllib3.connectionpool: https://stats.bis.org:443 "GET /api/v2/data/dataflow/BIS/WS_TC/2.0/Q.CA.G.A.M.770.A?format=csv HTTP/1.1" 200 1175
2026-10-07 04:24:57,208 INFO sdm.collect.base: CA.gg_debt_gdp.BIS: 145 obs, 145 new, 0 revised, last 2026-03-31
2026-10-07 04:24:57,621 DEBUG urllib3.connectionpool: https://stats.bis.org:443 "GET /api/v2/data/dataflow/BIS/WS_CBPOL/1.0/M.CH?format=csv HTTP/1.1" 200 4132
2026-10-07 04:24:57,658 INFO sdm.collect.base: CH.policy_rate.BIS: 968 obs, 968 new, 0 revised, last 2026-08-31
2026-10-07 04:24:57,882 DEBUG urllib3.connectionpool: https://stats.bis.org:443 "GET /api/v2/data/dataflow/BIS/WS_CBTA/1.0/M.CH?format=csv HTTP/1.1" 200 None
2026-10-07 04:24:57,984 INFO sdm.collect.base: CH.cb_total_assets_lcu.BIS: 943 obs, 943 new, 0 revised, last 2026-07-31
2026-10-07 04:24:58,156 DEBUG urllib3.connectionpool: https://stats.bis.org:443 "GET /api/v2/data/dataflow/BIS/WS_XRU/1.0/M.CH.CHF.A?format=csv HTTP/1.1" 200 6871
2026-10-07 04:24:58,191 INFO sdm.collect.base: CH.fx_lcu_per_usd.BIS: 876 obs, 876 new, 0 revised, last 2026-08-31
2026-10-07 04:24:58,417 DEBUG urllib3.connectionpool: https://stats.bis.org:443 "GET /api/v2/data/dataflow/BIS/WS_EER/1.0/M.R.B.CH?format=csv HTTP/1.1" 200 2532
2026-10-07 04:24:58,435 INFO sdm.collect.base: CH.reer_broad.BIS: 392 obs, 392 new, 0 revised, last 2026-08-31
2026-10-07 04:24:58,657 DEBUG urllib3.connectionpool: https://stats.bis.org:443 "GET /api/v2/data/dataflow/BIS/WS_LONG_CPI/1.0/M.CH.628?format=csv HTTP/1.1" 200 None
2026-10-07 04:24:58,702 INFO sdm.collect.base: CH.cpi_index.BIS: 1268 obs, 1268 new, 0 revised, last 2026-08-31
2026-10-07 04:24:58,883 DEBUG urllib3.connectionpool: https://stats.bis.org:443 "GET /api/v2/data/dataflow/BIS/WS_TC/2.0/Q.CH.G.A.M.770.A?format=csv HTTP/1.1" 200 989
2026-10-07 04:24:58,892 INFO sdm.collect.base: CH.gg_debt_gdp.BIS: 122 obs, 122 new, 0 revised, last 2026-03-31
2026-10-07 04:24:59,297 DEBUG urllib3.connectionpool: https://stats.bis.org:443 "GET /api/v2/data/dataflow/BIS/WS_CBPOL/1.0/M.XM?format=csv HTTP/1.1" 200 2385
2026-10-07 04:24:59,314 INFO sdm.collect.base: EA.policy_rate.BIS: 332 obs, 332 new, 0 revised, last 2026-08-31
2026-10-07 04:24:59,563 DEBUG urllib3.connectionpool: https://stats.bis.org:443 "GET /api/v2/data/dataflow/BIS/WS_CBTA/1.0/M.XM?format=csv HTTP/1.1" 200 None
2026-10-07 04:24:59,605 INFO sdm.collect.base: EA.cb_total_assets_lcu.BIS: 332 obs, 332 new, 0 revised, last 2026-07-31
2026-10-07 04:24:59,781 DEBUG urllib3.connectionpool: https://stats.bis.org:443 "GET /api/v2/data/dataflow/BIS/WS_XRU/1.0/M.XM.EUR.A?format=csv HTTP/1.1" 200 4922
2026-10-07 04:24:59,806 INFO sdm.collect.base: EA.fx_lcu_per_usd.BIS: 627 obs, 627 new, 0 revised, last 2026-08-31
2026-10-07 04:24:59,977 DEBUG urllib3.connectionpool: https://stats.bis.org:443 "GET /api/v2/data/dataflow/BIS/WS_EER/1.0/M.R.B.XM?format=csv HTTP/1.1" 200 2606
2026-10-07 04:24:59,995 INFO sdm.collect.base: EA.reer_broad.BIS: 392 obs, 392 new, 0 revised, last 2026-08-31
2026-10-07 04:25:00,179 DEBUG urllib3.connectionpool: https://stats.bis.org:443 "GET /api/v2/data/dataflow/BIS/WS_LONG_CPI/1.0/M.XM.628?format=csv HTTP/1.1" 200 2539
2026-10-07 04:25:00,198 INFO sdm.collect.base: EA.cpi_index.BIS: 440 obs, 440 new, 0 revised, last 2026-08-31
2026-10-07 04:25:00,364 DEBUG urllib3.connectionpool: https://stats.bis.org:443 "GET /api/v2/data/dataflow/BIS/WS_TC/2.0/Q.XM.G.A.M.770.A?format=csv HTTP/1.1" 200 931
2026-10-07 04:25:00,374 INFO sdm.collect.base: EA.gg_debt_gdp.BIS: 109 obs, 109 new, 0 revised, last 2026-03-31
2026-10-07 04:25:00,562 DEBUG urllib3.connectionpool: https://stats.bis.org:443 "GET /api/v2/data/dataflow/BIS/WS_EER/1.0/M.R.B.DE?format=csv HTTP/1.1" 200 2524
2026-10-07 04:25:00,580 INFO sdm.collect.base: DE.reer_broad.BIS: 392 obs, 392 new, 0 revised, last 2026-08-31
2026-10-07 04:25:00,751 DEBUG urllib3.connectionpool: https://stats.bis.org:443 "GET /api/v2/data/dataflow/BIS/WS_LONG_CPI/1.0/M.DE.628?format=csv HTTP/1.1" 200 6242
2026-10-07 04:25:00,785 INFO sdm.collect.base: DE.cpi_index.BIS: 932 obs, 932 new, 0 revised, last 2026-08-31
2026-10-07 04:25:00,966 DEBUG urllib3.connectionpool: https://stats.bis.org:443 "GET /api/v2/data/dataflow/BIS/WS_TC/2.0/Q.DE.G.A.M.770.A?format=csv HTTP/1.1" 200 936
2026-10-07 04:25:00,975 INFO sdm.collect.base: DE.gg_debt_gdp.BIS: 110 obs, 110 new, 0 revised, last 2026-03-31
2026-10-07 04:25:01,141 DEBUG urllib3.connectionpool: https://stats.bis.org:443 "GET /api/v2/data/dataflow/BIS/WS_EER/1.0/M.R.B.FR?format=csv HTTP/1.1" 200 2470
2026-10-07 04:25:01,159 INFO sdm.collect.base: FR.reer_broad.BIS: 392 obs, 392 new, 0 revised, last 2026-08-31
2026-10-07 04:25:01,336 DEBUG urllib3.connectionpool: https://stats.bis.org:443 "GET /api/v2/data/dataflow/BIS/WS_LONG_CPI/1.0/M.FR.628?format=csv HTTP/1.1" 200 7022
2026-10-07 04:25:01,370 INFO sdm.collect.base: FR.cpi_index.BIS: 908 obs, 908 new, 0 revised, last 2026-08-31
2026-10-07 04:25:01,548 DEBUG urllib3.connectionpool: https://stats.bis.org:443 "GET /api/v2/data/dataflow/BIS/WS_TC/2.0/Q.FR.G.A.M.770.A?format=csv HTTP/1.1" 200 942
2026-10-07 04:25:01,558 INFO sdm.collect.base: FR.gg_debt_gdp.BIS: 110 obs, 110 new, 0 revised, last 2026-03-31
2026-10-07 04:25:01,726 DEBUG urllib3.connectionpool: https://stats.bis.org:443 "GET /api/v2/data/dataflow/BIS/WS_EER/1.0/M.R.B.IT?format=csv HTTP/1.1" 200 2444
2026-10-07 04:25:01,744 INFO sdm.collect.base: IT.reer_broad.BIS: 392 obs, 392 new, 0 revised, last 2026-08-31
2026-10-07 04:25:02,745 DEBUG urllib3.connectionpool: https://stats.bis.org:443 "GET /api/v2/data/dataflow/BIS/WS_LONG_CPI/1.0/M.IT.628?format=csv HTTP/1.1" 200 6932
2026-10-07 04:25:02,782 INFO sdm.collect.base: IT.cpi_index.BIS: 956 obs, 956 new, 0 revised, last 2026-08-31
2026-10-07 04:25:02,961 DEBUG urllib3.connectionpool: https://stats.bis.org:443 "GET /api/v2/data/dataflow/BIS/WS_TC/2.0/Q.IT.G.A.M.770.A?format=csv HTTP/1.1" 200 1051
2026-10-07 04:25:02,971 INFO sdm.collect.base: IT.gg_debt_gdp.BIS: 125 obs, 125 new, 0 revised, last 2026-03-31
2026-10-07 04:25:03,199 DEBUG urllib3.connectionpool: https://stats.bis.org:443 "GET /api/v2/data/dataflow/BIS/WS_EER/1.0/M.R.B.NL?format=csv HTTP/1.1" 200 2520
2026-10-07 04:25:03,217 INFO sdm.collect.base: NL.reer_broad.BIS: 392 obs, 392 new, 0 revised, last 2026-08-31
2026-10-07 04:25:03,391 DEBUG urllib3.connectionpool: https://stats.bis.org:443 "GET /api/v2/data/dataflow/BIS/WS_LONG_CPI/1.0/M.NL.628?format=csv HTTP/1.1" 200 4991
2026-10-07 04:25:03,420 INFO sdm.collect.base: NL.cpi_index.BIS: 739 obs, 739 new, 0 revised, last 2026-07-31
2026-10-07 04:25:03,602 DEBUG urllib3.connectionpool: https://stats.bis.org:443 "GET /api/v2/data/dataflow/BIS/WS_TC/2.0/Q.NL.G.A.M.770.A?format=csv HTTP/1.1" 200 933
2026-10-07 04:25:03,612 INFO sdm.collect.base: NL.gg_debt_gdp.BIS: 110 obs, 110 new, 0 revised, last 2026-03-31
2026-10-07 04:25:03,782 DEBUG urllib3.connectionpool: https://stats.bis.org:443 "GET /api/v2/data/dataflow/BIS/WS_CBPOL/1.0/M.AR?format=csv HTTP/1.1" 200 5142
2026-10-07 04:25:03,803 INFO sdm.collect.base: AR.policy_rate.BIS: 386 obs, 386 new, 0 revised, last 2025-06-30
2026-10-07 04:25:05,035 DEBUG urllib3.connectionpool: https://stats.bis.org:443 "GET /api/v2/data/dataflow/BIS/WS_CBTA/1.0/M.AR?format=csv HTTP/1.1" 200 None
2026-10-07 04:25:05,237 INFO sdm.collect.base: AR.cb_total_assets_lcu.BIS: 343 obs, 343 new, 0 revised, last 2026-07-31
2026-10-07 04:25:05,409 DEBUG urllib3.connectionpool: https://stats.bis.org:443 "GET /api/v2/data/dataflow/BIS/WS_XRU/1.0/M.AR.ARS.A?format=csv HTTP/1.1" 200 7333
2026-10-07 04:25:05,448 INFO sdm.collect.base: AR.fx_lcu_per_usd.BIS: 1040 obs, 1040 new, 0 revised, last 2026-08-31
2026-10-07 04:25:05,618 DEBUG urllib3.connectionpool: https://stats.bis.org:443 "GET /api/v2/data/dataflow/BIS/WS_EER/1.0/M.R.B.AR?format=csv HTTP/1.1" 200 2813
2026-10-07 04:25:05,636 INFO sdm.collect.base: AR.reer_broad.BIS: 392 obs, 392 new, 0 revised, last 2026-08-31
2026-10-07 04:25:05,802 DEBUG urllib3.connectionpool: https://stats.bis.org:443 "GET /api/v2/data/dataflow/BIS/WS_LONG_CPI/1.0/M.AR.628?format=csv HTTP/1.1" 200 None
2026-10-07 04:25:05,838 INFO sdm.collect.base: AR.cpi_index.BIS: 1004 obs, 1004 new, 0 revised, last 2026-08-31
2026-10-07 04:25:06,053 DEBUG urllib3.connectionpool: https://stats.bis.org:443 "GET /api/v2/data/dataflow/BIS/WS_TC/2.0/Q.AR.G.A.M.770.A?format=csv HTTP/1.1" 404 209
2026-10-07 04:25:06,053 WARNING sdm.collect.base: AR.gg_debt_gdp.BIS: FAILED HTTP 404 for https://stats.bis.org/api/v2/data/dataflow/BIS/WS_TC/2.0/Q.AR.G.A.M.770.A?format=csv: <?xml version="1.0" ?>
<message:Error xmlns:xsi="http://www.w3.org/2001/XMLSchema-instance" xmlns:message="http://www.sdmx.org/resources/sdmxml/schemas/v2_1/message" xmlns:com="http://www.sdmx.org/resources/sdmxml/schemas/v2_1/common">
  <message:ErrorMessage code="100">
    <com:Text>No results for
2026-10-07 04:25:06,239 DEBUG urllib3.connectionpool: https://stats.bis.org:443 "GET /api/v2/data/dataflow/BIS/WS_CBPOL/1.0/M.TR?format=csv HTTP/1.1" 200 1942
2026-10-07 04:25:06,256 INFO sdm.collect.base: TR.policy_rate.BIS: 295 obs, 295 new, 0 revised, last 2026-08-31
2026-10-07 04:25:06,448 DEBUG urllib3.connectionpool: https://stats.bis.org:443 "GET /api/v2/data/dataflow/BIS/WS_CBTA/1.0/M.TR?format=csv HTTP/1.1" 200 None
2026-10-07 04:25:06,504 INFO sdm.collect.base: TR.cb_total_assets_lcu.BIS: 487 obs, 487 new, 0 revised, last 2026-07-31
2026-10-07 04:25:06,674 DEBUG urllib3.connectionpool: https://stats.bis.org:443 "GET /api/v2/data/dataflow/BIS/WS_XRU/1.0/M.TR.TRY.A?format=csv HTTP/1.1" 200 7795
2026-10-07 04:25:06,709 INFO sdm.collect.base: TR.fx_lcu_per_usd.BIS: 920 obs, 920 new, 0 revised, last 2026-08-31
2026-10-07 04:25:06,916 DEBUG urllib3.connectionpool: https://stats.bis.org:443 "GET /api/v2/data/dataflow/BIS/WS_EER/1.0/M.R.B.TR?format=csv HTTP/1.1" 200 2688
2026-10-07 04:25:06,934 INFO sdm.collect.base: TR.reer_broad.BIS: 392 obs, 392 new, 0 revised, last 2026-08-31
2026-10-07 04:25:07,121 DEBUG urllib3.connectionpool: https://stats.bis.org:443 "GET /api/v2/data/dataflow/BIS/WS_LONG_CPI/1.0/M.TR.628?format=csv HTTP/1.1" 200 7347
2026-10-07 04:25:07,150 INFO sdm.collect.base: TR.cpi_index.BIS: 752 obs, 752 new, 0 revised, last 2026-08-31
2026-10-07 04:25:07,326 DEBUG urllib3.connectionpool: https://stats.bis.org:443 "GET /api/v2/data/dataflow/BIS/WS_TC/2.0/Q.TR.G.A.M.770.A?format=csv HTTP/1.1" 200 891
2026-10-07 04:25:07,336 INFO sdm.collect.base: TR.gg_debt_gdp.BIS: 101 obs, 101 new, 0 revised, last 2026-03-31
2026-10-07 04:25:07,520 DEBUG urllib3.connectionpool: https://stats.bis.org:443 "GET /api/v2/data/dataflow/BIS/WS_CBPOL/1.0/M.RU?format=csv HTTP/1.1" 200 1868
2026-10-07 04:25:07,539 INFO sdm.collect.base: RU.policy_rate.BIS: 416 obs, 416 new, 0 revised, last 2026-08-31
2026-10-07 04:25:08,094 DEBUG urllib3.connectionpool: https://stats.bis.org:443 "GET /api/v2/data/dataflow/BIS/WS_CBTA/1.0/M.RU?format=csv HTTP/1.1" 404 209
2026-10-07 04:25:08,095 WARNING sdm.collect.base: RU.cb_total_assets_lcu.BIS: FAILED HTTP 404 for https://stats.bis.org/api/v2/data/dataflow/BIS/WS_CBTA/1.0/M.RU?format=csv: <?xml version="1.0" ?>
<message:Error xmlns:xsi="http://www.w3.org/2001/XMLSchema-instance" xmlns:message="http://www.sdmx.org/resources/sdmxml/schemas/v2_1/message" xmlns:com="http://www.sdmx.org/resources/sdmxml/schemas/v2_1/common">
  <message:ErrorMessage code="100">
    <com:Text>No results for
2026-10-07 04:25:08,290 DEBUG urllib3.connectionpool: https://stats.bis.org:443 "GET /api/v2/data/dataflow/BIS/WS_XRU/1.0/M.RU.RUB.A?format=csv HTTP/1.1" 200 3949
2026-10-07 04:25:08,311 INFO sdm.collect.base: RU.fx_lcu_per_usd.BIS: 411 obs, 411 new, 0 revised, last 2026-08-31
2026-10-07 04:25:08,484 DEBUG urllib3.connectionpool: https://stats.bis.org:443 "GET /api/v2/data/dataflow/BIS/WS_EER/1.0/M.R.B.RU?format=csv HTTP/1.1" 200 2643
2026-10-07 04:25:08,503 INFO sdm.collect.base: RU.reer_broad.BIS: 392 obs, 392 new, 0 revised, last 2026-08-31
2026-10-07 04:25:08,686 DEBUG urllib3.connectionpool: https://stats.bis.org:443 "GET /api/v2/data/dataflow/BIS/WS_LONG_CPI/1.0/M.RU.628?format=csv HTTP/1.1" 200 2781
2026-10-07 04:25:08,703 INFO sdm.collect.base: RU.cpi_index.BIS: 308 obs, 308 new, 0 revised, last 2026-08-31
2026-10-07 04:25:08,887 DEBUG urllib3.connectionpool: https://stats.bis.org:443 "GET /api/v2/data/dataflow/BIS/WS_TC/2.0/Q.RU.G.A.M.770.A?format=csv HTTP/1.1" 404 209
2026-10-07 04:25:08,887 WARNING sdm.collect.base: RU.gg_debt_gdp.BIS: FAILED HTTP 404 for https://stats.bis.org/api/v2/data/dataflow/BIS/WS_TC/2.0/Q.RU.G.A.M.770.A?format=csv: <?xml version="1.0" ?>
<message:Error xmlns:xsi="http://www.w3.org/2001/XMLSchema-instance" xmlns:message="http://www.sdmx.org/resources/sdmxml/schemas/v2_1/message" xmlns:com="http://www.sdmx.org/resources/sdmxml/schemas/v2_1/common">
  <message:ErrorMessage code="100">
    <com:Text>No results for
2026-10-07 04:25:09,055 DEBUG urllib3.connectionpool: https://stats.bis.org:443 "GET /api/v2/data/dataflow/BIS/WS_CBPOL/1.0/M.BR?format=csv HTTP/1.1" 200 5037
2026-10-07 04:25:09,079 INFO sdm.collect.base: BR.policy_rate.BIS: 483 obs, 483 new, 0 revised, last 2026-08-31
2026-10-07 04:25:09,265 DEBUG urllib3.connectionpool: https://stats.bis.org:443 "GET /api/v2/data/dataflow/BIS/WS_CBTA/1.0/M.BR?format=csv HTTP/1.1" 200 None
2026-10-07 04:25:09,310 INFO sdm.collect.base: BR.cb_total_assets_lcu.BIS: 384 obs, 384 new, 0 revised, last 2026-06-30
2026-10-07 04:25:09,487 DEBUG urllib3.connectionpool: https://stats.bis.org:443 "GET /api/v2/data/dataflow/BIS/WS_XRU/1.0/M.BR.BRL.A?format=csv HTTP/1.1" 200 7812
2026-10-07 04:25:09,522 INFO sdm.collect.base: BR.fx_lcu_per_usd.BIS: 884 obs, 884 new, 0 revised, last 2026-08-31
2026-10-07 04:25:10,080 DEBUG urllib3.connectionpool: https://stats.bis.org:443 "GET /api/v2/data/dataflow/BIS/WS_EER/1.0/M.R.B.BR?format=csv HTTP/1.1" 200 2689
2026-10-07 04:25:10,099 INFO sdm.collect.base: BR.reer_broad.BIS: 392 obs, 392 new, 0 revised, last 2026-08-31
2026-10-07 04:25:10,276 DEBUG urllib3.connectionpool: https://stats.bis.org:443 "GET /api/v2/data/dataflow/BIS/WS_LONG_CPI/1.0/M.BR.628?format=csv HTTP/1.1" 200 5950
2026-10-07 04:25:10,300 INFO sdm.collect.base: BR.cpi_index.BIS: 560 obs, 560 new, 0 revised, last 2026-08-31
2026-10-07 04:25:10,469 DEBUG urllib3.connectionpool: https://stats.bis.org:443 "GET /api/v2/data/dataflow/BIS/WS_TC/2.0/Q.BR.G.A.M.770.A?format=csv HTTP/1.1" 404 209
2026-10-07 04:25:10,469 WARNING sdm.collect.base: BR.gg_debt_gdp.BIS: FAILED HTTP 404 for https://stats.bis.org/api/v2/data/dataflow/BIS/WS_TC/2.0/Q.BR.G.A.M.770.A?format=csv: <?xml version="1.0" ?>
<message:Error xmlns:xsi="http://www.w3.org/2001/XMLSchema-instance" xmlns:message="http://www.sdmx.org/resources/sdmxml/schemas/v2_1/message" xmlns:com="http://www.sdmx.org/resources/sdmxml/schemas/v2_1/common">
  <message:ErrorMessage code="100">
    <com:Text>No results for
2026-10-07 04:25:10,648 DEBUG urllib3.connectionpool: https://stats.bis.org:443 "GET /api/v2/data/dataflow/BIS/WS_CBPOL/1.0/M.MX?format=csv HTTP/1.1" 200 2270
2026-10-07 04:25:10,666 INFO sdm.collect.base: MX.policy_rate.BIS: 334 obs, 334 new, 0 revised, last 2026-08-31
2026-10-07 04:25:10,860 DEBUG urllib3.connectionpool: https://stats.bis.org:443 "GET /api/v2/data/dataflow/BIS/WS_CBTA/1.0/M.MX?format=csv HTTP/1.1" 200 None
2026-10-07 04:25:11,089 INFO sdm.collect.base: MX.cb_total_assets_lcu.BIS: 595 obs, 595 new, 0 revised, last 2026-07-31
2026-10-07 04:25:12,076 DEBUG urllib3.connectionpool: https://stats.bis.org:443 "GET /api/v2/data/dataflow/BIS/WS_XRU/1.0/M.MX.MXN.A?format=csv HTTP/1.1" 200 5895
2026-10-07 04:25:12,110 INFO sdm.collect.base: MX.fx_lcu_per_usd.BIS: 869 obs, 869 new, 0 revised, last 2026-08-31
2026-10-07 04:25:12,278 DEBUG urllib3.connectionpool: https://stats.bis.org:443 "GET /api/v2/data/dataflow/BIS/WS_EER/1.0/M.R.B.MX?format=csv HTTP/1.1" 200 2661
2026-10-07 04:25:12,297 INFO sdm.collect.base: MX.reer_broad.BIS: 392 obs, 392 new, 0 revised, last 2026-08-31
2026-10-07 04:25:12,468 DEBUG urllib3.connectionpool: https://stats.bis.org:443 "GET /api/v2/data/dataflow/BIS/WS_LONG_CPI/1.0/M.MX.628?format=csv HTTP/1.1" 200 5697
2026-10-07 04:25:12,496 INFO sdm.collect.base: MX.cpi_index.BIS: 692 obs, 692 new, 0 revised, last 2026-08-31
2026-10-07 04:25:12,678 DEBUG urllib3.connectionpool: https://stats.bis.org:443 "GET /api/v2/data/dataflow/BIS/WS_TC/2.0/Q.MX.G.A.M.770.A?format=csv HTTP/1.1" 404 209
2026-10-07 04:25:12,678 WARNING sdm.collect.base: MX.gg_debt_gdp.BIS: FAILED HTTP 404 for https://stats.bis.org/api/v2/data/dataflow/BIS/WS_TC/2.0/Q.MX.G.A.M.770.A?format=csv: <?xml version="1.0" ?>
<message:Error xmlns:xsi="http://www.w3.org/2001/XMLSchema-instance" xmlns:message="http://www.sdmx.org/resources/sdmxml/schemas/v2_1/message" xmlns:com="http://www.sdmx.org/resources/sdmxml/schemas/v2_1/common">
  <message:ErrorMessage code="100">
    <com:Text>No results for
2026-10-07 04:25:12,851 DEBUG urllib3.connectionpool: https://stats.bis.org:443 "GET /api/v2/data/dataflow/BIS/WS_EER/1.0/M.R.B.GR?format=csv HTTP/1.1" 200 2453
2026-10-07 04:25:12,870 INFO sdm.collect.base: GR.reer_broad.BIS: 392 obs, 392 new, 0 revised, last 2026-08-31
2026-10-07 04:25:13,063 DEBUG urllib3.connectionpool: https://stats.bis.org:443 "GET /api/v2/data/dataflow/BIS/WS_LONG_CPI/1.0/M.GR.628?format=csv HTTP/1.1" 200 6165
2026-10-07 04:25:13,095 INFO sdm.collect.base: GR.cpi_index.BIS: 812 obs, 812 new, 0 revised, last 2026-08-31
2026-10-07 04:25:13,276 DEBUG urllib3.connectionpool: https://stats.bis.org:443 "GET /api/v2/data/dataflow/BIS/WS_TC/2.0/Q.GR.G.A.M.770.A?format=csv HTTP/1.1" 200 982
2026-10-07 04:25:13,287 INFO sdm.collect.base: GR.gg_debt_gdp.BIS: 114 obs, 114 new, 0 revised, last 2026-03-31
2026-10-07 04:25:13,460 DEBUG urllib3.connectionpool: https://stats.bis.org:443 "GET /api/v2/data/dataflow/BIS/WS_CBPOL/1.0/M.SE?format=csv HTTP/1.1" 200 4434
2026-10-07 04:25:13,498 INFO sdm.collect.base: SE.policy_rate.BIS: 968 obs, 968 new, 0 revised, last 2026-08-31
2026-10-07 04:25:13,706 DEBUG urllib3.connectionpool: https://stats.bis.org:443 "GET /api/v2/data/dataflow/BIS/WS_CBTA/1.0/M.SE?format=csv HTTP/1.1" 200 None
2026-10-07 04:25:13,750 INFO sdm.collect.base: SE.cb_total_assets_lcu.BIS: 322 obs, 322 new, 0 revised, last 2026-06-30
2026-10-07 04:25:13,923 DEBUG urllib3.connectionpool: https://stats.bis.org:443 "GET /api/v2/data/dataflow/BIS/WS_XRU/1.0/M.SE.SEK.A?format=csv HTTP/1.1" 200 7120
2026-10-07 04:25:13,958 INFO sdm.collect.base: SE.fx_lcu_per_usd.BIS: 876 obs, 876 new, 0 revised, last 2026-08-31
2026-10-07 04:25:14,137 DEBUG urllib3.connectionpool: https://stats.bis.org:443 "GET /api/v2/data/dataflow/BIS/WS_EER/1.0/M.R.B.SE?format=csv HTTP/1.1" 200 2589
2026-10-07 04:25:14,157 INFO sdm.collect.base: SE.reer_broad.BIS: 392 obs, 392 new, 0 revised, last 2026-08-31
2026-10-07 04:25:14,330 DEBUG urllib3.connectionpool: https://stats.bis.org:443 "GET /api/v2/data/dataflow/BIS/WS_LONG_CPI/1.0/M.SE.628?format=csv HTTP/1.1" 200 None
2026-10-07 04:25:14,378 INFO sdm.collect.base: SE.cpi_index.BIS: 1012 obs, 1012 new, 0 revised, last 2026-08-31
2026-10-07 04:25:14,553 DEBUG urllib3.connectionpool: https://stats.bis.org:443 "GET /api/v2/data/dataflow/BIS/WS_TC/2.0/Q.SE.G.A.M.770.A?format=csv HTTP/1.1" 200 994
2026-10-07 04:25:14,565 INFO sdm.collect.base: SE.gg_debt_gdp.BIS: 121 obs, 121 new, 0 revised, last 2026-03-31
2026-10-07 04:25:14,878 INFO sdm.collect.registry: == imf_datamapper
2026-10-07 04:25:14,890 DEBUG urllib3.connectionpool: Starting new HTTPS connection (1): www.imf.org:443
2026-10-07 04:25:15,458 DEBUG urllib3.connectionpool: https://www.imf.org:443 "GET /external/datamapper/api/v1/GGXWDG_NGDP/USA HTTP/1.1" 200 27701
2026-10-07 04:25:15,471 INFO sdm.collect.base: US.gg_debt_gdp.IMF_WEO: 25 obs, 25 new, 0 revised, last 2025-12-31
2026-10-07 04:25:15,785 DEBUG urllib3.connectionpool: https://www.imf.org:443 "GET /external/datamapper/api/v1/GGXONLB_NGDP/USA HTTP/1.1" 200 4267
2026-10-07 04:25:15,795 WARNING sdm.collect.base: US.gg_primary_balance_gdp.IMF_WEO: FAILED no values for GGXONLB_NGDP/USA: keys=[]
2026-10-07 04:25:16,509 DEBUG urllib3.connectionpool: https://www.imf.org:443 "GET /external/datamapper/api/v1/GGXCNL_NGDP/USA HTTP/1.1" 200 24807
2026-10-07 04:25:16,520 INFO sdm.collect.base: US.gg_net_lending_gdp.IMF_WEO: 25 obs, 25 new, 0 revised, last 2025-12-31
2026-10-07 04:25:16,906 DEBUG urllib3.connectionpool: https://www.imf.org:443 "GET /external/datamapper/api/v1/GGR_NGDP/USA HTTP/1.1" 200 4267
2026-10-07 04:25:16,907 WARNING sdm.collect.base: US.gg_revenue_gdp.IMF_WEO: FAILED no values for GGR_NGDP/USA: keys=[]
2026-10-07 04:25:17,403 DEBUG urllib3.connectionpool: https://www.imf.org:443 "GET /external/datamapper/api/v1/NGDP_RPCH/USA HTTP/1.1" 200 29883
2026-10-07 04:25:17,415 INFO sdm.collect.base: US.rgdp_growth.IMF_WEO: 46 obs, 46 new, 0 revised, last 2025-12-31
2026-10-07 04:25:17,919 DEBUG urllib3.connectionpool: https://www.imf.org:443 "GET /external/datamapper/api/v1/PCPIPCH/USA HTTP/1.1" 200 30247
2026-10-07 04:25:17,930 INFO sdm.collect.base: US.cpi_yoy.IMF_WEO: 46 obs, 46 new, 0 revised, last 2025-12-31
2026-10-07 04:25:18,412 DEBUG urllib3.connectionpool: https://www.imf.org:443 "GET /external/datamapper/api/v1/ie/USA HTTP/1.1" 200 None
2026-10-07 04:25:18,429 INFO sdm.collect.base: US.gg_interest_gdp.IMF_WEO: 96 obs, 96 new, 0 revised, last 2024-12-31
2026-10-07 04:25:18,779 DEBUG urllib3.connectionpool: https://www.imf.org:443 "GET /external/datamapper/api/v1/GGXWDG_NGDP/GBR HTTP/1.1" 200 27701
2026-10-07 04:25:18,789 INFO sdm.collect.base: GB.gg_debt_gdp.IMF_WEO: 46 obs, 46 new, 0 revised, last 2025-12-31
2026-10-07 04:25:19,146 DEBUG urllib3.connectionpool: https://www.imf.org:443 "GET /external/datamapper/api/v1/GGXONLB_NGDP/GBR HTTP/1.1" 200 4267
2026-10-07 04:25:19,146 WARNING sdm.collect.base: GB.gg_primary_balance_gdp.IMF_WEO: FAILED no values for GGXONLB_NGDP/GBR: keys=[]
2026-10-07 04:25:19,458 DEBUG urllib3.connectionpool: https://www.imf.org:443 "GET /external/datamapper/api/v1/GGXCNL_NGDP/GBR HTTP/1.1" 200 24807
2026-10-07 04:25:19,468 INFO sdm.collect.base: GB.gg_net_lending_gdp.IMF_WEO: 46 obs, 46 new, 0 revised, last 2025-12-31
2026-10-07 04:25:19,725 DEBUG urllib3.connectionpool: https://www.imf.org:443 "GET /external/datamapper/api/v1/GGR_NGDP/GBR HTTP/1.1" 200 4267
2026-10-07 04:25:19,726 WARNING sdm.collect.base: GB.gg_revenue_gdp.IMF_WEO: FAILED no values for GGR_NGDP/GBR: keys=[]
2026-10-07 04:25:20,083 DEBUG urllib3.connectionpool: https://www.imf.org:443 "GET /external/datamapper/api/v1/NGDP_RPCH/GBR HTTP/1.1" 200 29883
2026-10-07 04:25:20,095 INFO sdm.collect.base: GB.rgdp_growth.IMF_WEO: 46 obs, 46 new, 0 revised, last 2025-12-31
2026-10-07 04:25:20,635 DEBUG urllib3.connectionpool: https://www.imf.org:443 "GET /external/datamapper/api/v1/PCPIPCH/GBR HTTP/1.1" 200 30247
2026-10-07 04:25:20,646 INFO sdm.collect.base: GB.cpi_yoy.IMF_WEO: 46 obs, 46 new, 0 revised, last 2025-12-31
2026-10-07 04:25:21,181 DEBUG urllib3.connectionpool: https://www.imf.org:443 "GET /external/datamapper/api/v1/ie/GBR HTTP/1.1" 200 None
2026-10-07 04:25:21,200 INFO sdm.collect.base: GB.gg_interest_gdp.IMF_WEO: 225 obs, 225 new, 0 revised, last 2024-12-31
2026-10-07 04:25:21,557 DEBUG urllib3.connectionpool: https://www.imf.org:443 "GET /external/datamapper/api/v1/GGXWDG_NGDP/JPN HTTP/1.1" 200 27701
2026-10-07 04:25:21,568 INFO sdm.collect.base: JP.gg_debt_gdp.IMF_WEO: 46 obs, 46 new, 0 revised, last 2025-12-31
2026-10-07 04:25:21,836 DEBUG urllib3.connectionpool: https://www.imf.org:443 "GET /external/datamapper/api/v1/GGXONLB_NGDP/JPN HTTP/1.1" 200 4267
2026-10-07 04:25:21,837 WARNING sdm.collect.base: JP.gg_primary_balance_gdp.IMF_WEO: FAILED no values for GGXONLB_NGDP/JPN: keys=[]
2026-10-07 04:25:22,184 DEBUG urllib3.connectionpool: https://www.imf.org:443 "GET /external/datamapper/api/v1/GGXCNL_NGDP/JPN HTTP/1.1" 200 24807
2026-10-07 04:25:22,193 INFO sdm.collect.base: JP.gg_net_lending_gdp.IMF_WEO: 46 obs, 46 new, 0 revised, last 2025-12-31
2026-10-07 04:25:22,537 DEBUG urllib3.connectionpool: https://www.imf.org:443 "GET /external/datamapper/api/v1/GGR_NGDP/JPN HTTP/1.1" 200 4267
2026-10-07 04:25:22,538 WARNING sdm.collect.base: JP.gg_revenue_gdp.IMF_WEO: FAILED no values for GGR_NGDP/JPN: keys=[]
2026-10-07 04:25:23,920 DEBUG urllib3.connectionpool: https://www.imf.org:443 "GET /external/datamapper/api/v1/NGDP_RPCH/JPN HTTP/1.1" 200 29883
2026-10-07 04:25:23,932 INFO sdm.collect.base: JP.rgdp_growth.IMF_WEO: 46 obs, 46 new, 0 revised, last 2025-12-31
2026-10-07 04:25:24,607 DEBUG urllib3.connectionpool: https://www.imf.org:443 "GET /external/datamapper/api/v1/PCPIPCH/JPN HTTP/1.1" 200 30247
2026-10-07 04:25:24,618 INFO sdm.collect.base: JP.cpi_yoy.IMF_WEO: 46 obs, 46 new, 0 revised, last 2025-12-31
2026-10-07 04:25:25,710 DEBUG urllib3.connectionpool: https://www.imf.org:443 "GET /external/datamapper/api/v1/ie/JPN HTTP/1.1" 200 None
2026-10-07 04:25:25,984 INFO sdm.collect.base: JP.gg_interest_gdp.IMF_WEO: 147 obs, 147 new, 0 revised, last 2024-12-31
2026-10-07 04:25:27,230 DEBUG urllib3.connectionpool: https://www.imf.org:443 "GET /external/datamapper/api/v1/GGXWDG_NGDP/AUS HTTP/1.1" 200 27701
2026-10-07 04:25:27,239 INFO sdm.collect.base: AU.gg_debt_gdp.IMF_WEO: 37 obs, 37 new, 0 revised, last 2025-12-31
2026-10-07 04:25:28,377 DEBUG urllib3.connectionpool: https://www.imf.org:443 "GET /external/datamapper/api/v1/GGXONLB_NGDP/AUS HTTP/1.1" 200 4267
2026-10-07 04:25:28,378 WARNING sdm.collect.base: AU.gg_primary_balance_gdp.IMF_WEO: FAILED no values for GGXONLB_NGDP/AUS: keys=[]
2026-10-07 04:25:29,416 DEBUG urllib3.connectionpool: https://www.imf.org:443 "GET /external/datamapper/api/v1/GGXCNL_NGDP/AUS HTTP/1.1" 200 24807
2026-10-07 04:25:29,426 INFO sdm.collect.base: AU.gg_net_lending_gdp.IMF_WEO: 38 obs, 38 new, 0 revised, last 2025-12-31
2026-10-07 04:25:30,035 DEBUG urllib3.connectionpool: https://www.imf.org:443 "GET /external/datamapper/api/v1/GGR_NGDP/AUS HTTP/1.1" 200 4267
2026-10-07 04:25:30,036 WARNING sdm.collect.base: AU.gg_revenue_gdp.IMF_WEO: FAILED no values for GGR_NGDP/AUS: keys=[]
2026-10-07 04:25:31,565 DEBUG urllib3.connectionpool: https://www.imf.org:443 "GET /external/datamapper/api/v1/NGDP_RPCH/AUS HTTP/1.1" 200 29883
2026-10-07 04:25:31,577 INFO sdm.collect.base: AU.rgdp_growth.IMF_WEO: 46 obs, 46 new, 0 revised, last 2025-12-31
2026-10-07 04:25:32,057 DEBUG urllib3.connectionpool: https://www.imf.org:443 "GET /external/datamapper/api/v1/PCPIPCH/AUS HTTP/1.1" 200 30247
2026-10-07 04:25:32,068 INFO sdm.collect.base: AU.cpi_yoy.IMF_WEO: 46 obs, 46 new, 0 revised, last 2025-12-31
2026-10-07 04:25:32,763 DEBUG urllib3.connectionpool: https://www.imf.org:443 "GET /external/datamapper/api/v1/ie/AUS HTTP/1.1" 200 None
2026-10-07 04:25:32,782 INFO sdm.collect.base: AU.gg_interest_gdp.IMF_WEO: 112 obs, 112 new, 0 revised, last 2024-12-31
2026-10-07 04:25:33,182 DEBUG urllib3.connectionpool: https://www.imf.org:443 "GET /external/datamapper/api/v1/GGXWDG_NGDP/CAN HTTP/1.1" 200 27701
2026-10-07 04:25:33,192 INFO sdm.collect.base: CA.gg_debt_gdp.IMF_WEO: 46 obs, 46 new, 0 revised, last 2025-12-31
2026-10-07 04:25:33,478 DEBUG urllib3.connectionpool: https://www.imf.org:443 "GET /external/datamapper/api/v1/GGXONLB_NGDP/CAN HTTP/1.1" 200 4267
2026-10-07 04:25:33,479 WARNING sdm.collect.base: CA.gg_primary_balance_gdp.IMF_WEO: FAILED no values for GGXONLB_NGDP/CAN: keys=[]
2026-10-07 04:25:33,798 DEBUG urllib3.connectionpool: https://www.imf.org:443 "GET /external/datamapper/api/v1/GGXCNL_NGDP/CAN HTTP/1.1" 200 24807
2026-10-07 04:25:33,808 INFO sdm.collect.base: CA.gg_net_lending_gdp.IMF_WEO: 46 obs, 46 new, 0 revised, last 2025-12-31
2026-10-07 04:25:34,260 DEBUG urllib3.connectionpool: https://www.imf.org:443 "GET /external/datamapper/api/v1/GGR_NGDP/CAN HTTP/1.1" 200 4267
2026-10-07 04:25:34,260 WARNING sdm.collect.base: CA.gg_revenue_gdp.IMF_WEO: FAILED no values for GGR_NGDP/CAN: keys=[]
2026-10-07 04:25:35,822 DEBUG urllib3.connectionpool: https://www.imf.org:443 "GET /external/datamapper/api/v1/NGDP_RPCH/CAN HTTP/1.1" 200 29883
2026-10-07 04:25:35,835 INFO sdm.collect.base: CA.rgdp_growth.IMF_WEO: 46 obs, 46 new, 0 revised, last 2025-12-31
2026-10-07 04:25:37,478 DEBUG urllib3.connectionpool: https://www.imf.org:443 "GET /external/datamapper/api/v1/PCPIPCH/CAN HTTP/1.1" 200 30247
2026-10-07 04:25:37,489 INFO sdm.collect.base: CA.cpi_yoy.IMF_WEO: 46 obs, 46 new, 0 revised, last 2025-12-31
2026-10-07 04:25:37,926 DEBUG urllib3.connectionpool: https://www.imf.org:443 "GET /external/datamapper/api/v1/ie/CAN HTTP/1.1" 200 None
2026-10-07 04:25:38,064 INFO sdm.collect.base: CA.gg_interest_gdp.IMF_WEO: 155 obs, 155 new, 0 revised, last 2024-12-31
2026-10-07 04:25:38,544 DEBUG urllib3.connectionpool: https://www.imf.org:443 "GET /external/datamapper/api/v1/GGXWDG_NGDP/CHE HTTP/1.1" 200 27701
2026-10-07 04:25:38,554 INFO sdm.collect.base: CH.gg_debt_gdp.IMF_WEO: 36 obs, 36 new, 0 revised, last 2025-12-31
2026-10-07 04:25:38,819 DEBUG urllib3.connectionpool: https://www.imf.org:443 "GET /external/datamapper/api/v1/GGXONLB_NGDP/CHE HTTP/1.1" 200 4267
2026-10-07 04:25:38,820 WARNING sdm.collect.base: CH.gg_primary_balance_gdp.IMF_WEO: FAILED no values for GGXONLB_NGDP/CHE: keys=[]
2026-10-07 04:25:39,216 DEBUG urllib3.connectionpool: https://www.imf.org:443 "GET /external/datamapper/api/v1/GGXCNL_NGDP/CHE HTTP/1.1" 200 24807
2026-10-07 04:25:39,225 INFO sdm.collect.base: CH.gg_net_lending_gdp.IMF_WEO: 43 obs, 43 new, 0 revised, last 2025-12-31
2026-10-07 04:25:39,552 DEBUG urllib3.connectionpool: https://www.imf.org:443 "GET /external/datamapper/api/v1/GGR_NGDP/CHE HTTP/1.1" 200 4267
2026-10-07 04:25:39,553 WARNING sdm.collect.base: CH.gg_revenue_gdp.IMF_WEO: FAILED no values for GGR_NGDP/CHE: keys=[]
2026-10-07 04:25:40,083 DEBUG urllib3.connectionpool: https://www.imf.org:443 "GET /external/datamapper/api/v1/NGDP_RPCH/CHE HTTP/1.1" 200 29883
2026-10-07 04:25:40,094 INFO sdm.collect.base: CH.rgdp_growth.IMF_WEO: 46 obs, 46 new, 0 revised, last 2025-12-31
2026-10-07 04:25:40,654 DEBUG urllib3.connectionpool: https://www.imf.org:443 "GET /external/datamapper/api/v1/PCPIPCH/CHE HTTP/1.1" 200 30247
2026-10-07 04:25:40,666 INFO sdm.collect.base: CH.cpi_yoy.IMF_WEO: 46 obs, 46 new, 0 revised, last 2025-12-31
2026-10-07 04:25:41,157 DEBUG urllib3.connectionpool: https://www.imf.org:443 "GET /external/datamapper/api/v1/ie/CHE HTTP/1.1" 200 None
2026-10-07 04:25:41,173 INFO sdm.collect.base: CH.gg_interest_gdp.IMF_WEO: 111 obs, 111 new, 0 revised, last 2024-12-31
2026-10-07 04:25:41,503 DEBUG urllib3.connectionpool: https://www.imf.org:443 "GET /external/datamapper/api/v1/GGXWDG_NGDP/EURO HTTP/1.1" 200 27701
2026-10-07 04:25:41,513 INFO sdm.collect.base: EA.gg_debt_gdp.IMF_WEO: 31 obs, 31 new, 0 revised, last 2025-12-31
2026-10-07 04:25:41,863 DEBUG urllib3.connectionpool: https://www.imf.org:443 "GET /external/datamapper/api/v1/GGXONLB_NGDP/EURO HTTP/1.1" 200 4267
2026-10-07 04:25:41,864 WARNING sdm.collect.base: EA.gg_primary_balance_gdp.IMF_WEO: FAILED no values for GGXONLB_NGDP/EURO: keys=[]
2026-10-07 04:25:42,735 DEBUG urllib3.connectionpool: https://www.imf.org:443 "GET /external/datamapper/api/v1/GGXCNL_NGDP/EURO HTTP/1.1" 200 24807
2026-10-07 04:25:42,746 INFO sdm.collect.base: EA.gg_net_lending_gdp.IMF_WEO: 35 obs, 35 new, 0 revised, last 2025-12-31
2026-10-07 04:25:43,198 DEBUG urllib3.connectionpool: https://www.imf.org:443 "GET /external/datamapper/api/v1/GGR_NGDP/EURO HTTP/1.1" 200 4267
2026-10-07 04:25:43,199 WARNING sdm.collect.base: EA.gg_revenue_gdp.IMF_WEO: FAILED no values for GGR_NGDP/EURO: keys=[]
2026-10-07 04:25:43,527 DEBUG urllib3.connectionpool: https://www.imf.org:443 "GET /external/datamapper/api/v1/NGDP_RPCH/EURO HTTP/1.1" 200 29883
2026-10-07 04:25:43,538 INFO sdm.collect.base: EA.rgdp_growth.IMF_WEO: 34 obs, 34 new, 0 revised, last 2025-12-31
2026-10-07 04:25:43,980 DEBUG urllib3.connectionpool: https://www.imf.org:443 "GET /external/datamapper/api/v1/PCPIPCH/EURO HTTP/1.1" 200 30247
2026-10-07 04:25:43,992 INFO sdm.collect.base: EA.cpi_yoy.IMF_WEO: 35 obs, 35 new, 0 revised, last 2025-12-31
2026-10-07 04:25:44,411 DEBUG urllib3.connectionpool: https://www.imf.org:443 "GET /external/datamapper/api/v1/ie/EURO HTTP/1.1" 200 None
2026-10-07 04:25:44,443 WARNING sdm.collect.base: EA.gg_interest_gdp.IMF_WEO: FAILED no values for ie/EURO: keys=['USA', 'GBR', 'AUT', 'BEL', 'DNK']
2026-10-07 04:25:44,945 DEBUG urllib3.connectionpool: https://www.imf.org:443 "GET /external/datamapper/api/v1/GGXWDG_NGDP/DEU HTTP/1.1" 200 27701
2026-10-07 04:25:44,955 INFO sdm.collect.base: DE.gg_debt_gdp.IMF_WEO: 35 obs, 35 new, 0 revised, last 2025-12-31
2026-10-07 04:25:45,223 DEBUG urllib3.connectionpool: https://www.imf.org:443 "GET /external/datamapper/api/v1/GGXONLB_NGDP/DEU HTTP/1.1" 200 4267
2026-10-07 04:25:45,223 WARNING sdm.collect.base: DE.gg_primary_balance_gdp.IMF_WEO: FAILED no values for GGXONLB_NGDP/DEU: keys=[]
2026-10-07 04:25:45,592 DEBUG urllib3.connectionpool: https://www.imf.org:443 "GET /external/datamapper/api/v1/GGXCNL_NGDP/DEU HTTP/1.1" 200 24807
2026-10-07 04:25:45,602 INFO sdm.collect.base: DE.gg_net_lending_gdp.IMF_WEO: 35 obs, 35 new, 0 revised, last 2025-12-31
2026-10-07 04:25:45,934 DEBUG urllib3.connectionpool: https://www.imf.org:443 "GET /external/datamapper/api/v1/GGR_NGDP/DEU HTTP/1.1" 200 4267
2026-10-07 04:25:45,935 WARNING sdm.collect.base: DE.gg_revenue_gdp.IMF_WEO: FAILED no values for GGR_NGDP/DEU: keys=[]
2026-10-07 04:25:46,388 DEBUG urllib3.connectionpool: https://www.imf.org:443 "GET /external/datamapper/api/v1/NGDP_RPCH/DEU HTTP/1.1" 200 29883
2026-10-07 04:25:46,399 INFO sdm.collect.base: DE.rgdp_growth.IMF_WEO: 46 obs, 46 new, 0 revised, last 2025-12-31
2026-10-07 04:25:46,757 DEBUG urllib3.connectionpool: https://www.imf.org:443 "GET /external/datamapper/api/v1/PCPIPCH/DEU HTTP/1.1" 200 30247
2026-10-07 04:25:46,768 INFO sdm.collect.base: DE.cpi_yoy.IMF_WEO: 46 obs, 46 new, 0 revised, last 2025-12-31
2026-10-07 04:25:47,336 DEBUG urllib3.connectionpool: https://www.imf.org:443 "GET /external/datamapper/api/v1/ie/DEU HTTP/1.1" 200 None
2026-10-07 04:25:47,353 INFO sdm.collect.base: DE.gg_interest_gdp.IMF_WEO: 119 obs, 119 new, 0 revised, last 2024-12-31
2026-10-07 04:25:47,916 DEBUG urllib3.connectionpool: https://www.imf.org:443 "GET /external/datamapper/api/v1/GGXWDG_NGDP/FRA HTTP/1.1" 200 27701
2026-10-07 04:25:47,926 INFO sdm.collect.base: FR.gg_debt_gdp.IMF_WEO: 46 obs, 46 new, 0 revised, last 2025-12-31
2026-10-07 04:25:48,474 DEBUG urllib3.connectionpool: https://www.imf.org:443 "GET /external/datamapper/api/v1/GGXONLB_NGDP/FRA HTTP/1.1" 200 4267
2026-10-07 04:25:48,475 WARNING sdm.collect.base: FR.gg_primary_balance_gdp.IMF_WEO: FAILED no values for GGXONLB_NGDP/FRA: keys=[]
2026-10-07 04:25:48,849 DEBUG urllib3.connectionpool: https://www.imf.org:443 "GET /external/datamapper/api/v1/GGXCNL_NGDP/FRA HTTP/1.1" 200 24807
2026-10-07 04:25:48,859 INFO sdm.collect.base: FR.gg_net_lending_gdp.IMF_WEO: 46 obs, 46 new, 0 revised, last 2025-12-31
2026-10-07 04:25:49,239 DEBUG urllib3.connectionpool: https://www.imf.org:443 "GET /external/datamapper/api/v1/GGR_NGDP/FRA HTTP/1.1" 200 4267
2026-10-07 04:25:49,240 WARNING sdm.collect.base: FR.gg_revenue_gdp.IMF_WEO: FAILED no values for GGR_NGDP/FRA: keys=[]
2026-10-07 04:25:49,593 DEBUG urllib3.connectionpool: https://www.imf.org:443 "GET /external/datamapper/api/v1/NGDP_RPCH/FRA HTTP/1.1" 200 29883
2026-10-07 04:25:49,604 INFO sdm.collect.base: FR.rgdp_growth.IMF_WEO: 46 obs, 46 new, 0 revised, last 2025-12-31
2026-10-07 04:25:50,113 DEBUG urllib3.connectionpool: https://www.imf.org:443 "GET /external/datamapper/api/v1/PCPIPCH/FRA HTTP/1.1" 200 30247
2026-10-07 04:25:50,124 INFO sdm.collect.base: FR.cpi_yoy.IMF_WEO: 46 obs, 46 new, 0 revised, last 2025-12-31
2026-10-07 04:25:50,694 DEBUG urllib3.connectionpool: https://www.imf.org:443 "GET /external/datamapper/api/v1/ie/FRA HTTP/1.1" 200 None
2026-10-07 04:25:50,711 INFO sdm.collect.base: FR.gg_interest_gdp.IMF_WEO: 127 obs, 127 new, 0 revised, last 2024-12-31
2026-10-07 04:25:51,190 DEBUG urllib3.connectionpool: https://www.imf.org:443 "GET /external/datamapper/api/v1/GGXWDG_NGDP/ITA HTTP/1.1" 200 27701
2026-10-07 04:25:51,200 INFO sdm.collect.base: IT.gg_debt_gdp.IMF_WEO: 38 obs, 38 new, 0 revised, last 2025-12-31
2026-10-07 04:25:51,489 DEBUG urllib3.connectionpool: https://www.imf.org:443 "GET /external/datamapper/api/v1/GGXONLB_NGDP/ITA HTTP/1.1" 200 4267
2026-10-07 04:25:51,490 WARNING sdm.collect.base: IT.gg_primary_balance_gdp.IMF_WEO: FAILED no values for GGXONLB_NGDP/ITA: keys=[]
2026-10-07 04:25:51,889 DEBUG urllib3.connectionpool: https://www.imf.org:443 "GET /external/datamapper/api/v1/GGXCNL_NGDP/ITA HTTP/1.1" 200 24807
2026-10-07 04:25:51,899 INFO sdm.collect.base: IT.gg_net_lending_gdp.IMF_WEO: 38 obs, 38 new, 0 revised, last 2025-12-31
2026-10-07 04:25:52,222 DEBUG urllib3.connectionpool: https://www.imf.org:443 "GET /external/datamapper/api/v1/GGR_NGDP/ITA HTTP/1.1" 200 4267
2026-10-07 04:25:52,223 WARNING sdm.collect.base: IT.gg_revenue_gdp.IMF_WEO: FAILED no values for GGR_NGDP/ITA: keys=[]
2026-10-07 04:25:52,826 DEBUG urllib3.connectionpool: https://www.imf.org:443 "GET /external/datamapper/api/v1/NGDP_RPCH/ITA HTTP/1.1" 200 29883
2026-10-07 04:25:52,838 INFO sdm.collect.base: IT.rgdp_growth.IMF_WEO: 46 obs, 46 new, 0 revised, last 2025-12-31
2026-10-07 04:25:53,553 DEBUG urllib3.connectionpool: https://www.imf.org:443 "GET /external/datamapper/api/v1/PCPIPCH/ITA HTTP/1.1" 200 30247
2026-10-07 04:25:53,565 INFO sdm.collect.base: IT.cpi_yoy.IMF_WEO: 46 obs, 46 new, 0 revised, last 2025-12-31
2026-10-07 04:25:54,163 DEBUG urllib3.connectionpool: https://www.imf.org:443 "GET /external/datamapper/api/v1/ie/ITA HTTP/1.1" 200 None
2026-10-07 04:25:54,181 INFO sdm.collect.base: IT.gg_interest_gdp.IMF_WEO: 163 obs, 163 new, 0 revised, last 2024-12-31
2026-10-07 04:25:54,817 DEBUG urllib3.connectionpool: https://www.imf.org:443 "GET /external/datamapper/api/v1/GGXWDG_NGDP/NLD HTTP/1.1" 200 27701
2026-10-07 04:25:54,827 INFO sdm.collect.base: NL.gg_debt_gdp.IMF_WEO: 46 obs, 46 new, 0 revised, last 2025-12-31
2026-10-07 04:25:55,130 DEBUG urllib3.connectionpool: https://www.imf.org:443 "GET /external/datamapper/api/v1/GGXONLB_NGDP/NLD HTTP/1.1" 200 4267
2026-10-07 04:25:55,130 WARNING sdm.collect.base: NL.gg_primary_balance_gdp.IMF_WEO: FAILED no values for GGXONLB_NGDP/NLD: keys=[]
2026-10-07 04:25:55,799 DEBUG urllib3.connectionpool: https://www.imf.org:443 "GET /external/datamapper/api/v1/GGXCNL_NGDP/NLD HTTP/1.1" 200 24807
2026-10-07 04:25:55,809 INFO sdm.collect.base: NL.gg_net_lending_gdp.IMF_WEO: 46 obs, 46 new, 0 revised, last 2025-12-31
2026-10-07 04:25:56,120 DEBUG urllib3.connectionpool: https://www.imf.org:443 "GET /external/datamapper/api/v1/GGR_NGDP/NLD HTTP/1.1" 200 4267
2026-10-07 04:25:56,121 WARNING sdm.collect.base: NL.gg_revenue_gdp.IMF_WEO: FAILED no values for GGR_NGDP/NLD: keys=[]
2026-10-07 04:25:56,989 DEBUG urllib3.connectionpool: https://www.imf.org:443 "GET /external/datamapper/api/v1/NGDP_RPCH/NLD HTTP/1.1" 200 29883
2026-10-07 04:25:57,000 INFO sdm.collect.base: NL.rgdp_growth.IMF_WEO: 45 obs, 45 new, 0 revised, last 2025-12-31
2026-10-07 04:25:57,458 DEBUG urllib3.connectionpool: https://www.imf.org:443 "GET /external/datamapper/api/v1/PCPIPCH/NLD HTTP/1.1" 200 30247
2026-10-07 04:25:57,470 INFO sdm.collect.base: NL.cpi_yoy.IMF_WEO: 45 obs, 45 new, 0 revised, last 2025-12-31
2026-10-07 04:25:58,297 DEBUG urllib3.connectionpool: https://www.imf.org:443 "GET /external/datamapper/api/v1/ie/NLD HTTP/1.1" 200 None
2026-10-07 04:25:58,394 INFO sdm.collect.base: NL.gg_interest_gdp.IMF_WEO: 136 obs, 136 new, 0 revised, last 2024-12-31
2026-10-07 04:25:59,351 DEBUG urllib3.connectionpool: https://www.imf.org:443 "GET /external/datamapper/api/v1/GGXWDG_NGDP/ARG HTTP/1.1" 200 27701
2026-10-07 04:25:59,360 INFO sdm.collect.base: AR.gg_debt_gdp.IMF_WEO: 34 obs, 34 new, 0 revised, last 2025-12-31
2026-10-07 04:25:59,631 DEBUG urllib3.connectionpool: https://www.imf.org:443 "GET /external/datamapper/api/v1/GGXONLB_NGDP/ARG HTTP/1.1" 200 4267
2026-10-07 04:25:59,632 WARNING sdm.collect.base: AR.gg_primary_balance_gdp.IMF_WEO: FAILED no values for GGXONLB_NGDP/ARG: keys=[]
2026-10-07 04:26:00,325 DEBUG urllib3.connectionpool: https://www.imf.org:443 "GET /external/datamapper/api/v1/GGXCNL_NGDP/ARG HTTP/1.1" 200 24807
2026-10-07 04:26:00,335 INFO sdm.collect.base: AR.gg_net_lending_gdp.IMF_WEO: 33 obs, 33 new, 0 revised, last 2025-12-31
2026-10-07 04:26:01,135 DEBUG urllib3.connectionpool: https://www.imf.org:443 "GET /external/datamapper/api/v1/GGR_NGDP/ARG HTTP/1.1" 200 4267
2026-10-07 04:26:01,136 WARNING sdm.collect.base: AR.gg_revenue_gdp.IMF_WEO: FAILED no values for GGR_NGDP/ARG: keys=[]
2026-10-07 04:26:01,801 DEBUG urllib3.connectionpool: https://www.imf.org:443 "GET /external/datamapper/api/v1/NGDP_RPCH/ARG HTTP/1.1" 200 29883
2026-10-07 04:26:01,812 INFO sdm.collect.base: AR.rgdp_growth.IMF_WEO: 46 obs, 46 new, 0 revised, last 2025-12-31
2026-10-07 04:26:02,467 DEBUG urllib3.connectionpool: https://www.imf.org:443 "GET /external/datamapper/api/v1/PCPIPCH/ARG HTTP/1.1" 200 30247
2026-10-07 04:26:02,478 INFO sdm.collect.base: AR.cpi_yoy.IMF_WEO: 25 obs, 25 new, 0 revised, last 2025-12-31
2026-10-07 04:26:03,093 DEBUG urllib3.connectionpool: https://www.imf.org:443 "GET /external/datamapper/api/v1/ie/ARG HTTP/1.1" 200 None
2026-10-07 04:26:03,110 INFO sdm.collect.base: AR.gg_interest_gdp.IMF_WEO: 160 obs, 160 new, 0 revised, last 2024-12-31
2026-10-07 04:26:03,742 DEBUG urllib3.connectionpool: https://www.imf.org:443 "GET /external/datamapper/api/v1/GGXWDG_NGDP/TUR HTTP/1.1" 200 27701
2026-10-07 04:26:03,751 INFO sdm.collect.base: TR.gg_debt_gdp.IMF_WEO: 26 obs, 26 new, 0 revised, last 2025-12-31
2026-10-07 04:26:04,062 DEBUG urllib3.connectionpool: https://www.imf.org:443 "GET /external/datamapper/api/v1/GGXONLB_NGDP/TUR HTTP/1.1" 200 4267
2026-10-07 04:26:04,063 WARNING sdm.collect.base: TR.gg_primary_balance_gdp.IMF_WEO: FAILED no values for GGXONLB_NGDP/TUR: keys=[]
2026-10-07 04:26:04,711 DEBUG urllib3.connectionpool: https://www.imf.org:443 "GET /external/datamapper/api/v1/GGXCNL_NGDP/TUR HTTP/1.1" 200 24807
2026-10-07 04:26:04,721 INFO sdm.collect.base: TR.gg_net_lending_gdp.IMF_WEO: 26 obs, 26 new, 0 revised, last 2025-12-31
2026-10-07 04:26:05,123 DEBUG urllib3.connectionpool: https://www.imf.org:443 "GET /external/datamapper/api/v1/GGR_NGDP/TUR HTTP/1.1" 200 4267
2026-10-07 04:26:05,124 WARNING sdm.collect.base: TR.gg_revenue_gdp.IMF_WEO: FAILED no values for GGR_NGDP/TUR: keys=[]
2026-10-07 04:26:05,902 DEBUG urllib3.connectionpool: https://www.imf.org:443 "GET /external/datamapper/api/v1/NGDP_RPCH/TUR HTTP/1.1" 200 29883
2026-10-07 04:26:05,914 INFO sdm.collect.base: TR.rgdp_growth.IMF_WEO: 46 obs, 46 new, 0 revised, last 2025-12-31
2026-10-07 04:26:06,498 DEBUG urllib3.connectionpool: https://www.imf.org:443 "GET /external/datamapper/api/v1/PCPIPCH/TUR HTTP/1.1" 200 30247
2026-10-07 04:26:06,509 INFO sdm.collect.base: TR.cpi_yoy.IMF_WEO: 46 obs, 46 new, 0 revised, last 2025-12-31
2026-10-07 04:26:07,204 DEBUG urllib3.connectionpool: https://www.imf.org:443 "GET /external/datamapper/api/v1/ie/TUR HTTP/1.1" 200 None
2026-10-07 04:26:07,276 INFO sdm.collect.base: TR.gg_interest_gdp.IMF_WEO: 55 obs, 55 new, 0 revised, last 2024-12-31
2026-10-07 04:26:08,115 DEBUG urllib3.connectionpool: https://www.imf.org:443 "GET /external/datamapper/api/v1/GGXWDG_NGDP/RUS HTTP/1.1" 200 27701
2026-10-07 04:26:08,125 INFO sdm.collect.base: RU.gg_debt_gdp.IMF_WEO: 29 obs, 29 new, 0 revised, last 2025-12-31
2026-10-07 04:26:08,519 DEBUG urllib3.connectionpool: https://www.imf.org:443 "GET /external/datamapper/api/v1/GGXONLB_NGDP/RUS HTTP/1.1" 200 4267
2026-10-07 04:26:08,520 WARNING sdm.collect.base: RU.gg_primary_balance_gdp.IMF_WEO: FAILED no values for GGXONLB_NGDP/RUS: keys=[]
2026-10-07 04:26:09,079 DEBUG urllib3.connectionpool: https://www.imf.org:443 "GET /external/datamapper/api/v1/GGXCNL_NGDP/RUS HTTP/1.1" 200 24807
2026-10-07 04:26:09,089 INFO sdm.collect.base: RU.gg_net_lending_gdp.IMF_WEO: 28 obs, 28 new, 0 revised, last 2025-12-31
2026-10-07 04:26:09,426 DEBUG urllib3.connectionpool: https://www.imf.org:443 "GET /external/datamapper/api/v1/GGR_NGDP/RUS HTTP/1.1" 200 4267
2026-10-07 04:26:09,426 WARNING sdm.collect.base: RU.gg_revenue_gdp.IMF_WEO: FAILED no values for GGR_NGDP/RUS: keys=[]
2026-10-07 04:26:09,901 DEBUG urllib3.connectionpool: https://www.imf.org:443 "GET /external/datamapper/api/v1/NGDP_RPCH/RUS HTTP/1.1" 200 29883
2026-10-07 04:26:09,913 INFO sdm.collect.base: RU.rgdp_growth.IMF_WEO: 33 obs, 33 new, 0 revised, last 2025-12-31
2026-10-07 04:26:10,317 DEBUG urllib3.connectionpool: https://www.imf.org:443 "GET /external/datamapper/api/v1/PCPIPCH/RUS HTTP/1.1" 200 30247
2026-10-07 04:26:10,329 INFO sdm.collect.base: RU.cpi_yoy.IMF_WEO: 36 obs, 36 new, 0 revised, last 2025-12-31
2026-10-07 04:26:10,875 DEBUG urllib3.connectionpool: https://www.imf.org:443 "GET /external/datamapper/api/v1/ie/RUS HTTP/1.1" 200 None
2026-10-07 04:26:10,915 INFO sdm.collect.base: RU.gg_interest_gdp.IMF_WEO: 60 obs, 60 new, 0 revised, last 2024-12-31
2026-10-07 04:26:11,454 DEBUG urllib3.connectionpool: https://www.imf.org:443 "GET /external/datamapper/api/v1/GGXWDG_NGDP/BRA HTTP/1.1" 200 27701
2026-10-07 04:26:11,463 INFO sdm.collect.base: BR.gg_debt_gdp.IMF_WEO: 26 obs, 26 new, 0 revised, last 2025-12-31
2026-10-07 04:26:11,773 DEBUG urllib3.connectionpool: https://www.imf.org:443 "GET /external/datamapper/api/v1/GGXONLB_NGDP/BRA HTTP/1.1" 200 4267
2026-10-07 04:26:11,774 WARNING sdm.collect.base: BR.gg_primary_balance_gdp.IMF_WEO: FAILED no values for GGXONLB_NGDP/BRA: keys=[]
2026-10-07 04:26:12,123 DEBUG urllib3.connectionpool: https://www.imf.org:443 "GET /external/datamapper/api/v1/GGXCNL_NGDP/BRA HTTP/1.1" 200 24807
2026-10-07 04:26:12,133 INFO sdm.collect.base: BR.gg_net_lending_gdp.IMF_WEO: 25 obs, 25 new, 0 revised, last 2025-12-31
2026-10-07 04:26:12,456 DEBUG urllib3.connectionpool: https://www.imf.org:443 "GET /external/datamapper/api/v1/GGR_NGDP/BRA HTTP/1.1" 200 4267
2026-10-07 04:26:12,457 WARNING sdm.collect.base: BR.gg_revenue_gdp.IMF_WEO: FAILED no values for GGR_NGDP/BRA: keys=[]
2026-10-07 04:26:12,800 DEBUG urllib3.connectionpool: https://www.imf.org:443 "GET /external/datamapper/api/v1/NGDP_RPCH/BRA HTTP/1.1" 200 29883
2026-10-07 04:26:12,812 INFO sdm.collect.base: BR.rgdp_growth.IMF_WEO: 46 obs, 46 new, 0 revised, last 2025-12-31
2026-10-07 04:26:13,675 DEBUG urllib3.connectionpool: https://www.imf.org:443 "GET /external/datamapper/api/v1/PCPIPCH/BRA HTTP/1.1" 200 30247
2026-10-07 04:26:13,687 INFO sdm.collect.base: BR.cpi_yoy.IMF_WEO: 46 obs, 46 new, 0 revised, last 2025-12-31
2026-10-07 04:26:14,177 DEBUG urllib3.connectionpool: https://www.imf.org:443 "GET /external/datamapper/api/v1/ie/BRA HTTP/1.1" 200 None
2026-10-07 04:26:14,215 INFO sdm.collect.base: BR.gg_interest_gdp.IMF_WEO: 95 obs, 95 new, 0 revised, last 2024-12-31
2026-10-07 04:26:14,847 DEBUG urllib3.connectionpool: https://www.imf.org:443 "GET /external/datamapper/api/v1/GGXWDG_NGDP/MEX HTTP/1.1" 200 27701
2026-10-07 04:26:14,857 INFO sdm.collect.base: MX.gg_debt_gdp.IMF_WEO: 30 obs, 30 new, 0 revised, last 2025-12-31
2026-10-07 04:26:15,150 DEBUG urllib3.connectionpool: https://www.imf.org:443 "GET /external/datamapper/api/v1/GGXONLB_NGDP/MEX HTTP/1.1" 200 4267
2026-10-07 04:26:15,151 WARNING sdm.collect.base: MX.gg_primary_balance_gdp.IMF_WEO: FAILED no values for GGXONLB_NGDP/MEX: keys=[]
2026-10-07 04:26:15,916 DEBUG urllib3.connectionpool: https://www.imf.org:443 "GET /external/datamapper/api/v1/GGXCNL_NGDP/MEX HTTP/1.1" 200 24807
2026-10-07 04:26:15,926 INFO sdm.collect.base: MX.gg_net_lending_gdp.IMF_WEO: 36 obs, 36 new, 0 revised, last 2025-12-31
2026-10-07 04:26:16,306 DEBUG urllib3.connectionpool: https://www.imf.org:443 "GET /external/datamapper/api/v1/GGR_NGDP/MEX HTTP/1.1" 200 4267
2026-10-07 04:26:16,306 WARNING sdm.collect.base: MX.gg_revenue_gdp.IMF_WEO: FAILED no values for GGR_NGDP/MEX: keys=[]
2026-10-07 04:26:16,968 DEBUG urllib3.connectionpool: https://www.imf.org:443 "GET /external/datamapper/api/v1/NGDP_RPCH/MEX HTTP/1.1" 200 29883
2026-10-07 04:26:16,980 INFO sdm.collect.base: MX.rgdp_growth.IMF_WEO: 46 obs, 46 new, 0 revised, last 2025-12-31
2026-10-07 04:26:17,391 DEBUG urllib3.connectionpool: https://www.imf.org:443 "GET /external/datamapper/api/v1/PCPIPCH/MEX HTTP/1.1" 200 30247
2026-10-07 04:26:17,402 INFO sdm.collect.base: MX.cpi_yoy.IMF_WEO: 46 obs, 46 new, 0 revised, last 2025-12-31
2026-10-07 04:26:18,107 DEBUG urllib3.connectionpool: https://www.imf.org:443 "GET /external/datamapper/api/v1/ie/MEX HTTP/1.1" 200 None
2026-10-07 04:26:18,126 INFO sdm.collect.base: MX.gg_interest_gdp.IMF_WEO: 100 obs, 100 new, 0 revised, last 2024-12-31
2026-10-07 04:26:18,469 DEBUG urllib3.connectionpool: https://www.imf.org:443 "GET /external/datamapper/api/v1/GGXWDG_NGDP/GRC HTTP/1.1" 200 27701
2026-10-07 04:26:18,479 INFO sdm.collect.base: GR.gg_debt_gdp.IMF_WEO: 46 obs, 46 new, 0 revised, last 2025-12-31
2026-10-07 04:26:18,930 DEBUG urllib3.connectionpool: https://www.imf.org:443 "GET /external/datamapper/api/v1/GGXONLB_NGDP/GRC HTTP/1.1" 200 4267
2026-10-07 04:26:18,931 WARNING sdm.collect.base: GR.gg_primary_balance_gdp.IMF_WEO: FAILED no values for GGXONLB_NGDP/GRC: keys=[]
2026-10-07 04:26:19,395 DEBUG urllib3.connectionpool: https://www.imf.org:443 "GET /external/datamapper/api/v1/GGXCNL_NGDP/GRC HTTP/1.1" 200 24807
2026-10-07 04:26:19,405 INFO sdm.collect.base: GR.gg_net_lending_gdp.IMF_WEO: 46 obs, 46 new, 0 revised, last 2025-12-31
2026-10-07 04:26:19,831 DEBUG urllib3.connectionpool: https://www.imf.org:443 "GET /external/datamapper/api/v1/GGR_NGDP/GRC HTTP/1.1" 200 4267
2026-10-07 04:26:19,832 WARNING sdm.collect.base: GR.gg_revenue_gdp.IMF_WEO: FAILED no values for GGR_NGDP/GRC: keys=[]
2026-10-07 04:26:20,372 DEBUG urllib3.connectionpool: https://www.imf.org:443 "GET /external/datamapper/api/v1/NGDP_RPCH/GRC HTTP/1.1" 200 29883
2026-10-07 04:26:20,384 INFO sdm.collect.base: GR.rgdp_growth.IMF_WEO: 46 obs, 46 new, 0 revised, last 2025-12-31
2026-10-07 04:26:20,852 DEBUG urllib3.connectionpool: https://www.imf.org:443 "GET /external/datamapper/api/v1/PCPIPCH/GRC HTTP/1.1" 200 30247
2026-10-07 04:26:20,864 INFO sdm.collect.base: GR.cpi_yoy.IMF_WEO: 46 obs, 46 new, 0 revised, last 2025-12-31
2026-10-07 04:26:21,363 DEBUG urllib3.connectionpool: https://www.imf.org:443 "GET /external/datamapper/api/v1/ie/GRC HTTP/1.1" 200 None
2026-10-07 04:26:21,382 INFO sdm.collect.base: GR.gg_interest_gdp.IMF_WEO: 122 obs, 122 new, 0 revised, last 2024-12-31
2026-10-07 04:26:21,868 DEBUG urllib3.connectionpool: https://www.imf.org:443 "GET /external/datamapper/api/v1/GGXWDG_NGDP/SWE HTTP/1.1" 200 27701
2026-10-07 04:26:21,878 INFO sdm.collect.base: SE.gg_debt_gdp.IMF_WEO: 33 obs, 33 new, 0 revised, last 2025-12-31
2026-10-07 04:26:24,685 DEBUG urllib3.connectionpool: https://www.imf.org:443 "GET /external/datamapper/api/v1/GGXONLB_NGDP/SWE HTTP/1.1" 200 4267
2026-10-07 04:26:24,685 WARNING sdm.collect.base: SE.gg_primary_balance_gdp.IMF_WEO: FAILED no values for GGXONLB_NGDP/SWE: keys=[]
2026-10-07 04:26:25,045 DEBUG urllib3.connectionpool: https://www.imf.org:443 "GET /external/datamapper/api/v1/GGXCNL_NGDP/SWE HTTP/1.1" 200 24807
2026-10-07 04:26:25,055 INFO sdm.collect.base: SE.gg_net_lending_gdp.IMF_WEO: 46 obs, 46 new, 0 revised, last 2025-12-31
2026-10-07 04:26:25,600 DEBUG urllib3.connectionpool: https://www.imf.org:443 "GET /external/datamapper/api/v1/GGR_NGDP/SWE HTTP/1.1" 200 4267
2026-10-07 04:26:25,601 WARNING sdm.collect.base: SE.gg_revenue_gdp.IMF_WEO: FAILED no values for GGR_NGDP/SWE: keys=[]
2026-10-07 04:26:26,167 DEBUG urllib3.connectionpool: https://www.imf.org:443 "GET /external/datamapper/api/v1/NGDP_RPCH/SWE HTTP/1.1" 200 29883
2026-10-07 04:26:26,178 INFO sdm.collect.base: SE.rgdp_growth.IMF_WEO: 46 obs, 46 new, 0 revised, last 2025-12-31
2026-10-07 04:26:26,972 DEBUG urllib3.connectionpool: https://www.imf.org:443 "GET /external/datamapper/api/v1/PCPIPCH/SWE HTTP/1.1" 200 30247
2026-10-07 04:26:26,984 INFO sdm.collect.base: SE.cpi_yoy.IMF_WEO: 46 obs, 46 new, 0 revised, last 2025-12-31
2026-10-07 04:26:27,895 DEBUG urllib3.connectionpool: https://www.imf.org:443 "GET /external/datamapper/api/v1/ie/SWE HTTP/1.1" 200 None
2026-10-07 04:26:27,921 INFO sdm.collect.base: SE.gg_interest_gdp.IMF_WEO: 225 obs, 225 new, 0 revised, last 2024-12-31
2026-10-07 04:26:27,980 INFO sdm.collect.registry: == fred
2026-10-07 04:26:27,981 DEBUG urllib3.connectionpool: Starting new HTTPS connection (1): fred.stlouisfed.org:443
2026-10-07 04:26:28,550 DEBUG urllib3.connectionpool: https://fred.stlouisfed.org:443 "GET /graph/fredgraph.csv?id=DGS10 HTTP/1.1" 200 268951
2026-10-07 04:26:28,573 INFO sdm.collect.base: US.yield_10y.FRED: 16175 obs, 16175 new, 0 revised, last 2026-10-05
2026-10-07 04:26:28,601 DEBUG urllib3.connectionpool: https://fred.stlouisfed.org:443 "GET /graph/fredgraph.csv?id=DGS2 HTTP/1.1" 200 209124
2026-10-07 04:26:28,615 INFO sdm.collect.base: US.yield_2y.FRED: 12583 obs, 12583 new, 0 revised, last 2026-10-05
2026-10-07 04:26:28,625 DEBUG urllib3.connectionpool: https://fred.stlouisfed.org:443 "GET /graph/fredgraph.csv?id=DGS3MO HTTP/1.1" 200 186675
2026-10-07 04:26:28,638 INFO sdm.collect.base: US.yield_3m.FRED: 11273 obs, 11273 new, 0 revised, last 2026-10-05
2026-10-07 04:26:28,648 DEBUG urllib3.connectionpool: https://fred.stlouisfed.org:443 "GET /graph/fredgraph.csv?id=DGS30 HTTP/1.1" 200 206545
2026-10-07 04:26:28,662 INFO sdm.collect.base: US.yield_30y.FRED: 12405 obs, 12405 new, 0 revised, last 2026-10-05
2026-10-07 04:26:28,671 DEBUG urllib3.connectionpool: https://fred.stlouisfed.org:443 "GET /graph/fredgraph.csv?id=DFII10 HTTP/1.1" 200 99131
2026-10-07 04:26:28,682 INFO sdm.collect.base: US.real_yield_10y.FRED: 5944 obs, 5944 new, 0 revised, last 2026-10-05
2026-10-07 04:26:28,713 DEBUG urllib3.connectionpool: https://fred.stlouisfed.org:443 "GET /graph/fredgraph.csv?id=T10YIE HTTP/1.1" 200 98192
2026-10-07 04:26:28,725 INFO sdm.collect.base: US.breakeven_10y.FRED: 5945 obs, 5945 new, 0 revised, last 2026-10-06
2026-10-07 04:26:28,766 DEBUG urllib3.connectionpool: https://fred.stlouisfed.org:443 "GET /graph/fredgraph.csv?id=THREEFYTP10 HTTP/1.1" 200 171331
2026-10-07 04:26:28,782 INFO sdm.collect.base: US.term_premium_10y.FRED: 9175 obs, 9175 new, 0 revised, last 2026-10-02
2026-10-07 04:26:28,808 DEBUG urllib3.connectionpool: https://fred.stlouisfed.org:443 "GET /graph/fredgraph.csv?id=CPIAUCSL HTTP/1.1" 200 17744
2026-10-07 04:26:28,817 INFO sdm.collect.base: US.cpi_index.FRED: 955 obs, 955 new, 0 revised, last 2026-08-01
2026-10-07 04:26:29,040 DEBUG urllib3.connectionpool: https://fred.stlouisfed.org:443 "GET /graph/fredgraph.csv?id=FDHBFRBN HTTP/1.1" 200 4354
2026-10-07 04:26:29,050 INFO sdm.collect.base: US.cb_gov_holdings_lcu.FRED: 226 obs, 226 new, 0 revised, last 2026-04-01
2026-10-07 04:26:29,089 DEBUG urllib3.connectionpool: https://fred.stlouisfed.org:443 "GET /graph/fredgraph.csv?id=FDHBFIN HTTP/1.1" 200 3935
2026-10-07 04:26:29,098 INFO sdm.collect.base: US.foreign_gov_holdings_lcu.FRED: 225 obs, 225 new, 0 revised, last 2026-01-01
2026-10-07 04:26:29,146 DEBUG urllib3.connectionpool: https://fred.stlouisfed.org:443 "GET /graph/fredgraph.csv?id=FYGFDPUN HTTP/1.1" 200 6558
2026-10-07 04:26:29,155 INFO sdm.collect.base: US.cg_debt_lcu.FRED: 225 obs, 225 new, 0 revised, last 2026-01-01
2026-10-07 04:26:29,195 DEBUG urllib3.connectionpool: https://fred.stlouisfed.org:443 "GET /graph/fredgraph.csv?id=GFDEGDQ188S HTTP/1.1" 200 4899
2026-10-07 04:26:29,204 INFO sdm.collect.base: US.gg_debt_gdp.FRED: 241 obs, 241 new, 0 revised, last 2026-01-01
2026-10-07 04:26:29,287 DEBUG urllib3.connectionpool: https://fred.stlouisfed.org:443 "GET /graph/fredgraph.csv?id=GDP HTTP/1.1" 200 6398
2026-10-07 04:26:29,297 INFO sdm.collect.base: US.ngdp_lcu.FRED: 318 obs, 318 new, 0 revised, last 2026-04-01
2026-10-07 04:26:29,321 DEBUG urllib3.connectionpool: https://fred.stlouisfed.org:443 "GET /graph/fredgraph.csv?id=A091RC1Q027SBEA HTTP/1.1" 200 5909
2026-10-07 04:26:29,330 INFO sdm.collect.base: US.cg_interest_lcu.FRED: 318 obs, 318 new, 0 revised, last 2026-04-01
2026-10-07 04:26:29,362 DEBUG urllib3.connectionpool: https://fred.stlouisfed.org:443 "GET /graph/fredgraph.csv?id=FGRECPT HTTP/1.1" 200 6157
2026-10-07 04:26:29,371 INFO sdm.collect.base: US.cg_receipts_lcu.FRED: 318 obs, 318 new, 0 revised, last 2026-04-01
2026-10-07 04:26:29,381 DEBUG urllib3.connectionpool: https://fred.stlouisfed.org:443 "GET /graph/fredgraph.csv?id=FGEXPND HTTP/1.1" 200 6172
2026-10-07 04:26:29,390 INFO sdm.collect.base: US.cg_outlays_lcu.FRED: 318 obs, 318 new, 0 revised, last 2026-04-01
2026-10-07 04:26:29,611 DEBUG urllib3.connectionpool: https://fred.stlouisfed.org:443 "GET /graph/fredgraph.csv?id=BOGZ1FL194090005Q HTTP/1.1" 200 3157
2026-10-07 04:26:29,620 INFO sdm.collect.base: US.household_fin_assets_lcu.FRED: 155 obs, 155 new, 0 revised, last 2026-04-01
2026-10-07 04:26:29,860 DEBUG urllib3.connectionpool: https://fred.stlouisfed.org:443 "GET /graph/fredgraph.csv?id=IIPUSNETIQ HTTP/1.1" 200 1698
2026-10-07 04:26:29,870 INFO sdm.collect.base: US.niip_gdp.FRED: 82 obs, 82 new, 0 revised, last 2026-04-01
2026-10-07 04:26:29,915 DEBUG urllib3.connectionpool: https://fred.stlouisfed.org:443 "GET /graph/fredgraph.csv?id=DEXUSUK HTTP/1.1" 200 258451
2026-10-07 04:26:29,936 INFO sdm.collect.base: GB.fx_lcu_per_usd.FRED: 13981 obs, 13981 new, 0 revised, last 2026-10-02
2026-10-07 04:26:29,974 DEBUG urllib3.connectionpool: https://fred.stlouisfed.org:443 "GET /graph/fredgraph.csv?id=DEXJPUS HTTP/1.1" 200 256901
2026-10-07 04:26:29,995 INFO sdm.collect.base: JP.fx_lcu_per_usd.FRED: 13975 obs, 13975 new, 0 revised, last 2026-10-02
2026-10-07 04:26:30,027 DEBUG urllib3.connectionpool: https://fred.stlouisfed.org:443 "GET /graph/fredgraph.csv?id=DEXUSAL HTTP/1.1" 200 258409
2026-10-07 04:26:30,049 INFO sdm.collect.base: AU.fx_lcu_per_usd.FRED: 13974 obs, 13974 new, 0 revised, last 2026-10-02
2026-10-07 04:26:30,084 DEBUG urllib3.connectionpool: https://fred.stlouisfed.org:443 "GET /graph/fredgraph.csv?id=DEXCAUS HTTP/1.1" 200 258487
2026-10-07 04:26:30,107 INFO sdm.collect.base: CA.fx_lcu_per_usd.FRED: 13987 obs, 13987 new, 0 revised, last 2026-10-02
2026-10-07 04:26:30,142 DEBUG urllib3.connectionpool: https://fred.stlouisfed.org:443 "GET /graph/fredgraph.csv?id=DEXSZUS HTTP/1.1" 200 258451
2026-10-07 04:26:30,166 INFO sdm.collect.base: CH.fx_lcu_per_usd.FRED: 13981 obs, 13981 new, 0 revised, last 2026-10-02
2026-10-07 04:26:30,192 DEBUG urllib3.connectionpool: https://fred.stlouisfed.org:443 "GET /graph/fredgraph.csv?id=DEXUSEU HTTP/1.1" 200 128665
2026-10-07 04:26:30,212 INFO sdm.collect.base: EA.fx_lcu_per_usd.FRED: 6960 obs, 6960 new, 0 revised, last 2026-10-02
2026-10-07 04:26:30,250 DEBUG urllib3.connectionpool: https://fred.stlouisfed.org:443 "GET /graph/fredgraph.csv?id=DEXBZUS HTTP/1.1" 200 147229
2026-10-07 04:26:30,271 INFO sdm.collect.base: BR.fx_lcu_per_usd.FRED: 7964 obs, 7964 new, 0 revised, last 2026-10-02
2026-10-07 04:26:30,304 DEBUG urllib3.connectionpool: https://fred.stlouisfed.org:443 "GET /graph/fredgraph.csv?id=DEXMXUS HTTP/1.1" 200 158629
2026-10-07 04:26:30,325 INFO sdm.collect.base: MX.fx_lcu_per_usd.FRED: 8249 obs, 8249 new, 0 revised, last 2026-10-02
2026-10-07 04:26:30,355 DEBUG urllib3.connectionpool: https://fred.stlouisfed.org:443 "GET /graph/fredgraph.csv?id=DEXSDUS HTTP/1.1" 200 259502
2026-10-07 04:26:30,381 INFO sdm.collect.base: SE.fx_lcu_per_usd.FRED: 13980 obs, 13980 new, 0 revised, last 2026-10-02
2026-10-07 04:26:30,410 DEBUG urllib3.connectionpool: https://fred.stlouisfed.org:443 "GET /graph/fredgraph.csv?id=ECBASSETSW HTTP/1.1" 200 40213
2026-10-07 04:26:30,428 INFO sdm.collect.base: EA.cb_total_assets_lcu.FRED: 1448 obs, 1448 new, 0 revised, last 2026-09-25
2026-10-07 04:26:30,619 DEBUG urllib3.connectionpool: https://fred.stlouisfed.org:443 "GET /graph/fredgraph.csv?id=JPNASSETS HTTP/1.1" 200 6477
2026-10-07 04:26:30,636 INFO sdm.collect.base: JP.cb_total_assets_lcu.FRED: 341 obs, 341 new, 0 revised, last 2026-08-01
2026-10-07 04:26:30,806 DEBUG urllib3.connectionpool: https://fred.stlouisfed.org:443 "GET /graph/fredgraph.csv?id=UKNGDP HTTP/1.1" 200 5004
2026-10-07 04:26:30,823 INFO sdm.collect.base: GB.ngdp_lcu.FRED: 286 obs, 286 new, 0 revised, last 2026-04-01
2026-10-07 04:26:31,001 DEBUG urllib3.connectionpool: https://fred.stlouisfed.org:443 "GET /graph/fredgraph.csv?id=JPNNGDP HTTP/1.1" 200 2625
2026-10-07 04:26:31,018 INFO sdm.collect.base: JP.ngdp_lcu.FRED: 130 obs, 130 new, 0 revised, last 2026-04-01
2026-10-07 04:26:31,195 DEBUG urllib3.connectionpool: https://fred.stlouisfed.org:443 "GET /graph/fredgraph.csv?id=IRLTLT01GBM156N HTTP/1.1" 200 14623
2026-10-07 04:26:31,213 INFO sdm.collect.base: GB.yield_10y.FRED: 800 obs, 800 new, 0 revised, last 2026-08-01
2026-10-07 04:26:31,239 DEBUG urllib3.connectionpool: https://fred.stlouisfed.org:443 "GET /graph/fredgraph.csv?id=IRLTLT01JPM156N HTTP/1.1" 200 7741
2026-10-07 04:26:31,256 INFO sdm.collect.base: JP.yield_10y.FRED: 452 obs, 452 new, 0 revised, last 2026-08-01
2026-10-07 04:26:31,535 DEBUG urllib3.connectionpool: https://fred.stlouisfed.org:443 "GET /graph/fredgraph.csv?id=IRLTLT01AUM156N HTTP/1.1" 200 19421
2026-10-07 04:26:31,553 INFO sdm.collect.base: AU.yield_10y.FRED: 686 obs, 686 new, 0 revised, last 2026-08-01
2026-10-07 04:26:31,807 DEBUG urllib3.connectionpool: https://fred.stlouisfed.org:443 "GET /graph/fredgraph.csv?id=IRLTLT01CAM156N HTTP/1.1" 200 25074
2026-10-07 04:26:31,825 INFO sdm.collect.base: CA.yield_10y.FRED: 860 obs, 860 new, 0 revised, last 2026-08-01
2026-10-07 04:26:32,029 DEBUG urllib3.connectionpool: https://fred.stlouisfed.org:443 "GET /graph/fredgraph.csv?id=IRLTLT01CHM156N HTTP/1.1" 200 14725
2026-10-07 04:26:32,046 INFO sdm.collect.base: CH.yield_10y.FRED: 860 obs, 860 new, 0 revised, last 2026-08-01
2026-10-07 04:26:32,076 DEBUG urllib3.connectionpool: https://fred.stlouisfed.org:443 "GET /graph/fredgraph.csv?id=IRLTLT01EZM156N HTTP/1.1" 200 20359
2026-10-07 04:26:32,094 INFO sdm.collect.base: EA.yield_10y.FRED: 673 obs, 673 new, 0 revised, last 2026-01-01
2026-10-07 04:26:32,279 DEBUG urllib3.connectionpool: https://fred.stlouisfed.org:443 "GET /graph/fredgraph.csv?id=IRLTLT01DEM156N HTTP/1.1" 200 24564
2026-10-07 04:26:32,297 INFO sdm.collect.base: DE.yield_10y.FRED: 844 obs, 844 new, 0 revised, last 2026-08-01
2026-10-07 04:26:32,500 DEBUG urllib3.connectionpool: https://fred.stlouisfed.org:443 "GET /graph/fredgraph.csv?id=IRLTLT01FRM156N HTTP/1.1" 200 13001
2026-10-07 04:26:32,517 INFO sdm.collect.base: FR.yield_10y.FRED: 800 obs, 800 new, 0 revised, last 2026-08-01
2026-10-07 04:26:32,718 DEBUG urllib3.connectionpool: https://fred.stlouisfed.org:443 "GET /graph/fredgraph.csv?id=IRLTLT01ITM156N HTTP/1.1" 200 8179
2026-10-07 04:26:32,737 INFO sdm.collect.base: IT.yield_10y.FRED: 426 obs, 426 new, 0 revised, last 2026-08-01
2026-10-07 04:26:32,953 DEBUG urllib3.connectionpool: https://fred.stlouisfed.org:443 "GET /graph/fredgraph.csv?id=IRLTLT01NLM156N HTTP/1.1" 200 13903
2026-10-07 04:26:32,971 INFO sdm.collect.base: NL.yield_10y.FRED: 812 obs, 812 new, 0 revised, last 2026-08-01
2026-10-07 04:26:33,234 DEBUG urllib3.connectionpool: https://fred.stlouisfed.org:443 "GET /graph/fredgraph.csv?id=IRLTLT01GRM156N HTTP/1.1" 200 5692
2026-10-07 04:26:33,252 INFO sdm.collect.base: GR.yield_10y.FRED: 350 obs, 350 new, 0 revised, last 2026-08-01
2026-10-07 04:26:33,458 DEBUG urllib3.connectionpool: https://fred.stlouisfed.org:443 "GET /graph/fredgraph.csv?id=IRLTLT01SEM156N HTTP/1.1" 200 10142
2026-10-07 04:26:33,476 INFO sdm.collect.base: SE.yield_10y.FRED: 477 obs, 477 new, 0 revised, last 2026-08-01
2026-10-07 04:26:33,666 DEBUG urllib3.connectionpool: https://fred.stlouisfed.org:443 "GET /graph/fredgraph.csv?id=IRLTLT01MXM156N HTTP/1.1" 200 4626
2026-10-07 04:26:33,684 INFO sdm.collect.base: MX.yield_10y.FRED: 236 obs, 236 new, 0 revised, last 2026-08-01
2026-10-07 04:26:33,869 DEBUG urllib3.connectionpool: https://fred.stlouisfed.org:443 "GET /graph/fredgraph.csv?id=IRLTLT01RUM156N HTTP/1.1" 200 3856
2026-10-07 04:26:33,887 INFO sdm.collect.base: RU.yield_10y.FRED: 234 obs, 234 new, 0 revised, last 2018-06-01
2026-10-07 04:26:34,207 DEBUG urllib3.connectionpool: https://fred.stlouisfed.org:443 "GET /graph/fredgraph.csv?id=GBRGDPNQDSMEI HTTP/1.1" 200 7808
2026-10-07 04:26:34,237 INFO sdm.collect.base: GB.ngdp_lcu.FRED: 255 obs, 0 new, 255 revised, last 2023-07-01
2026-10-07 04:26:34,420 DEBUG urllib3.connectionpool: https://fred.stlouisfed.org:443 "GET /graph/fredgraph.csv?id=JPNGDPNQDSMEI HTTP/1.1" 200 3601
2026-10-07 04:26:34,449 INFO sdm.collect.base: JP.ngdp_lcu.FRED: 119 obs, 0 new, 119 revised, last 2023-07-01
2026-10-07 04:26:34,631 DEBUG urllib3.connectionpool: https://fred.stlouisfed.org:443 "GET /graph/fredgraph.csv?id=AUSGDPNQDSMEI HTTP/1.1" 200 7773
2026-10-07 04:26:34,648 INFO sdm.collect.base: AU.ngdp_lcu.FRED: 255 obs, 255 new, 0 revised, last 2023-07-01
2026-10-07 04:26:35,011 DEBUG urllib3.connectionpool: https://fred.stlouisfed.org:443 "GET /graph/fredgraph.csv?id=CANGDPNQDSMEI HTTP/1.1" 200 7724
2026-10-07 04:26:35,028 INFO sdm.collect.base: CA.ngdp_lcu.FRED: 251 obs, 251 new, 0 revised, last 2023-07-01
2026-10-07 04:26:35,457 DEBUG urllib3.connectionpool: https://fred.stlouisfed.org:443 "GET /graph/fredgraph.csv?id=CHEGDPNQDSMEI HTTP/1.1" 200 5228
2026-10-07 04:26:35,474 INFO sdm.collect.base: CH.ngdp_lcu.FRED: 175 obs, 175 new, 0 revised, last 2023-07-01
2026-10-07 04:26:35,667 DEBUG urllib3.connectionpool: https://fred.stlouisfed.org:443 "GET /graph/fredgraph.csv?id=DEUGDPNQDSMEI HTTP/1.1" 200 6483
2026-10-07 04:26:35,685 INFO sdm.collect.base: DE.ngdp_lcu.FRED: 215 obs, 215 new, 0 revised, last 2023-07-01
2026-10-07 04:26:36,283 INFO sdm.collect.registry: == fiscaldata
2026-10-07 04:26:36,285 DEBUG urllib3.connectionpool: Starting new HTTPS connection (1): api.fiscaldata.treasury.gov:443
2026-10-07 04:26:36,885 DEBUG urllib3.connectionpool: https://api.fiscaldata.treasury.gov:443 "GET /services/api/fiscal_service/v2/accounting/od/avg_interest_rates?page%5Bsize%5D=10000&page%5Bnumber%5D=1&filter=security_desc%3Aeq%3ATotal+Marketable&sort=record_date HTTP/1.1" 200 4782
2026-10-07 04:26:36,891 INFO sdm.collect.base: US.avg_interest_rate.US_TREASURY: 307 obs, 307 new, 0 revised, last 2026-09-30
2026-10-07 04:26:37,272 DEBUG urllib3.connectionpool: https://api.fiscaldata.treasury.gov:443 "GET /services/api/fiscal_service/v1/debt/mspd/mspd_table_1?page%5Bsize%5D=10000&page%5Bnumber%5D=1&sort=record_date&fields=record_date%2Csecurity_type_desc%2Csecurity_class_desc%2Cdebt_held_public_mil_amt%2Ctotal_mil_amt HTTP/1.1" 200 84306
2026-10-07 04:26:37,474 INFO sdm.collect.base: US.marketable_debt_lcu.US_TREASURY: 309 obs, 309 new, 0 revised, last 2026-09-30
2026-10-07 04:26:37,879 DEBUG urllib3.connectionpool: https://api.fiscaldata.treasury.gov:443 "GET /services/api/fiscal_service/v1/debt/mspd/mspd_table_1?page%5Bsize%5D=10000&page%5Bnumber%5D=1&sort=record_date&fields=record_date%2Csecurity_type_desc%2Csecurity_class_desc%2Cdebt_held_public_mil_amt%2Ctotal_mil_amt HTTP/1.1" 200 84306
2026-10-07 04:26:37,962 INFO sdm.collect.base: US.bills_outstanding_lcu.US_TREASURY: 309 obs, 309 new, 0 revised, last 2026-09-30
2026-10-07 04:26:38,292 DEBUG urllib3.connectionpool: https://api.fiscaldata.treasury.gov:443 "GET /services/api/fiscal_service/v1/debt/mspd/mspd_table_1?page%5Bsize%5D=10000&page%5Bnumber%5D=1&sort=record_date&fields=record_date%2Csecurity_type_desc%2Csecurity_class_desc%2Cdebt_held_public_mil_amt%2Ctotal_mil_amt HTTP/1.1" 200 84306
2026-10-07 04:26:38,371 WARNING sdm.collect.base: US.linkers_outstanding_lcu.US_TREASURY: FAILED class 'Inflation-Protected Securities' not found; classes=['Bills', 'Bonds', 'Depositary Compensation Securities', 'Domestic Series', 'Federal Financing Bank', 'Floating Rate Notes', 'Foreign Series', 'Government Account Series', 'Hope Bonds', 'Inflation-Indexed Bonds', 'Inflation-Indexed Notes', 'Notes', 'Other', 'R.E.A. Series', 'State and Local Government Series', 'Treasury Inflation-Protected Securities', 'United States Savings Securities', '_']
2026-10-07 04:26:38,933 DEBUG urllib3.connectionpool: https://api.fiscaldata.treasury.gov:443 "GET /services/api/fiscal_service/v2/accounting/od/interest_expense?page%5Bsize%5D=10000&page%5Bnumber%5D=1&sort=record_date&filter=expense_catg_desc%3Aeq%3AINTEREST+EXPENSE+ON+PUBLIC+ISSUES HTTP/1.1" 200 117718
2026-10-07 04:26:39,103 INFO sdm.collect.base: US.cg_interest_lcu.US_TREASURY: 197 obs, 197 new, 0 revised, last 2026-09-30
2026-10-07 04:26:39,308 DEBUG urllib3.connectionpool: https://api.fiscaldata.treasury.gov:443 "GET /services/api/fiscal_service/v1/accounting/od/auctions_query?page%5Bsize%5D=10000&page%5Bnumber%5D=1&sort=auction_date&filter=security_term%3Aeq%3A10-Year&fields=auction_date%2Csecurity_type%2Csecurity_term%2Cbid_to_cover_ratio HTTP/1.1" 200 1725
2026-10-07 04:26:39,314 INFO sdm.collect.base: US.auction_bid_to_cover.US_TREASURY: 154 obs, 154 new, 0 revised, last 2026-08-31
2026-10-07 04:26:39,322 INFO sdm.collect.registry: == boe
2026-10-07 04:26:39,323 DEBUG urllib3.connectionpool: Starting new HTTPS connection (1): www.bankofengland.co.uk:443
2026-10-07 04:26:40,063 DEBUG urllib3.connectionpool: https://www.bankofengland.co.uk:443 "GET /boeapps/iadb/fromshowcolumns.asp?csv.x=yes&Datefrom=01%2FJan%2F1970&Dateto=now&SeriesCodes=IUDBEDR&CSVF=TN&UsingCodes=Y&VPD=Y&VFD=N HTTP/1.1" 302 0
2026-10-07 04:26:42,043 DEBUG urllib3.connectionpool: https://www.bankofengland.co.uk:443 "GET /boeapps/database/_iadb-FromShowColumns.asp?csv.x=yes&Datefrom=01%2FJan%2F1970&Dateto=now&SeriesCodes=IUDBEDR&CSVF=TN&UsingCodes=Y&VPD=Y&VFD=N HTTP/1.1" 200 29228
2026-10-07 04:26:42,093 INFO sdm.collect.base: GB.policy_rate.BOE: 13084 obs, 13084 new, 0 revised, last 2026-10-05
2026-10-07 04:26:42,104 DEBUG urllib3.connectionpool: https://www.bankofengland.co.uk:443 "GET /boeapps/iadb/fromshowcolumns.asp?csv.x=yes&Datefrom=01%2FJan%2F1970&Dateto=now&SeriesCodes=IUDMNPY&CSVF=TN&UsingCodes=Y&VPD=Y&VFD=N HTTP/1.1" 302 0
2026-10-07 04:26:43,083 DEBUG urllib3.connectionpool: https://www.bankofengland.co.uk:443 "GET /boeapps/database/_iadb-FromShowColumns.asp?csv.x=yes&Datefrom=01%2FJan%2F1970&Dateto=now&SeriesCodes=IUDMNPY&CSVF=TN&UsingCodes=Y&VPD=Y&VFD=N HTTP/1.1" 200 40750
2026-10-07 04:26:43,105 INFO sdm.collect.base: GB.yield_10y.BOE: 8319 obs, 8319 new, 0 revised, last 2026-10-02
2026-10-07 04:26:43,122 DEBUG urllib3.connectionpool: https://www.bankofengland.co.uk:443 "GET /boeapps/iadb/fromshowcolumns.asp?csv.x=yes&Datefrom=01%2FJan%2F1970&Dateto=now&SeriesCodes=IUDSNPY&CSVF=TN&UsingCodes=Y&VPD=Y&VFD=N HTTP/1.1" 302 0
2026-10-07 04:26:44,136 DEBUG urllib3.connectionpool: https://www.bankofengland.co.uk:443 "GET /boeapps/database/_iadb-FromShowColumns.asp?csv.x=yes&Datefrom=01%2FJan%2F1970&Dateto=now&SeriesCodes=IUDSNPY&CSVF=TN&UsingCodes=Y&VPD=Y&VFD=N HTTP/1.1" 200 40573
2026-10-07 04:26:44,158 INFO sdm.collect.base: GB.yield_5y.BOE: 8297 obs, 8297 new, 0 revised, last 2026-10-02
2026-10-07 04:26:44,168 DEBUG urllib3.connectionpool: https://www.bankofengland.co.uk:443 "GET /boeapps/iadb/fromshowcolumns.asp?csv.x=yes&Datefrom=01%2FJan%2F1970&Dateto=now&SeriesCodes=IUDLNPY&CSVF=TN&UsingCodes=Y&VPD=Y&VFD=N HTTP/1.1" 302 0
2026-10-07 04:26:45,143 DEBUG urllib3.connectionpool: https://www.bankofengland.co.uk:443 "GET /boeapps/database/_iadb-FromShowColumns.asp?csv.x=yes&Datefrom=01%2FJan%2F1970&Dateto=now&SeriesCodes=IUDLNPY&CSVF=TN&UsingCodes=Y&VPD=Y&VFD=N HTTP/1.1" 200 33006
2026-10-07 04:26:45,163 INFO sdm.collect.base: GB.yield_30y.BOE: 6760 obs, 6760 new, 0 revised, last 2026-10-02
2026-10-07 04:26:45,173 DEBUG urllib3.connectionpool: https://www.bankofengland.co.uk:443 "GET /boeapps/iadb/fromshowcolumns.asp?csv.x=yes&Datefrom=01%2FJan%2F1970&Dateto=now&SeriesCodes=IUDMIIF&CSVF=TN&UsingCodes=Y&VPD=Y&VFD=N HTTP/1.1" 302 0
2026-10-07 04:26:46,528 DEBUG urllib3.connectionpool: https://www.bankofengland.co.uk:443 "GET /boeapps/database/_iadb-FromShowColumns.asp?csv.x=yes&Datefrom=01%2FJan%2F1970&Dateto=now&SeriesCodes=IUDMIIF&CSVF=TN&UsingCodes=Y&VPD=Y&VFD=N HTTP/1.1" 200 None
2026-10-07 04:26:46,556 INFO sdm.collect.base: GB.breakeven_10y.BOE: 10553 obs, 10553 new, 0 revised, last 2026-10-02
2026-10-07 04:26:46,567 DEBUG urllib3.connectionpool: https://www.bankofengland.co.uk:443 "GET /boeapps/iadb/fromshowcolumns.asp?csv.x=yes&Datefrom=01%2FJan%2F1970&Dateto=now&SeriesCodes=IUDMRZC&CSVF=TN&UsingCodes=Y&VPD=Y&VFD=N HTTP/1.1" 302 0
2026-10-07 04:26:48,184 DEBUG urllib3.connectionpool: https://www.bankofengland.co.uk:443 "GET /boeapps/database/_iadb-FromShowColumns.asp?csv.x=yes&Datefrom=01%2FJan%2F1970&Dateto=now&SeriesCodes=IUDMRZC&CSVF=TN&UsingCodes=Y&VPD=Y&VFD=N HTTP/1.1" 200 None
2026-10-07 04:26:48,213 INFO sdm.collect.base: GB.real_yield_10y.BOE: 10553 obs, 10553 new, 0 revised, last 2026-10-02
2026-10-07 04:26:48,333 INFO sdm.collect.registry: == ons
2026-10-07 04:26:48,334 DEBUG urllib3.connectionpool: Starting new HTTPS connection (1): www.ons.gov.uk:443
2026-10-07 04:26:48,953 DEBUG urllib3.connectionpool: https://www.ons.gov.uk:443 "GET /economy/governmentpublicsectorandtaxes/publicsectorfinance/timeseries/hf6x/pusf/data HTTP/1.1" 200 None
2026-10-07 04:26:48,992 INFO sdm.collect.base: GB.gg_debt_gdp.ONS: 402 obs, 402 new, 0 revised, last 2026-08-31
2026-10-07 04:26:49,178 DEBUG urllib3.connectionpool: https://www.ons.gov.uk:443 "GET /economy/governmentpublicsectorandtaxes/publicsectorfinance/timeseries/j5ii/pusf/data HTTP/1.1" 200 None
2026-10-07 04:26:49,218 INFO sdm.collect.base: GB.gg_net_lending_gdp.ONS: 404 obs, 404 new, 0 revised, last 2026-08-31
2026-10-07 04:26:49,430 DEBUG urllib3.connectionpool: https://www.ons.gov.uk:443 "GET /economy/governmentpublicsectorandtaxes/publicsectorfinance/timeseries/jw2p/pusf/data HTTP/1.1" 200 None
2026-10-07 04:26:49,465 INFO sdm.collect.base: GB.gg_interest_lcu.ONS: 353 obs, 353 new, 0 revised, last 2026-08-31
2026-10-07 04:26:49,657 DEBUG urllib3.connectionpool: https://www.ons.gov.uk:443 "GET /economy/governmentpublicsectorandtaxes/publicsectorfinance/timeseries/anbv/pusf/data HTTP/1.1" 200 None
2026-10-07 04:26:49,695 INFO sdm.collect.base: GB.cg_receipts_lcu.ONS: 353 obs, 353 new, 0 revised, last 2026-08-31
2026-10-07 04:26:49,884 DEBUG urllib3.connectionpool: https://www.ons.gov.uk:443 "GET /economy/grossdomesticproductgdp/timeseries/ybha/qna/data HTTP/1.1" 200 None
2026-10-07 04:26:49,898 INFO sdm.collect.base: GB.ngdp_lcu.ONS: 286 obs, 286 new, 0 revised, last 2026-06-30
2026-10-07 04:26:50,144 DEBUG urllib3.connectionpool: https://www.ons.gov.uk:443 "GET /economy/inflationandpriceindices/timeseries/d7bt/mm23/data HTTP/1.1" 200 None
2026-10-07 04:26:50,187 INFO sdm.collect.base: GB.cpi_index.ONS: 464 obs, 464 new, 0 revised, last 2026-08-31
2026-10-07 04:26:50,197 INFO sdm.collect.registry: == dmo
2026-10-07 04:26:50,198 DEBUG urllib3.connectionpool: Starting new HTTPS connection (1): www.dmo.gov.uk:443
2026-10-07 04:26:51,713 DEBUG urllib3.connectionpool: https://www.dmo.gov.uk:443 "GET /data/XmlDataReport?reportCode=D1A HTTP/1.1" 200 None
2026-10-07 04:26:51,718 INFO sdm.collect.base: GB.avg_maturity_years.UK_DMO: 1 obs, 1 new, 0 revised, last 2026-10-06
2026-10-07 04:26:51,856 DEBUG urllib3.connectionpool: https://www.dmo.gov.uk:443 "GET /data/XmlDataReport?reportCode=D1A HTTP/1.1" 302 None
2026-10-07 04:26:51,857 DEBUG urllib3.connectionpool: Starting new HTTPS connection (1): validate.perfdrive.com:443
2026-10-07 04:26:52,235 DEBUG urllib3.connectionpool: https://validate.perfdrive.com:443 "GET /5e975472fcf167bd1130d74f0fb9a2f7/?ssa=180a4a37-fd43-4f2c-99be-2ee5149d93b8&ssb=80659277591&ssc=https%3A%2F%2Fwww.dmo.gov.uk%2Fdata%2FXmlDataReport%3FreportCode%3DD1A&ssi=17d2a376-bhbz-4d5c-ac0c-645ea9f58aa6&ssk=support@shieldsquare.com&ssm=17518253010500147138617998060295&ssn=c60a11c575f5902bfe0eb0e6b2412226d792ec54a8ce-5145-4d09-acfdcd&sso=b6a8fdb6-4b5b24633aaf8fa15f4d7edf3ca58ab50631a12a092fde5c&ssp=23665573371791320052179131139782138&ssq=15247374721155666718647210228414173432166&ssr=NC4yNDIuMTk4LjY1&sst=sovereign-debt-monitor/0.1%20(+https://github.com/hdcapital/sovereign-debt-model)&ssu=&ssv=&ssw=&ssx=eyJ1em14IjoiN2ZjMDAwOWI1MWE4MjItNzEzNy00NTdiLWJmZTktOTEzNTJkZGNjMDVkMS0xNzkxMzQ3MjEwNzAxMTA4Ni0wMDhmYjNiYzUzZTkzZGQ4MDY4MTMiLCJfX3V6bWYiOiI3ZjkwMDBlYzU0YThjZS01MTQ1LTRkMDktYWRiNi00YjViMjQ2MzNhYWYxLTE3OTEzNDcyMTA3MDExMDg2LTAwNTlkZmVkNzE5NzUyZDZhMWExMyIsInJkIjoiZG1vLmdvdi51ayJ9 HTTP/1.1" 200 5559
2026-10-07 04:26:52,236 WARNING sdm.collect.base: GB.linker_share.UK_DMO: FAILED not well-formed (invalid token): line 18, column 2398
2026-10-07 04:26:52,375 DEBUG urllib3.connectionpool: https://www.dmo.gov.uk:443 "GET /data/XmlDataReport?reportCode=D1A HTTP/1.1" 302 None
2026-10-07 04:26:52,501 DEBUG urllib3.connectionpool: https://validate.perfdrive.com:443 "GET /5e975472fcf167bd1130d74f0fb9a2f7/?ssa=9cb58a99-cd1b-46b6-8c5f-66aca505252c&ssb=87403226148&ssc=https%3A%2F%2Fwww.dmo.gov.uk%2Fdata%2FXmlDataReport%3FreportCode%3DD1A&ssi=dca7aa7d-bhbz-4910-a2cf-d00ade2e370d&ssk=support@shieldsquare.com&ssm=47405032136438826164122496020781&ssn=f8d00b6218b60e3c88baade2f8c2033379f8ec54a8ce-5145-4d09-a3452c&sso=c7e34db6-4b5b24633aafc3689807096467afb048bbc61301f3b6898c&ssp=86404844041791302708179137053814491&ssq=06523564721257963147347210549863414612871&ssr=NC4yNDIuMTk4LjY1&sst=sovereign-debt-monitor/0.1%20(+https://github.com/hdcapital/sovereign-debt-model)&ssu=&ssv=&ssw=&ssx=eyJ1em14IjoiN2ZjMDAwOWI1MWE4MjItNzEzNy00NTdiLWJmZTktOTEzNTJkZGNjMDVkMS0xNzkxMzQ3MjEwNzAxMTYwMy0wMDg4NGRlYTlhODQ4NGU5NjZlMTYiLCJfX3V6bWYiOiI3ZjkwMDBlYzU0YThjZS01MTQ1LTRkMDktYWRiNi00YjViMjQ2MzNhYWYxLTE3OTEzNDcyMTA3MDExNjAzLTAwNWY5NzU1YWIwZWU4MzEwNGMxNiIsInJkIjoiZG1vLmdvdi51ayJ9 HTTP/1.1" 200 5557
2026-10-07 04:26:52,501 WARNING sdm.collect.base: GB.bill_share.UK_DMO: FAILED not well-formed (invalid token): line 18, column 2398
2026-10-07 04:26:52,638 DEBUG urllib3.connectionpool: https://www.dmo.gov.uk:443 "GET /data/XmlDataReport?reportCode=D1A HTTP/1.1" 302 None
2026-10-07 04:26:52,770 DEBUG urllib3.connectionpool: https://validate.perfdrive.com:443 "GET /5e975472fcf167bd1130d74f0fb9a2f7/?ssa=6364e655-b394-4a1c-897d-d56bd84c982a&ssb=87403226148&ssc=https%3A%2F%2Fwww.dmo.gov.uk%2Fdata%2FXmlDataReport%3FreportCode%3DD1A&ssi=6405b737-bhbz-4489-a0b0-7ad1796023c7&ssk=support@shieldsquare.com&ssm=47405032136438826194122496020781&ssn=f8d00b62c44a3c3dfd9814491d8e033379f8ec54a8ce-5145-4d09-a3452c&sso=c7e34db6-4b5b24633aafc368980747bb6f00ae165c7aa2c1f3b6898c&ssp=86404844041791302708179137053814491&ssq=06523564721257963147347210549863414612871&ssr=NC4yNDIuMTk4LjY1&sst=sovereign-debt-monitor/0.1%20(+https://github.com/hdcapital/sovereign-debt-model)&ssu=&ssv=&ssw=&ssx=eyJ1em14IjoiN2ZjMDAwOWI1MWE4MjItNzEzNy00NTdiLWJmZTktOTEzNTJkZGNjMDVkMS0xNzkxMzQ3MjEwNzAxMTg3MC0wMDg1YWFjYjgwZmQxYjEzZGI2MTkiLCJfX3V6bWYiOiI3ZjkwMDBlYzU0YThjZS01MTQ1LTRkMDktYWRiNi00YjViMjQ2MzNhYWYxLTE3OTEzNDcyMTA3MDExODcwLTAwNTEyZmI4ZTEzZTVjZmY3MTgxOSIsInJkIjoiZG1vLmdvdi51ayJ9 HTTP/1.1" 200 5557
2026-10-07 04:26:52,770 WARNING sdm.collect.base: GB.marketable_debt_lcu.UK_DMO: FAILED not well-formed (invalid token): line 18, column 2398
2026-10-07 04:26:52,778 INFO sdm.collect.registry: == boc
2026-10-07 04:26:52,778 DEBUG urllib3.connectionpool: Starting new HTTPS connection (1): www.bankofcanada.ca:443
2026-10-07 04:26:53,277 DEBUG urllib3.connectionpool: https://www.bankofcanada.ca:443 "GET /valet/observations/BD.CDN.2YR.DQ.YLD/json?start_date=1970-01-01 HTTP/1.1" 200 31783
2026-10-07 04:26:53,306 INFO sdm.collect.base: CA.yield_2y.BOC: 6440 obs, 6440 new, 0 revised, last 2026-10-05
2026-10-07 04:26:54,001 DEBUG urllib3.connectionpool: https://www.bankofcanada.ca:443 "GET /valet/observations/BD.CDN.5YR.DQ.YLD/json?start_date=1970-01-01 HTTP/1.1" 200 32250
2026-10-07 04:26:54,027 INFO sdm.collect.base: CA.yield_5y.BOC: 6440 obs, 6440 new, 0 revised, last 2026-10-05
2026-10-07 04:26:54,357 DEBUG urllib3.connectionpool: https://www.bankofcanada.ca:443 "GET /valet/observations/BD.CDN.10YR.DQ.YLD/json?start_date=1970-01-01 HTTP/1.1" 200 32902
2026-10-07 04:26:54,400 INFO sdm.collect.base: CA.yield_10y.BOC: 6441 obs, 6441 new, 0 revised, last 2026-10-05
2026-10-07 04:26:54,569 DEBUG urllib3.connectionpool: https://www.bankofcanada.ca:443 "GET /valet/observations/BD.CDN.LONG.DQ.YLD/json?start_date=1970-01-01 HTTP/1.1" 200 32255
2026-10-07 04:26:54,596 INFO sdm.collect.base: CA.yield_30y.BOC: 6440 obs, 6440 new, 0 revised, last 2026-10-05
2026-10-07 04:26:54,876 DEBUG urllib3.connectionpool: https://www.bankofcanada.ca:443 "GET /valet/observations/BD.CDN.RRB.DQ.YLD/json?start_date=1970-01-01 HTTP/1.1" 200 30655
2026-10-07 04:26:54,903 INFO sdm.collect.base: CA.real_yield_10y.BOC: 6440 obs, 6440 new, 0 revised, last 2026-10-05
2026-10-07 04:26:55,295 DEBUG urllib3.connectionpool: https://www.bankofcanada.ca:443 "GET /valet/observations/BD.CDN.BEI.DQ.YLD/json?start_date=1970-01-01 HTTP/1.1" 404 159
2026-10-07 04:26:55,295 WARNING sdm.collect.base: CA.breakeven_10y.BOC: FAILED HTTP 404 for https://www.bankofcanada.ca/valet/observations/BD.CDN.BEI.DQ.YLD/json?start_date=1970-01-01: {
    "message": "Series BD.CDN.BEI.DQ.YLD not found.",
    "docs": "https://www.bankofcanada.ca/valet/docs#/Series/get_observations__seriesNames___format_"
}

2026-10-07 04:26:55,363 INFO sdm.collect.registry: == snb
2026-10-07 04:26:55,364 DEBUG urllib3.connectionpool: Starting new HTTPS connection (1): data.snb.ch:443
2026-10-07 04:26:56,068 DEBUG urllib3.connectionpool: https://data.snb.ch:443 "GET /api/cube/rendoblim/data/csv/en HTTP/1.1" 200 142138
2026-10-07 04:26:56,537 INFO sdm.collect.base: CH.yield_10y.SNB: 451 obs, 451 new, 0 revised, last 2025-07-31
2026-10-07 04:26:56,824 DEBUG urllib3.connectionpool: https://data.snb.ch:443 "GET /api/cube/rendoblim/data/csv/en HTTP/1.1" 200 142138
2026-10-07 04:26:56,990 INFO sdm.collect.base: CH.yield_2y.SNB: 451 obs, 451 new, 0 revised, last 2025-07-31
2026-10-07 04:26:57,232 DEBUG urllib3.connectionpool: https://data.snb.ch:443 "GET /api/cube/rendoblim/data/csv/en HTTP/1.1" 200 142138
2026-10-07 04:26:57,254 INFO sdm.collect.base: CH.yield_5y.SNB: 451 obs, 451 new, 0 revised, last 2025-07-31
2026-10-07 04:26:57,518 DEBUG urllib3.connectionpool: https://data.snb.ch:443 "GET /api/cube/snbbipo/data/csv/en HTTP/1.1" 200 280486
2026-10-07 04:26:57,680 INFO sdm.collect.base: CH.cb_total_assets_lcu.SNB: 357 obs, 357 new, 0 revised, last 2026-08-31
2026-10-07 04:26:57,688 INFO sdm.collect.registry: == ecb
2026-10-07 04:26:57,689 DEBUG urllib3.connectionpool: Starting new HTTPS connection (1): data-api.ecb.europa.eu:443
2026-10-07 04:26:58,894 DEBUG urllib3.connectionpool: https://data-api.ecb.europa.eu:443 "GET /service/data/IRS/M.DE.L.L40.CI.0000.EUR.N.Z?format=csvdata HTTP/1.1" 200 None
2026-10-07 04:26:59,198 INFO sdm.collect.base: DE.yield_10y.ECB: 440 obs, 440 new, 0 revised, last 2026-08-31
2026-10-07 04:26:59,391 DEBUG urllib3.connectionpool: https://data-api.ecb.europa.eu:443 "GET /service/data/IRS/M.FR.L.L40.CI.0000.EUR.N.Z?format=csvdata HTTP/1.1" 200 None
2026-10-07 04:26:59,554 INFO sdm.collect.base: FR.yield_10y.ECB: 488 obs, 488 new, 0 revised, last 2026-08-31
2026-10-07 04:26:59,748 DEBUG urllib3.connectionpool: https://data-api.ecb.europa.eu:443 "GET /service/data/IRS/M.IT.L.L40.CI.0000.EUR.N.Z?format=csvdata HTTP/1.1" 200 None
2026-10-07 04:26:59,768 INFO sdm.collect.base: IT.yield_10y.ECB: 426 obs, 426 new, 0 revised, last 2026-08-31
2026-10-07 04:27:00,063 DEBUG urllib3.connectionpool: https://data-api.ecb.europa.eu:443 "GET /service/data/IRS/M.NL.L.L40.CI.0000.EUR.N.Z?format=csvdata HTTP/1.1" 200 None
2026-10-07 04:27:00,086 INFO sdm.collect.base: NL.yield_10y.ECB: 485 obs, 485 new, 0 revised, last 2026-08-31
2026-10-07 04:27:00,544 DEBUG urllib3.connectionpool: https://data-api.ecb.europa.eu:443 "GET /service/data/IRS/M.GR.L.L40.CI.0000.EUR.N.Z?format=csvdata HTTP/1.1" 200 None
2026-10-07 04:27:00,562 INFO sdm.collect.base: GR.yield_10y.ECB: 406 obs, 406 new, 0 revised, last 2026-08-31
2026-10-07 04:27:00,866 DEBUG urllib3.connectionpool: https://data-api.ecb.europa.eu:443 "GET /service/data/IRS/M.U2.L.L40.CI.0000.EUR.N.Z?format=csvdata HTTP/1.1" 200 None
2026-10-07 04:27:00,897 INFO sdm.collect.base: EA.yield_10y.ECB: 429 obs, 429 new, 0 revised, last 2026-08-31
2026-10-07 04:27:01,185 DEBUG urllib3.connectionpool: https://data-api.ecb.europa.eu:443 "GET /service/data/TGB/M.DE.N.A094T.U2.EUR.E?format=csvdata HTTP/1.1" 200 None
2026-10-07 04:27:01,196 INFO sdm.collect.base: DE.target2_balance_lcu.ECB: 220 obs, 220 new, 0 revised, last 2026-08-31
2026-10-07 04:27:01,748 DEBUG urllib3.connectionpool: https://data-api.ecb.europa.eu:443 "GET /service/data/GFS/Q.N.DE.W0.S13.S1.C.L.LE.GD.T._Z.XDC._T.F.V.N._T?format=csvdata HTTP/1.1" 200 None
2026-10-07 04:27:01,759 INFO sdm.collect.base: DE.gg_debt_lcu.ECB: 105 obs, 105 new, 0 revised, last 2026-03-31
2026-10-07 04:27:02,651 DEBUG urllib3.connectionpool: https://data-api.ecb.europa.eu:443 "GET /service/data/GFS/Q.N.DE.W0.S13.S1.C.D.D41._Z._Z._T.XDC._Z.S.V.N._T?format=csvdata HTTP/1.1" 200 None
2026-10-07 04:27:02,661 INFO sdm.collect.base: DE.gg_interest_lcu.ECB: 97 obs, 97 new, 0 revised, last 2026-03-31
2026-10-07 04:27:03,504 DEBUG urllib3.connectionpool: https://data-api.ecb.europa.eu:443 "GET /service/data/GFS/Q.N.DE.W0.S13.S1._Z.B.B9._Z._Z._Z.XDC_R_B1GQ._Z.S.V.N._T?format=csvdata HTTP/1.1" 200 None
2026-10-07 04:27:03,514 INFO sdm.collect.base: DE.gg_net_lending_gdp.ECB: 97 obs, 97 new, 0 revised, last 2026-03-31
2026-10-07 04:27:03,807 DEBUG urllib3.connectionpool: https://data-api.ecb.europa.eu:443 "GET /service/data/MNA/Q.Y.DE.W2.S1.S1.B.B1GQ._Z._Z._Z.EUR.V.N?format=csvdata HTTP/1.1" 200 None
2026-10-07 04:27:03,817 INFO sdm.collect.base: DE.ngdp_lcu.ECB: 142 obs, 142 new, 0 revised, last 2026-06-30
2026-10-07 04:27:04,532 DEBUG urllib3.connectionpool: https://data-api.ecb.europa.eu:443 "GET /service/data/SEC/M.DE.1300.F33000.N.1.Z01.E.Z?format=csvdata HTTP/1.1" 200 None
2026-10-07 04:27:04,557 INFO sdm.collect.base: DE.marketable_debt_lcu.ECB: 388 obs, 388 new, 0 revised, last 2022-03-31
2026-10-07 04:27:05,048 DEBUG urllib3.connectionpool: https://data-api.ecb.europa.eu:443 "GET /service/data/SEC/M.DE.1300.F33100.N.1.Z01.E.Z?format=csvdata HTTP/1.1" 200 None
2026-10-07 04:27:05,070 INFO sdm.collect.base: DE.bills_outstanding_lcu.ECB: 388 obs, 388 new, 0 revised, last 2022-03-31
2026-10-07 04:27:05,070 DEBUG urllib3.connectionpool: Starting new HTTPS connection (1): www.ecb.europa.eu:443
2026-10-07 04:27:06,082 DEBUG urllib3.connectionpool: https://www.ecb.europa.eu:443 "GET /mopo/pdf/PSPP_breakdown_history.csv HTTP/1.1" 200 None
2026-10-07 04:27:06,110 INFO sdm.collect.base: DE.cb_gov_holdings_lcu.ECB_PSPP: 138 obs, 138 new, 0 revised, last 2026-08-31
2026-10-07 04:27:06,585 DEBUG urllib3.connectionpool: https://data-api.ecb.europa.eu:443 "GET /service/data/TGB/M.FR.N.A094T.U2.EUR.E?format=csvdata HTTP/1.1" 200 None
2026-10-07 04:27:06,611 INFO sdm.collect.base: FR.target2_balance_lcu.ECB: 220 obs, 220 new, 0 revised, last 2026-08-31
2026-10-07 04:27:07,207 DEBUG urllib3.connectionpool: https://data-api.ecb.europa.eu:443 "GET /service/data/GFS/Q.N.FR.W0.S13.S1.C.L.LE.GD.T._Z.XDC._T.F.V.N._T?format=csvdata HTTP/1.1" 200 None
2026-10-07 04:27:07,218 INFO sdm.collect.base: FR.gg_debt_lcu.ECB: 122 obs, 122 new, 0 revised, last 2026-03-31
2026-10-07 04:27:07,880 DEBUG urllib3.connectionpool: https://data-api.ecb.europa.eu:443 "GET /service/data/GFS/Q.N.FR.W0.S13.S1.C.D.D41._Z._Z._T.XDC._Z.S.V.N._T?format=csvdata HTTP/1.1" 200 None
2026-10-07 04:27:07,899 INFO sdm.collect.base: FR.gg_interest_lcu.ECB: 109 obs, 109 new, 0 revised, last 2026-03-31
2026-10-07 04:27:08,788 DEBUG urllib3.connectionpool: https://data-api.ecb.europa.eu:443 "GET /service/data/GFS/Q.N.FR.W0.S13.S1._Z.B.B9._Z._Z._Z.XDC_R_B1GQ._Z.S.V.N._T?format=csvdata HTTP/1.1" 200 None
2026-10-07 04:27:08,798 INFO sdm.collect.base: FR.gg_net_lending_gdp.ECB: 109 obs, 109 new, 0 revised, last 2026-03-31
2026-10-07 04:27:09,152 DEBUG urllib3.connectionpool: https://data-api.ecb.europa.eu:443 "GET /service/data/MNA/Q.Y.FR.W2.S1.S1.B.B1GQ._Z._Z._Z.EUR.V.N?format=csvdata HTTP/1.1" 200 None
2026-10-07 04:27:09,168 INFO sdm.collect.base: FR.ngdp_lcu.ECB: 222 obs, 222 new, 0 revised, last 2026-06-30
2026-10-07 04:27:09,707 DEBUG urllib3.connectionpool: https://data-api.ecb.europa.eu:443 "GET /service/data/SEC/M.FR.1300.F33000.N.1.Z01.E.Z?format=csvdata HTTP/1.1" 200 None
2026-10-07 04:27:09,728 INFO sdm.collect.base: FR.marketable_debt_lcu.ECB: 388 obs, 388 new, 0 revised, last 2022-03-31
2026-10-07 04:27:10,404 DEBUG urllib3.connectionpool: https://data-api.ecb.europa.eu:443 "GET /service/data/SEC/M.FR.1300.F33100.N.1.Z01.E.Z?format=csvdata HTTP/1.1" 200 None
2026-10-07 04:27:10,423 INFO sdm.collect.base: FR.bills_outstanding_lcu.ECB: 388 obs, 388 new, 0 revised, last 2022-03-31
2026-10-07 04:27:10,426 INFO sdm.collect.base: FR.cb_gov_holdings_lcu.ECB_PSPP: 138 obs, 138 new, 0 revised, last 2026-08-31
2026-10-07 04:27:10,763 DEBUG urllib3.connectionpool: https://data-api.ecb.europa.eu:443 "GET /service/data/TGB/M.IT.N.A094T.U2.EUR.E?format=csvdata HTTP/1.1" 200 None
2026-10-07 04:27:10,775 INFO sdm.collect.base: IT.target2_balance_lcu.ECB: 220 obs, 220 new, 0 revised, last 2026-08-31
2026-10-07 04:27:11,371 DEBUG urllib3.connectionpool: https://data-api.ecb.europa.eu:443 "GET /service/data/GFS/Q.N.IT.W0.S13.S1.C.L.LE.GD.T._Z.XDC._T.F.V.N._T?format=csvdata HTTP/1.1" 200 None
2026-10-07 04:27:11,385 INFO sdm.collect.base: IT.gg_debt_lcu.ECB: 146 obs, 146 new, 0 revised, last 2026-03-31
2026-10-07 04:27:12,106 DEBUG urllib3.connectionpool: https://data-api.ecb.europa.eu:443 "GET /service/data/GFS/Q.N.IT.W0.S13.S1.C.D.D41._Z._Z._T.XDC._Z.S.V.N._T?format=csvdata HTTP/1.1" 200 None
2026-10-07 04:27:12,118 INFO sdm.collect.base: IT.gg_interest_lcu.ECB: 109 obs, 109 new, 0 revised, last 2026-03-31
2026-10-07 04:27:12,691 DEBUG urllib3.connectionpool: https://data-api.ecb.europa.eu:443 "GET /service/data/GFS/Q.N.IT.W0.S13.S1._Z.B.B9._Z._Z._Z.XDC_R_B1GQ._Z.S.V.N._T?format=csvdata HTTP/1.1" 200 None
2026-10-07 04:27:12,701 INFO sdm.collect.base: IT.gg_net_lending_gdp.ECB: 109 obs, 109 new, 0 revised, last 2026-03-31
2026-10-07 04:27:13,270 DEBUG urllib3.connectionpool: https://data-api.ecb.europa.eu:443 "GET /service/data/MNA/Q.Y.IT.W2.S1.S1.B.B1GQ._Z._Z._Z.EUR.V.N?format=csvdata HTTP/1.1" 200 None
2026-10-07 04:27:13,282 INFO sdm.collect.base: IT.ngdp_lcu.ECB: 126 obs, 126 new, 0 revised, last 2026-06-30
2026-10-07 04:27:13,793 DEBUG urllib3.connectionpool: https://data-api.ecb.europa.eu:443 "GET /service/data/SEC/M.IT.1300.F33000.N.1.Z01.E.Z?format=csvdata HTTP/1.1" 200 None
2026-10-07 04:27:13,813 INFO sdm.collect.base: IT.marketable_debt_lcu.ECB: 388 obs, 388 new, 0 revised, last 2022-03-31
2026-10-07 04:27:14,491 DEBUG urllib3.connectionpool: https://data-api.ecb.europa.eu:443 "GET /service/data/SEC/M.IT.1300.F33100.N.1.Z01.E.Z?format=csvdata HTTP/1.1" 200 None
2026-10-07 04:27:14,510 INFO sdm.collect.base: IT.bills_outstanding_lcu.ECB: 388 obs, 388 new, 0 revised, last 2022-03-31
2026-10-07 04:27:14,513 INFO sdm.collect.base: IT.cb_gov_holdings_lcu.ECB_PSPP: 138 obs, 138 new, 0 revised, last 2026-08-31
2026-10-07 04:27:14,788 DEBUG urllib3.connectionpool: https://data-api.ecb.europa.eu:443 "GET /service/data/TGB/M.NL.N.A094T.U2.EUR.E?format=csvdata HTTP/1.1" 200 None
2026-10-07 04:27:14,799 INFO sdm.collect.base: NL.target2_balance_lcu.ECB: 220 obs, 220 new, 0 revised, last 2026-08-31
2026-10-07 04:27:15,417 DEBUG urllib3.connectionpool: https://data-api.ecb.europa.eu:443 "GET /service/data/GFS/Q.N.NL.W0.S13.S1.C.L.LE.GD.T._Z.XDC._T.F.V.N._T?format=csvdata HTTP/1.1" 200 None
2026-10-07 04:27:15,430 INFO sdm.collect.base: NL.gg_debt_lcu.ECB: 105 obs, 105 new, 0 revised, last 2026-03-31
2026-10-07 04:27:16,347 DEBUG urllib3.connectionpool: https://data-api.ecb.europa.eu:443 "GET /service/data/GFS/Q.N.NL.W0.S13.S1.C.D.D41._Z._Z._T.XDC._Z.S.V.N._T?format=csvdata HTTP/1.1" 200 None
2026-10-07 04:27:16,358 INFO sdm.collect.base: NL.gg_interest_lcu.ECB: 109 obs, 109 new, 0 revised, last 2026-03-31
2026-10-07 04:27:17,060 DEBUG urllib3.connectionpool: https://data-api.ecb.europa.eu:443 "GET /service/data/GFS/Q.N.NL.W0.S13.S1._Z.B.B9._Z._Z._Z.XDC_R_B1GQ._Z.S.V.N._T?format=csvdata HTTP/1.1" 200 None
2026-10-07 04:27:17,071 INFO sdm.collect.base: NL.gg_net_lending_gdp.ECB: 109 obs, 109 new, 0 revised, last 2026-03-31
2026-10-07 04:27:17,567 DEBUG urllib3.connectionpool: https://data-api.ecb.europa.eu:443 "GET /service/data/MNA/Q.Y.NL.W2.S1.S1.B.B1GQ._Z._Z._Z.EUR.V.N?format=csvdata HTTP/1.1" 200 None
2026-10-07 04:27:17,578 INFO sdm.collect.base: NL.ngdp_lcu.ECB: 126 obs, 126 new, 0 revised, last 2026-06-30
2026-10-07 04:27:18,394 DEBUG urllib3.connectionpool: https://data-api.ecb.europa.eu:443 "GET /service/data/SEC/M.NL.1300.F33000.N.1.Z01.E.Z?format=csvdata HTTP/1.1" 200 None
2026-10-07 04:27:18,416 INFO sdm.collect.base: NL.marketable_debt_lcu.ECB: 388 obs, 388 new, 0 revised, last 2022-03-31
2026-10-07 04:27:18,969 DEBUG urllib3.connectionpool: https://data-api.ecb.europa.eu:443 "GET /service/data/SEC/M.NL.1300.F33100.N.1.Z01.E.Z?format=csvdata HTTP/1.1" 200 None
2026-10-07 04:27:18,990 INFO sdm.collect.base: NL.bills_outstanding_lcu.ECB: 388 obs, 388 new, 0 revised, last 2022-03-31
2026-10-07 04:27:18,994 INFO sdm.collect.base: NL.cb_gov_holdings_lcu.ECB_PSPP: 138 obs, 138 new, 0 revised, last 2026-08-31
2026-10-07 04:27:19,289 DEBUG urllib3.connectionpool: https://data-api.ecb.europa.eu:443 "GET /service/data/TGB/M.GR.N.A094T.U2.EUR.E?format=csvdata HTTP/1.1" 200 None
2026-10-07 04:27:19,301 INFO sdm.collect.base: GR.target2_balance_lcu.ECB: 220 obs, 220 new, 0 revised, last 2026-08-31
2026-10-07 04:27:20,035 DEBUG urllib3.connectionpool: https://data-api.ecb.europa.eu:443 "GET /service/data/GFS/Q.N.GR.W0.S13.S1.C.L.LE.GD.T._Z.XDC._T.F.V.N._T?format=csvdata HTTP/1.1" 200 None
2026-10-07 04:27:20,047 INFO sdm.collect.base: GR.gg_debt_lcu.ECB: 105 obs, 105 new, 0 revised, last 2026-03-31
2026-10-07 04:27:20,580 DEBUG urllib3.connectionpool: https://data-api.ecb.europa.eu:443 "GET /service/data/GFS/Q.N.GR.W0.S13.S1.C.D.D41._Z._Z._T.XDC._Z.S.V.N._T?format=csvdata HTTP/1.1" 200 None
2026-10-07 04:27:20,592 INFO sdm.collect.base: GR.gg_interest_lcu.ECB: 109 obs, 109 new, 0 revised, last 2026-03-31
2026-10-07 04:27:21,204 DEBUG urllib3.connectionpool: https://data-api.ecb.europa.eu:443 "GET /service/data/GFS/Q.N.GR.W0.S13.S1._Z.B.B9._Z._Z._Z.XDC_R_B1GQ._Z.S.V.N._T?format=csvdata HTTP/1.1" 200 None
2026-10-07 04:27:21,217 INFO sdm.collect.base: GR.gg_net_lending_gdp.ECB: 109 obs, 109 new, 0 revised, last 2026-03-31
2026-10-07 04:27:21,617 DEBUG urllib3.connectionpool: https://data-api.ecb.europa.eu:443 "GET /service/data/MNA/Q.Y.GR.W2.S1.S1.B.B1GQ._Z._Z._Z.EUR.V.N?format=csvdata HTTP/1.1" 200 None
2026-10-07 04:27:21,627 INFO sdm.collect.base: GR.ngdp_lcu.ECB: 126 obs, 126 new, 0 revised, last 2026-06-30
2026-10-07 04:27:22,432 DEBUG urllib3.connectionpool: https://data-api.ecb.europa.eu:443 "GET /service/data/SEC/M.GR.1300.F33000.N.1.Z01.E.Z?format=csvdata HTTP/1.1" 200 None
2026-10-07 04:27:22,471 INFO sdm.collect.base: GR.marketable_debt_lcu.ECB: 327 obs, 327 new, 0 revised, last 2022-03-31
2026-10-07 04:27:22,935 DEBUG urllib3.connectionpool: https://data-api.ecb.europa.eu:443 "GET /service/data/SEC/M.GR.1300.F33100.N.1.Z01.E.Z?format=csvdata HTTP/1.1" 200 None
2026-10-07 04:27:22,953 INFO sdm.collect.base: GR.bills_outstanding_lcu.ECB: 327 obs, 327 new, 0 revised, last 2022-03-31
2026-10-07 04:27:22,953 WARNING sdm.collect.base: GR.cb_gov_holdings_lcu.ECB_PSPP: FAILED Greece not in PSPP table: ['Austria', 'Belgium', 'Cyprus', 'Germany', 'Estonia', 'Spain', 'Finland', 'France', 'Ireland', 'Italy']
2026-10-07 04:27:23,191 DEBUG urllib3.connectionpool: https://data-api.ecb.europa.eu:443 "GET /service/data/FM/B.U2.EUR.4F.KR.DFR.LEV?format=csvdata HTTP/1.1" 200 None
2026-10-07 04:27:23,196 INFO sdm.collect.base: EA.policy_rate.ECB: 69 obs, 69 new, 0 revised, last 2026-09-16
2026-10-07 04:27:23,439 DEBUG urllib3.connectionpool: https://data-api.ecb.europa.eu:443 "GET /service/data/YC/B.U2.EUR.4F.G_N_A.SV_C_YM.SR_2Y?format=csvdata HTTP/1.1" 200 None
2026-10-07 04:27:24,047 INFO sdm.collect.base: EA.yield_2y.ECB: 5645 obs, 5645 new, 0 revised, last 2026-10-05
2026-10-07 04:27:24,267 DEBUG urllib3.connectionpool: https://data-api.ecb.europa.eu:443 "GET /service/data/ILM/W.U2.C.T000000.Z5.Z01?format=csvdata HTTP/1.1" 200 None
2026-10-07 04:27:24,272 WARNING sdm.collect.base: EA.cb_total_assets_lcu.ECB: FAILED Unknown datetime string format, unable to parse: 1998-W53
2026-10-07 04:27:24,572 DEBUG urllib3.connectionpool: https://data-api.ecb.europa.eu:443 "GET /service/data/MNA/Q.Y.I9.W2.S1.S1.B.B1GQ._Z._Z._Z.EUR.V.N?format=csvdata HTTP/1.1" 200 None
2026-10-07 04:27:24,582 INFO sdm.collect.base: EA.ngdp_lcu.ECB: 125 obs, 125 new, 0 revised, last 2026-03-31
2026-10-07 04:27:25,908 DEBUG urllib3.connectionpool: https://data-api.ecb.europa.eu:443 "GET /service/data/GFS/Q.N.I9.W0.S13.S1.C.D.D41._Z._Z._T.XDC._Z.S.V.N._T?format=csvdata HTTP/1.1" 200 None
2026-10-07 04:27:25,920 INFO sdm.collect.base: EA.gg_interest_lcu.ECB: 97 obs, 97 new, 0 revised, last 2026-03-31
2026-10-07 04:27:26,446 DEBUG urllib3.connectionpool: https://data-api.ecb.europa.eu:443 "GET /service/data/GFS/Q.N.I9.W0.S13.S1._Z.B.B9._Z._Z._Z.XDC_R_B1GQ._Z.S.V.N._T?format=csvdata HTTP/1.1" 200 None
2026-10-07 04:27:26,458 INFO sdm.collect.base: EA.gg_net_lending_gdp.ECB: 97 obs, 97 new, 0 revised, last 2026-03-31
2026-10-07 04:27:26,528 INFO sdm.collect.registry: == eurostat
2026-10-07 04:27:26,529 DEBUG urllib3.connectionpool: Starting new HTTPS connection (1): ec.europa.eu:443
2026-10-07 04:27:27,089 DEBUG urllib3.connectionpool: https://ec.europa.eu:443 "GET /eurostat/api/dissemination/statistics/1.0/data/gov_10q_ggdebt?geo=DE&unit=PC_GDP&sector=S13&na_item=GD HTTP/1.1" 200 None
2026-10-07 04:27:27,096 INFO sdm.collect.base: DE.gg_debt_gdp.EUROSTAT: 105 obs, 105 new, 0 revised, last 2026-03-31
2026-10-07 04:27:27,271 DEBUG urllib3.connectionpool: https://ec.europa.eu:443 "GET /eurostat/api/dissemination/statistics/1.0/data/gov_10q_ggnfa?geo=DE&unit=PC_GDP&sector=S13&na_item=D41PAY&s_adj=NSA HTTP/1.1" 200 None
2026-10-07 04:27:27,278 INFO sdm.collect.base: DE.gg_interest_gdp.EUROSTAT: 97 obs, 97 new, 0 revised, last 2026-03-31
2026-10-07 04:27:27,461 DEBUG urllib3.connectionpool: https://ec.europa.eu:443 "GET /eurostat/api/dissemination/statistics/1.0/data/gov_10q_ggnfa?geo=DE&unit=PC_GDP&sector=S13&na_item=B9&s_adj=NSA HTTP/1.1" 200 None
2026-10-07 04:27:27,468 INFO sdm.collect.base: DE.gg_net_lending_gdp.EUROSTAT: 97 obs, 97 new, 0 revised, last 2026-03-31
2026-10-07 04:27:27,644 DEBUG urllib3.connectionpool: https://ec.europa.eu:443 "GET /eurostat/api/dissemination/statistics/1.0/data/gov_10q_ggdebt?geo=FR&unit=PC_GDP&sector=S13&na_item=GD HTTP/1.1" 200 None
2026-10-07 04:27:27,651 INFO sdm.collect.base: FR.gg_debt_gdp.EUROSTAT: 105 obs, 105 new, 0 revised, last 2026-03-31
2026-10-07 04:27:27,833 DEBUG urllib3.connectionpool: https://ec.europa.eu:443 "GET /eurostat/api/dissemination/statistics/1.0/data/gov_10q_ggnfa?geo=FR&unit=PC_GDP&sector=S13&na_item=D41PAY&s_adj=NSA HTTP/1.1" 200 None
2026-10-07 04:27:27,840 INFO sdm.collect.base: FR.gg_interest_gdp.EUROSTAT: 125 obs, 125 new, 0 revised, last 2026-03-31
2026-10-07 04:27:28,019 DEBUG urllib3.connectionpool: https://ec.europa.eu:443 "GET /eurostat/api/dissemination/statistics/1.0/data/gov_10q_ggnfa?geo=FR&unit=PC_GDP&sector=S13&na_item=B9&s_adj=NSA HTTP/1.1" 200 None
2026-10-07 04:27:28,026 INFO sdm.collect.base: FR.gg_net_lending_gdp.EUROSTAT: 125 obs, 125 new, 0 revised, last 2026-03-31
2026-10-07 04:27:28,201 DEBUG urllib3.connectionpool: https://ec.europa.eu:443 "GET /eurostat/api/dissemination/statistics/1.0/data/gov_10q_ggdebt?geo=IT&unit=PC_GDP&sector=S13&na_item=GD HTTP/1.1" 200 None
2026-10-07 04:27:28,208 INFO sdm.collect.base: IT.gg_debt_gdp.EUROSTAT: 105 obs, 105 new, 0 revised, last 2026-03-31
2026-10-07 04:27:28,381 DEBUG urllib3.connectionpool: https://ec.europa.eu:443 "GET /eurostat/api/dissemination/statistics/1.0/data/gov_10q_ggnfa?geo=IT&unit=PC_GDP&sector=S13&na_item=D41PAY&s_adj=NSA HTTP/1.1" 200 8178
2026-10-07 04:27:28,387 INFO sdm.collect.base: IT.gg_interest_gdp.EUROSTAT: 109 obs, 109 new, 0 revised, last 2026-03-31
2026-10-07 04:27:28,562 DEBUG urllib3.connectionpool: https://ec.europa.eu:443 "GET /eurostat/api/dissemination/statistics/1.0/data/gov_10q_ggnfa?geo=IT&unit=PC_GDP&sector=S13&na_item=B9&s_adj=NSA HTTP/1.1" 200 None
2026-10-07 04:27:28,569 INFO sdm.collect.base: IT.gg_net_lending_gdp.EUROSTAT: 109 obs, 109 new, 0 revised, last 2026-03-31
2026-10-07 04:27:28,743 DEBUG urllib3.connectionpool: https://ec.europa.eu:443 "GET /eurostat/api/dissemination/statistics/1.0/data/gov_10q_ggdebt?geo=NL&unit=PC_GDP&sector=S13&na_item=GD HTTP/1.1" 200 None
2026-10-07 04:27:28,750 INFO sdm.collect.base: NL.gg_debt_gdp.EUROSTAT: 105 obs, 105 new, 0 revised, last 2026-03-31
2026-10-07 04:27:28,921 DEBUG urllib3.connectionpool: https://ec.europa.eu:443 "GET /eurostat/api/dissemination/statistics/1.0/data/gov_10q_ggnfa?geo=NL&unit=PC_GDP&sector=S13&na_item=D41PAY&s_adj=NSA HTTP/1.1" 200 None
2026-10-07 04:27:28,929 INFO sdm.collect.base: NL.gg_interest_gdp.EUROSTAT: 109 obs, 109 new, 0 revised, last 2026-03-31
2026-10-07 04:27:29,098 DEBUG urllib3.connectionpool: https://ec.europa.eu:443 "GET /eurostat/api/dissemination/statistics/1.0/data/gov_10q_ggnfa?geo=NL&unit=PC_GDP&sector=S13&na_item=B9&s_adj=NSA HTTP/1.1" 200 None
2026-10-07 04:27:29,106 INFO sdm.collect.base: NL.gg_net_lending_gdp.EUROSTAT: 109 obs, 109 new, 0 revised, last 2026-03-31
2026-10-07 04:27:29,284 DEBUG urllib3.connectionpool: https://ec.europa.eu:443 "GET /eurostat/api/dissemination/statistics/1.0/data/gov_10q_ggdebt?geo=EL&unit=PC_GDP&sector=S13&na_item=GD HTTP/1.1" 200 None
2026-10-07 04:27:29,291 INFO sdm.collect.base: GR.gg_debt_gdp.EUROSTAT: 105 obs, 105 new, 0 revised, last 2026-03-31
2026-10-07 04:27:29,464 DEBUG urllib3.connectionpool: https://ec.europa.eu:443 "GET /eurostat/api/dissemination/statistics/1.0/data/gov_10q_ggnfa?geo=EL&unit=PC_GDP&sector=S13&na_item=D41PAY&s_adj=NSA HTTP/1.1" 200 8186
2026-10-07 04:27:29,471 INFO sdm.collect.base: GR.gg_interest_gdp.EUROSTAT: 109 obs, 109 new, 0 revised, last 2026-03-31
2026-10-07 04:27:29,787 DEBUG urllib3.connectionpool: https://ec.europa.eu:443 "GET /eurostat/api/dissemination/statistics/1.0/data/gov_10q_ggnfa?geo=EL&unit=PC_GDP&sector=S13&na_item=B9&s_adj=NSA HTTP/1.1" 200 None
2026-10-07 04:27:29,794 INFO sdm.collect.base: GR.gg_net_lending_gdp.EUROSTAT: 109 obs, 109 new, 0 revised, last 2026-03-31
2026-10-07 04:27:29,972 DEBUG urllib3.connectionpool: https://ec.europa.eu:443 "GET /eurostat/api/dissemination/statistics/1.0/data/gov_10q_ggdebt?geo=SE&unit=PC_GDP&sector=S13&na_item=GD HTTP/1.1" 200 None
2026-10-07 04:27:29,979 INFO sdm.collect.base: SE.gg_debt_gdp.EUROSTAT: 121 obs, 121 new, 0 revised, last 2026-03-31
2026-10-07 04:27:30,154 DEBUG urllib3.connectionpool: https://ec.europa.eu:443 "GET /eurostat/api/dissemination/statistics/1.0/data/gov_10q_ggnfa?geo=SE&unit=PC_GDP&sector=S13&na_item=D41PAY&s_adj=NSA HTTP/1.1" 200 None
2026-10-07 04:27:30,162 INFO sdm.collect.base: SE.gg_interest_gdp.EUROSTAT: 125 obs, 125 new, 0 revised, last 2026-03-31
2026-10-07 04:27:30,333 DEBUG urllib3.connectionpool: https://ec.europa.eu:443 "GET /eurostat/api/dissemination/statistics/1.0/data/gov_10q_ggnfa?geo=SE&unit=PC_GDP&sector=S13&na_item=B9&s_adj=NSA HTTP/1.1" 200 None
2026-10-07 04:27:30,341 INFO sdm.collect.base: SE.gg_net_lending_gdp.EUROSTAT: 125 obs, 125 new, 0 revised, last 2026-03-31
2026-10-07 04:27:30,523 DEBUG urllib3.connectionpool: https://ec.europa.eu:443 "GET /eurostat/api/dissemination/statistics/1.0/data/gov_10q_ggdebt?geo=EA20&unit=PC_GDP&sector=S13&na_item=GD HTTP/1.1" 200 None
2026-10-07 04:27:30,530 INFO sdm.collect.base: EA.gg_debt_gdp.EUROSTAT: 105 obs, 105 new, 0 revised, last 2026-03-31
2026-10-07 04:27:30,713 DEBUG urllib3.connectionpool: https://ec.europa.eu:443 "GET /eurostat/api/dissemination/statistics/1.0/data/gov_10q_ggnfa?geo=EA20&unit=PC_GDP&sector=S13&na_item=D41PAY&s_adj=NSA HTTP/1.1" 200 8083
2026-10-07 04:27:30,720 INFO sdm.collect.base: EA.gg_interest_gdp.EUROSTAT: 97 obs, 97 new, 0 revised, last 2026-03-31
2026-10-07 04:27:30,903 DEBUG urllib3.connectionpool: https://ec.europa.eu:443 "GET /eurostat/api/dissemination/statistics/1.0/data/gov_10q_ggnfa?geo=EA20&unit=PC_GDP&sector=S13&na_item=B9&s_adj=NSA HTTP/1.1" 200 8180
2026-10-07 04:27:30,910 INFO sdm.collect.base: EA.gg_net_lending_gdp.EUROSTAT: 97 obs, 97 new, 0 revised, last 2026-03-31
2026-10-07 04:27:30,926 INFO sdm.collect.registry: == worldbank
2026-10-07 04:27:30,926 DEBUG urllib3.connectionpool: Starting new HTTPS connection (1): api.worldbank.org:443
2026-10-07 04:27:31,417 DEBUG urllib3.connectionpool: https://api.worldbank.org:443 "GET /v2/country/ARG/indicator/GC.DOD.TOTL.GD.ZS?format=json&per_page=1000 HTTP/1.1" 200 None
2026-10-07 04:27:31,420 WARNING sdm.collect.base: AR.gg_debt_gdp.WORLDBANK: FAILED no observations parsed
2026-10-07 04:27:31,723 DEBUG urllib3.connectionpool: https://api.worldbank.org:443 "GET /v2/country/ARG/indicator/NY.GDP.MKTP.CN?format=json&per_page=1000 HTTP/1.1" 200 None
2026-10-07 04:27:31,727 INFO sdm.collect.base: AR.ngdp_lcu.WORLDBANK: 66 obs, 66 new, 0 revised, last 2025-12-31
2026-10-07 04:27:32,239 DEBUG urllib3.connectionpool: https://api.worldbank.org:443 "GET /v2/country/ARG/indicator/FP.CPI.TOTL.ZG?format=json&per_page=1000 HTTP/1.1" 200 None
2026-10-07 04:27:32,242 INFO sdm.collect.base: AR.cpi_yoy.WORLDBANK: 7 obs, 7 new, 0 revised, last 2024-12-31
2026-10-07 04:27:32,408 DEBUG urllib3.connectionpool: https://api.worldbank.org:443 "GET /v2/country/ARG/indicator/GC.XPN.INTP.RV.ZS?format=json&per_page=1000 HTTP/1.1" 200 None
2026-10-07 04:27:32,412 INFO sdm.collect.base: AR.interest_to_revenue.WORLDBANK: 26 obs, 26 new, 0 revised, last 2024-12-31
2026-10-07 04:27:32,682 DEBUG urllib3.connectionpool: https://api.worldbank.org:443 "GET /v2/country/ARG/indicator/PA.NUS.FCRF?format=json&per_page=1000 HTTP/1.1" 200 None
2026-10-07 04:27:32,686 INFO sdm.collect.base: AR.fx_lcu_per_usd.WORLDBANK: 63 obs, 63 new, 0 revised, last 2025-12-31
2026-10-07 04:27:32,981 DEBUG urllib3.connectionpool: https://api.worldbank.org:443 "GET /v2/country/ARG/indicator/FI.RES.TOTL.CD?format=json&per_page=1000 HTTP/1.1" 200 None
2026-10-07 04:27:32,985 INFO sdm.collect.base: AR.fx_reserves_usd.WORLDBANK: 66 obs, 66 new, 0 revised, last 2025-12-31
2026-10-07 04:27:33,270 DEBUG urllib3.connectionpool: https://api.worldbank.org:443 "GET /v2/country/TUR/indicator/GC.DOD.TOTL.GD.ZS?format=json&per_page=1000 HTTP/1.1" 200 None
2026-10-07 04:27:33,274 INFO sdm.collect.base: TR.gg_debt_gdp.WORLDBANK: 26 obs, 26 new, 0 revised, last 2024-12-31
2026-10-07 04:27:33,644 DEBUG urllib3.connectionpool: https://api.worldbank.org:443 "GET /v2/country/TUR/indicator/NY.GDP.MKTP.CN?format=json&per_page=1000 HTTP/1.1" 200 None
2026-10-07 04:27:33,648 INFO sdm.collect.base: TR.ngdp_lcu.WORLDBANK: 66 obs, 66 new, 0 revised, last 2025-12-31
2026-10-07 04:27:33,876 DEBUG urllib3.connectionpool: https://api.worldbank.org:443 "GET /v2/country/TUR/indicator/FP.CPI.TOTL.ZG?format=json&per_page=1000 HTTP/1.1" 200 None
2026-10-07 04:27:33,879 INFO sdm.collect.base: TR.cpi_yoy.WORLDBANK: 66 obs, 66 new, 0 revised, last 2025-12-31
2026-10-07 04:27:34,150 DEBUG urllib3.connectionpool: https://api.worldbank.org:443 "GET /v2/country/TUR/indicator/GC.XPN.INTP.RV.ZS?format=json&per_page=1000 HTTP/1.1" 200 None
2026-10-07 04:27:34,154 INFO sdm.collect.base: TR.interest_to_revenue.WORLDBANK: 43 obs, 43 new, 0 revised, last 2024-12-31
2026-10-07 04:27:34,424 DEBUG urllib3.connectionpool: https://api.worldbank.org:443 "GET /v2/country/TUR/indicator/PA.NUS.FCRF?format=json&per_page=1000 HTTP/1.1" 200 None
2026-10-07 04:27:34,427 INFO sdm.collect.base: TR.fx_lcu_per_usd.WORLDBANK: 66 obs, 66 new, 0 revised, last 2025-12-31
2026-10-07 04:27:34,698 DEBUG urllib3.connectionpool: https://api.worldbank.org:443 "GET /v2/country/TUR/indicator/FI.RES.TOTL.CD?format=json&per_page=1000 HTTP/1.1" 200 None
2026-10-07 04:27:34,702 INFO sdm.collect.base: TR.fx_reserves_usd.WORLDBANK: 66 obs, 66 new, 0 revised, last 2025-12-31
2026-10-07 04:27:34,960 DEBUG urllib3.connectionpool: https://api.worldbank.org:443 "GET /v2/country/RUS/indicator/GC.DOD.TOTL.GD.ZS?format=json&per_page=1000 HTTP/1.1" 200 None
2026-10-07 04:27:34,964 INFO sdm.collect.base: RU.gg_debt_gdp.WORLDBANK: 25 obs, 25 new, 0 revised, last 2024-12-31
2026-10-07 04:27:35,195 DEBUG urllib3.connectionpool: https://api.worldbank.org:443 "GET /v2/country/RUS/indicator/NY.GDP.MKTP.CN?format=json&per_page=1000 HTTP/1.1" 200 None
2026-10-07 04:27:35,199 INFO sdm.collect.base: RU.ngdp_lcu.WORLDBANK: 38 obs, 38 new, 0 revised, last 2025-12-31
2026-10-07 04:27:35,481 DEBUG urllib3.connectionpool: https://api.worldbank.org:443 "GET /v2/country/RUS/indicator/FP.CPI.TOTL.ZG?format=json&per_page=1000 HTTP/1.1" 200 None
2026-10-07 04:27:35,485 INFO sdm.collect.base: RU.cpi_yoy.WORLDBANK: 33 obs, 33 new, 0 revised, last 2025-12-31
2026-10-07 04:27:35,961 DEBUG urllib3.connectionpool: https://api.worldbank.org:443 "GET /v2/country/RUS/indicator/GC.XPN.INTP.RV.ZS?format=json&per_page=1000 HTTP/1.1" 200 None
2026-10-07 04:27:35,965 INFO sdm.collect.base: RU.interest_to_revenue.WORLDBANK: 22 obs, 22 new, 0 revised, last 2020-12-31
2026-10-07 04:27:36,196 DEBUG urllib3.connectionpool: https://api.worldbank.org:443 "GET /v2/country/RUS/indicator/PA.NUS.FCRF?format=json&per_page=1000 HTTP/1.1" 200 None
2026-10-07 04:27:36,199 INFO sdm.collect.base: RU.fx_lcu_per_usd.WORLDBANK: 30 obs, 30 new, 0 revised, last 2024-12-31
2026-10-07 04:27:36,512 DEBUG urllib3.connectionpool: https://api.worldbank.org:443 "GET /v2/country/RUS/indicator/FI.RES.TOTL.CD?format=json&per_page=1000 HTTP/1.1" 200 None
2026-10-07 04:27:36,515 INFO sdm.collect.base: RU.fx_reserves_usd.WORLDBANK: 32 obs, 32 new, 0 revised, last 2024-12-31
2026-10-07 04:27:36,776 DEBUG urllib3.connectionpool: https://api.worldbank.org:443 "GET /v2/country/BRA/indicator/GC.DOD.TOTL.GD.ZS?format=json&per_page=1000 HTTP/1.1" 200 None
2026-10-07 04:27:36,780 INFO sdm.collect.base: BR.gg_debt_gdp.WORLDBANK: 15 obs, 15 new, 0 revised, last 2024-12-31
2026-10-07 04:27:37,112 DEBUG urllib3.connectionpool: https://api.worldbank.org:443 "GET /v2/country/BRA/indicator/NY.GDP.MKTP.CN?format=json&per_page=1000 HTTP/1.1" 200 None
2026-10-07 04:27:37,116 INFO sdm.collect.base: BR.ngdp_lcu.WORLDBANK: 66 obs, 66 new, 0 revised, last 2025-12-31
2026-10-07 04:27:37,352 DEBUG urllib3.connectionpool: https://api.worldbank.org:443 "GET /v2/country/BRA/indicator/FP.CPI.TOTL.ZG?format=json&per_page=1000 HTTP/1.1" 200 None
2026-10-07 04:27:37,355 INFO sdm.collect.base: BR.cpi_yoy.WORLDBANK: 45 obs, 45 new, 0 revised, last 2025-12-31
2026-10-07 04:27:37,618 DEBUG urllib3.connectionpool: https://api.worldbank.org:443 "GET /v2/country/BRA/indicator/GC.XPN.INTP.RV.ZS?format=json&per_page=1000 HTTP/1.1" 200 None
2026-10-07 04:27:37,622 INFO sdm.collect.base: BR.interest_to_revenue.WORLDBANK: 15 obs, 15 new, 0 revised, last 2024-12-31
2026-10-07 04:27:37,870 DEBUG urllib3.connectionpool: https://api.worldbank.org:443 "GET /v2/country/BRA/indicator/PA.NUS.FCRF?format=json&per_page=1000 HTTP/1.1" 200 None
2026-10-07 04:27:37,873 INFO sdm.collect.base: BR.fx_lcu_per_usd.WORLDBANK: 66 obs, 66 new, 0 revised, last 2025-12-31
2026-10-07 04:27:38,093 DEBUG urllib3.connectionpool: https://api.worldbank.org:443 "GET /v2/country/BRA/indicator/FI.RES.TOTL.CD?format=json&per_page=1000 HTTP/1.1" 200 None
2026-10-07 04:27:38,097 INFO sdm.collect.base: BR.fx_reserves_usd.WORLDBANK: 66 obs, 66 new, 0 revised, last 2025-12-31
2026-10-07 04:27:38,487 DEBUG urllib3.connectionpool: https://api.worldbank.org:443 "GET /v2/country/MEX/indicator/GC.DOD.TOTL.GD.ZS?format=json&per_page=1000 HTTP/1.1" 200 None
2026-10-07 04:27:38,490 INFO sdm.collect.base: MX.gg_debt_gdp.WORLDBANK: 17 obs, 17 new, 0 revised, last 2024-12-31
2026-10-07 04:27:38,727 DEBUG urllib3.connectionpool: https://api.worldbank.org:443 "GET /v2/country/MEX/indicator/NY.GDP.MKTP.CN?format=json&per_page=1000 HTTP/1.1" 200 None
2026-10-07 04:27:38,731 INFO sdm.collect.base: MX.ngdp_lcu.WORLDBANK: 66 obs, 66 new, 0 revised, last 2025-12-31
2026-10-07 04:27:38,981 DEBUG urllib3.connectionpool: https://api.worldbank.org:443 "GET /v2/country/MEX/indicator/FP.CPI.TOTL.ZG?format=json&per_page=1000 HTTP/1.1" 200 None
2026-10-07 04:27:38,985 INFO sdm.collect.base: MX.cpi_yoy.WORLDBANK: 66 obs, 66 new, 0 revised, last 2025-12-31
2026-10-07 04:27:39,251 DEBUG urllib3.connectionpool: https://api.worldbank.org:443 "GET /v2/country/MEX/indicator/GC.XPN.INTP.RV.ZS?format=json&per_page=1000 HTTP/1.1" 200 None
2026-10-07 04:27:39,254 INFO sdm.collect.base: MX.interest_to_revenue.WORLDBANK: 46 obs, 46 new, 0 revised, last 2024-12-31
2026-10-07 04:27:39,591 DEBUG urllib3.connectionpool: https://api.worldbank.org:443 "GET /v2/country/MEX/indicator/PA.NUS.FCRF?format=json&per_page=1000 HTTP/1.1" 200 None
2026-10-07 04:27:39,595 INFO sdm.collect.base: MX.fx_lcu_per_usd.WORLDBANK: 66 obs, 66 new, 0 revised, last 2025-12-31
2026-10-07 04:27:39,865 DEBUG urllib3.connectionpool: https://api.worldbank.org:443 "GET /v2/country/MEX/indicator/FI.RES.TOTL.CD?format=json&per_page=1000 HTTP/1.1" 200 None
2026-10-07 04:27:39,868 INFO sdm.collect.base: MX.fx_reserves_usd.WORLDBANK: 66 obs, 66 new, 0 revised, last 2025-12-31
2026-10-07 04:27:40,115 DEBUG urllib3.connectionpool: https://api.worldbank.org:443 "GET /v2/country/GRC/indicator/GC.DOD.TOTL.GD.ZS?format=json&per_page=1000 HTTP/1.1" 200 None
2026-10-07 04:27:40,118 WARNING sdm.collect.base: GR.gg_debt_gdp.WORLDBANK: FAILED no observations parsed
2026-10-07 04:27:40,381 DEBUG urllib3.connectionpool: https://api.worldbank.org:443 "GET /v2/country/GRC/indicator/NY.GDP.MKTP.CN?format=json&per_page=1000 HTTP/1.1" 200 None
2026-10-07 04:27:40,385 INFO sdm.collect.base: GR.ngdp_lcu.WORLDBANK: 66 obs, 66 new, 0 revised, last 2025-12-31
2026-10-07 04:27:40,604 DEBUG urllib3.connectionpool: https://api.worldbank.org:443 "GET /v2/country/GRC/indicator/FP.CPI.TOTL.ZG?format=json&per_page=1000 HTTP/1.1" 200 None
2026-10-07 04:27:40,608 INFO sdm.collect.base: GR.cpi_yoy.WORLDBANK: 66 obs, 66 new, 0 revised, last 2025-12-31
2026-10-07 04:27:40,826 DEBUG urllib3.connectionpool: https://api.worldbank.org:443 "GET /v2/country/GRC/indicator/GC.XPN.INTP.RV.ZS?format=json&per_page=1000 HTTP/1.1" 200 None
2026-10-07 04:27:40,830 INFO sdm.collect.base: GR.interest_to_revenue.WORLDBANK: 47 obs, 47 new, 0 revised, last 2024-12-31
2026-10-07 04:27:41,047 DEBUG urllib3.connectionpool: https://api.worldbank.org:443 "GET /v2/country/GRC/indicator/PA.NUS.FCRF?format=json&per_page=1000 HTTP/1.1" 200 None
2026-10-07 04:27:41,051 INFO sdm.collect.base: GR.fx_lcu_per_usd.WORLDBANK: 66 obs, 66 new, 0 revised, last 2025-12-31
2026-10-07 04:27:41,329 DEBUG urllib3.connectionpool: https://api.worldbank.org:443 "GET /v2/country/GRC/indicator/FI.RES.TOTL.CD?format=json&per_page=1000 HTTP/1.1" 200 None
2026-10-07 04:27:41,333 INFO sdm.collect.base: GR.fx_reserves_usd.WORLDBANK: 66 obs, 66 new, 0 revised, last 2025-12-31
2026-10-07 04:27:41,587 DEBUG urllib3.connectionpool: https://api.worldbank.org:443 "GET /v2/country/SWE/indicator/GC.DOD.TOTL.GD.ZS?format=json&per_page=1000 HTTP/1.1" 200 None
2026-10-07 04:27:41,590 WARNING sdm.collect.base: SE.gg_debt_gdp.WORLDBANK: FAILED no observations parsed
2026-10-07 04:27:41,959 DEBUG urllib3.connectionpool: https://api.worldbank.org:443 "GET /v2/country/SWE/indicator/NY.GDP.MKTP.CN?format=json&per_page=1000 HTTP/1.1" 200 None
2026-10-07 04:27:41,962 INFO sdm.collect.base: SE.ngdp_lcu.WORLDBANK: 66 obs, 66 new, 0 revised, last 2025-12-31
2026-10-07 04:27:42,344 DEBUG urllib3.connectionpool: https://api.worldbank.org:443 "GET /v2/country/SWE/indicator/FP.CPI.TOTL.ZG?format=json&per_page=1000 HTTP/1.1" 200 None
2026-10-07 04:27:42,348 INFO sdm.collect.base: SE.cpi_yoy.WORLDBANK: 66 obs, 66 new, 0 revised, last 2025-12-31
2026-10-07 04:27:42,595 DEBUG urllib3.connectionpool: https://api.worldbank.org:443 "GET /v2/country/SWE/indicator/GC.XPN.INTP.RV.ZS?format=json&per_page=1000 HTTP/1.1" 200 None
2026-10-07 04:27:42,599 INFO sdm.collect.base: SE.interest_to_revenue.WORLDBANK: 53 obs, 53 new, 0 revised, last 2024-12-31
2026-10-07 04:27:43,058 DEBUG urllib3.connectionpool: https://api.worldbank.org:443 "GET /v2/country/SWE/indicator/PA.NUS.FCRF?format=json&per_page=1000 HTTP/1.1" 200 None
2026-10-07 04:27:43,062 INFO sdm.collect.base: SE.fx_lcu_per_usd.WORLDBANK: 66 obs, 66 new, 0 revised, last 2025-12-31
2026-10-07 04:27:43,318 DEBUG urllib3.connectionpool: https://api.worldbank.org:443 "GET /v2/country/SWE/indicator/FI.RES.TOTL.CD?format=json&per_page=1000 HTTP/1.1" 200 None
2026-10-07 04:27:43,321 INFO sdm.collect.base: SE.fx_reserves_usd.WORLDBANK: 66 obs, 66 new, 0 revised, last 2025-12-31
2026-10-07 04:27:43,345 INFO sdm.collect.registry: == jst
2026-10-07 04:27:43,346 DEBUG urllib3.connectionpool: Starting new HTTPS connection (1): www.macrohistory.net:443
2026-10-07 04:27:43,605 DEBUG urllib3.connectionpool: https://www.macrohistory.net:443 "GET /app/download/9834512469/JSTdatasetR6.xlsx HTTP/1.1" 302 None
2026-10-07 04:27:43,606 DEBUG urllib3.connectionpool: Starting new HTTPS connection (1): sfff5b3ac9317c4be.jimcontent.com:443
2026-10-07 04:27:43,775 DEBUG urllib3.connectionpool: https://sfff5b3ac9317c4be.jimcontent.com:443 "GET /download/version/0/module/9834512469/name/JSTdatasetR6.xlsx HTTP/1.1" 200 1098335
2026-10-07 04:27:43,844 INFO sdm.collect.base: US.gg_debt_gdp.JST: 151 obs, 151 new, 0 revised, last 2020-12-31
2026-10-07 04:27:43,848 INFO sdm.collect.base: US.yield_10y.JST: 151 obs, 151 new, 0 revised, last 2020-12-31
2026-10-07 04:27:43,852 INFO sdm.collect.base: US.yield_3m.JST: 151 obs, 151 new, 0 revised, last 2020-12-31
2026-10-07 04:27:43,855 INFO sdm.collect.base: US.cpi_index.JST: 151 obs, 151 new, 0 revised, last 2020-12-31
2026-10-07 04:27:43,859 INFO sdm.collect.base: US.ngdp_lcu.JST: 151 obs, 151 new, 0 revised, last 2020-12-31
2026-10-07 04:27:43,863 INFO sdm.collect.base: US.gg_revenue_lcu.JST: 151 obs, 151 new, 0 revised, last 2020-12-31
2026-10-07 04:27:43,866 INFO sdm.collect.base: US.gg_expenditure_lcu.JST: 151 obs, 151 new, 0 revised, last 2020-12-31
2026-10-07 04:27:43,870 INFO sdm.collect.base: US.fx_lcu_per_usd.JST: 151 obs, 151 new, 0 revised, last 2020-12-31
2026-10-07 04:27:43,874 INFO sdm.collect.base: US.bond_total_return.JST: 150 obs, 150 new, 0 revised, last 2020-12-31
2026-10-07 04:27:43,878 INFO sdm.collect.base: US.equity_total_return.JST: 149 obs, 149 new, 0 revised, last 2020-12-31
2026-10-07 04:27:43,882 INFO sdm.collect.base: GB.gg_debt_gdp.JST: 151 obs, 151 new, 0 revised, last 2020-12-31
2026-10-07 04:27:43,885 INFO sdm.collect.base: GB.yield_10y.JST: 151 obs, 151 new, 0 revised, last 2020-12-31
2026-10-07 04:27:43,889 INFO sdm.collect.base: GB.yield_3m.JST: 151 obs, 151 new, 0 revised, last 2020-12-31
2026-10-07 04:27:43,893 INFO sdm.collect.base: GB.cpi_index.JST: 151 obs, 151 new, 0 revised, last 2020-12-31
2026-10-07 04:27:43,897 INFO sdm.collect.base: GB.ngdp_lcu.JST: 151 obs, 151 new, 0 revised, last 2020-12-31
2026-10-07 04:27:43,901 INFO sdm.collect.base: GB.gg_revenue_lcu.JST: 151 obs, 151 new, 0 revised, last 2020-12-31
2026-10-07 04:27:43,904 INFO sdm.collect.base: GB.gg_expenditure_lcu.JST: 151 obs, 151 new, 0 revised, last 2020-12-31
2026-10-07 04:27:43,908 INFO sdm.collect.base: GB.fx_lcu_per_usd.JST: 151 obs, 151 new, 0 revised, last 2020-12-31
2026-10-07 04:27:43,912 INFO sdm.collect.base: GB.bond_total_return.JST: 151 obs, 151 new, 0 revised, last 2020-12-31
2026-10-07 04:27:43,916 INFO sdm.collect.base: GB.equity_total_return.JST: 150 obs, 150 new, 0 revised, last 2020-12-31
2026-10-07 04:27:43,920 INFO sdm.collect.base: JP.gg_debt_gdp.JST: 145 obs, 145 new, 0 revised, last 2020-12-31
2026-10-07 04:27:43,924 INFO sdm.collect.base: JP.yield_10y.JST: 151 obs, 151 new, 0 revised, last 2020-12-31
2026-10-07 04:27:43,928 INFO sdm.collect.base: JP.yield_3m.JST: 124 obs, 124 new, 0 revised, last 2020-12-31
2026-10-07 04:27:43,931 INFO sdm.collect.base: JP.cpi_index.JST: 151 obs, 151 new, 0 revised, last 2020-12-31
2026-10-07 04:27:43,935 INFO sdm.collect.base: JP.ngdp_lcu.JST: 145 obs, 145 new, 0 revised, last 2020-12-31
2026-10-07 04:27:43,939 INFO sdm.collect.base: JP.gg_revenue_lcu.JST: 150 obs, 150 new, 0 revised, last 2019-12-31
2026-10-07 04:27:43,943 INFO sdm.collect.base: JP.gg_expenditure_lcu.JST: 150 obs, 150 new, 0 revised, last 2019-12-31
2026-10-07 04:27:43,947 INFO sdm.collect.base: JP.fx_lcu_per_usd.JST: 149 obs, 149 new, 0 revised, last 2020-12-31
2026-10-07 04:27:43,951 INFO sdm.collect.base: JP.bond_total_return.JST: 140 obs, 140 new, 0 revised, last 2020-12-31
2026-10-07 04:27:43,955 INFO sdm.collect.base: JP.equity_total_return.JST: 133 obs, 133 new, 0 revised, last 2020-12-31
2026-10-07 04:27:43,959 INFO sdm.collect.base: AU.gg_debt_gdp.JST: 151 obs, 151 new, 0 revised, last 2020-12-31
2026-10-07 04:27:43,963 INFO sdm.collect.base: AU.yield_10y.JST: 151 obs, 151 new, 0 revised, last 2020-12-31
2026-10-07 04:27:43,967 INFO sdm.collect.base: AU.yield_3m.JST: 148 obs, 148 new, 0 revised, last 2020-12-31
2026-10-07 04:27:43,971 INFO sdm.collect.base: AU.cpi_index.JST: 151 obs, 151 new, 0 revised, last 2020-12-31
2026-10-07 04:27:43,975 INFO sdm.collect.base: AU.ngdp_lcu.JST: 151 obs, 151 new, 0 revised, last 2020-12-31
2026-10-07 04:27:43,979 INFO sdm.collect.base: AU.gg_revenue_lcu.JST: 118 obs, 118 new, 0 revised, last 2019-12-31
2026-10-07 04:27:43,983 INFO sdm.collect.base: AU.gg_expenditure_lcu.JST: 118 obs, 118 new, 0 revised, last 2019-12-31
2026-10-07 04:27:43,987 INFO sdm.collect.base: AU.fx_lcu_per_usd.JST: 151 obs, 151 new, 0 revised, last 2020-12-31
2026-10-07 04:27:43,991 INFO sdm.collect.base: AU.bond_total_return.JST: 121 obs, 121 new, 0 revised, last 2020-12-31
2026-10-07 04:27:43,995 INFO sdm.collect.base: AU.equity_total_return.JST: 151 obs, 151 new, 0 revised, last 2020-12-31
2026-10-07 04:27:43,999 INFO sdm.collect.base: CA.gg_debt_gdp.JST: 151 obs, 151 new, 0 revised, last 2020-12-31
2026-10-07 04:27:44,003 INFO sdm.collect.base: CA.yield_10y.JST: 151 obs, 151 new, 0 revised, last 2020-12-31
2026-10-07 04:27:44,007 INFO sdm.collect.base: CA.yield_3m.JST: 87 obs, 87 new, 0 revised, last 2020-12-31
2026-10-07 04:27:44,012 INFO sdm.collect.base: CA.cpi_index.JST: 151 obs, 151 new, 0 revised, last 2020-12-31
2026-10-07 04:27:44,016 INFO sdm.collect.base: CA.ngdp_lcu.JST: 151 obs, 151 new, 0 revised, last 2020-12-31
2026-10-07 04:27:44,020 INFO sdm.collect.base: CA.gg_revenue_lcu.JST: 151 obs, 151 new, 0 revised, last 2020-12-31
2026-10-07 04:27:44,024 INFO sdm.collect.base: CA.gg_expenditure_lcu.JST: 151 obs, 151 new, 0 revised, last 2020-12-31
2026-10-07 04:27:44,028 INFO sdm.collect.base: CA.fx_lcu_per_usd.JST: 151 obs, 151 new, 0 revised, last 2020-12-31
2026-10-07 04:27:44,031 WARNING sdm.collect.base: CA.bond_total_return.JST: FAILED no observations parsed
2026-10-07 04:27:44,034 WARNING sdm.collect.base: CA.equity_total_return.JST: FAILED no observations parsed
2026-10-07 04:27:44,038 INFO sdm.collect.base: CH.gg_debt_gdp.JST: 141 obs, 141 new, 0 revised, last 2020-12-31
2026-10-07 04:27:44,042 INFO sdm.collect.base: CH.yield_10y.JST: 141 obs, 141 new, 0 revised, last 2020-12-31
2026-10-07 04:27:44,046 INFO sdm.collect.base: CH.yield_3m.JST: 151 obs, 151 new, 0 revised, last 2020-12-31
2026-10-07 04:27:44,050 INFO sdm.collect.base: CH.cpi_index.JST: 151 obs, 151 new, 0 revised, last 2020-12-31
2026-10-07 04:27:44,055 INFO sdm.collect.base: CH.ngdp_lcu.JST: 151 obs, 151 new, 0 revised, last 2020-12-31
2026-10-07 04:27:44,059 INFO sdm.collect.base: CH.gg_revenue_lcu.JST: 151 obs, 151 new, 0 revised, last 2020-12-31
2026-10-07 04:27:44,063 INFO sdm.collect.base: CH.gg_expenditure_lcu.JST: 150 obs, 150 new, 0 revised, last 2020-12-31
2026-10-07 04:27:44,067 INFO sdm.collect.base: CH.fx_lcu_per_usd.JST: 151 obs, 151 new, 0 revised, last 2020-12-31
2026-10-07 04:27:44,072 INFO sdm.collect.base: CH.bond_total_return.JST: 120 obs, 120 new, 0 revised, last 2020-12-31
2026-10-07 04:27:44,076 INFO sdm.collect.base: CH.equity_total_return.JST: 121 obs, 121 new, 0 revised, last 2020-12-31
2026-10-07 04:27:44,080 INFO sdm.collect.base: DE.gg_debt_gdp.JST: 131 obs, 131 new, 0 revised, last 2020-12-31
2026-10-07 04:27:44,084 INFO sdm.collect.base: DE.yield_10y.JST: 145 obs, 145 new, 0 revised, last 2020-12-31
2026-10-07 04:27:44,089 INFO sdm.collect.base: DE.yield_3m.JST: 145 obs, 145 new, 0 revised, last 2020-12-31
2026-10-07 04:27:44,093 INFO sdm.collect.base: DE.cpi_index.JST: 151 obs, 151 new, 0 revised, last 2020-12-31
2026-10-07 04:27:44,097 INFO sdm.collect.base: DE.ngdp_lcu.JST: 150 obs, 150 new, 0 revised, last 2020-12-31
2026-10-07 04:27:44,101 INFO sdm.collect.base: DE.gg_revenue_lcu.JST: 128 obs, 128 new, 0 revised, last 2020-12-31
2026-10-07 04:27:44,106 INFO sdm.collect.base: DE.gg_expenditure_lcu.JST: 127 obs, 127 new, 0 revised, last 2020-12-31
2026-10-07 04:27:44,110 INFO sdm.collect.base: DE.fx_lcu_per_usd.JST: 150 obs, 150 new, 0 revised, last 2020-12-31
2026-10-07 04:27:44,114 INFO sdm.collect.base: DE.bond_total_return.JST: 146 obs, 146 new, 0 revised, last 2020-12-31
2026-10-07 04:27:44,119 INFO sdm.collect.base: DE.equity_total_return.JST: 151 obs, 151 new, 0 revised, last 2020-12-31
2026-10-07 04:27:44,123 INFO sdm.collect.base: FR.gg_debt_gdp.JST: 125 obs, 125 new, 0 revised, last 2020-12-31
2026-10-07 04:27:44,127 INFO sdm.collect.base: FR.yield_10y.JST: 151 obs, 151 new, 0 revised, last 2020-12-31
2026-10-07 04:27:44,132 INFO sdm.collect.base: FR.yield_3m.JST: 144 obs, 144 new, 0 revised, last 2020-12-31
2026-10-07 04:27:44,136 INFO sdm.collect.base: FR.cpi_index.JST: 151 obs, 151 new, 0 revised, last 2020-12-31
2026-10-07 04:27:44,140 INFO sdm.collect.base: FR.ngdp_lcu.JST: 151 obs, 151 new, 0 revised, last 2020-12-31
2026-10-07 04:27:44,145 INFO sdm.collect.base: FR.gg_revenue_lcu.JST: 151 obs, 151 new, 0 revised, last 2020-12-31
2026-10-07 04:27:44,149 INFO sdm.collect.base: FR.gg_expenditure_lcu.JST: 151 obs, 151 new, 0 revised, last 2020-12-31
2026-10-07 04:27:44,153 INFO sdm.collect.base: FR.fx_lcu_per_usd.JST: 151 obs, 151 new, 0 revised, last 2020-12-31
2026-10-07 04:27:44,158 INFO sdm.collect.base: FR.bond_total_return.JST: 151 obs, 151 new, 0 revised, last 2020-12-31
2026-10-07 04:27:44,162 INFO sdm.collect.base: FR.equity_total_return.JST: 151 obs, 151 new, 0 revised, last 2020-12-31
2026-10-07 04:27:44,167 INFO sdm.collect.base: IT.gg_debt_gdp.JST: 151 obs, 151 new, 0 revised, last 2020-12-31
2026-10-07 04:27:44,171 INFO sdm.collect.base: IT.yield_10y.JST: 151 obs, 151 new, 0 revised, last 2020-12-31
2026-10-07 04:27:44,175 INFO sdm.collect.base: IT.yield_3m.JST: 131 obs, 131 new, 0 revised, last 2020-12-31
2026-10-07 04:27:44,180 INFO sdm.collect.base: IT.cpi_index.JST: 151 obs, 151 new, 0 revised, last 2020-12-31
2026-10-07 04:27:44,184 INFO sdm.collect.base: IT.ngdp_lcu.JST: 151 obs, 151 new, 0 revised, last 2020-12-31
2026-10-07 04:27:44,189 INFO sdm.collect.base: IT.gg_revenue_lcu.JST: 151 obs, 151 new, 0 revised, last 2020-12-31
2026-10-07 04:27:44,193 INFO sdm.collect.base: IT.gg_expenditure_lcu.JST: 151 obs, 151 new, 0 revised, last 2020-12-31
2026-10-07 04:27:44,197 INFO sdm.collect.base: IT.fx_lcu_per_usd.JST: 151 obs, 151 new, 0 revised, last 2020-12-31
2026-10-07 04:27:44,202 INFO sdm.collect.base: IT.bond_total_return.JST: 151 obs, 151 new, 0 revised, last 2020-12-31
2026-10-07 04:27:44,206 INFO sdm.collect.base: IT.equity_total_return.JST: 151 obs, 151 new, 0 revised, last 2020-12-31
2026-10-07 04:27:44,211 INFO sdm.collect.base: NL.gg_debt_gdp.JST: 145 obs, 145 new, 0 revised, last 2020-12-31
2026-10-07 04:27:44,215 INFO sdm.collect.base: NL.yield_10y.JST: 150 obs, 150 new, 0 revised, last 2020-12-31
2026-10-07 04:27:44,220 INFO sdm.collect.base: NL.yield_3m.JST: 151 obs, 151 new, 0 revised, last 2020-12-31
2026-10-07 04:27:44,224 INFO sdm.collect.base: NL.cpi_index.JST: 151 obs, 151 new, 0 revised, last 2020-12-31
2026-10-07 04:27:44,229 INFO sdm.collect.base: NL.ngdp_lcu.JST: 139 obs, 139 new, 0 revised, last 2020-12-31
2026-10-07 04:27:44,233 INFO sdm.collect.base: NL.gg_revenue_lcu.JST: 151 obs, 151 new, 0 revised, last 2020-12-31
2026-10-07 04:27:44,237 INFO sdm.collect.base: NL.gg_expenditure_lcu.JST: 151 obs, 151 new, 0 revised, last 2020-12-31
2026-10-07 04:27:44,242 INFO sdm.collect.base: NL.fx_lcu_per_usd.JST: 151 obs, 151 new, 0 revised, last 2020-12-31
2026-10-07 04:27:44,246 INFO sdm.collect.base: NL.bond_total_return.JST: 151 obs, 151 new, 0 revised, last 2020-12-31
2026-10-07 04:27:44,251 INFO sdm.collect.base: NL.equity_total_return.JST: 121 obs, 121 new, 0 revised, last 2020-12-31
2026-10-07 04:27:44,255 INFO sdm.collect.base: SE.gg_debt_gdp.JST: 151 obs, 151 new, 0 revised, last 2020-12-31
2026-10-07 04:27:44,260 INFO sdm.collect.base: SE.yield_10y.JST: 151 obs, 151 new, 0 revised, last 2020-12-31
2026-10-07 04:27:44,264 INFO sdm.collect.base: SE.yield_3m.JST: 151 obs, 151 new, 0 revised, last 2020-12-31
2026-10-07 04:27:44,269 INFO sdm.collect.base: SE.cpi_index.JST: 151 obs, 151 new, 0 revised, last 2020-12-31
2026-10-07 04:27:44,273 INFO sdm.collect.base: SE.ngdp_lcu.JST: 151 obs, 151 new, 0 revised, last 2020-12-31
2026-10-07 04:27:44,278 INFO sdm.collect.base: SE.gg_revenue_lcu.JST: 151 obs, 151 new, 0 revised, last 2020-12-31
2026-10-07 04:27:44,283 INFO sdm.collect.base: SE.gg_expenditure_lcu.JST: 151 obs, 151 new, 0 revised, last 2020-12-31
2026-10-07 04:27:44,287 INFO sdm.collect.base: SE.fx_lcu_per_usd.JST: 151 obs, 151 new, 0 revised, last 2020-12-31
2026-10-07 04:27:44,292 INFO sdm.collect.base: SE.bond_total_return.JST: 150 obs, 150 new, 0 revised, last 2020-12-31
2026-10-07 04:27:44,296 INFO sdm.collect.base: SE.equity_total_return.JST: 150 obs, 150 new, 0 revised, last 2020-12-31
2026-10-07 04:27:44,402 INFO sdm.collect.registry: == manual
bis              ok= 87 failed=  5 new= 55537 revised=    0
    FAIL AR.gg_debt_gdp.BIS: HttpError: HTTP 404 for https://stats.bis.org/api/v2/data/dataflow/BIS/WS_TC/2.0/Q.AR.G.A.M.770.A?format=csv: <?xml version="1.0" ?>
<message:Error xmlns:xsi="h
    FAIL RU.cb_total_assets_lcu.BIS: HttpError: HTTP 404 for https://stats.bis.org/api/v2/data/dataflow/BIS/WS_CBTA/1.0/M.RU?format=csv: <?xml version="1.0" ?>
<message:Error xmlns:xsi="http://www.
    FAIL RU.gg_debt_gdp.BIS: HttpError: HTTP 404 for https://stats.bis.org/api/v2/data/dataflow/BIS/WS_TC/2.0/Q.RU.G.A.M.770.A?format=csv: <?xml version="1.0" ?>
<message:Error xmlns:xsi="h
    FAIL BR.gg_debt_gdp.BIS: HttpError: HTTP 404 for https://stats.bis.org/api/v2/data/dataflow/BIS/WS_TC/2.0/Q.BR.G.A.M.770.A?format=csv: <?xml version="1.0" ?>
<message:Error xmlns:xsi="h
    FAIL MX.gg_debt_gdp.BIS: HttpError: HTTP 404 for https://stats.bis.org/api/v2/data/dataflow/BIS/WS_TC/2.0/Q.MX.G.A.M.770.A?format=csv: <?xml version="1.0" ?>
<message:Error xmlns:xsi="h
imf_datamapper   ok= 89 failed= 37 new=  5135 revised=    0
    FAIL US.gg_primary_balance_gdp.IMF_WEO: ValueError: no values for GGXONLB_NGDP/USA: keys=[]
    FAIL US.gg_revenue_gdp.IMF_WEO: ValueError: no values for GGR_NGDP/USA: keys=[]
    FAIL GB.gg_primary_balance_gdp.IMF_WEO: ValueError: no values for GGXONLB_NGDP/GBR: keys=[]
    FAIL GB.gg_revenue_gdp.IMF_WEO: ValueError: no values for GGR_NGDP/GBR: keys=[]
    FAIL JP.gg_primary_balance_gdp.IMF_WEO: ValueError: no values for GGXONLB_NGDP/JPN: keys=[]
    FAIL JP.gg_revenue_gdp.IMF_WEO: ValueError: no values for GGR_NGDP/JPN: keys=[]
    FAIL AU.gg_primary_balance_gdp.IMF_WEO: ValueError: no values for GGXONLB_NGDP/AUS: keys=[]
    FAIL AU.gg_revenue_gdp.IMF_WEO: ValueError: no values for GGR_NGDP/AUS: keys=[]
    FAIL CA.gg_primary_balance_gdp.IMF_WEO: ValueError: no values for GGXONLB_NGDP/CAN: keys=[]
    FAIL CA.gg_revenue_gdp.IMF_WEO: ValueError: no values for GGR_NGDP/CAN: keys=[]
    FAIL CH.gg_primary_balance_gdp.IMF_WEO: ValueError: no values for GGXONLB_NGDP/CHE: keys=[]
    FAIL CH.gg_revenue_gdp.IMF_WEO: ValueError: no values for GGR_NGDP/CHE: keys=[]
    FAIL EA.gg_primary_balance_gdp.IMF_WEO: ValueError: no values for GGXONLB_NGDP/EURO: keys=[]
    FAIL EA.gg_revenue_gdp.IMF_WEO: ValueError: no values for GGR_NGDP/EURO: keys=[]
    FAIL EA.gg_interest_gdp.IMF_WEO: ValueError: no values for ie/EURO: keys=['USA', 'GBR', 'AUT', 'BEL', 'DNK']
    FAIL DE.gg_primary_balance_gdp.IMF_WEO: ValueError: no values for GGXONLB_NGDP/DEU: keys=[]
    FAIL DE.gg_revenue_gdp.IMF_WEO: ValueError: no values for GGR_NGDP/DEU: keys=[]
    FAIL FR.gg_primary_balance_gdp.IMF_WEO: ValueError: no values for GGXONLB_NGDP/FRA: keys=[]
    FAIL FR.gg_revenue_gdp.IMF_WEO: ValueError: no values for GGR_NGDP/FRA: keys=[]
    FAIL IT.gg_primary_balance_gdp.IMF_WEO: ValueError: no values for GGXONLB_NGDP/ITA: keys=[]
    FAIL IT.gg_revenue_gdp.IMF_WEO: ValueError: no values for GGR_NGDP/ITA: keys=[]
    FAIL NL.gg_primary_balance_gdp.IMF_WEO: ValueError: no values for GGXONLB_NGDP/NLD: keys=[]
    FAIL NL.gg_revenue_gdp.IMF_WEO: ValueError: no values for GGR_NGDP/NLD: keys=[]
    FAIL AR.gg_primary_balance_gdp.IMF_WEO: ValueError: no values for GGXONLB_NGDP/ARG: keys=[]
    FAIL AR.gg_revenue_gdp.IMF_WEO: ValueError: no values for GGR_NGDP/ARG: keys=[]
    FAIL TR.gg_primary_balance_gdp.IMF_WEO: ValueError: no values for GGXONLB_NGDP/TUR: keys=[]
    FAIL TR.gg_revenue_gdp.IMF_WEO: ValueError: no values for GGR_NGDP/TUR: keys=[]
    FAIL RU.gg_primary_balance_gdp.IMF_WEO: ValueError: no values for GGXONLB_NGDP/RUS: keys=[]
    FAIL RU.gg_revenue_gdp.IMF_WEO: ValueError: no values for GGR_NGDP/RUS: keys=[]
    FAIL BR.gg_primary_balance_gdp.IMF_WEO: ValueError: no values for GGXONLB_NGDP/BRA: keys=[]
    FAIL BR.gg_revenue_gdp.IMF_WEO: ValueError: no values for GGR_NGDP/BRA: keys=[]
    FAIL MX.gg_primary_balance_gdp.IMF_WEO: ValueError: no values for GGXONLB_NGDP/MEX: keys=[]
    FAIL MX.gg_revenue_gdp.IMF_WEO: ValueError: no values for GGR_NGDP/MEX: keys=[]
    FAIL GR.gg_primary_balance_gdp.IMF_WEO: ValueError: no values for GGXONLB_NGDP/GRC: keys=[]
    FAIL GR.gg_revenue_gdp.IMF_WEO: ValueError: no values for GGR_NGDP/GRC: keys=[]
    FAIL SE.gg_primary_balance_gdp.IMF_WEO: ValueError: no values for GGXONLB_NGDP/SWE: keys=[]
    FAIL SE.gg_revenue_gdp.IMF_WEO: ValueError: no values for GGR_NGDP/SWE: keys=[]
fred             ok= 51 failed=  0 new=195543 revised=  374
fiscaldata       ok=  5 failed=  1 new=  1276 revised=    0
    FAIL US.linkers_outstanding_lcu.US_TREASURY: ValueError: class 'Inflation-Protected Securities' not found; classes=['Bills', 'Bonds', 'Depositary Compensation Securities', 'Domestic Series', 'Federal Finan
boe              ok=  6 failed=  0 new= 57566 revised=    0
ons              ok=  6 failed=  0 new=  2262 revised=    0
dmo              ok=  1 failed=  3 new=     1 revised=    0
    FAIL GB.linker_share.UK_DMO: ParseError: not well-formed (invalid token): line 18, column 2398
    FAIL GB.bill_share.UK_DMO: ParseError: not well-formed (invalid token): line 18, column 2398
    FAIL GB.marketable_debt_lcu.UK_DMO: ParseError: not well-formed (invalid token): line 18, column 2398
boc              ok=  5 failed=  1 new= 32201 revised=    0
    FAIL CA.breakeven_10y.BOC: HttpError: HTTP 404 for https://www.bankofcanada.ca/valet/observations/BD.CDN.BEI.DQ.YLD/json?start_date=1970-01-01: {
    "message": "Series BD.CDN.BEI.DQ.YLD 
snb              ok=  4 failed=  0 new=  1710 revised=    0
ecb              ok= 50 failed=  2 new= 16508 revised=    0
    FAIL GR.cb_gov_holdings_lcu.ECB_PSPP: ValueError: Greece not in PSPP table: ['Austria', 'Belgium', 'Cyprus', 'Germany', 'Estonia', 'Spain', 'Finland', 'France', 'Ireland', 'Italy']
    FAIL EA.cb_total_assets_lcu.ECB: DateParseError: Unknown datetime string format, unable to parse: 1998-W53
eurostat         ok= 21 failed=  0 new=  2293 revised=    0
worldbank        ok= 39 failed=  3 new=  1969 revised=    0
    FAIL AR.gg_debt_gdp.WORLDBANK: ValueError: no observations parsed
    FAIL GR.gg_debt_gdp.WORLDBANK: ValueError: no observations parsed
    FAIL SE.gg_debt_gdp.WORLDBANK: ValueError: no observations parsed
jst              ok=108 failed=  2 new= 15797 revised=    0
    FAIL CA.bond_total_return.JST: ValueError: no observations parsed
    FAIL CA.equity_total_return.JST: ValueError: no observations parsed
manual           ok=  0 failed=  0 new=     0 revised=    0
472/526 series updated; log at data/update_log.json
