FREQ,REF_AREA,CURRENCY,COLLECTION,UNIT_MULT,DECIMALS,AVAILABILITY,TITLE,TIME_PERIOD,OBS_VALUE,OBS_STATUS,OBS_PRE_BREAK,OBS_CONF
M,AR,ARS,A,0,16,A, Exchange rates against USD Argentina - Argentine peso - Monthly - Average of observations through period,1940-01,4E-13,A,,F
M,AR,ARS,A,0,16,A, Exchange rates against USD Argentina - Argentine peso - Monthly - Average of observations through period,1940-02,4E-13,A,,F
M,AR,ARS,A,0,16,A, Exchange rates against USD Argentina - Argentine peso - Monthly - Average of observations through period,1940-03,4E-13,A,,F
M,AR,ARS,A,0,16,A, Exchange rates against USD Argentina - Argentine peso - Monthly - Average of observations through period,1940-04,4E-13,A,,F
M,AR,ARS,A,0,16,A, Exchange rates against USD Argentina - Argentine peso - Monthly - Average of observations through period,1940-05,4E-13,A,,F
M,AR,ARS,A,0,16,A, Exchange rates against USD Argentina - Argentine peso - Monthly - Average of observations through period,1940-06,5E-13,A,,F
M,AR,ARS,A,0,16,A, Exchange rates against USD Argentina - Argentine peso - Monthly - Average of observations through period,1940-07,5E-13,A,,F
M,AR,ARS,A,0,16,A, Exchange rates against USD Argentina - Argentine peso - Monthly - Average of observations through period,1940-08,4E-13,A,,F
M,AR,ARS,A,0,16,A, Exchange rates against USD Argentina - Argentine peso - Monthly - Average of observations through period,1940-09,4E-13,A,,F
M,AR,ARS,A,0,16,A, Exchange rates against USD Argentina - Argentine peso - Monthly - Average of observations through period,1940-10,4E-13,A,,F
M,AR,ARS,A,0,16,A, Exchange rates against USD Argentina - Argentine peso - Monthly - Average of observations through period,1940-11,4E-13,A,,F
M,AR,ARS,A,0,16,A, Exchange rates against USD Argentina - Argentine peso - Monthly - Average of observations through period,1940-12,4E-13,A,,F
M,AR,ARS,A,0,16,A, Exchange rates against USD Argentina - Argentine peso - Monthly - Average of observations through period,1941-01,4E-13,A,,F
M,AR,ARS,A,0,16,A, Exchange rates against USD Argentina - Argentine peso - Monthly - Average of observations through period,1941-02,4E-13,A,,F
M,AR,ARS,A,0,16,A, Exchange rates against USD Argentina - Argentine peso - Monthly - Average of observations through period,1941-03,4E-13,A,,F
M,AR,ARS,A,0,16,A, Exchange rates against USD Argentina - Argentine peso - Monthly - Average of observations through period,1941-04,4E-13,A,,F
M,AR,ARS,A,0,16,A, Exchange rates against USD Argentina - Argentine peso - Monthly - Average of observations through period,1941-05,4E-13,A,,F
M,AR,ARS,A,0,16,A, Exchange rates against USD Argentina - Argentine peso - Monthly - Average of observations through period,1941-06,4E-13,A,,F
M,AR,ARS,A,0,16,A, Exchange rates against USD Argentina - Argentine peso - Monthly - Average of observations through period,1941-07,4E-13,A,,F
M,AR,ARS,A,0,16,A, Exchange rates against USD Argentina - Argentine peso - Monthly - Average of observations through period,1941-08,4E-13,A,,F
M,AR,ARS,A,0,16,A, Exchange rates against USD Argentina - Argentine peso - Monthly - Average of observations through period,1941-09,4E-13,A,,F
M,AR,ARS,A,0,16,A, Exchange rates against USD Argentina - Argentine peso - Monthly - Average of observations through period,1941-10,4E-13,A,,F
M,AR,ARS,A,0,16,A, Exchange rates against USD Argentina - Argentine peso - Monthly - Average of observations through period,1941-11,4E-13,A,,F
M,AR,ARS,A,0,16,A, Exchange rates against USD Argentina - Argentine peso - Monthly - Average of observations through period,1941-12,4E-13,A,,F
M,AR,ARS,A,0,16,A, Exchange rates against USD Argentina - Argentine peso - Monthly - Average of observations through period,1942-01,4E-13,A,,F
M,AR,ARS,A,0,16,A, Exchange rates against USD Argentina - Argentine peso - Monthly - Average of observations through period,1942-02,4E-13,A,,F
M,AR,ARS,A,0,16,A, Exchange rates against USD Argentina - Argentine peso - Monthly - Average of observations through period,1942-03,4E-13,A,,F
M,AR,ARS,A,0,16,A, Exchange rates against USD Argentina - Argentine peso - Monthly - Average of observations through period,1942-04,4E-13,A,,F
M,AR,ARS,A,0,16,A, Exchange rates against USD Argentina - Argentine peso - Monthly - Average of observations through period,1942-05,4E-13,A,,F
M,AR,ARS,A,0,16,A, Exchange rates against USD Argentina - Argentine peso - Monthly - Average of observations through period,1942-06,4E-13,A,,F
M,AR,ARS,A,0,16,A, Exchange rates against USD Argentina - Argentine peso - Monthly - Average of observations through period,1942-07,4E-13,A,,F
M,AR,ARS,A,0,16,A, Exchange rates against USD Argentina - Argentine peso - Monthly - Average of observations through period,1942-08,4E-13,A,,F
M,AR,ARS,A,0,16,A, Exchange rates against USD Argentina - Argentine peso - Monthly - Average of observations through period,1942-09,4E-13,A,,F
M,AR,ARS,A,0,16,A, Exchange rates against USD Argentina - Argentine peso - Monthly - Average of observations through period,1942-10,4E-13,A,,F
M,AR,ARS,A,0,16,A, Exchange rates against USD Argentina - Argentine peso - Monthly - Average of observations through period,1942-11,4E-13,A,,F
M,AR,ARS,A,0,16,A, Exchange rates against USD Argentina - Argentine peso - Monthly - Average of observations through period,1942-12,4E-13,A,,F
M,AR,ARS,A,0,16,A, Exchange rates against USD Argentina - Argentine peso - Monthly - Average of observations through period,1943-01,4E-13,A,,F
M,AR,ARS,A,0,16,A, Exchange rates against USD Argentina - Argentine peso - Monthly - Average of observations through period,1943-02,4E-13,A,,F
M,AR,ARS,A,0,16,A, Exchange rates against USD Argentina - Argentine peso - Monthly - Average of observations through period,1943-03,4E-13,A,,F
M,AR,ARS,A,0,16,A, Exchange rates against USD Argentina - Argentine peso - Monthly - Average of observations through period,1943-04,4E-13,A,,F
M,AR,ARS,A,0,16,A, Exchange rates against USD Argentina - Argentine peso - Monthly - Average of observations through period,1943-05,4E-13,A,,F
M,AR,ARS,A,0,16,A, Exchange rates against USD Argentina - Argentine peso - Monthly - Average of observations through period,1943-06,4E-13,A,,F
M,AR,ARS,A,0,16,A, Exchange rates against USD Argentina - Argentine peso - Monthly - Average of observations through period,1943-07,4E-13,A,,F
M,AR,ARS,A,0,16,A, Exchange rates against USD Argentina - Argentine peso - Monthly - Average of observations through period,1943-08,4E-13,A,,F
M,AR,ARS,A,0,16,A, Exchange rates against USD Argentina - Argentine peso - Monthly - Average of observations through period,1943-09,4E-13,A,,F
M,AR,ARS,A,0,16,A, Exchange rates against USD Argentina - Argentine peso - Monthly - Average of observations through period,1943-10,4E-13,A,,F
M,AR,ARS,A,0,16,A, Exchange rates against USD Argentina - Argentine peso - Monthly - Average of observations through period,1943-11,4E-13,A,,F
M,AR,ARS,A,0,16,A, Exchange rates against USD Argentina - Argentine peso - Monthly - Average of observations through period,1943-12,4E-13,A,,F
M,AR,ARS,A,0,16,A, Exchange rates against USD Argentina - Argentine peso - Monthly - Average of observations through period,1944-01,4E-13,A,,F
M,AR,ARS,A,0,16,A, Exchange rates against USD Argentina - Argentine peso - Monthly - Average of observations through period,1944-02,4E-13,A,,F
M,AR,ARS,A,0,16,A, Exchange rates against USD Argentina - Argentine peso - Monthly - Average of observations through period,1944-03,4E-13,A,,F
M,AR,ARS,A,0,16,A, Exchange rates against USD Argentina - Argentine peso - Monthly - Average of observations through period,1944-04,4E-13,A,,F
M,AR,ARS,A,0,16,A, Exchange rates against USD Argentina - Argentine peso - Monthly - Average of observations through period,1944-05,4E-13,A,,F
M,AR,ARS,A,0,16,A, Exchange rates against USD Argentina - Argentine peso - Monthly - Average of observations through period,1944-06,4E-13,A,,F
M,AR,ARS,A,0,16,A, Exchange rates against USD Argentina - Argentine peso - Monthly - Average of observations through period,1944-07,4E-13,A,,F
M,AR,ARS,A,0,16,A, Exchange rates against USD Argentina - Argentine peso - Monthly - Average of observations through period,1944-08,4E-13,A,,F
M,AR,ARS,A,0,16,A, Exchange rates against USD Argentina - Argentine peso - Monthly - Average of observations through period,1944-09,4E-13,A,,F
M,AR,ARS,A,0,16,A, Exchange rates against USD Argentina - Argentine peso - Monthly - Average of observations through period,1944-10,4E-13,A,,F
M,AR,ARS,A,0,16,A, Exchange rates against USD Argentina - Argentine peso - Monthly - Average of observations through period,1944-11,4E-13,A,,F
M,AR,ARS,A,0,16,A, Exchange rates against USD Argentina - Argentine peso - Monthly - Average of observations through period,1944-12,4E-13,A,,F
M,AR,ARS,A,0,16,A, Exchange rates against USD Argentina - Argentine peso - Monthly - Average of observations through period,1945-01,4E-13,A,,F
M,AR,ARS,A,0,16,A, Exchange rates against USD Argentina - Argentine peso - Monthly - Average of observations through period,1945-02,4E-13,A,,F
M,AR,ARS,A,0,16,A, Exchange rates against USD Argentina - Argentine peso - Monthly - Average of observations through period,1945-03,4E-13,A,,F
M,AR,ARS,A,0,16,A, Exchange rates against USD Argentina - Argentine peso - Monthly - Average of observations through period,1945-04,4E-13,A,,F
M,AR,ARS,A,0,16,A, Exchange rates against USD Argentina - Argentine peso - Monthly - Average of observations through period,1945-05,4E-13,A,,F
M,AR,ARS,A,0,16,A, Exchange rates against USD Argentina - Argentine peso - Monthly - Average of observations through period,1945-06,4E-13,A,,F
M,AR,ARS,A,0,16,A, Exchange rates against USD Argentina - Argentine peso - Monthly - Average of observations through period,1945-07,4E-13,A,,F
M,AR,ARS,A,0,16,A, Exchange rates against USD Argentina - Argentine peso - Monthly - Average of observations through period,1945-08,4E-13,A,,F
M,AR,ARS,A,0,16,A, Exchange rates against USD Argentina - Argentine peso - Monthly - Average of observations through period,1945-09,4E-13,A,,F
M,AR,ARS,A,0,16,A, Exchange rates against USD Argentina - Argentine peso - Monthly - Average of observations through period,1945-10,4E-13,A,,F
M,AR,ARS,A,0,16,A, Exchange rates against USD Argentina - Argentine peso - Monthly - Average of observations through period,1945-11,4E-13,A,,F
M,AR,ARS,A,0,16,A, Exchange rates against USD Argentina - Argentine peso - Monthly - Average of observations through period,1945-12,4E-13,A,,F
M,AR,ARS,A,0,16,A, Exchange rates against USD Argentina - Argentine peso - Monthly - Average of observations through period,1946-01,4E-13,A,,F
M,AR,ARS,A,0,16,A, Exchange rates against USD Argentina - Argentine peso - Monthly - Average of observations through period,1946-02,4E-13,A,,F
M,AR,ARS,A,0,16,A, Exchange rates against USD Argentina - Argentine peso - Monthly - Average of observations through period,1946-03,4E-13,A,,F
M,AR,ARS,A,0,16,A, Exchange rates against USD Argentina - Argentine peso - Monthly - Average of observations through period,1946-04,4E-13,A,,F
M,AR,ARS,A,0,16,A, Exchange rates against USD Argentina - Argentine peso - Monthly - Average of observations through period,1946-05,4E-13,A,,F
M,AR,ARS,A,0,16,A, Exchange rates against USD Argentina - Argentine peso - Monthly - Average of observations through period,1946-06,4E-13,A,,F
M,AR,ARS,A,0,16,A, Exchange rates against USD Argentina - Argentine peso - Monthly - Average of observations through period,1946-07,4E-13,A,,F
M,AR,ARS,A,0,16,A, Exchange rates against USD Argentina - Argentine peso - Monthly - Average of observations through period,1946-08,4E-13,A,,F
M,AR,ARS,A,0,16,A, Exchange rates against USD Argentina - Argentine peso - Monthly - Average of observations through period,1946-09,4E-13,A,,F
M,AR,ARS,A,0,16,A, Exchange rates against USD Argentina - Argentine peso - Monthly - Average of observations through period,1946-10,4E-13,A,,F
M,AR,ARS,A,0,16,A, Exchange rates against USD Argentina - Argentine peso - Monthly - Average of observations through period,1946-11,4E-13,A,,F
M,AR,ARS,A,0,16,A, Exchange rates against USD Argentina - Argentine peso - Monthly - Average of observations through period,1946-12,4E-13,A,,F
M,AR,ARS,A,0,16,A, Exchange rates against USD Argentina - Argentine peso - Monthly - Average of observations through period,1947-01,4E-13,A,,F
M,AR,ARS,A,0,16,A, Exchange rates against USD Argentina - Argentine peso - Monthly - Average of observations through period,1947-02,4E-13,A,,F
M,AR,ARS,A,0,16,A, Exchange rates against USD Argentina - Argentine peso - Monthly - Average of observations through period,1947-03,4E-13,A,,F
M,AR,ARS,A,0,16,A, Exchange rates against USD Argentina - Argentine peso - Monthly - Average of observations through period,1947-04,4E-13,A,,F
M,AR,ARS,A,0,16,A, Exchange rates against USD Argentina - Argentine peso - Monthly - Average of observations through period,1947-05,4E-13,A,,F
M,AR,ARS,A,0,16,A, Exchange rates against USD Argentina - Argentine peso - Monthly - Average of observations through period,1947-06,4E-13,A,,F
M,AR,ARS,A,0,16,A, Exchange rates against USD Argentina - Argentine peso - Monthly - Average of observations through period,1947-07,4E-13,A,,F
M,AR,ARS,A,0,16,A, Exchange rates against USD Argentina - Argentine peso - Monthly - Average of observations through period,1947-08,4E-13,A,,F
M,AR,ARS,A,0,16,A, Exchange rates against USD Argentina - Argentine peso - Monthly - Average of observations through period,1947-09,4E-13,A,,F
M,AR,ARS,A,0,16,A, Exchange rates against USD Argentina - Argentine peso - Monthly - Average of observations through period,1947-10,4E-13,A,,F
M,AR,ARS,A,0,16,A, Exchange rates against USD Argentina - Argentine peso - Monthly - Average of observations through period,1947-11,4E-13,A,,F
M,AR,ARS,A,0,16,A, Exchange rates against USD Argentina - Argentine peso - Monthly - Average of observations through period,1947-12,4E-13,A,,F
M,AR,ARS,A,0,16,A, Exchange rates against USD Argentina - Argentine peso - Monthly - Average of observations through period,1948-01,4E-13,A,,F
M,AR,ARS,A,0,16,A, Exchange rates against USD Argentina - Argentine peso - Monthly - Average of observations through period,1948-02,4E-13,A,,F
M,AR,ARS,A,0,16,A, Exchange rates against USD Argentina - Argentine peso - Monthly - Average of observations through period,1948-03,4E-13,A,,F
M,AR,ARS,A,0,16,A, Exchange rates against USD Argentina - Argentine peso - Monthly - Average of observations through period,1948-04,4E-13,A,,F
M,AR,ARS,A,0,16,A, Exchange rates against USD Argentina - Argentine peso - Monthly - Average of observations through period,1948-05,4E-13,A,,F
M,AR,ARS,A,0,16,A, Exchange rates against USD Argentina - Argentine peso - Monthly - Average of observations through period,1948-06,4E-13,A,,F
M,AR,ARS,A,0,16,A, Exchange rates against USD Argentina - Argentine peso - Monthly - Average of observations through period,1948-07,5E-13,A,,F
M,AR,ARS,A,0,16,A, Exchange rates against USD Argentina - Argentine peso - Monthly - Average of observations through period,1948-08,5E-13,A,,F
M,AR,ARS,A,0,16,A, Exchange rates against USD Argentina - Argentine peso - Monthly - Average of observations through period,1948-09,5E-13,A,,F
M,AR,ARS,A,0,16,A, Exchange rates against USD Argentina - Argentine peso - Monthly - Average of observations through period,1948-10,5E-13,A,,F
M,AR,ARS,A,0,16,A, Exchange rates against USD Argentina - Argentine peso - Monthly - Average of observations through period,1948-11,5E-13,A,,F
M,AR,ARS,A,0,16,A, Exchange rates against USD Argentina - Argentine peso - Monthly - Average of observations through period,1948-12,5E-13,A,,F
M,AR,ARS,A,0,16,A, Exchange rates against USD Argentina - Argentine peso - Monthly - Average of observations through period,1949-01,5E-13,A,,F
M,AR,ARS,A,0,16,A, Exchange rates against USD Argentina - Argentine peso - Monthly - Average of observations through period,1949-02,5E-13,A,,F
M,AR,ARS,A,0,16,A, Exchange rates against USD Argentina - Argentine peso - Monthly - Average of observations through period,1949-03,5E-13,A,,F
M,AR,ARS,A,0,16,A, Exchange rates against USD Argentina - Argentine peso - Monthly - Average of observations through period,1949-04,5E-13,A,,F
M,AR,ARS,A,0,16,A, Exchange rates against USD Argentina - Argentine peso - Monthly - Average of observations through period,1949-05,5E-13,A,,F
M,AR,ARS,A,0,16,A, Exchange rates against USD Argentina - Argentine peso - Monthly - Average of observations through period,1949-06,5E-13,A,,F
M,AR,ARS,A,0,16,A, Exchange rates against USD Argentina - Argentine peso - Monthly - Average of observations through period,1949-07,5E-13,A,,F
M,AR,ARS,A,0,16,A, Exchange rates against USD Argentina - Argentine peso - Monthly - Average of observations through period,1949-08,5E-13,A,,F
M,AR,ARS,A,0,16,A, Exchange rates against USD Argentina - Argentine peso - Monthly - Average of observations through period,1949-09,5E-13,A,,F
M,AR,ARS,A,0,16,A, Exchange rates against USD Argentina - Argentine peso - Monthly - Average of observations through period,1949-10,9E-13,A,,F
M,AR,ARS,A,0,16,A, Exchange rates against USD Argentina - Argentine peso - Monthly - Average of observations through period,1949-11,9E-13,A,,F
M,AR,ARS,A,0,16,A, Exchange rates against USD Argentina - Argentine peso - Monthly - Average of observations through period,1949-12,9E-13,A,,F
M,AR,ARS,A,0,16,A, Exchange rates against USD Argentina - Argentine peso - Monthly - Average of observations through period,1950-01,9E-13,A,,F
M,AR,ARS,A,0,16,A, Exchange rates against USD Argentina - Argentine peso - Monthly - Average of observations through period,1950-02,9E-13,A,,F
M,AR,ARS,A,0,16,A, Exchange rates against USD Argentina - Argentine peso - Monthly - Average of observations through period,1950-03,9E-13,A,,F
M,AR,ARS,A,0,16,A, Exchange rates against USD Argentina - Argentine peso - Monthly - Average of observations through period,1950-04,9E-13,A,,F
M,AR,ARS,A,0,16,A, Exchange rates against USD Argentina - Argentine peso - Monthly - Average of observations through period,1950-05,9E-13,A,,F
M,AR,ARS,A,0,16,A, Exchange rates against USD Argentina - Argentine peso - Monthly - Average of observations through period,1950-06,9E-13,A,,F
M,AR,ARS,A,0,16,A, Exchange rates against USD Argentina - Argentine peso - Monthly - Average of observations through period,1950-07,9E-13,A,,F
M,AR,ARS,A,0,16,A, Exchange rates against USD Argentina - Argentine peso - Monthly - Average of observations through period,1950-08,1E-12,A,,F
M,AR,ARS,A,0,16,A, Exchange rates against USD Argentina - Argentine peso - Monthly - Average of observations through period,1950-09,1.4E-12,A,,F
M,AR,ARS,A,0,16,A, Exchange rates against USD Argentina - Argentine peso - Monthly - Average of observations through period,1950-10,1.4E-12,A,,F
M,AR,ARS,A,0,16,A, Exchange rates against USD Argentina - Argentine peso - Monthly - Average of observations through period,1950-11,1.4E-12,A,,F
M,AR,ARS,A,0,16,A, Exchange rates against USD Argentina - Argentine peso - Monthly - Average of observations through period,1950-12,1.4E-12,A,,F
M,AR,ARS,A,0,16,A, Exchange rates against USD Argentina - Argentine peso - Monthly - Average of observations through period,1951-01,1.4E-12,A,,F
M,AR,ARS,A,0,16,A, Exchange rates against USD Argentina - Argentine peso - Monthly - Average of observations through period,1951-02,1.4E-12,A,,F
M,AR,ARS,A,0,16,A, Exchange rates against USD Argentina - Argentine peso - Monthly - Average of observations through period,1951-03,1.4E-12,A,,F
M,AR,ARS,A,0,16,A, Exchange rates against USD Argentina - Argentine peso - Monthly - Average of observations through period,1951-04,1.4E-12,A,,F
M,AR,ARS,A,0,16,A, Exchange rates against USD Argentina - Argentine peso - Monthly - Average of observations through period,1951-05,1.4E-12,A,,F
M,AR,ARS,A,0,16,A, Exchange rates against USD Argentina - Argentine peso - Monthly - Average of observations through period,1951-06,1.4E-12,A,,F
M,AR,ARS,A,0,16,A, Exchange rates against USD Argentina - Argentine peso - Monthly - Average of observations through period,1951-07,1.4E-12,A,,F
M,AR,ARS,A,0,16,A, Exchange rates against USD Argentina - Argentine peso - Monthly - Average of observations through period,1951-08,1.4E-12,A,,F
M,AR,ARS,A,0,16,A, Exchange rates against USD Argentina - Argentine peso - Monthly - Average of observations through period,1951-09,1.4E-12,A,,F
M,AR,ARS,A,0,16,A, Exchange rates against USD Argentina - Argentine peso - Monthly - Average of observations through period,1951-10,1.4E-12,A,,F
M,AR,ARS,A,0,16,A, Exchange rates against USD Argentina - Argentine peso - Monthly - Average of observations through period,1951-11,1.4E-12,A,,F
M,AR,ARS,A,0,16,A, Exchange rates against USD Argentina - Argentine peso - Monthly - Average of observations through period,1951-12,1.4E-12,A,,F
M,AR,ARS,A,0,16,A, Exchange rates against USD Argentina - Argentine peso - Monthly - Average of observations through period,1952-01,1.4E-12,A,,F
M,AR,ARS,A,0,16,A, Exchange rates against USD Argentina - Argentine peso - Monthly - Average of observations through period,1952-02,1.4E-12,A,,F
M,AR,ARS,A,0,16,A, Exchange rates against USD Argentina - Argentine peso - Monthly - Average of observations through period,1952-03,1.4E-12,A,,F
M,AR,ARS,A,0,16,A, Exchange rates against USD Argentina - Argentine peso - Monthly - Average of observations through period,1952-04,1.4E-12,A,,F
M,AR,ARS,A,0,16,A, Exchange rates against USD Argentina - Argentine peso - Monthly - Average of observations through period,1952-05,1.4E-12,A,,F
M,AR,ARS,A,0,16,A, Exchange rates against USD Argentina - Argentine peso - Monthly - Average of observations through period,1952-06,1.4E-12,A,,F
M,AR,ARS,A,0,16,A, Exchange rates against USD Argentina - Argentine peso - Monthly - Average of observations through period,1952-07,1.4E-12,A,,F
M,AR,ARS,A,0,16,A, Exchange rates against USD Argentina - Argentine peso - Monthly - Average of observations through period,1952-08,1.4E-12,A,,F
M,AR,ARS,A,0,16,A, Exchange rates against USD Argentina - Argentine peso - Monthly - Average of observations through period,1952-09,1.4E-12,A,,F
M,AR,ARS,A,0,16,A, Exchange rates against USD Argentina - Argentine peso - Monthly - Average of observations through period,1952-10,1.4E-12,A,,F
M,AR,ARS,A,0,16,A, Exchange rates against USD Argentina - Argentine peso - Monthly - Average of observations through period,1952-11,1.4E-12,A,,F
M,AR,ARS,A,0,16,A, Exchange rates against USD Argentina - Argentine peso - Monthly - Average of observations through period,1952-12,1.4E-12,A,,F
M,AR,ARS,A,0,16,A, Exchange rates against USD Argentina - Argentine peso - Monthly - Average of observations through period,1953-01,1.4E-12,A,,F
M,AR,ARS,A,0,16,A, Exchange rates against USD Argentina - Argentine peso - Monthly - Average of observations through period,1953-02,1.4E-12,A,,F
M,AR,ARS,A,0,16,A, Exchange rates against USD Argentina - Argentine peso - Monthly - Average of observations through period,1953-03,1.4E-12,A,,F
M,AR,ARS,A,0,16,A, Exchange rates against USD Argentina - Argentine peso - Monthly - Average of observations through period,1953-04,1.4E-12,A,,F
M,AR,ARS,A,0,16,A, Exchange rates against USD Argentina - Argentine peso - Monthly - Average of observations through period,1953-05,1.4E-12,A,,F
M,AR,ARS,A,0,16,A, Exchange rates against USD Argentina - Argentine peso - Monthly - Average of observations through period,1953-06,1.4E-12,A,,F
M,AR,ARS,A,0,16,A, Exchange rates against USD Argentina - Argentine peso - Monthly - Average of observations through period,1953-07,1.4E-12,A,,F
M,AR,ARS,A,0,16,A, Exchange rates against USD Argentina - Argentine peso - Monthly - Average of observations through period,1953-08,1.4E-12,A,,F
M,AR,ARS,A,0,16,A, Exchange rates against USD Argentina - Argentine peso - Monthly - Average of observations through period,1953-09,1.4E-12,A,,F
M,AR,ARS,A,0,16,A, Exchange rates against USD Argentina - Argentine peso - Monthly - Average of observations through period,1953-10,1.4E-12,A,,F
M,AR,ARS,A,0,16,A, Exchange rates against USD Argentina - Argentine peso - Monthly - Average of observations through period,1953-11,1.4E-12,A,,F
M,AR,ARS,A,0,16,A, Exchange rates against USD Argentina - Argentine peso - Monthly - Average of observations through period,1953-12,1.4E-12,A,,F
M,AR,ARS,A,0,16,A, Exchange rates against USD Argentina - Argentine peso - Monthly - Average of observations through period,1954-01,1.4E-12,A,,F
M,AR,ARS,A,0,16,A, Exchange rates against USD Argentina - Argentine peso - Monthly - Average of observations through period,1954-02,1.4E-12,A,,F
M,AR,ARS,A,0,16,A, Exchange rates against USD Argentina - Argentine peso - Monthly - Average of observations through period,1954-03,1.4E-12,A,,F
M,AR,ARS,A,0,16,A, Exchange rates against USD Argentina - Argentine peso - Monthly - Average of observations through period,1954-04,1.4E-12,A,,F
M,AR,ARS,A,0,16,A, Exchange rates against USD Argentina - Argentine peso - Monthly - Average of observations through period,1954-05,1.4E-12,A,,F
M,AR,ARS,A,0,16,A, Exchange rates against USD Argentina - Argentine peso - Monthly - Average of observations through period,1954-06,1.4E-12,A,,F
M,AR,ARS,A,0,16,A, Exchange rates against USD Argentina - Argentine peso - Monthly - Average of observations through period,1954-07,1.4E-12,A,,F
M,AR,ARS,A,0,16,A, Exchange rates against USD Argentina - Argentine peso - Monthly - Average of observations through period,1954-08,1.4E-12,A,,F
M,AR,ARS,A,0,16,A, Exchange rates against USD Argentina - Argentine peso - Monthly - Average of observations through period,1954-09,1.4E-12,A,,F
M,AR,ARS,A,0,16,A, Exchange rates against USD Argentina - Argentine peso - Monthly - Average of observations through period,1954-10,1.4E-12,A,,F
M,AR,ARS,A,0,16,A, Exchange rates against USD Argentina - Argentine peso - Monthly - Average of observations through period,1954-11,1.4E-12,A,,F
M,AR,ARS,A,0,16,A, Exchange rates against USD Argentina - Argentine peso - Monthly - Average of observations through period,1954-12,1.4E-12,A,,F
M,AR,ARS,A,0,16,A, Exchange rates against USD Argentina - Argentine peso - Monthly - Average of observations through period,1955-01,1.4E-12,A,,F
M,AR,ARS,A,0,16,A, Exchange rates against USD Argentina - Argentine peso - Monthly - Average of observations through period,1955-02,1.4E-12,A,,F
M,AR,ARS,A,0,16,A, Exchange rates against USD Argentina - Argentine peso - Monthly - Average of observations through period,1955-03,1.4E-12,A,,F
M,AR,ARS,A,0,16,A, Exchange rates against USD Argentina - Argentine peso - Monthly - Average of observations through period,1955-04,1.4E-12,A,,F
M,AR,ARS,A,0,16,A, Exchange rates against USD Argentina - Argentine peso - Monthly - Average of observations through period,1955-05,1.4E-12,A,,F
M,AR,ARS,A,0,16,A, Exchange rates against USD Argentina - Argentine peso - Monthly - Average of observations through period,1955-06,1.4E-12,A,,F
M,AR,ARS,A,0,16,A, Exchange rates against USD Argentina - Argentine peso - Monthly - Average of observations through period,1955-07,1.4E-12,A,,F
M,AR,ARS,A,0,16,A, Exchange rates against USD Argentina - Argentine peso - Monthly - Average of observations through period,1955-08,1.4E-12,A,,F
M,AR,ARS,A,0,16,A, Exchange rates against USD Argentina - Argentine peso - Monthly - Average of observations through period,1955-09,1.4E-12,A,,F
M,AR,ARS,A,0,16,A, Exchange rates against USD Argentina - Argentine peso - Monthly - Average of observations through period,1955-10,1.4E-12,A,,F
M,AR,ARS,A,0,16,A, Exchange rates against USD Argentina - Argentine peso - Monthly - Average of observations through period,1955-11,3.3E-12,A,,F
M,AR,ARS,A,0,16,A, Exchange rates against USD Argentina - Argentine peso - Monthly - Average of observations through period,1955-12,3.6E-12,A,,F
M,AR,ARS,A,0,16,A, Exchange rates against USD Argentina - Argentine peso - Monthly - Average of observations through period,1956-01,4E-12,A,,F
M,AR,ARS,A,0,16,A, Exchange rates against USD Argentina - Argentine peso - Monthly - Average of observations through period,1956-02,4.3E-12,A,,F
M,AR,ARS,A,0,16,A, Exchange rates against USD Argentina - Argentine peso - Monthly - Average of observations through period,1956-03,4.1E-12,A,,F
M,AR,ARS,A,0,16,A, Exchange rates against USD Argentina - Argentine peso - Monthly - Average of observations through period,1956-04,3.9E-12,A,,F
M,AR,ARS,A,0,16,A, Exchange rates against USD Argentina - Argentine peso - Monthly - Average of observations through period,1956-05,3.7E-12,A,,F
M,AR,ARS,A,0,16,A, Exchange rates against USD Argentina - Argentine peso - Monthly - Average of observations through period,1956-06,3.4E-12,A,,F
M,AR,ARS,A,0,16,A, Exchange rates against USD Argentina - Argentine peso - Monthly - Average of observations through period,1956-07,3.2E-12,A,,F
M,AR,ARS,A,0,16,A, Exchange rates against USD Argentina - Argentine peso - Monthly - Average of observations through period,1956-08,3.1E-12,A,,F
M,AR,ARS,A,0,16,A, Exchange rates against USD Argentina - Argentine peso - Monthly - Average of observations through period,1956-09,3.1E-12,A,,F
M,AR,ARS,A,0,16,A, Exchange rates against USD Argentina - Argentine peso - Monthly - Average of observations through period,1956-10,3.2E-12,A,,F
M,AR,ARS,A,0,16,A, Exchange rates against USD Argentina - Argentine peso - Monthly - Average of observations through period,1956-11,3.4E-12,A,,F
M,AR,ARS,A,0,16,A, Exchange rates against USD Argentina - Argentine peso - Monthly - Average of observations through period,1956-12,3.6E-12,A,,F
M,AR,ARS,A,0,16,A, Exchange rates against USD Argentina - Argentine peso - Monthly - Average of observations through period,1957-01,3.8E-12,A,,F
M,AR,ARS,A,0,16,A, Exchange rates against USD Argentina - Argentine peso - Monthly - Average of observations through period,1957-02,3.7E-12,A,,F
M,AR,ARS,A,0,16,A, Exchange rates against USD Argentina - Argentine peso - Monthly - Average of observations through period,1957-03,3.9E-12,A,,F
M,AR,ARS,A,0,16,A, Exchange rates against USD Argentina - Argentine peso - Monthly - Average of observations through period,1957-04,4.1E-12,A,,F
M,AR,ARS,A,0,16,A, Exchange rates against USD Argentina - Argentine peso - Monthly - Average of observations through period,1957-05,3.9E-12,A,,F
M,AR,ARS,A,0,16,A, Exchange rates against USD Argentina - Argentine peso - Monthly - Average of observations through period,1957-06,4.1E-12,A,,F
M,AR,ARS,A,0,16,A, Exchange rates against USD Argentina - Argentine peso - Monthly - Average of observations through period,1957-07,4.2E-12,A,,F
M,AR,ARS,A,0,16,A, Exchange rates against USD Argentina - Argentine peso - Monthly - Average of observations through period,1957-08,4.4E-12,A,,F
M,AR,ARS,A,0,16,A, Exchange rates against USD Argentina - Argentine peso - Monthly - Average of observations through period,1957-09,4.5E-12,A,,F
M,AR,ARS,A,0,16,A, Exchange rates against USD Argentina - Argentine peso - Monthly - Average of observations through period,1957-10,4E-12,A,,F
M,AR,ARS,A,0,16,A, Exchange rates against USD Argentina - Argentine peso - Monthly - Average of observations through period,1957-11,3.8E-12,A,,F
M,AR,ARS,A,0,16,A, Exchange rates against USD Argentina - Argentine peso - Monthly - Average of observations through period,1957-12,3.7E-12,A,,F
M,AR,ARS,A,0,16,A, Exchange rates against USD Argentina - Argentine peso - Monthly - Average of observations through period,1958-01,3.7E-12,A,,F
M,AR,ARS,A,0,16,A, Exchange rates against USD Argentina - Argentine peso - Monthly - Average of observations through period,1958-02,3.8E-12,A,,F
M,AR,ARS,A,0,16,A, Exchange rates against USD Argentina - Argentine peso - Monthly - Average of observations through period,1958-03,3.9E-12,A,,F
M,AR,ARS,A,0,16,A, Exchange rates against USD Argentina - Argentine peso - Monthly - Average of observations through period,1958-04,4.1E-12,A,,F
M,AR,ARS,A,0,16,A, Exchange rates against USD Argentina - Argentine peso - Monthly - Average of observations through period,1958-05,4.2E-12,A,,F
M,AR,ARS,A,0,16,A, Exchange rates against USD Argentina - Argentine peso - Monthly - Average of observations through period,1958-06,4.2E-12,A,,F
M,AR,ARS,A,0,16,A, Exchange rates against USD Argentina - Argentine peso - Monthly - Average of observations through period,1958-07,4.3E-12,A,,F
M,AR,ARS,A,0,16,A, Exchange rates against USD Argentina - Argentine peso - Monthly - Average of observations through period,1958-08,4.5E-12,A,,F
M,AR,ARS,A,0,16,A, Exchange rates against USD Argentina - Argentine peso - Monthly - Average of observations through period,1958-09,5E-12,A,,F
M,AR,ARS,A,0,16,A, Exchange rates against USD Argentina - Argentine peso - Monthly - Average of observations through period,1958-10,6.1E-12,A,,F
M,AR,ARS,A,0,16,A, Exchange rates against USD Argentina - Argentine peso - Monthly - Average of observations through period,1958-11,7.2E-12,A,,F
M,AR,ARS,A,0,16,A, Exchange rates against USD Argentina - Argentine peso - Monthly - Average of observations through period,1958-12,6.6E-12,A,,F
M,AR,ARS,A,0,16,A, Exchange rates against USD Argentina - Argentine peso - Monthly - Average of observations through period,1959-01,6.6E-12,A,,F
M,AR,ARS,A,0,16,A, Exchange rates against USD Argentina - Argentine peso - Monthly - Average of observations through period,1959-02,6.6E-12,A,,F
M,AR,ARS,A,0,16,A, Exchange rates against USD Argentina - Argentine peso - Monthly - Average of observations through period,1959-03,6.8E-12,A,,F
M,AR,ARS,A,0,16,A, Exchange rates against USD Argentina - Argentine peso - Monthly - Average of observations through period,1959-04,7.4E-12,A,,F
M,AR,ARS,A,0,16,A, Exchange rates against USD Argentina - Argentine peso - Monthly - Average of observations through period,1959-05,8.5E-12,A,,F
M,AR,ARS,A,0,16,A, Exchange rates against USD Argentina - Argentine peso - Monthly - Average of observations through period,1959-06,9E-12,A,,F
M,AR,ARS,A,0,16,A, Exchange rates against USD Argentina - Argentine peso - Monthly - Average of observations through period,1959-07,8.5E-12,A,,F
M,AR,ARS,A,0,16,A, Exchange rates against USD Argentina - Argentine peso - Monthly - Average of observations through period,1959-08,8.4E-12,A,,F
M,AR,ARS,A,0,16,A, Exchange rates against USD Argentina - Argentine peso - Monthly - Average of observations through period,1959-09,8.3E-12,A,,F
M,AR,ARS,A,0,16,A, Exchange rates against USD Argentina - Argentine peso - Monthly - Average of observations through period,1959-10,8.2E-12,A,,F
M,AR,ARS,A,0,16,A, Exchange rates against USD Argentina - Argentine peso - Monthly - Average of observations through period,1959-11,8.3E-12,A,,F
M,AR,ARS,A,0,16,A, Exchange rates against USD Argentina - Argentine peso - Monthly - Average of observations through period,1959-12,8.3E-12,A,,F
M,AR,ARS,A,0,16,A, Exchange rates against USD Argentina - Argentine peso - Monthly - Average of observations through period,1960-01,8.3E-12,A,,F
M,AR,ARS,A,0,16,A, Exchange rates against USD Argentina - Argentine peso - Monthly - Average of observations through period,1960-02,8.3E-12,A,,F
M,AR,ARS,A,0,16,A, Exchange rates against USD Argentina - Argentine peso - Monthly - Average of observations through period,1960-03,8.3E-12,A,,F
M,AR,ARS,A,0,16,A, Exchange rates against USD Argentina - Argentine peso - Monthly - Average of observations through period,1960-04,8.3E-12,A,,F
M,AR,ARS,A,0,16,A, Exchange rates against USD Argentina - Argentine peso - Monthly - Average of observations through period,1960-05,8.3E-12,A,,F
M,AR,ARS,A,0,16,A, Exchange rates against USD Argentina - Argentine peso - Monthly - Average of observations through period,1960-06,8.3E-12,A,,F
M,AR,ARS,A,0,16,A, Exchange rates against USD Argentina - Argentine peso - Monthly - Average of observations through period,1960-07,8.3E-12,A,,F
M,AR,ARS,A,0,16,A, Exchange rates against USD Argentina - Argentine peso - Monthly - Average of observations through period,1960-08,8.3E-12,A,,F
M,AR,ARS,A,0,16,A, Exchange rates against USD Argentina - Argentine peso - Monthly - Average of observations through period,1960-09,8.3E-12,A,,F
M,AR,ARS,A,0,16,A, Exchange rates against USD Argentina - Argentine peso - Monthly - Average of observations through period,1960-10,8.3E-12,A,,F
M,AR,ARS,A,0,16,A, Exchange rates against USD Argentina - Argentine peso - Monthly - Average of observations through period,1960-11,8.3E-12,A,,F
M,AR,ARS,A,0,16,A, Exchange rates against USD Argentina - Argentine peso - Monthly - Average of observations through period,1960-12,8.3E-12,A,,F
M,AR,ARS,A,0,16,A, Exchange rates against USD Argentina - Argentine peso - Monthly - Average of observations through period,1961-01,8.3E-12,A,,F
M,AR,ARS,A,0,16,A, Exchange rates against USD Argentina - Argentine peso - Monthly - Average of observations through period,1961-02,8.3E-12,A,,F
M,AR,ARS,A,0,16,A, Exchange rates against USD Argentina - Argentine peso - Monthly - Average of observations through period,1961-03,8.3E-12,A,,F
M,AR,ARS,A,0,16,A, Exchange rates against USD Argentina - Argentine peso - Monthly - Average of observations through period,1961-04,8.3E-12,A,,F
M,AR,ARS,A,0,16,A, Exchange rates against USD Argentina - Argentine peso - Monthly - Average of observations through period,1961-05,8.3E-12,A,,F
M,AR,ARS,A,0,16,A, Exchange rates against USD Argentina - Argentine peso - Monthly - Average of observations through period,1961-06,8.3E-12,A,,F
M,AR,ARS,A,0,16,A, Exchange rates against USD Argentina - Argentine peso - Monthly - Average of observations through period,1961-07,8.3E-12,A,,F
M,AR,ARS,A,0,16,A, Exchange rates against USD Argentina - Argentine peso - Monthly - Average of observations through period,1961-08,8.3E-12,A,,F
M,AR,ARS,A,0,16,A, Exchange rates against USD Argentina - Argentine peso - Monthly - Average of observations through period,1961-09,8.3E-12,A,,F
M,AR,ARS,A,0,16,A, Exchange rates against USD Argentina - Argentine peso - Monthly - Average of observations through period,1961-10,8.3E-12,A,,F
M,AR,ARS,A,0,16,A, Exchange rates against USD Argentina - Argentine peso - Monthly - Average of observations through period,1961-11,8.3E-12,A,,F
M,AR,ARS,A,0,16,A, Exchange rates against USD Argentina - Argentine peso - Monthly - Average of observations through period,1961-12,8.3E-12,A,,F
M,AR,ARS,A,0,16,A, Exchange rates against USD Argentina - Argentine peso - Monthly - Average of observations through period,1962-01,8.3E-12,A,,F
M,AR,ARS,A,0,16,A, Exchange rates against USD Argentina - Argentine peso - Monthly - Average of observations through period,1962-02,8.3E-12,A,,F
M,AR,ARS,A,0,16,A, Exchange rates against USD Argentina - Argentine peso - Monthly - Average of observations through period,1962-03,8.3E-12,A,,F
M,AR,ARS,A,0,16,A, Exchange rates against USD Argentina - Argentine peso - Monthly - Average of observations through period,1962-04,9.5E-12,A,,F
M,AR,ARS,A,0,16,A, Exchange rates against USD Argentina - Argentine peso - Monthly - Average of observations through period,1962-05,1.05E-11,A,,F
M,AR,ARS,A,0,16,A, Exchange rates against USD Argentina - Argentine peso - Monthly - Average of observations through period,1962-06,1.18E-11,A,,F
M,AR,ARS,A,0,16,A, Exchange rates against USD Argentina - Argentine peso - Monthly - Average of observations through period,1962-07,1.22E-11,A,,F
M,AR,ARS,A,0,16,A, Exchange rates against USD Argentina - Argentine peso - Monthly - Average of observations through period,1962-08,1.24E-11,A,,F
M,AR,ARS,A,0,16,A, Exchange rates against USD Argentina - Argentine peso - Monthly - Average of observations through period,1962-09,1.27E-11,A,,F
M,AR,ARS,A,0,16,A, Exchange rates against USD Argentina - Argentine peso - Monthly - Average of observations through period,1962-10,1.36E-11,A,,F
M,AR,ARS,A,0,16,A, Exchange rates against USD Argentina - Argentine peso - Monthly - Average of observations through period,1962-11,1.47E-11,A,,F
M,AR,ARS,A,0,16,A, Exchange rates against USD Argentina - Argentine peso - Monthly - Average of observations through period,1962-12,1.42E-11,A,,F
M,AR,ARS,A,0,16,A, Exchange rates against USD Argentina - Argentine peso - Monthly - Average of observations through period,1963-01,1.34E-11,A,,F
M,AR,ARS,A,0,16,A, Exchange rates against USD Argentina - Argentine peso - Monthly - Average of observations through period,1963-02,1.35E-11,A,,F
M,AR,ARS,A,0,16,A, Exchange rates against USD Argentina - Argentine peso - Monthly - Average of observations through period,1963-03,1.36E-11,A,,F
M,AR,ARS,A,0,16,A, Exchange rates against USD Argentina - Argentine peso - Monthly - Average of observations through period,1963-04,1.37E-11,A,,F
M,AR,ARS,A,0,16,A, Exchange rates against USD Argentina - Argentine peso - Monthly - Average of observations through period,1963-05,1.38E-11,A,,F
M,AR,ARS,A,0,16,A, Exchange rates against USD Argentina - Argentine peso - Monthly - Average of observations through period,1963-06,1.38E-11,A,,F
M,AR,ARS,A,0,16,A, Exchange rates against USD Argentina - Argentine peso - Monthly - Average of observations through period,1963-07,1.37E-11,A,,F
M,AR,ARS,A,0,16,A, Exchange rates against USD Argentina - Argentine peso - Monthly - Average of observations through period,1963-08,1.35E-11,A,,F
M,AR,ARS,A,0,16,A, Exchange rates against USD Argentina - Argentine peso - Monthly - Average of observations through period,1963-09,1.43E-11,A,,F
M,AR,ARS,A,0,16,A, Exchange rates against USD Argentina - Argentine peso - Monthly - Average of observations through period,1963-10,1.48E-11,A,,F
M,AR,ARS,A,0,16,A, Exchange rates against USD Argentina - Argentine peso - Monthly - Average of observations through period,1963-11,1.44E-11,A,,F
M,AR,ARS,A,0,16,A, Exchange rates against USD Argentina - Argentine peso - Monthly - Average of observations through period,1963-12,1.36E-11,A,,F
M,AR,ARS,A,0,16,A, Exchange rates against USD Argentina - Argentine peso - Monthly - Average of observations through period,1964-01,1.33E-11,A,,F
M,AR,ARS,A,0,16,A, Exchange rates against USD Argentina - Argentine peso - Monthly - Average of observations through period,1964-02,1.32E-11,A,,F
M,AR,ARS,A,0,16,A, Exchange rates against USD Argentina - Argentine peso - Monthly - Average of observations through period,1964-03,1.35E-11,A,,F
M,AR,ARS,A,0,16,A, Exchange rates against USD Argentina - Argentine peso - Monthly - Average of observations through period,1964-04,1.37E-11,A,,F
M,AR,ARS,A,0,16,A, Exchange rates against USD Argentina - Argentine peso - Monthly - Average of observations through period,1964-05,1.37E-11,A,,F
M,AR,ARS,A,0,16,A, Exchange rates against USD Argentina - Argentine peso - Monthly - Average of observations through period,1964-06,1.38E-11,A,,F
M,AR,ARS,A,0,16,A, Exchange rates against USD Argentina - Argentine peso - Monthly - Average of observations through period,1964-07,1.38E-11,A,,F
M,AR,ARS,A,0,16,A, Exchange rates against USD Argentina - Argentine peso - Monthly - Average of observations through period,1964-08,1.42E-11,A,,F
M,AR,ARS,A,0,16,A, Exchange rates against USD Argentina - Argentine peso - Monthly - Average of observations through period,1964-09,1.44E-11,A,,F
M,AR,ARS,A,0,16,A, Exchange rates against USD Argentina - Argentine peso - Monthly - Average of observations through period,1964-10,1.44E-11,A,,F
M,AR,ARS,A,0,16,A, Exchange rates against USD Argentina - Argentine peso - Monthly - Average of observations through period,1964-11,1.49E-11,A,,F
M,AR,ARS,A,0,16,A, Exchange rates against USD Argentina - Argentine peso - Monthly - Average of observations through period,1964-12,1.5E-11,A,,F
M,AR,ARS,A,0,16,A, Exchange rates against USD Argentina - Argentine peso - Monthly - Average of observations through period,1965-01,1.51E-11,A,,F
M,AR,ARS,A,0,16,A, Exchange rates against USD Argentina - Argentine peso - Monthly - Average of observations through period,1965-02,1.51E-11,A,,F
M,AR,ARS,A,0,16,A, Exchange rates against USD Argentina - Argentine peso - Monthly - Average of observations through period,1965-03,1.51E-11,A,,F
M,AR,ARS,A,0,16,A, Exchange rates against USD Argentina - Argentine peso - Monthly - Average of observations through period,1965-04,1.61E-11,A,,F
M,AR,ARS,A,0,16,A, Exchange rates against USD Argentina - Argentine peso - Monthly - Average of observations through period,1965-05,1.72E-11,A,,F
M,AR,ARS,A,0,16,A, Exchange rates against USD Argentina - Argentine peso - Monthly - Average of observations through period,1965-06,1.72E-11,A,,F
M,AR,ARS,A,0,16,A, Exchange rates against USD Argentina - Argentine peso - Monthly - Average of observations through period,1965-07,1.72E-11,A,,F
M,AR,ARS,A,0,16,A, Exchange rates against USD Argentina - Argentine peso - Monthly - Average of observations through period,1965-08,1.72E-11,A,,F
M,AR,ARS,A,0,16,A, Exchange rates against USD Argentina - Argentine peso - Monthly - Average of observations through period,1965-09,1.76E-11,A,,F
M,AR,ARS,A,0,16,A, Exchange rates against USD Argentina - Argentine peso - Monthly - Average of observations through period,1965-10,1.79E-11,A,,F
M,AR,ARS,A,0,16,A, Exchange rates against USD Argentina - Argentine peso - Monthly - Average of observations through period,1965-11,1.79E-11,A,,F
M,AR,ARS,A,0,16,A, Exchange rates against USD Argentina - Argentine peso - Monthly - Average of observations through period,1965-12,1.87E-11,A,,F
M,AR,ARS,A,0,16,A, Exchange rates against USD Argentina - Argentine peso - Monthly - Average of observations through period,1966-01,1.89E-11,A,,F
M,AR,ARS,A,0,16,A, Exchange rates against USD Argentina - Argentine peso - Monthly - Average of observations through period,1966-02,1.89E-11,A,,F
M,AR,ARS,A,0,16,A, Exchange rates against USD Argentina - Argentine peso - Monthly - Average of observations through period,1966-03,1.89E-11,A,,F
M,AR,ARS,A,0,16,A, Exchange rates against USD Argentina - Argentine peso - Monthly - Average of observations through period,1966-04,1.89E-11,A,,F
M,AR,ARS,A,0,16,A, Exchange rates against USD Argentina - Argentine peso - Monthly - Average of observations through period,1966-05,1.9E-11,A,,F
M,AR,ARS,A,0,16,A, Exchange rates against USD Argentina - Argentine peso - Monthly - Average of observations through period,1966-06,2.03E-11,A,,F
M,AR,ARS,A,0,16,A, Exchange rates against USD Argentina - Argentine peso - Monthly - Average of observations through period,1966-07,2.04E-11,A,,F
M,AR,ARS,A,0,16,A, Exchange rates against USD Argentina - Argentine peso - Monthly - Average of observations through period,1966-08,2.12E-11,A,,F
M,AR,ARS,A,0,16,A, Exchange rates against USD Argentina - Argentine peso - Monthly - Average of observations through period,1966-09,2.17E-11,A,,F
M,AR,ARS,A,0,16,A, Exchange rates against USD Argentina - Argentine peso - Monthly - Average of observations through period,1966-10,2.18E-11,A,,F
M,AR,ARS,A,0,16,A, Exchange rates against USD Argentina - Argentine peso - Monthly - Average of observations through period,1966-11,2.45E-11,A,,F
M,AR,ARS,A,0,16,A, Exchange rates against USD Argentina - Argentine peso - Monthly - Average of observations through period,1966-12,2.46E-11,A,,F
M,AR,ARS,A,0,16,A, Exchange rates against USD Argentina - Argentine peso - Monthly - Average of observations through period,1967-01,2.46E-11,A,,F
M,AR,ARS,A,0,16,A, Exchange rates against USD Argentina - Argentine peso - Monthly - Average of observations through period,1967-02,2.51E-11,A,,F
M,AR,ARS,A,0,16,A, Exchange rates against USD Argentina - Argentine peso - Monthly - Average of observations through period,1967-03,3.27E-11,A,,F
M,AR,ARS,A,0,16,A, Exchange rates against USD Argentina - Argentine peso - Monthly - Average of observations through period,1967-04,3.5E-11,A,,F
M,AR,ARS,A,0,16,A, Exchange rates against USD Argentina - Argentine peso - Monthly - Average of observations through period,1967-05,3.5E-11,A,,F
M,AR,ARS,A,0,16,A, Exchange rates against USD Argentina - Argentine peso - Monthly - Average of observations through period,1967-06,3.5E-11,A,,F
M,AR,ARS,A,0,16,A, Exchange rates against USD Argentina - Argentine peso - Monthly - Average of observations through period,1967-07,3.5E-11,A,,F
M,AR,ARS,A,0,16,A, Exchange rates against USD Argentina - Argentine peso - Monthly - Average of observations through period,1967-08,3.5E-11,A,,F
M,AR,ARS,A,0,16,A, Exchange rates against USD Argentina - Argentine peso - Monthly - Average of observations through period,1967-09,3.5E-11,A,,F
M,AR,ARS,A,0,16,A, Exchange rates against USD Argentina - Argentine peso - Monthly - Average of observations through period,1967-10,3.5E-11,A,,F
M,AR,ARS,A,0,16,A, Exchange rates against USD Argentina - Argentine peso - Monthly - Average of observations through period,1967-11,3.5E-11,A,,F
M,AR,ARS,A,0,16,A, Exchange rates against USD Argentina - Argentine peso - Monthly - Average of observations through period,1967-12,3.5E-11,A,,F
M,AR,ARS,A,0,16,A, Exchange rates against USD Argentina - Argentine peso - Monthly - Average of observations through period,1968-01,3.5E-11,A,,F
M,AR,ARS,A,0,16,A, Exchange rates against USD Argentina - Argentine peso - Monthly - Average of observations through period,1968-02,3.5E-11,A,,F
M,AR,ARS,A,0,16,A, Exchange rates against USD Argentina - Argentine peso - Monthly - Average of observations through period,1968-03,3.5E-11,A,,F
M,AR,ARS,A,0,16,A, Exchange rates against USD Argentina - Argentine peso - Monthly - Average of observations through period,1968-04,3.5E-11,A,,F
M,AR,ARS,A,0,16,A, Exchange rates against USD Argentina - Argentine peso - Monthly - Average of observations through period,1968-05,3.5E-11,A,,F
M,AR,ARS,A,0,16,A, Exchange rates against USD Argentina - Argentine peso - Monthly - Average of observations through period,1968-06,3.5E-11,A,,F
M,AR,ARS,A,0,16,A, Exchange rates against USD Argentina - Argentine peso - Monthly - Average of observations through period,1968-07,3.5E-11,A,,F
M,AR,ARS,A,0,16,A, Exchange rates against USD Argentina - Argentine peso - Monthly - Average of observations through period,1968-08,3.5E-11,A,,F
M,AR,ARS,A,0,16,A, Exchange rates against USD Argentina - Argentine peso - Monthly - Average of observations through period,1968-09,3.5E-11,A,,F
M,AR,ARS,A,0,16,A, Exchange rates against USD Argentina - Argentine peso - Monthly - Average of observations through period,1968-10,3.5E-11,A,,F
M,AR,ARS,A,0,16,A, Exchange rates against USD Argentina - Argentine peso - Monthly - Average of observations through period,1968-11,3.5E-11,A,,F
M,AR,ARS,A,0,16,A, Exchange rates against USD Argentina - Argentine peso - Monthly - Average of observations through period,1968-12,3.5E-11,A,,F
M,AR,ARS,A,0,16,A, Exchange rates against USD Argentina - Argentine peso - Monthly - Average of observations through period,1969-01,3.5E-11,A,,F
M,AR,ARS,A,0,16,A, Exchange rates against USD Argentina - Argentine peso - Monthly - Average of observations through period,1969-02,3.5E-11,A,,F
M,AR,ARS,A,0,16,A, Exchange rates against USD Argentina - Argentine peso - Monthly - Average of observations through period,1969-03,3.5E-11,A,,F
M,AR,ARS,A,0,16,A, Exchange rates against USD Argentina - Argentine peso - Monthly - Average of observations through period,1969-04,3.5E-11,A,,F
M,AR,ARS,A,0,16,A, Exchange rates against USD Argentina - Argentine peso - Monthly - Average of observations through period,1969-05,3.5E-11,A,,F
M,AR,ARS,A,0,16,A, Exchange rates against USD Argentina - Argentine peso - Monthly - Average of observations through period,1969-06,3.5E-11,A,,F
M,AR,ARS,A,0,16,A, Exchange rates against USD Argentina - Argentine peso - Monthly - Average of observations through period,1969-07,3.5E-11,A,,F
M,AR,ARS,A,0,16,A, Exchange rates against USD Argentina - Argentine peso - Monthly - Average of observations through period,1969-08,3.5E-11,A,,F
M,AR,ARS,A,0,16,A, Exchange rates against USD Argentina - Argentine peso - Monthly - Average of observations through period,1969-09,3.5E-11,A,,F
M,AR,ARS,A,0,16,A, Exchange rates against USD Argentina - Argentine peso - Monthly - Average of observations through period,1969-10,3.5E-11,A,,F
M,AR,ARS,A,0,16,A, Exchange rates against USD Argentina - Argentine peso - Monthly - Average of observations through period,1969-11,3.5E-11,A,,F
M,AR,ARS,A,0,16,A, Exchange rates against USD Argentina - Argentine peso - Monthly - Average of observations through period,1969-12,3.5E-11,A,,F
M,AR,ARS,A,0,16,A, Exchange rates against USD Argentina - Argentine peso - Monthly - Average of observations through period,1970-01,3.5E-11,A,,F
M,AR,ARS,A,0,16,A, Exchange rates against USD Argentina - Argentine peso - Monthly - Average of observations through period,1970-02,3.5E-11,A,,F
M,AR,ARS,A,0,16,A, Exchange rates against USD Argentina - Argentine peso - Monthly - Average of observations through period,1970-03,3.5E-11,A,,F
M,AR,ARS,A,0,16,A, Exchange rates against USD Argentina - Argentine peso - Monthly - Average of observations through period,1970-04,3.5E-11,A,,F
M,AR,ARS,A,0,16,A, Exchange rates against USD Argentina - Argentine peso - Monthly - Average of observations through period,1970-05,3.5E-11,A,,F
M,AR,ARS,A,0,16,A, Exchange rates against USD Argentina - Argentine peso - Monthly - Average of observations through period,1970-06,4E-11,A,,F
M,AR,ARS,A,0,16,A, Exchange rates against USD Argentina - Argentine peso - Monthly - Average of observations through period,1970-07,4E-11,A,,F
M,AR,ARS,A,0,16,A, Exchange rates against USD Argentina - Argentine peso - Monthly - Average of observations through period,1970-08,4E-11,A,,F
M,AR,ARS,A,0,16,A, Exchange rates against USD Argentina - Argentine peso - Monthly - Average of observations through period,1970-09,4E-11,A,,F
M,AR,ARS,A,0,16,A, Exchange rates against USD Argentina - Argentine peso - Monthly - Average of observations through period,1970-10,4E-11,A,,F
M,AR,ARS,A,0,16,A, Exchange rates against USD Argentina - Argentine peso - Monthly - Average of observations through period,1970-11,4E-11,A,,F
M,AR,ARS,A,0,16,A, Exchange rates against USD Argentina - Argentine peso - Monthly - Average of observations through period,1970-12,4E-11,A,,F
M,AR,ARS,A,0,16,A, Exchange rates against USD Argentina - Argentine peso - Monthly - Average of observations through period,1971-01,4E-11,A,,F
M,AR,ARS,A,0,16,A, Exchange rates against USD Argentina - Argentine peso - Monthly - Average of observations through period,1971-02,4E-11,A,,F
M,AR,ARS,A,0,16,A, Exchange rates against USD Argentina - Argentine peso - Monthly - Average of observations through period,1971-03,4E-11,A,,F
M,AR,ARS,A,0,16,A, Exchange rates against USD Argentina - Argentine peso - Monthly - Average of observations through period,1971-04,4.04E-11,A,,F
M,AR,ARS,A,0,16,A, Exchange rates against USD Argentina - Argentine peso - Monthly - Average of observations through period,1971-05,4.12E-11,A,,F
M,AR,ARS,A,0,16,A, Exchange rates against USD Argentina - Argentine peso - Monthly - Average of observations through period,1971-06,4.4E-11,A,,F
M,AR,ARS,A,0,16,A, Exchange rates against USD Argentina - Argentine peso - Monthly - Average of observations through period,1971-07,4.7E-11,A,,F
M,AR,ARS,A,0,16,A, Exchange rates against USD Argentina - Argentine peso - Monthly - Average of observations through period,1971-08,5E-11,A,,F
M,AR,ARS,A,0,16,A, Exchange rates against USD Argentina - Argentine peso - Monthly - Average of observations through period,1971-09,6.7E-11,A,,F
M,AR,ARS,A,0,16,A, Exchange rates against USD Argentina - Argentine peso - Monthly - Average of observations through period,1971-10,7.7E-11,A,,F
M,AR,ARS,A,0,16,A, Exchange rates against USD Argentina - Argentine peso - Monthly - Average of observations through period,1971-11,8.1E-11,A,,F
M,AR,ARS,A,0,16,A, Exchange rates against USD Argentina - Argentine peso - Monthly - Average of observations through period,1971-12,8.25E-11,A,,F
M,AR,ARS,A,0,16,A, Exchange rates against USD Argentina - Argentine peso - Monthly - Average of observations through period,1972-01,9.6E-11,A,,F
M,AR,ARS,A,0,16,A, Exchange rates against USD Argentina - Argentine peso - Monthly - Average of observations through period,1972-02,9.68E-11,A,,F
M,AR,ARS,A,0,16,A, Exchange rates against USD Argentina - Argentine peso - Monthly - Average of observations through period,1972-03,9.75E-11,A,,F
M,AR,ARS,A,0,16,A, Exchange rates against USD Argentina - Argentine peso - Monthly - Average of observations through period,1972-04,9.87E-11,A,,F
M,AR,ARS,A,0,16,A, Exchange rates against USD Argentina - Argentine peso - Monthly - Average of observations through period,1972-05,9.9E-11,A,,F
M,AR,ARS,A,0,16,A, Exchange rates against USD Argentina - Argentine peso - Monthly - Average of observations through period,1972-06,9.95E-11,A,,F
M,AR,ARS,A,0,16,A, Exchange rates against USD Argentina - Argentine peso - Monthly - Average of observations through period,1972-07,9.95E-11,A,,F
M,AR,ARS,A,0,16,A, Exchange rates against USD Argentina - Argentine peso - Monthly - Average of observations through period,1972-08,9.98E-11,A,,F
M,AR,ARS,A,0,16,A, Exchange rates against USD Argentina - Argentine peso - Monthly - Average of observations through period,1972-09,9.98E-11,A,,F
M,AR,ARS,A,0,16,A, Exchange rates against USD Argentina - Argentine peso - Monthly - Average of observations through period,1972-10,9.98E-11,A,,F
M,AR,ARS,A,0,16,A, Exchange rates against USD Argentina - Argentine peso - Monthly - Average of observations through period,1972-11,9.98E-11,A,,F
M,AR,ARS,A,0,16,A, Exchange rates against USD Argentina - Argentine peso - Monthly - Average of observations through period,1972-12,9.98E-11,A,,F
M,AR,ARS,A,0,16,A, Exchange rates against USD Argentina - Argentine peso - Monthly - Average of observations through period,1973-01,9.98E-11,A,,F
M,AR,ARS,A,0,16,A, Exchange rates against USD Argentina - Argentine peso - Monthly - Average of observations through period,1973-02,9.98E-11,A,,F
M,AR,ARS,A,0,16,A, Exchange rates against USD Argentina - Argentine peso - Monthly - Average of observations through period,1973-03,9.98E-11,A,,F
M,AR,ARS,A,0,16,A, Exchange rates against USD Argentina - Argentine peso - Monthly - Average of observations through period,1973-04,9.98E-11,A,,F
M,AR,ARS,A,0,16,A, Exchange rates against USD Argentina - Argentine peso - Monthly - Average of observations through period,1973-05,9.98E-11,A,,F
M,AR,ARS,A,0,16,A, Exchange rates against USD Argentina - Argentine peso - Monthly - Average of observations through period,1973-06,9.98E-11,A,,F
M,AR,ARS,A,0,16,A, Exchange rates against USD Argentina - Argentine peso - Monthly - Average of observations through period,1973-07,9.98E-11,A,,F
M,AR,ARS,A,0,16,A, Exchange rates against USD Argentina - Argentine peso - Monthly - Average of observations through period,1973-08,9.98E-11,A,,F
M,AR,ARS,A,0,16,A, Exchange rates against USD Argentina - Argentine peso - Monthly - Average of observations through period,1973-09,9.98E-11,A,,F
M,AR,ARS,A,0,16,A, Exchange rates against USD Argentina - Argentine peso - Monthly - Average of observations through period,1973-10,9.98E-11,A,,F
M,AR,ARS,A,0,16,A, Exchange rates against USD Argentina - Argentine peso - Monthly - Average of observations through period,1973-11,9.98E-11,A,,F
M,AR,ARS,A,0,16,A, Exchange rates against USD Argentina - Argentine peso - Monthly - Average of observations through period,1973-12,9.98E-11,A,,F
M,AR,ARS,A,0,16,A, Exchange rates against USD Argentina - Argentine peso - Monthly - Average of observations through period,1974-01,9.98E-11,A,,F
M,AR,ARS,A,0,16,A, Exchange rates against USD Argentina - Argentine peso - Monthly - Average of observations through period,1974-02,9.98E-11,A,,F
M,AR,ARS,A,0,16,A, Exchange rates against USD Argentina - Argentine peso - Monthly - Average of observations through period,1974-03,9.98E-11,A,,F
M,AR,ARS,A,0,16,A, Exchange rates against USD Argentina - Argentine peso - Monthly - Average of observations through period,1974-04,9.98E-11,A,,F
M,AR,ARS,A,0,16,A, Exchange rates against USD Argentina - Argentine peso - Monthly - Average of observations through period,1974-05,9.98E-11,A,,F
M,AR,ARS,A,0,16,A, Exchange rates against USD Argentina - Argentine peso - Monthly - Average of observations through period,1974-06,9.98E-11,A,,F
M,AR,ARS,A,0,16,A, Exchange rates against USD Argentina - Argentine peso - Monthly - Average of observations through period,1974-07,9.98E-11,A,,F
M,AR,ARS,A,0,16,A, Exchange rates against USD Argentina - Argentine peso - Monthly - Average of observations through period,1974-08,9.98E-11,A,,F
M,AR,ARS,A,0,16,A, Exchange rates against USD Argentina - Argentine peso - Monthly - Average of observations through period,1974-09,9.98E-11,A,,F
M,AR,ARS,A,0,16,A, Exchange rates against USD Argentina - Argentine peso - Monthly - Average of observations through period,1974-10,9.98E-11,A,,F
M,AR,ARS,A,0,16,A, Exchange rates against USD Argentina - Argentine peso - Monthly - Average of observations through period,1974-11,9.98E-11,A,,F
M,AR,ARS,A,0,16,A, Exchange rates against USD Argentina - Argentine peso - Monthly - Average of observations through period,1974-12,9.98E-11,A,,F
M,AR,ARS,A,0,16,A, Exchange rates against USD Argentina - Argentine peso - Monthly - Average of observations through period,1975-01,9.98E-11,A,,F
M,AR,ARS,A,0,16,A, Exchange rates against USD Argentina - Argentine peso - Monthly - Average of observations through period,1975-02,9.98E-11,A,,F
M,AR,ARS,A,0,16,A, Exchange rates against USD Argentina - Argentine peso - Monthly - Average of observations through period,1975-03,1.51E-10,A,,F
M,AR,ARS,A,0,16,A, Exchange rates against USD Argentina - Argentine peso - Monthly - Average of observations through period,1975-04,1.51E-10,A,,F
M,AR,ARS,A,0,16,A, Exchange rates against USD Argentina - Argentine peso - Monthly - Average of observations through period,1975-05,1.51E-10,A,,F
M,AR,ARS,A,0,16,A, Exchange rates against USD Argentina - Argentine peso - Monthly - Average of observations through period,1975-06,3.009E-10,A,,F
M,AR,ARS,A,0,16,A, Exchange rates against USD Argentina - Argentine peso - Monthly - Average of observations through period,1975-07,3.55E-10,A,,F
M,AR,ARS,A,0,16,A, Exchange rates against USD Argentina - Argentine peso - Monthly - Average of observations through period,1975-08,6.318E-10,A,,F
M,AR,ARS,A,0,16,A, Exchange rates against USD Argentina - Argentine peso - Monthly - Average of observations through period,1975-09,6.669E-10,A,,F
M,AR,ARS,A,0,16,A, Exchange rates against USD Argentina - Argentine peso - Monthly - Average of observations through period,1975-10,6.899E-10,A,,F
M,AR,ARS,A,0,16,A, Exchange rates against USD Argentina - Argentine peso - Monthly - Average of observations through period,1975-11,7.53E-10,A,,F
M,AR,ARS,A,0,16,A, Exchange rates against USD Argentina - Argentine peso - Monthly - Average of observations through period,1975-12,8.662E-10,A,,F
M,AR,ARS,A,0,16,A, Exchange rates against USD Argentina - Argentine peso - Monthly - Average of observations through period,1976-01,1.97E-09,A,,F
M,AR,ARS,A,0,16,A, Exchange rates against USD Argentina - Argentine peso - Monthly - Average of observations through period,1976-02,2.42E-09,A,,F
M,AR,ARS,A,0,16,A, Exchange rates against USD Argentina - Argentine peso - Monthly - Average of observations through period,1976-03,2.93E-09,A,,F
M,AR,ARS,A,0,16,A, Exchange rates against USD Argentina - Argentine peso - Monthly - Average of observations through period,1976-04,2.4E-09,A,,F
M,AR,ARS,A,0,16,A, Exchange rates against USD Argentina - Argentine peso - Monthly - Average of observations through period,1976-05,2.52E-09,A,,F
M,AR,ARS,A,0,16,A, Exchange rates against USD Argentina - Argentine peso - Monthly - Average of observations through period,1976-06,2.52E-09,A,,F
M,AR,ARS,A,0,16,A, Exchange rates against USD Argentina - Argentine peso - Monthly - Average of observations through period,1976-07,2.52E-09,A,,F
M,AR,ARS,A,0,16,A, Exchange rates against USD Argentina - Argentine peso - Monthly - Average of observations through period,1976-08,2.445E-09,A,,F
M,AR,ARS,A,0,16,A, Exchange rates against USD Argentina - Argentine peso - Monthly - Average of observations through period,1976-09,2.52E-09,A,,F
M,AR,ARS,A,0,16,A, Exchange rates against USD Argentina - Argentine peso - Monthly - Average of observations through period,1976-10,2.52E-09,A,,F
M,AR,ARS,A,0,16,A, Exchange rates against USD Argentina - Argentine peso - Monthly - Average of observations through period,1976-11,2.64E-09,A,,F
M,AR,ARS,A,0,16,A, Exchange rates against USD Argentina - Argentine peso - Monthly - Average of observations through period,1976-12,2.77E-09,A,,F
M,AR,ARS,A,0,16,A, Exchange rates against USD Argentina - Argentine peso - Monthly - Average of observations through period,1977-01,2.95E-09,A,,F
M,AR,ARS,A,0,16,A, Exchange rates against USD Argentina - Argentine peso - Monthly - Average of observations through period,1977-02,3.15E-09,A,,F
M,AR,ARS,A,0,16,A, Exchange rates against USD Argentina - Argentine peso - Monthly - Average of observations through period,1977-03,3.39E-09,A,,F
M,AR,ARS,A,0,16,A, Exchange rates against USD Argentina - Argentine peso - Monthly - Average of observations through period,1977-04,3.55E-09,A,,F
M,AR,ARS,A,0,16,A, Exchange rates against USD Argentina - Argentine peso - Monthly - Average of observations through period,1977-05,3.75E-09,A,,F
M,AR,ARS,A,0,16,A, Exchange rates against USD Argentina - Argentine peso - Monthly - Average of observations through period,1977-06,3.93E-09,A,,F
M,AR,ARS,A,0,16,A, Exchange rates against USD Argentina - Argentine peso - Monthly - Average of observations through period,1977-07,4.17E-09,A,,F
M,AR,ARS,A,0,16,A, Exchange rates against USD Argentina - Argentine peso - Monthly - Average of observations through period,1977-08,4.4E-09,A,,F
M,AR,ARS,A,0,16,A, Exchange rates against USD Argentina - Argentine peso - Monthly - Average of observations through period,1977-09,4.75E-09,A,,F
M,AR,ARS,A,0,16,A, Exchange rates against USD Argentina - Argentine peso - Monthly - Average of observations through period,1977-10,5.15E-09,A,,F
M,AR,ARS,A,0,16,A, Exchange rates against USD Argentina - Argentine peso - Monthly - Average of observations through period,1977-11,5.59E-09,A,,F
M,AR,ARS,A,0,16,A, Exchange rates against USD Argentina - Argentine peso - Monthly - Average of observations through period,1977-12,5.99E-09,A,,F
M,AR,ARS,A,0,16,A, Exchange rates against USD Argentina - Argentine peso - Monthly - Average of observations through period,1978-01,6.43E-09,A,,F
M,AR,ARS,A,0,16,A, Exchange rates against USD Argentina - Argentine peso - Monthly - Average of observations through period,1978-02,6.83E-09,A,,F
M,AR,ARS,A,0,16,A, Exchange rates against USD Argentina - Argentine peso - Monthly - Average of observations through period,1978-03,7.23E-09,A,,F
M,AR,ARS,A,0,16,A, Exchange rates against USD Argentina - Argentine peso - Monthly - Average of observations through period,1978-04,7.63E-09,A,,F
M,AR,ARS,A,0,16,A, Exchange rates against USD Argentina - Argentine peso - Monthly - Average of observations through period,1978-05,7.8E-09,A,,F
M,AR,ARS,A,0,16,A, Exchange rates against USD Argentina - Argentine peso - Monthly - Average of observations through period,1978-06,7.92E-09,A,,F
M,AR,ARS,A,0,16,A, Exchange rates against USD Argentina - Argentine peso - Monthly - Average of observations through period,1978-07,8.09E-09,A,,F
M,AR,ARS,A,0,16,A, Exchange rates against USD Argentina - Argentine peso - Monthly - Average of observations through period,1978-08,8.34E-09,A,,F
M,AR,ARS,A,0,16,A, Exchange rates against USD Argentina - Argentine peso - Monthly - Average of observations through period,1978-09,8.7E-09,A,,F
M,AR,ARS,A,0,16,A, Exchange rates against USD Argentina - Argentine peso - Monthly - Average of observations through period,1978-10,9.11E-09,A,,F
M,AR,ARS,A,0,16,A, Exchange rates against USD Argentina - Argentine peso - Monthly - Average of observations through period,1978-11,9.61E-09,A,,F
M,AR,ARS,A,0,16,A, Exchange rates against USD Argentina - Argentine peso - Monthly - Average of observations through period,1978-12,1.007E-08,A,,F
M,AR,ARS,A,0,16,A, Exchange rates against USD Argentina - Argentine peso - Monthly - Average of observations through period,1979-01,1.059E-08,A,,F
M,AR,ARS,A,0,16,A, Exchange rates against USD Argentina - Argentine peso - Monthly - Average of observations through period,1979-02,1.108E-08,A,,F
M,AR,ARS,A,0,16,A, Exchange rates against USD Argentina - Argentine peso - Monthly - Average of observations through period,1979-03,1.16E-08,A,,F
M,AR,ARS,A,0,16,A, Exchange rates against USD Argentina - Argentine peso - Monthly - Average of observations through period,1979-04,1.213E-08,A,,F
M,AR,ARS,A,0,16,A, Exchange rates against USD Argentina - Argentine peso - Monthly - Average of observations through period,1979-05,1.267E-08,A,,F
M,AR,ARS,A,0,16,A, Exchange rates against USD Argentina - Argentine peso - Monthly - Average of observations through period,1979-06,1.32E-08,A,,F
M,AR,ARS,A,0,16,A, Exchange rates against USD Argentina - Argentine peso - Monthly - Average of observations through period,1979-07,1.373E-08,A,,F
M,AR,ARS,A,0,16,A, Exchange rates against USD Argentina - Argentine peso - Monthly - Average of observations through period,1979-08,1.425E-08,A,,F
M,AR,ARS,A,0,16,A, Exchange rates against USD Argentina - Argentine peso - Monthly - Average of observations through period,1979-09,1.476E-08,A,,F
M,AR,ARS,A,0,16,A, Exchange rates against USD Argentina - Argentine peso - Monthly - Average of observations through period,1979-10,1.526E-08,A,,F
M,AR,ARS,A,0,16,A, Exchange rates against USD Argentina - Argentine peso - Monthly - Average of observations through period,1979-11,1.575E-08,A,,F
M,AR,ARS,A,0,16,A, Exchange rates against USD Argentina - Argentine peso - Monthly - Average of observations through period,1979-12,1.622E-08,A,,F
M,AR,ARS,A,0,16,A, Exchange rates against USD Argentina - Argentine peso - Monthly - Average of observations through period,1980-01,1.667E-08,A,,F
M,AR,ARS,A,0,16,A, Exchange rates against USD Argentina - Argentine peso - Monthly - Average of observations through period,1980-02,1.71E-08,A,,F
M,AR,ARS,A,0,16,A, Exchange rates against USD Argentina - Argentine peso - Monthly - Average of observations through period,1980-03,1.751E-08,A,,F
M,AR,ARS,A,0,16,A, Exchange rates against USD Argentina - Argentine peso - Monthly - Average of observations through period,1980-04,1.789E-08,A,,F
M,AR,ARS,A,0,16,A, Exchange rates against USD Argentina - Argentine peso - Monthly - Average of observations through period,1980-05,1.825E-08,A,,F
M,AR,ARS,A,0,16,A, Exchange rates against USD Argentina - Argentine peso - Monthly - Average of observations through period,1980-06,1.858E-08,A,,F
M,AR,ARS,A,0,16,A, Exchange rates against USD Argentina - Argentine peso - Monthly - Average of observations through period,1980-07,1.888E-08,A,,F
M,AR,ARS,A,0,16,A, Exchange rates against USD Argentina - Argentine peso - Monthly - Average of observations through period,1980-08,1.914E-08,A,,F
M,AR,ARS,A,0,16,A, Exchange rates against USD Argentina - Argentine peso - Monthly - Average of observations through period,1980-09,1.937E-08,A,,F
M,AR,ARS,A,0,16,A, Exchange rates against USD Argentina - Argentine peso - Monthly - Average of observations through period,1980-10,1.956E-08,A,,F
M,AR,ARS,A,0,16,A, Exchange rates against USD Argentina - Argentine peso - Monthly - Average of observations through period,1980-11,1.976E-08,A,,F
M,AR,ARS,A,0,16,A, Exchange rates against USD Argentina - Argentine peso - Monthly - Average of observations through period,1980-12,1.996E-08,A,,F
M,AR,ARS,A,0,16,A, Exchange rates against USD Argentina - Argentine peso - Monthly - Average of observations through period,1981-01,2.026E-08,A,,F
M,AR,ARS,A,0,16,A, Exchange rates against USD Argentina - Argentine peso - Monthly - Average of observations through period,1981-02,2.255E-08,A,,F
M,AR,ARS,A,0,16,A, Exchange rates against USD Argentina - Argentine peso - Monthly - Average of observations through period,1981-03,2.363E-08,A,,F
M,AR,ARS,A,0,16,A, Exchange rates against USD Argentina - Argentine peso - Monthly - Average of observations through period,1981-04,3.16E-08,A,,F
M,AR,ARS,A,0,16,A, Exchange rates against USD Argentina - Argentine peso - Monthly - Average of observations through period,1981-05,3.274E-08,A,,F
M,AR,ARS,A,0,16,A, Exchange rates against USD Argentina - Argentine peso - Monthly - Average of observations through period,1981-06,6.6E-08,A,,F
M,AR,ARS,A,0,16,A, Exchange rates against USD Argentina - Argentine peso - Monthly - Average of observations through period,1981-07,7.3E-08,A,,F
M,AR,ARS,A,0,16,A, Exchange rates against USD Argentina - Argentine peso - Monthly - Average of observations through period,1981-08,7.45E-08,A,,F
M,AR,ARS,A,0,16,A, Exchange rates against USD Argentina - Argentine peso - Monthly - Average of observations through period,1981-09,7.67E-08,A,,F
M,AR,ARS,A,0,16,A, Exchange rates against USD Argentina - Argentine peso - Monthly - Average of observations through period,1981-10,9.2E-08,A,,F
M,AR,ARS,A,0,16,A, Exchange rates against USD Argentina - Argentine peso - Monthly - Average of observations through period,1981-11,1.065E-07,A,,F
M,AR,ARS,A,0,16,A, Exchange rates against USD Argentina - Argentine peso - Monthly - Average of observations through period,1981-12,1.06E-07,A,,F
M,AR,ARS,A,0,16,A, Exchange rates against USD Argentina - Argentine peso - Monthly - Average of observations through period,1982-01,1.0075E-07,A,,F
M,AR,ARS,A,0,16,A, Exchange rates against USD Argentina - Argentine peso - Monthly - Average of observations through period,1982-02,1.005E-07,A,,F
M,AR,ARS,A,0,16,A, Exchange rates against USD Argentina - Argentine peso - Monthly - Average of observations through period,1982-03,1.16E-07,A,,F
M,AR,ARS,A,0,16,A, Exchange rates against USD Argentina - Argentine peso - Monthly - Average of observations through period,1982-04,1.2E-07,A,,F
M,AR,ARS,A,0,16,A, Exchange rates against USD Argentina - Argentine peso - Monthly - Average of observations through period,1982-05,1.46E-07,A,,F
M,AR,ARS,A,0,16,A, Exchange rates against USD Argentina - Argentine peso - Monthly - Average of observations through period,1982-06,1.575E-07,A,,F
M,AR,ARS,A,0,16,A, Exchange rates against USD Argentina - Argentine peso - Monthly - Average of observations through period,1982-07,3.9E-07,A,,F
M,AR,ARS,A,0,16,A, Exchange rates against USD Argentina - Argentine peso - Monthly - Average of observations through period,1982-08,3.9E-07,A,,F
M,AR,ARS,A,0,16,A, Exchange rates against USD Argentina - Argentine peso - Monthly - Average of observations through period,1982-09,3.9E-07,A,,F
M,AR,ARS,A,0,16,A, Exchange rates against USD Argentina - Argentine peso - Monthly - Average of observations through period,1982-10,3.9E-07,A,,F
M,AR,ARS,A,0,16,A, Exchange rates against USD Argentina - Argentine peso - Monthly - Average of observations through period,1982-11,4.34E-07,A,,F
M,AR,ARS,A,0,16,A, Exchange rates against USD Argentina - Argentine peso - Monthly - Average of observations through period,1982-12,4.857E-07,A,,F
M,AR,ARS,A,0,16,A, Exchange rates against USD Argentina - Argentine peso - Monthly - Average of observations through period,1983-01,5.407E-07,A,,F
M,AR,ARS,A,0,16,A, Exchange rates against USD Argentina - Argentine peso - Monthly - Average of observations through period,1983-02,6.033E-07,A,,F
M,AR,ARS,A,0,16,A, Exchange rates against USD Argentina - Argentine peso - Monthly - Average of observations through period,1983-03,6.637E-07,A,,F
M,AR,ARS,A,0,16,A, Exchange rates against USD Argentina - Argentine peso - Monthly - Average of observations through period,1983-04,7.441E-07,A,,F
M,AR,ARS,A,0,16,A, Exchange rates against USD Argentina - Argentine peso - Monthly - Average of observations through period,1983-05,8.113E-07,A,,F
M,AR,ARS,A,0,16,A, Exchange rates against USD Argentina - Argentine peso - Monthly - Average of observations through period,1983-06,8.891E-07,A,,F
M,AR,ARS,A,0,16,A, Exchange rates against USD Argentina - Argentine peso - Monthly - Average of observations through period,1983-07,9.971E-07,A,,F
M,AR,ARS,A,0,16,A, Exchange rates against USD Argentina - Argentine peso - Monthly - Average of observations through period,1983-08,1.1282E-06,A,,F
M,AR,ARS,A,0,16,A, Exchange rates against USD Argentina - Argentine peso - Monthly - Average of observations through period,1983-09,1.3086E-06,A,,F
M,AR,ARS,A,0,16,A, Exchange rates against USD Argentina - Argentine peso - Monthly - Average of observations through period,1983-10,1.5817E-06,A,,F
M,AR,ARS,A,0,16,A, Exchange rates against USD Argentina - Argentine peso - Monthly - Average of observations through period,1983-11,1.9292E-06,A,,F
M,AR,ARS,A,0,16,A, Exchange rates against USD Argentina - Argentine peso - Monthly - Average of observations through period,1983-12,2.3271E-06,A,,F
M,AR,ARS,A,0,16,A, Exchange rates against USD Argentina - Argentine peso - Monthly - Average of observations through period,1984-01,2.6314E-06,A,,F
M,AR,ARS,A,0,16,A, Exchange rates against USD Argentina - Argentine peso - Monthly - Average of observations through period,1984-02,2.9072E-06,A,,F
M,AR,ARS,A,0,16,A, Exchange rates against USD Argentina - Argentine peso - Monthly - Average of observations through period,1984-03,3.2734E-06,A,,F
M,AR,ARS,A,0,16,A, Exchange rates against USD Argentina - Argentine peso - Monthly - Average of observations through period,1984-04,3.7536E-06,A,,F
M,AR,ARS,A,0,16,A, Exchange rates against USD Argentina - Argentine peso - Monthly - Average of observations through period,1984-05,4.4004E-06,A,,F
M,AR,ARS,A,0,16,A, Exchange rates against USD Argentina - Argentine peso - Monthly - Average of observations through period,1984-06,5.1267E-06,A,,F
M,AR,ARS,A,0,16,A, Exchange rates against USD Argentina - Argentine peso - Monthly - Average of observations through period,1984-07,6.1771E-06,A,,F
M,AR,ARS,A,0,16,A, Exchange rates against USD Argentina - Argentine peso - Monthly - Average of observations through period,1984-08,7.442E-06,A,,F
M,AR,ARS,A,0,16,A, Exchange rates against USD Argentina - Argentine peso - Monthly - Average of observations through period,1984-09,9.1834E-06,A,,F
M,AR,ARS,A,0,16,A, Exchange rates against USD Argentina - Argentine peso - Monthly - Average of observations through period,1984-10,1.20124E-05,A,,F
M,AR,ARS,A,0,16,A, Exchange rates against USD Argentina - Argentine peso - Monthly - Average of observations through period,1984-11,1.4872E-05,A,,F
M,AR,ARS,A,0,16,A, Exchange rates against USD Argentina - Argentine peso - Monthly - Average of observations through period,1984-12,1.7881E-05,A,,F
M,AR,ARS,A,0,16,A, Exchange rates against USD Argentina - Argentine peso - Monthly - Average of observations through period,1985-01,2.2348E-05,A,,F
M,AR,ARS,A,0,16,A, Exchange rates against USD Argentina - Argentine peso - Monthly - Average of observations through period,1985-02,2.6815E-05,A,,F
M,AR,ARS,A,0,16,A, Exchange rates against USD Argentina - Argentine peso - Monthly - Average of observations through period,1985-03,3.4289E-05,A,,F
M,AR,ARS,A,0,16,A, Exchange rates against USD Argentina - Argentine peso - Monthly - Average of observations through period,1985-04,4.4865E-05,A,,F
M,AR,ARS,A,0,16,A, Exchange rates against USD Argentina - Argentine peso - Monthly - Average of observations through period,1985-05,6.0198E-05,A,,F
M,AR,ARS,A,0,16,A, Exchange rates against USD Argentina - Argentine peso - Monthly - Average of observations through period,1985-06,8.01E-05,A,,F
M,AR,ARS,A,0,16,A, Exchange rates against USD Argentina - Argentine peso - Monthly - Average of observations through period,1985-07,8.01E-05,A,,F
M,AR,ARS,A,0,16,A, Exchange rates against USD Argentina - Argentine peso - Monthly - Average of observations through period,1985-08,8.01E-05,A,,F
M,AR,ARS,A,0,16,A, Exchange rates against USD Argentina - Argentine peso - Monthly - Average of observations through period,1985-09,8.01E-05,A,,F
M,AR,ARS,A,0,16,A, Exchange rates against USD Argentina - Argentine peso - Monthly - Average of observations through period,1985-10,8.01E-05,A,,F
M,AR,ARS,A,0,16,A, Exchange rates against USD Argentina - Argentine peso - Monthly - Average of observations through period,1985-11,8.01E-05,A,,F
M,AR,ARS,A,0,16,A, Exchange rates against USD Argentina - Argentine peso - Monthly - Average of observations through period,1985-12,8.01E-05,A,,F
M,AR,ARS,A,0,16,A, Exchange rates against USD Argentina - Argentine peso - Monthly - Average of observations through period,1986-01,8.01E-05,A,,F
M,AR,ARS,A,0,16,A, Exchange rates against USD Argentina - Argentine peso - Monthly - Average of observations through period,1986-02,8.01E-05,A,,F
M,AR,ARS,A,0,16,A, Exchange rates against USD Argentina - Argentine peso - Monthly - Average of observations through period,1986-03,8.01E-05,A,,F
M,AR,ARS,A,0,16,A, Exchange rates against USD Argentina - Argentine peso - Monthly - Average of observations through period,1986-04,8.41E-05,A,,F
M,AR,ARS,A,0,16,A, Exchange rates against USD Argentina - Argentine peso - Monthly - Average of observations through period,1986-05,8.61E-05,A,,F
M,AR,ARS,A,0,16,A, Exchange rates against USD Argentina - Argentine peso - Monthly - Average of observations through period,1986-06,8.91E-05,A,,F
M,AR,ARS,A,0,16,A, Exchange rates against USD Argentina - Argentine peso - Monthly - Average of observations through period,1986-07,9.21E-05,A,,F
M,AR,ARS,A,0,16,A, Exchange rates against USD Argentina - Argentine peso - Monthly - Average of observations through period,1986-08,0.0001008,A,,F
M,AR,ARS,A,0,16,A, Exchange rates against USD Argentina - Argentine peso - Monthly - Average of observations through period,1986-09,0.000107,A,,F
M,AR,ARS,A,0,16,A, Exchange rates against USD Argentina - Argentine peso - Monthly - Average of observations through period,1986-10,0.0001131,A,,F
M,AR,ARS,A,0,16,A, Exchange rates against USD Argentina - Argentine peso - Monthly - Average of observations through period,1986-11,0.0001181,A,,F
M,AR,ARS,A,0,16,A, Exchange rates against USD Argentina - Argentine peso - Monthly - Average of observations through period,1986-12,0.0001259,A,,F
M,AR,ARS,A,0,16,A, Exchange rates against USD Argentina - Argentine peso - Monthly - Average of observations through period,1987-01,0.0001332,A,,F
M,AR,ARS,A,0,16,A, Exchange rates against USD Argentina - Argentine peso - Monthly - Average of observations through period,1987-02,0.0001541,A,,F
M,AR,ARS,A,0,16,A, Exchange rates against USD Argentina - Argentine peso - Monthly - Average of observations through period,1987-03,0.0001541,A,,F
M,AR,ARS,A,0,16,A, Exchange rates against USD Argentina - Argentine peso - Monthly - Average of observations through period,1987-04,0.0001541,A,,F
M,AR,ARS,A,0,16,A, Exchange rates against USD Argentina - Argentine peso - Monthly - Average of observations through period,1987-05,0.0001622,A,,F
M,AR,ARS,A,0,16,A, Exchange rates against USD Argentina - Argentine peso - Monthly - Average of observations through period,1987-06,0.0001802,A,,F
M,AR,ARS,A,0,16,A, Exchange rates against USD Argentina - Argentine peso - Monthly - Average of observations through period,1987-07,0.0001977,A,,F
M,AR,ARS,A,0,16,A, Exchange rates against USD Argentina - Argentine peso - Monthly - Average of observations through period,1987-08,0.00022705,A,,F
M,AR,ARS,A,0,16,A, Exchange rates against USD Argentina - Argentine peso - Monthly - Average of observations through period,1987-09,0.00026355,A,,F
M,AR,ARS,A,0,16,A, Exchange rates against USD Argentina - Argentine peso - Monthly - Average of observations through period,1987-10,0.000313,A,,F
M,AR,ARS,A,0,16,A, Exchange rates against USD Argentina - Argentine peso - Monthly - Average of observations through period,1987-11,0.000435,A,,F
M,AR,ARS,A,0,16,A, Exchange rates against USD Argentina - Argentine peso - Monthly - Average of observations through period,1987-12,0.000512,A,,F
M,AR,ARS,A,0,16,A, Exchange rates against USD Argentina - Argentine peso - Monthly - Average of observations through period,1988-01,0.000554,A,,F
M,AR,ARS,A,0,16,A, Exchange rates against USD Argentina - Argentine peso - Monthly - Average of observations through period,1988-02,0.000617,A,,F
M,AR,ARS,A,0,16,A, Exchange rates against USD Argentina - Argentine peso - Monthly - Average of observations through period,1988-03,0.000662,A,,F
M,AR,ARS,A,0,16,A, Exchange rates against USD Argentina - Argentine peso - Monthly - Average of observations through period,1988-04,0.000749,A,,F
M,AR,ARS,A,0,16,A, Exchange rates against USD Argentina - Argentine peso - Monthly - Average of observations through period,1988-05,0.00092,A,,F
M,AR,ARS,A,0,16,A, Exchange rates against USD Argentina - Argentine peso - Monthly - Average of observations through period,1988-06,0.001121,A,,F
M,AR,ARS,A,0,16,A, Exchange rates against USD Argentina - Argentine peso - Monthly - Average of observations through period,1988-07,0.001296,A,,F
M,AR,ARS,A,0,16,A, Exchange rates against USD Argentina - Argentine peso - Monthly - Average of observations through period,1988-08,0.001441,A,,F
M,AR,ARS,A,0,16,A, Exchange rates against USD Argentina - Argentine peso - Monthly - Average of observations through period,1988-09,0.001499,A,,F
M,AR,ARS,A,0,16,A, Exchange rates against USD Argentina - Argentine peso - Monthly - Average of observations through period,1988-10,0.001511,A,,F
M,AR,ARS,A,0,16,A, Exchange rates against USD Argentina - Argentine peso - Monthly - Average of observations through period,1988-11,0.001567,A,,F
M,AR,ARS,A,0,16,A, Exchange rates against USD Argentina - Argentine peso - Monthly - Average of observations through period,1988-12,0.001654,A,,F
M,AR,ARS,A,0,16,A, Exchange rates against USD Argentina - Argentine peso - Monthly - Average of observations through period,1989-01,0.001751,A,,F
M,AR,ARS,A,0,16,A, Exchange rates against USD Argentina - Argentine peso - Monthly - Average of observations through period,1989-02,0.00282,A,,F
M,AR,ARS,A,0,16,A, Exchange rates against USD Argentina - Argentine peso - Monthly - Average of observations through period,1989-03,0.00498,A,,F
M,AR,ARS,A,0,16,A, Exchange rates against USD Argentina - Argentine peso - Monthly - Average of observations through period,1989-04,0.0077,A,,F
M,AR,ARS,A,0,16,A, Exchange rates against USD Argentina - Argentine peso - Monthly - Average of observations through period,1989-05,0.0177,A,,F
M,AR,ARS,A,0,16,A, Exchange rates against USD Argentina - Argentine peso - Monthly - Average of observations through period,1989-06,0.0262,A,,F
M,AR,ARS,A,0,16,A, Exchange rates against USD Argentina - Argentine peso - Monthly - Average of observations through period,1989-07,0.0655,A,,F
M,AR,ARS,A,0,16,A, Exchange rates against USD Argentina - Argentine peso - Monthly - Average of observations through period,1989-08,0.0655,A,,F
M,AR,ARS,A,0,16,A, Exchange rates against USD Argentina - Argentine peso - Monthly - Average of observations through period,1989-09,0.0655,A,,F
M,AR,ARS,A,0,16,A, Exchange rates against USD Argentina - Argentine peso - Monthly - Average of observations through period,1989-10,0.0655,A,,F
M,AR,ARS,A,0,16,A, Exchange rates against USD Argentina - Argentine peso - Monthly - Average of observations through period,1989-11,0.0655,A,,F
M,AR,ARS,A,0,16,A, Exchange rates against USD Argentina - Argentine peso - Monthly - Average of observations through period,1989-12,0.18,A,,F
M,AR,ARS,A,0,16,A, Exchange rates against USD Argentina - Argentine peso - Monthly - Average of observations through period,1990-01,0.187,A,,F
M,AR,ARS,A,0,16,A, Exchange rates against USD Argentina - Argentine peso - Monthly - Average of observations through period,1990-02,0.597,A,,F
M,AR,ARS,A,0,16,A, Exchange rates against USD Argentina - Argentine peso - Monthly - Average of observations through period,1990-03,0.466,A,,F
M,AR,ARS,A,0,16,A, Exchange rates against USD Argentina - Argentine peso - Monthly - Average of observations through period,1990-04,0.501,A,,F
M,AR,ARS,A,0,16,A, Exchange rates against USD Argentina - Argentine peso - Monthly - Average of observations through period,1990-05,0.501,A,,F
M,AR,ARS,A,0,16,A, Exchange rates against USD Argentina - Argentine peso - Monthly - Average of observations through period,1990-06,0.527,A,,F
M,AR,ARS,A,0,16,A, Exchange rates against USD Argentina - Argentine peso - Monthly - Average of observations through period,1990-07,0.545,A,,F
M,AR,ARS,A,0,16,A, Exchange rates against USD Argentina - Argentine peso - Monthly - Average of observations through period,1990-08,0.62,A,,F
M,AR,ARS,A,0,16,A, Exchange rates against USD Argentina - Argentine peso - Monthly - Average of observations through period,1990-09,0.5615,A,,F
M,AR,ARS,A,0,16,A, Exchange rates against USD Argentina - Argentine peso - Monthly - Average of observations through period,1990-10,0.557,A,,F
M,AR,ARS,A,0,16,A, Exchange rates against USD Argentina - Argentine peso - Monthly - Average of observations through period,1990-11,0.513,A,,F
M,AR,ARS,A,0,16,A, Exchange rates against USD Argentina - Argentine peso - Monthly - Average of observations through period,1990-12,0.559,A,,F
M,AR,ARS,A,0,16,A, Exchange rates against USD Argentina - Argentine peso - Monthly - Average of observations through period,1991-01,0.943,A,,F
M,AR,ARS,A,0,16,A, Exchange rates against USD Argentina - Argentine peso - Monthly - Average of observations through period,1991-02,0.999,A,,F
M,AR,ARS,A,0,16,A, Exchange rates against USD Argentina - Argentine peso - Monthly - Average of observations through period,1991-03,0.9635,A,,F
M,AR,ARS,A,0,16,A, Exchange rates against USD Argentina - Argentine peso - Monthly - Average of observations through period,1991-04,0.981,A,,F
M,AR,ARS,A,0,16,A, Exchange rates against USD Argentina - Argentine peso - Monthly - Average of observations through period,1991-05,0.991,A,,F
M,AR,ARS,A,0,16,A, Exchange rates against USD Argentina - Argentine peso - Monthly - Average of observations through period,1991-06,0.9975,A,,F
M,AR,ARS,A,0,16,A, Exchange rates against USD Argentina - Argentine peso - Monthly - Average of observations through period,1991-07,0.996,A,,F
M,AR,ARS,A,0,16,A, Exchange rates against USD Argentina - Argentine peso - Monthly - Average of observations through period,1991-08,0.9965,A,,F
M,AR,ARS,A,0,16,A, Exchange rates against USD Argentina - Argentine peso - Monthly - Average of observations through period,1991-09,0.991,A,,F
M,AR,ARS,A,0,16,A, Exchange rates against USD Argentina - Argentine peso - Monthly - Average of observations through period,1991-10,0.991,A,,F
M,AR,ARS,A,0,16,A, Exchange rates against USD Argentina - Argentine peso - Monthly - Average of observations through period,1991-11,0.991,A,,F
M,AR,ARS,A,0,16,A, Exchange rates against USD Argentina - Argentine peso - Monthly - Average of observations through period,1991-12,0.999,A,,F
M,AR,ARS,A,0,16,A, Exchange rates against USD Argentina - Argentine peso - Monthly - Average of observations through period,1992-01,0.9910409090909,A,,F
M,AR,ARS,A,0,16,A, Exchange rates against USD Argentina - Argentine peso - Monthly - Average of observations through period,1992-02,0.991255,A,,F
M,AR,ARS,A,0,16,A, Exchange rates against USD Argentina - Argentine peso - Monthly - Average of observations through period,1992-03,0.9920863636364,A,,F
M,AR,ARS,A,0,16,A, Exchange rates against USD Argentina - Argentine peso - Monthly - Average of observations through period,1992-04,0.991065,A,,F
M,AR,ARS,A,0,16,A, Exchange rates against USD Argentina - Argentine peso - Monthly - Average of observations through period,1992-05,0.991,A,,F
M,AR,ARS,A,0,16,A, Exchange rates against USD Argentina - Argentine peso - Monthly - Average of observations through period,1992-06,0.991319047619,A,,F
M,AR,ARS,A,0,16,A, Exchange rates against USD Argentina - Argentine peso - Monthly - Average of observations through period,1992-07,0.9911681818182,A,,F
M,AR,ARS,A,0,16,A, Exchange rates against USD Argentina - Argentine peso - Monthly - Average of observations through period,1992-08,0.991075,A,,F
M,AR,ARS,A,0,16,A, Exchange rates against USD Argentina - Argentine peso - Monthly - Average of observations through period,1992-09,0.9911454545455,A,,F
M,AR,ARS,A,0,16,A, Exchange rates against USD Argentina - Argentine peso - Monthly - Average of observations through period,1992-10,0.991,A,,F
M,AR,ARS,A,0,16,A, Exchange rates against USD Argentina - Argentine peso - Monthly - Average of observations through period,1992-11,0.9940047619048,A,,F
M,AR,ARS,A,0,16,A, Exchange rates against USD Argentina - Argentine peso - Monthly - Average of observations through period,1992-12,0.99205,A,,F
M,AR,ARS,A,0,16,A, Exchange rates against USD Argentina - Argentine peso - Monthly - Average of observations through period,1993-01,0.99949,A,,F
M,AR,ARS,A,0,16,A, Exchange rates against USD Argentina - Argentine peso - Monthly - Average of observations through period,1993-02,0.999755,A,,F
M,AR,ARS,A,0,16,A, Exchange rates against USD Argentina - Argentine peso - Monthly - Average of observations through period,1993-03,0.9997173913043,A,,F
M,AR,ARS,A,0,16,A, Exchange rates against USD Argentina - Argentine peso - Monthly - Average of observations through period,1993-04,0.999305,A,,F
M,AR,ARS,A,0,16,A, Exchange rates against USD Argentina - Argentine peso - Monthly - Average of observations through period,1993-05,0.99949,A,,F
M,AR,ARS,A,0,16,A, Exchange rates against USD Argentina - Argentine peso - Monthly - Average of observations through period,1993-06,0.9993047619048,A,,F
M,AR,ARS,A,0,16,A, Exchange rates against USD Argentina - Argentine peso - Monthly - Average of observations through period,1993-07,0.9990238095238,A,,F
M,AR,ARS,A,0,16,A, Exchange rates against USD Argentina - Argentine peso - Monthly - Average of observations through period,1993-08,0.9995476190476,A,,F
M,AR,ARS,A,0,16,A, Exchange rates against USD Argentina - Argentine peso - Monthly - Average of observations through period,1993-09,0.9999772727273,A,,F
M,AR,ARS,A,0,16,A, Exchange rates against USD Argentina - Argentine peso - Monthly - Average of observations through period,1993-10,0.999665,A,,F
M,AR,ARS,A,0,16,A, Exchange rates against USD Argentina - Argentine peso - Monthly - Average of observations through period,1993-11,0.9992045454545,A,,F
M,AR,ARS,A,0,16,A, Exchange rates against USD Argentina - Argentine peso - Monthly - Average of observations through period,1993-12,0.999,A,,F
M,AR,ARS,A,0,16,A, Exchange rates against USD Argentina - Argentine peso - Monthly - Average of observations through period,1994-01,0.9994428571429,A,,F
M,AR,ARS,A,0,16,A, Exchange rates against USD Argentina - Argentine peso - Monthly - Average of observations through period,1994-02,0.999405,A,,F
M,AR,ARS,A,0,16,A, Exchange rates against USD Argentina - Argentine peso - Monthly - Average of observations through period,1994-03,0.9998590909091,A,,F
M,AR,ARS,A,0,16,A, Exchange rates against USD Argentina - Argentine peso - Monthly - Average of observations through period,1994-04,0.99979,A,,F
M,AR,ARS,A,0,16,A, Exchange rates against USD Argentina - Argentine peso - Monthly - Average of observations through period,1994-05,0.9991619047619,A,,F
M,AR,ARS,A,0,16,A, Exchange rates against USD Argentina - Argentine peso - Monthly - Average of observations through period,1994-06,0.999025,A,,F
M,AR,ARS,A,0,16,A, Exchange rates against USD Argentina - Argentine peso - Monthly - Average of observations through period,1994-07,0.9991333333333,A,,F
M,AR,ARS,A,0,16,A, Exchange rates against USD Argentina - Argentine peso - Monthly - Average of observations through period,1994-08,0.9997045454545,A,,F
M,AR,ARS,A,0,16,A, Exchange rates against USD Argentina - Argentine peso - Monthly - Average of observations through period,1994-09,0.9998818181818,A,,F
M,AR,ARS,A,0,16,A, Exchange rates against USD Argentina - Argentine peso - Monthly - Average of observations through period,1994-10,0.999585,A,,F
M,AR,ARS,A,0,16,A, Exchange rates against USD Argentina - Argentine peso - Monthly - Average of observations through period,1994-11,0.9998863636364,A,,F
M,AR,ARS,A,0,16,A, Exchange rates against USD Argentina - Argentine peso - Monthly - Average of observations through period,1994-12,0.99925,A,,F
M,AR,ARS,A,0,16,A, Exchange rates against USD Argentina - Argentine peso - Monthly - Average of observations through period,1995-01,0.9998818181818,A,,F
M,AR,ARS,A,0,16,A, Exchange rates against USD Argentina - Argentine peso - Monthly - Average of observations through period,1995-02,1,A,,F
M,AR,ARS,A,0,16,A, Exchange rates against USD Argentina - Argentine peso - Monthly - Average of observations through period,1995-03,1,A,,F
M,AR,ARS,A,0,16,A, Exchange rates against USD Argentina - Argentine peso - Monthly - Average of observations through period,1995-04,1,A,,F
M,AR,ARS,A,0,16,A, Exchange rates against USD Argentina - Argentine peso - Monthly - Average of observations through period,1995-05,1,A,,F
M,AR,ARS,A,0,16,A, Exchange rates against USD Argentina - Argentine peso - Monthly - Average of observations through period,1995-06,1,A,,F
M,AR,ARS,A,0,16,A, Exchange rates against USD Argentina - Argentine peso - Monthly - Average of observations through period,1995-07,1,A,,F
M,AR,ARS,A,0,16,A, Exchange rates against USD Argentina - Argentine peso - Monthly - Average of observations through period,1995-08,1,A,,F
M,AR,ARS,A,0,16,A, Exchange rates against USD Argentina - Argentine peso - Monthly - Average of observations through period,1995-09,1,A,,F
M,AR,ARS,A,0,16,A, Exchange rates against USD Argentina - Argentine peso - Monthly - Average of observations through period,1995-10,1,A,,F
M,AR,ARS,A,0,16,A, Exchange rates against USD Argentina - Argentine peso - Monthly - Average of observations through period,1995-11,1,A,,F
M,AR,ARS,A,0,16,A, Exchange rates against USD Argentina - Argentine peso - Monthly - Average of observations through period,1995-12,1,A,,F
M,AR,ARS,A,0,16,A, Exchange rates against USD Argentina - Argentine peso - Monthly - Average of observations through period,1996-01,1,A,,F
M,AR,ARS,A,0,16,A, Exchange rates against USD Argentina - Argentine peso - Monthly - Average of observations through period,1996-02,1,A,,F
M,AR,ARS,A,0,16,A, Exchange rates against USD Argentina - Argentine peso - Monthly - Average of observations through period,1996-03,1,A,,F
M,AR,ARS,A,0,16,A, Exchange rates against USD Argentina - Argentine peso - Monthly - Average of observations through period,1996-04,1,A,,F
M,AR,ARS,A,0,16,A, Exchange rates against USD Argentina - Argentine peso - Monthly - Average of observations through period,1996-05,1,A,,F
M,AR,ARS,A,0,16,A, Exchange rates against USD Argentina - Argentine peso - Monthly - Average of observations through period,1996-06,1,A,,F
M,AR,ARS,A,0,16,A, Exchange rates against USD Argentina - Argentine peso - Monthly - Average of observations through period,1996-07,1,A,,F
M,AR,ARS,A,0,16,A, Exchange rates against USD Argentina - Argentine peso - Monthly - Average of observations through period,1996-08,1,A,,F
M,AR,ARS,A,0,16,A, Exchange rates against USD Argentina - Argentine peso - Monthly - Average of observations through period,1996-09,1,A,,F
M,AR,ARS,A,0,16,A, Exchange rates against USD Argentina - Argentine peso - Monthly - Average of observations through period,1996-10,1,A,,F
M,AR,ARS,A,0,16,A, Exchange rates against USD Argentina - Argentine peso - Monthly - Average of observations through period,1996-11,1,A,,F
M,AR,ARS,A,0,16,A, Exchange rates against USD Argentina - Argentine peso - Monthly - Average of observations through period,1996-12,1,A,,F
M,AR,ARS,A,0,16,A, Exchange rates against USD Argentina - Argentine peso - Monthly - Average of observations through period,1997-01,1,A,,F
M,AR,ARS,A,0,16,A, Exchange rates against USD Argentina - Argentine peso - Monthly - Average of observations through period,1997-02,1,A,,F
M,AR,ARS,A,0,16,A, Exchange rates against USD Argentina - Argentine peso - Monthly - Average of observations through period,1997-03,1,A,,F
M,AR,ARS,A,0,16,A, Exchange rates against USD Argentina - Argentine peso - Monthly - Average of observations through period,1997-04,1,A,,F
M,AR,ARS,A,0,16,A, Exchange rates against USD Argentina - Argentine peso - Monthly - Average of observations through period,1997-05,1,A,,F
M,AR,ARS,A,0,16,A, Exchange rates against USD Argentina - Argentine peso - Monthly - Average of observations through period,1997-06,1,A,,F
M,AR,ARS,A,0,16,A, Exchange rates against USD Argentina - Argentine peso - Monthly - Average of observations through period,1997-07,1,A,,F
M,AR,ARS,A,0,16,A, Exchange rates against USD Argentina - Argentine peso - Monthly - Average of observations through period,1997-08,1,A,,F
M,AR,ARS,A,0,16,A, Exchange rates against USD Argentina - Argentine peso - Monthly - Average of observations through period,1997-09,1,A,,F
M,AR,ARS,A,0,16,A, Exchange rates against USD Argentina - Argentine peso - Monthly - Average of observations through period,1997-10,1,A,,F
M,AR,ARS,A,0,16,A, Exchange rates against USD Argentina - Argentine peso - Monthly - Average of observations through period,1997-11,1,A,,F
M,AR,ARS,A,0,16,A, Exchange rates against USD Argentina - Argentine peso - Monthly - Average of observations through period,1997-12,1,A,,F
M,AR,ARS,A,0,16,A, Exchange rates against USD Argentina - Argentine peso - Monthly - Average of observations through period,1998-01,1,A,,F
M,AR,ARS,A,0,16,A, Exchange rates against USD Argentina - Argentine peso - Monthly - Average of observations through period,1998-02,1,A,,F
M,AR,ARS,A,0,16,A, Exchange rates against USD Argentina - Argentine peso - Monthly - Average of observations through period,1998-03,1,A,,F
M,AR,ARS,A,0,16,A, Exchange rates against USD Argentina - Argentine peso - Monthly - Average of observations through period,1998-04,1,A,,F
M,AR,ARS,A,0,16,A, Exchange rates against USD Argentina - Argentine peso - Monthly - Average of observations through period,1998-05,1,A,,F
M,AR,ARS,A,0,16,A, Exchange rates against USD Argentina - Argentine peso - Monthly - Average of observations through period,1998-06,1,A,,F
M,AR,ARS,A,0,16,A, Exchange rates against USD Argentina - Argentine peso - Monthly - Average of observations through period,1998-07,1,A,,F
M,AR,ARS,A,0,16,A, Exchange rates against USD Argentina - Argentine peso - Monthly - Average of observations through period,1998-08,1,A,,F
M,AR,ARS,A,0,16,A, Exchange rates against USD Argentina - Argentine peso - Monthly - Average of observations through period,1998-09,1,A,,F
M,AR,ARS,A,0,16,A, Exchange rates against USD Argentina - Argentine peso - Monthly - Average of observations through period,1998-10,1,A,,F
M,AR,ARS,A,0,16,A, Exchange rates against USD Argentina - Argentine peso - Monthly - Average of observations through period,1998-11,1,A,,F
M,AR,ARS,A,0,16,A, Exchange rates against USD Argentina - Argentine peso - Monthly - Average of observations through period,1998-12,1,A,,F
M,AR,ARS,A,0,16,A, Exchange rates against USD Argentina - Argentine peso - Monthly - Average of observations through period,1999-01,1,A,,F
M,AR,ARS,A,0,16,A, Exchange rates against USD Argentina - Argentine peso - Monthly - Average of observations through period,1999-02,1,A,,F
M,AR,ARS,A,0,16,A, Exchange rates against USD Argentina - Argentine peso - Monthly - Average of observations through period,1999-03,1,A,,F
M,AR,ARS,A,0,16,A, Exchange rates against USD Argentina - Argentine peso - Monthly - Average of observations through period,1999-04,1,A,,F
M,AR,ARS,A,0,16,A, Exchange rates against USD Argentina - Argentine peso - Monthly - Average of observations through period,1999-05,1,A,,F
M,AR,ARS,A,0,16,A, Exchange rates against USD Argentina - Argentine peso - Monthly - Average of observations through period,1999-06,1,A,,F
M,AR,ARS,A,0,16,A, Exchange rates against USD Argentina - Argentine peso - Monthly - Average of observations through period,1999-07,1,A,,F
M,AR,ARS,A,0,16,A, Exchange rates against USD Argentina - Argentine peso - Monthly - Average of observations through period,1999-08,1,A,,F
M,AR,ARS,A,0,16,A, Exchange rates against USD Argentina - Argentine peso - Monthly - Average of observations through period,1999-09,1,A,,F
M,AR,ARS,A,0,16,A, Exchange rates against USD Argentina - Argentine peso - Monthly - Average of observations through period,1999-10,1,A,,F
M,AR,ARS,A,0,16,A, Exchange rates against USD Argentina - Argentine peso - Monthly - Average of observations through period,1999-11,1,A,,F
M,AR,ARS,A,0,16,A, Exchange rates against USD Argentina - Argentine peso - Monthly - Average of observations through period,1999-12,1,A,,F
M,AR,ARS,A,0,16,A, Exchange rates against USD Argentina - Argentine peso - Monthly - Average of observations through period,2000-01,0.9998467667021,A,,F
M,AR,ARS,A,0,16,A, Exchange rates against USD Argentina - Argentine peso - Monthly - Average of observations through period,2000-02,0.999477505639,A,,F
M,AR,ARS,A,0,16,A, Exchange rates against USD Argentina - Argentine peso - Monthly - Average of observations through period,2000-03,1.0001185817757,A,,F
M,AR,ARS,A,0,16,A, Exchange rates against USD Argentina - Argentine peso - Monthly - Average of observations through period,2000-04,0.9997764065134,A,,F
M,AR,ARS,A,0,16,A, Exchange rates against USD Argentina - Argentine peso - Monthly - Average of observations through period,2000-05,0.9992944305474,A,,F
M,AR,ARS,A,0,16,A, Exchange rates against USD Argentina - Argentine peso - Monthly - Average of observations through period,2000-06,0.9998516858486,A,,F
M,AR,ARS,A,0,16,A, Exchange rates against USD Argentina - Argentine peso - Monthly - Average of observations through period,2000-07,0.9997166815977,A,,F
M,AR,ARS,A,0,16,A, Exchange rates against USD Argentina - Argentine peso - Monthly - Average of observations through period,2000-08,0.9997299098504,A,,F
M,AR,ARS,A,0,16,A, Exchange rates against USD Argentina - Argentine peso - Monthly - Average of observations through period,2000-09,0.9997195666734,A,,F
M,AR,ARS,A,0,16,A, Exchange rates against USD Argentina - Argentine peso - Monthly - Average of observations through period,2000-10,0.9996877137342,A,,F
M,AR,ARS,A,0,16,A, Exchange rates against USD Argentina - Argentine peso - Monthly - Average of observations through period,2000-11,0.9996037502804,A,,F
M,AR,ARS,A,0,16,A, Exchange rates against USD Argentina - Argentine peso - Monthly - Average of observations through period,2000-12,0.9994739331167,A,,F
M,AR,ARS,A,0,16,A, Exchange rates against USD Argentina - Argentine peso - Monthly - Average of observations through period,2001-01,0.9997044227119,A,,F
M,AR,ARS,A,0,16,A, Exchange rates against USD Argentina - Argentine peso - Monthly - Average of observations through period,2001-02,0.999867926021,A,,F
M,AR,ARS,A,0,16,A, Exchange rates against USD Argentina - Argentine peso - Monthly - Average of observations through period,2001-03,0.9998557945326,A,,F
M,AR,ARS,A,0,16,A, Exchange rates against USD Argentina - Argentine peso - Monthly - Average of observations through period,2001-04,0.9995246764888,A,,F
M,AR,ARS,A,0,16,A, Exchange rates against USD Argentina - Argentine peso - Monthly - Average of observations through period,2001-05,0.9997826023376,A,,F
M,AR,ARS,A,0,16,A, Exchange rates against USD Argentina - Argentine peso - Monthly - Average of observations through period,2001-06,0.999833321056,A,,F
M,AR,ARS,A,0,16,A, Exchange rates against USD Argentina - Argentine peso - Monthly - Average of observations through period,2001-07,0.9994268054931,A,,F
M,AR,ARS,A,0,16,A, Exchange rates against USD Argentina - Argentine peso - Monthly - Average of observations through period,2001-08,0.9994696208829,A,,F
M,AR,ARS,A,0,16,A, Exchange rates against USD Argentina - Argentine peso - Monthly - Average of observations through period,2001-09,0.9997873322438,A,,F
M,AR,ARS,A,0,16,A, Exchange rates against USD Argentina - Argentine peso - Monthly - Average of observations through period,2001-10,0.9995557467902,A,,F
M,AR,ARS,A,0,16,A, Exchange rates against USD Argentina - Argentine peso - Monthly - Average of observations through period,2001-11,0.998422198492,A,,F
M,AR,ARS,A,0,16,A, Exchange rates against USD Argentina - Argentine peso - Monthly - Average of observations through period,2001-12,0.9999367709266,A,,F
M,AR,ARS,A,0,16,A, Exchange rates against USD Argentina - Argentine peso - Monthly - Average of observations through period,2002-01,0.9993060569244,A,,F
M,AR,ARS,A,0,16,A, Exchange rates against USD Argentina - Argentine peso - Monthly - Average of observations through period,2002-02,2.0748569232614,A,,F
M,AR,ARS,A,0,16,A, Exchange rates against USD Argentina - Argentine peso - Monthly - Average of observations through period,2002-03,2.4905251285681,A,,F
M,AR,ARS,A,0,16,A, Exchange rates against USD Argentina - Argentine peso - Monthly - Average of observations through period,2002-04,2.9785972232559,A,,F
M,AR,ARS,A,0,16,A, Exchange rates against USD Argentina - Argentine peso - Monthly - Average of observations through period,2002-05,3.3607004884199,A,,F
M,AR,ARS,A,0,16,A, Exchange rates against USD Argentina - Argentine peso - Monthly - Average of observations through period,2002-06,3.6704593367237,A,,F
M,AR,ARS,A,0,16,A, Exchange rates against USD Argentina - Argentine peso - Monthly - Average of observations through period,2002-07,3.6439286280271,A,,F
M,AR,ARS,A,0,16,A, Exchange rates against USD Argentina - Argentine peso - Monthly - Average of observations through period,2002-08,3.6245845211783,A,,F
M,AR,ARS,A,0,16,A, Exchange rates against USD Argentina - Argentine peso - Monthly - Average of observations through period,2002-09,3.6582487130185,A,,F
M,AR,ARS,A,0,16,A, Exchange rates against USD Argentina - Argentine peso - Monthly - Average of observations through period,2002-10,3.6789459293067,A,,F
M,AR,ARS,A,0,16,A, Exchange rates against USD Argentina - Argentine peso - Monthly - Average of observations through period,2002-11,3.5566334491778,A,,F
M,AR,ARS,A,0,16,A, Exchange rates against USD Argentina - Argentine peso - Monthly - Average of observations through period,2002-12,3.5318136592851,A,,F
M,AR,ARS,A,0,16,A, Exchange rates against USD Argentina - Argentine peso - Monthly - Average of observations through period,2003-01,3.282751293875,A,,F
M,AR,ARS,A,0,16,A, Exchange rates against USD Argentina - Argentine peso - Monthly - Average of observations through period,2003-02,3.1775884785978,A,,F
M,AR,ARS,A,0,16,A, Exchange rates against USD Argentina - Argentine peso - Monthly - Average of observations through period,2003-03,3.0907933985749,A,,F
M,AR,ARS,A,0,16,A, Exchange rates against USD Argentina - Argentine peso - Monthly - Average of observations through period,2003-04,2.9113501096739,A,,F
M,AR,ARS,A,0,16,A, Exchange rates against USD Argentina - Argentine peso - Monthly - Average of observations through period,2003-05,2.8391119364971,A,,F
M,AR,ARS,A,0,16,A, Exchange rates against USD Argentina - Argentine peso - Monthly - Average of observations through period,2003-06,2.8141368397962,A,,F
M,AR,ARS,A,0,16,A, Exchange rates against USD Argentina - Argentine peso - Monthly - Average of observations through period,2003-07,2.7967832494939,A,,F
M,AR,ARS,A,0,16,A, Exchange rates against USD Argentina - Argentine peso - Monthly - Average of observations through period,2003-08,2.9231329613096,A,,F
M,AR,ARS,A,0,16,A, Exchange rates against USD Argentina - Argentine peso - Monthly - Average of observations through period,2003-09,2.9259970526228,A,,F
M,AR,ARS,A,0,16,A, Exchange rates against USD Argentina - Argentine peso - Monthly - Average of observations through period,2003-10,2.8637287543024,A,,F
M,AR,ARS,A,0,16,A, Exchange rates against USD Argentina - Argentine peso - Monthly - Average of observations through period,2003-11,2.8703075060382,A,,F
M,AR,ARS,A,0,16,A, Exchange rates against USD Argentina - Argentine peso - Monthly - Average of observations through period,2003-12,2.9543588751174,A,,F
M,AR,ARS,A,0,16,A, Exchange rates against USD Argentina - Argentine peso - Monthly - Average of observations through period,2004-01,2.9089348305425,A,,F
M,AR,ARS,A,0,16,A, Exchange rates against USD Argentina - Argentine peso - Monthly - Average of observations through period,2004-02,2.9316520121543,A,,F
M,AR,ARS,A,0,16,A, Exchange rates against USD Argentina - Argentine peso - Monthly - Average of observations through period,2004-03,2.9138380746693,A,,F
M,AR,ARS,A,0,16,A, Exchange rates against USD Argentina - Argentine peso - Monthly - Average of observations through period,2004-04,2.8423616687644,A,,F
M,AR,ARS,A,0,16,A, Exchange rates against USD Argentina - Argentine peso - Monthly - Average of observations through period,2004-05,2.9130944995829,A,,F
M,AR,ARS,A,0,16,A, Exchange rates against USD Argentina - Argentine peso - Monthly - Average of observations through period,2004-06,2.9660904947185,A,,F
M,AR,ARS,A,0,16,A, Exchange rates against USD Argentina - Argentine peso - Monthly - Average of observations through period,2004-07,2.9636299950006,A,,F
M,AR,ARS,A,0,16,A, Exchange rates against USD Argentina - Argentine peso - Monthly - Average of observations through period,2004-08,3.0166462781085,A,,F
M,AR,ARS,A,0,16,A, Exchange rates against USD Argentina - Argentine peso - Monthly - Average of observations through period,2004-09,3.0048812904989,A,,F
M,AR,ARS,A,0,16,A, Exchange rates against USD Argentina - Argentine peso - Monthly - Average of observations through period,2004-10,2.9770113354911,A,,F
M,AR,ARS,A,0,16,A, Exchange rates against USD Argentina - Argentine peso - Monthly - Average of observations through period,2004-11,2.9551429694043,A,,F
M,AR,ARS,A,0,16,A, Exchange rates against USD Argentina - Argentine peso - Monthly - Average of observations through period,2004-12,2.9671024526576,A,,F
M,AR,ARS,A,0,16,A, Exchange rates against USD Argentina - Argentine peso - Monthly - Average of observations through period,2005-01,2.9635667409721,A,,F
M,AR,ARS,A,0,16,A, Exchange rates against USD Argentina - Argentine peso - Monthly - Average of observations through period,2005-02,2.919875576001,A,,F
M,AR,ARS,A,0,16,A, Exchange rates against USD Argentina - Argentine peso - Monthly - Average of observations through period,2005-03,2.9233742218871,A,,F
M,AR,ARS,A,0,16,A, Exchange rates against USD Argentina - Argentine peso - Monthly - Average of observations through period,2005-04,2.9117253339864,A,,F
M,AR,ARS,A,0,16,A, Exchange rates against USD Argentina - Argentine peso - Monthly - Average of observations through period,2005-05,2.8979089701897,A,,F
M,AR,ARS,A,0,16,A, Exchange rates against USD Argentina - Argentine peso - Monthly - Average of observations through period,2005-06,2.8883102941328,A,,F
M,AR,ARS,A,0,16,A, Exchange rates against USD Argentina - Argentine peso - Monthly - Average of observations through period,2005-07,2.87204558299,A,,F
M,AR,ARS,A,0,16,A, Exchange rates against USD Argentina - Argentine peso - Monthly - Average of observations through period,2005-08,2.8781334094373,A,,F
M,AR,ARS,A,0,16,A, Exchange rates against USD Argentina - Argentine peso - Monthly - Average of observations through period,2005-09,2.9046765664114,A,,F
M,AR,ARS,A,0,16,A, Exchange rates against USD Argentina - Argentine peso - Monthly - Average of observations through period,2005-10,2.9543138608609,A,,F
M,AR,ARS,A,0,16,A, Exchange rates against USD Argentina - Argentine peso - Monthly - Average of observations through period,2005-11,2.9835442475899,A,,F
M,AR,ARS,A,0,16,A, Exchange rates against USD Argentina - Argentine peso - Monthly - Average of observations through period,2005-12,3.0154500158137,A,,F
M,AR,ARS,A,0,16,A, Exchange rates against USD Argentina - Argentine peso - Monthly - Average of observations through period,2006-01,3.0731635919199,A,,F
M,AR,ARS,A,0,16,A, Exchange rates against USD Argentina - Argentine peso - Monthly - Average of observations through period,2006-02,3.0691107819704,A,,F
M,AR,ARS,A,0,16,A, Exchange rates against USD Argentina - Argentine peso - Monthly - Average of observations through period,2006-03,3.0767740870745,A,,F
M,AR,ARS,A,0,16,A, Exchange rates against USD Argentina - Argentine peso - Monthly - Average of observations through period,2006-04,3.0683108524747,A,,F
M,AR,ARS,A,0,16,A, Exchange rates against USD Argentina - Argentine peso - Monthly - Average of observations through period,2006-05,3.0565912736376,A,,F
M,AR,ARS,A,0,16,A, Exchange rates against USD Argentina - Argentine peso - Monthly - Average of observations through period,2006-06,3.0819385200335,A,,F
M,AR,ARS,A,0,16,A, Exchange rates against USD Argentina - Argentine peso - Monthly - Average of observations through period,2006-07,3.0826999562105,A,,F
M,AR,ARS,A,0,16,A, Exchange rates against USD Argentina - Argentine peso - Monthly - Average of observations through period,2006-08,3.0791552579186,A,,F
M,AR,ARS,A,0,16,A, Exchange rates against USD Argentina - Argentine peso - Monthly - Average of observations through period,2006-09,3.0998002853942,A,,F
M,AR,ARS,A,0,16,A, Exchange rates against USD Argentina - Argentine peso - Monthly - Average of observations through period,2006-10,3.0993868981472,A,,F
M,AR,ARS,A,0,16,A, Exchange rates against USD Argentina - Argentine peso - Monthly - Average of observations through period,2006-11,3.0707345471001,A,,F
M,AR,ARS,A,0,16,A, Exchange rates against USD Argentina - Argentine peso - Monthly - Average of observations through period,2006-12,3.0612489774798,A,,F
M,AR,ARS,A,0,16,A, Exchange rates against USD Argentina - Argentine peso - Monthly - Average of observations through period,2007-01,3.085709569304,A,,F
M,AR,ARS,A,0,16,A, Exchange rates against USD Argentina - Argentine peso - Monthly - Average of observations through period,2007-02,3.1026820029539,A,,F
M,AR,ARS,A,0,16,A, Exchange rates against USD Argentina - Argentine peso - Monthly - Average of observations through period,2007-03,3.1017403043737,A,,F
M,AR,ARS,A,0,16,A, Exchange rates against USD Argentina - Argentine peso - Monthly - Average of observations through period,2007-04,3.0875605246707,A,,F
M,AR,ARS,A,0,16,A, Exchange rates against USD Argentina - Argentine peso - Monthly - Average of observations through period,2007-05,3.0815607394673,A,,F
M,AR,ARS,A,0,16,A, Exchange rates against USD Argentina - Argentine peso - Monthly - Average of observations through period,2007-06,3.0771190142252,A,,F
M,AR,ARS,A,0,16,A, Exchange rates against USD Argentina - Argentine peso - Monthly - Average of observations through period,2007-07,3.1118849914613,A,,F
M,AR,ARS,A,0,16,A, Exchange rates against USD Argentina - Argentine peso - Monthly - Average of observations through period,2007-08,3.1540331304651,A,,F
M,AR,ARS,A,0,16,A, Exchange rates against USD Argentina - Argentine peso - Monthly - Average of observations through period,2007-09,3.1451774864224,A,,F
M,AR,ARS,A,0,16,A, Exchange rates against USD Argentina - Argentine peso - Monthly - Average of observations through period,2007-10,3.1580125397966,A,,F
M,AR,ARS,A,0,16,A, Exchange rates against USD Argentina - Argentine peso - Monthly - Average of observations through period,2007-11,3.1354849181389,A,,F
M,AR,ARS,A,0,16,A, Exchange rates against USD Argentina - Argentine peso - Monthly - Average of observations through period,2007-12,3.14409273054,A,,F
M,AR,ARS,A,0,16,A, Exchange rates against USD Argentina - Argentine peso - Monthly - Average of observations through period,2008-01,3.1449307847108,A,,F
M,AR,ARS,A,0,16,A, Exchange rates against USD Argentina - Argentine peso - Monthly - Average of observations through period,2008-02,3.1584131591944,A,,F
M,AR,ARS,A,0,16,A, Exchange rates against USD Argentina - Argentine peso - Monthly - Average of observations through period,2008-03,3.1562137119147,A,,F
M,AR,ARS,A,0,16,A, Exchange rates against USD Argentina - Argentine peso - Monthly - Average of observations through period,2008-04,3.1664299697755,A,,F
M,AR,ARS,A,0,16,A, Exchange rates against USD Argentina - Argentine peso - Monthly - Average of observations through period,2008-05,3.1535006383967,A,,F
M,AR,ARS,A,0,16,A, Exchange rates against USD Argentina - Argentine peso - Monthly - Average of observations through period,2008-06,3.0486605359367,A,,F
M,AR,ARS,A,0,16,A, Exchange rates against USD Argentina - Argentine peso - Monthly - Average of observations through period,2008-07,3.0214773771436,A,,F
M,AR,ARS,A,0,16,A, Exchange rates against USD Argentina - Argentine peso - Monthly - Average of observations through period,2008-08,3.0328051911872,A,,F
M,AR,ARS,A,0,16,A, Exchange rates against USD Argentina - Argentine peso - Monthly - Average of observations through period,2008-09,3.0787011962673,A,,F
M,AR,ARS,A,0,16,A, Exchange rates against USD Argentina - Argentine peso - Monthly - Average of observations through period,2008-10,3.2322213389964,A,,F
M,AR,ARS,A,0,16,A, Exchange rates against USD Argentina - Argentine peso - Monthly - Average of observations through period,2008-11,3.3281006867291,A,,F
M,AR,ARS,A,0,16,A, Exchange rates against USD Argentina - Argentine peso - Monthly - Average of observations through period,2008-12,3.4228911330024,A,,F
M,AR,ARS,A,0,16,A, Exchange rates against USD Argentina - Argentine peso - Monthly - Average of observations through period,2009-01,3.4640291802554,A,,F
M,AR,ARS,A,0,16,A, Exchange rates against USD Argentina - Argentine peso - Monthly - Average of observations through period,2009-02,3.5101642715728,A,,F
M,AR,ARS,A,0,16,A, Exchange rates against USD Argentina - Argentine peso - Monthly - Average of observations through period,2009-03,3.6517667815499,A,,F
M,AR,ARS,A,0,16,A, Exchange rates against USD Argentina - Argentine peso - Monthly - Average of observations through period,2009-04,3.6927760353132,A,,F
M,AR,ARS,A,0,16,A, Exchange rates against USD Argentina - Argentine peso - Monthly - Average of observations through period,2009-05,3.7239045719404,A,,F
M,AR,ARS,A,0,16,A, Exchange rates against USD Argentina - Argentine peso - Monthly - Average of observations through period,2009-06,3.7660645861507,A,,F
M,AR,ARS,A,0,16,A, Exchange rates against USD Argentina - Argentine peso - Monthly - Average of observations through period,2009-07,3.8059672407007,A,,F
M,AR,ARS,A,0,16,A, Exchange rates against USD Argentina - Argentine peso - Monthly - Average of observations through period,2009-08,3.8371030018438,A,,F
M,AR,ARS,A,0,16,A, Exchange rates against USD Argentina - Argentine peso - Monthly - Average of observations through period,2009-09,3.8426563745142,A,,F
M,AR,ARS,A,0,16,A, Exchange rates against USD Argentina - Argentine peso - Monthly - Average of observations through period,2009-10,3.8275372457098,A,,F
M,AR,ARS,A,0,16,A, Exchange rates against USD Argentina - Argentine peso - Monthly - Average of observations through period,2009-11,3.811915652159,A,,F
M,AR,ARS,A,0,16,A, Exchange rates against USD Argentina - Argentine peso - Monthly - Average of observations through period,2009-12,3.8071632623079,A,,F
M,AR,ARS,A,0,16,A, Exchange rates against USD Argentina - Argentine peso - Monthly - Average of observations through period,2010-01,3.8041926128828,A,,F
M,AR,ARS,A,0,16,A, Exchange rates against USD Argentina - Argentine peso - Monthly - Average of observations through period,2010-02,3.849567398738,A,,F
M,AR,ARS,A,0,16,A, Exchange rates against USD Argentina - Argentine peso - Monthly - Average of observations through period,2010-03,3.8611841243459,A,,F
M,AR,ARS,A,0,16,A, Exchange rates against USD Argentina - Argentine peso - Monthly - Average of observations through period,2010-04,3.8746347826994,A,,F
M,AR,ARS,A,0,16,A, Exchange rates against USD Argentina - Argentine peso - Monthly - Average of observations through period,2010-05,3.8984989616482,A,,F
M,AR,ARS,A,0,16,A, Exchange rates against USD Argentina - Argentine peso - Monthly - Average of observations through period,2010-06,3.9232606130419,A,,F
M,AR,ARS,A,0,16,A, Exchange rates against USD Argentina - Argentine peso - Monthly - Average of observations through period,2010-07,3.9331833602701,A,,F
M,AR,ARS,A,0,16,A, Exchange rates against USD Argentina - Argentine peso - Monthly - Average of observations through period,2010-08,3.9362727860517,A,,F
M,AR,ARS,A,0,16,A, Exchange rates against USD Argentina - Argentine peso - Monthly - Average of observations through period,2010-09,3.9511300031184,A,,F
M,AR,ARS,A,0,16,A, Exchange rates against USD Argentina - Argentine peso - Monthly - Average of observations through period,2010-10,3.9564881182269,A,,F
M,AR,ARS,A,0,16,A, Exchange rates against USD Argentina - Argentine peso - Monthly - Average of observations through period,2010-11,3.9663596220041,A,,F
M,AR,ARS,A,0,16,A, Exchange rates against USD Argentina - Argentine peso - Monthly - Average of observations through period,2010-12,3.9761530765743,A,,F
M,AR,ARS,A,0,16,A, Exchange rates against USD Argentina - Argentine peso - Monthly - Average of observations through period,2011-01,3.9802419652306,A,,F
M,AR,ARS,A,0,16,A, Exchange rates against USD Argentina - Argentine peso - Monthly - Average of observations through period,2011-02,4.0198364082734,A,,F
M,AR,ARS,A,0,16,A, Exchange rates against USD Argentina - Argentine peso - Monthly - Average of observations through period,2011-03,4.0344561651802,A,,F
M,AR,ARS,A,0,16,A, Exchange rates against USD Argentina - Argentine peso - Monthly - Average of observations through period,2011-04,4.0628088051557,A,,F
M,AR,ARS,A,0,16,A, Exchange rates against USD Argentina - Argentine peso - Monthly - Average of observations through period,2011-05,4.0815441104696,A,,F
M,AR,ARS,A,0,16,A, Exchange rates against USD Argentina - Argentine peso - Monthly - Average of observations through period,2011-06,4.0928338933159,A,,F
M,AR,ARS,A,0,16,A, Exchange rates against USD Argentina - Argentine peso - Monthly - Average of observations through period,2011-07,4.1184192596349,A,,F
M,AR,ARS,A,0,16,A, Exchange rates against USD Argentina - Argentine peso - Monthly - Average of observations through period,2011-08,4.1642129844942,A,,F
M,AR,ARS,A,0,16,A, Exchange rates against USD Argentina - Argentine peso - Monthly - Average of observations through period,2011-09,4.2014384006055,A,,F
M,AR,ARS,A,0,16,A, Exchange rates against USD Argentina - Argentine peso - Monthly - Average of observations through period,2011-10,4.216523169946,A,,F
M,AR,ARS,A,0,16,A, Exchange rates against USD Argentina - Argentine peso - Monthly - Average of observations through period,2011-11,4.2580458538303,A,,F
M,AR,ARS,A,0,16,A, Exchange rates against USD Argentina - Argentine peso - Monthly - Average of observations through period,2011-12,4.2873545327507,A,,F
M,AR,ARS,A,0,16,A, Exchange rates against USD Argentina - Argentine peso - Monthly - Average of observations through period,2012-01,4.319364381666,A,,F
M,AR,ARS,A,0,16,A, Exchange rates against USD Argentina - Argentine peso - Monthly - Average of observations through period,2012-02,4.3468876615096,A,,F
M,AR,ARS,A,0,16,A, Exchange rates against USD Argentina - Argentine peso - Monthly - Average of observations through period,2012-03,4.3558130554199,A,,F
M,AR,ARS,A,0,16,A, Exchange rates against USD Argentina - Argentine peso - Monthly - Average of observations through period,2012-04,4.3947745506671,A,,F
M,AR,ARS,A,0,16,A, Exchange rates against USD Argentina - Argentine peso - Monthly - Average of observations through period,2012-05,4.4461063276518,A,,F
M,AR,ARS,A,0,16,A, Exchange rates against USD Argentina - Argentine peso - Monthly - Average of observations through period,2012-06,4.4726107759728,A,,F
M,AR,ARS,A,0,16,A, Exchange rates against USD Argentina - Argentine peso - Monthly - Average of observations through period,2012-07,4.5452725872408,A,,F
M,AR,ARS,A,0,16,A, Exchange rates against USD Argentina - Argentine peso - Monthly - Average of observations through period,2012-08,4.6044585490647,A,,F
M,AR,ARS,A,0,16,A, Exchange rates against USD Argentina - Argentine peso - Monthly - Average of observations through period,2012-09,4.6671782864892,A,,F
M,AR,ARS,A,0,16,A, Exchange rates against USD Argentina - Argentine peso - Monthly - Average of observations through period,2012-10,4.7235484897561,A,,F
M,AR,ARS,A,0,16,A, Exchange rates against USD Argentina - Argentine peso - Monthly - Average of observations through period,2012-11,4.7947756496101,A,,F
M,AR,ARS,A,0,16,A, Exchange rates against USD Argentina - Argentine peso - Monthly - Average of observations through period,2012-12,4.8785503033358,A,,F
M,AR,ARS,A,0,16,A, Exchange rates against USD Argentina - Argentine peso - Monthly - Average of observations through period,2013-01,4.9478371949359,A,,F
M,AR,ARS,A,0,16,A, Exchange rates against USD Argentina - Argentine peso - Monthly - Average of observations through period,2013-02,5.0073441555763,A,,F
M,AR,ARS,A,0,16,A, Exchange rates against USD Argentina - Argentine peso - Monthly - Average of observations through period,2013-03,5.083275263831,A,,F
M,AR,ARS,A,0,16,A, Exchange rates against USD Argentina - Argentine peso - Monthly - Average of observations through period,2013-04,5.1504062126364,A,,F
M,AR,ARS,A,0,16,A, Exchange rates against USD Argentina - Argentine peso - Monthly - Average of observations through period,2013-05,5.2353965054895,A,,F
M,AR,ARS,A,0,16,A, Exchange rates against USD Argentina - Argentine peso - Monthly - Average of observations through period,2013-06,5.3264449136651,A,,F
M,AR,ARS,A,0,16,A, Exchange rates against USD Argentina - Argentine peso - Monthly - Average of observations through period,2013-07,5.4335962363065,A,,F
M,AR,ARS,A,0,16,A, Exchange rates against USD Argentina - Argentine peso - Monthly - Average of observations through period,2013-08,5.574652474041,A,,F
M,AR,ARS,A,0,16,A, Exchange rates against USD Argentina - Argentine peso - Monthly - Average of observations through period,2013-09,5.7307881077451,A,,F
M,AR,ARS,A,0,16,A, Exchange rates against USD Argentina - Argentine peso - Monthly - Average of observations through period,2013-10,5.8418807535349,A,,F
M,AR,ARS,A,0,16,A, Exchange rates against USD Argentina - Argentine peso - Monthly - Average of observations through period,2013-11,6.0072230306048,A,,F
M,AR,ARS,A,0,16,A, Exchange rates against USD Argentina - Argentine peso - Monthly - Average of observations through period,2013-12,6.3132541865567,A,,F
M,AR,ARS,A,0,16,A, Exchange rates against USD Argentina - Argentine peso - Monthly - Average of observations through period,2014-01,7.0443849065172,A,,F
M,AR,ARS,A,0,16,A, Exchange rates against USD Argentina - Argentine peso - Monthly - Average of observations through period,2014-02,7.8580516780043,A,,F
M,AR,ARS,A,0,16,A, Exchange rates against USD Argentina - Argentine peso - Monthly - Average of observations through period,2014-03,7.9231669951781,A,,F
M,AR,ARS,A,0,16,A, Exchange rates against USD Argentina - Argentine peso - Monthly - Average of observations through period,2014-04,8.0009931351642,A,,F
M,AR,ARS,A,0,16,A, Exchange rates against USD Argentina - Argentine peso - Monthly - Average of observations through period,2014-05,8.0362391857203,A,,F
M,AR,ARS,A,0,16,A, Exchange rates against USD Argentina - Argentine peso - Monthly - Average of observations through period,2014-06,8.1226207209081,A,,F
M,AR,ARS,A,0,16,A, Exchange rates against USD Argentina - Argentine peso - Monthly - Average of observations through period,2014-07,8.152797370801,A,,F
M,AR,ARS,A,0,16,A, Exchange rates against USD Argentina - Argentine peso - Monthly - Average of observations through period,2014-08,8.3036689624371,A,,F
M,AR,ARS,A,0,16,A, Exchange rates against USD Argentina - Argentine peso - Monthly - Average of observations through period,2014-09,8.4134585985079,A,,F
M,AR,ARS,A,0,16,A, Exchange rates against USD Argentina - Argentine peso - Monthly - Average of observations through period,2014-10,8.4738382203133,A,,F
M,AR,ARS,A,0,16,A, Exchange rates against USD Argentina - Argentine peso - Monthly - Average of observations through period,2014-11,8.5114659029053,A,,F
M,AR,ARS,A,0,16,A, Exchange rates against USD Argentina - Argentine peso - Monthly - Average of observations through period,2014-12,8.5437673775792,A,,F
M,AR,ARS,A,0,16,A, Exchange rates against USD Argentina - Argentine peso - Monthly - Average of observations through period,2015-01,8.5956168562957,A,,F
M,AR,ARS,A,0,16,A, Exchange rates against USD Argentina - Argentine peso - Monthly - Average of observations through period,2015-02,8.6781429130257,A,,F
M,AR,ARS,A,0,16,A, Exchange rates against USD Argentina - Argentine peso - Monthly - Average of observations through period,2015-03,8.7746634774037,A,,F
M,AR,ARS,A,0,16,A, Exchange rates against USD Argentina - Argentine peso - Monthly - Average of observations through period,2015-04,8.867465837467,A,,F
M,AR,ARS,A,0,16,A, Exchange rates against USD Argentina - Argentine peso - Monthly - Average of observations through period,2015-05,8.9528349655589,A,,F
M,AR,ARS,A,0,16,A, Exchange rates against USD Argentina - Argentine peso - Monthly - Average of observations through period,2015-06,9.0470168070378,A,,F
M,AR,ARS,A,0,16,A, Exchange rates against USD Argentina - Argentine peso - Monthly - Average of observations through period,2015-07,9.1414264448471,A,,F
M,AR,ARS,A,0,16,A, Exchange rates against USD Argentina - Argentine peso - Monthly - Average of observations through period,2015-08,9.2457847335736,A,,F
M,AR,ARS,A,0,16,A, Exchange rates against USD Argentina - Argentine peso - Monthly - Average of observations through period,2015-09,9.3636267212745,A,,F
M,AR,ARS,A,0,16,A, Exchange rates against USD Argentina - Argentine peso - Monthly - Average of observations through period,2015-10,9.4631160300783,A,,F
M,AR,ARS,A,0,16,A, Exchange rates against USD Argentina - Argentine peso - Monthly - Average of observations through period,2015-11,9.6077920012475,A,,F
M,AR,ARS,A,0,16,A, Exchange rates against USD Argentina - Argentine peso - Monthly - Average of observations through period,2015-12,11.096213890442,A,,F
M,AR,ARS,A,0,16,A, Exchange rates against USD Argentina - Argentine peso - Monthly - Average of observations through period,2016-01,13.603787182617,A,,F
M,AR,ARS,A,0,16,A, Exchange rates against USD Argentina - Argentine peso - Monthly - Average of observations through period,2016-02,14.699730049992,A,,F
M,AR,ARS,A,0,16,A, Exchange rates against USD Argentina - Argentine peso - Monthly - Average of observations through period,2016-03,15.007115504104,A,,F
M,AR,ARS,A,0,16,A, Exchange rates against USD Argentina - Argentine peso - Monthly - Average of observations through period,2016-04,14.411666237959,A,,F
M,AR,ARS,A,0,16,A, Exchange rates against USD Argentina - Argentine peso - Monthly - Average of observations through period,2016-05,14.13690793464,A,,F
M,AR,ARS,A,0,16,A, Exchange rates against USD Argentina - Argentine peso - Monthly - Average of observations through period,2016-06,14.110072504698,A,,F
M,AR,ARS,A,0,16,A, Exchange rates against USD Argentina - Argentine peso - Monthly - Average of observations through period,2016-07,14.88661038979,A,,F
M,AR,ARS,A,0,16,A, Exchange rates against USD Argentina - Argentine peso - Monthly - Average of observations through period,2016-08,14.835290311636,A,,F
M,AR,ARS,A,0,16,A, Exchange rates against USD Argentina - Argentine peso - Monthly - Average of observations through period,2016-09,15.088122386309,A,,F
M,AR,ARS,A,0,16,A, Exchange rates against USD Argentina - Argentine peso - Monthly - Average of observations through period,2016-10,15.186807845738,A,,F
M,AR,ARS,A,0,16,A, Exchange rates against USD Argentina - Argentine peso - Monthly - Average of observations through period,2016-11,15.34607963047,A,,F
M,AR,ARS,A,0,16,A, Exchange rates against USD Argentina - Argentine peso - Monthly - Average of observations through period,2016-12,15.874894023505,A,,F
M,AR,ARS,A,0,16,A, Exchange rates against USD Argentina - Argentine peso - Monthly - Average of observations through period,2017-01,15.902536308037,A,,F
M,AR,ARS,A,0,16,A, Exchange rates against USD Argentina - Argentine peso - Monthly - Average of observations through period,2017-02,15.607942944472,A,,F
M,AR,ARS,A,0,16,A, Exchange rates against USD Argentina - Argentine peso - Monthly - Average of observations through period,2017-03,15.535007178865,A,,F
M,AR,ARS,A,0,16,A, Exchange rates against USD Argentina - Argentine peso - Monthly - Average of observations through period,2017-04,15.355791171728,A,,F
M,AR,ARS,A,0,16,A, Exchange rates against USD Argentina - Argentine peso - Monthly - Average of observations through period,2017-05,15.697465107607,A,,F
M,AR,ARS,A,0,16,A, Exchange rates against USD Argentina - Argentine peso - Monthly - Average of observations through period,2017-06,16.098160495768,A,,F
M,AR,ARS,A,0,16,A, Exchange rates against USD Argentina - Argentine peso - Monthly - Average of observations through period,2017-07,17.130794254513,A,,F
M,AR,ARS,A,0,16,A, Exchange rates against USD Argentina - Argentine peso - Monthly - Average of observations through period,2017-08,17.430567013469,A,,F
M,AR,ARS,A,0,16,A, Exchange rates against USD Argentina - Argentine peso - Monthly - Average of observations through period,2017-09,17.24097120464,A,,F
M,AR,ARS,A,0,16,A, Exchange rates against USD Argentina - Argentine peso - Monthly - Average of observations through period,2017-10,17.431890078844,A,,F
M,AR,ARS,A,0,16,A, Exchange rates against USD Argentina - Argentine peso - Monthly - Average of observations through period,2017-11,17.510867608512,A,,F
M,AR,ARS,A,0,16,A, Exchange rates against USD Argentina - Argentine peso - Monthly - Average of observations through period,2017-12,17.599440847463,A,,F
M,AR,ARS,A,0,16,A, Exchange rates against USD Argentina - Argentine peso - Monthly - Average of observations through period,2018-01,18.999770307317,A,,F
M,AR,ARS,A,0,16,A, Exchange rates against USD Argentina - Argentine peso - Monthly - Average of observations through period,2018-02,19.841203491811,A,,F
M,AR,ARS,A,0,16,A, Exchange rates against USD Argentina - Argentine peso - Monthly - Average of observations through period,2018-03,20.238746412626,A,,F
M,AR,ARS,A,0,16,A, Exchange rates against USD Argentina - Argentine peso - Monthly - Average of observations through period,2018-04,20.221351843659,A,,F
M,AR,ARS,A,0,16,A, Exchange rates against USD Argentina - Argentine peso - Monthly - Average of observations through period,2018-05,23.518002422244,A,,F
M,AR,ARS,A,0,16,A, Exchange rates against USD Argentina - Argentine peso - Monthly - Average of observations through period,2018-06,26.480667801933,A,,F
M,AR,ARS,A,0,16,A, Exchange rates against USD Argentina - Argentine peso - Monthly - Average of observations through period,2018-07,27.665262835525,A,,F
M,AR,ARS,A,0,16,A, Exchange rates against USD Argentina - Argentine peso - Monthly - Average of observations through period,2018-08,29.780978936242,A,,F
M,AR,ARS,A,0,16,A, Exchange rates against USD Argentina - Argentine peso - Monthly - Average of observations through period,2018-09,38.41979941124,A,,F
M,AR,ARS,A,0,16,A, Exchange rates against USD Argentina - Argentine peso - Monthly - Average of observations through period,2018-10,37.273002081882,A,,F
M,AR,ARS,A,0,16,A, Exchange rates against USD Argentina - Argentine peso - Monthly - Average of observations through period,2018-11,36.37708754657,A,,F
M,AR,ARS,A,0,16,A, Exchange rates against USD Argentina - Argentine peso - Monthly - Average of observations through period,2018-12,37.864237135018,A,,F
M,AR,ARS,A,0,16,A, Exchange rates against USD Argentina - Argentine peso - Monthly - Average of observations through period,2019-01,37.435003267633,A,,F
M,AR,ARS,A,0,16,A, Exchange rates against USD Argentina - Argentine peso - Monthly - Average of observations through period,2019-02,38.34410654259,A,,F
M,AR,ARS,A,0,16,A, Exchange rates against USD Argentina - Argentine peso - Monthly - Average of observations through period,2019-03,41.12739062144,A,,F
M,AR,ARS,A,0,16,A, Exchange rates against USD Argentina - Argentine peso - Monthly - Average of observations through period,2019-04,43.178103653477,A,,F
M,AR,ARS,A,0,16,A, Exchange rates against USD Argentina - Argentine peso - Monthly - Average of observations through period,2019-05,44.842825403097,A,,F
M,AR,ARS,A,0,16,A, Exchange rates against USD Argentina - Argentine peso - Monthly - Average of observations through period,2019-06,43.839908668966,A,,F
M,AR,ARS,A,0,16,A, Exchange rates against USD Argentina - Argentine peso - Monthly - Average of observations through period,2019-07,42.424956373516,A,,F
M,AR,ARS,A,0,16,A, Exchange rates against USD Argentina - Argentine peso - Monthly - Average of observations through period,2019-08,51.947992781069,A,,F
M,AR,ARS,A,0,16,A, Exchange rates against USD Argentina - Argentine peso - Monthly - Average of observations through period,2019-09,56.624486392186,A,,F
M,AR,ARS,A,0,16,A, Exchange rates against USD Argentina - Argentine peso - Monthly - Average of observations through period,2019-10,58.323237567202,A,,F
M,AR,ARS,A,0,16,A, Exchange rates against USD Argentina - Argentine peso - Monthly - Average of observations through period,2019-11,59.720282920461,A,,F
M,AR,ARS,A,0,16,A, Exchange rates against USD Argentina - Argentine peso - Monthly - Average of observations through period,2019-12,59.859088934054,A,,F
M,AR,ARS,A,0,16,A, Exchange rates against USD Argentina - Argentine peso - Monthly - Average of observations through period,2020-01,59.962248997596,A,,F
M,AR,ARS,A,0,16,A, Exchange rates against USD Argentina - Argentine peso - Monthly - Average of observations through period,2020-02,61.304632179586,A,,F
M,AR,ARS,A,0,16,A, Exchange rates against USD Argentina - Argentine peso - Monthly - Average of observations through period,2020-03,63.119246118126,A,,F
M,AR,ARS,A,0,16,A, Exchange rates against USD Argentina - Argentine peso - Monthly - Average of observations through period,2020-04,65.575179360438,A,,F
M,AR,ARS,A,0,16,A, Exchange rates against USD Argentina - Argentine peso - Monthly - Average of observations through period,2020-05,67.615066290121,A,,F
M,AR,ARS,A,0,16,A, Exchange rates against USD Argentina - Argentine peso - Monthly - Average of observations through period,2020-06,69.400282646914,A,,F
M,AR,ARS,A,0,16,A, Exchange rates against USD Argentina - Argentine peso - Monthly - Average of observations through period,2020-07,71.30264557111,A,,F
M,AR,ARS,A,0,16,A, Exchange rates against USD Argentina - Argentine peso - Monthly - Average of observations through period,2020-08,73.152360001889,A,,F
M,AR,ARS,A,0,16,A, Exchange rates against USD Argentina - Argentine peso - Monthly - Average of observations through period,2020-09,75.053083524234,A,,F
M,AR,ARS,A,0,16,A, Exchange rates against USD Argentina - Argentine peso - Monthly - Average of observations through period,2020-10,77.423470590148,A,,F
M,AR,ARS,A,0,16,A, Exchange rates against USD Argentina - Argentine peso - Monthly - Average of observations through period,2020-11,79.933236842105,A,,F
M,AR,ARS,A,0,16,A, Exchange rates against USD Argentina - Argentine peso - Monthly - Average of observations through period,2020-12,82.637872222222,A,,F
M,AR,ARS,A,0,16,A, Exchange rates against USD Argentina - Argentine peso - Monthly - Average of observations through period,2021-01,85.970835,A,,F
M,AR,ARS,A,0,16,A, Exchange rates against USD Argentina - Argentine peso - Monthly - Average of observations through period,2021-02,88.674622222222,A,,F
M,AR,ARS,A,0,16,A, Exchange rates against USD Argentina - Argentine peso - Monthly - Average of observations through period,2021-03,91.066368181818,A,,F
M,AR,ARS,A,0,16,A, Exchange rates against USD Argentina - Argentine peso - Monthly - Average of observations through period,2021-04,92.863845,A,,F
M,AR,ARS,A,0,16,A, Exchange rates against USD Argentina - Argentine peso - Monthly - Average of observations through period,2021-05,94.104826315789,A,,F
M,AR,ARS,A,0,16,A, Exchange rates against USD Argentina - Argentine peso - Monthly - Average of observations through period,2021-06,95.25429047619,A,,F
M,AR,ARS,A,0,16,A, Exchange rates against USD Argentina - Argentine peso - Monthly - Average of observations through period,2021-07,96.237780952381,A,,F
M,AR,ARS,A,0,16,A, Exchange rates against USD Argentina - Argentine peso - Monthly - Average of observations through period,2021-08,97.213814285714,A,,F
M,AR,ARS,A,0,16,A, Exchange rates against USD Argentina - Argentine peso - Monthly - Average of observations through period,2021-09,98.284995454545,A,,F
M,AR,ARS,A,0,16,A, Exchange rates against USD Argentina - Argentine peso - Monthly - Average of observations through period,2021-10,99.24912631579,A,,F
M,AR,ARS,A,0,16,A, Exchange rates against USD Argentina - Argentine peso - Monthly - Average of observations through period,2021-11,100.31007142857,A,,F
M,AR,ARS,A,0,16,A, Exchange rates against USD Argentina - Argentine peso - Monthly - Average of observations through period,2021-12,101.8885,A,,F
M,AR,ARS,A,0,16,A, Exchange rates against USD Argentina - Argentine peso - Monthly - Average of observations through period,2022-01,103.9846,A,,F
M,AR,ARS,A,0,16,A, Exchange rates against USD Argentina - Argentine peso - Monthly - Average of observations through period,2022-02,106.30711052632,A,,F
M,AR,ARS,A,0,16,A, Exchange rates against USD Argentina - Argentine peso - Monthly - Average of observations through period,2022-03,109.4585,A,,F
M,AR,ARS,A,0,16,A, Exchange rates against USD Argentina - Argentine peso - Monthly - Average of observations through period,2022-04,113.33447368421,A,,F
M,AR,ARS,A,0,16,A, Exchange rates against USD Argentina - Argentine peso - Monthly - Average of observations through period,2022-05,117.77367,A,,F
M,AR,ARS,A,0,16,A, Exchange rates against USD Argentina - Argentine peso - Monthly - Average of observations through period,2022-06,122.73574,A,,F
M,AR,ARS,A,0,16,A, Exchange rates against USD Argentina - Argentine peso - Monthly - Average of observations through period,2022-07,128.44539047619,A,,F
M,AR,ARS,A,0,16,A, Exchange rates against USD Argentina - Argentine peso - Monthly - Average of observations through period,2022-08,135.29029545455,A,,F
M,AR,ARS,A,0,16,A, Exchange rates against USD Argentina - Argentine peso - Monthly - Average of observations through period,2022-09,143.62523333333,A,,F
M,AR,ARS,A,0,16,A, Exchange rates against USD Argentina - Argentine peso - Monthly - Average of observations through period,2022-10,152.59289473684,A,,F
M,AR,ARS,A,0,16,A, Exchange rates against USD Argentina - Argentine peso - Monthly - Average of observations through period,2022-11,162.11833333333,A,,F
M,AR,ARS,A,0,16,A, Exchange rates against USD Argentina - Argentine peso - Monthly - Average of observations through period,2022-12,172.90316,A,,F
M,AR,ARS,A,0,16,A, Exchange rates against USD Argentina - Argentine peso - Monthly - Average of observations through period,2023-01,182.24409090909,A,,F
M,AR,ARS,A,0,16,A, Exchange rates against USD Argentina - Argentine peso - Monthly - Average of observations through period,2023-02,191.89239444444,A,,F
M,AR,ARS,A,0,16,A, Exchange rates against USD Argentina - Argentine peso - Monthly - Average of observations through period,2023-03,203.10553636364,A,,F
M,AR,ARS,A,0,16,A, Exchange rates against USD Argentina - Argentine peso - Monthly - Average of observations through period,2023-04,216.55591666667,A,,F
M,AR,ARS,A,0,16,A, Exchange rates against USD Argentina - Argentine peso - Monthly - Average of observations through period,2023-05,231.190835,A,,F
M,AR,ARS,A,0,16,A, Exchange rates against USD Argentina - Argentine peso - Monthly - Average of observations through period,2023-06,248.76167,A,,F
M,AR,ARS,A,0,16,A, Exchange rates against USD Argentina - Argentine peso - Monthly - Average of observations through period,2023-07,266.46468571429,A,,F
M,AR,ARS,A,0,16,A, Exchange rates against USD Argentina - Argentine peso - Monthly - Average of observations through period,2023-08,322.1341,A,,F
M,AR,ARS,A,0,16,A, Exchange rates against USD Argentina - Argentine peso - Monthly - Average of observations through period,2023-09,349.99801428571,A,,F
M,AR,ARS,A,0,16,A, Exchange rates against USD Argentina - Argentine peso - Monthly - Average of observations through period,2023-10,350.020415,A,,F
M,AR,ARS,A,0,16,A, Exchange rates against USD Argentina - Argentine peso - Monthly - Average of observations through period,2023-11,353.84041,A,,F
M,AR,ARS,A,0,16,A, Exchange rates against USD Argentina - Argentine peso - Monthly - Average of observations through period,2023-12,641.99473157895,A,,F
M,AR,ARS,A,0,16,A, Exchange rates against USD Argentina - Argentine peso - Monthly - Average of observations through period,2024-01,818.34545454545,A,,F
M,AR,ARS,A,0,16,A, Exchange rates against USD Argentina - Argentine peso - Monthly - Average of observations through period,2024-02,834.91403684211,A,,F
M,AR,ARS,A,0,16,A, Exchange rates against USD Argentina - Argentine peso - Monthly - Average of observations through period,2024-03,850.33772105263,A,,F
M,AR,ARS,A,0,16,A, Exchange rates against USD Argentina - Argentine peso - Monthly - Average of observations through period,2024-04,868.958335,A,,F
M,AR,ARS,A,0,16,A, Exchange rates against USD Argentina - Argentine peso - Monthly - Average of observations through period,2024-05,886.86363636364,A,,F
M,AR,ARS,A,0,16,A, Exchange rates against USD Argentina - Argentine peso - Monthly - Average of observations through period,2024-06,903.77941764706,A,,F
M,AR,ARS,A,0,16,A, Exchange rates against USD Argentina - Argentine peso - Monthly - Average of observations through period,2024-07,923.76515454545,A,,F
M,AR,ARS,A,0,16,A, Exchange rates against USD Argentina - Argentine peso - Monthly - Average of observations through period,2024-08,942.92044545455,A,,F
M,AR,ARS,A,0,16,A, Exchange rates against USD Argentina - Argentine peso - Monthly - Average of observations through period,2024-09,961.8254047619,A,,F
M,AR,ARS,A,0,16,A, Exchange rates against USD Argentina - Argentine peso - Monthly - Average of observations through period,2024-10,981.56817727273,A,,F
M,AR,ARS,A,0,16,A, Exchange rates against USD Argentina - Argentine peso - Monthly - Average of observations through period,2024-11,1001.8377157895,A,,F
M,AR,ARS,A,0,16,A, Exchange rates against USD Argentina - Argentine peso - Monthly - Average of observations through period,2024-12,1020.7061421053,A,,F
M,AR,ARS,A,0,16,A, Exchange rates against USD Argentina - Argentine peso - Monthly - Average of observations through period,2025-01,1043.5643954545,A,,F
M,AR,ARS,A,0,16,A, Exchange rates against USD Argentina - Argentine peso - Monthly - Average of observations through period,2025-02,1058.4625,A,,F
M,AR,ARS,A,0,16,A, Exchange rates against USD Argentina - Argentine peso - Monthly - Average of observations through period,2025-03,1069.0347222222,A,,F
M,AR,ARS,A,0,16,A, Exchange rates against USD Argentina - Argentine peso - Monthly - Average of observations through period,2025-04,1121.5679842105,A,,F
M,AR,ARS,A,0,16,A, Exchange rates against USD Argentina - Argentine peso - Monthly - Average of observations through period,2025-05,1147.52916,A,,F
M,AR,ARS,A,0,16,A, Exchange rates against USD Argentina - Argentine peso - Monthly - Average of observations through period,2025-06,1181.3552631579,A,,F
M,AR,ARS,A,0,16,A, Exchange rates against USD Argentina - Argentine peso - Monthly - Average of observations through period,2025-07,1267.0227318182,A,,F
M,AR,ARS,A,0,16,A, Exchange rates against USD Argentina - Argentine peso - Monthly - Average of observations through period,2025-08,1329.537495,A,,F
M,AR,ARS,A,0,16,A, Exchange rates against USD Argentina - Argentine peso - Monthly - Average of observations through period,2025-09,1399.8977363636,A,,F
M,AR,ARS,A,0,16,A, Exchange rates against USD Argentina - Argentine peso - Monthly - Average of observations through period,2025-10,1432.0227272727,A,,F
M,AR,ARS,A,0,16,A, Exchange rates against USD Argentina - Argentine peso - Monthly - Average of observations through period,2025-11,1427.6176470588,A,,F
M,AR,ARS,A,0,16,A, Exchange rates against USD Argentina - Argentine peso - Monthly - Average of observations through period,2025-12,1447.8377210526,A,,F
M,AR,ARS,A,0,16,A, Exchange rates against USD Argentina - Argentine peso - Monthly - Average of observations through period,2026-01,1449.3346619048,A,,F
M,AR,ARS,A,0,16,A, Exchange rates against USD Argentina - Argentine peso - Monthly - Average of observations through period,2026-02,1409.6571,A,,F
M,AR,ARS,A,0,16,A, Exchange rates against USD Argentina - Argentine peso - Monthly - Average of observations through period,2026-03,1396.338715,A,,F
M,AR,ARS,A,0,16,A, Exchange rates against USD Argentina - Argentine peso - Monthly - Average of observations through period,2026-04,1381.45228,A,,F
M,AR,ARS,A,0,16,A, Exchange rates against USD Argentina - Argentine peso - Monthly - Average of observations through period,2026-05,1397.2372368421,A,,F
M,AR,ARS,A,0,16,A, Exchange rates against USD Argentina - Argentine peso - Monthly - Average of observations through period,2026-06,1450.2727761905,A,,F
M,AR,ARS,A,0,16,A, Exchange rates against USD Argentina - Argentine peso - Monthly - Average of observations through period,2026-07,1487.0038095238,A,,F
M,AR,ARS,A,0,16,A, Exchange rates against USD Argentina - Argentine peso - Monthly - Average of observations through period,2026-08,1499.962935,A,,F
