FREQ,REF_AREA,CURRENCY,COLLECTION,UNIT_MULT,DECIMALS,AVAILABILITY,TITLE,TIME_PERIOD,OBS_VALUE,OBS_STATUS,OBS_PRE_BREAK,OBS_CONF
M,AU,AUD,A,0,6,A, Exchange rates against USD Australia - Australian dollar - Monthly - Average of observations through period,1957-01,0.892857,A,,F
M,AU,AUD,A,0,6,A, Exchange rates against USD Australia - Australian dollar - Monthly - Average of observations through period,1957-02,0.892857,A,,F
M,AU,AUD,A,0,6,A, Exchange rates against USD Australia - Australian dollar - Monthly - Average of observations through period,1957-03,0.892857,A,,F
M,AU,AUD,A,0,6,A, Exchange rates against USD Australia - Australian dollar - Monthly - Average of observations through period,1957-04,0.892857,A,,F
M,AU,AUD,A,0,6,A, Exchange rates against USD Australia - Australian dollar - Monthly - Average of observations through period,1957-05,0.892857,A,,F
M,AU,AUD,A,0,6,A, Exchange rates against USD Australia - Australian dollar - Monthly - Average of observations through period,1957-06,0.892857,A,,F
M,AU,AUD,A,0,6,A, Exchange rates against USD Australia - Australian dollar - Monthly - Average of observations through period,1957-07,0.892857,A,,F
M,AU,AUD,A,0,6,A, Exchange rates against USD Australia - Australian dollar - Monthly - Average of observations through period,1957-08,0.892857,A,,F
M,AU,AUD,A,0,6,A, Exchange rates against USD Australia - Australian dollar - Monthly - Average of observations through period,1957-09,0.892857,A,,F
M,AU,AUD,A,0,6,A, Exchange rates against USD Australia - Australian dollar - Monthly - Average of observations through period,1957-10,0.892857,A,,F
M,AU,AUD,A,0,6,A, Exchange rates against USD Australia - Australian dollar - Monthly - Average of observations through period,1957-11,0.892857,A,,F
M,AU,AUD,A,0,6,A, Exchange rates against USD Australia - Australian dollar - Monthly - Average of observations through period,1957-12,0.892857,A,,F
M,AU,AUD,A,0,6,A, Exchange rates against USD Australia - Australian dollar - Monthly - Average of observations through period,1958-01,0.892857,A,,F
M,AU,AUD,A,0,6,A, Exchange rates against USD Australia - Australian dollar - Monthly - Average of observations through period,1958-02,0.892857,A,,F
M,AU,AUD,A,0,6,A, Exchange rates against USD Australia - Australian dollar - Monthly - Average of observations through period,1958-03,0.892857,A,,F
M,AU,AUD,A,0,6,A, Exchange rates against USD Australia - Australian dollar - Monthly - Average of observations through period,1958-04,0.892857,A,,F
M,AU,AUD,A,0,6,A, Exchange rates against USD Australia - Australian dollar - Monthly - Average of observations through period,1958-05,0.892857,A,,F
M,AU,AUD,A,0,6,A, Exchange rates against USD Australia - Australian dollar - Monthly - Average of observations through period,1958-06,0.892857,A,,F
M,AU,AUD,A,0,6,A, Exchange rates against USD Australia - Australian dollar - Monthly - Average of observations through period,1958-07,0.892857,A,,F
M,AU,AUD,A,0,6,A, Exchange rates against USD Australia - Australian dollar - Monthly - Average of observations through period,1958-08,0.892857,A,,F
M,AU,AUD,A,0,6,A, Exchange rates against USD Australia - Australian dollar - Monthly - Average of observations through period,1958-09,0.892857,A,,F
M,AU,AUD,A,0,6,A, Exchange rates against USD Australia - Australian dollar - Monthly - Average of observations through period,1958-10,0.892857,A,,F
M,AU,AUD,A,0,6,A, Exchange rates against USD Australia - Australian dollar - Monthly - Average of observations through period,1958-11,0.892857,A,,F
M,AU,AUD,A,0,6,A, Exchange rates against USD Australia - Australian dollar - Monthly - Average of observations through period,1958-12,0.892857,A,,F
M,AU,AUD,A,0,6,A, Exchange rates against USD Australia - Australian dollar - Monthly - Average of observations through period,1959-01,0.892857,A,,F
M,AU,AUD,A,0,6,A, Exchange rates against USD Australia - Australian dollar - Monthly - Average of observations through period,1959-02,0.892857,A,,F
M,AU,AUD,A,0,6,A, Exchange rates against USD Australia - Australian dollar - Monthly - Average of observations through period,1959-03,0.892857,A,,F
M,AU,AUD,A,0,6,A, Exchange rates against USD Australia - Australian dollar - Monthly - Average of observations through period,1959-04,0.892857,A,,F
M,AU,AUD,A,0,6,A, Exchange rates against USD Australia - Australian dollar - Monthly - Average of observations through period,1959-05,0.892857,A,,F
M,AU,AUD,A,0,6,A, Exchange rates against USD Australia - Australian dollar - Monthly - Average of observations through period,1959-06,0.892857,A,,F
M,AU,AUD,A,0,6,A, Exchange rates against USD Australia - Australian dollar - Monthly - Average of observations through period,1959-07,0.892857,A,,F
M,AU,AUD,A,0,6,A, Exchange rates against USD Australia - Australian dollar - Monthly - Average of observations through period,1959-08,0.892857,A,,F
M,AU,AUD,A,0,6,A, Exchange rates against USD Australia - Australian dollar - Monthly - Average of observations through period,1959-09,0.892857,A,,F
M,AU,AUD,A,0,6,A, Exchange rates against USD Australia - Australian dollar - Monthly - Average of observations through period,1959-10,0.892857,A,,F
M,AU,AUD,A,0,6,A, Exchange rates against USD Australia - Australian dollar - Monthly - Average of observations through period,1959-11,0.892857,A,,F
M,AU,AUD,A,0,6,A, Exchange rates against USD Australia - Australian dollar - Monthly - Average of observations through period,1959-12,0.892857,A,,F
M,AU,AUD,A,0,6,A, Exchange rates against USD Australia - Australian dollar - Monthly - Average of observations through period,1960-01,0.892857,A,,F
M,AU,AUD,A,0,6,A, Exchange rates against USD Australia - Australian dollar - Monthly - Average of observations through period,1960-02,0.892857,A,,F
M,AU,AUD,A,0,6,A, Exchange rates against USD Australia - Australian dollar - Monthly - Average of observations through period,1960-03,0.892857,A,,F
M,AU,AUD,A,0,6,A, Exchange rates against USD Australia - Australian dollar - Monthly - Average of observations through period,1960-04,0.892857,A,,F
M,AU,AUD,A,0,6,A, Exchange rates against USD Australia - Australian dollar - Monthly - Average of observations through period,1960-05,0.892857,A,,F
M,AU,AUD,A,0,6,A, Exchange rates against USD Australia - Australian dollar - Monthly - Average of observations through period,1960-06,0.892857,A,,F
M,AU,AUD,A,0,6,A, Exchange rates against USD Australia - Australian dollar - Monthly - Average of observations through period,1960-07,0.892857,A,,F
M,AU,AUD,A,0,6,A, Exchange rates against USD Australia - Australian dollar - Monthly - Average of observations through period,1960-08,0.892857,A,,F
M,AU,AUD,A,0,6,A, Exchange rates against USD Australia - Australian dollar - Monthly - Average of observations through period,1960-09,0.892857,A,,F
M,AU,AUD,A,0,6,A, Exchange rates against USD Australia - Australian dollar - Monthly - Average of observations through period,1960-10,0.892857,A,,F
M,AU,AUD,A,0,6,A, Exchange rates against USD Australia - Australian dollar - Monthly - Average of observations through period,1960-11,0.892857,A,,F
M,AU,AUD,A,0,6,A, Exchange rates against USD Australia - Australian dollar - Monthly - Average of observations through period,1960-12,0.892857,A,,F
M,AU,AUD,A,0,6,A, Exchange rates against USD Australia - Australian dollar - Monthly - Average of observations through period,1961-01,0.892857,A,,F
M,AU,AUD,A,0,6,A, Exchange rates against USD Australia - Australian dollar - Monthly - Average of observations through period,1961-02,0.892857,A,,F
M,AU,AUD,A,0,6,A, Exchange rates against USD Australia - Australian dollar - Monthly - Average of observations through period,1961-03,0.892857,A,,F
M,AU,AUD,A,0,6,A, Exchange rates against USD Australia - Australian dollar - Monthly - Average of observations through period,1961-04,0.892857,A,,F
M,AU,AUD,A,0,6,A, Exchange rates against USD Australia - Australian dollar - Monthly - Average of observations through period,1961-05,0.892857,A,,F
M,AU,AUD,A,0,6,A, Exchange rates against USD Australia - Australian dollar - Monthly - Average of observations through period,1961-06,0.892857,A,,F
M,AU,AUD,A,0,6,A, Exchange rates against USD Australia - Australian dollar - Monthly - Average of observations through period,1961-07,0.892857,A,,F
M,AU,AUD,A,0,6,A, Exchange rates against USD Australia - Australian dollar - Monthly - Average of observations through period,1961-08,0.892857,A,,F
M,AU,AUD,A,0,6,A, Exchange rates against USD Australia - Australian dollar - Monthly - Average of observations through period,1961-09,0.892857,A,,F
M,AU,AUD,A,0,6,A, Exchange rates against USD Australia - Australian dollar - Monthly - Average of observations through period,1961-10,0.892857,A,,F
M,AU,AUD,A,0,6,A, Exchange rates against USD Australia - Australian dollar - Monthly - Average of observations through period,1961-11,0.892857,A,,F
M,AU,AUD,A,0,6,A, Exchange rates against USD Australia - Australian dollar - Monthly - Average of observations through period,1961-12,0.892857,A,,F
M,AU,AUD,A,0,6,A, Exchange rates against USD Australia - Australian dollar - Monthly - Average of observations through period,1962-01,0.892857,A,,F
M,AU,AUD,A,0,6,A, Exchange rates against USD Australia - Australian dollar - Monthly - Average of observations through period,1962-02,0.892857,A,,F
M,AU,AUD,A,0,6,A, Exchange rates against USD Australia - Australian dollar - Monthly - Average of observations through period,1962-03,0.892857,A,,F
M,AU,AUD,A,0,6,A, Exchange rates against USD Australia - Australian dollar - Monthly - Average of observations through period,1962-04,0.892857,A,,F
M,AU,AUD,A,0,6,A, Exchange rates against USD Australia - Australian dollar - Monthly - Average of observations through period,1962-05,0.892857,A,,F
M,AU,AUD,A,0,6,A, Exchange rates against USD Australia - Australian dollar - Monthly - Average of observations through period,1962-06,0.892857,A,,F
M,AU,AUD,A,0,6,A, Exchange rates against USD Australia - Australian dollar - Monthly - Average of observations through period,1962-07,0.892857,A,,F
M,AU,AUD,A,0,6,A, Exchange rates against USD Australia - Australian dollar - Monthly - Average of observations through period,1962-08,0.892857,A,,F
M,AU,AUD,A,0,6,A, Exchange rates against USD Australia - Australian dollar - Monthly - Average of observations through period,1962-09,0.892857,A,,F
M,AU,AUD,A,0,6,A, Exchange rates against USD Australia - Australian dollar - Monthly - Average of observations through period,1962-10,0.892857,A,,F
M,AU,AUD,A,0,6,A, Exchange rates against USD Australia - Australian dollar - Monthly - Average of observations through period,1962-11,0.892857,A,,F
M,AU,AUD,A,0,6,A, Exchange rates against USD Australia - Australian dollar - Monthly - Average of observations through period,1962-12,0.892857,A,,F
M,AU,AUD,A,0,6,A, Exchange rates against USD Australia - Australian dollar - Monthly - Average of observations through period,1963-01,0.892857,A,,F
M,AU,AUD,A,0,6,A, Exchange rates against USD Australia - Australian dollar - Monthly - Average of observations through period,1963-02,0.892857,A,,F
M,AU,AUD,A,0,6,A, Exchange rates against USD Australia - Australian dollar - Monthly - Average of observations through period,1963-03,0.892857,A,,F
M,AU,AUD,A,0,6,A, Exchange rates against USD Australia - Australian dollar - Monthly - Average of observations through period,1963-04,0.892857,A,,F
M,AU,AUD,A,0,6,A, Exchange rates against USD Australia - Australian dollar - Monthly - Average of observations through period,1963-05,0.892857,A,,F
M,AU,AUD,A,0,6,A, Exchange rates against USD Australia - Australian dollar - Monthly - Average of observations through period,1963-06,0.892857,A,,F
M,AU,AUD,A,0,6,A, Exchange rates against USD Australia - Australian dollar - Monthly - Average of observations through period,1963-07,0.892857,A,,F
M,AU,AUD,A,0,6,A, Exchange rates against USD Australia - Australian dollar - Monthly - Average of observations through period,1963-08,0.892857,A,,F
M,AU,AUD,A,0,6,A, Exchange rates against USD Australia - Australian dollar - Monthly - Average of observations through period,1963-09,0.892857,A,,F
M,AU,AUD,A,0,6,A, Exchange rates against USD Australia - Australian dollar - Monthly - Average of observations through period,1963-10,0.892857,A,,F
M,AU,AUD,A,0,6,A, Exchange rates against USD Australia - Australian dollar - Monthly - Average of observations through period,1963-11,0.892857,A,,F
M,AU,AUD,A,0,6,A, Exchange rates against USD Australia - Australian dollar - Monthly - Average of observations through period,1963-12,0.892857,A,,F
M,AU,AUD,A,0,6,A, Exchange rates against USD Australia - Australian dollar - Monthly - Average of observations through period,1964-01,0.892857,A,,F
M,AU,AUD,A,0,6,A, Exchange rates against USD Australia - Australian dollar - Monthly - Average of observations through period,1964-02,0.892857,A,,F
M,AU,AUD,A,0,6,A, Exchange rates against USD Australia - Australian dollar - Monthly - Average of observations through period,1964-03,0.892857,A,,F
M,AU,AUD,A,0,6,A, Exchange rates against USD Australia - Australian dollar - Monthly - Average of observations through period,1964-04,0.892857,A,,F
M,AU,AUD,A,0,6,A, Exchange rates against USD Australia - Australian dollar - Monthly - Average of observations through period,1964-05,0.892857,A,,F
M,AU,AUD,A,0,6,A, Exchange rates against USD Australia - Australian dollar - Monthly - Average of observations through period,1964-06,0.892857,A,,F
M,AU,AUD,A,0,6,A, Exchange rates against USD Australia - Australian dollar - Monthly - Average of observations through period,1964-07,0.892857,A,,F
M,AU,AUD,A,0,6,A, Exchange rates against USD Australia - Australian dollar - Monthly - Average of observations through period,1964-08,0.892857,A,,F
M,AU,AUD,A,0,6,A, Exchange rates against USD Australia - Australian dollar - Monthly - Average of observations through period,1964-09,0.892857,A,,F
M,AU,AUD,A,0,6,A, Exchange rates against USD Australia - Australian dollar - Monthly - Average of observations through period,1964-10,0.892857,A,,F
M,AU,AUD,A,0,6,A, Exchange rates against USD Australia - Australian dollar - Monthly - Average of observations through period,1964-11,0.892857,A,,F
M,AU,AUD,A,0,6,A, Exchange rates against USD Australia - Australian dollar - Monthly - Average of observations through period,1964-12,0.892857,A,,F
M,AU,AUD,A,0,6,A, Exchange rates against USD Australia - Australian dollar - Monthly - Average of observations through period,1965-01,0.892857,A,,F
M,AU,AUD,A,0,6,A, Exchange rates against USD Australia - Australian dollar - Monthly - Average of observations through period,1965-02,0.892857,A,,F
M,AU,AUD,A,0,6,A, Exchange rates against USD Australia - Australian dollar - Monthly - Average of observations through period,1965-03,0.892857,A,,F
M,AU,AUD,A,0,6,A, Exchange rates against USD Australia - Australian dollar - Monthly - Average of observations through period,1965-04,0.892857,A,,F
M,AU,AUD,A,0,6,A, Exchange rates against USD Australia - Australian dollar - Monthly - Average of observations through period,1965-05,0.892857,A,,F
M,AU,AUD,A,0,6,A, Exchange rates against USD Australia - Australian dollar - Monthly - Average of observations through period,1965-06,0.892857,A,,F
M,AU,AUD,A,0,6,A, Exchange rates against USD Australia - Australian dollar - Monthly - Average of observations through period,1965-07,0.892857,A,,F
M,AU,AUD,A,0,6,A, Exchange rates against USD Australia - Australian dollar - Monthly - Average of observations through period,1965-08,0.892857,A,,F
M,AU,AUD,A,0,6,A, Exchange rates against USD Australia - Australian dollar - Monthly - Average of observations through period,1965-09,0.892857,A,,F
M,AU,AUD,A,0,6,A, Exchange rates against USD Australia - Australian dollar - Monthly - Average of observations through period,1965-10,0.892857,A,,F
M,AU,AUD,A,0,6,A, Exchange rates against USD Australia - Australian dollar - Monthly - Average of observations through period,1965-11,0.892857,A,,F
M,AU,AUD,A,0,6,A, Exchange rates against USD Australia - Australian dollar - Monthly - Average of observations through period,1965-12,0.892857,A,,F
M,AU,AUD,A,0,6,A, Exchange rates against USD Australia - Australian dollar - Monthly - Average of observations through period,1966-01,0.892857,A,,F
M,AU,AUD,A,0,6,A, Exchange rates against USD Australia - Australian dollar - Monthly - Average of observations through period,1966-02,0.892857,A,,F
M,AU,AUD,A,0,6,A, Exchange rates against USD Australia - Australian dollar - Monthly - Average of observations through period,1966-03,0.892857,A,,F
M,AU,AUD,A,0,6,A, Exchange rates against USD Australia - Australian dollar - Monthly - Average of observations through period,1966-04,0.892857,A,,F
M,AU,AUD,A,0,6,A, Exchange rates against USD Australia - Australian dollar - Monthly - Average of observations through period,1966-05,0.892857,A,,F
M,AU,AUD,A,0,6,A, Exchange rates against USD Australia - Australian dollar - Monthly - Average of observations through period,1966-06,0.892857,A,,F
M,AU,AUD,A,0,6,A, Exchange rates against USD Australia - Australian dollar - Monthly - Average of observations through period,1966-07,0.892857,A,,F
M,AU,AUD,A,0,6,A, Exchange rates against USD Australia - Australian dollar - Monthly - Average of observations through period,1966-08,0.892857,A,,F
M,AU,AUD,A,0,6,A, Exchange rates against USD Australia - Australian dollar - Monthly - Average of observations through period,1966-09,0.892857,A,,F
M,AU,AUD,A,0,6,A, Exchange rates against USD Australia - Australian dollar - Monthly - Average of observations through period,1966-10,0.892857,A,,F
M,AU,AUD,A,0,6,A, Exchange rates against USD Australia - Australian dollar - Monthly - Average of observations through period,1966-11,0.892857,A,,F
M,AU,AUD,A,0,6,A, Exchange rates against USD Australia - Australian dollar - Monthly - Average of observations through period,1966-12,0.892857,A,,F
M,AU,AUD,A,0,6,A, Exchange rates against USD Australia - Australian dollar - Monthly - Average of observations through period,1967-01,0.892857,A,,F
M,AU,AUD,A,0,6,A, Exchange rates against USD Australia - Australian dollar - Monthly - Average of observations through period,1967-02,0.892857,A,,F
M,AU,AUD,A,0,6,A, Exchange rates against USD Australia - Australian dollar - Monthly - Average of observations through period,1967-03,0.892857,A,,F
M,AU,AUD,A,0,6,A, Exchange rates against USD Australia - Australian dollar - Monthly - Average of observations through period,1967-04,0.892857,A,,F
M,AU,AUD,A,0,6,A, Exchange rates against USD Australia - Australian dollar - Monthly - Average of observations through period,1967-05,0.892857,A,,F
M,AU,AUD,A,0,6,A, Exchange rates against USD Australia - Australian dollar - Monthly - Average of observations through period,1967-06,0.892857,A,,F
M,AU,AUD,A,0,6,A, Exchange rates against USD Australia - Australian dollar - Monthly - Average of observations through period,1967-07,0.892857,A,,F
M,AU,AUD,A,0,6,A, Exchange rates against USD Australia - Australian dollar - Monthly - Average of observations through period,1967-08,0.892857,A,,F
M,AU,AUD,A,0,6,A, Exchange rates against USD Australia - Australian dollar - Monthly - Average of observations through period,1967-09,0.892857,A,,F
M,AU,AUD,A,0,6,A, Exchange rates against USD Australia - Australian dollar - Monthly - Average of observations through period,1967-10,0.892857,A,,F
M,AU,AUD,A,0,6,A, Exchange rates against USD Australia - Australian dollar - Monthly - Average of observations through period,1967-11,0.892857,A,,F
M,AU,AUD,A,0,6,A, Exchange rates against USD Australia - Australian dollar - Monthly - Average of observations through period,1967-12,0.892857,A,,F
M,AU,AUD,A,0,6,A, Exchange rates against USD Australia - Australian dollar - Monthly - Average of observations through period,1968-01,0.892857,A,,F
M,AU,AUD,A,0,6,A, Exchange rates against USD Australia - Australian dollar - Monthly - Average of observations through period,1968-02,0.892857,A,,F
M,AU,AUD,A,0,6,A, Exchange rates against USD Australia - Australian dollar - Monthly - Average of observations through period,1968-03,0.892857,A,,F
M,AU,AUD,A,0,6,A, Exchange rates against USD Australia - Australian dollar - Monthly - Average of observations through period,1968-04,0.892857,A,,F
M,AU,AUD,A,0,6,A, Exchange rates against USD Australia - Australian dollar - Monthly - Average of observations through period,1968-05,0.892857,A,,F
M,AU,AUD,A,0,6,A, Exchange rates against USD Australia - Australian dollar - Monthly - Average of observations through period,1968-06,0.892857,A,,F
M,AU,AUD,A,0,6,A, Exchange rates against USD Australia - Australian dollar - Monthly - Average of observations through period,1968-07,0.892857,A,,F
M,AU,AUD,A,0,6,A, Exchange rates against USD Australia - Australian dollar - Monthly - Average of observations through period,1968-08,0.892857,A,,F
M,AU,AUD,A,0,6,A, Exchange rates against USD Australia - Australian dollar - Monthly - Average of observations through period,1968-09,0.892857,A,,F
M,AU,AUD,A,0,6,A, Exchange rates against USD Australia - Australian dollar - Monthly - Average of observations through period,1968-10,0.892857,A,,F
M,AU,AUD,A,0,6,A, Exchange rates against USD Australia - Australian dollar - Monthly - Average of observations through period,1968-11,0.892857,A,,F
M,AU,AUD,A,0,6,A, Exchange rates against USD Australia - Australian dollar - Monthly - Average of observations through period,1968-12,0.892857,A,,F
M,AU,AUD,A,0,6,A, Exchange rates against USD Australia - Australian dollar - Monthly - Average of observations through period,1969-01,0.892857,A,,F
M,AU,AUD,A,0,6,A, Exchange rates against USD Australia - Australian dollar - Monthly - Average of observations through period,1969-02,0.892857,A,,F
M,AU,AUD,A,0,6,A, Exchange rates against USD Australia - Australian dollar - Monthly - Average of observations through period,1969-03,0.892857,A,,F
M,AU,AUD,A,0,6,A, Exchange rates against USD Australia - Australian dollar - Monthly - Average of observations through period,1969-04,0.892857,A,,F
M,AU,AUD,A,0,6,A, Exchange rates against USD Australia - Australian dollar - Monthly - Average of observations through period,1969-05,0.892857,A,,F
M,AU,AUD,A,0,6,A, Exchange rates against USD Australia - Australian dollar - Monthly - Average of observations through period,1969-06,0.892857,A,,F
M,AU,AUD,A,0,6,A, Exchange rates against USD Australia - Australian dollar - Monthly - Average of observations through period,1969-07,0.892857,A,,F
M,AU,AUD,A,0,6,A, Exchange rates against USD Australia - Australian dollar - Monthly - Average of observations through period,1969-08,0.892857,A,,F
M,AU,AUD,A,0,6,A, Exchange rates against USD Australia - Australian dollar - Monthly - Average of observations through period,1969-09,0.892857,A,,F
M,AU,AUD,A,0,6,A, Exchange rates against USD Australia - Australian dollar - Monthly - Average of observations through period,1969-10,0.892857,A,,F
M,AU,AUD,A,0,6,A, Exchange rates against USD Australia - Australian dollar - Monthly - Average of observations through period,1969-11,0.892857,A,,F
M,AU,AUD,A,0,6,A, Exchange rates against USD Australia - Australian dollar - Monthly - Average of observations through period,1969-12,0.892857,A,,F
M,AU,AUD,A,0,6,A, Exchange rates against USD Australia - Australian dollar - Monthly - Average of observations through period,1970-01,0.892857,A,,F
M,AU,AUD,A,0,6,A, Exchange rates against USD Australia - Australian dollar - Monthly - Average of observations through period,1970-02,0.892857,A,,F
M,AU,AUD,A,0,6,A, Exchange rates against USD Australia - Australian dollar - Monthly - Average of observations through period,1970-03,0.892857,A,,F
M,AU,AUD,A,0,6,A, Exchange rates against USD Australia - Australian dollar - Monthly - Average of observations through period,1970-04,0.892857,A,,F
M,AU,AUD,A,0,6,A, Exchange rates against USD Australia - Australian dollar - Monthly - Average of observations through period,1970-05,0.892857,A,,F
M,AU,AUD,A,0,6,A, Exchange rates against USD Australia - Australian dollar - Monthly - Average of observations through period,1970-06,0.892857,A,,F
M,AU,AUD,A,0,6,A, Exchange rates against USD Australia - Australian dollar - Monthly - Average of observations through period,1970-07,0.892857,A,,F
M,AU,AUD,A,0,6,A, Exchange rates against USD Australia - Australian dollar - Monthly - Average of observations through period,1970-08,0.892857,A,,F
M,AU,AUD,A,0,6,A, Exchange rates against USD Australia - Australian dollar - Monthly - Average of observations through period,1970-09,0.892857,A,,F
M,AU,AUD,A,0,6,A, Exchange rates against USD Australia - Australian dollar - Monthly - Average of observations through period,1970-10,0.892857,A,,F
M,AU,AUD,A,0,6,A, Exchange rates against USD Australia - Australian dollar - Monthly - Average of observations through period,1970-11,0.892857,A,,F
M,AU,AUD,A,0,6,A, Exchange rates against USD Australia - Australian dollar - Monthly - Average of observations through period,1970-12,0.892857,A,,F
M,AU,AUD,A,0,6,A, Exchange rates against USD Australia - Australian dollar - Monthly - Average of observations through period,1971-01,0.89436,A,,F
M,AU,AUD,A,0,6,A, Exchange rates against USD Australia - Australian dollar - Monthly - Average of observations through period,1971-02,0.889838,A,,F
M,AU,AUD,A,0,6,A, Exchange rates against USD Australia - Australian dollar - Monthly - Average of observations through period,1971-03,0.889477,A,,F
M,AU,AUD,A,0,6,A, Exchange rates against USD Australia - Australian dollar - Monthly - Average of observations through period,1971-04,0.88981,A,,F
M,AU,AUD,A,0,6,A, Exchange rates against USD Australia - Australian dollar - Monthly - Average of observations through period,1971-05,0.889474,A,,F
M,AU,AUD,A,0,6,A, Exchange rates against USD Australia - Australian dollar - Monthly - Average of observations through period,1971-06,0.889439,A,,F
M,AU,AUD,A,0,6,A, Exchange rates against USD Australia - Australian dollar - Monthly - Average of observations through period,1971-07,0.889578,A,,F
M,AU,AUD,A,0,6,A, Exchange rates against USD Australia - Australian dollar - Monthly - Average of observations through period,1971-08,0.883732,A,,F
M,AU,AUD,A,0,6,A, Exchange rates against USD Australia - Australian dollar - Monthly - Average of observations through period,1971-09,0.871224,A,,F
M,AU,AUD,A,0,6,A, Exchange rates against USD Australia - Australian dollar - Monthly - Average of observations through period,1971-10,0.863814,A,,F
M,AU,AUD,A,0,6,A, Exchange rates against USD Australia - Australian dollar - Monthly - Average of observations through period,1971-11,0.862869,A,,F
M,AU,AUD,A,0,6,A, Exchange rates against USD Australia - Australian dollar - Monthly - Average of observations through period,1971-12,0.851264,A,,F
M,AU,AUD,A,0,6,A, Exchange rates against USD Australia - Australian dollar - Monthly - Average of observations through period,1972-01,0.839648,A,,F
M,AU,AUD,A,0,6,A, Exchange rates against USD Australia - Australian dollar - Monthly - Average of observations through period,1972-02,0.839631,A,,F
M,AU,AUD,A,0,6,A, Exchange rates against USD Australia - Australian dollar - Monthly - Average of observations through period,1972-03,0.839631,A,,F
M,AU,AUD,A,0,6,A, Exchange rates against USD Australia - Australian dollar - Monthly - Average of observations through period,1972-04,0.839631,A,,F
M,AU,AUD,A,0,6,A, Exchange rates against USD Australia - Australian dollar - Monthly - Average of observations through period,1972-05,0.839631,A,,F
M,AU,AUD,A,0,6,A, Exchange rates against USD Australia - Australian dollar - Monthly - Average of observations through period,1972-06,0.839631,A,,F
M,AU,AUD,A,0,6,A, Exchange rates against USD Australia - Australian dollar - Monthly - Average of observations through period,1972-07,0.839631,A,,F
M,AU,AUD,A,0,6,A, Exchange rates against USD Australia - Australian dollar - Monthly - Average of observations through period,1972-08,0.839539,A,,F
M,AU,AUD,A,0,6,A, Exchange rates against USD Australia - Australian dollar - Monthly - Average of observations through period,1972-09,0.839631,A,,F
M,AU,AUD,A,0,6,A, Exchange rates against USD Australia - Australian dollar - Monthly - Average of observations through period,1972-10,0.839842,A,,F
M,AU,AUD,A,0,6,A, Exchange rates against USD Australia - Australian dollar - Monthly - Average of observations through period,1972-11,0.839701,A,,F
M,AU,AUD,A,0,6,A, Exchange rates against USD Australia - Australian dollar - Monthly - Average of observations through period,1972-12,0.82882,A,,F
M,AU,AUD,A,0,6,A, Exchange rates against USD Australia - Australian dollar - Monthly - Average of observations through period,1973-01,0.786383,A,,F
M,AU,AUD,A,0,6,A, Exchange rates against USD Australia - Australian dollar - Monthly - Average of observations through period,1973-02,0.740244,A,,F
M,AU,AUD,A,0,6,A, Exchange rates against USD Australia - Australian dollar - Monthly - Average of observations through period,1973-03,0.707764,A,,F
M,AU,AUD,A,0,6,A, Exchange rates against USD Australia - Australian dollar - Monthly - Average of observations through period,1973-04,0.706714,A,,F
M,AU,AUD,A,0,6,A, Exchange rates against USD Australia - Australian dollar - Monthly - Average of observations through period,1973-05,0.706714,A,,F
M,AU,AUD,A,0,6,A, Exchange rates against USD Australia - Australian dollar - Monthly - Average of observations through period,1973-06,0.706311,A,,F
M,AU,AUD,A,0,6,A, Exchange rates against USD Australia - Australian dollar - Monthly - Average of observations through period,1973-07,0.705305,A,,F
M,AU,AUD,A,0,6,A, Exchange rates against USD Australia - Australian dollar - Monthly - Average of observations through period,1973-08,0.706806,A,,F
M,AU,AUD,A,0,6,A, Exchange rates against USD Australia - Australian dollar - Monthly - Average of observations through period,1973-09,0.681309,A,,F
M,AU,AUD,A,0,6,A, Exchange rates against USD Australia - Australian dollar - Monthly - Average of observations through period,1973-10,0.674646,A,,F
M,AU,AUD,A,0,6,A, Exchange rates against USD Australia - Australian dollar - Monthly - Average of observations through period,1973-11,0.674685,A,,F
M,AU,AUD,A,0,6,A, Exchange rates against USD Australia - Australian dollar - Monthly - Average of observations through period,1973-12,0.674174,A,,F
M,AU,AUD,A,0,6,A, Exchange rates against USD Australia - Australian dollar - Monthly - Average of observations through period,1974-01,0.67462,A,,F
M,AU,AUD,A,0,6,A, Exchange rates against USD Australia - Australian dollar - Monthly - Average of observations through period,1974-02,0.673401,A,,F
M,AU,AUD,A,0,6,A, Exchange rates against USD Australia - Australian dollar - Monthly - Average of observations through period,1974-03,0.673185,A,,F
M,AU,AUD,A,0,6,A, Exchange rates against USD Australia - Australian dollar - Monthly - Average of observations through period,1974-04,0.673814,A,,F
M,AU,AUD,A,0,6,A, Exchange rates against USD Australia - Australian dollar - Monthly - Average of observations through period,1974-05,0.673659,A,,F
M,AU,AUD,A,0,6,A, Exchange rates against USD Australia - Australian dollar - Monthly - Average of observations through period,1974-06,0.674139,A,,F
M,AU,AUD,A,0,6,A, Exchange rates against USD Australia - Australian dollar - Monthly - Average of observations through period,1974-07,0.675732,A,,F
M,AU,AUD,A,0,6,A, Exchange rates against USD Australia - Australian dollar - Monthly - Average of observations through period,1974-08,0.674589,A,,F
M,AU,AUD,A,0,6,A, Exchange rates against USD Australia - Australian dollar - Monthly - Average of observations through period,1974-09,0.692037,A,,F
M,AU,AUD,A,0,6,A, Exchange rates against USD Australia - Australian dollar - Monthly - Average of observations through period,1974-10,0.763781,A,,F
M,AU,AUD,A,0,6,A, Exchange rates against USD Australia - Australian dollar - Monthly - Average of observations through period,1974-11,0.762798,A,,F
M,AU,AUD,A,0,6,A, Exchange rates against USD Australia - Australian dollar - Monthly - Average of observations through period,1974-12,0.759177,A,,F
M,AU,AUD,A,0,6,A, Exchange rates against USD Australia - Australian dollar - Monthly - Average of observations through period,1975-01,0.752172,A,,F
M,AU,AUD,A,0,6,A, Exchange rates against USD Australia - Australian dollar - Monthly - Average of observations through period,1975-02,0.74186,A,,F
M,AU,AUD,A,0,6,A, Exchange rates against USD Australia - Australian dollar - Monthly - Average of observations through period,1975-03,0.736139,A,,F
M,AU,AUD,A,0,6,A, Exchange rates against USD Australia - Australian dollar - Monthly - Average of observations through period,1975-04,0.745379,A,,F
M,AU,AUD,A,0,6,A, Exchange rates against USD Australia - Australian dollar - Monthly - Average of observations through period,1975-05,0.746072,A,,F
M,AU,AUD,A,0,6,A, Exchange rates against USD Australia - Australian dollar - Monthly - Average of observations through period,1975-06,0.748782,A,,F
M,AU,AUD,A,0,6,A, Exchange rates against USD Australia - Australian dollar - Monthly - Average of observations through period,1975-07,0.763704,A,,F
M,AU,AUD,A,0,6,A, Exchange rates against USD Australia - Australian dollar - Monthly - Average of observations through period,1975-08,0.780387,A,,F
M,AU,AUD,A,0,6,A, Exchange rates against USD Australia - Australian dollar - Monthly - Average of observations through period,1975-09,0.788273,A,,F
M,AU,AUD,A,0,6,A, Exchange rates against USD Australia - Australian dollar - Monthly - Average of observations through period,1975-10,0.792002,A,,F
M,AU,AUD,A,0,6,A, Exchange rates against USD Australia - Australian dollar - Monthly - Average of observations through period,1975-11,0.792049,A,,F
M,AU,AUD,A,0,6,A, Exchange rates against USD Australia - Australian dollar - Monthly - Average of observations through period,1975-12,0.797573,A,,F
M,AU,AUD,A,0,6,A, Exchange rates against USD Australia - Australian dollar - Monthly - Average of observations through period,1976-01,0.795862,A,,F
M,AU,AUD,A,0,6,A, Exchange rates against USD Australia - Australian dollar - Monthly - Average of observations through period,1976-02,0.794622,A,,F
M,AU,AUD,A,0,6,A, Exchange rates against USD Australia - Australian dollar - Monthly - Average of observations through period,1976-03,0.801351,A,,F
M,AU,AUD,A,0,6,A, Exchange rates against USD Australia - Australian dollar - Monthly - Average of observations through period,1976-04,0.808308,A,,F
M,AU,AUD,A,0,6,A, Exchange rates against USD Australia - Australian dollar - Monthly - Average of observations through period,1976-05,0.810608,A,,F
M,AU,AUD,A,0,6,A, Exchange rates against USD Australia - Australian dollar - Monthly - Average of observations through period,1976-06,0.814662,A,,F
M,AU,AUD,A,0,6,A, Exchange rates against USD Australia - Australian dollar - Monthly - Average of observations through period,1976-07,0.809127,A,,F
M,AU,AUD,A,0,6,A, Exchange rates against USD Australia - Australian dollar - Monthly - Average of observations through period,1976-08,0.805309,A,,F
M,AU,AUD,A,0,6,A, Exchange rates against USD Australia - Australian dollar - Monthly - Average of observations through period,1976-09,0.804806,A,,F
M,AU,AUD,A,0,6,A, Exchange rates against USD Australia - Australian dollar - Monthly - Average of observations through period,1976-10,0.810373,A,,F
M,AU,AUD,A,0,6,A, Exchange rates against USD Australia - Australian dollar - Monthly - Average of observations through period,1976-11,0.831734,A,,F
M,AU,AUD,A,0,6,A, Exchange rates against USD Australia - Australian dollar - Monthly - Average of observations through period,1976-12,0.950373,A,,F
M,AU,AUD,A,0,6,A, Exchange rates against USD Australia - Australian dollar - Monthly - Average of observations through period,1977-01,0.921443,A,,F
M,AU,AUD,A,0,6,A, Exchange rates against USD Australia - Australian dollar - Monthly - Average of observations through period,1977-02,0.917135,A,,F
M,AU,AUD,A,0,6,A, Exchange rates against USD Australia - Australian dollar - Monthly - Average of observations through period,1977-03,0.909631,A,,F
M,AU,AUD,A,0,6,A, Exchange rates against USD Australia - Australian dollar - Monthly - Average of observations through period,1977-04,0.904763,A,,F
M,AU,AUD,A,0,6,A, Exchange rates against USD Australia - Australian dollar - Monthly - Average of observations through period,1977-05,0.906556,A,,F
M,AU,AUD,A,0,6,A, Exchange rates against USD Australia - Australian dollar - Monthly - Average of observations through period,1977-06,0.90253,A,,F
M,AU,AUD,A,0,6,A, Exchange rates against USD Australia - Australian dollar - Monthly - Average of observations through period,1977-07,0.891266,A,,F
M,AU,AUD,A,0,6,A, Exchange rates against USD Australia - Australian dollar - Monthly - Average of observations through period,1977-08,0.905279,A,,F
M,AU,AUD,A,0,6,A, Exchange rates against USD Australia - Australian dollar - Monthly - Average of observations through period,1977-09,0.906037,A,,F
M,AU,AUD,A,0,6,A, Exchange rates against USD Australia - Australian dollar - Monthly - Average of observations through period,1977-10,0.893686,A,,F
M,AU,AUD,A,0,6,A, Exchange rates against USD Australia - Australian dollar - Monthly - Average of observations through period,1977-11,0.887279,A,,F
M,AU,AUD,A,0,6,A, Exchange rates against USD Australia - Australian dollar - Monthly - Average of observations through period,1977-12,0.882154,A,,F
M,AU,AUD,A,0,6,A, Exchange rates against USD Australia - Australian dollar - Monthly - Average of observations through period,1978-01,0.878585,A,,F
M,AU,AUD,A,0,6,A, Exchange rates against USD Australia - Australian dollar - Monthly - Average of observations through period,1978-02,0.880568,A,,F
M,AU,AUD,A,0,6,A, Exchange rates against USD Australia - Australian dollar - Monthly - Average of observations through period,1978-03,0.878504,A,,F
M,AU,AUD,A,0,6,A, Exchange rates against USD Australia - Australian dollar - Monthly - Average of observations through period,1978-04,0.877433,A,,F
M,AU,AUD,A,0,6,A, Exchange rates against USD Australia - Australian dollar - Monthly - Average of observations through period,1978-05,0.886874,A,,F
M,AU,AUD,A,0,6,A, Exchange rates against USD Australia - Australian dollar - Monthly - Average of observations through period,1978-06,0.878519,A,,F
M,AU,AUD,A,0,6,A, Exchange rates against USD Australia - Australian dollar - Monthly - Average of observations through period,1978-07,0.870052,A,,F
M,AU,AUD,A,0,6,A, Exchange rates against USD Australia - Australian dollar - Monthly - Average of observations through period,1978-08,0.866498,A,,F
M,AU,AUD,A,0,6,A, Exchange rates against USD Australia - Australian dollar - Monthly - Average of observations through period,1978-09,0.867361,A,,F
M,AU,AUD,A,0,6,A, Exchange rates against USD Australia - Australian dollar - Monthly - Average of observations through period,1978-10,0.855727,A,,F
M,AU,AUD,A,0,6,A, Exchange rates against USD Australia - Australian dollar - Monthly - Average of observations through period,1978-11,0.873215,A,,F
M,AU,AUD,A,0,6,A, Exchange rates against USD Australia - Australian dollar - Monthly - Average of observations through period,1978-12,0.876049,A,,F
M,AU,AUD,A,0,6,A, Exchange rates against USD Australia - Australian dollar - Monthly - Average of observations through period,1979-01,0.876887,A,,F
M,AU,AUD,A,0,6,A, Exchange rates against USD Australia - Australian dollar - Monthly - Average of observations through period,1979-02,0.884054,A,,F
M,AU,AUD,A,0,6,A, Exchange rates against USD Australia - Australian dollar - Monthly - Average of observations through period,1979-03,0.891678,A,,F
M,AU,AUD,A,0,6,A, Exchange rates against USD Australia - Australian dollar - Monthly - Average of observations through period,1979-04,0.902156,A,,F
M,AU,AUD,A,0,6,A, Exchange rates against USD Australia - Australian dollar - Monthly - Average of observations through period,1979-05,0.904429,A,,F
M,AU,AUD,A,0,6,A, Exchange rates against USD Australia - Australian dollar - Monthly - Average of observations through period,1979-06,0.900026,A,,F
M,AU,AUD,A,0,6,A, Exchange rates against USD Australia - Australian dollar - Monthly - Average of observations through period,1979-07,0.886325,A,,F
M,AU,AUD,A,0,6,A, Exchange rates against USD Australia - Australian dollar - Monthly - Average of observations through period,1979-08,0.886305,A,,F
M,AU,AUD,A,0,6,A, Exchange rates against USD Australia - Australian dollar - Monthly - Average of observations through period,1979-09,0.887879,A,,F
M,AU,AUD,A,0,6,A, Exchange rates against USD Australia - Australian dollar - Monthly - Average of observations through period,1979-10,0.89849,A,,F
M,AU,AUD,A,0,6,A, Exchange rates against USD Australia - Australian dollar - Monthly - Average of observations through period,1979-11,0.914552,A,,F
M,AU,AUD,A,0,6,A, Exchange rates against USD Australia - Australian dollar - Monthly - Average of observations through period,1979-12,0.906594,A,,F
M,AU,AUD,A,0,6,A, Exchange rates against USD Australia - Australian dollar - Monthly - Average of observations through period,1980-01,0.901166,A,,F
M,AU,AUD,A,0,6,A, Exchange rates against USD Australia - Australian dollar - Monthly - Average of observations through period,1980-02,0.905706,A,,F
M,AU,AUD,A,0,6,A, Exchange rates against USD Australia - Australian dollar - Monthly - Average of observations through period,1980-03,0.917168,A,,F
M,AU,AUD,A,0,6,A, Exchange rates against USD Australia - Australian dollar - Monthly - Average of observations through period,1980-04,0.916729,A,,F
M,AU,AUD,A,0,6,A, Exchange rates against USD Australia - Australian dollar - Monthly - Average of observations through period,1980-05,0.884867,A,,F
M,AU,AUD,A,0,6,A, Exchange rates against USD Australia - Australian dollar - Monthly - Average of observations through period,1980-06,0.867359,A,,F
M,AU,AUD,A,0,6,A, Exchange rates against USD Australia - Australian dollar - Monthly - Average of observations through period,1980-07,0.863187,A,,F
M,AU,AUD,A,0,6,A, Exchange rates against USD Australia - Australian dollar - Monthly - Average of observations through period,1980-08,0.863808,A,,F
M,AU,AUD,A,0,6,A, Exchange rates against USD Australia - Australian dollar - Monthly - Average of observations through period,1980-09,0.854424,A,,F
M,AU,AUD,A,0,6,A, Exchange rates against USD Australia - Australian dollar - Monthly - Average of observations through period,1980-10,0.851584,A,,F
M,AU,AUD,A,0,6,A, Exchange rates against USD Australia - Australian dollar - Monthly - Average of observations through period,1980-11,0.856542,A,,F
M,AU,AUD,A,0,6,A, Exchange rates against USD Australia - Australian dollar - Monthly - Average of observations through period,1980-12,0.855737,A,,F
M,AU,AUD,A,0,6,A, Exchange rates against USD Australia - Australian dollar - Monthly - Average of observations through period,1981-01,0.846106,A,,F
M,AU,AUD,A,0,6,A, Exchange rates against USD Australia - Australian dollar - Monthly - Average of observations through period,1981-02,0.860124,A,,F
M,AU,AUD,A,0,6,A, Exchange rates against USD Australia - Australian dollar - Monthly - Average of observations through period,1981-03,0.859942,A,,F
M,AU,AUD,A,0,6,A, Exchange rates against USD Australia - Australian dollar - Monthly - Average of observations through period,1981-04,0.867181,A,,F
M,AU,AUD,A,0,6,A, Exchange rates against USD Australia - Australian dollar - Monthly - Average of observations through period,1981-05,0.876743,A,,F
M,AU,AUD,A,0,6,A, Exchange rates against USD Australia - Australian dollar - Monthly - Average of observations through period,1981-06,0.876668,A,,F
M,AU,AUD,A,0,6,A, Exchange rates against USD Australia - Australian dollar - Monthly - Average of observations through period,1981-07,0.875114,A,,F
M,AU,AUD,A,0,6,A, Exchange rates against USD Australia - Australian dollar - Monthly - Average of observations through period,1981-08,0.87735,A,,F
M,AU,AUD,A,0,6,A, Exchange rates against USD Australia - Australian dollar - Monthly - Average of observations through period,1981-09,0.870734,A,,F
M,AU,AUD,A,0,6,A, Exchange rates against USD Australia - Australian dollar - Monthly - Average of observations through period,1981-10,0.874005,A,,F
M,AU,AUD,A,0,6,A, Exchange rates against USD Australia - Australian dollar - Monthly - Average of observations through period,1981-11,0.873027,A,,F
M,AU,AUD,A,0,6,A, Exchange rates against USD Australia - Australian dollar - Monthly - Average of observations through period,1981-12,0.881209,A,,F
M,AU,AUD,A,0,6,A, Exchange rates against USD Australia - Australian dollar - Monthly - Average of observations through period,1982-01,0.896983,A,,F
M,AU,AUD,A,0,6,A, Exchange rates against USD Australia - Australian dollar - Monthly - Average of observations through period,1982-02,0.921784,A,,F
M,AU,AUD,A,0,6,A, Exchange rates against USD Australia - Australian dollar - Monthly - Average of observations through period,1982-03,0.942568,A,,F
M,AU,AUD,A,0,6,A, Exchange rates against USD Australia - Australian dollar - Monthly - Average of observations through period,1982-04,0.95025,A,,F
M,AU,AUD,A,0,6,A, Exchange rates against USD Australia - Australian dollar - Monthly - Average of observations through period,1982-05,0.94322,A,,F
M,AU,AUD,A,0,6,A, Exchange rates against USD Australia - Australian dollar - Monthly - Average of observations through period,1982-06,0.9685,A,,F
M,AU,AUD,A,0,6,A, Exchange rates against USD Australia - Australian dollar - Monthly - Average of observations through period,1982-07,0.988826,A,,F
M,AU,AUD,A,0,6,A, Exchange rates against USD Australia - Australian dollar - Monthly - Average of observations through period,1982-08,1.021572,A,,F
M,AU,AUD,A,0,6,A, Exchange rates against USD Australia - Australian dollar - Monthly - Average of observations through period,1982-09,1.042309,A,,F
M,AU,AUD,A,0,6,A, Exchange rates against USD Australia - Australian dollar - Monthly - Average of observations through period,1982-10,1.058871,A,,F
M,AU,AUD,A,0,6,A, Exchange rates against USD Australia - Australian dollar - Monthly - Average of observations through period,1982-11,1.060869,A,,F
M,AU,AUD,A,0,6,A, Exchange rates against USD Australia - Australian dollar - Monthly - Average of observations through period,1982-12,1.033503,A,,F
M,AU,AUD,A,0,6,A, Exchange rates against USD Australia - Australian dollar - Monthly - Average of observations through period,1983-01,1.017368,A,,F
M,AU,AUD,A,0,6,A, Exchange rates against USD Australia - Australian dollar - Monthly - Average of observations through period,1983-02,1.034371,A,,F
M,AU,AUD,A,0,6,A, Exchange rates against USD Australia - Australian dollar - Monthly - Average of observations through period,1983-03,1.131557,A,,F
M,AU,AUD,A,0,6,A, Exchange rates against USD Australia - Australian dollar - Monthly - Average of observations through period,1983-04,1.151691,A,,F
M,AU,AUD,A,0,6,A, Exchange rates against USD Australia - Australian dollar - Monthly - Average of observations through period,1983-05,1.138462,A,,F
M,AU,AUD,A,0,6,A, Exchange rates against USD Australia - Australian dollar - Monthly - Average of observations through period,1983-06,1.139797,A,,F
M,AU,AUD,A,0,6,A, Exchange rates against USD Australia - Australian dollar - Monthly - Average of observations through period,1983-07,1.142097,A,,F
M,AU,AUD,A,0,6,A, Exchange rates against USD Australia - Australian dollar - Monthly - Average of observations through period,1983-08,1.137191,A,,F
M,AU,AUD,A,0,6,A, Exchange rates against USD Australia - Australian dollar - Monthly - Average of observations through period,1983-09,1.127158,A,,F
M,AU,AUD,A,0,6,A, Exchange rates against USD Australia - Australian dollar - Monthly - Average of observations through period,1983-10,1.094056,A,,F
M,AU,AUD,A,0,6,A, Exchange rates against USD Australia - Australian dollar - Monthly - Average of observations through period,1983-11,1.091545,A,,F
M,AU,AUD,A,0,6,A, Exchange rates against USD Australia - Australian dollar - Monthly - Average of observations through period,1983-12,1.110174,A,,F
M,AU,AUD,A,0,6,A, Exchange rates against USD Australia - Australian dollar - Monthly - Average of observations through period,1984-01,1.103921,A,,F
M,AU,AUD,A,0,6,A, Exchange rates against USD Australia - Australian dollar - Monthly - Average of observations through period,1984-02,1.069927,A,,F
M,AU,AUD,A,0,6,A, Exchange rates against USD Australia - Australian dollar - Monthly - Average of observations through period,1984-03,1.051158,A,,F
M,AU,AUD,A,0,6,A, Exchange rates against USD Australia - Australian dollar - Monthly - Average of observations through period,1984-04,1.082013,A,,F
M,AU,AUD,A,0,6,A, Exchange rates against USD Australia - Australian dollar - Monthly - Average of observations through period,1984-05,1.104174,A,,F
M,AU,AUD,A,0,6,A, Exchange rates against USD Australia - Australian dollar - Monthly - Average of observations through period,1984-06,1.1334,A,,F
M,AU,AUD,A,0,6,A, Exchange rates against USD Australia - Australian dollar - Monthly - Average of observations through period,1984-07,1.197116,A,,F
M,AU,AUD,A,0,6,A, Exchange rates against USD Australia - Australian dollar - Monthly - Average of observations through period,1984-08,1.181078,A,,F
M,AU,AUD,A,0,6,A, Exchange rates against USD Australia - Australian dollar - Monthly - Average of observations through period,1984-09,1.202292,A,,F
M,AU,AUD,A,0,6,A, Exchange rates against USD Australia - Australian dollar - Monthly - Average of observations through period,1984-10,1.195911,A,,F
M,AU,AUD,A,0,6,A, Exchange rates against USD Australia - Australian dollar - Monthly - Average of observations through period,1984-11,1.16418,A,,F
M,AU,AUD,A,0,6,A, Exchange rates against USD Australia - Australian dollar - Monthly - Average of observations through period,1984-12,1.189034,A,,F
M,AU,AUD,A,0,6,A, Exchange rates against USD Australia - Australian dollar - Monthly - Average of observations through period,1985-01,1.225837,A,,F
M,AU,AUD,A,0,6,A, Exchange rates against USD Australia - Australian dollar - Monthly - Average of observations through period,1985-02,1.353815,A,,F
M,AU,AUD,A,0,6,A, Exchange rates against USD Australia - Australian dollar - Monthly - Average of observations through period,1985-03,1.436006,A,,F
M,AU,AUD,A,0,6,A, Exchange rates against USD Australia - Australian dollar - Monthly - Average of observations through period,1985-04,1.515799,A,,F
M,AU,AUD,A,0,6,A, Exchange rates against USD Australia - Australian dollar - Monthly - Average of observations through period,1985-05,1.475754,A,,F
M,AU,AUD,A,0,6,A, Exchange rates against USD Australia - Australian dollar - Monthly - Average of observations through period,1985-06,1.501706,A,,F
M,AU,AUD,A,0,6,A, Exchange rates against USD Australia - Australian dollar - Monthly - Average of observations through period,1985-07,1.431393,A,,F
M,AU,AUD,A,0,6,A, Exchange rates against USD Australia - Australian dollar - Monthly - Average of observations through period,1985-08,1.412487,A,,F
M,AU,AUD,A,0,6,A, Exchange rates against USD Australia - Australian dollar - Monthly - Average of observations through period,1985-09,1.450082,A,,F
M,AU,AUD,A,0,6,A, Exchange rates against USD Australia - Australian dollar - Monthly - Average of observations through period,1985-10,1.42335,A,,F
M,AU,AUD,A,0,6,A, Exchange rates against USD Australia - Australian dollar - Monthly - Average of observations through period,1985-11,1.476071,A,,F
M,AU,AUD,A,0,6,A, Exchange rates against USD Australia - Australian dollar - Monthly - Average of observations through period,1985-12,1.468713,A,,F
M,AU,AUD,A,0,6,A, Exchange rates against USD Australia - Australian dollar - Monthly - Average of observations through period,1986-01,1.429823,A,,F
M,AU,AUD,A,0,6,A, Exchange rates against USD Australia - Australian dollar - Monthly - Average of observations through period,1986-02,1.429168,A,,F
M,AU,AUD,A,0,6,A, Exchange rates against USD Australia - Australian dollar - Monthly - Average of observations through period,1986-03,1.41314,A,,F
M,AU,AUD,A,0,6,A, Exchange rates against USD Australia - Australian dollar - Monthly - Average of observations through period,1986-04,1.383332,A,,F
M,AU,AUD,A,0,6,A, Exchange rates against USD Australia - Australian dollar - Monthly - Average of observations through period,1986-05,1.378196,A,,F
M,AU,AUD,A,0,6,A, Exchange rates against USD Australia - Australian dollar - Monthly - Average of observations through period,1986-06,1.450641,A,,F
M,AU,AUD,A,0,6,A, Exchange rates against USD Australia - Australian dollar - Monthly - Average of observations through period,1986-07,1.588432,A,,F
M,AU,AUD,A,0,6,A, Exchange rates against USD Australia - Australian dollar - Monthly - Average of observations through period,1986-08,1.633038,A,,F
M,AU,AUD,A,0,6,A, Exchange rates against USD Australia - Australian dollar - Monthly - Average of observations through period,1986-09,1.609186,A,,F
M,AU,AUD,A,0,6,A, Exchange rates against USD Australia - Australian dollar - Monthly - Average of observations through period,1986-10,1.566135,A,,F
M,AU,AUD,A,0,6,A, Exchange rates against USD Australia - Australian dollar - Monthly - Average of observations through period,1986-11,1.549794,A,,F
M,AU,AUD,A,0,6,A, Exchange rates against USD Australia - Australian dollar - Monthly - Average of observations through period,1986-12,1.516024,A,,F
M,AU,AUD,A,0,6,A, Exchange rates against USD Australia - Australian dollar - Monthly - Average of observations through period,1987-01,1.513763,A,,F
M,AU,AUD,A,0,6,A, Exchange rates against USD Australia - Australian dollar - Monthly - Average of observations through period,1987-02,1.498445,A,,F
M,AU,AUD,A,0,6,A, Exchange rates against USD Australia - Australian dollar - Monthly - Average of observations through period,1987-03,1.455403,A,,F
M,AU,AUD,A,0,6,A, Exchange rates against USD Australia - Australian dollar - Monthly - Average of observations through period,1987-04,1.405209,A,,F
M,AU,AUD,A,0,6,A, Exchange rates against USD Australia - Australian dollar - Monthly - Average of observations through period,1987-05,1.398552,A,,F
M,AU,AUD,A,0,6,A, Exchange rates against USD Australia - Australian dollar - Monthly - Average of observations through period,1987-06,1.392961,A,,F
M,AU,AUD,A,0,6,A, Exchange rates against USD Australia - Australian dollar - Monthly - Average of observations through period,1987-07,1.411433,A,,F
M,AU,AUD,A,0,6,A, Exchange rates against USD Australia - Australian dollar - Monthly - Average of observations through period,1987-08,1.414118,A,,F
M,AU,AUD,A,0,6,A, Exchange rates against USD Australia - Australian dollar - Monthly - Average of observations through period,1987-09,1.375328,A,,F
M,AU,AUD,A,0,6,A, Exchange rates against USD Australia - Australian dollar - Monthly - Average of observations through period,1987-10,1.40214,A,,F
M,AU,AUD,A,0,6,A, Exchange rates against USD Australia - Australian dollar - Monthly - Average of observations through period,1987-11,1.456941,A,,F
M,AU,AUD,A,0,6,A, Exchange rates against USD Australia - Australian dollar - Monthly - Average of observations through period,1987-12,1.407149,A,,F
M,AU,AUD,A,0,6,A, Exchange rates against USD Australia - Australian dollar - Monthly - Average of observations through period,1988-01,1.404968,A,,F
M,AU,AUD,A,0,6,A, Exchange rates against USD Australia - Australian dollar - Monthly - Average of observations through period,1988-02,1.401204,A,,F
M,AU,AUD,A,0,6,A, Exchange rates against USD Australia - Australian dollar - Monthly - Average of observations through period,1988-03,1.364844,A,,F
M,AU,AUD,A,0,6,A, Exchange rates against USD Australia - Australian dollar - Monthly - Average of observations through period,1988-04,1.336319,A,,F
M,AU,AUD,A,0,6,A, Exchange rates against USD Australia - Australian dollar - Monthly - Average of observations through period,1988-05,1.284002,A,,F
M,AU,AUD,A,0,6,A, Exchange rates against USD Australia - Australian dollar - Monthly - Average of observations through period,1988-06,1.237912,A,,F
M,AU,AUD,A,0,6,A, Exchange rates against USD Australia - Australian dollar - Monthly - Average of observations through period,1988-07,1.250677,A,,F
M,AU,AUD,A,0,6,A, Exchange rates against USD Australia - Australian dollar - Monthly - Average of observations through period,1988-08,1.240516,A,,F
M,AU,AUD,A,0,6,A, Exchange rates against USD Australia - Australian dollar - Monthly - Average of observations through period,1988-09,1.261692,A,,F
M,AU,AUD,A,0,6,A, Exchange rates against USD Australia - Australian dollar - Monthly - Average of observations through period,1988-10,1.235477,A,,F
M,AU,AUD,A,0,6,A, Exchange rates against USD Australia - Australian dollar - Monthly - Average of observations through period,1988-11,1.1759,A,,F
M,AU,AUD,A,0,6,A, Exchange rates against USD Australia - Australian dollar - Monthly - Average of observations through period,1988-12,1.162758,A,,F
M,AU,AUD,A,0,6,A, Exchange rates against USD Australia - Australian dollar - Monthly - Average of observations through period,1989-01,1.149202,A,,F
M,AU,AUD,A,0,6,A, Exchange rates against USD Australia - Australian dollar - Monthly - Average of observations through period,1989-02,1.169587,A,,F
M,AU,AUD,A,0,6,A, Exchange rates against USD Australia - Australian dollar - Monthly - Average of observations through period,1989-03,1.226171,A,,F
M,AU,AUD,A,0,6,A, Exchange rates against USD Australia - Australian dollar - Monthly - Average of observations through period,1989-04,1.243474,A,,F
M,AU,AUD,A,0,6,A, Exchange rates against USD Australia - Australian dollar - Monthly - Average of observations through period,1989-05,1.299135,A,,F
M,AU,AUD,A,0,6,A, Exchange rates against USD Australia - Australian dollar - Monthly - Average of observations through period,1989-06,1.323763,A,,F
M,AU,AUD,A,0,6,A, Exchange rates against USD Australia - Australian dollar - Monthly - Average of observations through period,1989-07,1.32064,A,,F
M,AU,AUD,A,0,6,A, Exchange rates against USD Australia - Australian dollar - Monthly - Average of observations through period,1989-08,1.310908,A,,F
M,AU,AUD,A,0,6,A, Exchange rates against USD Australia - Australian dollar - Monthly - Average of observations through period,1989-09,1.294045,A,,F
M,AU,AUD,A,0,6,A, Exchange rates against USD Australia - Australian dollar - Monthly - Average of observations through period,1989-10,1.290792,A,,F
M,AU,AUD,A,0,6,A, Exchange rates against USD Australia - Australian dollar - Monthly - Average of observations through period,1989-11,1.276901,A,,F
M,AU,AUD,A,0,6,A, Exchange rates against USD Australia - Australian dollar - Monthly - Average of observations through period,1989-12,1.2726,A,,F
M,AU,AUD,A,0,6,A, Exchange rates against USD Australia - Australian dollar - Monthly - Average of observations through period,1990-01,1.278625,A,,F
M,AU,AUD,A,0,6,A, Exchange rates against USD Australia - Australian dollar - Monthly - Average of observations through period,1990-02,1.317818,A,,F
M,AU,AUD,A,0,6,A, Exchange rates against USD Australia - Australian dollar - Monthly - Average of observations through period,1990-03,1.32385,A,,F
M,AU,AUD,A,0,6,A, Exchange rates against USD Australia - Australian dollar - Monthly - Average of observations through period,1990-04,1.309257,A,,F
M,AU,AUD,A,0,6,A, Exchange rates against USD Australia - Australian dollar - Monthly - Average of observations through period,1990-05,1.312222,A,,F
M,AU,AUD,A,0,6,A, Exchange rates against USD Australia - Australian dollar - Monthly - Average of observations through period,1990-06,1.284264,A,,F
M,AU,AUD,A,0,6,A, Exchange rates against USD Australia - Australian dollar - Monthly - Average of observations through period,1990-07,1.261977,A,,F
M,AU,AUD,A,0,6,A, Exchange rates against USD Australia - Australian dollar - Monthly - Average of observations through period,1990-08,1.237175,A,,F
M,AU,AUD,A,0,6,A, Exchange rates against USD Australia - Australian dollar - Monthly - Average of observations through period,1990-09,1.212481,A,,F
M,AU,AUD,A,0,6,A, Exchange rates against USD Australia - Australian dollar - Monthly - Average of observations through period,1990-10,1.247116,A,,F
M,AU,AUD,A,0,6,A, Exchange rates against USD Australia - Australian dollar - Monthly - Average of observations through period,1990-11,1.292367,A,,F
M,AU,AUD,A,0,6,A, Exchange rates against USD Australia - Australian dollar - Monthly - Average of observations through period,1990-12,1.299929,A,,F
M,AU,AUD,A,0,6,A, Exchange rates against USD Australia - Australian dollar - Monthly - Average of observations through period,1991-01,1.283476,A,,F
M,AU,AUD,A,0,6,A, Exchange rates against USD Australia - Australian dollar - Monthly - Average of observations through period,1991-02,1.275967,A,,F
M,AU,AUD,A,0,6,A, Exchange rates against USD Australia - Australian dollar - Monthly - Average of observations through period,1991-03,1.295981,A,,F
M,AU,AUD,A,0,6,A, Exchange rates against USD Australia - Australian dollar - Monthly - Average of observations through period,1991-04,1.283569,A,,F
M,AU,AUD,A,0,6,A, Exchange rates against USD Australia - Australian dollar - Monthly - Average of observations through period,1991-05,1.293954,A,,F
M,AU,AUD,A,0,6,A, Exchange rates against USD Australia - Australian dollar - Monthly - Average of observations through period,1991-06,1.316535,A,,F
M,AU,AUD,A,0,6,A, Exchange rates against USD Australia - Australian dollar - Monthly - Average of observations through period,1991-07,1.296532,A,,F
M,AU,AUD,A,0,6,A, Exchange rates against USD Australia - Australian dollar - Monthly - Average of observations through period,1991-08,1.27804,A,,F
M,AU,AUD,A,0,6,A, Exchange rates against USD Australia - Australian dollar - Monthly - Average of observations through period,1991-09,1.261137,A,,F
M,AU,AUD,A,0,6,A, Exchange rates against USD Australia - Australian dollar - Monthly - Average of observations through period,1991-10,1.261289,A,,F
M,AU,AUD,A,0,6,A, Exchange rates against USD Australia - Australian dollar - Monthly - Average of observations through period,1991-11,1.271388,A,,F
M,AU,AUD,A,0,6,A, Exchange rates against USD Australia - Australian dollar - Monthly - Average of observations through period,1991-12,1.295851,A,,F
M,AU,AUD,A,0,6,A, Exchange rates against USD Australia - Australian dollar - Monthly - Average of observations through period,1992-01,1.337477,A,,F
M,AU,AUD,A,0,6,A, Exchange rates against USD Australia - Australian dollar - Monthly - Average of observations through period,1992-02,1.330522,A,,F
M,AU,AUD,A,0,6,A, Exchange rates against USD Australia - Australian dollar - Monthly - Average of observations through period,1992-03,1.318375,A,,F
M,AU,AUD,A,0,6,A, Exchange rates against USD Australia - Australian dollar - Monthly - Average of observations through period,1992-04,1.31155,A,,F
M,AU,AUD,A,0,6,A, Exchange rates against USD Australia - Australian dollar - Monthly - Average of observations through period,1992-05,1.322833,A,,F
M,AU,AUD,A,0,6,A, Exchange rates against USD Australia - Australian dollar - Monthly - Average of observations through period,1992-06,1.32349,A,,F
M,AU,AUD,A,0,6,A, Exchange rates against USD Australia - Australian dollar - Monthly - Average of observations through period,1992-07,1.342082,A,,F
M,AU,AUD,A,0,6,A, Exchange rates against USD Australia - Australian dollar - Monthly - Average of observations through period,1992-08,1.379971,A,,F
M,AU,AUD,A,0,6,A, Exchange rates against USD Australia - Australian dollar - Monthly - Average of observations through period,1992-09,1.384038,A,,F
M,AU,AUD,A,0,6,A, Exchange rates against USD Australia - Australian dollar - Monthly - Average of observations through period,1992-10,1.397866,A,,F
M,AU,AUD,A,0,6,A, Exchange rates against USD Australia - Australian dollar - Monthly - Average of observations through period,1992-11,1.449603,A,,F
M,AU,AUD,A,0,6,A, Exchange rates against USD Australia - Australian dollar - Monthly - Average of observations through period,1992-12,1.450042,A,,F
M,AU,AUD,A,0,6,A, Exchange rates against USD Australia - Australian dollar - Monthly - Average of observations through period,1993-01,1.484072,A,,F
M,AU,AUD,A,0,6,A, Exchange rates against USD Australia - Australian dollar - Monthly - Average of observations through period,1993-02,1.467334,A,,F
M,AU,AUD,A,0,6,A, Exchange rates against USD Australia - Australian dollar - Monthly - Average of observations through period,1993-03,1.412369,A,,F
M,AU,AUD,A,0,6,A, Exchange rates against USD Australia - Australian dollar - Monthly - Average of observations through period,1993-04,1.404124,A,,F
M,AU,AUD,A,0,6,A, Exchange rates against USD Australia - Australian dollar - Monthly - Average of observations through period,1993-05,1.431231,A,,F
M,AU,AUD,A,0,6,A, Exchange rates against USD Australia - Australian dollar - Monthly - Average of observations through period,1993-06,1.481442,A,,F
M,AU,AUD,A,0,6,A, Exchange rates against USD Australia - Australian dollar - Monthly - Average of observations through period,1993-07,1.475807,A,,F
M,AU,AUD,A,0,6,A, Exchange rates against USD Australia - Australian dollar - Monthly - Average of observations through period,1993-08,1.4748,A,,F
M,AU,AUD,A,0,6,A, Exchange rates against USD Australia - Australian dollar - Monthly - Average of observations through period,1993-09,1.533952,A,,F
M,AU,AUD,A,0,6,A, Exchange rates against USD Australia - Australian dollar - Monthly - Average of observations through period,1993-10,1.511623,A,,F
M,AU,AUD,A,0,6,A, Exchange rates against USD Australia - Australian dollar - Monthly - Average of observations through period,1993-11,1.503883,A,,F
M,AU,AUD,A,0,6,A, Exchange rates against USD Australia - Australian dollar - Monthly - Average of observations through period,1993-12,1.485016,A,,F
M,AU,AUD,A,0,6,A, Exchange rates against USD Australia - Australian dollar - Monthly - Average of observations through period,1994-01,1.437092,A,,F
M,AU,AUD,A,0,6,A, Exchange rates against USD Australia - Australian dollar - Monthly - Average of observations through period,1994-02,1.396429,A,,F
M,AU,AUD,A,0,6,A, Exchange rates against USD Australia - Australian dollar - Monthly - Average of observations through period,1994-03,1.405884,A,,F
M,AU,AUD,A,0,6,A, Exchange rates against USD Australia - Australian dollar - Monthly - Average of observations through period,1994-04,1.396459,A,,F
M,AU,AUD,A,0,6,A, Exchange rates against USD Australia - Australian dollar - Monthly - Average of observations through period,1994-05,1.379985,A,,F
M,AU,AUD,A,0,6,A, Exchange rates against USD Australia - Australian dollar - Monthly - Average of observations through period,1994-06,1.362995,A,,F
M,AU,AUD,A,0,6,A, Exchange rates against USD Australia - Australian dollar - Monthly - Average of observations through period,1994-07,1.361506,A,,F
M,AU,AUD,A,0,6,A, Exchange rates against USD Australia - Australian dollar - Monthly - Average of observations through period,1994-08,1.350762,A,,F
M,AU,AUD,A,0,6,A, Exchange rates against USD Australia - Australian dollar - Monthly - Average of observations through period,1994-09,1.348533,A,,F
M,AU,AUD,A,0,6,A, Exchange rates against USD Australia - Australian dollar - Monthly - Average of observations through period,1994-10,1.354835,A,,F
M,AU,AUD,A,0,6,A, Exchange rates against USD Australia - Australian dollar - Monthly - Average of observations through period,1994-11,1.325293,A,,F
M,AU,AUD,A,0,6,A, Exchange rates against USD Australia - Australian dollar - Monthly - Average of observations through period,1994-12,1.29104,A,,F
M,AU,AUD,A,0,6,A, Exchange rates against USD Australia - Australian dollar - Monthly - Average of observations through period,1995-01,1.306665,A,,F
M,AU,AUD,A,0,6,A, Exchange rates against USD Australia - Australian dollar - Monthly - Average of observations through period,1995-02,1.343608,A,,F
M,AU,AUD,A,0,6,A, Exchange rates against USD Australia - Australian dollar - Monthly - Average of observations through period,1995-03,1.361054,A,,F
M,AU,AUD,A,0,6,A, Exchange rates against USD Australia - Australian dollar - Monthly - Average of observations through period,1995-04,1.358825,A,,F
M,AU,AUD,A,0,6,A, Exchange rates against USD Australia - Australian dollar - Monthly - Average of observations through period,1995-05,1.373415,A,,F
M,AU,AUD,A,0,6,A, Exchange rates against USD Australia - Australian dollar - Monthly - Average of observations through period,1995-06,1.388733,A,,F
M,AU,AUD,A,0,6,A, Exchange rates against USD Australia - Australian dollar - Monthly - Average of observations through period,1995-07,1.376464,A,,F
M,AU,AUD,A,0,6,A, Exchange rates against USD Australia - Australian dollar - Monthly - Average of observations through period,1995-08,1.348329,A,,F
M,AU,AUD,A,0,6,A, Exchange rates against USD Australia - Australian dollar - Monthly - Average of observations through period,1995-09,1.325778,A,,F
M,AU,AUD,A,0,6,A, Exchange rates against USD Australia - Australian dollar - Monthly - Average of observations through period,1995-10,1.320018,A,,F
M,AU,AUD,A,0,6,A, Exchange rates against USD Australia - Australian dollar - Monthly - Average of observations through period,1995-11,1.341665,A,,F
M,AU,AUD,A,0,6,A, Exchange rates against USD Australia - Australian dollar - Monthly - Average of observations through period,1995-12,1.349333,A,,F
M,AU,AUD,A,0,6,A, Exchange rates against USD Australia - Australian dollar - Monthly - Average of observations through period,1996-01,1.348737,A,,F
M,AU,AUD,A,0,6,A, Exchange rates against USD Australia - Australian dollar - Monthly - Average of observations through period,1996-02,1.323591,A,,F
M,AU,AUD,A,0,6,A, Exchange rates against USD Australia - Australian dollar - Monthly - Average of observations through period,1996-03,1.296627,A,,F
M,AU,AUD,A,0,6,A, Exchange rates against USD Australia - Australian dollar - Monthly - Average of observations through period,1996-04,1.271571,A,,F
M,AU,AUD,A,0,6,A, Exchange rates against USD Australia - Australian dollar - Monthly - Average of observations through period,1996-05,1.253979,A,,F
M,AU,AUD,A,0,6,A, Exchange rates against USD Australia - Australian dollar - Monthly - Average of observations through period,1996-06,1.263333,A,,F
M,AU,AUD,A,0,6,A, Exchange rates against USD Australia - Australian dollar - Monthly - Average of observations through period,1996-07,1.266893,A,,F
M,AU,AUD,A,0,6,A, Exchange rates against USD Australia - Australian dollar - Monthly - Average of observations through period,1996-08,1.276846,A,,F
M,AU,AUD,A,0,6,A, Exchange rates against USD Australia - Australian dollar - Monthly - Average of observations through period,1996-09,1.260896,A,,F
M,AU,AUD,A,0,6,A, Exchange rates against USD Australia - Australian dollar - Monthly - Average of observations through period,1996-10,1.262903,A,,F
M,AU,AUD,A,0,6,A, Exchange rates against USD Australia - Australian dollar - Monthly - Average of observations through period,1996-11,1.255428,A,,F
M,AU,AUD,A,0,6,A, Exchange rates against USD Australia - Australian dollar - Monthly - Average of observations through period,1996-12,1.254176,A,,F
M,AU,AUD,A,0,6,A, Exchange rates against USD Australia - Australian dollar - Monthly - Average of observations through period,1997-01,1.286083,A,,F
M,AU,AUD,A,0,6,A, Exchange rates against USD Australia - Australian dollar - Monthly - Average of observations through period,1997-02,1.302606,A,,F
M,AU,AUD,A,0,6,A, Exchange rates against USD Australia - Australian dollar - Monthly - Average of observations through period,1997-03,1.268472,A,,F
M,AU,AUD,A,0,6,A, Exchange rates against USD Australia - Australian dollar - Monthly - Average of observations through period,1997-04,1.283613,A,,F
M,AU,AUD,A,0,6,A, Exchange rates against USD Australia - Australian dollar - Monthly - Average of observations through period,1997-05,1.292507,A,,F
M,AU,AUD,A,0,6,A, Exchange rates against USD Australia - Australian dollar - Monthly - Average of observations through period,1997-06,1.326432,A,,F
M,AU,AUD,A,0,6,A, Exchange rates against USD Australia - Australian dollar - Monthly - Average of observations through period,1997-07,1.3476,A,,F
M,AU,AUD,A,0,6,A, Exchange rates against USD Australia - Australian dollar - Monthly - Average of observations through period,1997-08,1.349161,A,,F
M,AU,AUD,A,0,6,A, Exchange rates against USD Australia - Australian dollar - Monthly - Average of observations through period,1997-09,1.381291,A,,F
M,AU,AUD,A,0,6,A, Exchange rates against USD Australia - Australian dollar - Monthly - Average of observations through period,1997-10,1.387054,A,,F
M,AU,AUD,A,0,6,A, Exchange rates against USD Australia - Australian dollar - Monthly - Average of observations through period,1997-11,1.439745,A,,F
M,AU,AUD,A,0,6,A, Exchange rates against USD Australia - Australian dollar - Monthly - Average of observations through period,1997-12,1.508632,A,,F
M,AU,AUD,A,0,6,A, Exchange rates against USD Australia - Australian dollar - Monthly - Average of observations through period,1998-01,1.522528,A,,F
M,AU,AUD,A,0,6,A, Exchange rates against USD Australia - Australian dollar - Monthly - Average of observations through period,1998-02,1.483334,A,,F
M,AU,AUD,A,0,6,A, Exchange rates against USD Australia - Australian dollar - Monthly - Average of observations through period,1998-03,1.492901,A,,F
M,AU,AUD,A,0,6,A, Exchange rates against USD Australia - Australian dollar - Monthly - Average of observations through period,1998-04,1.533038,A,,F
M,AU,AUD,A,0,6,A, Exchange rates against USD Australia - Australian dollar - Monthly - Average of observations through period,1998-05,1.588558,A,,F
M,AU,AUD,A,0,6,A, Exchange rates against USD Australia - Australian dollar - Monthly - Average of observations through period,1998-06,1.656417,A,,F
M,AU,AUD,A,0,6,A, Exchange rates against USD Australia - Australian dollar - Monthly - Average of observations through period,1998-07,1.617876,A,,F
M,AU,AUD,A,0,6,A, Exchange rates against USD Australia - Australian dollar - Monthly - Average of observations through period,1998-08,1.696079,A,,F
M,AU,AUD,A,0,6,A, Exchange rates against USD Australia - Australian dollar - Monthly - Average of observations through period,1998-09,1.700251,A,,F
M,AU,AUD,A,0,6,A, Exchange rates against USD Australia - Australian dollar - Monthly - Average of observations through period,1998-10,1.618228,A,,F
M,AU,AUD,A,0,6,A, Exchange rates against USD Australia - Australian dollar - Monthly - Average of observations through period,1998-11,1.574976,A,,F
M,AU,AUD,A,0,6,A, Exchange rates against USD Australia - Australian dollar - Monthly - Average of observations through period,1998-12,1.615275,A,,F
M,AU,AUD,A,0,6,A, Exchange rates against USD Australia - Australian dollar - Monthly - Average of observations through period,1999-01,1.583998,A,,F
M,AU,AUD,A,0,6,A, Exchange rates against USD Australia - Australian dollar - Monthly - Average of observations through period,1999-02,1.562868,A,,F
M,AU,AUD,A,0,6,A, Exchange rates against USD Australia - Australian dollar - Monthly - Average of observations through period,1999-03,1.585962,A,,F
M,AU,AUD,A,0,6,A, Exchange rates against USD Australia - Australian dollar - Monthly - Average of observations through period,1999-04,1.558405,A,,F
M,AU,AUD,A,0,6,A, Exchange rates against USD Australia - Australian dollar - Monthly - Average of observations through period,1999-05,1.509875,A,,F
M,AU,AUD,A,0,6,A, Exchange rates against USD Australia - Australian dollar - Monthly - Average of observations through period,1999-06,1.522993,A,,F
M,AU,AUD,A,0,6,A, Exchange rates against USD Australia - Australian dollar - Monthly - Average of observations through period,1999-07,1.521762,A,,F
M,AU,AUD,A,0,6,A, Exchange rates against USD Australia - Australian dollar - Monthly - Average of observations through period,1999-08,1.551618,A,,F
M,AU,AUD,A,0,6,A, Exchange rates against USD Australia - Australian dollar - Monthly - Average of observations through period,1999-09,1.541345,A,,F
M,AU,AUD,A,0,6,A, Exchange rates against USD Australia - Australian dollar - Monthly - Average of observations through period,1999-10,1.53311,A,,F
M,AU,AUD,A,0,6,A, Exchange rates against USD Australia - Australian dollar - Monthly - Average of observations through period,1999-11,1.564973,A,,F
M,AU,AUD,A,0,6,A, Exchange rates against USD Australia - Australian dollar - Monthly - Average of observations through period,1999-12,1.562582,A,,F
M,AU,AUD,A,0,6,A, Exchange rates against USD Australia - Australian dollar - Monthly - Average of observations through period,2000-01,1.521435,A,,F
M,AU,AUD,A,0,6,A, Exchange rates against USD Australia - Australian dollar - Monthly - Average of observations through period,2000-02,1.590617,A,,F
M,AU,AUD,A,0,6,A, Exchange rates against USD Australia - Australian dollar - Monthly - Average of observations through period,2000-03,1.641265,A,,F
M,AU,AUD,A,0,6,A, Exchange rates against USD Australia - Australian dollar - Monthly - Average of observations through period,2000-04,1.677002,A,,F
M,AU,AUD,A,0,6,A, Exchange rates against USD Australia - Australian dollar - Monthly - Average of observations through period,2000-05,1.733249,A,,F
M,AU,AUD,A,0,6,A, Exchange rates against USD Australia - Australian dollar - Monthly - Average of observations through period,2000-06,1.682372,A,,F
M,AU,AUD,A,0,6,A, Exchange rates against USD Australia - Australian dollar - Monthly - Average of observations through period,2000-07,1.700538,A,,F
M,AU,AUD,A,0,6,A, Exchange rates against USD Australia - Australian dollar - Monthly - Average of observations through period,2000-08,1.722853,A,,F
M,AU,AUD,A,0,6,A, Exchange rates against USD Australia - Australian dollar - Monthly - Average of observations through period,2000-09,1.80624,A,,F
M,AU,AUD,A,0,6,A, Exchange rates against USD Australia - Australian dollar - Monthly - Average of observations through period,2000-10,1.892044,A,,F
M,AU,AUD,A,0,6,A, Exchange rates against USD Australia - Australian dollar - Monthly - Average of observations through period,2000-11,1.91359,A,,F
M,AU,AUD,A,0,6,A, Exchange rates against USD Australia - Australian dollar - Monthly - Average of observations through period,2000-12,1.830548,A,,F
M,AU,AUD,A,0,6,A, Exchange rates against USD Australia - Australian dollar - Monthly - Average of observations through period,2001-01,1.800531,A,,F
M,AU,AUD,A,0,6,A, Exchange rates against USD Australia - Australian dollar - Monthly - Average of observations through period,2001-02,1.870508,A,,F
M,AU,AUD,A,0,6,A, Exchange rates against USD Australia - Australian dollar - Monthly - Average of observations through period,2001-03,1.987795,A,,F
M,AU,AUD,A,0,6,A, Exchange rates against USD Australia - Australian dollar - Monthly - Average of observations through period,2001-04,2.000876,A,,F
M,AU,AUD,A,0,6,A, Exchange rates against USD Australia - Australian dollar - Monthly - Average of observations through period,2001-05,1.923429,A,,F
M,AU,AUD,A,0,6,A, Exchange rates against USD Australia - Australian dollar - Monthly - Average of observations through period,2001-06,1.930431,A,,F
M,AU,AUD,A,0,6,A, Exchange rates against USD Australia - Australian dollar - Monthly - Average of observations through period,2001-07,1.96233,A,,F
M,AU,AUD,A,0,6,A, Exchange rates against USD Australia - Australian dollar - Monthly - Average of observations through period,2001-08,1.907107,A,,F
M,AU,AUD,A,0,6,A, Exchange rates against USD Australia - Australian dollar - Monthly - Average of observations through period,2001-09,1.978992,A,,F
M,AU,AUD,A,0,6,A, Exchange rates against USD Australia - Australian dollar - Monthly - Average of observations through period,2001-10,1.98205,A,,F
M,AU,AUD,A,0,6,A, Exchange rates against USD Australia - Australian dollar - Monthly - Average of observations through period,2001-11,1.932968,A,,F
M,AU,AUD,A,0,6,A, Exchange rates against USD Australia - Australian dollar - Monthly - Average of observations through period,2001-12,1.944108,A,,F
M,AU,AUD,A,0,6,A, Exchange rates against USD Australia - Australian dollar - Monthly - Average of observations through period,2002-01,1.935346,A,,F
M,AU,AUD,A,0,6,A, Exchange rates against USD Australia - Australian dollar - Monthly - Average of observations through period,2002-02,1.949735,A,,F
M,AU,AUD,A,0,6,A, Exchange rates against USD Australia - Australian dollar - Monthly - Average of observations through period,2002-03,1.906286,A,,F
M,AU,AUD,A,0,6,A, Exchange rates against USD Australia - Australian dollar - Monthly - Average of observations through period,2002-04,1.866974,A,,F
M,AU,AUD,A,0,6,A, Exchange rates against USD Australia - Australian dollar - Monthly - Average of observations through period,2002-05,1.81728,A,,F
M,AU,AUD,A,0,6,A, Exchange rates against USD Australia - Australian dollar - Monthly - Average of observations through period,2002-06,1.757588,A,,F
M,AU,AUD,A,0,6,A, Exchange rates against USD Australia - Australian dollar - Monthly - Average of observations through period,2002-07,1.806297,A,,F
M,AU,AUD,A,0,6,A, Exchange rates against USD Australia - Australian dollar - Monthly - Average of observations through period,2002-08,1.845641,A,,F
M,AU,AUD,A,0,6,A, Exchange rates against USD Australia - Australian dollar - Monthly - Average of observations through period,2002-09,1.827758,A,,F
M,AU,AUD,A,0,6,A, Exchange rates against USD Australia - Australian dollar - Monthly - Average of observations through period,2002-10,1.817369,A,,F
M,AU,AUD,A,0,6,A, Exchange rates against USD Australia - Australian dollar - Monthly - Average of observations through period,2002-11,1.782332,A,,F
M,AU,AUD,A,0,6,A, Exchange rates against USD Australia - Australian dollar - Monthly - Average of observations through period,2002-12,1.775269,A,,F
M,AU,AUD,A,0,6,A, Exchange rates against USD Australia - Australian dollar - Monthly - Average of observations through period,2003-01,1.715489,A,,F
M,AU,AUD,A,0,6,A, Exchange rates against USD Australia - Australian dollar - Monthly - Average of observations through period,2003-02,1.681255,A,,F
M,AU,AUD,A,0,6,A, Exchange rates against USD Australia - Australian dollar - Monthly - Average of observations through period,2003-03,1.661299,A,,F
M,AU,AUD,A,0,6,A, Exchange rates against USD Australia - Australian dollar - Monthly - Average of observations through period,2003-04,1.642399,A,,F
M,AU,AUD,A,0,6,A, Exchange rates against USD Australia - Australian dollar - Monthly - Average of observations through period,2003-05,1.542849,A,,F
M,AU,AUD,A,0,6,A, Exchange rates against USD Australia - Australian dollar - Monthly - Average of observations through period,2003-06,1.504943,A,,F
M,AU,AUD,A,0,6,A, Exchange rates against USD Australia - Australian dollar - Monthly - Average of observations through period,2003-07,1.511229,A,,F
M,AU,AUD,A,0,6,A, Exchange rates against USD Australia - Australian dollar - Monthly - Average of observations through period,2003-08,1.536541,A,,F
M,AU,AUD,A,0,6,A, Exchange rates against USD Australia - Australian dollar - Monthly - Average of observations through period,2003-09,1.5127,A,,F
M,AU,AUD,A,0,6,A, Exchange rates against USD Australia - Australian dollar - Monthly - Average of observations through period,2003-10,1.442636,A,,F
M,AU,AUD,A,0,6,A, Exchange rates against USD Australia - Australian dollar - Monthly - Average of observations through period,2003-11,1.396282,A,,F
M,AU,AUD,A,0,6,A, Exchange rates against USD Australia - Australian dollar - Monthly - Average of observations through period,2003-12,1.353432,A,,F
M,AU,AUD,A,0,6,A, Exchange rates against USD Australia - Australian dollar - Monthly - Average of observations through period,2004-01,1.298274,A,,F
M,AU,AUD,A,0,6,A, Exchange rates against USD Australia - Australian dollar - Monthly - Average of observations through period,2004-02,1.285879,A,,F
M,AU,AUD,A,0,6,A, Exchange rates against USD Australia - Australian dollar - Monthly - Average of observations through period,2004-03,1.335097,A,,F
M,AU,AUD,A,0,6,A, Exchange rates against USD Australia - Australian dollar - Monthly - Average of observations through period,2004-04,1.347027,A,,F
M,AU,AUD,A,0,6,A, Exchange rates against USD Australia - Australian dollar - Monthly - Average of observations through period,2004-05,1.418766,A,,F
M,AU,AUD,A,0,6,A, Exchange rates against USD Australia - Australian dollar - Monthly - Average of observations through period,2004-06,1.440422,A,,F
M,AU,AUD,A,0,6,A, Exchange rates against USD Australia - Australian dollar - Monthly - Average of observations through period,2004-07,1.397186,A,,F
M,AU,AUD,A,0,6,A, Exchange rates against USD Australia - Australian dollar - Monthly - Average of observations through period,2004-08,1.408404,A,,F
M,AU,AUD,A,0,6,A, Exchange rates against USD Australia - Australian dollar - Monthly - Average of observations through period,2004-09,1.423944,A,,F
M,AU,AUD,A,0,6,A, Exchange rates against USD Australia - Australian dollar - Monthly - Average of observations through period,2004-10,1.365308,A,,F
M,AU,AUD,A,0,6,A, Exchange rates against USD Australia - Australian dollar - Monthly - Average of observations through period,2004-11,1.298552,A,,F
M,AU,AUD,A,0,6,A, Exchange rates against USD Australia - Australian dollar - Monthly - Average of observations through period,2004-12,1.302496,A,,F
M,AU,AUD,A,0,6,A, Exchange rates against USD Australia - Australian dollar - Monthly - Average of observations through period,2005-01,1.307015,A,,F
M,AU,AUD,A,0,6,A, Exchange rates against USD Australia - Australian dollar - Monthly - Average of observations through period,2005-02,1.281025,A,,F
M,AU,AUD,A,0,6,A, Exchange rates against USD Australia - Australian dollar - Monthly - Average of observations through period,2005-03,1.273266,A,,F
M,AU,AUD,A,0,6,A, Exchange rates against USD Australia - Australian dollar - Monthly - Average of observations through period,2005-04,1.293726,A,,F
M,AU,AUD,A,0,6,A, Exchange rates against USD Australia - Australian dollar - Monthly - Average of observations through period,2005-05,1.305576,A,,F
M,AU,AUD,A,0,6,A, Exchange rates against USD Australia - Australian dollar - Monthly - Average of observations through period,2005-06,1.304937,A,,F
M,AU,AUD,A,0,6,A, Exchange rates against USD Australia - Australian dollar - Monthly - Average of observations through period,2005-07,1.329451,A,,F
M,AU,AUD,A,0,6,A, Exchange rates against USD Australia - Australian dollar - Monthly - Average of observations through period,2005-08,1.313411,A,,F
M,AU,AUD,A,0,6,A, Exchange rates against USD Australia - Australian dollar - Monthly - Average of observations through period,2005-09,1.306221,A,,F
M,AU,AUD,A,0,6,A, Exchange rates against USD Australia - Australian dollar - Monthly - Average of observations through period,2005-10,1.326488,A,,F
M,AU,AUD,A,0,6,A, Exchange rates against USD Australia - Australian dollar - Monthly - Average of observations through period,2005-11,1.360147,A,,F
M,AU,AUD,A,0,6,A, Exchange rates against USD Australia - Australian dollar - Monthly - Average of observations through period,2005-12,1.347792,A,,F
M,AU,AUD,A,0,6,A, Exchange rates against USD Australia - Australian dollar - Monthly - Average of observations through period,2006-01,1.33457,A,,F
M,AU,AUD,A,0,6,A, Exchange rates against USD Australia - Australian dollar - Monthly - Average of observations through period,2006-02,1.348794,A,,F
M,AU,AUD,A,0,6,A, Exchange rates against USD Australia - Australian dollar - Monthly - Average of observations through period,2006-03,1.375964,A,,F
M,AU,AUD,A,0,6,A, Exchange rates against USD Australia - Australian dollar - Monthly - Average of observations through period,2006-04,1.358037,A,,F
M,AU,AUD,A,0,6,A, Exchange rates against USD Australia - Australian dollar - Monthly - Average of observations through period,2006-05,1.308946,A,,F
M,AU,AUD,A,0,6,A, Exchange rates against USD Australia - Australian dollar - Monthly - Average of observations through period,2006-06,1.352153,A,,F
M,AU,AUD,A,0,6,A, Exchange rates against USD Australia - Australian dollar - Monthly - Average of observations through period,2006-07,1.329955,A,,F
M,AU,AUD,A,0,6,A, Exchange rates against USD Australia - Australian dollar - Monthly - Average of observations through period,2006-08,1.310445,A,,F
M,AU,AUD,A,0,6,A, Exchange rates against USD Australia - Australian dollar - Monthly - Average of observations through period,2006-09,1.323108,A,,F
M,AU,AUD,A,0,6,A, Exchange rates against USD Australia - Australian dollar - Monthly - Average of observations through period,2006-10,1.326835,A,,F
M,AU,AUD,A,0,6,A, Exchange rates against USD Australia - Australian dollar - Monthly - Average of observations through period,2006-11,1.295325,A,,F
M,AU,AUD,A,0,6,A, Exchange rates against USD Australia - Australian dollar - Monthly - Average of observations through period,2006-12,1.272595,A,,F
M,AU,AUD,A,0,6,A, Exchange rates against USD Australia - Australian dollar - Monthly - Average of observations through period,2007-01,1.277255,A,,F
M,AU,AUD,A,0,6,A, Exchange rates against USD Australia - Australian dollar - Monthly - Average of observations through period,2007-02,1.278031,A,,F
M,AU,AUD,A,0,6,A, Exchange rates against USD Australia - Australian dollar - Monthly - Average of observations through period,2007-03,1.261611,A,,F
M,AU,AUD,A,0,6,A, Exchange rates against USD Australia - Australian dollar - Monthly - Average of observations through period,2007-04,1.208713,A,,F
M,AU,AUD,A,0,6,A, Exchange rates against USD Australia - Australian dollar - Monthly - Average of observations through period,2007-05,1.212176,A,,F
M,AU,AUD,A,0,6,A, Exchange rates against USD Australia - Australian dollar - Monthly - Average of observations through period,2007-06,1.18719,A,,F
M,AU,AUD,A,0,6,A, Exchange rates against USD Australia - Australian dollar - Monthly - Average of observations through period,2007-07,1.152689,A,,F
M,AU,AUD,A,0,6,A, Exchange rates against USD Australia - Australian dollar - Monthly - Average of observations through period,2007-08,1.207229,A,,F
M,AU,AUD,A,0,6,A, Exchange rates against USD Australia - Australian dollar - Monthly - Average of observations through period,2007-09,1.183736,A,,F
M,AU,AUD,A,0,6,A, Exchange rates against USD Australia - Australian dollar - Monthly - Average of observations through period,2007-10,1.113225,A,,F
M,AU,AUD,A,0,6,A, Exchange rates against USD Australia - Australian dollar - Monthly - Average of observations through period,2007-11,1.114919,A,,F
M,AU,AUD,A,0,6,A, Exchange rates against USD Australia - Australian dollar - Monthly - Average of observations through period,2007-12,1.146472,A,,F
M,AU,AUD,A,0,6,A, Exchange rates against USD Australia - Australian dollar - Monthly - Average of observations through period,2008-01,1.134382,A,,F
M,AU,AUD,A,0,6,A, Exchange rates against USD Australia - Australian dollar - Monthly - Average of observations through period,2008-02,1.095596,A,,F
M,AU,AUD,A,0,6,A, Exchange rates against USD Australia - Australian dollar - Monthly - Average of observations through period,2008-03,1.079589,A,,F
M,AU,AUD,A,0,6,A, Exchange rates against USD Australia - Australian dollar - Monthly - Average of observations through period,2008-04,1.07515,A,,F
M,AU,AUD,A,0,6,A, Exchange rates against USD Australia - Australian dollar - Monthly - Average of observations through period,2008-05,1.053087,A,,F
M,AU,AUD,A,0,6,A, Exchange rates against USD Australia - Australian dollar - Monthly - Average of observations through period,2008-06,1.050867,A,,F
M,AU,AUD,A,0,6,A, Exchange rates against USD Australia - Australian dollar - Monthly - Average of observations through period,2008-07,1.039159,A,,F
M,AU,AUD,A,0,6,A, Exchange rates against USD Australia - Australian dollar - Monthly - Average of observations through period,2008-08,1.133236,A,,F
M,AU,AUD,A,0,6,A, Exchange rates against USD Australia - Australian dollar - Monthly - Average of observations through period,2008-09,1.221149,A,,F
M,AU,AUD,A,0,6,A, Exchange rates against USD Australia - Australian dollar - Monthly - Average of observations through period,2008-10,1.455199,A,,F
M,AU,AUD,A,0,6,A, Exchange rates against USD Australia - Australian dollar - Monthly - Average of observations through period,2008-11,1.522453,A,,F
M,AU,AUD,A,0,6,A, Exchange rates against USD Australia - Australian dollar - Monthly - Average of observations through period,2008-12,1.496823,A,,F
M,AU,AUD,A,0,6,A, Exchange rates against USD Australia - Australian dollar - Monthly - Average of observations through period,2009-01,1.484058,A,,F
M,AU,AUD,A,0,6,A, Exchange rates against USD Australia - Australian dollar - Monthly - Average of observations through period,2009-02,1.542892,A,,F
M,AU,AUD,A,0,6,A, Exchange rates against USD Australia - Australian dollar - Monthly - Average of observations through period,2009-03,1.50306,A,,F
M,AU,AUD,A,0,6,A, Exchange rates against USD Australia - Australian dollar - Monthly - Average of observations through period,2009-04,1.402894,A,,F
M,AU,AUD,A,0,6,A, Exchange rates against USD Australia - Australian dollar - Monthly - Average of observations through period,2009-05,1.30666,A,,F
M,AU,AUD,A,0,6,A, Exchange rates against USD Australia - Australian dollar - Monthly - Average of observations through period,2009-06,1.245997,A,,F
M,AU,AUD,A,0,6,A, Exchange rates against USD Australia - Australian dollar - Monthly - Average of observations through period,2009-07,1.242649,A,,F
M,AU,AUD,A,0,6,A, Exchange rates against USD Australia - Australian dollar - Monthly - Average of observations through period,2009-08,1.197186,A,,F
M,AU,AUD,A,0,6,A, Exchange rates against USD Australia - Australian dollar - Monthly - Average of observations through period,2009-09,1.160991,A,,F
M,AU,AUD,A,0,6,A, Exchange rates against USD Australia - Australian dollar - Monthly - Average of observations through period,2009-10,1.103065,A,,F
M,AU,AUD,A,0,6,A, Exchange rates against USD Australia - Australian dollar - Monthly - Average of observations through period,2009-11,1.087814,A,,F
M,AU,AUD,A,0,6,A, Exchange rates against USD Australia - Australian dollar - Monthly - Average of observations through period,2009-12,1.107852,A,,F
M,AU,AUD,A,0,6,A, Exchange rates against USD Australia - Australian dollar - Monthly - Average of observations through period,2010-01,1.094877,A,,F
M,AU,AUD,A,0,6,A, Exchange rates against USD Australia - Australian dollar - Monthly - Average of observations through period,2010-02,1.127724,A,,F
M,AU,AUD,A,0,6,A, Exchange rates against USD Australia - Australian dollar - Monthly - Average of observations through period,2010-03,1.096816,A,,F
M,AU,AUD,A,0,6,A, Exchange rates against USD Australia - Australian dollar - Monthly - Average of observations through period,2010-04,1.078908,A,,F
M,AU,AUD,A,0,6,A, Exchange rates against USD Australia - Australian dollar - Monthly - Average of observations through period,2010-05,1.149793,A,,F
M,AU,AUD,A,0,6,A, Exchange rates against USD Australia - Australian dollar - Monthly - Average of observations through period,2010-06,1.172771,A,,F
M,AU,AUD,A,0,6,A, Exchange rates against USD Australia - Australian dollar - Monthly - Average of observations through period,2010-07,1.14253,A,,F
M,AU,AUD,A,0,6,A, Exchange rates against USD Australia - Australian dollar - Monthly - Average of observations through period,2010-08,1.112101,A,,F
M,AU,AUD,A,0,6,A, Exchange rates against USD Australia - Australian dollar - Monthly - Average of observations through period,2010-09,1.067546,A,,F
M,AU,AUD,A,0,6,A, Exchange rates against USD Australia - Australian dollar - Monthly - Average of observations through period,2010-10,1.019203,A,,F
M,AU,AUD,A,0,6,A, Exchange rates against USD Australia - Australian dollar - Monthly - Average of observations through period,2010-11,1.011499,A,,F
M,AU,AUD,A,0,6,A, Exchange rates against USD Australia - Australian dollar - Monthly - Average of observations through period,2010-12,1.006324,A,,F
M,AU,AUD,A,0,6,A, Exchange rates against USD Australia - Australian dollar - Monthly - Average of observations through period,2011-01,1.004306,A,,F
M,AU,AUD,A,0,6,A, Exchange rates against USD Australia - Australian dollar - Monthly - Average of observations through period,2011-02,0.992262,A,,F
M,AU,AUD,A,0,6,A, Exchange rates against USD Australia - Australian dollar - Monthly - Average of observations through period,2011-03,0.989688,A,,F
M,AU,AUD,A,0,6,A, Exchange rates against USD Australia - Australian dollar - Monthly - Average of observations through period,2011-04,0.94622,A,,F
M,AU,AUD,A,0,6,A, Exchange rates against USD Australia - Australian dollar - Monthly - Average of observations through period,2011-05,0.936579,A,,F
M,AU,AUD,A,0,6,A, Exchange rates against USD Australia - Australian dollar - Monthly - Average of observations through period,2011-06,0.942929,A,,F
M,AU,AUD,A,0,6,A, Exchange rates against USD Australia - Australian dollar - Monthly - Average of observations through period,2011-07,0.928882,A,,F
M,AU,AUD,A,0,6,A, Exchange rates against USD Australia - Australian dollar - Monthly - Average of observations through period,2011-08,0.95176,A,,F
M,AU,AUD,A,0,6,A, Exchange rates against USD Australia - Australian dollar - Monthly - Average of observations through period,2011-09,0.977825,A,,F
M,AU,AUD,A,0,6,A, Exchange rates against USD Australia - Australian dollar - Monthly - Average of observations through period,2011-10,0.987402,A,,F
M,AU,AUD,A,0,6,A, Exchange rates against USD Australia - Australian dollar - Monthly - Average of observations through period,2011-11,0.989778,A,,F
M,AU,AUD,A,0,6,A, Exchange rates against USD Australia - Australian dollar - Monthly - Average of observations through period,2011-12,0.986767,A,,F
M,AU,AUD,A,0,6,A, Exchange rates against USD Australia - Australian dollar - Monthly - Average of observations through period,2012-01,0.961354,A,,F
M,AU,AUD,A,0,6,A, Exchange rates against USD Australia - Australian dollar - Monthly - Average of observations through period,2012-02,0.932201,A,,F
M,AU,AUD,A,0,6,A, Exchange rates against USD Australia - Australian dollar - Monthly - Average of observations through period,2012-03,0.949759,A,,F
M,AU,AUD,A,0,6,A, Exchange rates against USD Australia - Australian dollar - Monthly - Average of observations through period,2012-04,0.966284,A,,F
M,AU,AUD,A,0,6,A, Exchange rates against USD Australia - Australian dollar - Monthly - Average of observations through period,2012-05,1.003133,A,,F
M,AU,AUD,A,0,6,A, Exchange rates against USD Australia - Australian dollar - Monthly - Average of observations through period,2012-06,1.001957,A,,F
M,AU,AUD,A,0,6,A, Exchange rates against USD Australia - Australian dollar - Monthly - Average of observations through period,2012-07,0.970926,A,,F
M,AU,AUD,A,0,6,A, Exchange rates against USD Australia - Australian dollar - Monthly - Average of observations through period,2012-08,0.954912,A,,F
M,AU,AUD,A,0,6,A, Exchange rates against USD Australia - Australian dollar - Monthly - Average of observations through period,2012-09,0.962466,A,,F
M,AU,AUD,A,0,6,A, Exchange rates against USD Australia - Australian dollar - Monthly - Average of observations through period,2012-10,0.970839,A,,F
M,AU,AUD,A,0,6,A, Exchange rates against USD Australia - Australian dollar - Monthly - Average of observations through period,2012-11,0.961296,A,,F
M,AU,AUD,A,0,6,A, Exchange rates against USD Australia - Australian dollar - Monthly - Average of observations through period,2012-12,0.954844,A,,F
M,AU,AUD,A,0,6,A, Exchange rates against USD Australia - Australian dollar - Monthly - Average of observations through period,2013-01,0.95258,A,,F
M,AU,AUD,A,0,6,A, Exchange rates against USD Australia - Australian dollar - Monthly - Average of observations through period,2013-02,0.969533,A,,F
M,AU,AUD,A,0,6,A, Exchange rates against USD Australia - Australian dollar - Monthly - Average of observations through period,2013-03,0.967059,A,,F
M,AU,AUD,A,0,6,A, Exchange rates against USD Australia - Australian dollar - Monthly - Average of observations through period,2013-04,0.962612,A,,F
M,AU,AUD,A,0,6,A, Exchange rates against USD Australia - Australian dollar - Monthly - Average of observations through period,2013-05,1.011799,A,,F
M,AU,AUD,A,0,6,A, Exchange rates against USD Australia - Australian dollar - Monthly - Average of observations through period,2013-06,1.059907,A,,F
M,AU,AUD,A,0,6,A, Exchange rates against USD Australia - Australian dollar - Monthly - Average of observations through period,2013-07,1.091699,A,,F
M,AU,AUD,A,0,6,A, Exchange rates against USD Australia - Australian dollar - Monthly - Average of observations through period,2013-08,1.107632,A,,F
M,AU,AUD,A,0,6,A, Exchange rates against USD Australia - Australian dollar - Monthly - Average of observations through period,2013-09,1.077363,A,,F
M,AU,AUD,A,0,6,A, Exchange rates against USD Australia - Australian dollar - Monthly - Average of observations through period,2013-10,1.050897,A,,F
M,AU,AUD,A,0,6,A, Exchange rates against USD Australia - Australian dollar - Monthly - Average of observations through period,2013-11,1.072616,A,,F
M,AU,AUD,A,0,6,A, Exchange rates against USD Australia - Australian dollar - Monthly - Average of observations through period,2013-12,1.112332,A,,F
M,AU,AUD,A,0,6,A, Exchange rates against USD Australia - Australian dollar - Monthly - Average of observations through period,2014-01,1.129833,A,,F
M,AU,AUD,A,0,6,A, Exchange rates against USD Australia - Australian dollar - Monthly - Average of observations through period,2014-02,1.114493,A,,F
M,AU,AUD,A,0,6,A, Exchange rates against USD Australia - Australian dollar - Monthly - Average of observations through period,2014-03,1.100904,A,,F
M,AU,AUD,A,0,6,A, Exchange rates against USD Australia - Australian dollar - Monthly - Average of observations through period,2014-04,1.07374,A,,F
M,AU,AUD,A,0,6,A, Exchange rates against USD Australia - Australian dollar - Monthly - Average of observations through period,2014-05,1.074538,A,,F
M,AU,AUD,A,0,6,A, Exchange rates against USD Australia - Australian dollar - Monthly - Average of observations through period,2014-06,1.067989,A,,F
M,AU,AUD,A,0,6,A, Exchange rates against USD Australia - Australian dollar - Monthly - Average of observations through period,2014-07,1.065065,A,,F
M,AU,AUD,A,0,6,A, Exchange rates against USD Australia - Australian dollar - Monthly - Average of observations through period,2014-08,1.07433,A,,F
M,AU,AUD,A,0,6,A, Exchange rates against USD Australia - Australian dollar - Monthly - Average of observations through period,2014-09,1.104478,A,,F
M,AU,AUD,A,0,6,A, Exchange rates against USD Australia - Australian dollar - Monthly - Average of observations through period,2014-10,1.139138,A,,F
M,AU,AUD,A,0,6,A, Exchange rates against USD Australia - Australian dollar - Monthly - Average of observations through period,2014-11,1.15715,A,,F
M,AU,AUD,A,0,6,A, Exchange rates against USD Australia - Australian dollar - Monthly - Average of observations through period,2014-12,1.210656,A,,F
M,AU,AUD,A,0,6,A, Exchange rates against USD Australia - Australian dollar - Monthly - Average of observations through period,2015-01,1.238548,A,,F
M,AU,AUD,A,0,6,A, Exchange rates against USD Australia - Australian dollar - Monthly - Average of observations through period,2015-02,1.28353,A,,F
M,AU,AUD,A,0,6,A, Exchange rates against USD Australia - Australian dollar - Monthly - Average of observations through period,2015-03,1.292723,A,,F
M,AU,AUD,A,0,6,A, Exchange rates against USD Australia - Australian dollar - Monthly - Average of observations through period,2015-04,1.293347,A,,F
M,AU,AUD,A,0,6,A, Exchange rates against USD Australia - Australian dollar - Monthly - Average of observations through period,2015-05,1.266918,A,,F
M,AU,AUD,A,0,6,A, Exchange rates against USD Australia - Australian dollar - Monthly - Average of observations through period,2015-06,1.295814,A,,F
M,AU,AUD,A,0,6,A, Exchange rates against USD Australia - Australian dollar - Monthly - Average of observations through period,2015-07,1.350067,A,,F
M,AU,AUD,A,0,6,A, Exchange rates against USD Australia - Australian dollar - Monthly - Average of observations through period,2015-08,1.370608,A,,F
M,AU,AUD,A,0,6,A, Exchange rates against USD Australia - Australian dollar - Monthly - Average of observations through period,2015-09,1.417037,A,,F
M,AU,AUD,A,0,6,A, Exchange rates against USD Australia - Australian dollar - Monthly - Average of observations through period,2015-10,1.387388,A,,F
M,AU,AUD,A,0,6,A, Exchange rates against USD Australia - Australian dollar - Monthly - Average of observations through period,2015-11,1.398198,A,,F
M,AU,AUD,A,0,6,A, Exchange rates against USD Australia - Australian dollar - Monthly - Average of observations through period,2015-12,1.379858,A,,F
M,AU,AUD,A,0,6,A, Exchange rates against USD Australia - Australian dollar - Monthly - Average of observations through period,2016-01,1.428163,A,,F
M,AU,AUD,A,0,6,A, Exchange rates against USD Australia - Australian dollar - Monthly - Average of observations through period,2016-02,1.402287,A,,F
M,AU,AUD,A,0,6,A, Exchange rates against USD Australia - Australian dollar - Monthly - Average of observations through period,2016-03,1.335744,A,,F
M,AU,AUD,A,0,6,A, Exchange rates against USD Australia - Australian dollar - Monthly - Average of observations through period,2016-04,1.305383,A,,F
M,AU,AUD,A,0,6,A, Exchange rates against USD Australia - Australian dollar - Monthly - Average of observations through period,2016-05,1.367092,A,,F
M,AU,AUD,A,0,6,A, Exchange rates against USD Australia - Australian dollar - Monthly - Average of observations through period,2016-06,1.351262,A,,F
M,AU,AUD,A,0,6,A, Exchange rates against USD Australia - Australian dollar - Monthly - Average of observations through period,2016-07,1.327552,A,,F
M,AU,AUD,A,0,6,A, Exchange rates against USD Australia - Australian dollar - Monthly - Average of observations through period,2016-08,1.310258,A,,F
M,AU,AUD,A,0,6,A, Exchange rates against USD Australia - Australian dollar - Monthly - Average of observations through period,2016-09,1.31713,A,,F
M,AU,AUD,A,0,6,A, Exchange rates against USD Australia - Australian dollar - Monthly - Average of observations through period,2016-10,1.312328,A,,F
M,AU,AUD,A,0,6,A, Exchange rates against USD Australia - Australian dollar - Monthly - Average of observations through period,2016-11,1.327448,A,,F
M,AU,AUD,A,0,6,A, Exchange rates against USD Australia - Australian dollar - Monthly - Average of observations through period,2016-12,1.361899,A,,F
M,AU,AUD,A,0,6,A, Exchange rates against USD Australia - Australian dollar - Monthly - Average of observations through period,2017-01,1.342877,A,,F
M,AU,AUD,A,0,6,A, Exchange rates against USD Australia - Australian dollar - Monthly - Average of observations through period,2017-02,1.304776,A,,F
M,AU,AUD,A,0,6,A, Exchange rates against USD Australia - Australian dollar - Monthly - Average of observations through period,2017-03,1.311984,A,,F
M,AU,AUD,A,0,6,A, Exchange rates against USD Australia - Australian dollar - Monthly - Average of observations through period,2017-04,1.328075,A,,F
M,AU,AUD,A,0,6,A, Exchange rates against USD Australia - Australian dollar - Monthly - Average of observations through period,2017-05,1.345577,A,,F
M,AU,AUD,A,0,6,A, Exchange rates against USD Australia - Australian dollar - Monthly - Average of observations through period,2017-06,1.323405,A,,F
M,AU,AUD,A,0,6,A, Exchange rates against USD Australia - Australian dollar - Monthly - Average of observations through period,2017-07,1.283533,A,,F
M,AU,AUD,A,0,6,A, Exchange rates against USD Australia - Australian dollar - Monthly - Average of observations through period,2017-08,1.26364,A,,F
M,AU,AUD,A,0,6,A, Exchange rates against USD Australia - Australian dollar - Monthly - Average of observations through period,2017-09,1.254534,A,,F
M,AU,AUD,A,0,6,A, Exchange rates against USD Australia - Australian dollar - Monthly - Average of observations through period,2017-10,1.284437,A,,F
M,AU,AUD,A,0,6,A, Exchange rates against USD Australia - Australian dollar - Monthly - Average of observations through period,2017-11,1.311471,A,,F
M,AU,AUD,A,0,6,A, Exchange rates against USD Australia - Australian dollar - Monthly - Average of observations through period,2017-12,1.308423,A,,F
M,AU,AUD,A,0,6,A, Exchange rates against USD Australia - Australian dollar - Monthly - Average of observations through period,2018-01,1.257611,A,,F
M,AU,AUD,A,0,6,A, Exchange rates against USD Australia - Australian dollar - Monthly - Average of observations through period,2018-02,1.27024,A,,F
M,AU,AUD,A,0,6,A, Exchange rates against USD Australia - Australian dollar - Monthly - Average of observations through period,2018-03,1.288035,A,,F
M,AU,AUD,A,0,6,A, Exchange rates against USD Australia - Australian dollar - Monthly - Average of observations through period,2018-04,1.301123,A,,F
M,AU,AUD,A,0,6,A, Exchange rates against USD Australia - Australian dollar - Monthly - Average of observations through period,2018-05,1.32868,A,,F
M,AU,AUD,A,0,6,A, Exchange rates against USD Australia - Australian dollar - Monthly - Average of observations through period,2018-06,1.334107,A,,F
M,AU,AUD,A,0,6,A, Exchange rates against USD Australia - Australian dollar - Monthly - Average of observations through period,2018-07,1.351409,A,,F
M,AU,AUD,A,0,6,A, Exchange rates against USD Australia - Australian dollar - Monthly - Average of observations through period,2018-08,1.364896,A,,F
M,AU,AUD,A,0,6,A, Exchange rates against USD Australia - Australian dollar - Monthly - Average of observations through period,2018-09,1.388641,A,,F
M,AU,AUD,A,0,6,A, Exchange rates against USD Australia - Australian dollar - Monthly - Average of observations through period,2018-10,1.407056,A,,F
M,AU,AUD,A,0,6,A, Exchange rates against USD Australia - Australian dollar - Monthly - Average of observations through period,2018-11,1.379508,A,,F
M,AU,AUD,A,0,6,A, Exchange rates against USD Australia - Australian dollar - Monthly - Average of observations through period,2018-12,1.39212,A,,F
M,AU,AUD,A,0,6,A, Exchange rates against USD Australia - Australian dollar - Monthly - Average of observations through period,2019-01,1.399351,A,,F
M,AU,AUD,A,0,6,A, Exchange rates against USD Australia - Australian dollar - Monthly - Average of observations through period,2019-02,1.400337,A,,F
M,AU,AUD,A,0,6,A, Exchange rates against USD Australia - Australian dollar - Monthly - Average of observations through period,2019-03,1.411996,A,,F
M,AU,AUD,A,0,6,A, Exchange rates against USD Australia - Australian dollar - Monthly - Average of observations through period,2019-04,1.406118,A,,F
M,AU,AUD,A,0,6,A, Exchange rates against USD Australia - Australian dollar - Monthly - Average of observations through period,2019-05,1.44096,A,,F
M,AU,AUD,A,0,6,A, Exchange rates against USD Australia - Australian dollar - Monthly - Average of observations through period,2019-06,1.440189,A,,F
M,AU,AUD,A,0,6,A, Exchange rates against USD Australia - Australian dollar - Monthly - Average of observations through period,2019-07,1.431716,A,,F
M,AU,AUD,A,0,6,A, Exchange rates against USD Australia - Australian dollar - Monthly - Average of observations through period,2019-08,1.476763,A,,F
M,AU,AUD,A,0,6,A, Exchange rates against USD Australia - Australian dollar - Monthly - Average of observations through period,2019-09,1.468762,A,,F
M,AU,AUD,A,0,6,A, Exchange rates against USD Australia - Australian dollar - Monthly - Average of observations through period,2019-10,1.472208,A,,F
M,AU,AUD,A,0,6,A, Exchange rates against USD Australia - Australian dollar - Monthly - Average of observations through period,2019-11,1.464207,A,,F
M,AU,AUD,A,0,6,A, Exchange rates against USD Australia - Australian dollar - Monthly - Average of observations through period,2019-12,1.453576,A,,F
M,AU,AUD,A,0,6,A, Exchange rates against USD Australia - Australian dollar - Monthly - Average of observations through period,2020-01,1.458483,A,,F
M,AU,AUD,A,0,6,A, Exchange rates against USD Australia - Australian dollar - Monthly - Average of observations through period,2020-02,1.499876,A,,F
M,AU,AUD,A,0,6,A, Exchange rates against USD Australia - Australian dollar - Monthly - Average of observations through period,2020-03,1.609086,A,,F
M,AU,AUD,A,0,6,A, Exchange rates against USD Australia - Australian dollar - Monthly - Average of observations through period,2020-04,1.590064,A,,F
M,AU,AUD,A,0,6,A, Exchange rates against USD Australia - Australian dollar - Monthly - Average of observations through period,2020-05,1.534154,A,,F
M,AU,AUD,A,0,6,A, Exchange rates against USD Australia - Australian dollar - Monthly - Average of observations through period,2020-06,1.450335,A,,F
M,AU,AUD,A,0,6,A, Exchange rates against USD Australia - Australian dollar - Monthly - Average of observations through period,2020-07,1.422529,A,,F
M,AU,AUD,A,0,6,A, Exchange rates against USD Australia - Australian dollar - Monthly - Average of observations through period,2020-08,1.389353,A,,F
M,AU,AUD,A,0,6,A, Exchange rates against USD Australia - Australian dollar - Monthly - Average of observations through period,2020-09,1.383005,A,,F
M,AU,AUD,A,0,6,A, Exchange rates against USD Australia - Australian dollar - Monthly - Average of observations through period,2020-10,1.403047,A,,F
M,AU,AUD,A,0,6,A, Exchange rates against USD Australia - Australian dollar - Monthly - Average of observations through period,2020-11,1.374134,A,,F
M,AU,AUD,A,0,6,A, Exchange rates against USD Australia - Australian dollar - Monthly - Average of observations through period,2020-12,1.328504,A,,F
M,AU,AUD,A,0,6,A, Exchange rates against USD Australia - Australian dollar - Monthly - Average of observations through period,2021-01,1.295261,A,,F
M,AU,AUD,A,0,6,A, Exchange rates against USD Australia - Australian dollar - Monthly - Average of observations through period,2021-02,1.289957,A,,F
M,AU,AUD,A,0,6,A, Exchange rates against USD Australia - Australian dollar - Monthly - Average of observations through period,2021-03,1.297999,A,,F
M,AU,AUD,A,0,6,A, Exchange rates against USD Australia - Australian dollar - Monthly - Average of observations through period,2021-04,1.297703,A,,F
M,AU,AUD,A,0,6,A, Exchange rates against USD Australia - Australian dollar - Monthly - Average of observations through period,2021-05,1.288768,A,,F
M,AU,AUD,A,0,6,A, Exchange rates against USD Australia - Australian dollar - Monthly - Average of observations through period,2021-06,1.308448,A,,F
M,AU,AUD,A,0,6,A, Exchange rates against USD Australia - Australian dollar - Monthly - Average of observations through period,2021-07,1.347152,A,,F
M,AU,AUD,A,0,6,A, Exchange rates against USD Australia - Australian dollar - Monthly - Average of observations through period,2021-08,1.369248,A,,F
M,AU,AUD,A,0,6,A, Exchange rates against USD Australia - Australian dollar - Monthly - Average of observations through period,2021-09,1.366794,A,,F
M,AU,AUD,A,0,6,A, Exchange rates against USD Australia - Australian dollar - Monthly - Average of observations through period,2021-10,1.350648,A,,F
M,AU,AUD,A,0,6,A, Exchange rates against USD Australia - Australian dollar - Monthly - Average of observations through period,2021-11,1.368282,A,,F
M,AU,AUD,A,0,6,A, Exchange rates against USD Australia - Australian dollar - Monthly - Average of observations through period,2021-12,1.396099,A,,F
M,AU,AUD,A,0,6,A, Exchange rates against USD Australia - Australian dollar - Monthly - Average of observations through period,2022-01,1.393861,A,,F
M,AU,AUD,A,0,6,A, Exchange rates against USD Australia - Australian dollar - Monthly - Average of observations through period,2022-02,1.395251,A,,F
M,AU,AUD,A,0,6,A, Exchange rates against USD Australia - Australian dollar - Monthly - Average of observations through period,2022-03,1.356429,A,,F
M,AU,AUD,A,0,6,A, Exchange rates against USD Australia - Australian dollar - Monthly - Average of observations through period,2022-04,1.355732,A,,F
M,AU,AUD,A,0,6,A, Exchange rates against USD Australia - Australian dollar - Monthly - Average of observations through period,2022-05,1.417655,A,,F
M,AU,AUD,A,0,6,A, Exchange rates against USD Australia - Australian dollar - Monthly - Average of observations through period,2022-06,1.424073,A,,F
M,AU,AUD,A,0,6,A, Exchange rates against USD Australia - Australian dollar - Monthly - Average of observations through period,2022-07,1.45958,A,,F
M,AU,AUD,A,0,6,A, Exchange rates against USD Australia - Australian dollar - Monthly - Average of observations through period,2022-08,1.436653,A,,F
M,AU,AUD,A,0,6,A, Exchange rates against USD Australia - Australian dollar - Monthly - Average of observations through period,2022-09,1.496837,A,,F
M,AU,AUD,A,0,6,A, Exchange rates against USD Australia - Australian dollar - Monthly - Average of observations through period,2022-10,1.574975,A,,F
M,AU,AUD,A,0,6,A, Exchange rates against USD Australia - Australian dollar - Monthly - Average of observations through period,2022-11,1.515645,A,,F
M,AU,AUD,A,0,6,A, Exchange rates against USD Australia - Australian dollar - Monthly - Average of observations through period,2022-12,1.481294,A,,F
M,AU,AUD,A,0,6,A, Exchange rates against USD Australia - Australian dollar - Monthly - Average of observations through period,2023-01,1.441639,A,,F
M,AU,AUD,A,0,6,A, Exchange rates against USD Australia - Australian dollar - Monthly - Average of observations through period,2023-02,1.448065,A,,F
M,AU,AUD,A,0,6,A, Exchange rates against USD Australia - Australian dollar - Monthly - Average of observations through period,2023-03,1.497742,A,,F
M,AU,AUD,A,0,6,A, Exchange rates against USD Australia - Australian dollar - Monthly - Average of observations through period,2023-04,1.494253,A,,F
M,AU,AUD,A,0,6,A, Exchange rates against USD Australia - Australian dollar - Monthly - Average of observations through period,2023-05,1.504286,A,,F
M,AU,AUD,A,0,6,A, Exchange rates against USD Australia - Australian dollar - Monthly - Average of observations through period,2023-06,1.490605,A,,F
M,AU,AUD,A,0,6,A, Exchange rates against USD Australia - Australian dollar - Monthly - Average of observations through period,2023-07,1.485267,A,,F
M,AU,AUD,A,0,6,A, Exchange rates against USD Australia - Australian dollar - Monthly - Average of observations through period,2023-08,1.541796,A,,F
M,AU,AUD,A,0,6,A, Exchange rates against USD Australia - Australian dollar - Monthly - Average of observations through period,2023-09,1.555813,A,,F
M,AU,AUD,A,0,6,A, Exchange rates against USD Australia - Australian dollar - Monthly - Average of observations through period,2023-10,1.575091,A,,F
M,AU,AUD,A,0,6,A, Exchange rates against USD Australia - Australian dollar - Monthly - Average of observations through period,2023-11,1.53923,A,,F
M,AU,AUD,A,0,6,A, Exchange rates against USD Australia - Australian dollar - Monthly - Average of observations through period,2023-12,1.497147,A,,F
M,AU,AUD,A,0,6,A, Exchange rates against USD Australia - Australian dollar - Monthly - Average of observations through period,2024-01,1.505925,A,,F
M,AU,AUD,A,0,6,A, Exchange rates against USD Australia - Australian dollar - Monthly - Average of observations through period,2024-02,1.531641,A,,F
M,AU,AUD,A,0,6,A, Exchange rates against USD Australia - Australian dollar - Monthly - Average of observations through period,2024-03,1.52556,A,,F
M,AU,AUD,A,0,6,A, Exchange rates against USD Australia - Australian dollar - Monthly - Average of observations through period,2024-04,1.535317,A,,F
M,AU,AUD,A,0,6,A, Exchange rates against USD Australia - Australian dollar - Monthly - Average of observations through period,2024-05,1.509183,A,,F
M,AU,AUD,A,0,6,A, Exchange rates against USD Australia - Australian dollar - Monthly - Average of observations through period,2024-06,1.506247,A,,F
M,AU,AUD,A,0,6,A, Exchange rates against USD Australia - Australian dollar - Monthly - Average of observations through period,2024-07,1.499214,A,,F
M,AU,AUD,A,0,6,A, Exchange rates against USD Australia - Australian dollar - Monthly - Average of observations through period,2024-08,1.503937,A,,F
M,AU,AUD,A,0,6,A, Exchange rates against USD Australia - Australian dollar - Monthly - Average of observations through period,2024-09,1.476613,A,,F
M,AU,AUD,A,0,6,A, Exchange rates against USD Australia - Australian dollar - Monthly - Average of observations through period,2024-10,1.490353,A,,F
M,AU,AUD,A,0,6,A, Exchange rates against USD Australia - Australian dollar - Monthly - Average of observations through period,2024-11,1.530367,A,,F
M,AU,AUD,A,0,6,A, Exchange rates against USD Australia - Australian dollar - Monthly - Average of observations through period,2024-12,1.577463,A,,F
M,AU,AUD,A,0,6,A, Exchange rates against USD Australia - Australian dollar - Monthly - Average of observations through period,2025-01,1.605843,A,,F
M,AU,AUD,A,0,6,A, Exchange rates against USD Australia - Australian dollar - Monthly - Average of observations through period,2025-02,1.587404,A,,F
M,AU,AUD,A,0,6,A, Exchange rates against USD Australia - Australian dollar - Monthly - Average of observations through period,2025-03,1.587804,A,,F
M,AU,AUD,A,0,6,A, Exchange rates against USD Australia - Australian dollar - Monthly - Average of observations through period,2025-04,1.591615,A,,F
M,AU,AUD,A,0,6,A, Exchange rates against USD Australia - Australian dollar - Monthly - Average of observations through period,2025-05,1.553623,A,,F
M,AU,AUD,A,0,6,A, Exchange rates against USD Australia - Australian dollar - Monthly - Average of observations through period,2025-06,1.538986,A,,F
M,AU,AUD,A,0,6,A, Exchange rates against USD Australia - Australian dollar - Monthly - Average of observations through period,2025-07,1.529764,A,,F
M,AU,AUD,A,0,6,A, Exchange rates against USD Australia - Australian dollar - Monthly - Average of observations through period,2025-08,1.540701,A,,F
M,AU,AUD,A,0,6,A, Exchange rates against USD Australia - Australian dollar - Monthly - Average of observations through period,2025-09,1.516796,A,,F
M,AU,AUD,A,0,6,A, Exchange rates against USD Australia - Australian dollar - Monthly - Average of observations through period,2025-10,1.528823,A,,F
M,AU,AUD,A,0,6,A, Exchange rates against USD Australia - Australian dollar - Monthly - Average of observations through period,2025-11,1.537329,A,,F
M,AU,AUD,A,0,6,A, Exchange rates against USD Australia - Australian dollar - Monthly - Average of observations through period,2025-12,1.506057,A,,F
M,AU,AUD,A,0,6,A, Exchange rates against USD Australia - Australian dollar - Monthly - Average of observations through period,2026-01,1.474416,A,,F
M,AU,AUD,A,0,6,A, Exchange rates against USD Australia - Australian dollar - Monthly - Average of observations through period,2026-02,1.417717,A,,F
M,AU,AUD,A,0,6,A, Exchange rates against USD Australia - Australian dollar - Monthly - Average of observations through period,2026-03,1.424969,A,,F
M,AU,AUD,A,0,6,A, Exchange rates against USD Australia - Australian dollar - Monthly - Average of observations through period,2026-04,1.408658,A,,F
M,AU,AUD,A,0,6,A, Exchange rates against USD Australia - Australian dollar - Monthly - Average of observations through period,2026-05,1.392778,A,,F
M,AU,AUD,A,0,6,A, Exchange rates against USD Australia - Australian dollar - Monthly - Average of observations through period,2026-06,1.423196,A,,F
M,AU,AUD,A,0,6,A, Exchange rates against USD Australia - Australian dollar - Monthly - Average of observations through period,2026-07,1.436023,A,,F
M,AU,AUD,A,0,6,A, Exchange rates against USD Australia - Australian dollar - Monthly - Average of observations through period,2026-08,1.408193,A,,F
