FREQ,REF_AREA,UNIT_MEASURE,UNIT_MULT,TIME_FORMAT,COMPILATION,DECIMALS,SOURCE_REF,SUPP_INFO_BREAKS,TITLE,TIME_PERIOD,OBS_VALUE,OBS_STATUS,OBS_CONF,OBS_PRE_BREAK
M,AU,368,0,,From 2 Aug 1990 onwards: cash rate target; from 23 Jan 1990 to 1 Aug 1990: middle of the cash rate target range; from 7 Apr 1976 to 22 Jan 1990: interbank overnight cash rate.,4,Reserve Bank of Australia,"This rate can be considered the official policy rate as from 23 Jan 1990. Australia had a managed exchange rate regime prior to 1983, in an environment of capital controls. The RBA did not have an explicit target interest rate prior to 23 Jan 1990. The BIS publishes a representative rate for that period. Between  23 Jan 1990 and 31 Jul the middle of the cash rate target corridor is used.", Central bank policy rates - Australia - Monthly - End of period,1976-04,5.02,A,F,
M,AU,368,0,,From 2 Aug 1990 onwards: cash rate target; from 23 Jan 1990 to 1 Aug 1990: middle of the cash rate target range; from 7 Apr 1976 to 22 Jan 1990: interbank overnight cash rate.,4,Reserve Bank of Australia,"This rate can be considered the official policy rate as from 23 Jan 1990. Australia had a managed exchange rate regime prior to 1983, in an environment of capital controls. The RBA did not have an explicit target interest rate prior to 23 Jan 1990. The BIS publishes a representative rate for that period. Between  23 Jan 1990 and 31 Jul the middle of the cash rate target corridor is used.", Central bank policy rates - Australia - Monthly - End of period,1976-05,8.33,A,F,
M,AU,368,0,,From 2 Aug 1990 onwards: cash rate target; from 23 Jan 1990 to 1 Aug 1990: middle of the cash rate target range; from 7 Apr 1976 to 22 Jan 1990: interbank overnight cash rate.,4,Reserve Bank of Australia,"This rate can be considered the official policy rate as from 23 Jan 1990. Australia had a managed exchange rate regime prior to 1983, in an environment of capital controls. The RBA did not have an explicit target interest rate prior to 23 Jan 1990. The BIS publishes a representative rate for that period. Between  23 Jan 1990 and 31 Jul the middle of the cash rate target corridor is used.", Central bank policy rates - Australia - Monthly - End of period,1976-06,4.97,A,F,
M,AU,368,0,,From 2 Aug 1990 onwards: cash rate target; from 23 Jan 1990 to 1 Aug 1990: middle of the cash rate target range; from 7 Apr 1976 to 22 Jan 1990: interbank overnight cash rate.,4,Reserve Bank of Australia,"This rate can be considered the official policy rate as from 23 Jan 1990. Australia had a managed exchange rate regime prior to 1983, in an environment of capital controls. The RBA did not have an explicit target interest rate prior to 23 Jan 1990. The BIS publishes a representative rate for that period. Between  23 Jan 1990 and 31 Jul the middle of the cash rate target corridor is used.", Central bank policy rates - Australia - Monthly - End of period,1976-07,8.27,A,F,
M,AU,368,0,,From 2 Aug 1990 onwards: cash rate target; from 23 Jan 1990 to 1 Aug 1990: middle of the cash rate target range; from 7 Apr 1976 to 22 Jan 1990: interbank overnight cash rate.,4,Reserve Bank of Australia,"This rate can be considered the official policy rate as from 23 Jan 1990. Australia had a managed exchange rate regime prior to 1983, in an environment of capital controls. The RBA did not have an explicit target interest rate prior to 23 Jan 1990. The BIS publishes a representative rate for that period. Between  23 Jan 1990 and 31 Jul the middle of the cash rate target corridor is used.", Central bank policy rates - Australia - Monthly - End of period,1976-08,7.72,A,F,
M,AU,368,0,,From 2 Aug 1990 onwards: cash rate target; from 23 Jan 1990 to 1 Aug 1990: middle of the cash rate target range; from 7 Apr 1976 to 22 Jan 1990: interbank overnight cash rate.,4,Reserve Bank of Australia,"This rate can be considered the official policy rate as from 23 Jan 1990. Australia had a managed exchange rate regime prior to 1983, in an environment of capital controls. The RBA did not have an explicit target interest rate prior to 23 Jan 1990. The BIS publishes a representative rate for that period. Between  23 Jan 1990 and 31 Jul the middle of the cash rate target corridor is used.", Central bank policy rates - Australia - Monthly - End of period,1976-09,7.91,A,F,
M,AU,368,0,,From 2 Aug 1990 onwards: cash rate target; from 23 Jan 1990 to 1 Aug 1990: middle of the cash rate target range; from 7 Apr 1976 to 22 Jan 1990: interbank overnight cash rate.,4,Reserve Bank of Australia,"This rate can be considered the official policy rate as from 23 Jan 1990. Australia had a managed exchange rate regime prior to 1983, in an environment of capital controls. The RBA did not have an explicit target interest rate prior to 23 Jan 1990. The BIS publishes a representative rate for that period. Between  23 Jan 1990 and 31 Jul the middle of the cash rate target corridor is used.", Central bank policy rates - Australia - Monthly - End of period,1976-10,7.47,A,F,
M,AU,368,0,,From 2 Aug 1990 onwards: cash rate target; from 23 Jan 1990 to 1 Aug 1990: middle of the cash rate target range; from 7 Apr 1976 to 22 Jan 1990: interbank overnight cash rate.,4,Reserve Bank of Australia,"This rate can be considered the official policy rate as from 23 Jan 1990. Australia had a managed exchange rate regime prior to 1983, in an environment of capital controls. The RBA did not have an explicit target interest rate prior to 23 Jan 1990. The BIS publishes a representative rate for that period. Between  23 Jan 1990 and 31 Jul the middle of the cash rate target corridor is used.", Central bank policy rates - Australia - Monthly - End of period,1976-11,4.59,A,F,
M,AU,368,0,,From 2 Aug 1990 onwards: cash rate target; from 23 Jan 1990 to 1 Aug 1990: middle of the cash rate target range; from 7 Apr 1976 to 22 Jan 1990: interbank overnight cash rate.,4,Reserve Bank of Australia,"This rate can be considered the official policy rate as from 23 Jan 1990. Australia had a managed exchange rate regime prior to 1983, in an environment of capital controls. The RBA did not have an explicit target interest rate prior to 23 Jan 1990. The BIS publishes a representative rate for that period. Between  23 Jan 1990 and 31 Jul the middle of the cash rate target corridor is used.", Central bank policy rates - Australia - Monthly - End of period,1976-12,7.2,A,F,
M,AU,368,0,,From 2 Aug 1990 onwards: cash rate target; from 23 Jan 1990 to 1 Aug 1990: middle of the cash rate target range; from 7 Apr 1976 to 22 Jan 1990: interbank overnight cash rate.,4,Reserve Bank of Australia,"This rate can be considered the official policy rate as from 23 Jan 1990. Australia had a managed exchange rate regime prior to 1983, in an environment of capital controls. The RBA did not have an explicit target interest rate prior to 23 Jan 1990. The BIS publishes a representative rate for that period. Between  23 Jan 1990 and 31 Jul the middle of the cash rate target corridor is used.", Central bank policy rates - Australia - Monthly - End of period,1977-01,8.73,A,F,
M,AU,368,0,,From 2 Aug 1990 onwards: cash rate target; from 23 Jan 1990 to 1 Aug 1990: middle of the cash rate target range; from 7 Apr 1976 to 22 Jan 1990: interbank overnight cash rate.,4,Reserve Bank of Australia,"This rate can be considered the official policy rate as from 23 Jan 1990. Australia had a managed exchange rate regime prior to 1983, in an environment of capital controls. The RBA did not have an explicit target interest rate prior to 23 Jan 1990. The BIS publishes a representative rate for that period. Between  23 Jan 1990 and 31 Jul the middle of the cash rate target corridor is used.", Central bank policy rates - Australia - Monthly - End of period,1977-02,8.34,A,F,
M,AU,368,0,,From 2 Aug 1990 onwards: cash rate target; from 23 Jan 1990 to 1 Aug 1990: middle of the cash rate target range; from 7 Apr 1976 to 22 Jan 1990: interbank overnight cash rate.,4,Reserve Bank of Australia,"This rate can be considered the official policy rate as from 23 Jan 1990. Australia had a managed exchange rate regime prior to 1983, in an environment of capital controls. The RBA did not have an explicit target interest rate prior to 23 Jan 1990. The BIS publishes a representative rate for that period. Between  23 Jan 1990 and 31 Jul the middle of the cash rate target corridor is used.", Central bank policy rates - Australia - Monthly - End of period,1977-03,9,A,F,
M,AU,368,0,,From 2 Aug 1990 onwards: cash rate target; from 23 Jan 1990 to 1 Aug 1990: middle of the cash rate target range; from 7 Apr 1976 to 22 Jan 1990: interbank overnight cash rate.,4,Reserve Bank of Australia,"This rate can be considered the official policy rate as from 23 Jan 1990. Australia had a managed exchange rate regime prior to 1983, in an environment of capital controls. The RBA did not have an explicit target interest rate prior to 23 Jan 1990. The BIS publishes a representative rate for that period. Between  23 Jan 1990 and 31 Jul the middle of the cash rate target corridor is used.", Central bank policy rates - Australia - Monthly - End of period,1977-04,8.13,A,F,
M,AU,368,0,,From 2 Aug 1990 onwards: cash rate target; from 23 Jan 1990 to 1 Aug 1990: middle of the cash rate target range; from 7 Apr 1976 to 22 Jan 1990: interbank overnight cash rate.,4,Reserve Bank of Australia,"This rate can be considered the official policy rate as from 23 Jan 1990. Australia had a managed exchange rate regime prior to 1983, in an environment of capital controls. The RBA did not have an explicit target interest rate prior to 23 Jan 1990. The BIS publishes a representative rate for that period. Between  23 Jan 1990 and 31 Jul the middle of the cash rate target corridor is used.", Central bank policy rates - Australia - Monthly - End of period,1977-05,9.28,A,F,
M,AU,368,0,,From 2 Aug 1990 onwards: cash rate target; from 23 Jan 1990 to 1 Aug 1990: middle of the cash rate target range; from 7 Apr 1976 to 22 Jan 1990: interbank overnight cash rate.,4,Reserve Bank of Australia,"This rate can be considered the official policy rate as from 23 Jan 1990. Australia had a managed exchange rate regime prior to 1983, in an environment of capital controls. The RBA did not have an explicit target interest rate prior to 23 Jan 1990. The BIS publishes a representative rate for that period. Between  23 Jan 1990 and 31 Jul the middle of the cash rate target corridor is used.", Central bank policy rates - Australia - Monthly - End of period,1977-06,12.47,A,F,
M,AU,368,0,,From 2 Aug 1990 onwards: cash rate target; from 23 Jan 1990 to 1 Aug 1990: middle of the cash rate target range; from 7 Apr 1976 to 22 Jan 1990: interbank overnight cash rate.,4,Reserve Bank of Australia,"This rate can be considered the official policy rate as from 23 Jan 1990. Australia had a managed exchange rate regime prior to 1983, in an environment of capital controls. The RBA did not have an explicit target interest rate prior to 23 Jan 1990. The BIS publishes a representative rate for that period. Between  23 Jan 1990 and 31 Jul the middle of the cash rate target corridor is used.", Central bank policy rates - Australia - Monthly - End of period,1977-07,10.34,A,F,
M,AU,368,0,,From 2 Aug 1990 onwards: cash rate target; from 23 Jan 1990 to 1 Aug 1990: middle of the cash rate target range; from 7 Apr 1976 to 22 Jan 1990: interbank overnight cash rate.,4,Reserve Bank of Australia,"This rate can be considered the official policy rate as from 23 Jan 1990. Australia had a managed exchange rate regime prior to 1983, in an environment of capital controls. The RBA did not have an explicit target interest rate prior to 23 Jan 1990. The BIS publishes a representative rate for that period. Between  23 Jan 1990 and 31 Jul the middle of the cash rate target corridor is used.", Central bank policy rates - Australia - Monthly - End of period,1977-08,12.34,A,F,
M,AU,368,0,,From 2 Aug 1990 onwards: cash rate target; from 23 Jan 1990 to 1 Aug 1990: middle of the cash rate target range; from 7 Apr 1976 to 22 Jan 1990: interbank overnight cash rate.,4,Reserve Bank of Australia,"This rate can be considered the official policy rate as from 23 Jan 1990. Australia had a managed exchange rate regime prior to 1983, in an environment of capital controls. The RBA did not have an explicit target interest rate prior to 23 Jan 1990. The BIS publishes a representative rate for that period. Between  23 Jan 1990 and 31 Jul the middle of the cash rate target corridor is used.", Central bank policy rates - Australia - Monthly - End of period,1977-09,10.5,A,F,
M,AU,368,0,,From 2 Aug 1990 onwards: cash rate target; from 23 Jan 1990 to 1 Aug 1990: middle of the cash rate target range; from 7 Apr 1976 to 22 Jan 1990: interbank overnight cash rate.,4,Reserve Bank of Australia,"This rate can be considered the official policy rate as from 23 Jan 1990. Australia had a managed exchange rate regime prior to 1983, in an environment of capital controls. The RBA did not have an explicit target interest rate prior to 23 Jan 1990. The BIS publishes a representative rate for that period. Between  23 Jan 1990 and 31 Jul the middle of the cash rate target corridor is used.", Central bank policy rates - Australia - Monthly - End of period,1977-10,9.87,A,F,
M,AU,368,0,,From 2 Aug 1990 onwards: cash rate target; from 23 Jan 1990 to 1 Aug 1990: middle of the cash rate target range; from 7 Apr 1976 to 22 Jan 1990: interbank overnight cash rate.,4,Reserve Bank of Australia,"This rate can be considered the official policy rate as from 23 Jan 1990. Australia had a managed exchange rate regime prior to 1983, in an environment of capital controls. The RBA did not have an explicit target interest rate prior to 23 Jan 1990. The BIS publishes a representative rate for that period. Between  23 Jan 1990 and 31 Jul the middle of the cash rate target corridor is used.", Central bank policy rates - Australia - Monthly - End of period,1977-11,9.76,A,F,
M,AU,368,0,,From 2 Aug 1990 onwards: cash rate target; from 23 Jan 1990 to 1 Aug 1990: middle of the cash rate target range; from 7 Apr 1976 to 22 Jan 1990: interbank overnight cash rate.,4,Reserve Bank of Australia,"This rate can be considered the official policy rate as from 23 Jan 1990. Australia had a managed exchange rate regime prior to 1983, in an environment of capital controls. The RBA did not have an explicit target interest rate prior to 23 Jan 1990. The BIS publishes a representative rate for that period. Between  23 Jan 1990 and 31 Jul the middle of the cash rate target corridor is used.", Central bank policy rates - Australia - Monthly - End of period,1977-12,7.91,A,F,
M,AU,368,0,,From 2 Aug 1990 onwards: cash rate target; from 23 Jan 1990 to 1 Aug 1990: middle of the cash rate target range; from 7 Apr 1976 to 22 Jan 1990: interbank overnight cash rate.,4,Reserve Bank of Australia,"This rate can be considered the official policy rate as from 23 Jan 1990. Australia had a managed exchange rate regime prior to 1983, in an environment of capital controls. The RBA did not have an explicit target interest rate prior to 23 Jan 1990. The BIS publishes a representative rate for that period. Between  23 Jan 1990 and 31 Jul the middle of the cash rate target corridor is used.", Central bank policy rates - Australia - Monthly - End of period,1978-01,10.61,A,F,
M,AU,368,0,,From 2 Aug 1990 onwards: cash rate target; from 23 Jan 1990 to 1 Aug 1990: middle of the cash rate target range; from 7 Apr 1976 to 22 Jan 1990: interbank overnight cash rate.,4,Reserve Bank of Australia,"This rate can be considered the official policy rate as from 23 Jan 1990. Australia had a managed exchange rate regime prior to 1983, in an environment of capital controls. The RBA did not have an explicit target interest rate prior to 23 Jan 1990. The BIS publishes a representative rate for that period. Between  23 Jan 1990 and 31 Jul the middle of the cash rate target corridor is used.", Central bank policy rates - Australia - Monthly - End of period,1978-02,8.6,A,F,
M,AU,368,0,,From 2 Aug 1990 onwards: cash rate target; from 23 Jan 1990 to 1 Aug 1990: middle of the cash rate target range; from 7 Apr 1976 to 22 Jan 1990: interbank overnight cash rate.,4,Reserve Bank of Australia,"This rate can be considered the official policy rate as from 23 Jan 1990. Australia had a managed exchange rate regime prior to 1983, in an environment of capital controls. The RBA did not have an explicit target interest rate prior to 23 Jan 1990. The BIS publishes a representative rate for that period. Between  23 Jan 1990 and 31 Jul the middle of the cash rate target corridor is used.", Central bank policy rates - Australia - Monthly - End of period,1978-03,8.14,A,F,
M,AU,368,0,,From 2 Aug 1990 onwards: cash rate target; from 23 Jan 1990 to 1 Aug 1990: middle of the cash rate target range; from 7 Apr 1976 to 22 Jan 1990: interbank overnight cash rate.,4,Reserve Bank of Australia,"This rate can be considered the official policy rate as from 23 Jan 1990. Australia had a managed exchange rate regime prior to 1983, in an environment of capital controls. The RBA did not have an explicit target interest rate prior to 23 Jan 1990. The BIS publishes a representative rate for that period. Between  23 Jan 1990 and 31 Jul the middle of the cash rate target corridor is used.", Central bank policy rates - Australia - Monthly - End of period,1978-04,8.05,A,F,
M,AU,368,0,,From 2 Aug 1990 onwards: cash rate target; from 23 Jan 1990 to 1 Aug 1990: middle of the cash rate target range; from 7 Apr 1976 to 22 Jan 1990: interbank overnight cash rate.,4,Reserve Bank of Australia,"This rate can be considered the official policy rate as from 23 Jan 1990. Australia had a managed exchange rate regime prior to 1983, in an environment of capital controls. The RBA did not have an explicit target interest rate prior to 23 Jan 1990. The BIS publishes a representative rate for that period. Between  23 Jan 1990 and 31 Jul the middle of the cash rate target corridor is used.", Central bank policy rates - Australia - Monthly - End of period,1978-05,9.79,A,F,
M,AU,368,0,,From 2 Aug 1990 onwards: cash rate target; from 23 Jan 1990 to 1 Aug 1990: middle of the cash rate target range; from 7 Apr 1976 to 22 Jan 1990: interbank overnight cash rate.,4,Reserve Bank of Australia,"This rate can be considered the official policy rate as from 23 Jan 1990. Australia had a managed exchange rate regime prior to 1983, in an environment of capital controls. The RBA did not have an explicit target interest rate prior to 23 Jan 1990. The BIS publishes a representative rate for that period. Between  23 Jan 1990 and 31 Jul the middle of the cash rate target corridor is used.", Central bank policy rates - Australia - Monthly - End of period,1978-06,10.29,A,F,
M,AU,368,0,,From 2 Aug 1990 onwards: cash rate target; from 23 Jan 1990 to 1 Aug 1990: middle of the cash rate target range; from 7 Apr 1976 to 22 Jan 1990: interbank overnight cash rate.,4,Reserve Bank of Australia,"This rate can be considered the official policy rate as from 23 Jan 1990. Australia had a managed exchange rate regime prior to 1983, in an environment of capital controls. The RBA did not have an explicit target interest rate prior to 23 Jan 1990. The BIS publishes a representative rate for that period. Between  23 Jan 1990 and 31 Jul the middle of the cash rate target corridor is used.", Central bank policy rates - Australia - Monthly - End of period,1978-07,9.68,A,F,
M,AU,368,0,,From 2 Aug 1990 onwards: cash rate target; from 23 Jan 1990 to 1 Aug 1990: middle of the cash rate target range; from 7 Apr 1976 to 22 Jan 1990: interbank overnight cash rate.,4,Reserve Bank of Australia,"This rate can be considered the official policy rate as from 23 Jan 1990. Australia had a managed exchange rate regime prior to 1983, in an environment of capital controls. The RBA did not have an explicit target interest rate prior to 23 Jan 1990. The BIS publishes a representative rate for that period. Between  23 Jan 1990 and 31 Jul the middle of the cash rate target corridor is used.", Central bank policy rates - Australia - Monthly - End of period,1978-08,10.99,A,F,
M,AU,368,0,,From 2 Aug 1990 onwards: cash rate target; from 23 Jan 1990 to 1 Aug 1990: middle of the cash rate target range; from 7 Apr 1976 to 22 Jan 1990: interbank overnight cash rate.,4,Reserve Bank of Australia,"This rate can be considered the official policy rate as from 23 Jan 1990. Australia had a managed exchange rate regime prior to 1983, in an environment of capital controls. The RBA did not have an explicit target interest rate prior to 23 Jan 1990. The BIS publishes a representative rate for that period. Between  23 Jan 1990 and 31 Jul the middle of the cash rate target corridor is used.", Central bank policy rates - Australia - Monthly - End of period,1978-09,10.15,A,F,
M,AU,368,0,,From 2 Aug 1990 onwards: cash rate target; from 23 Jan 1990 to 1 Aug 1990: middle of the cash rate target range; from 7 Apr 1976 to 22 Jan 1990: interbank overnight cash rate.,4,Reserve Bank of Australia,"This rate can be considered the official policy rate as from 23 Jan 1990. Australia had a managed exchange rate regime prior to 1983, in an environment of capital controls. The RBA did not have an explicit target interest rate prior to 23 Jan 1990. The BIS publishes a representative rate for that period. Between  23 Jan 1990 and 31 Jul the middle of the cash rate target corridor is used.", Central bank policy rates - Australia - Monthly - End of period,1978-10,7.8,A,F,
M,AU,368,0,,From 2 Aug 1990 onwards: cash rate target; from 23 Jan 1990 to 1 Aug 1990: middle of the cash rate target range; from 7 Apr 1976 to 22 Jan 1990: interbank overnight cash rate.,4,Reserve Bank of Australia,"This rate can be considered the official policy rate as from 23 Jan 1990. Australia had a managed exchange rate regime prior to 1983, in an environment of capital controls. The RBA did not have an explicit target interest rate prior to 23 Jan 1990. The BIS publishes a representative rate for that period. Between  23 Jan 1990 and 31 Jul the middle of the cash rate target corridor is used.", Central bank policy rates - Australia - Monthly - End of period,1978-11,8.66,A,F,
M,AU,368,0,,From 2 Aug 1990 onwards: cash rate target; from 23 Jan 1990 to 1 Aug 1990: middle of the cash rate target range; from 7 Apr 1976 to 22 Jan 1990: interbank overnight cash rate.,4,Reserve Bank of Australia,"This rate can be considered the official policy rate as from 23 Jan 1990. Australia had a managed exchange rate regime prior to 1983, in an environment of capital controls. The RBA did not have an explicit target interest rate prior to 23 Jan 1990. The BIS publishes a representative rate for that period. Between  23 Jan 1990 and 31 Jul the middle of the cash rate target corridor is used.", Central bank policy rates - Australia - Monthly - End of period,1978-12,8.28,A,F,
M,AU,368,0,,From 2 Aug 1990 onwards: cash rate target; from 23 Jan 1990 to 1 Aug 1990: middle of the cash rate target range; from 7 Apr 1976 to 22 Jan 1990: interbank overnight cash rate.,4,Reserve Bank of Australia,"This rate can be considered the official policy rate as from 23 Jan 1990. Australia had a managed exchange rate regime prior to 1983, in an environment of capital controls. The RBA did not have an explicit target interest rate prior to 23 Jan 1990. The BIS publishes a representative rate for that period. Between  23 Jan 1990 and 31 Jul the middle of the cash rate target corridor is used.", Central bank policy rates - Australia - Monthly - End of period,1979-01,10.5,A,F,
M,AU,368,0,,From 2 Aug 1990 onwards: cash rate target; from 23 Jan 1990 to 1 Aug 1990: middle of the cash rate target range; from 7 Apr 1976 to 22 Jan 1990: interbank overnight cash rate.,4,Reserve Bank of Australia,"This rate can be considered the official policy rate as from 23 Jan 1990. Australia had a managed exchange rate regime prior to 1983, in an environment of capital controls. The RBA did not have an explicit target interest rate prior to 23 Jan 1990. The BIS publishes a representative rate for that period. Between  23 Jan 1990 and 31 Jul the middle of the cash rate target corridor is used.", Central bank policy rates - Australia - Monthly - End of period,1979-02,8.5,A,F,
M,AU,368,0,,From 2 Aug 1990 onwards: cash rate target; from 23 Jan 1990 to 1 Aug 1990: middle of the cash rate target range; from 7 Apr 1976 to 22 Jan 1990: interbank overnight cash rate.,4,Reserve Bank of Australia,"This rate can be considered the official policy rate as from 23 Jan 1990. Australia had a managed exchange rate regime prior to 1983, in an environment of capital controls. The RBA did not have an explicit target interest rate prior to 23 Jan 1990. The BIS publishes a representative rate for that period. Between  23 Jan 1990 and 31 Jul the middle of the cash rate target corridor is used.", Central bank policy rates - Australia - Monthly - End of period,1979-03,8.75,A,F,
M,AU,368,0,,From 2 Aug 1990 onwards: cash rate target; from 23 Jan 1990 to 1 Aug 1990: middle of the cash rate target range; from 7 Apr 1976 to 22 Jan 1990: interbank overnight cash rate.,4,Reserve Bank of Australia,"This rate can be considered the official policy rate as from 23 Jan 1990. Australia had a managed exchange rate regime prior to 1983, in an environment of capital controls. The RBA did not have an explicit target interest rate prior to 23 Jan 1990. The BIS publishes a representative rate for that period. Between  23 Jan 1990 and 31 Jul the middle of the cash rate target corridor is used.", Central bank policy rates - Australia - Monthly - End of period,1979-04,10,A,F,
M,AU,368,0,,From 2 Aug 1990 onwards: cash rate target; from 23 Jan 1990 to 1 Aug 1990: middle of the cash rate target range; from 7 Apr 1976 to 22 Jan 1990: interbank overnight cash rate.,4,Reserve Bank of Australia,"This rate can be considered the official policy rate as from 23 Jan 1990. Australia had a managed exchange rate regime prior to 1983, in an environment of capital controls. The RBA did not have an explicit target interest rate prior to 23 Jan 1990. The BIS publishes a representative rate for that period. Between  23 Jan 1990 and 31 Jul the middle of the cash rate target corridor is used.", Central bank policy rates - Australia - Monthly - End of period,1979-05,11,A,F,
M,AU,368,0,,From 2 Aug 1990 onwards: cash rate target; from 23 Jan 1990 to 1 Aug 1990: middle of the cash rate target range; from 7 Apr 1976 to 22 Jan 1990: interbank overnight cash rate.,4,Reserve Bank of Australia,"This rate can be considered the official policy rate as from 23 Jan 1990. Australia had a managed exchange rate regime prior to 1983, in an environment of capital controls. The RBA did not have an explicit target interest rate prior to 23 Jan 1990. The BIS publishes a representative rate for that period. Between  23 Jan 1990 and 31 Jul the middle of the cash rate target corridor is used.", Central bank policy rates - Australia - Monthly - End of period,1979-06,12,A,F,
M,AU,368,0,,From 2 Aug 1990 onwards: cash rate target; from 23 Jan 1990 to 1 Aug 1990: middle of the cash rate target range; from 7 Apr 1976 to 22 Jan 1990: interbank overnight cash rate.,4,Reserve Bank of Australia,"This rate can be considered the official policy rate as from 23 Jan 1990. Australia had a managed exchange rate regime prior to 1983, in an environment of capital controls. The RBA did not have an explicit target interest rate prior to 23 Jan 1990. The BIS publishes a representative rate for that period. Between  23 Jan 1990 and 31 Jul the middle of the cash rate target corridor is used.", Central bank policy rates - Australia - Monthly - End of period,1979-07,10,A,F,
M,AU,368,0,,From 2 Aug 1990 onwards: cash rate target; from 23 Jan 1990 to 1 Aug 1990: middle of the cash rate target range; from 7 Apr 1976 to 22 Jan 1990: interbank overnight cash rate.,4,Reserve Bank of Australia,"This rate can be considered the official policy rate as from 23 Jan 1990. Australia had a managed exchange rate regime prior to 1983, in an environment of capital controls. The RBA did not have an explicit target interest rate prior to 23 Jan 1990. The BIS publishes a representative rate for that period. Between  23 Jan 1990 and 31 Jul the middle of the cash rate target corridor is used.", Central bank policy rates - Australia - Monthly - End of period,1979-08,12.5,A,F,
M,AU,368,0,,From 2 Aug 1990 onwards: cash rate target; from 23 Jan 1990 to 1 Aug 1990: middle of the cash rate target range; from 7 Apr 1976 to 22 Jan 1990: interbank overnight cash rate.,4,Reserve Bank of Australia,"This rate can be considered the official policy rate as from 23 Jan 1990. Australia had a managed exchange rate regime prior to 1983, in an environment of capital controls. The RBA did not have an explicit target interest rate prior to 23 Jan 1990. The BIS publishes a representative rate for that period. Between  23 Jan 1990 and 31 Jul the middle of the cash rate target corridor is used.", Central bank policy rates - Australia - Monthly - End of period,1979-09,11,A,F,
M,AU,368,0,,From 2 Aug 1990 onwards: cash rate target; from 23 Jan 1990 to 1 Aug 1990: middle of the cash rate target range; from 7 Apr 1976 to 22 Jan 1990: interbank overnight cash rate.,4,Reserve Bank of Australia,"This rate can be considered the official policy rate as from 23 Jan 1990. Australia had a managed exchange rate regime prior to 1983, in an environment of capital controls. The RBA did not have an explicit target interest rate prior to 23 Jan 1990. The BIS publishes a representative rate for that period. Between  23 Jan 1990 and 31 Jul the middle of the cash rate target corridor is used.", Central bank policy rates - Australia - Monthly - End of period,1979-10,8.5,A,F,
M,AU,368,0,,From 2 Aug 1990 onwards: cash rate target; from 23 Jan 1990 to 1 Aug 1990: middle of the cash rate target range; from 7 Apr 1976 to 22 Jan 1990: interbank overnight cash rate.,4,Reserve Bank of Australia,"This rate can be considered the official policy rate as from 23 Jan 1990. Australia had a managed exchange rate regime prior to 1983, in an environment of capital controls. The RBA did not have an explicit target interest rate prior to 23 Jan 1990. The BIS publishes a representative rate for that period. Between  23 Jan 1990 and 31 Jul the middle of the cash rate target corridor is used.", Central bank policy rates - Australia - Monthly - End of period,1979-11,9.5,A,F,
M,AU,368,0,,From 2 Aug 1990 onwards: cash rate target; from 23 Jan 1990 to 1 Aug 1990: middle of the cash rate target range; from 7 Apr 1976 to 22 Jan 1990: interbank overnight cash rate.,4,Reserve Bank of Australia,"This rate can be considered the official policy rate as from 23 Jan 1990. Australia had a managed exchange rate regime prior to 1983, in an environment of capital controls. The RBA did not have an explicit target interest rate prior to 23 Jan 1990. The BIS publishes a representative rate for that period. Between  23 Jan 1990 and 31 Jul the middle of the cash rate target corridor is used.", Central bank policy rates - Australia - Monthly - End of period,1979-12,8,A,F,
M,AU,368,0,,From 2 Aug 1990 onwards: cash rate target; from 23 Jan 1990 to 1 Aug 1990: middle of the cash rate target range; from 7 Apr 1976 to 22 Jan 1990: interbank overnight cash rate.,4,Reserve Bank of Australia,"This rate can be considered the official policy rate as from 23 Jan 1990. Australia had a managed exchange rate regime prior to 1983, in an environment of capital controls. The RBA did not have an explicit target interest rate prior to 23 Jan 1990. The BIS publishes a representative rate for that period. Between  23 Jan 1990 and 31 Jul the middle of the cash rate target corridor is used.", Central bank policy rates - Australia - Monthly - End of period,1980-01,11,A,F,
M,AU,368,0,,From 2 Aug 1990 onwards: cash rate target; from 23 Jan 1990 to 1 Aug 1990: middle of the cash rate target range; from 7 Apr 1976 to 22 Jan 1990: interbank overnight cash rate.,4,Reserve Bank of Australia,"This rate can be considered the official policy rate as from 23 Jan 1990. Australia had a managed exchange rate regime prior to 1983, in an environment of capital controls. The RBA did not have an explicit target interest rate prior to 23 Jan 1990. The BIS publishes a representative rate for that period. Between  23 Jan 1990 and 31 Jul the middle of the cash rate target corridor is used.", Central bank policy rates - Australia - Monthly - End of period,1980-02,10,A,F,
M,AU,368,0,,From 2 Aug 1990 onwards: cash rate target; from 23 Jan 1990 to 1 Aug 1990: middle of the cash rate target range; from 7 Apr 1976 to 22 Jan 1990: interbank overnight cash rate.,4,Reserve Bank of Australia,"This rate can be considered the official policy rate as from 23 Jan 1990. Australia had a managed exchange rate regime prior to 1983, in an environment of capital controls. The RBA did not have an explicit target interest rate prior to 23 Jan 1990. The BIS publishes a representative rate for that period. Between  23 Jan 1990 and 31 Jul the middle of the cash rate target corridor is used.", Central bank policy rates - Australia - Monthly - End of period,1980-03,10,A,F,
M,AU,368,0,,From 2 Aug 1990 onwards: cash rate target; from 23 Jan 1990 to 1 Aug 1990: middle of the cash rate target range; from 7 Apr 1976 to 22 Jan 1990: interbank overnight cash rate.,4,Reserve Bank of Australia,"This rate can be considered the official policy rate as from 23 Jan 1990. Australia had a managed exchange rate regime prior to 1983, in an environment of capital controls. The RBA did not have an explicit target interest rate prior to 23 Jan 1990. The BIS publishes a representative rate for that period. Between  23 Jan 1990 and 31 Jul the middle of the cash rate target corridor is used.", Central bank policy rates - Australia - Monthly - End of period,1980-04,11,A,F,
M,AU,368,0,,From 2 Aug 1990 onwards: cash rate target; from 23 Jan 1990 to 1 Aug 1990: middle of the cash rate target range; from 7 Apr 1976 to 22 Jan 1990: interbank overnight cash rate.,4,Reserve Bank of Australia,"This rate can be considered the official policy rate as from 23 Jan 1990. Australia had a managed exchange rate regime prior to 1983, in an environment of capital controls. The RBA did not have an explicit target interest rate prior to 23 Jan 1990. The BIS publishes a representative rate for that period. Between  23 Jan 1990 and 31 Jul the middle of the cash rate target corridor is used.", Central bank policy rates - Australia - Monthly - End of period,1980-05,13.25,A,F,
M,AU,368,0,,From 2 Aug 1990 onwards: cash rate target; from 23 Jan 1990 to 1 Aug 1990: middle of the cash rate target range; from 7 Apr 1976 to 22 Jan 1990: interbank overnight cash rate.,4,Reserve Bank of Australia,"This rate can be considered the official policy rate as from 23 Jan 1990. Australia had a managed exchange rate regime prior to 1983, in an environment of capital controls. The RBA did not have an explicit target interest rate prior to 23 Jan 1990. The BIS publishes a representative rate for that period. Between  23 Jan 1990 and 31 Jul the middle of the cash rate target corridor is used.", Central bank policy rates - Australia - Monthly - End of period,1980-06,42.5,A,F,
M,AU,368,0,,From 2 Aug 1990 onwards: cash rate target; from 23 Jan 1990 to 1 Aug 1990: middle of the cash rate target range; from 7 Apr 1976 to 22 Jan 1990: interbank overnight cash rate.,4,Reserve Bank of Australia,"This rate can be considered the official policy rate as from 23 Jan 1990. Australia had a managed exchange rate regime prior to 1983, in an environment of capital controls. The RBA did not have an explicit target interest rate prior to 23 Jan 1990. The BIS publishes a representative rate for that period. Between  23 Jan 1990 and 31 Jul the middle of the cash rate target corridor is used.", Central bank policy rates - Australia - Monthly - End of period,1980-07,13.5,A,F,
M,AU,368,0,,From 2 Aug 1990 onwards: cash rate target; from 23 Jan 1990 to 1 Aug 1990: middle of the cash rate target range; from 7 Apr 1976 to 22 Jan 1990: interbank overnight cash rate.,4,Reserve Bank of Australia,"This rate can be considered the official policy rate as from 23 Jan 1990. Australia had a managed exchange rate regime prior to 1983, in an environment of capital controls. The RBA did not have an explicit target interest rate prior to 23 Jan 1990. The BIS publishes a representative rate for that period. Between  23 Jan 1990 and 31 Jul the middle of the cash rate target corridor is used.", Central bank policy rates - Australia - Monthly - End of period,1980-08,13,A,F,
M,AU,368,0,,From 2 Aug 1990 onwards: cash rate target; from 23 Jan 1990 to 1 Aug 1990: middle of the cash rate target range; from 7 Apr 1976 to 22 Jan 1990: interbank overnight cash rate.,4,Reserve Bank of Australia,"This rate can be considered the official policy rate as from 23 Jan 1990. Australia had a managed exchange rate regime prior to 1983, in an environment of capital controls. The RBA did not have an explicit target interest rate prior to 23 Jan 1990. The BIS publishes a representative rate for that period. Between  23 Jan 1990 and 31 Jul the middle of the cash rate target corridor is used.", Central bank policy rates - Australia - Monthly - End of period,1980-09,10.5,A,F,
M,AU,368,0,,From 2 Aug 1990 onwards: cash rate target; from 23 Jan 1990 to 1 Aug 1990: middle of the cash rate target range; from 7 Apr 1976 to 22 Jan 1990: interbank overnight cash rate.,4,Reserve Bank of Australia,"This rate can be considered the official policy rate as from 23 Jan 1990. Australia had a managed exchange rate regime prior to 1983, in an environment of capital controls. The RBA did not have an explicit target interest rate prior to 23 Jan 1990. The BIS publishes a representative rate for that period. Between  23 Jan 1990 and 31 Jul the middle of the cash rate target corridor is used.", Central bank policy rates - Australia - Monthly - End of period,1980-10,11.5,A,F,
M,AU,368,0,,From 2 Aug 1990 onwards: cash rate target; from 23 Jan 1990 to 1 Aug 1990: middle of the cash rate target range; from 7 Apr 1976 to 22 Jan 1990: interbank overnight cash rate.,4,Reserve Bank of Australia,"This rate can be considered the official policy rate as from 23 Jan 1990. Australia had a managed exchange rate regime prior to 1983, in an environment of capital controls. The RBA did not have an explicit target interest rate prior to 23 Jan 1990. The BIS publishes a representative rate for that period. Between  23 Jan 1990 and 31 Jul the middle of the cash rate target corridor is used.", Central bank policy rates - Australia - Monthly - End of period,1980-11,14.5,A,F,
M,AU,368,0,,From 2 Aug 1990 onwards: cash rate target; from 23 Jan 1990 to 1 Aug 1990: middle of the cash rate target range; from 7 Apr 1976 to 22 Jan 1990: interbank overnight cash rate.,4,Reserve Bank of Australia,"This rate can be considered the official policy rate as from 23 Jan 1990. Australia had a managed exchange rate regime prior to 1983, in an environment of capital controls. The RBA did not have an explicit target interest rate prior to 23 Jan 1990. The BIS publishes a representative rate for that period. Between  23 Jan 1990 and 31 Jul the middle of the cash rate target corridor is used.", Central bank policy rates - Australia - Monthly - End of period,1980-12,12.5,A,F,
M,AU,368,0,,From 2 Aug 1990 onwards: cash rate target; from 23 Jan 1990 to 1 Aug 1990: middle of the cash rate target range; from 7 Apr 1976 to 22 Jan 1990: interbank overnight cash rate.,4,Reserve Bank of Australia,"This rate can be considered the official policy rate as from 23 Jan 1990. Australia had a managed exchange rate regime prior to 1983, in an environment of capital controls. The RBA did not have an explicit target interest rate prior to 23 Jan 1990. The BIS publishes a representative rate for that period. Between  23 Jan 1990 and 31 Jul the middle of the cash rate target corridor is used.", Central bank policy rates - Australia - Monthly - End of period,1981-01,12,A,F,
M,AU,368,0,,From 2 Aug 1990 onwards: cash rate target; from 23 Jan 1990 to 1 Aug 1990: middle of the cash rate target range; from 7 Apr 1976 to 22 Jan 1990: interbank overnight cash rate.,4,Reserve Bank of Australia,"This rate can be considered the official policy rate as from 23 Jan 1990. Australia had a managed exchange rate regime prior to 1983, in an environment of capital controls. The RBA did not have an explicit target interest rate prior to 23 Jan 1990. The BIS publishes a representative rate for that period. Between  23 Jan 1990 and 31 Jul the middle of the cash rate target corridor is used.", Central bank policy rates - Australia - Monthly - End of period,1981-02,12.5,A,F,
M,AU,368,0,,From 2 Aug 1990 onwards: cash rate target; from 23 Jan 1990 to 1 Aug 1990: middle of the cash rate target range; from 7 Apr 1976 to 22 Jan 1990: interbank overnight cash rate.,4,Reserve Bank of Australia,"This rate can be considered the official policy rate as from 23 Jan 1990. Australia had a managed exchange rate regime prior to 1983, in an environment of capital controls. The RBA did not have an explicit target interest rate prior to 23 Jan 1990. The BIS publishes a representative rate for that period. Between  23 Jan 1990 and 31 Jul the middle of the cash rate target corridor is used.", Central bank policy rates - Australia - Monthly - End of period,1981-03,11.5,A,F,
M,AU,368,0,,From 2 Aug 1990 onwards: cash rate target; from 23 Jan 1990 to 1 Aug 1990: middle of the cash rate target range; from 7 Apr 1976 to 22 Jan 1990: interbank overnight cash rate.,4,Reserve Bank of Australia,"This rate can be considered the official policy rate as from 23 Jan 1990. Australia had a managed exchange rate regime prior to 1983, in an environment of capital controls. The RBA did not have an explicit target interest rate prior to 23 Jan 1990. The BIS publishes a representative rate for that period. Between  23 Jan 1990 and 31 Jul the middle of the cash rate target corridor is used.", Central bank policy rates - Australia - Monthly - End of period,1981-04,13.75,A,F,
M,AU,368,0,,From 2 Aug 1990 onwards: cash rate target; from 23 Jan 1990 to 1 Aug 1990: middle of the cash rate target range; from 7 Apr 1976 to 22 Jan 1990: interbank overnight cash rate.,4,Reserve Bank of Australia,"This rate can be considered the official policy rate as from 23 Jan 1990. Australia had a managed exchange rate regime prior to 1983, in an environment of capital controls. The RBA did not have an explicit target interest rate prior to 23 Jan 1990. The BIS publishes a representative rate for that period. Between  23 Jan 1990 and 31 Jul the middle of the cash rate target corridor is used.", Central bank policy rates - Australia - Monthly - End of period,1981-05,14.5,A,F,
M,AU,368,0,,From 2 Aug 1990 onwards: cash rate target; from 23 Jan 1990 to 1 Aug 1990: middle of the cash rate target range; from 7 Apr 1976 to 22 Jan 1990: interbank overnight cash rate.,4,Reserve Bank of Australia,"This rate can be considered the official policy rate as from 23 Jan 1990. Australia had a managed exchange rate regime prior to 1983, in an environment of capital controls. The RBA did not have an explicit target interest rate prior to 23 Jan 1990. The BIS publishes a representative rate for that period. Between  23 Jan 1990 and 31 Jul the middle of the cash rate target corridor is used.", Central bank policy rates - Australia - Monthly - End of period,1981-06,27.5,A,F,
M,AU,368,0,,From 2 Aug 1990 onwards: cash rate target; from 23 Jan 1990 to 1 Aug 1990: middle of the cash rate target range; from 7 Apr 1976 to 22 Jan 1990: interbank overnight cash rate.,4,Reserve Bank of Australia,"This rate can be considered the official policy rate as from 23 Jan 1990. Australia had a managed exchange rate regime prior to 1983, in an environment of capital controls. The RBA did not have an explicit target interest rate prior to 23 Jan 1990. The BIS publishes a representative rate for that period. Between  23 Jan 1990 and 31 Jul the middle of the cash rate target corridor is used.", Central bank policy rates - Australia - Monthly - End of period,1981-07,16.25,A,F,
M,AU,368,0,,From 2 Aug 1990 onwards: cash rate target; from 23 Jan 1990 to 1 Aug 1990: middle of the cash rate target range; from 7 Apr 1976 to 22 Jan 1990: interbank overnight cash rate.,4,Reserve Bank of Australia,"This rate can be considered the official policy rate as from 23 Jan 1990. Australia had a managed exchange rate regime prior to 1983, in an environment of capital controls. The RBA did not have an explicit target interest rate prior to 23 Jan 1990. The BIS publishes a representative rate for that period. Between  23 Jan 1990 and 31 Jul the middle of the cash rate target corridor is used.", Central bank policy rates - Australia - Monthly - End of period,1981-08,15.25,A,F,
M,AU,368,0,,From 2 Aug 1990 onwards: cash rate target; from 23 Jan 1990 to 1 Aug 1990: middle of the cash rate target range; from 7 Apr 1976 to 22 Jan 1990: interbank overnight cash rate.,4,Reserve Bank of Australia,"This rate can be considered the official policy rate as from 23 Jan 1990. Australia had a managed exchange rate regime prior to 1983, in an environment of capital controls. The RBA did not have an explicit target interest rate prior to 23 Jan 1990. The BIS publishes a representative rate for that period. Between  23 Jan 1990 and 31 Jul the middle of the cash rate target corridor is used.", Central bank policy rates - Australia - Monthly - End of period,1981-09,16.25,A,F,
M,AU,368,0,,From 2 Aug 1990 onwards: cash rate target; from 23 Jan 1990 to 1 Aug 1990: middle of the cash rate target range; from 7 Apr 1976 to 22 Jan 1990: interbank overnight cash rate.,4,Reserve Bank of Australia,"This rate can be considered the official policy rate as from 23 Jan 1990. Australia had a managed exchange rate regime prior to 1983, in an environment of capital controls. The RBA did not have an explicit target interest rate prior to 23 Jan 1990. The BIS publishes a representative rate for that period. Between  23 Jan 1990 and 31 Jul the middle of the cash rate target corridor is used.", Central bank policy rates - Australia - Monthly - End of period,1981-10,14.75,A,F,
M,AU,368,0,,From 2 Aug 1990 onwards: cash rate target; from 23 Jan 1990 to 1 Aug 1990: middle of the cash rate target range; from 7 Apr 1976 to 22 Jan 1990: interbank overnight cash rate.,4,Reserve Bank of Australia,"This rate can be considered the official policy rate as from 23 Jan 1990. Australia had a managed exchange rate regime prior to 1983, in an environment of capital controls. The RBA did not have an explicit target interest rate prior to 23 Jan 1990. The BIS publishes a representative rate for that period. Between  23 Jan 1990 and 31 Jul the middle of the cash rate target corridor is used.", Central bank policy rates - Australia - Monthly - End of period,1981-11,15,A,F,
M,AU,368,0,,From 2 Aug 1990 onwards: cash rate target; from 23 Jan 1990 to 1 Aug 1990: middle of the cash rate target range; from 7 Apr 1976 to 22 Jan 1990: interbank overnight cash rate.,4,Reserve Bank of Australia,"This rate can be considered the official policy rate as from 23 Jan 1990. Australia had a managed exchange rate regime prior to 1983, in an environment of capital controls. The RBA did not have an explicit target interest rate prior to 23 Jan 1990. The BIS publishes a representative rate for that period. Between  23 Jan 1990 and 31 Jul the middle of the cash rate target corridor is used.", Central bank policy rates - Australia - Monthly - End of period,1981-12,14.75,A,F,
M,AU,368,0,,From 2 Aug 1990 onwards: cash rate target; from 23 Jan 1990 to 1 Aug 1990: middle of the cash rate target range; from 7 Apr 1976 to 22 Jan 1990: interbank overnight cash rate.,4,Reserve Bank of Australia,"This rate can be considered the official policy rate as from 23 Jan 1990. Australia had a managed exchange rate regime prior to 1983, in an environment of capital controls. The RBA did not have an explicit target interest rate prior to 23 Jan 1990. The BIS publishes a representative rate for that period. Between  23 Jan 1990 and 31 Jul the middle of the cash rate target corridor is used.", Central bank policy rates - Australia - Monthly - End of period,1982-01,15.38,A,F,
M,AU,368,0,,From 2 Aug 1990 onwards: cash rate target; from 23 Jan 1990 to 1 Aug 1990: middle of the cash rate target range; from 7 Apr 1976 to 22 Jan 1990: interbank overnight cash rate.,4,Reserve Bank of Australia,"This rate can be considered the official policy rate as from 23 Jan 1990. Australia had a managed exchange rate regime prior to 1983, in an environment of capital controls. The RBA did not have an explicit target interest rate prior to 23 Jan 1990. The BIS publishes a representative rate for that period. Between  23 Jan 1990 and 31 Jul the middle of the cash rate target corridor is used.", Central bank policy rates - Australia - Monthly - End of period,1982-02,16.25,A,F,
M,AU,368,0,,From 2 Aug 1990 onwards: cash rate target; from 23 Jan 1990 to 1 Aug 1990: middle of the cash rate target range; from 7 Apr 1976 to 22 Jan 1990: interbank overnight cash rate.,4,Reserve Bank of Australia,"This rate can be considered the official policy rate as from 23 Jan 1990. Australia had a managed exchange rate regime prior to 1983, in an environment of capital controls. The RBA did not have an explicit target interest rate prior to 23 Jan 1990. The BIS publishes a representative rate for that period. Between  23 Jan 1990 and 31 Jul the middle of the cash rate target corridor is used.", Central bank policy rates - Australia - Monthly - End of period,1982-03,16.75,A,F,
M,AU,368,0,,From 2 Aug 1990 onwards: cash rate target; from 23 Jan 1990 to 1 Aug 1990: middle of the cash rate target range; from 7 Apr 1976 to 22 Jan 1990: interbank overnight cash rate.,4,Reserve Bank of Australia,"This rate can be considered the official policy rate as from 23 Jan 1990. Australia had a managed exchange rate regime prior to 1983, in an environment of capital controls. The RBA did not have an explicit target interest rate prior to 23 Jan 1990. The BIS publishes a representative rate for that period. Between  23 Jan 1990 and 31 Jul the middle of the cash rate target corridor is used.", Central bank policy rates - Australia - Monthly - End of period,1982-04,20.38,A,F,
M,AU,368,0,,From 2 Aug 1990 onwards: cash rate target; from 23 Jan 1990 to 1 Aug 1990: middle of the cash rate target range; from 7 Apr 1976 to 22 Jan 1990: interbank overnight cash rate.,4,Reserve Bank of Australia,"This rate can be considered the official policy rate as from 23 Jan 1990. Australia had a managed exchange rate regime prior to 1983, in an environment of capital controls. The RBA did not have an explicit target interest rate prior to 23 Jan 1990. The BIS publishes a representative rate for that period. Between  23 Jan 1990 and 31 Jul the middle of the cash rate target corridor is used.", Central bank policy rates - Australia - Monthly - End of period,1982-05,18.25,A,F,
M,AU,368,0,,From 2 Aug 1990 onwards: cash rate target; from 23 Jan 1990 to 1 Aug 1990: middle of the cash rate target range; from 7 Apr 1976 to 22 Jan 1990: interbank overnight cash rate.,4,Reserve Bank of Australia,"This rate can be considered the official policy rate as from 23 Jan 1990. Australia had a managed exchange rate regime prior to 1983, in an environment of capital controls. The RBA did not have an explicit target interest rate prior to 23 Jan 1990. The BIS publishes a representative rate for that period. Between  23 Jan 1990 and 31 Jul the middle of the cash rate target corridor is used.", Central bank policy rates - Australia - Monthly - End of period,1982-06,27.5,A,F,
M,AU,368,0,,From 2 Aug 1990 onwards: cash rate target; from 23 Jan 1990 to 1 Aug 1990: middle of the cash rate target range; from 7 Apr 1976 to 22 Jan 1990: interbank overnight cash rate.,4,Reserve Bank of Australia,"This rate can be considered the official policy rate as from 23 Jan 1990. Australia had a managed exchange rate regime prior to 1983, in an environment of capital controls. The RBA did not have an explicit target interest rate prior to 23 Jan 1990. The BIS publishes a representative rate for that period. Between  23 Jan 1990 and 31 Jul the middle of the cash rate target corridor is used.", Central bank policy rates - Australia - Monthly - End of period,1982-07,17,A,F,
M,AU,368,0,,From 2 Aug 1990 onwards: cash rate target; from 23 Jan 1990 to 1 Aug 1990: middle of the cash rate target range; from 7 Apr 1976 to 22 Jan 1990: interbank overnight cash rate.,4,Reserve Bank of Australia,"This rate can be considered the official policy rate as from 23 Jan 1990. Australia had a managed exchange rate regime prior to 1983, in an environment of capital controls. The RBA did not have an explicit target interest rate prior to 23 Jan 1990. The BIS publishes a representative rate for that period. Between  23 Jan 1990 and 31 Jul the middle of the cash rate target corridor is used.", Central bank policy rates - Australia - Monthly - End of period,1982-08,18.75,A,F,
M,AU,368,0,,From 2 Aug 1990 onwards: cash rate target; from 23 Jan 1990 to 1 Aug 1990: middle of the cash rate target range; from 7 Apr 1976 to 22 Jan 1990: interbank overnight cash rate.,4,Reserve Bank of Australia,"This rate can be considered the official policy rate as from 23 Jan 1990. Australia had a managed exchange rate regime prior to 1983, in an environment of capital controls. The RBA did not have an explicit target interest rate prior to 23 Jan 1990. The BIS publishes a representative rate for that period. Between  23 Jan 1990 and 31 Jul the middle of the cash rate target corridor is used.", Central bank policy rates - Australia - Monthly - End of period,1982-09,19,A,F,
M,AU,368,0,,From 2 Aug 1990 onwards: cash rate target; from 23 Jan 1990 to 1 Aug 1990: middle of the cash rate target range; from 7 Apr 1976 to 22 Jan 1990: interbank overnight cash rate.,4,Reserve Bank of Australia,"This rate can be considered the official policy rate as from 23 Jan 1990. Australia had a managed exchange rate regime prior to 1983, in an environment of capital controls. The RBA did not have an explicit target interest rate prior to 23 Jan 1990. The BIS publishes a representative rate for that period. Between  23 Jan 1990 and 31 Jul the middle of the cash rate target corridor is used.", Central bank policy rates - Australia - Monthly - End of period,1982-10,15.5,A,F,
M,AU,368,0,,From 2 Aug 1990 onwards: cash rate target; from 23 Jan 1990 to 1 Aug 1990: middle of the cash rate target range; from 7 Apr 1976 to 22 Jan 1990: interbank overnight cash rate.,4,Reserve Bank of Australia,"This rate can be considered the official policy rate as from 23 Jan 1990. Australia had a managed exchange rate regime prior to 1983, in an environment of capital controls. The RBA did not have an explicit target interest rate prior to 23 Jan 1990. The BIS publishes a representative rate for that period. Between  23 Jan 1990 and 31 Jul the middle of the cash rate target corridor is used.", Central bank policy rates - Australia - Monthly - End of period,1982-11,14.25,A,F,
M,AU,368,0,,From 2 Aug 1990 onwards: cash rate target; from 23 Jan 1990 to 1 Aug 1990: middle of the cash rate target range; from 7 Apr 1976 to 22 Jan 1990: interbank overnight cash rate.,4,Reserve Bank of Australia,"This rate can be considered the official policy rate as from 23 Jan 1990. Australia had a managed exchange rate regime prior to 1983, in an environment of capital controls. The RBA did not have an explicit target interest rate prior to 23 Jan 1990. The BIS publishes a representative rate for that period. Between  23 Jan 1990 and 31 Jul the middle of the cash rate target corridor is used.", Central bank policy rates - Australia - Monthly - End of period,1982-12,10.5,A,F,
M,AU,368,0,,From 2 Aug 1990 onwards: cash rate target; from 23 Jan 1990 to 1 Aug 1990: middle of the cash rate target range; from 7 Apr 1976 to 22 Jan 1990: interbank overnight cash rate.,4,Reserve Bank of Australia,"This rate can be considered the official policy rate as from 23 Jan 1990. Australia had a managed exchange rate regime prior to 1983, in an environment of capital controls. The RBA did not have an explicit target interest rate prior to 23 Jan 1990. The BIS publishes a representative rate for that period. Between  23 Jan 1990 and 31 Jul the middle of the cash rate target corridor is used.", Central bank policy rates - Australia - Monthly - End of period,1983-01,11.25,A,F,
M,AU,368,0,,From 2 Aug 1990 onwards: cash rate target; from 23 Jan 1990 to 1 Aug 1990: middle of the cash rate target range; from 7 Apr 1976 to 22 Jan 1990: interbank overnight cash rate.,4,Reserve Bank of Australia,"This rate can be considered the official policy rate as from 23 Jan 1990. Australia had a managed exchange rate regime prior to 1983, in an environment of capital controls. The RBA did not have an explicit target interest rate prior to 23 Jan 1990. The BIS publishes a representative rate for that period. Between  23 Jan 1990 and 31 Jul the middle of the cash rate target corridor is used.", Central bank policy rates - Australia - Monthly - End of period,1983-02,17.25,A,F,
M,AU,368,0,,From 2 Aug 1990 onwards: cash rate target; from 23 Jan 1990 to 1 Aug 1990: middle of the cash rate target range; from 7 Apr 1976 to 22 Jan 1990: interbank overnight cash rate.,4,Reserve Bank of Australia,"This rate can be considered the official policy rate as from 23 Jan 1990. Australia had a managed exchange rate regime prior to 1983, in an environment of capital controls. The RBA did not have an explicit target interest rate prior to 23 Jan 1990. The BIS publishes a representative rate for that period. Between  23 Jan 1990 and 31 Jul the middle of the cash rate target corridor is used.", Central bank policy rates - Australia - Monthly - End of period,1983-03,13.88,A,F,
M,AU,368,0,,From 2 Aug 1990 onwards: cash rate target; from 23 Jan 1990 to 1 Aug 1990: middle of the cash rate target range; from 7 Apr 1976 to 22 Jan 1990: interbank overnight cash rate.,4,Reserve Bank of Australia,"This rate can be considered the official policy rate as from 23 Jan 1990. Australia had a managed exchange rate regime prior to 1983, in an environment of capital controls. The RBA did not have an explicit target interest rate prior to 23 Jan 1990. The BIS publishes a representative rate for that period. Between  23 Jan 1990 and 31 Jul the middle of the cash rate target corridor is used.", Central bank policy rates - Australia - Monthly - End of period,1983-04,14,A,F,
M,AU,368,0,,From 2 Aug 1990 onwards: cash rate target; from 23 Jan 1990 to 1 Aug 1990: middle of the cash rate target range; from 7 Apr 1976 to 22 Jan 1990: interbank overnight cash rate.,4,Reserve Bank of Australia,"This rate can be considered the official policy rate as from 23 Jan 1990. Australia had a managed exchange rate regime prior to 1983, in an environment of capital controls. The RBA did not have an explicit target interest rate prior to 23 Jan 1990. The BIS publishes a representative rate for that period. Between  23 Jan 1990 and 31 Jul the middle of the cash rate target corridor is used.", Central bank policy rates - Australia - Monthly - End of period,1983-05,13.5,A,F,
M,AU,368,0,,From 2 Aug 1990 onwards: cash rate target; from 23 Jan 1990 to 1 Aug 1990: middle of the cash rate target range; from 7 Apr 1976 to 22 Jan 1990: interbank overnight cash rate.,4,Reserve Bank of Australia,"This rate can be considered the official policy rate as from 23 Jan 1990. Australia had a managed exchange rate regime prior to 1983, in an environment of capital controls. The RBA did not have an explicit target interest rate prior to 23 Jan 1990. The BIS publishes a representative rate for that period. Between  23 Jan 1990 and 31 Jul the middle of the cash rate target corridor is used.", Central bank policy rates - Australia - Monthly - End of period,1983-06,15.5,A,F,
M,AU,368,0,,From 2 Aug 1990 onwards: cash rate target; from 23 Jan 1990 to 1 Aug 1990: middle of the cash rate target range; from 7 Apr 1976 to 22 Jan 1990: interbank overnight cash rate.,4,Reserve Bank of Australia,"This rate can be considered the official policy rate as from 23 Jan 1990. Australia had a managed exchange rate regime prior to 1983, in an environment of capital controls. The RBA did not have an explicit target interest rate prior to 23 Jan 1990. The BIS publishes a representative rate for that period. Between  23 Jan 1990 and 31 Jul the middle of the cash rate target corridor is used.", Central bank policy rates - Australia - Monthly - End of period,1983-07,11.5,A,F,
M,AU,368,0,,From 2 Aug 1990 onwards: cash rate target; from 23 Jan 1990 to 1 Aug 1990: middle of the cash rate target range; from 7 Apr 1976 to 22 Jan 1990: interbank overnight cash rate.,4,Reserve Bank of Australia,"This rate can be considered the official policy rate as from 23 Jan 1990. Australia had a managed exchange rate regime prior to 1983, in an environment of capital controls. The RBA did not have an explicit target interest rate prior to 23 Jan 1990. The BIS publishes a representative rate for that period. Between  23 Jan 1990 and 31 Jul the middle of the cash rate target corridor is used.", Central bank policy rates - Australia - Monthly - End of period,1983-08,10,A,F,
M,AU,368,0,,From 2 Aug 1990 onwards: cash rate target; from 23 Jan 1990 to 1 Aug 1990: middle of the cash rate target range; from 7 Apr 1976 to 22 Jan 1990: interbank overnight cash rate.,4,Reserve Bank of Australia,"This rate can be considered the official policy rate as from 23 Jan 1990. Australia had a managed exchange rate regime prior to 1983, in an environment of capital controls. The RBA did not have an explicit target interest rate prior to 23 Jan 1990. The BIS publishes a representative rate for that period. Between  23 Jan 1990 and 31 Jul the middle of the cash rate target corridor is used.", Central bank policy rates - Australia - Monthly - End of period,1983-09,13.75,A,F,
M,AU,368,0,,From 2 Aug 1990 onwards: cash rate target; from 23 Jan 1990 to 1 Aug 1990: middle of the cash rate target range; from 7 Apr 1976 to 22 Jan 1990: interbank overnight cash rate.,4,Reserve Bank of Australia,"This rate can be considered the official policy rate as from 23 Jan 1990. Australia had a managed exchange rate regime prior to 1983, in an environment of capital controls. The RBA did not have an explicit target interest rate prior to 23 Jan 1990. The BIS publishes a representative rate for that period. Between  23 Jan 1990 and 31 Jul the middle of the cash rate target corridor is used.", Central bank policy rates - Australia - Monthly - End of period,1983-10,12.75,A,F,
M,AU,368,0,,From 2 Aug 1990 onwards: cash rate target; from 23 Jan 1990 to 1 Aug 1990: middle of the cash rate target range; from 7 Apr 1976 to 22 Jan 1990: interbank overnight cash rate.,4,Reserve Bank of Australia,"This rate can be considered the official policy rate as from 23 Jan 1990. Australia had a managed exchange rate regime prior to 1983, in an environment of capital controls. The RBA did not have an explicit target interest rate prior to 23 Jan 1990. The BIS publishes a representative rate for that period. Between  23 Jan 1990 and 31 Jul the middle of the cash rate target corridor is used.", Central bank policy rates - Australia - Monthly - End of period,1983-11,11.25,A,F,
M,AU,368,0,,From 2 Aug 1990 onwards: cash rate target; from 23 Jan 1990 to 1 Aug 1990: middle of the cash rate target range; from 7 Apr 1976 to 22 Jan 1990: interbank overnight cash rate.,4,Reserve Bank of Australia,"This rate can be considered the official policy rate as from 23 Jan 1990. Australia had a managed exchange rate regime prior to 1983, in an environment of capital controls. The RBA did not have an explicit target interest rate prior to 23 Jan 1990. The BIS publishes a representative rate for that period. Between  23 Jan 1990 and 31 Jul the middle of the cash rate target corridor is used.", Central bank policy rates - Australia - Monthly - End of period,1983-12,6,A,F,
M,AU,368,0,,From 2 Aug 1990 onwards: cash rate target; from 23 Jan 1990 to 1 Aug 1990: middle of the cash rate target range; from 7 Apr 1976 to 22 Jan 1990: interbank overnight cash rate.,4,Reserve Bank of Australia,"This rate can be considered the official policy rate as from 23 Jan 1990. Australia had a managed exchange rate regime prior to 1983, in an environment of capital controls. The RBA did not have an explicit target interest rate prior to 23 Jan 1990. The BIS publishes a representative rate for that period. Between  23 Jan 1990 and 31 Jul the middle of the cash rate target corridor is used.", Central bank policy rates - Australia - Monthly - End of period,1984-01,9.75,A,F,
M,AU,368,0,,From 2 Aug 1990 onwards: cash rate target; from 23 Jan 1990 to 1 Aug 1990: middle of the cash rate target range; from 7 Apr 1976 to 22 Jan 1990: interbank overnight cash rate.,4,Reserve Bank of Australia,"This rate can be considered the official policy rate as from 23 Jan 1990. Australia had a managed exchange rate regime prior to 1983, in an environment of capital controls. The RBA did not have an explicit target interest rate prior to 23 Jan 1990. The BIS publishes a representative rate for that period. Between  23 Jan 1990 and 31 Jul the middle of the cash rate target corridor is used.", Central bank policy rates - Australia - Monthly - End of period,1984-02,12.88,A,F,
M,AU,368,0,,From 2 Aug 1990 onwards: cash rate target; from 23 Jan 1990 to 1 Aug 1990: middle of the cash rate target range; from 7 Apr 1976 to 22 Jan 1990: interbank overnight cash rate.,4,Reserve Bank of Australia,"This rate can be considered the official policy rate as from 23 Jan 1990. Australia had a managed exchange rate regime prior to 1983, in an environment of capital controls. The RBA did not have an explicit target interest rate prior to 23 Jan 1990. The BIS publishes a representative rate for that period. Between  23 Jan 1990 and 31 Jul the middle of the cash rate target corridor is used.", Central bank policy rates - Australia - Monthly - End of period,1984-03,14.25,A,F,
M,AU,368,0,,From 2 Aug 1990 onwards: cash rate target; from 23 Jan 1990 to 1 Aug 1990: middle of the cash rate target range; from 7 Apr 1976 to 22 Jan 1990: interbank overnight cash rate.,4,Reserve Bank of Australia,"This rate can be considered the official policy rate as from 23 Jan 1990. Australia had a managed exchange rate regime prior to 1983, in an environment of capital controls. The RBA did not have an explicit target interest rate prior to 23 Jan 1990. The BIS publishes a representative rate for that period. Between  23 Jan 1990 and 31 Jul the middle of the cash rate target corridor is used.", Central bank policy rates - Australia - Monthly - End of period,1984-04,14.25,A,F,
M,AU,368,0,,From 2 Aug 1990 onwards: cash rate target; from 23 Jan 1990 to 1 Aug 1990: middle of the cash rate target range; from 7 Apr 1976 to 22 Jan 1990: interbank overnight cash rate.,4,Reserve Bank of Australia,"This rate can be considered the official policy rate as from 23 Jan 1990. Australia had a managed exchange rate regime prior to 1983, in an environment of capital controls. The RBA did not have an explicit target interest rate prior to 23 Jan 1990. The BIS publishes a representative rate for that period. Between  23 Jan 1990 and 31 Jul the middle of the cash rate target corridor is used.", Central bank policy rates - Australia - Monthly - End of period,1984-05,13.5,A,F,
M,AU,368,0,,From 2 Aug 1990 onwards: cash rate target; from 23 Jan 1990 to 1 Aug 1990: middle of the cash rate target range; from 7 Apr 1976 to 22 Jan 1990: interbank overnight cash rate.,4,Reserve Bank of Australia,"This rate can be considered the official policy rate as from 23 Jan 1990. Australia had a managed exchange rate regime prior to 1983, in an environment of capital controls. The RBA did not have an explicit target interest rate prior to 23 Jan 1990. The BIS publishes a representative rate for that period. Between  23 Jan 1990 and 31 Jul the middle of the cash rate target corridor is used.", Central bank policy rates - Australia - Monthly - End of period,1984-06,14.63,A,F,
M,AU,368,0,,From 2 Aug 1990 onwards: cash rate target; from 23 Jan 1990 to 1 Aug 1990: middle of the cash rate target range; from 7 Apr 1976 to 22 Jan 1990: interbank overnight cash rate.,4,Reserve Bank of Australia,"This rate can be considered the official policy rate as from 23 Jan 1990. Australia had a managed exchange rate regime prior to 1983, in an environment of capital controls. The RBA did not have an explicit target interest rate prior to 23 Jan 1990. The BIS publishes a representative rate for that period. Between  23 Jan 1990 and 31 Jul the middle of the cash rate target corridor is used.", Central bank policy rates - Australia - Monthly - End of period,1984-07,11.88,A,F,
M,AU,368,0,,From 2 Aug 1990 onwards: cash rate target; from 23 Jan 1990 to 1 Aug 1990: middle of the cash rate target range; from 7 Apr 1976 to 22 Jan 1990: interbank overnight cash rate.,4,Reserve Bank of Australia,"This rate can be considered the official policy rate as from 23 Jan 1990. Australia had a managed exchange rate regime prior to 1983, in an environment of capital controls. The RBA did not have an explicit target interest rate prior to 23 Jan 1990. The BIS publishes a representative rate for that period. Between  23 Jan 1990 and 31 Jul the middle of the cash rate target corridor is used.", Central bank policy rates - Australia - Monthly - End of period,1984-08,12.38,A,F,
M,AU,368,0,,From 2 Aug 1990 onwards: cash rate target; from 23 Jan 1990 to 1 Aug 1990: middle of the cash rate target range; from 7 Apr 1976 to 22 Jan 1990: interbank overnight cash rate.,4,Reserve Bank of Australia,"This rate can be considered the official policy rate as from 23 Jan 1990. Australia had a managed exchange rate regime prior to 1983, in an environment of capital controls. The RBA did not have an explicit target interest rate prior to 23 Jan 1990. The BIS publishes a representative rate for that period. Between  23 Jan 1990 and 31 Jul the middle of the cash rate target corridor is used.", Central bank policy rates - Australia - Monthly - End of period,1984-09,12.13,A,F,
M,AU,368,0,,From 2 Aug 1990 onwards: cash rate target; from 23 Jan 1990 to 1 Aug 1990: middle of the cash rate target range; from 7 Apr 1976 to 22 Jan 1990: interbank overnight cash rate.,4,Reserve Bank of Australia,"This rate can be considered the official policy rate as from 23 Jan 1990. Australia had a managed exchange rate regime prior to 1983, in an environment of capital controls. The RBA did not have an explicit target interest rate prior to 23 Jan 1990. The BIS publishes a representative rate for that period. Between  23 Jan 1990 and 31 Jul the middle of the cash rate target corridor is used.", Central bank policy rates - Australia - Monthly - End of period,1984-10,12.75,A,F,
M,AU,368,0,,From 2 Aug 1990 onwards: cash rate target; from 23 Jan 1990 to 1 Aug 1990: middle of the cash rate target range; from 7 Apr 1976 to 22 Jan 1990: interbank overnight cash rate.,4,Reserve Bank of Australia,"This rate can be considered the official policy rate as from 23 Jan 1990. Australia had a managed exchange rate regime prior to 1983, in an environment of capital controls. The RBA did not have an explicit target interest rate prior to 23 Jan 1990. The BIS publishes a representative rate for that period. Between  23 Jan 1990 and 31 Jul the middle of the cash rate target corridor is used.", Central bank policy rates - Australia - Monthly - End of period,1984-11,11.13,A,F,
M,AU,368,0,,From 2 Aug 1990 onwards: cash rate target; from 23 Jan 1990 to 1 Aug 1990: middle of the cash rate target range; from 7 Apr 1976 to 22 Jan 1990: interbank overnight cash rate.,4,Reserve Bank of Australia,"This rate can be considered the official policy rate as from 23 Jan 1990. Australia had a managed exchange rate regime prior to 1983, in an environment of capital controls. The RBA did not have an explicit target interest rate prior to 23 Jan 1990. The BIS publishes a representative rate for that period. Between  23 Jan 1990 and 31 Jul the middle of the cash rate target corridor is used.", Central bank policy rates - Australia - Monthly - End of period,1984-12,11.25,A,F,
M,AU,368,0,,From 2 Aug 1990 onwards: cash rate target; from 23 Jan 1990 to 1 Aug 1990: middle of the cash rate target range; from 7 Apr 1976 to 22 Jan 1990: interbank overnight cash rate.,4,Reserve Bank of Australia,"This rate can be considered the official policy rate as from 23 Jan 1990. Australia had a managed exchange rate regime prior to 1983, in an environment of capital controls. The RBA did not have an explicit target interest rate prior to 23 Jan 1990. The BIS publishes a representative rate for that period. Between  23 Jan 1990 and 31 Jul the middle of the cash rate target corridor is used.", Central bank policy rates - Australia - Monthly - End of period,1985-01,11.88,A,F,
M,AU,368,0,,From 2 Aug 1990 onwards: cash rate target; from 23 Jan 1990 to 1 Aug 1990: middle of the cash rate target range; from 7 Apr 1976 to 22 Jan 1990: interbank overnight cash rate.,4,Reserve Bank of Australia,"This rate can be considered the official policy rate as from 23 Jan 1990. Australia had a managed exchange rate regime prior to 1983, in an environment of capital controls. The RBA did not have an explicit target interest rate prior to 23 Jan 1990. The BIS publishes a representative rate for that period. Between  23 Jan 1990 and 31 Jul the middle of the cash rate target corridor is used.", Central bank policy rates - Australia - Monthly - End of period,1985-02,14.25,A,F,
M,AU,368,0,,From 2 Aug 1990 onwards: cash rate target; from 23 Jan 1990 to 1 Aug 1990: middle of the cash rate target range; from 7 Apr 1976 to 22 Jan 1990: interbank overnight cash rate.,4,Reserve Bank of Australia,"This rate can be considered the official policy rate as from 23 Jan 1990. Australia had a managed exchange rate regime prior to 1983, in an environment of capital controls. The RBA did not have an explicit target interest rate prior to 23 Jan 1990. The BIS publishes a representative rate for that period. Between  23 Jan 1990 and 31 Jul the middle of the cash rate target corridor is used.", Central bank policy rates - Australia - Monthly - End of period,1985-03,13.38,A,F,
M,AU,368,0,,From 2 Aug 1990 onwards: cash rate target; from 23 Jan 1990 to 1 Aug 1990: middle of the cash rate target range; from 7 Apr 1976 to 22 Jan 1990: interbank overnight cash rate.,4,Reserve Bank of Australia,"This rate can be considered the official policy rate as from 23 Jan 1990. Australia had a managed exchange rate regime prior to 1983, in an environment of capital controls. The RBA did not have an explicit target interest rate prior to 23 Jan 1990. The BIS publishes a representative rate for that period. Between  23 Jan 1990 and 31 Jul the middle of the cash rate target corridor is used.", Central bank policy rates - Australia - Monthly - End of period,1985-04,15.88,A,F,
M,AU,368,0,,From 2 Aug 1990 onwards: cash rate target; from 23 Jan 1990 to 1 Aug 1990: middle of the cash rate target range; from 7 Apr 1976 to 22 Jan 1990: interbank overnight cash rate.,4,Reserve Bank of Australia,"This rate can be considered the official policy rate as from 23 Jan 1990. Australia had a managed exchange rate regime prior to 1983, in an environment of capital controls. The RBA did not have an explicit target interest rate prior to 23 Jan 1990. The BIS publishes a representative rate for that period. Between  23 Jan 1990 and 31 Jul the middle of the cash rate target corridor is used.", Central bank policy rates - Australia - Monthly - End of period,1985-05,14.88,A,F,
M,AU,368,0,,From 2 Aug 1990 onwards: cash rate target; from 23 Jan 1990 to 1 Aug 1990: middle of the cash rate target range; from 7 Apr 1976 to 22 Jan 1990: interbank overnight cash rate.,4,Reserve Bank of Australia,"This rate can be considered the official policy rate as from 23 Jan 1990. Australia had a managed exchange rate regime prior to 1983, in an environment of capital controls. The RBA did not have an explicit target interest rate prior to 23 Jan 1990. The BIS publishes a representative rate for that period. Between  23 Jan 1990 and 31 Jul the middle of the cash rate target corridor is used.", Central bank policy rates - Australia - Monthly - End of period,1985-06,19.75,A,F,
M,AU,368,0,,From 2 Aug 1990 onwards: cash rate target; from 23 Jan 1990 to 1 Aug 1990: middle of the cash rate target range; from 7 Apr 1976 to 22 Jan 1990: interbank overnight cash rate.,4,Reserve Bank of Australia,"This rate can be considered the official policy rate as from 23 Jan 1990. Australia had a managed exchange rate regime prior to 1983, in an environment of capital controls. The RBA did not have an explicit target interest rate prior to 23 Jan 1990. The BIS publishes a representative rate for that period. Between  23 Jan 1990 and 31 Jul the middle of the cash rate target corridor is used.", Central bank policy rates - Australia - Monthly - End of period,1985-07,16.63,A,F,
M,AU,368,0,,From 2 Aug 1990 onwards: cash rate target; from 23 Jan 1990 to 1 Aug 1990: middle of the cash rate target range; from 7 Apr 1976 to 22 Jan 1990: interbank overnight cash rate.,4,Reserve Bank of Australia,"This rate can be considered the official policy rate as from 23 Jan 1990. Australia had a managed exchange rate regime prior to 1983, in an environment of capital controls. The RBA did not have an explicit target interest rate prior to 23 Jan 1990. The BIS publishes a representative rate for that period. Between  23 Jan 1990 and 31 Jul the middle of the cash rate target corridor is used.", Central bank policy rates - Australia - Monthly - End of period,1985-08,16.13,A,F,
M,AU,368,0,,From 2 Aug 1990 onwards: cash rate target; from 23 Jan 1990 to 1 Aug 1990: middle of the cash rate target range; from 7 Apr 1976 to 22 Jan 1990: interbank overnight cash rate.,4,Reserve Bank of Australia,"This rate can be considered the official policy rate as from 23 Jan 1990. Australia had a managed exchange rate regime prior to 1983, in an environment of capital controls. The RBA did not have an explicit target interest rate prior to 23 Jan 1990. The BIS publishes a representative rate for that period. Between  23 Jan 1990 and 31 Jul the middle of the cash rate target corridor is used.", Central bank policy rates - Australia - Monthly - End of period,1985-09,16.25,A,F,
M,AU,368,0,,From 2 Aug 1990 onwards: cash rate target; from 23 Jan 1990 to 1 Aug 1990: middle of the cash rate target range; from 7 Apr 1976 to 22 Jan 1990: interbank overnight cash rate.,4,Reserve Bank of Australia,"This rate can be considered the official policy rate as from 23 Jan 1990. Australia had a managed exchange rate regime prior to 1983, in an environment of capital controls. The RBA did not have an explicit target interest rate prior to 23 Jan 1990. The BIS publishes a representative rate for that period. Between  23 Jan 1990 and 31 Jul the middle of the cash rate target corridor is used.", Central bank policy rates - Australia - Monthly - End of period,1985-10,16.38,A,F,
M,AU,368,0,,From 2 Aug 1990 onwards: cash rate target; from 23 Jan 1990 to 1 Aug 1990: middle of the cash rate target range; from 7 Apr 1976 to 22 Jan 1990: interbank overnight cash rate.,4,Reserve Bank of Australia,"This rate can be considered the official policy rate as from 23 Jan 1990. Australia had a managed exchange rate regime prior to 1983, in an environment of capital controls. The RBA did not have an explicit target interest rate prior to 23 Jan 1990. The BIS publishes a representative rate for that period. Between  23 Jan 1990 and 31 Jul the middle of the cash rate target corridor is used.", Central bank policy rates - Australia - Monthly - End of period,1985-11,18.75,A,F,
M,AU,368,0,,From 2 Aug 1990 onwards: cash rate target; from 23 Jan 1990 to 1 Aug 1990: middle of the cash rate target range; from 7 Apr 1976 to 22 Jan 1990: interbank overnight cash rate.,4,Reserve Bank of Australia,"This rate can be considered the official policy rate as from 23 Jan 1990. Australia had a managed exchange rate regime prior to 1983, in an environment of capital controls. The RBA did not have an explicit target interest rate prior to 23 Jan 1990. The BIS publishes a representative rate for that period. Between  23 Jan 1990 and 31 Jul the middle of the cash rate target corridor is used.", Central bank policy rates - Australia - Monthly - End of period,1985-12,19,A,F,
M,AU,368,0,,From 2 Aug 1990 onwards: cash rate target; from 23 Jan 1990 to 1 Aug 1990: middle of the cash rate target range; from 7 Apr 1976 to 22 Jan 1990: interbank overnight cash rate.,4,Reserve Bank of Australia,"This rate can be considered the official policy rate as from 23 Jan 1990. Australia had a managed exchange rate regime prior to 1983, in an environment of capital controls. The RBA did not have an explicit target interest rate prior to 23 Jan 1990. The BIS publishes a representative rate for that period. Between  23 Jan 1990 and 31 Jul the middle of the cash rate target corridor is used.", Central bank policy rates - Australia - Monthly - End of period,1986-01,18.75,A,F,
M,AU,368,0,,From 2 Aug 1990 onwards: cash rate target; from 23 Jan 1990 to 1 Aug 1990: middle of the cash rate target range; from 7 Apr 1976 to 22 Jan 1990: interbank overnight cash rate.,4,Reserve Bank of Australia,"This rate can be considered the official policy rate as from 23 Jan 1990. Australia had a managed exchange rate regime prior to 1983, in an environment of capital controls. The RBA did not have an explicit target interest rate prior to 23 Jan 1990. The BIS publishes a representative rate for that period. Between  23 Jan 1990 and 31 Jul the middle of the cash rate target corridor is used.", Central bank policy rates - Australia - Monthly - End of period,1986-02,17,A,F,
M,AU,368,0,,From 2 Aug 1990 onwards: cash rate target; from 23 Jan 1990 to 1 Aug 1990: middle of the cash rate target range; from 7 Apr 1976 to 22 Jan 1990: interbank overnight cash rate.,4,Reserve Bank of Australia,"This rate can be considered the official policy rate as from 23 Jan 1990. Australia had a managed exchange rate regime prior to 1983, in an environment of capital controls. The RBA did not have an explicit target interest rate prior to 23 Jan 1990. The BIS publishes a representative rate for that period. Between  23 Jan 1990 and 31 Jul the middle of the cash rate target corridor is used.", Central bank policy rates - Australia - Monthly - End of period,1986-03,16.75,A,F,
M,AU,368,0,,From 2 Aug 1990 onwards: cash rate target; from 23 Jan 1990 to 1 Aug 1990: middle of the cash rate target range; from 7 Apr 1976 to 22 Jan 1990: interbank overnight cash rate.,4,Reserve Bank of Australia,"This rate can be considered the official policy rate as from 23 Jan 1990. Australia had a managed exchange rate regime prior to 1983, in an environment of capital controls. The RBA did not have an explicit target interest rate prior to 23 Jan 1990. The BIS publishes a representative rate for that period. Between  23 Jan 1990 and 31 Jul the middle of the cash rate target corridor is used.", Central bank policy rates - Australia - Monthly - End of period,1986-04,15.38,A,F,
M,AU,368,0,,From 2 Aug 1990 onwards: cash rate target; from 23 Jan 1990 to 1 Aug 1990: middle of the cash rate target range; from 7 Apr 1976 to 22 Jan 1990: interbank overnight cash rate.,4,Reserve Bank of Australia,"This rate can be considered the official policy rate as from 23 Jan 1990. Australia had a managed exchange rate regime prior to 1983, in an environment of capital controls. The RBA did not have an explicit target interest rate prior to 23 Jan 1990. The BIS publishes a representative rate for that period. Between  23 Jan 1990 and 31 Jul the middle of the cash rate target corridor is used.", Central bank policy rates - Australia - Monthly - End of period,1986-05,14.75,A,F,
M,AU,368,0,,From 2 Aug 1990 onwards: cash rate target; from 23 Jan 1990 to 1 Aug 1990: middle of the cash rate target range; from 7 Apr 1976 to 22 Jan 1990: interbank overnight cash rate.,4,Reserve Bank of Australia,"This rate can be considered the official policy rate as from 23 Jan 1990. Australia had a managed exchange rate regime prior to 1983, in an environment of capital controls. The RBA did not have an explicit target interest rate prior to 23 Jan 1990. The BIS publishes a representative rate for that period. Between  23 Jan 1990 and 31 Jul the middle of the cash rate target corridor is used.", Central bank policy rates - Australia - Monthly - End of period,1986-06,19,A,F,
M,AU,368,0,,From 2 Aug 1990 onwards: cash rate target; from 23 Jan 1990 to 1 Aug 1990: middle of the cash rate target range; from 7 Apr 1976 to 22 Jan 1990: interbank overnight cash rate.,4,Reserve Bank of Australia,"This rate can be considered the official policy rate as from 23 Jan 1990. Australia had a managed exchange rate regime prior to 1983, in an environment of capital controls. The RBA did not have an explicit target interest rate prior to 23 Jan 1990. The BIS publishes a representative rate for that period. Between  23 Jan 1990 and 31 Jul the middle of the cash rate target corridor is used.", Central bank policy rates - Australia - Monthly - End of period,1986-07,15.25,A,F,
M,AU,368,0,,From 2 Aug 1990 onwards: cash rate target; from 23 Jan 1990 to 1 Aug 1990: middle of the cash rate target range; from 7 Apr 1976 to 22 Jan 1990: interbank overnight cash rate.,4,Reserve Bank of Australia,"This rate can be considered the official policy rate as from 23 Jan 1990. Australia had a managed exchange rate regime prior to 1983, in an environment of capital controls. The RBA did not have an explicit target interest rate prior to 23 Jan 1990. The BIS publishes a representative rate for that period. Between  23 Jan 1990 and 31 Jul the middle of the cash rate target corridor is used.", Central bank policy rates - Australia - Monthly - End of period,1986-08,18.13,A,F,
M,AU,368,0,,From 2 Aug 1990 onwards: cash rate target; from 23 Jan 1990 to 1 Aug 1990: middle of the cash rate target range; from 7 Apr 1976 to 22 Jan 1990: interbank overnight cash rate.,4,Reserve Bank of Australia,"This rate can be considered the official policy rate as from 23 Jan 1990. Australia had a managed exchange rate regime prior to 1983, in an environment of capital controls. The RBA did not have an explicit target interest rate prior to 23 Jan 1990. The BIS publishes a representative rate for that period. Between  23 Jan 1990 and 31 Jul the middle of the cash rate target corridor is used.", Central bank policy rates - Australia - Monthly - End of period,1986-09,17.63,A,F,
M,AU,368,0,,From 2 Aug 1990 onwards: cash rate target; from 23 Jan 1990 to 1 Aug 1990: middle of the cash rate target range; from 7 Apr 1976 to 22 Jan 1990: interbank overnight cash rate.,4,Reserve Bank of Australia,"This rate can be considered the official policy rate as from 23 Jan 1990. Australia had a managed exchange rate regime prior to 1983, in an environment of capital controls. The RBA did not have an explicit target interest rate prior to 23 Jan 1990. The BIS publishes a representative rate for that period. Between  23 Jan 1990 and 31 Jul the middle of the cash rate target corridor is used.", Central bank policy rates - Australia - Monthly - End of period,1986-10,16,A,F,
M,AU,368,0,,From 2 Aug 1990 onwards: cash rate target; from 23 Jan 1990 to 1 Aug 1990: middle of the cash rate target range; from 7 Apr 1976 to 22 Jan 1990: interbank overnight cash rate.,4,Reserve Bank of Australia,"This rate can be considered the official policy rate as from 23 Jan 1990. Australia had a managed exchange rate regime prior to 1983, in an environment of capital controls. The RBA did not have an explicit target interest rate prior to 23 Jan 1990. The BIS publishes a representative rate for that period. Between  23 Jan 1990 and 31 Jul the middle of the cash rate target corridor is used.", Central bank policy rates - Australia - Monthly - End of period,1986-11,16,A,F,
M,AU,368,0,,From 2 Aug 1990 onwards: cash rate target; from 23 Jan 1990 to 1 Aug 1990: middle of the cash rate target range; from 7 Apr 1976 to 22 Jan 1990: interbank overnight cash rate.,4,Reserve Bank of Australia,"This rate can be considered the official policy rate as from 23 Jan 1990. Australia had a managed exchange rate regime prior to 1983, in an environment of capital controls. The RBA did not have an explicit target interest rate prior to 23 Jan 1990. The BIS publishes a representative rate for that period. Between  23 Jan 1990 and 31 Jul the middle of the cash rate target corridor is used.", Central bank policy rates - Australia - Monthly - End of period,1986-12,14.75,A,F,
M,AU,368,0,,From 2 Aug 1990 onwards: cash rate target; from 23 Jan 1990 to 1 Aug 1990: middle of the cash rate target range; from 7 Apr 1976 to 22 Jan 1990: interbank overnight cash rate.,4,Reserve Bank of Australia,"This rate can be considered the official policy rate as from 23 Jan 1990. Australia had a managed exchange rate regime prior to 1983, in an environment of capital controls. The RBA did not have an explicit target interest rate prior to 23 Jan 1990. The BIS publishes a representative rate for that period. Between  23 Jan 1990 and 31 Jul the middle of the cash rate target corridor is used.", Central bank policy rates - Australia - Monthly - End of period,1987-01,16.7,A,F,
M,AU,368,0,,From 2 Aug 1990 onwards: cash rate target; from 23 Jan 1990 to 1 Aug 1990: middle of the cash rate target range; from 7 Apr 1976 to 22 Jan 1990: interbank overnight cash rate.,4,Reserve Bank of Australia,"This rate can be considered the official policy rate as from 23 Jan 1990. Australia had a managed exchange rate regime prior to 1983, in an environment of capital controls. The RBA did not have an explicit target interest rate prior to 23 Jan 1990. The BIS publishes a representative rate for that period. Between  23 Jan 1990 and 31 Jul the middle of the cash rate target corridor is used.", Central bank policy rates - Australia - Monthly - End of period,1987-02,16.43,A,F,
M,AU,368,0,,From 2 Aug 1990 onwards: cash rate target; from 23 Jan 1990 to 1 Aug 1990: middle of the cash rate target range; from 7 Apr 1976 to 22 Jan 1990: interbank overnight cash rate.,4,Reserve Bank of Australia,"This rate can be considered the official policy rate as from 23 Jan 1990. Australia had a managed exchange rate regime prior to 1983, in an environment of capital controls. The RBA did not have an explicit target interest rate prior to 23 Jan 1990. The BIS publishes a representative rate for that period. Between  23 Jan 1990 and 31 Jul the middle of the cash rate target corridor is used.", Central bank policy rates - Australia - Monthly - End of period,1987-03,15.95,A,F,
M,AU,368,0,,From 2 Aug 1990 onwards: cash rate target; from 23 Jan 1990 to 1 Aug 1990: middle of the cash rate target range; from 7 Apr 1976 to 22 Jan 1990: interbank overnight cash rate.,4,Reserve Bank of Australia,"This rate can be considered the official policy rate as from 23 Jan 1990. Australia had a managed exchange rate regime prior to 1983, in an environment of capital controls. The RBA did not have an explicit target interest rate prior to 23 Jan 1990. The BIS publishes a representative rate for that period. Between  23 Jan 1990 and 31 Jul the middle of the cash rate target corridor is used.", Central bank policy rates - Australia - Monthly - End of period,1987-04,14.2,A,F,
M,AU,368,0,,From 2 Aug 1990 onwards: cash rate target; from 23 Jan 1990 to 1 Aug 1990: middle of the cash rate target range; from 7 Apr 1976 to 22 Jan 1990: interbank overnight cash rate.,4,Reserve Bank of Australia,"This rate can be considered the official policy rate as from 23 Jan 1990. Australia had a managed exchange rate regime prior to 1983, in an environment of capital controls. The RBA did not have an explicit target interest rate prior to 23 Jan 1990. The BIS publishes a representative rate for that period. Between  23 Jan 1990 and 31 Jul the middle of the cash rate target corridor is used.", Central bank policy rates - Australia - Monthly - End of period,1987-05,13.38,A,F,
M,AU,368,0,,From 2 Aug 1990 onwards: cash rate target; from 23 Jan 1990 to 1 Aug 1990: middle of the cash rate target range; from 7 Apr 1976 to 22 Jan 1990: interbank overnight cash rate.,4,Reserve Bank of Australia,"This rate can be considered the official policy rate as from 23 Jan 1990. Australia had a managed exchange rate regime prior to 1983, in an environment of capital controls. The RBA did not have an explicit target interest rate prior to 23 Jan 1990. The BIS publishes a representative rate for that period. Between  23 Jan 1990 and 31 Jul the middle of the cash rate target corridor is used.", Central bank policy rates - Australia - Monthly - End of period,1987-06,14.25,A,F,
M,AU,368,0,,From 2 Aug 1990 onwards: cash rate target; from 23 Jan 1990 to 1 Aug 1990: middle of the cash rate target range; from 7 Apr 1976 to 22 Jan 1990: interbank overnight cash rate.,4,Reserve Bank of Australia,"This rate can be considered the official policy rate as from 23 Jan 1990. Australia had a managed exchange rate regime prior to 1983, in an environment of capital controls. The RBA did not have an explicit target interest rate prior to 23 Jan 1990. The BIS publishes a representative rate for that period. Between  23 Jan 1990 and 31 Jul the middle of the cash rate target corridor is used.", Central bank policy rates - Australia - Monthly - End of period,1987-07,12.5,A,F,
M,AU,368,0,,From 2 Aug 1990 onwards: cash rate target; from 23 Jan 1990 to 1 Aug 1990: middle of the cash rate target range; from 7 Apr 1976 to 22 Jan 1990: interbank overnight cash rate.,4,Reserve Bank of Australia,"This rate can be considered the official policy rate as from 23 Jan 1990. Australia had a managed exchange rate regime prior to 1983, in an environment of capital controls. The RBA did not have an explicit target interest rate prior to 23 Jan 1990. The BIS publishes a representative rate for that period. Between  23 Jan 1990 and 31 Jul the middle of the cash rate target corridor is used.", Central bank policy rates - Australia - Monthly - End of period,1987-08,12.05,A,F,
M,AU,368,0,,From 2 Aug 1990 onwards: cash rate target; from 23 Jan 1990 to 1 Aug 1990: middle of the cash rate target range; from 7 Apr 1976 to 22 Jan 1990: interbank overnight cash rate.,4,Reserve Bank of Australia,"This rate can be considered the official policy rate as from 23 Jan 1990. Australia had a managed exchange rate regime prior to 1983, in an environment of capital controls. The RBA did not have an explicit target interest rate prior to 23 Jan 1990. The BIS publishes a representative rate for that period. Between  23 Jan 1990 and 31 Jul the middle of the cash rate target corridor is used.", Central bank policy rates - Australia - Monthly - End of period,1987-09,11.63,A,F,
M,AU,368,0,,From 2 Aug 1990 onwards: cash rate target; from 23 Jan 1990 to 1 Aug 1990: middle of the cash rate target range; from 7 Apr 1976 to 22 Jan 1990: interbank overnight cash rate.,4,Reserve Bank of Australia,"This rate can be considered the official policy rate as from 23 Jan 1990. Australia had a managed exchange rate regime prior to 1983, in an environment of capital controls. The RBA did not have an explicit target interest rate prior to 23 Jan 1990. The BIS publishes a representative rate for that period. Between  23 Jan 1990 and 31 Jul the middle of the cash rate target corridor is used.", Central bank policy rates - Australia - Monthly - End of period,1987-10,12.25,A,F,
M,AU,368,0,,From 2 Aug 1990 onwards: cash rate target; from 23 Jan 1990 to 1 Aug 1990: middle of the cash rate target range; from 7 Apr 1976 to 22 Jan 1990: interbank overnight cash rate.,4,Reserve Bank of Australia,"This rate can be considered the official policy rate as from 23 Jan 1990. Australia had a managed exchange rate regime prior to 1983, in an environment of capital controls. The RBA did not have an explicit target interest rate prior to 23 Jan 1990. The BIS publishes a representative rate for that period. Between  23 Jan 1990 and 31 Jul the middle of the cash rate target corridor is used.", Central bank policy rates - Australia - Monthly - End of period,1987-11,11.75,A,F,
M,AU,368,0,,From 2 Aug 1990 onwards: cash rate target; from 23 Jan 1990 to 1 Aug 1990: middle of the cash rate target range; from 7 Apr 1976 to 22 Jan 1990: interbank overnight cash rate.,4,Reserve Bank of Australia,"This rate can be considered the official policy rate as from 23 Jan 1990. Australia had a managed exchange rate regime prior to 1983, in an environment of capital controls. The RBA did not have an explicit target interest rate prior to 23 Jan 1990. The BIS publishes a representative rate for that period. Between  23 Jan 1990 and 31 Jul the middle of the cash rate target corridor is used.", Central bank policy rates - Australia - Monthly - End of period,1987-12,11.25,A,F,
M,AU,368,0,,From 2 Aug 1990 onwards: cash rate target; from 23 Jan 1990 to 1 Aug 1990: middle of the cash rate target range; from 7 Apr 1976 to 22 Jan 1990: interbank overnight cash rate.,4,Reserve Bank of Australia,"This rate can be considered the official policy rate as from 23 Jan 1990. Australia had a managed exchange rate regime prior to 1983, in an environment of capital controls. The RBA did not have an explicit target interest rate prior to 23 Jan 1990. The BIS publishes a representative rate for that period. Between  23 Jan 1990 and 31 Jul the middle of the cash rate target corridor is used.", Central bank policy rates - Australia - Monthly - End of period,1988-01,10.7,A,F,
M,AU,368,0,,From 2 Aug 1990 onwards: cash rate target; from 23 Jan 1990 to 1 Aug 1990: middle of the cash rate target range; from 7 Apr 1976 to 22 Jan 1990: interbank overnight cash rate.,4,Reserve Bank of Australia,"This rate can be considered the official policy rate as from 23 Jan 1990. Australia had a managed exchange rate regime prior to 1983, in an environment of capital controls. The RBA did not have an explicit target interest rate prior to 23 Jan 1990. The BIS publishes a representative rate for that period. Between  23 Jan 1990 and 31 Jul the middle of the cash rate target corridor is used.", Central bank policy rates - Australia - Monthly - End of period,1988-02,10.73,A,F,
M,AU,368,0,,From 2 Aug 1990 onwards: cash rate target; from 23 Jan 1990 to 1 Aug 1990: middle of the cash rate target range; from 7 Apr 1976 to 22 Jan 1990: interbank overnight cash rate.,4,Reserve Bank of Australia,"This rate can be considered the official policy rate as from 23 Jan 1990. Australia had a managed exchange rate regime prior to 1983, in an environment of capital controls. The RBA did not have an explicit target interest rate prior to 23 Jan 1990. The BIS publishes a representative rate for that period. Between  23 Jan 1990 and 31 Jul the middle of the cash rate target corridor is used.", Central bank policy rates - Australia - Monthly - End of period,1988-03,10.7,A,F,
M,AU,368,0,,From 2 Aug 1990 onwards: cash rate target; from 23 Jan 1990 to 1 Aug 1990: middle of the cash rate target range; from 7 Apr 1976 to 22 Jan 1990: interbank overnight cash rate.,4,Reserve Bank of Australia,"This rate can be considered the official policy rate as from 23 Jan 1990. Australia had a managed exchange rate regime prior to 1983, in an environment of capital controls. The RBA did not have an explicit target interest rate prior to 23 Jan 1990. The BIS publishes a representative rate for that period. Between  23 Jan 1990 and 31 Jul the middle of the cash rate target corridor is used.", Central bank policy rates - Australia - Monthly - End of period,1988-04,10.93,A,F,
M,AU,368,0,,From 2 Aug 1990 onwards: cash rate target; from 23 Jan 1990 to 1 Aug 1990: middle of the cash rate target range; from 7 Apr 1976 to 22 Jan 1990: interbank overnight cash rate.,4,Reserve Bank of Australia,"This rate can be considered the official policy rate as from 23 Jan 1990. Australia had a managed exchange rate regime prior to 1983, in an environment of capital controls. The RBA did not have an explicit target interest rate prior to 23 Jan 1990. The BIS publishes a representative rate for that period. Between  23 Jan 1990 and 31 Jul the middle of the cash rate target corridor is used.", Central bank policy rates - Australia - Monthly - End of period,1988-05,12.75,A,F,
M,AU,368,0,,From 2 Aug 1990 onwards: cash rate target; from 23 Jan 1990 to 1 Aug 1990: middle of the cash rate target range; from 7 Apr 1976 to 22 Jan 1990: interbank overnight cash rate.,4,Reserve Bank of Australia,"This rate can be considered the official policy rate as from 23 Jan 1990. Australia had a managed exchange rate regime prior to 1983, in an environment of capital controls. The RBA did not have an explicit target interest rate prior to 23 Jan 1990. The BIS publishes a representative rate for that period. Between  23 Jan 1990 and 31 Jul the middle of the cash rate target corridor is used.", Central bank policy rates - Australia - Monthly - End of period,1988-06,13.25,A,F,
M,AU,368,0,,From 2 Aug 1990 onwards: cash rate target; from 23 Jan 1990 to 1 Aug 1990: middle of the cash rate target range; from 7 Apr 1976 to 22 Jan 1990: interbank overnight cash rate.,4,Reserve Bank of Australia,"This rate can be considered the official policy rate as from 23 Jan 1990. Australia had a managed exchange rate regime prior to 1983, in an environment of capital controls. The RBA did not have an explicit target interest rate prior to 23 Jan 1990. The BIS publishes a representative rate for that period. Between  23 Jan 1990 and 31 Jul the middle of the cash rate target corridor is used.", Central bank policy rates - Australia - Monthly - End of period,1988-07,12.5,A,F,
M,AU,368,0,,From 2 Aug 1990 onwards: cash rate target; from 23 Jan 1990 to 1 Aug 1990: middle of the cash rate target range; from 7 Apr 1976 to 22 Jan 1990: interbank overnight cash rate.,4,Reserve Bank of Australia,"This rate can be considered the official policy rate as from 23 Jan 1990. Australia had a managed exchange rate regime prior to 1983, in an environment of capital controls. The RBA did not have an explicit target interest rate prior to 23 Jan 1990. The BIS publishes a representative rate for that period. Between  23 Jan 1990 and 31 Jul the middle of the cash rate target corridor is used.", Central bank policy rates - Australia - Monthly - End of period,1988-08,12.93,A,F,
M,AU,368,0,,From 2 Aug 1990 onwards: cash rate target; from 23 Jan 1990 to 1 Aug 1990: middle of the cash rate target range; from 7 Apr 1976 to 22 Jan 1990: interbank overnight cash rate.,4,Reserve Bank of Australia,"This rate can be considered the official policy rate as from 23 Jan 1990. Australia had a managed exchange rate regime prior to 1983, in an environment of capital controls. The RBA did not have an explicit target interest rate prior to 23 Jan 1990. The BIS publishes a representative rate for that period. Between  23 Jan 1990 and 31 Jul the middle of the cash rate target corridor is used.", Central bank policy rates - Australia - Monthly - End of period,1988-09,13.6,A,F,
M,AU,368,0,,From 2 Aug 1990 onwards: cash rate target; from 23 Jan 1990 to 1 Aug 1990: middle of the cash rate target range; from 7 Apr 1976 to 22 Jan 1990: interbank overnight cash rate.,4,Reserve Bank of Australia,"This rate can be considered the official policy rate as from 23 Jan 1990. Australia had a managed exchange rate regime prior to 1983, in an environment of capital controls. The RBA did not have an explicit target interest rate prior to 23 Jan 1990. The BIS publishes a representative rate for that period. Between  23 Jan 1990 and 31 Jul the middle of the cash rate target corridor is used.", Central bank policy rates - Australia - Monthly - End of period,1988-10,13.63,A,F,
M,AU,368,0,,From 2 Aug 1990 onwards: cash rate target; from 23 Jan 1990 to 1 Aug 1990: middle of the cash rate target range; from 7 Apr 1976 to 22 Jan 1990: interbank overnight cash rate.,4,Reserve Bank of Australia,"This rate can be considered the official policy rate as from 23 Jan 1990. Australia had a managed exchange rate regime prior to 1983, in an environment of capital controls. The RBA did not have an explicit target interest rate prior to 23 Jan 1990. The BIS publishes a representative rate for that period. Between  23 Jan 1990 and 31 Jul the middle of the cash rate target corridor is used.", Central bank policy rates - Australia - Monthly - End of period,1988-11,14.68,A,F,
M,AU,368,0,,From 2 Aug 1990 onwards: cash rate target; from 23 Jan 1990 to 1 Aug 1990: middle of the cash rate target range; from 7 Apr 1976 to 22 Jan 1990: interbank overnight cash rate.,4,Reserve Bank of Australia,"This rate can be considered the official policy rate as from 23 Jan 1990. Australia had a managed exchange rate regime prior to 1983, in an environment of capital controls. The RBA did not have an explicit target interest rate prior to 23 Jan 1990. The BIS publishes a representative rate for that period. Between  23 Jan 1990 and 31 Jul the middle of the cash rate target corridor is used.", Central bank policy rates - Australia - Monthly - End of period,1988-12,14.55,A,F,
M,AU,368,0,,From 2 Aug 1990 onwards: cash rate target; from 23 Jan 1990 to 1 Aug 1990: middle of the cash rate target range; from 7 Apr 1976 to 22 Jan 1990: interbank overnight cash rate.,4,Reserve Bank of Australia,"This rate can be considered the official policy rate as from 23 Jan 1990. Australia had a managed exchange rate regime prior to 1983, in an environment of capital controls. The RBA did not have an explicit target interest rate prior to 23 Jan 1990. The BIS publishes a representative rate for that period. Between  23 Jan 1990 and 31 Jul the middle of the cash rate target corridor is used.", Central bank policy rates - Australia - Monthly - End of period,1989-01,14.75,A,F,
M,AU,368,0,,From 2 Aug 1990 onwards: cash rate target; from 23 Jan 1990 to 1 Aug 1990: middle of the cash rate target range; from 7 Apr 1976 to 22 Jan 1990: interbank overnight cash rate.,4,Reserve Bank of Australia,"This rate can be considered the official policy rate as from 23 Jan 1990. Australia had a managed exchange rate regime prior to 1983, in an environment of capital controls. The RBA did not have an explicit target interest rate prior to 23 Jan 1990. The BIS publishes a representative rate for that period. Between  23 Jan 1990 and 31 Jul the middle of the cash rate target corridor is used.", Central bank policy rates - Australia - Monthly - End of period,1989-02,16.3,A,F,
M,AU,368,0,,From 2 Aug 1990 onwards: cash rate target; from 23 Jan 1990 to 1 Aug 1990: middle of the cash rate target range; from 7 Apr 1976 to 22 Jan 1990: interbank overnight cash rate.,4,Reserve Bank of Australia,"This rate can be considered the official policy rate as from 23 Jan 1990. Australia had a managed exchange rate regime prior to 1983, in an environment of capital controls. The RBA did not have an explicit target interest rate prior to 23 Jan 1990. The BIS publishes a representative rate for that period. Between  23 Jan 1990 and 31 Jul the middle of the cash rate target corridor is used.", Central bank policy rates - Australia - Monthly - End of period,1989-03,16.4,A,F,
M,AU,368,0,,From 2 Aug 1990 onwards: cash rate target; from 23 Jan 1990 to 1 Aug 1990: middle of the cash rate target range; from 7 Apr 1976 to 22 Jan 1990: interbank overnight cash rate.,4,Reserve Bank of Australia,"This rate can be considered the official policy rate as from 23 Jan 1990. Australia had a managed exchange rate regime prior to 1983, in an environment of capital controls. The RBA did not have an explicit target interest rate prior to 23 Jan 1990. The BIS publishes a representative rate for that period. Between  23 Jan 1990 and 31 Jul the middle of the cash rate target corridor is used.", Central bank policy rates - Australia - Monthly - End of period,1989-04,16.8,A,F,
M,AU,368,0,,From 2 Aug 1990 onwards: cash rate target; from 23 Jan 1990 to 1 Aug 1990: middle of the cash rate target range; from 7 Apr 1976 to 22 Jan 1990: interbank overnight cash rate.,4,Reserve Bank of Australia,"This rate can be considered the official policy rate as from 23 Jan 1990. Australia had a managed exchange rate regime prior to 1983, in an environment of capital controls. The RBA did not have an explicit target interest rate prior to 23 Jan 1990. The BIS publishes a representative rate for that period. Between  23 Jan 1990 and 31 Jul the middle of the cash rate target corridor is used.", Central bank policy rates - Australia - Monthly - End of period,1989-05,17.68,A,F,
M,AU,368,0,,From 2 Aug 1990 onwards: cash rate target; from 23 Jan 1990 to 1 Aug 1990: middle of the cash rate target range; from 7 Apr 1976 to 22 Jan 1990: interbank overnight cash rate.,4,Reserve Bank of Australia,"This rate can be considered the official policy rate as from 23 Jan 1990. Australia had a managed exchange rate regime prior to 1983, in an environment of capital controls. The RBA did not have an explicit target interest rate prior to 23 Jan 1990. The BIS publishes a representative rate for that period. Between  23 Jan 1990 and 31 Jul the middle of the cash rate target corridor is used.", Central bank policy rates - Australia - Monthly - End of period,1989-06,19.25,A,F,
M,AU,368,0,,From 2 Aug 1990 onwards: cash rate target; from 23 Jan 1990 to 1 Aug 1990: middle of the cash rate target range; from 7 Apr 1976 to 22 Jan 1990: interbank overnight cash rate.,4,Reserve Bank of Australia,"This rate can be considered the official policy rate as from 23 Jan 1990. Australia had a managed exchange rate regime prior to 1983, in an environment of capital controls. The RBA did not have an explicit target interest rate prior to 23 Jan 1990. The BIS publishes a representative rate for that period. Between  23 Jan 1990 and 31 Jul the middle of the cash rate target corridor is used.", Central bank policy rates - Australia - Monthly - End of period,1989-07,18.18,A,F,
M,AU,368,0,,From 2 Aug 1990 onwards: cash rate target; from 23 Jan 1990 to 1 Aug 1990: middle of the cash rate target range; from 7 Apr 1976 to 22 Jan 1990: interbank overnight cash rate.,4,Reserve Bank of Australia,"This rate can be considered the official policy rate as from 23 Jan 1990. Australia had a managed exchange rate regime prior to 1983, in an environment of capital controls. The RBA did not have an explicit target interest rate prior to 23 Jan 1990. The BIS publishes a representative rate for that period. Between  23 Jan 1990 and 31 Jul the middle of the cash rate target corridor is used.", Central bank policy rates - Australia - Monthly - End of period,1989-08,17.63,A,F,
M,AU,368,0,,From 2 Aug 1990 onwards: cash rate target; from 23 Jan 1990 to 1 Aug 1990: middle of the cash rate target range; from 7 Apr 1976 to 22 Jan 1990: interbank overnight cash rate.,4,Reserve Bank of Australia,"This rate can be considered the official policy rate as from 23 Jan 1990. Australia had a managed exchange rate regime prior to 1983, in an environment of capital controls. The RBA did not have an explicit target interest rate prior to 23 Jan 1990. The BIS publishes a representative rate for that period. Between  23 Jan 1990 and 31 Jul the middle of the cash rate target corridor is used.", Central bank policy rates - Australia - Monthly - End of period,1989-09,17.95,A,F,
M,AU,368,0,,From 2 Aug 1990 onwards: cash rate target; from 23 Jan 1990 to 1 Aug 1990: middle of the cash rate target range; from 7 Apr 1976 to 22 Jan 1990: interbank overnight cash rate.,4,Reserve Bank of Australia,"This rate can be considered the official policy rate as from 23 Jan 1990. Australia had a managed exchange rate regime prior to 1983, in an environment of capital controls. The RBA did not have an explicit target interest rate prior to 23 Jan 1990. The BIS publishes a representative rate for that period. Between  23 Jan 1990 and 31 Jul the middle of the cash rate target corridor is used.", Central bank policy rates - Australia - Monthly - End of period,1989-10,18.1,A,F,
M,AU,368,0,,From 2 Aug 1990 onwards: cash rate target; from 23 Jan 1990 to 1 Aug 1990: middle of the cash rate target range; from 7 Apr 1976 to 22 Jan 1990: interbank overnight cash rate.,4,Reserve Bank of Australia,"This rate can be considered the official policy rate as from 23 Jan 1990. Australia had a managed exchange rate regime prior to 1983, in an environment of capital controls. The RBA did not have an explicit target interest rate prior to 23 Jan 1990. The BIS publishes a representative rate for that period. Between  23 Jan 1990 and 31 Jul the middle of the cash rate target corridor is used.", Central bank policy rates - Australia - Monthly - End of period,1989-11,18.35,A,F,
M,AU,368,0,,From 2 Aug 1990 onwards: cash rate target; from 23 Jan 1990 to 1 Aug 1990: middle of the cash rate target range; from 7 Apr 1976 to 22 Jan 1990: interbank overnight cash rate.,4,Reserve Bank of Australia,"This rate can be considered the official policy rate as from 23 Jan 1990. Australia had a managed exchange rate regime prior to 1983, in an environment of capital controls. The RBA did not have an explicit target interest rate prior to 23 Jan 1990. The BIS publishes a representative rate for that period. Between  23 Jan 1990 and 31 Jul the middle of the cash rate target corridor is used.", Central bank policy rates - Australia - Monthly - End of period,1989-12,17.9,A,F,
M,AU,368,0,,From 2 Aug 1990 onwards: cash rate target; from 23 Jan 1990 to 1 Aug 1990: middle of the cash rate target range; from 7 Apr 1976 to 22 Jan 1990: interbank overnight cash rate.,4,Reserve Bank of Australia,"This rate can be considered the official policy rate as from 23 Jan 1990. Australia had a managed exchange rate regime prior to 1983, in an environment of capital controls. The RBA did not have an explicit target interest rate prior to 23 Jan 1990. The BIS publishes a representative rate for that period. Between  23 Jan 1990 and 31 Jul the middle of the cash rate target corridor is used.", Central bank policy rates - Australia - Monthly - End of period,1990-01,17.25,A,F,
M,AU,368,0,,From 2 Aug 1990 onwards: cash rate target; from 23 Jan 1990 to 1 Aug 1990: middle of the cash rate target range; from 7 Apr 1976 to 22 Jan 1990: interbank overnight cash rate.,4,Reserve Bank of Australia,"This rate can be considered the official policy rate as from 23 Jan 1990. Australia had a managed exchange rate regime prior to 1983, in an environment of capital controls. The RBA did not have an explicit target interest rate prior to 23 Jan 1990. The BIS publishes a representative rate for that period. Between  23 Jan 1990 and 31 Jul the middle of the cash rate target corridor is used.", Central bank policy rates - Australia - Monthly - End of period,1990-02,16.75,A,F,
M,AU,368,0,,From 2 Aug 1990 onwards: cash rate target; from 23 Jan 1990 to 1 Aug 1990: middle of the cash rate target range; from 7 Apr 1976 to 22 Jan 1990: interbank overnight cash rate.,4,Reserve Bank of Australia,"This rate can be considered the official policy rate as from 23 Jan 1990. Australia had a managed exchange rate regime prior to 1983, in an environment of capital controls. The RBA did not have an explicit target interest rate prior to 23 Jan 1990. The BIS publishes a representative rate for that period. Between  23 Jan 1990 and 31 Jul the middle of the cash rate target corridor is used.", Central bank policy rates - Australia - Monthly - End of period,1990-03,16.75,A,F,
M,AU,368,0,,From 2 Aug 1990 onwards: cash rate target; from 23 Jan 1990 to 1 Aug 1990: middle of the cash rate target range; from 7 Apr 1976 to 22 Jan 1990: interbank overnight cash rate.,4,Reserve Bank of Australia,"This rate can be considered the official policy rate as from 23 Jan 1990. Australia had a managed exchange rate regime prior to 1983, in an environment of capital controls. The RBA did not have an explicit target interest rate prior to 23 Jan 1990. The BIS publishes a representative rate for that period. Between  23 Jan 1990 and 31 Jul the middle of the cash rate target corridor is used.", Central bank policy rates - Australia - Monthly - End of period,1990-04,15.25,A,F,
M,AU,368,0,,From 2 Aug 1990 onwards: cash rate target; from 23 Jan 1990 to 1 Aug 1990: middle of the cash rate target range; from 7 Apr 1976 to 22 Jan 1990: interbank overnight cash rate.,4,Reserve Bank of Australia,"This rate can be considered the official policy rate as from 23 Jan 1990. Australia had a managed exchange rate regime prior to 1983, in an environment of capital controls. The RBA did not have an explicit target interest rate prior to 23 Jan 1990. The BIS publishes a representative rate for that period. Between  23 Jan 1990 and 31 Jul the middle of the cash rate target corridor is used.", Central bank policy rates - Australia - Monthly - End of period,1990-05,15.25,A,F,
M,AU,368,0,,From 2 Aug 1990 onwards: cash rate target; from 23 Jan 1990 to 1 Aug 1990: middle of the cash rate target range; from 7 Apr 1976 to 22 Jan 1990: interbank overnight cash rate.,4,Reserve Bank of Australia,"This rate can be considered the official policy rate as from 23 Jan 1990. Australia had a managed exchange rate regime prior to 1983, in an environment of capital controls. The RBA did not have an explicit target interest rate prior to 23 Jan 1990. The BIS publishes a representative rate for that period. Between  23 Jan 1990 and 31 Jul the middle of the cash rate target corridor is used.", Central bank policy rates - Australia - Monthly - End of period,1990-06,15.25,A,F,
M,AU,368,0,,From 2 Aug 1990 onwards: cash rate target; from 23 Jan 1990 to 1 Aug 1990: middle of the cash rate target range; from 7 Apr 1976 to 22 Jan 1990: interbank overnight cash rate.,4,Reserve Bank of Australia,"This rate can be considered the official policy rate as from 23 Jan 1990. Australia had a managed exchange rate regime prior to 1983, in an environment of capital controls. The RBA did not have an explicit target interest rate prior to 23 Jan 1990. The BIS publishes a representative rate for that period. Between  23 Jan 1990 and 31 Jul the middle of the cash rate target corridor is used.", Central bank policy rates - Australia - Monthly - End of period,1990-07,15.25,A,F,
M,AU,368,0,,From 2 Aug 1990 onwards: cash rate target; from 23 Jan 1990 to 1 Aug 1990: middle of the cash rate target range; from 7 Apr 1976 to 22 Jan 1990: interbank overnight cash rate.,4,Reserve Bank of Australia,"This rate can be considered the official policy rate as from 23 Jan 1990. Australia had a managed exchange rate regime prior to 1983, in an environment of capital controls. The RBA did not have an explicit target interest rate prior to 23 Jan 1990. The BIS publishes a representative rate for that period. Between  23 Jan 1990 and 31 Jul the middle of the cash rate target corridor is used.", Central bank policy rates - Australia - Monthly - End of period,1990-08,14,A,F,
M,AU,368,0,,From 2 Aug 1990 onwards: cash rate target; from 23 Jan 1990 to 1 Aug 1990: middle of the cash rate target range; from 7 Apr 1976 to 22 Jan 1990: interbank overnight cash rate.,4,Reserve Bank of Australia,"This rate can be considered the official policy rate as from 23 Jan 1990. Australia had a managed exchange rate regime prior to 1983, in an environment of capital controls. The RBA did not have an explicit target interest rate prior to 23 Jan 1990. The BIS publishes a representative rate for that period. Between  23 Jan 1990 and 31 Jul the middle of the cash rate target corridor is used.", Central bank policy rates - Australia - Monthly - End of period,1990-09,14,A,F,
M,AU,368,0,,From 2 Aug 1990 onwards: cash rate target; from 23 Jan 1990 to 1 Aug 1990: middle of the cash rate target range; from 7 Apr 1976 to 22 Jan 1990: interbank overnight cash rate.,4,Reserve Bank of Australia,"This rate can be considered the official policy rate as from 23 Jan 1990. Australia had a managed exchange rate regime prior to 1983, in an environment of capital controls. The RBA did not have an explicit target interest rate prior to 23 Jan 1990. The BIS publishes a representative rate for that period. Between  23 Jan 1990 and 31 Jul the middle of the cash rate target corridor is used.", Central bank policy rates - Australia - Monthly - End of period,1990-10,13,A,F,
M,AU,368,0,,From 2 Aug 1990 onwards: cash rate target; from 23 Jan 1990 to 1 Aug 1990: middle of the cash rate target range; from 7 Apr 1976 to 22 Jan 1990: interbank overnight cash rate.,4,Reserve Bank of Australia,"This rate can be considered the official policy rate as from 23 Jan 1990. Australia had a managed exchange rate regime prior to 1983, in an environment of capital controls. The RBA did not have an explicit target interest rate prior to 23 Jan 1990. The BIS publishes a representative rate for that period. Between  23 Jan 1990 and 31 Jul the middle of the cash rate target corridor is used.", Central bank policy rates - Australia - Monthly - End of period,1990-11,13,A,F,
M,AU,368,0,,From 2 Aug 1990 onwards: cash rate target; from 23 Jan 1990 to 1 Aug 1990: middle of the cash rate target range; from 7 Apr 1976 to 22 Jan 1990: interbank overnight cash rate.,4,Reserve Bank of Australia,"This rate can be considered the official policy rate as from 23 Jan 1990. Australia had a managed exchange rate regime prior to 1983, in an environment of capital controls. The RBA did not have an explicit target interest rate prior to 23 Jan 1990. The BIS publishes a representative rate for that period. Between  23 Jan 1990 and 31 Jul the middle of the cash rate target corridor is used.", Central bank policy rates - Australia - Monthly - End of period,1990-12,12,A,F,
M,AU,368,0,,From 2 Aug 1990 onwards: cash rate target; from 23 Jan 1990 to 1 Aug 1990: middle of the cash rate target range; from 7 Apr 1976 to 22 Jan 1990: interbank overnight cash rate.,4,Reserve Bank of Australia,"This rate can be considered the official policy rate as from 23 Jan 1990. Australia had a managed exchange rate regime prior to 1983, in an environment of capital controls. The RBA did not have an explicit target interest rate prior to 23 Jan 1990. The BIS publishes a representative rate for that period. Between  23 Jan 1990 and 31 Jul the middle of the cash rate target corridor is used.", Central bank policy rates - Australia - Monthly - End of period,1991-01,12,A,F,
M,AU,368,0,,From 2 Aug 1990 onwards: cash rate target; from 23 Jan 1990 to 1 Aug 1990: middle of the cash rate target range; from 7 Apr 1976 to 22 Jan 1990: interbank overnight cash rate.,4,Reserve Bank of Australia,"This rate can be considered the official policy rate as from 23 Jan 1990. Australia had a managed exchange rate regime prior to 1983, in an environment of capital controls. The RBA did not have an explicit target interest rate prior to 23 Jan 1990. The BIS publishes a representative rate for that period. Between  23 Jan 1990 and 31 Jul the middle of the cash rate target corridor is used.", Central bank policy rates - Australia - Monthly - End of period,1991-02,12,A,F,
M,AU,368,0,,From 2 Aug 1990 onwards: cash rate target; from 23 Jan 1990 to 1 Aug 1990: middle of the cash rate target range; from 7 Apr 1976 to 22 Jan 1990: interbank overnight cash rate.,4,Reserve Bank of Australia,"This rate can be considered the official policy rate as from 23 Jan 1990. Australia had a managed exchange rate regime prior to 1983, in an environment of capital controls. The RBA did not have an explicit target interest rate prior to 23 Jan 1990. The BIS publishes a representative rate for that period. Between  23 Jan 1990 and 31 Jul the middle of the cash rate target corridor is used.", Central bank policy rates - Australia - Monthly - End of period,1991-03,12,A,F,
M,AU,368,0,,From 2 Aug 1990 onwards: cash rate target; from 23 Jan 1990 to 1 Aug 1990: middle of the cash rate target range; from 7 Apr 1976 to 22 Jan 1990: interbank overnight cash rate.,4,Reserve Bank of Australia,"This rate can be considered the official policy rate as from 23 Jan 1990. Australia had a managed exchange rate regime prior to 1983, in an environment of capital controls. The RBA did not have an explicit target interest rate prior to 23 Jan 1990. The BIS publishes a representative rate for that period. Between  23 Jan 1990 and 31 Jul the middle of the cash rate target corridor is used.", Central bank policy rates - Australia - Monthly - End of period,1991-04,11.5,A,F,
M,AU,368,0,,From 2 Aug 1990 onwards: cash rate target; from 23 Jan 1990 to 1 Aug 1990: middle of the cash rate target range; from 7 Apr 1976 to 22 Jan 1990: interbank overnight cash rate.,4,Reserve Bank of Australia,"This rate can be considered the official policy rate as from 23 Jan 1990. Australia had a managed exchange rate regime prior to 1983, in an environment of capital controls. The RBA did not have an explicit target interest rate prior to 23 Jan 1990. The BIS publishes a representative rate for that period. Between  23 Jan 1990 and 31 Jul the middle of the cash rate target corridor is used.", Central bank policy rates - Australia - Monthly - End of period,1991-05,10.5,A,F,
M,AU,368,0,,From 2 Aug 1990 onwards: cash rate target; from 23 Jan 1990 to 1 Aug 1990: middle of the cash rate target range; from 7 Apr 1976 to 22 Jan 1990: interbank overnight cash rate.,4,Reserve Bank of Australia,"This rate can be considered the official policy rate as from 23 Jan 1990. Australia had a managed exchange rate regime prior to 1983, in an environment of capital controls. The RBA did not have an explicit target interest rate prior to 23 Jan 1990. The BIS publishes a representative rate for that period. Between  23 Jan 1990 and 31 Jul the middle of the cash rate target corridor is used.", Central bank policy rates - Australia - Monthly - End of period,1991-06,10.5,A,F,
M,AU,368,0,,From 2 Aug 1990 onwards: cash rate target; from 23 Jan 1990 to 1 Aug 1990: middle of the cash rate target range; from 7 Apr 1976 to 22 Jan 1990: interbank overnight cash rate.,4,Reserve Bank of Australia,"This rate can be considered the official policy rate as from 23 Jan 1990. Australia had a managed exchange rate regime prior to 1983, in an environment of capital controls. The RBA did not have an explicit target interest rate prior to 23 Jan 1990. The BIS publishes a representative rate for that period. Between  23 Jan 1990 and 31 Jul the middle of the cash rate target corridor is used.", Central bank policy rates - Australia - Monthly - End of period,1991-07,10.5,A,F,
M,AU,368,0,,From 2 Aug 1990 onwards: cash rate target; from 23 Jan 1990 to 1 Aug 1990: middle of the cash rate target range; from 7 Apr 1976 to 22 Jan 1990: interbank overnight cash rate.,4,Reserve Bank of Australia,"This rate can be considered the official policy rate as from 23 Jan 1990. Australia had a managed exchange rate regime prior to 1983, in an environment of capital controls. The RBA did not have an explicit target interest rate prior to 23 Jan 1990. The BIS publishes a representative rate for that period. Between  23 Jan 1990 and 31 Jul the middle of the cash rate target corridor is used.", Central bank policy rates - Australia - Monthly - End of period,1991-08,10.5,A,F,
M,AU,368,0,,From 2 Aug 1990 onwards: cash rate target; from 23 Jan 1990 to 1 Aug 1990: middle of the cash rate target range; from 7 Apr 1976 to 22 Jan 1990: interbank overnight cash rate.,4,Reserve Bank of Australia,"This rate can be considered the official policy rate as from 23 Jan 1990. Australia had a managed exchange rate regime prior to 1983, in an environment of capital controls. The RBA did not have an explicit target interest rate prior to 23 Jan 1990. The BIS publishes a representative rate for that period. Between  23 Jan 1990 and 31 Jul the middle of the cash rate target corridor is used.", Central bank policy rates - Australia - Monthly - End of period,1991-09,9.5,A,F,
M,AU,368,0,,From 2 Aug 1990 onwards: cash rate target; from 23 Jan 1990 to 1 Aug 1990: middle of the cash rate target range; from 7 Apr 1976 to 22 Jan 1990: interbank overnight cash rate.,4,Reserve Bank of Australia,"This rate can be considered the official policy rate as from 23 Jan 1990. Australia had a managed exchange rate regime prior to 1983, in an environment of capital controls. The RBA did not have an explicit target interest rate prior to 23 Jan 1990. The BIS publishes a representative rate for that period. Between  23 Jan 1990 and 31 Jul the middle of the cash rate target corridor is used.", Central bank policy rates - Australia - Monthly - End of period,1991-10,9.5,A,F,
M,AU,368,0,,From 2 Aug 1990 onwards: cash rate target; from 23 Jan 1990 to 1 Aug 1990: middle of the cash rate target range; from 7 Apr 1976 to 22 Jan 1990: interbank overnight cash rate.,4,Reserve Bank of Australia,"This rate can be considered the official policy rate as from 23 Jan 1990. Australia had a managed exchange rate regime prior to 1983, in an environment of capital controls. The RBA did not have an explicit target interest rate prior to 23 Jan 1990. The BIS publishes a representative rate for that period. Between  23 Jan 1990 and 31 Jul the middle of the cash rate target corridor is used.", Central bank policy rates - Australia - Monthly - End of period,1991-11,8.5,A,F,
M,AU,368,0,,From 2 Aug 1990 onwards: cash rate target; from 23 Jan 1990 to 1 Aug 1990: middle of the cash rate target range; from 7 Apr 1976 to 22 Jan 1990: interbank overnight cash rate.,4,Reserve Bank of Australia,"This rate can be considered the official policy rate as from 23 Jan 1990. Australia had a managed exchange rate regime prior to 1983, in an environment of capital controls. The RBA did not have an explicit target interest rate prior to 23 Jan 1990. The BIS publishes a representative rate for that period. Between  23 Jan 1990 and 31 Jul the middle of the cash rate target corridor is used.", Central bank policy rates - Australia - Monthly - End of period,1991-12,8.5,A,F,
M,AU,368,0,,From 2 Aug 1990 onwards: cash rate target; from 23 Jan 1990 to 1 Aug 1990: middle of the cash rate target range; from 7 Apr 1976 to 22 Jan 1990: interbank overnight cash rate.,4,Reserve Bank of Australia,"This rate can be considered the official policy rate as from 23 Jan 1990. Australia had a managed exchange rate regime prior to 1983, in an environment of capital controls. The RBA did not have an explicit target interest rate prior to 23 Jan 1990. The BIS publishes a representative rate for that period. Between  23 Jan 1990 and 31 Jul the middle of the cash rate target corridor is used.", Central bank policy rates - Australia - Monthly - End of period,1992-01,7.5,A,F,
M,AU,368,0,,From 2 Aug 1990 onwards: cash rate target; from 23 Jan 1990 to 1 Aug 1990: middle of the cash rate target range; from 7 Apr 1976 to 22 Jan 1990: interbank overnight cash rate.,4,Reserve Bank of Australia,"This rate can be considered the official policy rate as from 23 Jan 1990. Australia had a managed exchange rate regime prior to 1983, in an environment of capital controls. The RBA did not have an explicit target interest rate prior to 23 Jan 1990. The BIS publishes a representative rate for that period. Between  23 Jan 1990 and 31 Jul the middle of the cash rate target corridor is used.", Central bank policy rates - Australia - Monthly - End of period,1992-02,7.5,A,F,
M,AU,368,0,,From 2 Aug 1990 onwards: cash rate target; from 23 Jan 1990 to 1 Aug 1990: middle of the cash rate target range; from 7 Apr 1976 to 22 Jan 1990: interbank overnight cash rate.,4,Reserve Bank of Australia,"This rate can be considered the official policy rate as from 23 Jan 1990. Australia had a managed exchange rate regime prior to 1983, in an environment of capital controls. The RBA did not have an explicit target interest rate prior to 23 Jan 1990. The BIS publishes a representative rate for that period. Between  23 Jan 1990 and 31 Jul the middle of the cash rate target corridor is used.", Central bank policy rates - Australia - Monthly - End of period,1992-03,7.5,A,F,
M,AU,368,0,,From 2 Aug 1990 onwards: cash rate target; from 23 Jan 1990 to 1 Aug 1990: middle of the cash rate target range; from 7 Apr 1976 to 22 Jan 1990: interbank overnight cash rate.,4,Reserve Bank of Australia,"This rate can be considered the official policy rate as from 23 Jan 1990. Australia had a managed exchange rate regime prior to 1983, in an environment of capital controls. The RBA did not have an explicit target interest rate prior to 23 Jan 1990. The BIS publishes a representative rate for that period. Between  23 Jan 1990 and 31 Jul the middle of the cash rate target corridor is used.", Central bank policy rates - Australia - Monthly - End of period,1992-04,7.5,A,F,
M,AU,368,0,,From 2 Aug 1990 onwards: cash rate target; from 23 Jan 1990 to 1 Aug 1990: middle of the cash rate target range; from 7 Apr 1976 to 22 Jan 1990: interbank overnight cash rate.,4,Reserve Bank of Australia,"This rate can be considered the official policy rate as from 23 Jan 1990. Australia had a managed exchange rate regime prior to 1983, in an environment of capital controls. The RBA did not have an explicit target interest rate prior to 23 Jan 1990. The BIS publishes a representative rate for that period. Between  23 Jan 1990 and 31 Jul the middle of the cash rate target corridor is used.", Central bank policy rates - Australia - Monthly - End of period,1992-05,6.5,A,F,
M,AU,368,0,,From 2 Aug 1990 onwards: cash rate target; from 23 Jan 1990 to 1 Aug 1990: middle of the cash rate target range; from 7 Apr 1976 to 22 Jan 1990: interbank overnight cash rate.,4,Reserve Bank of Australia,"This rate can be considered the official policy rate as from 23 Jan 1990. Australia had a managed exchange rate regime prior to 1983, in an environment of capital controls. The RBA did not have an explicit target interest rate prior to 23 Jan 1990. The BIS publishes a representative rate for that period. Between  23 Jan 1990 and 31 Jul the middle of the cash rate target corridor is used.", Central bank policy rates - Australia - Monthly - End of period,1992-06,6.5,A,F,
M,AU,368,0,,From 2 Aug 1990 onwards: cash rate target; from 23 Jan 1990 to 1 Aug 1990: middle of the cash rate target range; from 7 Apr 1976 to 22 Jan 1990: interbank overnight cash rate.,4,Reserve Bank of Australia,"This rate can be considered the official policy rate as from 23 Jan 1990. Australia had a managed exchange rate regime prior to 1983, in an environment of capital controls. The RBA did not have an explicit target interest rate prior to 23 Jan 1990. The BIS publishes a representative rate for that period. Between  23 Jan 1990 and 31 Jul the middle of the cash rate target corridor is used.", Central bank policy rates - Australia - Monthly - End of period,1992-07,5.75,A,F,
M,AU,368,0,,From 2 Aug 1990 onwards: cash rate target; from 23 Jan 1990 to 1 Aug 1990: middle of the cash rate target range; from 7 Apr 1976 to 22 Jan 1990: interbank overnight cash rate.,4,Reserve Bank of Australia,"This rate can be considered the official policy rate as from 23 Jan 1990. Australia had a managed exchange rate regime prior to 1983, in an environment of capital controls. The RBA did not have an explicit target interest rate prior to 23 Jan 1990. The BIS publishes a representative rate for that period. Between  23 Jan 1990 and 31 Jul the middle of the cash rate target corridor is used.", Central bank policy rates - Australia - Monthly - End of period,1992-08,5.75,A,F,
M,AU,368,0,,From 2 Aug 1990 onwards: cash rate target; from 23 Jan 1990 to 1 Aug 1990: middle of the cash rate target range; from 7 Apr 1976 to 22 Jan 1990: interbank overnight cash rate.,4,Reserve Bank of Australia,"This rate can be considered the official policy rate as from 23 Jan 1990. Australia had a managed exchange rate regime prior to 1983, in an environment of capital controls. The RBA did not have an explicit target interest rate prior to 23 Jan 1990. The BIS publishes a representative rate for that period. Between  23 Jan 1990 and 31 Jul the middle of the cash rate target corridor is used.", Central bank policy rates - Australia - Monthly - End of period,1992-09,5.75,A,F,
M,AU,368,0,,From 2 Aug 1990 onwards: cash rate target; from 23 Jan 1990 to 1 Aug 1990: middle of the cash rate target range; from 7 Apr 1976 to 22 Jan 1990: interbank overnight cash rate.,4,Reserve Bank of Australia,"This rate can be considered the official policy rate as from 23 Jan 1990. Australia had a managed exchange rate regime prior to 1983, in an environment of capital controls. The RBA did not have an explicit target interest rate prior to 23 Jan 1990. The BIS publishes a representative rate for that period. Between  23 Jan 1990 and 31 Jul the middle of the cash rate target corridor is used.", Central bank policy rates - Australia - Monthly - End of period,1992-10,5.75,A,F,
M,AU,368,0,,From 2 Aug 1990 onwards: cash rate target; from 23 Jan 1990 to 1 Aug 1990: middle of the cash rate target range; from 7 Apr 1976 to 22 Jan 1990: interbank overnight cash rate.,4,Reserve Bank of Australia,"This rate can be considered the official policy rate as from 23 Jan 1990. Australia had a managed exchange rate regime prior to 1983, in an environment of capital controls. The RBA did not have an explicit target interest rate prior to 23 Jan 1990. The BIS publishes a representative rate for that period. Between  23 Jan 1990 and 31 Jul the middle of the cash rate target corridor is used.", Central bank policy rates - Australia - Monthly - End of period,1992-11,5.75,A,F,
M,AU,368,0,,From 2 Aug 1990 onwards: cash rate target; from 23 Jan 1990 to 1 Aug 1990: middle of the cash rate target range; from 7 Apr 1976 to 22 Jan 1990: interbank overnight cash rate.,4,Reserve Bank of Australia,"This rate can be considered the official policy rate as from 23 Jan 1990. Australia had a managed exchange rate regime prior to 1983, in an environment of capital controls. The RBA did not have an explicit target interest rate prior to 23 Jan 1990. The BIS publishes a representative rate for that period. Between  23 Jan 1990 and 31 Jul the middle of the cash rate target corridor is used.", Central bank policy rates - Australia - Monthly - End of period,1992-12,5.75,A,F,
M,AU,368,0,,From 2 Aug 1990 onwards: cash rate target; from 23 Jan 1990 to 1 Aug 1990: middle of the cash rate target range; from 7 Apr 1976 to 22 Jan 1990: interbank overnight cash rate.,4,Reserve Bank of Australia,"This rate can be considered the official policy rate as from 23 Jan 1990. Australia had a managed exchange rate regime prior to 1983, in an environment of capital controls. The RBA did not have an explicit target interest rate prior to 23 Jan 1990. The BIS publishes a representative rate for that period. Between  23 Jan 1990 and 31 Jul the middle of the cash rate target corridor is used.", Central bank policy rates - Australia - Monthly - End of period,1993-01,5.75,A,F,
M,AU,368,0,,From 2 Aug 1990 onwards: cash rate target; from 23 Jan 1990 to 1 Aug 1990: middle of the cash rate target range; from 7 Apr 1976 to 22 Jan 1990: interbank overnight cash rate.,4,Reserve Bank of Australia,"This rate can be considered the official policy rate as from 23 Jan 1990. Australia had a managed exchange rate regime prior to 1983, in an environment of capital controls. The RBA did not have an explicit target interest rate prior to 23 Jan 1990. The BIS publishes a representative rate for that period. Between  23 Jan 1990 and 31 Jul the middle of the cash rate target corridor is used.", Central bank policy rates - Australia - Monthly - End of period,1993-02,5.75,A,F,
M,AU,368,0,,From 2 Aug 1990 onwards: cash rate target; from 23 Jan 1990 to 1 Aug 1990: middle of the cash rate target range; from 7 Apr 1976 to 22 Jan 1990: interbank overnight cash rate.,4,Reserve Bank of Australia,"This rate can be considered the official policy rate as from 23 Jan 1990. Australia had a managed exchange rate regime prior to 1983, in an environment of capital controls. The RBA did not have an explicit target interest rate prior to 23 Jan 1990. The BIS publishes a representative rate for that period. Between  23 Jan 1990 and 31 Jul the middle of the cash rate target corridor is used.", Central bank policy rates - Australia - Monthly - End of period,1993-03,5.25,A,F,
M,AU,368,0,,From 2 Aug 1990 onwards: cash rate target; from 23 Jan 1990 to 1 Aug 1990: middle of the cash rate target range; from 7 Apr 1976 to 22 Jan 1990: interbank overnight cash rate.,4,Reserve Bank of Australia,"This rate can be considered the official policy rate as from 23 Jan 1990. Australia had a managed exchange rate regime prior to 1983, in an environment of capital controls. The RBA did not have an explicit target interest rate prior to 23 Jan 1990. The BIS publishes a representative rate for that period. Between  23 Jan 1990 and 31 Jul the middle of the cash rate target corridor is used.", Central bank policy rates - Australia - Monthly - End of period,1993-04,5.25,A,F,
M,AU,368,0,,From 2 Aug 1990 onwards: cash rate target; from 23 Jan 1990 to 1 Aug 1990: middle of the cash rate target range; from 7 Apr 1976 to 22 Jan 1990: interbank overnight cash rate.,4,Reserve Bank of Australia,"This rate can be considered the official policy rate as from 23 Jan 1990. Australia had a managed exchange rate regime prior to 1983, in an environment of capital controls. The RBA did not have an explicit target interest rate prior to 23 Jan 1990. The BIS publishes a representative rate for that period. Between  23 Jan 1990 and 31 Jul the middle of the cash rate target corridor is used.", Central bank policy rates - Australia - Monthly - End of period,1993-05,5.25,A,F,
M,AU,368,0,,From 2 Aug 1990 onwards: cash rate target; from 23 Jan 1990 to 1 Aug 1990: middle of the cash rate target range; from 7 Apr 1976 to 22 Jan 1990: interbank overnight cash rate.,4,Reserve Bank of Australia,"This rate can be considered the official policy rate as from 23 Jan 1990. Australia had a managed exchange rate regime prior to 1983, in an environment of capital controls. The RBA did not have an explicit target interest rate prior to 23 Jan 1990. The BIS publishes a representative rate for that period. Between  23 Jan 1990 and 31 Jul the middle of the cash rate target corridor is used.", Central bank policy rates - Australia - Monthly - End of period,1993-06,5.25,A,F,
M,AU,368,0,,From 2 Aug 1990 onwards: cash rate target; from 23 Jan 1990 to 1 Aug 1990: middle of the cash rate target range; from 7 Apr 1976 to 22 Jan 1990: interbank overnight cash rate.,4,Reserve Bank of Australia,"This rate can be considered the official policy rate as from 23 Jan 1990. Australia had a managed exchange rate regime prior to 1983, in an environment of capital controls. The RBA did not have an explicit target interest rate prior to 23 Jan 1990. The BIS publishes a representative rate for that period. Between  23 Jan 1990 and 31 Jul the middle of the cash rate target corridor is used.", Central bank policy rates - Australia - Monthly - End of period,1993-07,4.75,A,F,
M,AU,368,0,,From 2 Aug 1990 onwards: cash rate target; from 23 Jan 1990 to 1 Aug 1990: middle of the cash rate target range; from 7 Apr 1976 to 22 Jan 1990: interbank overnight cash rate.,4,Reserve Bank of Australia,"This rate can be considered the official policy rate as from 23 Jan 1990. Australia had a managed exchange rate regime prior to 1983, in an environment of capital controls. The RBA did not have an explicit target interest rate prior to 23 Jan 1990. The BIS publishes a representative rate for that period. Between  23 Jan 1990 and 31 Jul the middle of the cash rate target corridor is used.", Central bank policy rates - Australia - Monthly - End of period,1993-08,4.75,A,F,
M,AU,368,0,,From 2 Aug 1990 onwards: cash rate target; from 23 Jan 1990 to 1 Aug 1990: middle of the cash rate target range; from 7 Apr 1976 to 22 Jan 1990: interbank overnight cash rate.,4,Reserve Bank of Australia,"This rate can be considered the official policy rate as from 23 Jan 1990. Australia had a managed exchange rate regime prior to 1983, in an environment of capital controls. The RBA did not have an explicit target interest rate prior to 23 Jan 1990. The BIS publishes a representative rate for that period. Between  23 Jan 1990 and 31 Jul the middle of the cash rate target corridor is used.", Central bank policy rates - Australia - Monthly - End of period,1993-09,4.75,A,F,
M,AU,368,0,,From 2 Aug 1990 onwards: cash rate target; from 23 Jan 1990 to 1 Aug 1990: middle of the cash rate target range; from 7 Apr 1976 to 22 Jan 1990: interbank overnight cash rate.,4,Reserve Bank of Australia,"This rate can be considered the official policy rate as from 23 Jan 1990. Australia had a managed exchange rate regime prior to 1983, in an environment of capital controls. The RBA did not have an explicit target interest rate prior to 23 Jan 1990. The BIS publishes a representative rate for that period. Between  23 Jan 1990 and 31 Jul the middle of the cash rate target corridor is used.", Central bank policy rates - Australia - Monthly - End of period,1993-10,4.75,A,F,
M,AU,368,0,,From 2 Aug 1990 onwards: cash rate target; from 23 Jan 1990 to 1 Aug 1990: middle of the cash rate target range; from 7 Apr 1976 to 22 Jan 1990: interbank overnight cash rate.,4,Reserve Bank of Australia,"This rate can be considered the official policy rate as from 23 Jan 1990. Australia had a managed exchange rate regime prior to 1983, in an environment of capital controls. The RBA did not have an explicit target interest rate prior to 23 Jan 1990. The BIS publishes a representative rate for that period. Between  23 Jan 1990 and 31 Jul the middle of the cash rate target corridor is used.", Central bank policy rates - Australia - Monthly - End of period,1993-11,4.75,A,F,
M,AU,368,0,,From 2 Aug 1990 onwards: cash rate target; from 23 Jan 1990 to 1 Aug 1990: middle of the cash rate target range; from 7 Apr 1976 to 22 Jan 1990: interbank overnight cash rate.,4,Reserve Bank of Australia,"This rate can be considered the official policy rate as from 23 Jan 1990. Australia had a managed exchange rate regime prior to 1983, in an environment of capital controls. The RBA did not have an explicit target interest rate prior to 23 Jan 1990. The BIS publishes a representative rate for that period. Between  23 Jan 1990 and 31 Jul the middle of the cash rate target corridor is used.", Central bank policy rates - Australia - Monthly - End of period,1993-12,4.75,A,F,
M,AU,368,0,,From 2 Aug 1990 onwards: cash rate target; from 23 Jan 1990 to 1 Aug 1990: middle of the cash rate target range; from 7 Apr 1976 to 22 Jan 1990: interbank overnight cash rate.,4,Reserve Bank of Australia,"This rate can be considered the official policy rate as from 23 Jan 1990. Australia had a managed exchange rate regime prior to 1983, in an environment of capital controls. The RBA did not have an explicit target interest rate prior to 23 Jan 1990. The BIS publishes a representative rate for that period. Between  23 Jan 1990 and 31 Jul the middle of the cash rate target corridor is used.", Central bank policy rates - Australia - Monthly - End of period,1994-01,4.75,A,F,
M,AU,368,0,,From 2 Aug 1990 onwards: cash rate target; from 23 Jan 1990 to 1 Aug 1990: middle of the cash rate target range; from 7 Apr 1976 to 22 Jan 1990: interbank overnight cash rate.,4,Reserve Bank of Australia,"This rate can be considered the official policy rate as from 23 Jan 1990. Australia had a managed exchange rate regime prior to 1983, in an environment of capital controls. The RBA did not have an explicit target interest rate prior to 23 Jan 1990. The BIS publishes a representative rate for that period. Between  23 Jan 1990 and 31 Jul the middle of the cash rate target corridor is used.", Central bank policy rates - Australia - Monthly - End of period,1994-02,4.75,A,F,
M,AU,368,0,,From 2 Aug 1990 onwards: cash rate target; from 23 Jan 1990 to 1 Aug 1990: middle of the cash rate target range; from 7 Apr 1976 to 22 Jan 1990: interbank overnight cash rate.,4,Reserve Bank of Australia,"This rate can be considered the official policy rate as from 23 Jan 1990. Australia had a managed exchange rate regime prior to 1983, in an environment of capital controls. The RBA did not have an explicit target interest rate prior to 23 Jan 1990. The BIS publishes a representative rate for that period. Between  23 Jan 1990 and 31 Jul the middle of the cash rate target corridor is used.", Central bank policy rates - Australia - Monthly - End of period,1994-03,4.75,A,F,
M,AU,368,0,,From 2 Aug 1990 onwards: cash rate target; from 23 Jan 1990 to 1 Aug 1990: middle of the cash rate target range; from 7 Apr 1976 to 22 Jan 1990: interbank overnight cash rate.,4,Reserve Bank of Australia,"This rate can be considered the official policy rate as from 23 Jan 1990. Australia had a managed exchange rate regime prior to 1983, in an environment of capital controls. The RBA did not have an explicit target interest rate prior to 23 Jan 1990. The BIS publishes a representative rate for that period. Between  23 Jan 1990 and 31 Jul the middle of the cash rate target corridor is used.", Central bank policy rates - Australia - Monthly - End of period,1994-04,4.75,A,F,
M,AU,368,0,,From 2 Aug 1990 onwards: cash rate target; from 23 Jan 1990 to 1 Aug 1990: middle of the cash rate target range; from 7 Apr 1976 to 22 Jan 1990: interbank overnight cash rate.,4,Reserve Bank of Australia,"This rate can be considered the official policy rate as from 23 Jan 1990. Australia had a managed exchange rate regime prior to 1983, in an environment of capital controls. The RBA did not have an explicit target interest rate prior to 23 Jan 1990. The BIS publishes a representative rate for that period. Between  23 Jan 1990 and 31 Jul the middle of the cash rate target corridor is used.", Central bank policy rates - Australia - Monthly - End of period,1994-05,4.75,A,F,
M,AU,368,0,,From 2 Aug 1990 onwards: cash rate target; from 23 Jan 1990 to 1 Aug 1990: middle of the cash rate target range; from 7 Apr 1976 to 22 Jan 1990: interbank overnight cash rate.,4,Reserve Bank of Australia,"This rate can be considered the official policy rate as from 23 Jan 1990. Australia had a managed exchange rate regime prior to 1983, in an environment of capital controls. The RBA did not have an explicit target interest rate prior to 23 Jan 1990. The BIS publishes a representative rate for that period. Between  23 Jan 1990 and 31 Jul the middle of the cash rate target corridor is used.", Central bank policy rates - Australia - Monthly - End of period,1994-06,4.75,A,F,
M,AU,368,0,,From 2 Aug 1990 onwards: cash rate target; from 23 Jan 1990 to 1 Aug 1990: middle of the cash rate target range; from 7 Apr 1976 to 22 Jan 1990: interbank overnight cash rate.,4,Reserve Bank of Australia,"This rate can be considered the official policy rate as from 23 Jan 1990. Australia had a managed exchange rate regime prior to 1983, in an environment of capital controls. The RBA did not have an explicit target interest rate prior to 23 Jan 1990. The BIS publishes a representative rate for that period. Between  23 Jan 1990 and 31 Jul the middle of the cash rate target corridor is used.", Central bank policy rates - Australia - Monthly - End of period,1994-07,4.75,A,F,
M,AU,368,0,,From 2 Aug 1990 onwards: cash rate target; from 23 Jan 1990 to 1 Aug 1990: middle of the cash rate target range; from 7 Apr 1976 to 22 Jan 1990: interbank overnight cash rate.,4,Reserve Bank of Australia,"This rate can be considered the official policy rate as from 23 Jan 1990. Australia had a managed exchange rate regime prior to 1983, in an environment of capital controls. The RBA did not have an explicit target interest rate prior to 23 Jan 1990. The BIS publishes a representative rate for that period. Between  23 Jan 1990 and 31 Jul the middle of the cash rate target corridor is used.", Central bank policy rates - Australia - Monthly - End of period,1994-08,5.5,A,F,
M,AU,368,0,,From 2 Aug 1990 onwards: cash rate target; from 23 Jan 1990 to 1 Aug 1990: middle of the cash rate target range; from 7 Apr 1976 to 22 Jan 1990: interbank overnight cash rate.,4,Reserve Bank of Australia,"This rate can be considered the official policy rate as from 23 Jan 1990. Australia had a managed exchange rate regime prior to 1983, in an environment of capital controls. The RBA did not have an explicit target interest rate prior to 23 Jan 1990. The BIS publishes a representative rate for that period. Between  23 Jan 1990 and 31 Jul the middle of the cash rate target corridor is used.", Central bank policy rates - Australia - Monthly - End of period,1994-09,5.5,A,F,
M,AU,368,0,,From 2 Aug 1990 onwards: cash rate target; from 23 Jan 1990 to 1 Aug 1990: middle of the cash rate target range; from 7 Apr 1976 to 22 Jan 1990: interbank overnight cash rate.,4,Reserve Bank of Australia,"This rate can be considered the official policy rate as from 23 Jan 1990. Australia had a managed exchange rate regime prior to 1983, in an environment of capital controls. The RBA did not have an explicit target interest rate prior to 23 Jan 1990. The BIS publishes a representative rate for that period. Between  23 Jan 1990 and 31 Jul the middle of the cash rate target corridor is used.", Central bank policy rates - Australia - Monthly - End of period,1994-10,6.5,A,F,
M,AU,368,0,,From 2 Aug 1990 onwards: cash rate target; from 23 Jan 1990 to 1 Aug 1990: middle of the cash rate target range; from 7 Apr 1976 to 22 Jan 1990: interbank overnight cash rate.,4,Reserve Bank of Australia,"This rate can be considered the official policy rate as from 23 Jan 1990. Australia had a managed exchange rate regime prior to 1983, in an environment of capital controls. The RBA did not have an explicit target interest rate prior to 23 Jan 1990. The BIS publishes a representative rate for that period. Between  23 Jan 1990 and 31 Jul the middle of the cash rate target corridor is used.", Central bank policy rates - Australia - Monthly - End of period,1994-11,6.5,A,F,
M,AU,368,0,,From 2 Aug 1990 onwards: cash rate target; from 23 Jan 1990 to 1 Aug 1990: middle of the cash rate target range; from 7 Apr 1976 to 22 Jan 1990: interbank overnight cash rate.,4,Reserve Bank of Australia,"This rate can be considered the official policy rate as from 23 Jan 1990. Australia had a managed exchange rate regime prior to 1983, in an environment of capital controls. The RBA did not have an explicit target interest rate prior to 23 Jan 1990. The BIS publishes a representative rate for that period. Between  23 Jan 1990 and 31 Jul the middle of the cash rate target corridor is used.", Central bank policy rates - Australia - Monthly - End of period,1994-12,7.5,A,F,
M,AU,368,0,,From 2 Aug 1990 onwards: cash rate target; from 23 Jan 1990 to 1 Aug 1990: middle of the cash rate target range; from 7 Apr 1976 to 22 Jan 1990: interbank overnight cash rate.,4,Reserve Bank of Australia,"This rate can be considered the official policy rate as from 23 Jan 1990. Australia had a managed exchange rate regime prior to 1983, in an environment of capital controls. The RBA did not have an explicit target interest rate prior to 23 Jan 1990. The BIS publishes a representative rate for that period. Between  23 Jan 1990 and 31 Jul the middle of the cash rate target corridor is used.", Central bank policy rates - Australia - Monthly - End of period,1995-01,7.5,A,F,
M,AU,368,0,,From 2 Aug 1990 onwards: cash rate target; from 23 Jan 1990 to 1 Aug 1990: middle of the cash rate target range; from 7 Apr 1976 to 22 Jan 1990: interbank overnight cash rate.,4,Reserve Bank of Australia,"This rate can be considered the official policy rate as from 23 Jan 1990. Australia had a managed exchange rate regime prior to 1983, in an environment of capital controls. The RBA did not have an explicit target interest rate prior to 23 Jan 1990. The BIS publishes a representative rate for that period. Between  23 Jan 1990 and 31 Jul the middle of the cash rate target corridor is used.", Central bank policy rates - Australia - Monthly - End of period,1995-02,7.5,A,F,
M,AU,368,0,,From 2 Aug 1990 onwards: cash rate target; from 23 Jan 1990 to 1 Aug 1990: middle of the cash rate target range; from 7 Apr 1976 to 22 Jan 1990: interbank overnight cash rate.,4,Reserve Bank of Australia,"This rate can be considered the official policy rate as from 23 Jan 1990. Australia had a managed exchange rate regime prior to 1983, in an environment of capital controls. The RBA did not have an explicit target interest rate prior to 23 Jan 1990. The BIS publishes a representative rate for that period. Between  23 Jan 1990 and 31 Jul the middle of the cash rate target corridor is used.", Central bank policy rates - Australia - Monthly - End of period,1995-03,7.5,A,F,
M,AU,368,0,,From 2 Aug 1990 onwards: cash rate target; from 23 Jan 1990 to 1 Aug 1990: middle of the cash rate target range; from 7 Apr 1976 to 22 Jan 1990: interbank overnight cash rate.,4,Reserve Bank of Australia,"This rate can be considered the official policy rate as from 23 Jan 1990. Australia had a managed exchange rate regime prior to 1983, in an environment of capital controls. The RBA did not have an explicit target interest rate prior to 23 Jan 1990. The BIS publishes a representative rate for that period. Between  23 Jan 1990 and 31 Jul the middle of the cash rate target corridor is used.", Central bank policy rates - Australia - Monthly - End of period,1995-04,7.5,A,F,
M,AU,368,0,,From 2 Aug 1990 onwards: cash rate target; from 23 Jan 1990 to 1 Aug 1990: middle of the cash rate target range; from 7 Apr 1976 to 22 Jan 1990: interbank overnight cash rate.,4,Reserve Bank of Australia,"This rate can be considered the official policy rate as from 23 Jan 1990. Australia had a managed exchange rate regime prior to 1983, in an environment of capital controls. The RBA did not have an explicit target interest rate prior to 23 Jan 1990. The BIS publishes a representative rate for that period. Between  23 Jan 1990 and 31 Jul the middle of the cash rate target corridor is used.", Central bank policy rates - Australia - Monthly - End of period,1995-05,7.5,A,F,
M,AU,368,0,,From 2 Aug 1990 onwards: cash rate target; from 23 Jan 1990 to 1 Aug 1990: middle of the cash rate target range; from 7 Apr 1976 to 22 Jan 1990: interbank overnight cash rate.,4,Reserve Bank of Australia,"This rate can be considered the official policy rate as from 23 Jan 1990. Australia had a managed exchange rate regime prior to 1983, in an environment of capital controls. The RBA did not have an explicit target interest rate prior to 23 Jan 1990. The BIS publishes a representative rate for that period. Between  23 Jan 1990 and 31 Jul the middle of the cash rate target corridor is used.", Central bank policy rates - Australia - Monthly - End of period,1995-06,7.5,A,F,
M,AU,368,0,,From 2 Aug 1990 onwards: cash rate target; from 23 Jan 1990 to 1 Aug 1990: middle of the cash rate target range; from 7 Apr 1976 to 22 Jan 1990: interbank overnight cash rate.,4,Reserve Bank of Australia,"This rate can be considered the official policy rate as from 23 Jan 1990. Australia had a managed exchange rate regime prior to 1983, in an environment of capital controls. The RBA did not have an explicit target interest rate prior to 23 Jan 1990. The BIS publishes a representative rate for that period. Between  23 Jan 1990 and 31 Jul the middle of the cash rate target corridor is used.", Central bank policy rates - Australia - Monthly - End of period,1995-07,7.5,A,F,
M,AU,368,0,,From 2 Aug 1990 onwards: cash rate target; from 23 Jan 1990 to 1 Aug 1990: middle of the cash rate target range; from 7 Apr 1976 to 22 Jan 1990: interbank overnight cash rate.,4,Reserve Bank of Australia,"This rate can be considered the official policy rate as from 23 Jan 1990. Australia had a managed exchange rate regime prior to 1983, in an environment of capital controls. The RBA did not have an explicit target interest rate prior to 23 Jan 1990. The BIS publishes a representative rate for that period. Between  23 Jan 1990 and 31 Jul the middle of the cash rate target corridor is used.", Central bank policy rates - Australia - Monthly - End of period,1995-08,7.5,A,F,
M,AU,368,0,,From 2 Aug 1990 onwards: cash rate target; from 23 Jan 1990 to 1 Aug 1990: middle of the cash rate target range; from 7 Apr 1976 to 22 Jan 1990: interbank overnight cash rate.,4,Reserve Bank of Australia,"This rate can be considered the official policy rate as from 23 Jan 1990. Australia had a managed exchange rate regime prior to 1983, in an environment of capital controls. The RBA did not have an explicit target interest rate prior to 23 Jan 1990. The BIS publishes a representative rate for that period. Between  23 Jan 1990 and 31 Jul the middle of the cash rate target corridor is used.", Central bank policy rates - Australia - Monthly - End of period,1995-09,7.5,A,F,
M,AU,368,0,,From 2 Aug 1990 onwards: cash rate target; from 23 Jan 1990 to 1 Aug 1990: middle of the cash rate target range; from 7 Apr 1976 to 22 Jan 1990: interbank overnight cash rate.,4,Reserve Bank of Australia,"This rate can be considered the official policy rate as from 23 Jan 1990. Australia had a managed exchange rate regime prior to 1983, in an environment of capital controls. The RBA did not have an explicit target interest rate prior to 23 Jan 1990. The BIS publishes a representative rate for that period. Between  23 Jan 1990 and 31 Jul the middle of the cash rate target corridor is used.", Central bank policy rates - Australia - Monthly - End of period,1995-10,7.5,A,F,
M,AU,368,0,,From 2 Aug 1990 onwards: cash rate target; from 23 Jan 1990 to 1 Aug 1990: middle of the cash rate target range; from 7 Apr 1976 to 22 Jan 1990: interbank overnight cash rate.,4,Reserve Bank of Australia,"This rate can be considered the official policy rate as from 23 Jan 1990. Australia had a managed exchange rate regime prior to 1983, in an environment of capital controls. The RBA did not have an explicit target interest rate prior to 23 Jan 1990. The BIS publishes a representative rate for that period. Between  23 Jan 1990 and 31 Jul the middle of the cash rate target corridor is used.", Central bank policy rates - Australia - Monthly - End of period,1995-11,7.5,A,F,
M,AU,368,0,,From 2 Aug 1990 onwards: cash rate target; from 23 Jan 1990 to 1 Aug 1990: middle of the cash rate target range; from 7 Apr 1976 to 22 Jan 1990: interbank overnight cash rate.,4,Reserve Bank of Australia,"This rate can be considered the official policy rate as from 23 Jan 1990. Australia had a managed exchange rate regime prior to 1983, in an environment of capital controls. The RBA did not have an explicit target interest rate prior to 23 Jan 1990. The BIS publishes a representative rate for that period. Between  23 Jan 1990 and 31 Jul the middle of the cash rate target corridor is used.", Central bank policy rates - Australia - Monthly - End of period,1995-12,7.5,A,F,
M,AU,368,0,,From 2 Aug 1990 onwards: cash rate target; from 23 Jan 1990 to 1 Aug 1990: middle of the cash rate target range; from 7 Apr 1976 to 22 Jan 1990: interbank overnight cash rate.,4,Reserve Bank of Australia,"This rate can be considered the official policy rate as from 23 Jan 1990. Australia had a managed exchange rate regime prior to 1983, in an environment of capital controls. The RBA did not have an explicit target interest rate prior to 23 Jan 1990. The BIS publishes a representative rate for that period. Between  23 Jan 1990 and 31 Jul the middle of the cash rate target corridor is used.", Central bank policy rates - Australia - Monthly - End of period,1996-01,7.5,A,F,
M,AU,368,0,,From 2 Aug 1990 onwards: cash rate target; from 23 Jan 1990 to 1 Aug 1990: middle of the cash rate target range; from 7 Apr 1976 to 22 Jan 1990: interbank overnight cash rate.,4,Reserve Bank of Australia,"This rate can be considered the official policy rate as from 23 Jan 1990. Australia had a managed exchange rate regime prior to 1983, in an environment of capital controls. The RBA did not have an explicit target interest rate prior to 23 Jan 1990. The BIS publishes a representative rate for that period. Between  23 Jan 1990 and 31 Jul the middle of the cash rate target corridor is used.", Central bank policy rates - Australia - Monthly - End of period,1996-02,7.5,A,F,
M,AU,368,0,,From 2 Aug 1990 onwards: cash rate target; from 23 Jan 1990 to 1 Aug 1990: middle of the cash rate target range; from 7 Apr 1976 to 22 Jan 1990: interbank overnight cash rate.,4,Reserve Bank of Australia,"This rate can be considered the official policy rate as from 23 Jan 1990. Australia had a managed exchange rate regime prior to 1983, in an environment of capital controls. The RBA did not have an explicit target interest rate prior to 23 Jan 1990. The BIS publishes a representative rate for that period. Between  23 Jan 1990 and 31 Jul the middle of the cash rate target corridor is used.", Central bank policy rates - Australia - Monthly - End of period,1996-03,7.5,A,F,
M,AU,368,0,,From 2 Aug 1990 onwards: cash rate target; from 23 Jan 1990 to 1 Aug 1990: middle of the cash rate target range; from 7 Apr 1976 to 22 Jan 1990: interbank overnight cash rate.,4,Reserve Bank of Australia,"This rate can be considered the official policy rate as from 23 Jan 1990. Australia had a managed exchange rate regime prior to 1983, in an environment of capital controls. The RBA did not have an explicit target interest rate prior to 23 Jan 1990. The BIS publishes a representative rate for that period. Between  23 Jan 1990 and 31 Jul the middle of the cash rate target corridor is used.", Central bank policy rates - Australia - Monthly - End of period,1996-04,7.5,A,F,
M,AU,368,0,,From 2 Aug 1990 onwards: cash rate target; from 23 Jan 1990 to 1 Aug 1990: middle of the cash rate target range; from 7 Apr 1976 to 22 Jan 1990: interbank overnight cash rate.,4,Reserve Bank of Australia,"This rate can be considered the official policy rate as from 23 Jan 1990. Australia had a managed exchange rate regime prior to 1983, in an environment of capital controls. The RBA did not have an explicit target interest rate prior to 23 Jan 1990. The BIS publishes a representative rate for that period. Between  23 Jan 1990 and 31 Jul the middle of the cash rate target corridor is used.", Central bank policy rates - Australia - Monthly - End of period,1996-05,7.5,A,F,
M,AU,368,0,,From 2 Aug 1990 onwards: cash rate target; from 23 Jan 1990 to 1 Aug 1990: middle of the cash rate target range; from 7 Apr 1976 to 22 Jan 1990: interbank overnight cash rate.,4,Reserve Bank of Australia,"This rate can be considered the official policy rate as from 23 Jan 1990. Australia had a managed exchange rate regime prior to 1983, in an environment of capital controls. The RBA did not have an explicit target interest rate prior to 23 Jan 1990. The BIS publishes a representative rate for that period. Between  23 Jan 1990 and 31 Jul the middle of the cash rate target corridor is used.", Central bank policy rates - Australia - Monthly - End of period,1996-06,7.5,A,F,
M,AU,368,0,,From 2 Aug 1990 onwards: cash rate target; from 23 Jan 1990 to 1 Aug 1990: middle of the cash rate target range; from 7 Apr 1976 to 22 Jan 1990: interbank overnight cash rate.,4,Reserve Bank of Australia,"This rate can be considered the official policy rate as from 23 Jan 1990. Australia had a managed exchange rate regime prior to 1983, in an environment of capital controls. The RBA did not have an explicit target interest rate prior to 23 Jan 1990. The BIS publishes a representative rate for that period. Between  23 Jan 1990 and 31 Jul the middle of the cash rate target corridor is used.", Central bank policy rates - Australia - Monthly - End of period,1996-07,7,A,F,
M,AU,368,0,,From 2 Aug 1990 onwards: cash rate target; from 23 Jan 1990 to 1 Aug 1990: middle of the cash rate target range; from 7 Apr 1976 to 22 Jan 1990: interbank overnight cash rate.,4,Reserve Bank of Australia,"This rate can be considered the official policy rate as from 23 Jan 1990. Australia had a managed exchange rate regime prior to 1983, in an environment of capital controls. The RBA did not have an explicit target interest rate prior to 23 Jan 1990. The BIS publishes a representative rate for that period. Between  23 Jan 1990 and 31 Jul the middle of the cash rate target corridor is used.", Central bank policy rates - Australia - Monthly - End of period,1996-08,7,A,F,
M,AU,368,0,,From 2 Aug 1990 onwards: cash rate target; from 23 Jan 1990 to 1 Aug 1990: middle of the cash rate target range; from 7 Apr 1976 to 22 Jan 1990: interbank overnight cash rate.,4,Reserve Bank of Australia,"This rate can be considered the official policy rate as from 23 Jan 1990. Australia had a managed exchange rate regime prior to 1983, in an environment of capital controls. The RBA did not have an explicit target interest rate prior to 23 Jan 1990. The BIS publishes a representative rate for that period. Between  23 Jan 1990 and 31 Jul the middle of the cash rate target corridor is used.", Central bank policy rates - Australia - Monthly - End of period,1996-09,7,A,F,
M,AU,368,0,,From 2 Aug 1990 onwards: cash rate target; from 23 Jan 1990 to 1 Aug 1990: middle of the cash rate target range; from 7 Apr 1976 to 22 Jan 1990: interbank overnight cash rate.,4,Reserve Bank of Australia,"This rate can be considered the official policy rate as from 23 Jan 1990. Australia had a managed exchange rate regime prior to 1983, in an environment of capital controls. The RBA did not have an explicit target interest rate prior to 23 Jan 1990. The BIS publishes a representative rate for that period. Between  23 Jan 1990 and 31 Jul the middle of the cash rate target corridor is used.", Central bank policy rates - Australia - Monthly - End of period,1996-10,7,A,F,
M,AU,368,0,,From 2 Aug 1990 onwards: cash rate target; from 23 Jan 1990 to 1 Aug 1990: middle of the cash rate target range; from 7 Apr 1976 to 22 Jan 1990: interbank overnight cash rate.,4,Reserve Bank of Australia,"This rate can be considered the official policy rate as from 23 Jan 1990. Australia had a managed exchange rate regime prior to 1983, in an environment of capital controls. The RBA did not have an explicit target interest rate prior to 23 Jan 1990. The BIS publishes a representative rate for that period. Between  23 Jan 1990 and 31 Jul the middle of the cash rate target corridor is used.", Central bank policy rates - Australia - Monthly - End of period,1996-11,6.5,A,F,
M,AU,368,0,,From 2 Aug 1990 onwards: cash rate target; from 23 Jan 1990 to 1 Aug 1990: middle of the cash rate target range; from 7 Apr 1976 to 22 Jan 1990: interbank overnight cash rate.,4,Reserve Bank of Australia,"This rate can be considered the official policy rate as from 23 Jan 1990. Australia had a managed exchange rate regime prior to 1983, in an environment of capital controls. The RBA did not have an explicit target interest rate prior to 23 Jan 1990. The BIS publishes a representative rate for that period. Between  23 Jan 1990 and 31 Jul the middle of the cash rate target corridor is used.", Central bank policy rates - Australia - Monthly - End of period,1996-12,6,A,F,
M,AU,368,0,,From 2 Aug 1990 onwards: cash rate target; from 23 Jan 1990 to 1 Aug 1990: middle of the cash rate target range; from 7 Apr 1976 to 22 Jan 1990: interbank overnight cash rate.,4,Reserve Bank of Australia,"This rate can be considered the official policy rate as from 23 Jan 1990. Australia had a managed exchange rate regime prior to 1983, in an environment of capital controls. The RBA did not have an explicit target interest rate prior to 23 Jan 1990. The BIS publishes a representative rate for that period. Between  23 Jan 1990 and 31 Jul the middle of the cash rate target corridor is used.", Central bank policy rates - Australia - Monthly - End of period,1997-01,6,A,F,
M,AU,368,0,,From 2 Aug 1990 onwards: cash rate target; from 23 Jan 1990 to 1 Aug 1990: middle of the cash rate target range; from 7 Apr 1976 to 22 Jan 1990: interbank overnight cash rate.,4,Reserve Bank of Australia,"This rate can be considered the official policy rate as from 23 Jan 1990. Australia had a managed exchange rate regime prior to 1983, in an environment of capital controls. The RBA did not have an explicit target interest rate prior to 23 Jan 1990. The BIS publishes a representative rate for that period. Between  23 Jan 1990 and 31 Jul the middle of the cash rate target corridor is used.", Central bank policy rates - Australia - Monthly - End of period,1997-02,6,A,F,
M,AU,368,0,,From 2 Aug 1990 onwards: cash rate target; from 23 Jan 1990 to 1 Aug 1990: middle of the cash rate target range; from 7 Apr 1976 to 22 Jan 1990: interbank overnight cash rate.,4,Reserve Bank of Australia,"This rate can be considered the official policy rate as from 23 Jan 1990. Australia had a managed exchange rate regime prior to 1983, in an environment of capital controls. The RBA did not have an explicit target interest rate prior to 23 Jan 1990. The BIS publishes a representative rate for that period. Between  23 Jan 1990 and 31 Jul the middle of the cash rate target corridor is used.", Central bank policy rates - Australia - Monthly - End of period,1997-03,6,A,F,
M,AU,368,0,,From 2 Aug 1990 onwards: cash rate target; from 23 Jan 1990 to 1 Aug 1990: middle of the cash rate target range; from 7 Apr 1976 to 22 Jan 1990: interbank overnight cash rate.,4,Reserve Bank of Australia,"This rate can be considered the official policy rate as from 23 Jan 1990. Australia had a managed exchange rate regime prior to 1983, in an environment of capital controls. The RBA did not have an explicit target interest rate prior to 23 Jan 1990. The BIS publishes a representative rate for that period. Between  23 Jan 1990 and 31 Jul the middle of the cash rate target corridor is used.", Central bank policy rates - Australia - Monthly - End of period,1997-04,6,A,F,
M,AU,368,0,,From 2 Aug 1990 onwards: cash rate target; from 23 Jan 1990 to 1 Aug 1990: middle of the cash rate target range; from 7 Apr 1976 to 22 Jan 1990: interbank overnight cash rate.,4,Reserve Bank of Australia,"This rate can be considered the official policy rate as from 23 Jan 1990. Australia had a managed exchange rate regime prior to 1983, in an environment of capital controls. The RBA did not have an explicit target interest rate prior to 23 Jan 1990. The BIS publishes a representative rate for that period. Between  23 Jan 1990 and 31 Jul the middle of the cash rate target corridor is used.", Central bank policy rates - Australia - Monthly - End of period,1997-05,5.5,A,F,
M,AU,368,0,,From 2 Aug 1990 onwards: cash rate target; from 23 Jan 1990 to 1 Aug 1990: middle of the cash rate target range; from 7 Apr 1976 to 22 Jan 1990: interbank overnight cash rate.,4,Reserve Bank of Australia,"This rate can be considered the official policy rate as from 23 Jan 1990. Australia had a managed exchange rate regime prior to 1983, in an environment of capital controls. The RBA did not have an explicit target interest rate prior to 23 Jan 1990. The BIS publishes a representative rate for that period. Between  23 Jan 1990 and 31 Jul the middle of the cash rate target corridor is used.", Central bank policy rates - Australia - Monthly - End of period,1997-06,5.5,A,F,
M,AU,368,0,,From 2 Aug 1990 onwards: cash rate target; from 23 Jan 1990 to 1 Aug 1990: middle of the cash rate target range; from 7 Apr 1976 to 22 Jan 1990: interbank overnight cash rate.,4,Reserve Bank of Australia,"This rate can be considered the official policy rate as from 23 Jan 1990. Australia had a managed exchange rate regime prior to 1983, in an environment of capital controls. The RBA did not have an explicit target interest rate prior to 23 Jan 1990. The BIS publishes a representative rate for that period. Between  23 Jan 1990 and 31 Jul the middle of the cash rate target corridor is used.", Central bank policy rates - Australia - Monthly - End of period,1997-07,5,A,F,
M,AU,368,0,,From 2 Aug 1990 onwards: cash rate target; from 23 Jan 1990 to 1 Aug 1990: middle of the cash rate target range; from 7 Apr 1976 to 22 Jan 1990: interbank overnight cash rate.,4,Reserve Bank of Australia,"This rate can be considered the official policy rate as from 23 Jan 1990. Australia had a managed exchange rate regime prior to 1983, in an environment of capital controls. The RBA did not have an explicit target interest rate prior to 23 Jan 1990. The BIS publishes a representative rate for that period. Between  23 Jan 1990 and 31 Jul the middle of the cash rate target corridor is used.", Central bank policy rates - Australia - Monthly - End of period,1997-08,5,A,F,
M,AU,368,0,,From 2 Aug 1990 onwards: cash rate target; from 23 Jan 1990 to 1 Aug 1990: middle of the cash rate target range; from 7 Apr 1976 to 22 Jan 1990: interbank overnight cash rate.,4,Reserve Bank of Australia,"This rate can be considered the official policy rate as from 23 Jan 1990. Australia had a managed exchange rate regime prior to 1983, in an environment of capital controls. The RBA did not have an explicit target interest rate prior to 23 Jan 1990. The BIS publishes a representative rate for that period. Between  23 Jan 1990 and 31 Jul the middle of the cash rate target corridor is used.", Central bank policy rates - Australia - Monthly - End of period,1997-09,5,A,F,
M,AU,368,0,,From 2 Aug 1990 onwards: cash rate target; from 23 Jan 1990 to 1 Aug 1990: middle of the cash rate target range; from 7 Apr 1976 to 22 Jan 1990: interbank overnight cash rate.,4,Reserve Bank of Australia,"This rate can be considered the official policy rate as from 23 Jan 1990. Australia had a managed exchange rate regime prior to 1983, in an environment of capital controls. The RBA did not have an explicit target interest rate prior to 23 Jan 1990. The BIS publishes a representative rate for that period. Between  23 Jan 1990 and 31 Jul the middle of the cash rate target corridor is used.", Central bank policy rates - Australia - Monthly - End of period,1997-10,5,A,F,
M,AU,368,0,,From 2 Aug 1990 onwards: cash rate target; from 23 Jan 1990 to 1 Aug 1990: middle of the cash rate target range; from 7 Apr 1976 to 22 Jan 1990: interbank overnight cash rate.,4,Reserve Bank of Australia,"This rate can be considered the official policy rate as from 23 Jan 1990. Australia had a managed exchange rate regime prior to 1983, in an environment of capital controls. The RBA did not have an explicit target interest rate prior to 23 Jan 1990. The BIS publishes a representative rate for that period. Between  23 Jan 1990 and 31 Jul the middle of the cash rate target corridor is used.", Central bank policy rates - Australia - Monthly - End of period,1997-11,5,A,F,
M,AU,368,0,,From 2 Aug 1990 onwards: cash rate target; from 23 Jan 1990 to 1 Aug 1990: middle of the cash rate target range; from 7 Apr 1976 to 22 Jan 1990: interbank overnight cash rate.,4,Reserve Bank of Australia,"This rate can be considered the official policy rate as from 23 Jan 1990. Australia had a managed exchange rate regime prior to 1983, in an environment of capital controls. The RBA did not have an explicit target interest rate prior to 23 Jan 1990. The BIS publishes a representative rate for that period. Between  23 Jan 1990 and 31 Jul the middle of the cash rate target corridor is used.", Central bank policy rates - Australia - Monthly - End of period,1997-12,5,A,F,
M,AU,368,0,,From 2 Aug 1990 onwards: cash rate target; from 23 Jan 1990 to 1 Aug 1990: middle of the cash rate target range; from 7 Apr 1976 to 22 Jan 1990: interbank overnight cash rate.,4,Reserve Bank of Australia,"This rate can be considered the official policy rate as from 23 Jan 1990. Australia had a managed exchange rate regime prior to 1983, in an environment of capital controls. The RBA did not have an explicit target interest rate prior to 23 Jan 1990. The BIS publishes a representative rate for that period. Between  23 Jan 1990 and 31 Jul the middle of the cash rate target corridor is used.", Central bank policy rates - Australia - Monthly - End of period,1998-01,5,A,F,
M,AU,368,0,,From 2 Aug 1990 onwards: cash rate target; from 23 Jan 1990 to 1 Aug 1990: middle of the cash rate target range; from 7 Apr 1976 to 22 Jan 1990: interbank overnight cash rate.,4,Reserve Bank of Australia,"This rate can be considered the official policy rate as from 23 Jan 1990. Australia had a managed exchange rate regime prior to 1983, in an environment of capital controls. The RBA did not have an explicit target interest rate prior to 23 Jan 1990. The BIS publishes a representative rate for that period. Between  23 Jan 1990 and 31 Jul the middle of the cash rate target corridor is used.", Central bank policy rates - Australia - Monthly - End of period,1998-02,5,A,F,
M,AU,368,0,,From 2 Aug 1990 onwards: cash rate target; from 23 Jan 1990 to 1 Aug 1990: middle of the cash rate target range; from 7 Apr 1976 to 22 Jan 1990: interbank overnight cash rate.,4,Reserve Bank of Australia,"This rate can be considered the official policy rate as from 23 Jan 1990. Australia had a managed exchange rate regime prior to 1983, in an environment of capital controls. The RBA did not have an explicit target interest rate prior to 23 Jan 1990. The BIS publishes a representative rate for that period. Between  23 Jan 1990 and 31 Jul the middle of the cash rate target corridor is used.", Central bank policy rates - Australia - Monthly - End of period,1998-03,5,A,F,
M,AU,368,0,,From 2 Aug 1990 onwards: cash rate target; from 23 Jan 1990 to 1 Aug 1990: middle of the cash rate target range; from 7 Apr 1976 to 22 Jan 1990: interbank overnight cash rate.,4,Reserve Bank of Australia,"This rate can be considered the official policy rate as from 23 Jan 1990. Australia had a managed exchange rate regime prior to 1983, in an environment of capital controls. The RBA did not have an explicit target interest rate prior to 23 Jan 1990. The BIS publishes a representative rate for that period. Between  23 Jan 1990 and 31 Jul the middle of the cash rate target corridor is used.", Central bank policy rates - Australia - Monthly - End of period,1998-04,5,A,F,
M,AU,368,0,,From 2 Aug 1990 onwards: cash rate target; from 23 Jan 1990 to 1 Aug 1990: middle of the cash rate target range; from 7 Apr 1976 to 22 Jan 1990: interbank overnight cash rate.,4,Reserve Bank of Australia,"This rate can be considered the official policy rate as from 23 Jan 1990. Australia had a managed exchange rate regime prior to 1983, in an environment of capital controls. The RBA did not have an explicit target interest rate prior to 23 Jan 1990. The BIS publishes a representative rate for that period. Between  23 Jan 1990 and 31 Jul the middle of the cash rate target corridor is used.", Central bank policy rates - Australia - Monthly - End of period,1998-05,5,A,F,
M,AU,368,0,,From 2 Aug 1990 onwards: cash rate target; from 23 Jan 1990 to 1 Aug 1990: middle of the cash rate target range; from 7 Apr 1976 to 22 Jan 1990: interbank overnight cash rate.,4,Reserve Bank of Australia,"This rate can be considered the official policy rate as from 23 Jan 1990. Australia had a managed exchange rate regime prior to 1983, in an environment of capital controls. The RBA did not have an explicit target interest rate prior to 23 Jan 1990. The BIS publishes a representative rate for that period. Between  23 Jan 1990 and 31 Jul the middle of the cash rate target corridor is used.", Central bank policy rates - Australia - Monthly - End of period,1998-06,5,A,F,
M,AU,368,0,,From 2 Aug 1990 onwards: cash rate target; from 23 Jan 1990 to 1 Aug 1990: middle of the cash rate target range; from 7 Apr 1976 to 22 Jan 1990: interbank overnight cash rate.,4,Reserve Bank of Australia,"This rate can be considered the official policy rate as from 23 Jan 1990. Australia had a managed exchange rate regime prior to 1983, in an environment of capital controls. The RBA did not have an explicit target interest rate prior to 23 Jan 1990. The BIS publishes a representative rate for that period. Between  23 Jan 1990 and 31 Jul the middle of the cash rate target corridor is used.", Central bank policy rates - Australia - Monthly - End of period,1998-07,5,A,F,
M,AU,368,0,,From 2 Aug 1990 onwards: cash rate target; from 23 Jan 1990 to 1 Aug 1990: middle of the cash rate target range; from 7 Apr 1976 to 22 Jan 1990: interbank overnight cash rate.,4,Reserve Bank of Australia,"This rate can be considered the official policy rate as from 23 Jan 1990. Australia had a managed exchange rate regime prior to 1983, in an environment of capital controls. The RBA did not have an explicit target interest rate prior to 23 Jan 1990. The BIS publishes a representative rate for that period. Between  23 Jan 1990 and 31 Jul the middle of the cash rate target corridor is used.", Central bank policy rates - Australia - Monthly - End of period,1998-08,5,A,F,
M,AU,368,0,,From 2 Aug 1990 onwards: cash rate target; from 23 Jan 1990 to 1 Aug 1990: middle of the cash rate target range; from 7 Apr 1976 to 22 Jan 1990: interbank overnight cash rate.,4,Reserve Bank of Australia,"This rate can be considered the official policy rate as from 23 Jan 1990. Australia had a managed exchange rate regime prior to 1983, in an environment of capital controls. The RBA did not have an explicit target interest rate prior to 23 Jan 1990. The BIS publishes a representative rate for that period. Between  23 Jan 1990 and 31 Jul the middle of the cash rate target corridor is used.", Central bank policy rates - Australia - Monthly - End of period,1998-09,5,A,F,
M,AU,368,0,,From 2 Aug 1990 onwards: cash rate target; from 23 Jan 1990 to 1 Aug 1990: middle of the cash rate target range; from 7 Apr 1976 to 22 Jan 1990: interbank overnight cash rate.,4,Reserve Bank of Australia,"This rate can be considered the official policy rate as from 23 Jan 1990. Australia had a managed exchange rate regime prior to 1983, in an environment of capital controls. The RBA did not have an explicit target interest rate prior to 23 Jan 1990. The BIS publishes a representative rate for that period. Between  23 Jan 1990 and 31 Jul the middle of the cash rate target corridor is used.", Central bank policy rates - Australia - Monthly - End of period,1998-10,5,A,F,
M,AU,368,0,,From 2 Aug 1990 onwards: cash rate target; from 23 Jan 1990 to 1 Aug 1990: middle of the cash rate target range; from 7 Apr 1976 to 22 Jan 1990: interbank overnight cash rate.,4,Reserve Bank of Australia,"This rate can be considered the official policy rate as from 23 Jan 1990. Australia had a managed exchange rate regime prior to 1983, in an environment of capital controls. The RBA did not have an explicit target interest rate prior to 23 Jan 1990. The BIS publishes a representative rate for that period. Between  23 Jan 1990 and 31 Jul the middle of the cash rate target corridor is used.", Central bank policy rates - Australia - Monthly - End of period,1998-11,5,A,F,
M,AU,368,0,,From 2 Aug 1990 onwards: cash rate target; from 23 Jan 1990 to 1 Aug 1990: middle of the cash rate target range; from 7 Apr 1976 to 22 Jan 1990: interbank overnight cash rate.,4,Reserve Bank of Australia,"This rate can be considered the official policy rate as from 23 Jan 1990. Australia had a managed exchange rate regime prior to 1983, in an environment of capital controls. The RBA did not have an explicit target interest rate prior to 23 Jan 1990. The BIS publishes a representative rate for that period. Between  23 Jan 1990 and 31 Jul the middle of the cash rate target corridor is used.", Central bank policy rates - Australia - Monthly - End of period,1998-12,4.75,A,F,
M,AU,368,0,,From 2 Aug 1990 onwards: cash rate target; from 23 Jan 1990 to 1 Aug 1990: middle of the cash rate target range; from 7 Apr 1976 to 22 Jan 1990: interbank overnight cash rate.,4,Reserve Bank of Australia,"This rate can be considered the official policy rate as from 23 Jan 1990. Australia had a managed exchange rate regime prior to 1983, in an environment of capital controls. The RBA did not have an explicit target interest rate prior to 23 Jan 1990. The BIS publishes a representative rate for that period. Between  23 Jan 1990 and 31 Jul the middle of the cash rate target corridor is used.", Central bank policy rates - Australia - Monthly - End of period,1999-01,4.75,A,F,
M,AU,368,0,,From 2 Aug 1990 onwards: cash rate target; from 23 Jan 1990 to 1 Aug 1990: middle of the cash rate target range; from 7 Apr 1976 to 22 Jan 1990: interbank overnight cash rate.,4,Reserve Bank of Australia,"This rate can be considered the official policy rate as from 23 Jan 1990. Australia had a managed exchange rate regime prior to 1983, in an environment of capital controls. The RBA did not have an explicit target interest rate prior to 23 Jan 1990. The BIS publishes a representative rate for that period. Between  23 Jan 1990 and 31 Jul the middle of the cash rate target corridor is used.", Central bank policy rates - Australia - Monthly - End of period,1999-02,4.75,A,F,
M,AU,368,0,,From 2 Aug 1990 onwards: cash rate target; from 23 Jan 1990 to 1 Aug 1990: middle of the cash rate target range; from 7 Apr 1976 to 22 Jan 1990: interbank overnight cash rate.,4,Reserve Bank of Australia,"This rate can be considered the official policy rate as from 23 Jan 1990. Australia had a managed exchange rate regime prior to 1983, in an environment of capital controls. The RBA did not have an explicit target interest rate prior to 23 Jan 1990. The BIS publishes a representative rate for that period. Between  23 Jan 1990 and 31 Jul the middle of the cash rate target corridor is used.", Central bank policy rates - Australia - Monthly - End of period,1999-03,4.75,A,F,
M,AU,368,0,,From 2 Aug 1990 onwards: cash rate target; from 23 Jan 1990 to 1 Aug 1990: middle of the cash rate target range; from 7 Apr 1976 to 22 Jan 1990: interbank overnight cash rate.,4,Reserve Bank of Australia,"This rate can be considered the official policy rate as from 23 Jan 1990. Australia had a managed exchange rate regime prior to 1983, in an environment of capital controls. The RBA did not have an explicit target interest rate prior to 23 Jan 1990. The BIS publishes a representative rate for that period. Between  23 Jan 1990 and 31 Jul the middle of the cash rate target corridor is used.", Central bank policy rates - Australia - Monthly - End of period,1999-04,4.75,A,F,
M,AU,368,0,,From 2 Aug 1990 onwards: cash rate target; from 23 Jan 1990 to 1 Aug 1990: middle of the cash rate target range; from 7 Apr 1976 to 22 Jan 1990: interbank overnight cash rate.,4,Reserve Bank of Australia,"This rate can be considered the official policy rate as from 23 Jan 1990. Australia had a managed exchange rate regime prior to 1983, in an environment of capital controls. The RBA did not have an explicit target interest rate prior to 23 Jan 1990. The BIS publishes a representative rate for that period. Between  23 Jan 1990 and 31 Jul the middle of the cash rate target corridor is used.", Central bank policy rates - Australia - Monthly - End of period,1999-05,4.75,A,F,
M,AU,368,0,,From 2 Aug 1990 onwards: cash rate target; from 23 Jan 1990 to 1 Aug 1990: middle of the cash rate target range; from 7 Apr 1976 to 22 Jan 1990: interbank overnight cash rate.,4,Reserve Bank of Australia,"This rate can be considered the official policy rate as from 23 Jan 1990. Australia had a managed exchange rate regime prior to 1983, in an environment of capital controls. The RBA did not have an explicit target interest rate prior to 23 Jan 1990. The BIS publishes a representative rate for that period. Between  23 Jan 1990 and 31 Jul the middle of the cash rate target corridor is used.", Central bank policy rates - Australia - Monthly - End of period,1999-06,4.75,A,F,
M,AU,368,0,,From 2 Aug 1990 onwards: cash rate target; from 23 Jan 1990 to 1 Aug 1990: middle of the cash rate target range; from 7 Apr 1976 to 22 Jan 1990: interbank overnight cash rate.,4,Reserve Bank of Australia,"This rate can be considered the official policy rate as from 23 Jan 1990. Australia had a managed exchange rate regime prior to 1983, in an environment of capital controls. The RBA did not have an explicit target interest rate prior to 23 Jan 1990. The BIS publishes a representative rate for that period. Between  23 Jan 1990 and 31 Jul the middle of the cash rate target corridor is used.", Central bank policy rates - Australia - Monthly - End of period,1999-07,4.75,A,F,
M,AU,368,0,,From 2 Aug 1990 onwards: cash rate target; from 23 Jan 1990 to 1 Aug 1990: middle of the cash rate target range; from 7 Apr 1976 to 22 Jan 1990: interbank overnight cash rate.,4,Reserve Bank of Australia,"This rate can be considered the official policy rate as from 23 Jan 1990. Australia had a managed exchange rate regime prior to 1983, in an environment of capital controls. The RBA did not have an explicit target interest rate prior to 23 Jan 1990. The BIS publishes a representative rate for that period. Between  23 Jan 1990 and 31 Jul the middle of the cash rate target corridor is used.", Central bank policy rates - Australia - Monthly - End of period,1999-08,4.75,A,F,
M,AU,368,0,,From 2 Aug 1990 onwards: cash rate target; from 23 Jan 1990 to 1 Aug 1990: middle of the cash rate target range; from 7 Apr 1976 to 22 Jan 1990: interbank overnight cash rate.,4,Reserve Bank of Australia,"This rate can be considered the official policy rate as from 23 Jan 1990. Australia had a managed exchange rate regime prior to 1983, in an environment of capital controls. The RBA did not have an explicit target interest rate prior to 23 Jan 1990. The BIS publishes a representative rate for that period. Between  23 Jan 1990 and 31 Jul the middle of the cash rate target corridor is used.", Central bank policy rates - Australia - Monthly - End of period,1999-09,4.75,A,F,
M,AU,368,0,,From 2 Aug 1990 onwards: cash rate target; from 23 Jan 1990 to 1 Aug 1990: middle of the cash rate target range; from 7 Apr 1976 to 22 Jan 1990: interbank overnight cash rate.,4,Reserve Bank of Australia,"This rate can be considered the official policy rate as from 23 Jan 1990. Australia had a managed exchange rate regime prior to 1983, in an environment of capital controls. The RBA did not have an explicit target interest rate prior to 23 Jan 1990. The BIS publishes a representative rate for that period. Between  23 Jan 1990 and 31 Jul the middle of the cash rate target corridor is used.", Central bank policy rates - Australia - Monthly - End of period,1999-10,4.75,A,F,
M,AU,368,0,,From 2 Aug 1990 onwards: cash rate target; from 23 Jan 1990 to 1 Aug 1990: middle of the cash rate target range; from 7 Apr 1976 to 22 Jan 1990: interbank overnight cash rate.,4,Reserve Bank of Australia,"This rate can be considered the official policy rate as from 23 Jan 1990. Australia had a managed exchange rate regime prior to 1983, in an environment of capital controls. The RBA did not have an explicit target interest rate prior to 23 Jan 1990. The BIS publishes a representative rate for that period. Between  23 Jan 1990 and 31 Jul the middle of the cash rate target corridor is used.", Central bank policy rates - Australia - Monthly - End of period,1999-11,5,A,F,
M,AU,368,0,,From 2 Aug 1990 onwards: cash rate target; from 23 Jan 1990 to 1 Aug 1990: middle of the cash rate target range; from 7 Apr 1976 to 22 Jan 1990: interbank overnight cash rate.,4,Reserve Bank of Australia,"This rate can be considered the official policy rate as from 23 Jan 1990. Australia had a managed exchange rate regime prior to 1983, in an environment of capital controls. The RBA did not have an explicit target interest rate prior to 23 Jan 1990. The BIS publishes a representative rate for that period. Between  23 Jan 1990 and 31 Jul the middle of the cash rate target corridor is used.", Central bank policy rates - Australia - Monthly - End of period,1999-12,5,A,F,
M,AU,368,0,,From 2 Aug 1990 onwards: cash rate target; from 23 Jan 1990 to 1 Aug 1990: middle of the cash rate target range; from 7 Apr 1976 to 22 Jan 1990: interbank overnight cash rate.,4,Reserve Bank of Australia,"This rate can be considered the official policy rate as from 23 Jan 1990. Australia had a managed exchange rate regime prior to 1983, in an environment of capital controls. The RBA did not have an explicit target interest rate prior to 23 Jan 1990. The BIS publishes a representative rate for that period. Between  23 Jan 1990 and 31 Jul the middle of the cash rate target corridor is used.", Central bank policy rates - Australia - Monthly - End of period,2000-01,5,A,F,
M,AU,368,0,,From 2 Aug 1990 onwards: cash rate target; from 23 Jan 1990 to 1 Aug 1990: middle of the cash rate target range; from 7 Apr 1976 to 22 Jan 1990: interbank overnight cash rate.,4,Reserve Bank of Australia,"This rate can be considered the official policy rate as from 23 Jan 1990. Australia had a managed exchange rate regime prior to 1983, in an environment of capital controls. The RBA did not have an explicit target interest rate prior to 23 Jan 1990. The BIS publishes a representative rate for that period. Between  23 Jan 1990 and 31 Jul the middle of the cash rate target corridor is used.", Central bank policy rates - Australia - Monthly - End of period,2000-02,5.5,A,F,
M,AU,368,0,,From 2 Aug 1990 onwards: cash rate target; from 23 Jan 1990 to 1 Aug 1990: middle of the cash rate target range; from 7 Apr 1976 to 22 Jan 1990: interbank overnight cash rate.,4,Reserve Bank of Australia,"This rate can be considered the official policy rate as from 23 Jan 1990. Australia had a managed exchange rate regime prior to 1983, in an environment of capital controls. The RBA did not have an explicit target interest rate prior to 23 Jan 1990. The BIS publishes a representative rate for that period. Between  23 Jan 1990 and 31 Jul the middle of the cash rate target corridor is used.", Central bank policy rates - Australia - Monthly - End of period,2000-03,5.5,A,F,
M,AU,368,0,,From 2 Aug 1990 onwards: cash rate target; from 23 Jan 1990 to 1 Aug 1990: middle of the cash rate target range; from 7 Apr 1976 to 22 Jan 1990: interbank overnight cash rate.,4,Reserve Bank of Australia,"This rate can be considered the official policy rate as from 23 Jan 1990. Australia had a managed exchange rate regime prior to 1983, in an environment of capital controls. The RBA did not have an explicit target interest rate prior to 23 Jan 1990. The BIS publishes a representative rate for that period. Between  23 Jan 1990 and 31 Jul the middle of the cash rate target corridor is used.", Central bank policy rates - Australia - Monthly - End of period,2000-04,5.75,A,F,
M,AU,368,0,,From 2 Aug 1990 onwards: cash rate target; from 23 Jan 1990 to 1 Aug 1990: middle of the cash rate target range; from 7 Apr 1976 to 22 Jan 1990: interbank overnight cash rate.,4,Reserve Bank of Australia,"This rate can be considered the official policy rate as from 23 Jan 1990. Australia had a managed exchange rate regime prior to 1983, in an environment of capital controls. The RBA did not have an explicit target interest rate prior to 23 Jan 1990. The BIS publishes a representative rate for that period. Between  23 Jan 1990 and 31 Jul the middle of the cash rate target corridor is used.", Central bank policy rates - Australia - Monthly - End of period,2000-05,6,A,F,
M,AU,368,0,,From 2 Aug 1990 onwards: cash rate target; from 23 Jan 1990 to 1 Aug 1990: middle of the cash rate target range; from 7 Apr 1976 to 22 Jan 1990: interbank overnight cash rate.,4,Reserve Bank of Australia,"This rate can be considered the official policy rate as from 23 Jan 1990. Australia had a managed exchange rate regime prior to 1983, in an environment of capital controls. The RBA did not have an explicit target interest rate prior to 23 Jan 1990. The BIS publishes a representative rate for that period. Between  23 Jan 1990 and 31 Jul the middle of the cash rate target corridor is used.", Central bank policy rates - Australia - Monthly - End of period,2000-06,6,A,F,
M,AU,368,0,,From 2 Aug 1990 onwards: cash rate target; from 23 Jan 1990 to 1 Aug 1990: middle of the cash rate target range; from 7 Apr 1976 to 22 Jan 1990: interbank overnight cash rate.,4,Reserve Bank of Australia,"This rate can be considered the official policy rate as from 23 Jan 1990. Australia had a managed exchange rate regime prior to 1983, in an environment of capital controls. The RBA did not have an explicit target interest rate prior to 23 Jan 1990. The BIS publishes a representative rate for that period. Between  23 Jan 1990 and 31 Jul the middle of the cash rate target corridor is used.", Central bank policy rates - Australia - Monthly - End of period,2000-07,6,A,F,
M,AU,368,0,,From 2 Aug 1990 onwards: cash rate target; from 23 Jan 1990 to 1 Aug 1990: middle of the cash rate target range; from 7 Apr 1976 to 22 Jan 1990: interbank overnight cash rate.,4,Reserve Bank of Australia,"This rate can be considered the official policy rate as from 23 Jan 1990. Australia had a managed exchange rate regime prior to 1983, in an environment of capital controls. The RBA did not have an explicit target interest rate prior to 23 Jan 1990. The BIS publishes a representative rate for that period. Between  23 Jan 1990 and 31 Jul the middle of the cash rate target corridor is used.", Central bank policy rates - Australia - Monthly - End of period,2000-08,6.25,A,F,
M,AU,368,0,,From 2 Aug 1990 onwards: cash rate target; from 23 Jan 1990 to 1 Aug 1990: middle of the cash rate target range; from 7 Apr 1976 to 22 Jan 1990: interbank overnight cash rate.,4,Reserve Bank of Australia,"This rate can be considered the official policy rate as from 23 Jan 1990. Australia had a managed exchange rate regime prior to 1983, in an environment of capital controls. The RBA did not have an explicit target interest rate prior to 23 Jan 1990. The BIS publishes a representative rate for that period. Between  23 Jan 1990 and 31 Jul the middle of the cash rate target corridor is used.", Central bank policy rates - Australia - Monthly - End of period,2000-09,6.25,A,F,
M,AU,368,0,,From 2 Aug 1990 onwards: cash rate target; from 23 Jan 1990 to 1 Aug 1990: middle of the cash rate target range; from 7 Apr 1976 to 22 Jan 1990: interbank overnight cash rate.,4,Reserve Bank of Australia,"This rate can be considered the official policy rate as from 23 Jan 1990. Australia had a managed exchange rate regime prior to 1983, in an environment of capital controls. The RBA did not have an explicit target interest rate prior to 23 Jan 1990. The BIS publishes a representative rate for that period. Between  23 Jan 1990 and 31 Jul the middle of the cash rate target corridor is used.", Central bank policy rates - Australia - Monthly - End of period,2000-10,6.25,A,F,
M,AU,368,0,,From 2 Aug 1990 onwards: cash rate target; from 23 Jan 1990 to 1 Aug 1990: middle of the cash rate target range; from 7 Apr 1976 to 22 Jan 1990: interbank overnight cash rate.,4,Reserve Bank of Australia,"This rate can be considered the official policy rate as from 23 Jan 1990. Australia had a managed exchange rate regime prior to 1983, in an environment of capital controls. The RBA did not have an explicit target interest rate prior to 23 Jan 1990. The BIS publishes a representative rate for that period. Between  23 Jan 1990 and 31 Jul the middle of the cash rate target corridor is used.", Central bank policy rates - Australia - Monthly - End of period,2000-11,6.25,A,F,
M,AU,368,0,,From 2 Aug 1990 onwards: cash rate target; from 23 Jan 1990 to 1 Aug 1990: middle of the cash rate target range; from 7 Apr 1976 to 22 Jan 1990: interbank overnight cash rate.,4,Reserve Bank of Australia,"This rate can be considered the official policy rate as from 23 Jan 1990. Australia had a managed exchange rate regime prior to 1983, in an environment of capital controls. The RBA did not have an explicit target interest rate prior to 23 Jan 1990. The BIS publishes a representative rate for that period. Between  23 Jan 1990 and 31 Jul the middle of the cash rate target corridor is used.", Central bank policy rates - Australia - Monthly - End of period,2000-12,6.25,A,F,
M,AU,368,0,,From 2 Aug 1990 onwards: cash rate target; from 23 Jan 1990 to 1 Aug 1990: middle of the cash rate target range; from 7 Apr 1976 to 22 Jan 1990: interbank overnight cash rate.,4,Reserve Bank of Australia,"This rate can be considered the official policy rate as from 23 Jan 1990. Australia had a managed exchange rate regime prior to 1983, in an environment of capital controls. The RBA did not have an explicit target interest rate prior to 23 Jan 1990. The BIS publishes a representative rate for that period. Between  23 Jan 1990 and 31 Jul the middle of the cash rate target corridor is used.", Central bank policy rates - Australia - Monthly - End of period,2001-01,6.25,A,F,
M,AU,368,0,,From 2 Aug 1990 onwards: cash rate target; from 23 Jan 1990 to 1 Aug 1990: middle of the cash rate target range; from 7 Apr 1976 to 22 Jan 1990: interbank overnight cash rate.,4,Reserve Bank of Australia,"This rate can be considered the official policy rate as from 23 Jan 1990. Australia had a managed exchange rate regime prior to 1983, in an environment of capital controls. The RBA did not have an explicit target interest rate prior to 23 Jan 1990. The BIS publishes a representative rate for that period. Between  23 Jan 1990 and 31 Jul the middle of the cash rate target corridor is used.", Central bank policy rates - Australia - Monthly - End of period,2001-02,5.75,A,F,
M,AU,368,0,,From 2 Aug 1990 onwards: cash rate target; from 23 Jan 1990 to 1 Aug 1990: middle of the cash rate target range; from 7 Apr 1976 to 22 Jan 1990: interbank overnight cash rate.,4,Reserve Bank of Australia,"This rate can be considered the official policy rate as from 23 Jan 1990. Australia had a managed exchange rate regime prior to 1983, in an environment of capital controls. The RBA did not have an explicit target interest rate prior to 23 Jan 1990. The BIS publishes a representative rate for that period. Between  23 Jan 1990 and 31 Jul the middle of the cash rate target corridor is used.", Central bank policy rates - Australia - Monthly - End of period,2001-03,5.5,A,F,
M,AU,368,0,,From 2 Aug 1990 onwards: cash rate target; from 23 Jan 1990 to 1 Aug 1990: middle of the cash rate target range; from 7 Apr 1976 to 22 Jan 1990: interbank overnight cash rate.,4,Reserve Bank of Australia,"This rate can be considered the official policy rate as from 23 Jan 1990. Australia had a managed exchange rate regime prior to 1983, in an environment of capital controls. The RBA did not have an explicit target interest rate prior to 23 Jan 1990. The BIS publishes a representative rate for that period. Between  23 Jan 1990 and 31 Jul the middle of the cash rate target corridor is used.", Central bank policy rates - Australia - Monthly - End of period,2001-04,5,A,F,
M,AU,368,0,,From 2 Aug 1990 onwards: cash rate target; from 23 Jan 1990 to 1 Aug 1990: middle of the cash rate target range; from 7 Apr 1976 to 22 Jan 1990: interbank overnight cash rate.,4,Reserve Bank of Australia,"This rate can be considered the official policy rate as from 23 Jan 1990. Australia had a managed exchange rate regime prior to 1983, in an environment of capital controls. The RBA did not have an explicit target interest rate prior to 23 Jan 1990. The BIS publishes a representative rate for that period. Between  23 Jan 1990 and 31 Jul the middle of the cash rate target corridor is used.", Central bank policy rates - Australia - Monthly - End of period,2001-05,5,A,F,
M,AU,368,0,,From 2 Aug 1990 onwards: cash rate target; from 23 Jan 1990 to 1 Aug 1990: middle of the cash rate target range; from 7 Apr 1976 to 22 Jan 1990: interbank overnight cash rate.,4,Reserve Bank of Australia,"This rate can be considered the official policy rate as from 23 Jan 1990. Australia had a managed exchange rate regime prior to 1983, in an environment of capital controls. The RBA did not have an explicit target interest rate prior to 23 Jan 1990. The BIS publishes a representative rate for that period. Between  23 Jan 1990 and 31 Jul the middle of the cash rate target corridor is used.", Central bank policy rates - Australia - Monthly - End of period,2001-06,5,A,F,
M,AU,368,0,,From 2 Aug 1990 onwards: cash rate target; from 23 Jan 1990 to 1 Aug 1990: middle of the cash rate target range; from 7 Apr 1976 to 22 Jan 1990: interbank overnight cash rate.,4,Reserve Bank of Australia,"This rate can be considered the official policy rate as from 23 Jan 1990. Australia had a managed exchange rate regime prior to 1983, in an environment of capital controls. The RBA did not have an explicit target interest rate prior to 23 Jan 1990. The BIS publishes a representative rate for that period. Between  23 Jan 1990 and 31 Jul the middle of the cash rate target corridor is used.", Central bank policy rates - Australia - Monthly - End of period,2001-07,5,A,F,
M,AU,368,0,,From 2 Aug 1990 onwards: cash rate target; from 23 Jan 1990 to 1 Aug 1990: middle of the cash rate target range; from 7 Apr 1976 to 22 Jan 1990: interbank overnight cash rate.,4,Reserve Bank of Australia,"This rate can be considered the official policy rate as from 23 Jan 1990. Australia had a managed exchange rate regime prior to 1983, in an environment of capital controls. The RBA did not have an explicit target interest rate prior to 23 Jan 1990. The BIS publishes a representative rate for that period. Between  23 Jan 1990 and 31 Jul the middle of the cash rate target corridor is used.", Central bank policy rates - Australia - Monthly - End of period,2001-08,5,A,F,
M,AU,368,0,,From 2 Aug 1990 onwards: cash rate target; from 23 Jan 1990 to 1 Aug 1990: middle of the cash rate target range; from 7 Apr 1976 to 22 Jan 1990: interbank overnight cash rate.,4,Reserve Bank of Australia,"This rate can be considered the official policy rate as from 23 Jan 1990. Australia had a managed exchange rate regime prior to 1983, in an environment of capital controls. The RBA did not have an explicit target interest rate prior to 23 Jan 1990. The BIS publishes a representative rate for that period. Between  23 Jan 1990 and 31 Jul the middle of the cash rate target corridor is used.", Central bank policy rates - Australia - Monthly - End of period,2001-09,4.75,A,F,
M,AU,368,0,,From 2 Aug 1990 onwards: cash rate target; from 23 Jan 1990 to 1 Aug 1990: middle of the cash rate target range; from 7 Apr 1976 to 22 Jan 1990: interbank overnight cash rate.,4,Reserve Bank of Australia,"This rate can be considered the official policy rate as from 23 Jan 1990. Australia had a managed exchange rate regime prior to 1983, in an environment of capital controls. The RBA did not have an explicit target interest rate prior to 23 Jan 1990. The BIS publishes a representative rate for that period. Between  23 Jan 1990 and 31 Jul the middle of the cash rate target corridor is used.", Central bank policy rates - Australia - Monthly - End of period,2001-10,4.5,A,F,
M,AU,368,0,,From 2 Aug 1990 onwards: cash rate target; from 23 Jan 1990 to 1 Aug 1990: middle of the cash rate target range; from 7 Apr 1976 to 22 Jan 1990: interbank overnight cash rate.,4,Reserve Bank of Australia,"This rate can be considered the official policy rate as from 23 Jan 1990. Australia had a managed exchange rate regime prior to 1983, in an environment of capital controls. The RBA did not have an explicit target interest rate prior to 23 Jan 1990. The BIS publishes a representative rate for that period. Between  23 Jan 1990 and 31 Jul the middle of the cash rate target corridor is used.", Central bank policy rates - Australia - Monthly - End of period,2001-11,4.5,A,F,
M,AU,368,0,,From 2 Aug 1990 onwards: cash rate target; from 23 Jan 1990 to 1 Aug 1990: middle of the cash rate target range; from 7 Apr 1976 to 22 Jan 1990: interbank overnight cash rate.,4,Reserve Bank of Australia,"This rate can be considered the official policy rate as from 23 Jan 1990. Australia had a managed exchange rate regime prior to 1983, in an environment of capital controls. The RBA did not have an explicit target interest rate prior to 23 Jan 1990. The BIS publishes a representative rate for that period. Between  23 Jan 1990 and 31 Jul the middle of the cash rate target corridor is used.", Central bank policy rates - Australia - Monthly - End of period,2001-12,4.25,A,F,
M,AU,368,0,,From 2 Aug 1990 onwards: cash rate target; from 23 Jan 1990 to 1 Aug 1990: middle of the cash rate target range; from 7 Apr 1976 to 22 Jan 1990: interbank overnight cash rate.,4,Reserve Bank of Australia,"This rate can be considered the official policy rate as from 23 Jan 1990. Australia had a managed exchange rate regime prior to 1983, in an environment of capital controls. The RBA did not have an explicit target interest rate prior to 23 Jan 1990. The BIS publishes a representative rate for that period. Between  23 Jan 1990 and 31 Jul the middle of the cash rate target corridor is used.", Central bank policy rates - Australia - Monthly - End of period,2002-01,4.25,A,F,
M,AU,368,0,,From 2 Aug 1990 onwards: cash rate target; from 23 Jan 1990 to 1 Aug 1990: middle of the cash rate target range; from 7 Apr 1976 to 22 Jan 1990: interbank overnight cash rate.,4,Reserve Bank of Australia,"This rate can be considered the official policy rate as from 23 Jan 1990. Australia had a managed exchange rate regime prior to 1983, in an environment of capital controls. The RBA did not have an explicit target interest rate prior to 23 Jan 1990. The BIS publishes a representative rate for that period. Between  23 Jan 1990 and 31 Jul the middle of the cash rate target corridor is used.", Central bank policy rates - Australia - Monthly - End of period,2002-02,4.25,A,F,
M,AU,368,0,,From 2 Aug 1990 onwards: cash rate target; from 23 Jan 1990 to 1 Aug 1990: middle of the cash rate target range; from 7 Apr 1976 to 22 Jan 1990: interbank overnight cash rate.,4,Reserve Bank of Australia,"This rate can be considered the official policy rate as from 23 Jan 1990. Australia had a managed exchange rate regime prior to 1983, in an environment of capital controls. The RBA did not have an explicit target interest rate prior to 23 Jan 1990. The BIS publishes a representative rate for that period. Between  23 Jan 1990 and 31 Jul the middle of the cash rate target corridor is used.", Central bank policy rates - Australia - Monthly - End of period,2002-03,4.25,A,F,
M,AU,368,0,,From 2 Aug 1990 onwards: cash rate target; from 23 Jan 1990 to 1 Aug 1990: middle of the cash rate target range; from 7 Apr 1976 to 22 Jan 1990: interbank overnight cash rate.,4,Reserve Bank of Australia,"This rate can be considered the official policy rate as from 23 Jan 1990. Australia had a managed exchange rate regime prior to 1983, in an environment of capital controls. The RBA did not have an explicit target interest rate prior to 23 Jan 1990. The BIS publishes a representative rate for that period. Between  23 Jan 1990 and 31 Jul the middle of the cash rate target corridor is used.", Central bank policy rates - Australia - Monthly - End of period,2002-04,4.25,A,F,
M,AU,368,0,,From 2 Aug 1990 onwards: cash rate target; from 23 Jan 1990 to 1 Aug 1990: middle of the cash rate target range; from 7 Apr 1976 to 22 Jan 1990: interbank overnight cash rate.,4,Reserve Bank of Australia,"This rate can be considered the official policy rate as from 23 Jan 1990. Australia had a managed exchange rate regime prior to 1983, in an environment of capital controls. The RBA did not have an explicit target interest rate prior to 23 Jan 1990. The BIS publishes a representative rate for that period. Between  23 Jan 1990 and 31 Jul the middle of the cash rate target corridor is used.", Central bank policy rates - Australia - Monthly - End of period,2002-05,4.5,A,F,
M,AU,368,0,,From 2 Aug 1990 onwards: cash rate target; from 23 Jan 1990 to 1 Aug 1990: middle of the cash rate target range; from 7 Apr 1976 to 22 Jan 1990: interbank overnight cash rate.,4,Reserve Bank of Australia,"This rate can be considered the official policy rate as from 23 Jan 1990. Australia had a managed exchange rate regime prior to 1983, in an environment of capital controls. The RBA did not have an explicit target interest rate prior to 23 Jan 1990. The BIS publishes a representative rate for that period. Between  23 Jan 1990 and 31 Jul the middle of the cash rate target corridor is used.", Central bank policy rates - Australia - Monthly - End of period,2002-06,4.75,A,F,
M,AU,368,0,,From 2 Aug 1990 onwards: cash rate target; from 23 Jan 1990 to 1 Aug 1990: middle of the cash rate target range; from 7 Apr 1976 to 22 Jan 1990: interbank overnight cash rate.,4,Reserve Bank of Australia,"This rate can be considered the official policy rate as from 23 Jan 1990. Australia had a managed exchange rate regime prior to 1983, in an environment of capital controls. The RBA did not have an explicit target interest rate prior to 23 Jan 1990. The BIS publishes a representative rate for that period. Between  23 Jan 1990 and 31 Jul the middle of the cash rate target corridor is used.", Central bank policy rates - Australia - Monthly - End of period,2002-07,4.75,A,F,
M,AU,368,0,,From 2 Aug 1990 onwards: cash rate target; from 23 Jan 1990 to 1 Aug 1990: middle of the cash rate target range; from 7 Apr 1976 to 22 Jan 1990: interbank overnight cash rate.,4,Reserve Bank of Australia,"This rate can be considered the official policy rate as from 23 Jan 1990. Australia had a managed exchange rate regime prior to 1983, in an environment of capital controls. The RBA did not have an explicit target interest rate prior to 23 Jan 1990. The BIS publishes a representative rate for that period. Between  23 Jan 1990 and 31 Jul the middle of the cash rate target corridor is used.", Central bank policy rates - Australia - Monthly - End of period,2002-08,4.75,A,F,
M,AU,368,0,,From 2 Aug 1990 onwards: cash rate target; from 23 Jan 1990 to 1 Aug 1990: middle of the cash rate target range; from 7 Apr 1976 to 22 Jan 1990: interbank overnight cash rate.,4,Reserve Bank of Australia,"This rate can be considered the official policy rate as from 23 Jan 1990. Australia had a managed exchange rate regime prior to 1983, in an environment of capital controls. The RBA did not have an explicit target interest rate prior to 23 Jan 1990. The BIS publishes a representative rate for that period. Between  23 Jan 1990 and 31 Jul the middle of the cash rate target corridor is used.", Central bank policy rates - Australia - Monthly - End of period,2002-09,4.75,A,F,
M,AU,368,0,,From 2 Aug 1990 onwards: cash rate target; from 23 Jan 1990 to 1 Aug 1990: middle of the cash rate target range; from 7 Apr 1976 to 22 Jan 1990: interbank overnight cash rate.,4,Reserve Bank of Australia,"This rate can be considered the official policy rate as from 23 Jan 1990. Australia had a managed exchange rate regime prior to 1983, in an environment of capital controls. The RBA did not have an explicit target interest rate prior to 23 Jan 1990. The BIS publishes a representative rate for that period. Between  23 Jan 1990 and 31 Jul the middle of the cash rate target corridor is used.", Central bank policy rates - Australia - Monthly - End of period,2002-10,4.75,A,F,
M,AU,368,0,,From 2 Aug 1990 onwards: cash rate target; from 23 Jan 1990 to 1 Aug 1990: middle of the cash rate target range; from 7 Apr 1976 to 22 Jan 1990: interbank overnight cash rate.,4,Reserve Bank of Australia,"This rate can be considered the official policy rate as from 23 Jan 1990. Australia had a managed exchange rate regime prior to 1983, in an environment of capital controls. The RBA did not have an explicit target interest rate prior to 23 Jan 1990. The BIS publishes a representative rate for that period. Between  23 Jan 1990 and 31 Jul the middle of the cash rate target corridor is used.", Central bank policy rates - Australia - Monthly - End of period,2002-11,4.75,A,F,
M,AU,368,0,,From 2 Aug 1990 onwards: cash rate target; from 23 Jan 1990 to 1 Aug 1990: middle of the cash rate target range; from 7 Apr 1976 to 22 Jan 1990: interbank overnight cash rate.,4,Reserve Bank of Australia,"This rate can be considered the official policy rate as from 23 Jan 1990. Australia had a managed exchange rate regime prior to 1983, in an environment of capital controls. The RBA did not have an explicit target interest rate prior to 23 Jan 1990. The BIS publishes a representative rate for that period. Between  23 Jan 1990 and 31 Jul the middle of the cash rate target corridor is used.", Central bank policy rates - Australia - Monthly - End of period,2002-12,4.75,A,F,
M,AU,368,0,,From 2 Aug 1990 onwards: cash rate target; from 23 Jan 1990 to 1 Aug 1990: middle of the cash rate target range; from 7 Apr 1976 to 22 Jan 1990: interbank overnight cash rate.,4,Reserve Bank of Australia,"This rate can be considered the official policy rate as from 23 Jan 1990. Australia had a managed exchange rate regime prior to 1983, in an environment of capital controls. The RBA did not have an explicit target interest rate prior to 23 Jan 1990. The BIS publishes a representative rate for that period. Between  23 Jan 1990 and 31 Jul the middle of the cash rate target corridor is used.", Central bank policy rates - Australia - Monthly - End of period,2003-01,4.75,A,F,
M,AU,368,0,,From 2 Aug 1990 onwards: cash rate target; from 23 Jan 1990 to 1 Aug 1990: middle of the cash rate target range; from 7 Apr 1976 to 22 Jan 1990: interbank overnight cash rate.,4,Reserve Bank of Australia,"This rate can be considered the official policy rate as from 23 Jan 1990. Australia had a managed exchange rate regime prior to 1983, in an environment of capital controls. The RBA did not have an explicit target interest rate prior to 23 Jan 1990. The BIS publishes a representative rate for that period. Between  23 Jan 1990 and 31 Jul the middle of the cash rate target corridor is used.", Central bank policy rates - Australia - Monthly - End of period,2003-02,4.75,A,F,
M,AU,368,0,,From 2 Aug 1990 onwards: cash rate target; from 23 Jan 1990 to 1 Aug 1990: middle of the cash rate target range; from 7 Apr 1976 to 22 Jan 1990: interbank overnight cash rate.,4,Reserve Bank of Australia,"This rate can be considered the official policy rate as from 23 Jan 1990. Australia had a managed exchange rate regime prior to 1983, in an environment of capital controls. The RBA did not have an explicit target interest rate prior to 23 Jan 1990. The BIS publishes a representative rate for that period. Between  23 Jan 1990 and 31 Jul the middle of the cash rate target corridor is used.", Central bank policy rates - Australia - Monthly - End of period,2003-03,4.75,A,F,
M,AU,368,0,,From 2 Aug 1990 onwards: cash rate target; from 23 Jan 1990 to 1 Aug 1990: middle of the cash rate target range; from 7 Apr 1976 to 22 Jan 1990: interbank overnight cash rate.,4,Reserve Bank of Australia,"This rate can be considered the official policy rate as from 23 Jan 1990. Australia had a managed exchange rate regime prior to 1983, in an environment of capital controls. The RBA did not have an explicit target interest rate prior to 23 Jan 1990. The BIS publishes a representative rate for that period. Between  23 Jan 1990 and 31 Jul the middle of the cash rate target corridor is used.", Central bank policy rates - Australia - Monthly - End of period,2003-04,4.75,A,F,
M,AU,368,0,,From 2 Aug 1990 onwards: cash rate target; from 23 Jan 1990 to 1 Aug 1990: middle of the cash rate target range; from 7 Apr 1976 to 22 Jan 1990: interbank overnight cash rate.,4,Reserve Bank of Australia,"This rate can be considered the official policy rate as from 23 Jan 1990. Australia had a managed exchange rate regime prior to 1983, in an environment of capital controls. The RBA did not have an explicit target interest rate prior to 23 Jan 1990. The BIS publishes a representative rate for that period. Between  23 Jan 1990 and 31 Jul the middle of the cash rate target corridor is used.", Central bank policy rates - Australia - Monthly - End of period,2003-05,4.75,A,F,
M,AU,368,0,,From 2 Aug 1990 onwards: cash rate target; from 23 Jan 1990 to 1 Aug 1990: middle of the cash rate target range; from 7 Apr 1976 to 22 Jan 1990: interbank overnight cash rate.,4,Reserve Bank of Australia,"This rate can be considered the official policy rate as from 23 Jan 1990. Australia had a managed exchange rate regime prior to 1983, in an environment of capital controls. The RBA did not have an explicit target interest rate prior to 23 Jan 1990. The BIS publishes a representative rate for that period. Between  23 Jan 1990 and 31 Jul the middle of the cash rate target corridor is used.", Central bank policy rates - Australia - Monthly - End of period,2003-06,4.75,A,F,
M,AU,368,0,,From 2 Aug 1990 onwards: cash rate target; from 23 Jan 1990 to 1 Aug 1990: middle of the cash rate target range; from 7 Apr 1976 to 22 Jan 1990: interbank overnight cash rate.,4,Reserve Bank of Australia,"This rate can be considered the official policy rate as from 23 Jan 1990. Australia had a managed exchange rate regime prior to 1983, in an environment of capital controls. The RBA did not have an explicit target interest rate prior to 23 Jan 1990. The BIS publishes a representative rate for that period. Between  23 Jan 1990 and 31 Jul the middle of the cash rate target corridor is used.", Central bank policy rates - Australia - Monthly - End of period,2003-07,4.75,A,F,
M,AU,368,0,,From 2 Aug 1990 onwards: cash rate target; from 23 Jan 1990 to 1 Aug 1990: middle of the cash rate target range; from 7 Apr 1976 to 22 Jan 1990: interbank overnight cash rate.,4,Reserve Bank of Australia,"This rate can be considered the official policy rate as from 23 Jan 1990. Australia had a managed exchange rate regime prior to 1983, in an environment of capital controls. The RBA did not have an explicit target interest rate prior to 23 Jan 1990. The BIS publishes a representative rate for that period. Between  23 Jan 1990 and 31 Jul the middle of the cash rate target corridor is used.", Central bank policy rates - Australia - Monthly - End of period,2003-08,4.75,A,F,
M,AU,368,0,,From 2 Aug 1990 onwards: cash rate target; from 23 Jan 1990 to 1 Aug 1990: middle of the cash rate target range; from 7 Apr 1976 to 22 Jan 1990: interbank overnight cash rate.,4,Reserve Bank of Australia,"This rate can be considered the official policy rate as from 23 Jan 1990. Australia had a managed exchange rate regime prior to 1983, in an environment of capital controls. The RBA did not have an explicit target interest rate prior to 23 Jan 1990. The BIS publishes a representative rate for that period. Between  23 Jan 1990 and 31 Jul the middle of the cash rate target corridor is used.", Central bank policy rates - Australia - Monthly - End of period,2003-09,4.75,A,F,
M,AU,368,0,,From 2 Aug 1990 onwards: cash rate target; from 23 Jan 1990 to 1 Aug 1990: middle of the cash rate target range; from 7 Apr 1976 to 22 Jan 1990: interbank overnight cash rate.,4,Reserve Bank of Australia,"This rate can be considered the official policy rate as from 23 Jan 1990. Australia had a managed exchange rate regime prior to 1983, in an environment of capital controls. The RBA did not have an explicit target interest rate prior to 23 Jan 1990. The BIS publishes a representative rate for that period. Between  23 Jan 1990 and 31 Jul the middle of the cash rate target corridor is used.", Central bank policy rates - Australia - Monthly - End of period,2003-10,4.75,A,F,
M,AU,368,0,,From 2 Aug 1990 onwards: cash rate target; from 23 Jan 1990 to 1 Aug 1990: middle of the cash rate target range; from 7 Apr 1976 to 22 Jan 1990: interbank overnight cash rate.,4,Reserve Bank of Australia,"This rate can be considered the official policy rate as from 23 Jan 1990. Australia had a managed exchange rate regime prior to 1983, in an environment of capital controls. The RBA did not have an explicit target interest rate prior to 23 Jan 1990. The BIS publishes a representative rate for that period. Between  23 Jan 1990 and 31 Jul the middle of the cash rate target corridor is used.", Central bank policy rates - Australia - Monthly - End of period,2003-11,5,A,F,
M,AU,368,0,,From 2 Aug 1990 onwards: cash rate target; from 23 Jan 1990 to 1 Aug 1990: middle of the cash rate target range; from 7 Apr 1976 to 22 Jan 1990: interbank overnight cash rate.,4,Reserve Bank of Australia,"This rate can be considered the official policy rate as from 23 Jan 1990. Australia had a managed exchange rate regime prior to 1983, in an environment of capital controls. The RBA did not have an explicit target interest rate prior to 23 Jan 1990. The BIS publishes a representative rate for that period. Between  23 Jan 1990 and 31 Jul the middle of the cash rate target corridor is used.", Central bank policy rates - Australia - Monthly - End of period,2003-12,5.25,A,F,
M,AU,368,0,,From 2 Aug 1990 onwards: cash rate target; from 23 Jan 1990 to 1 Aug 1990: middle of the cash rate target range; from 7 Apr 1976 to 22 Jan 1990: interbank overnight cash rate.,4,Reserve Bank of Australia,"This rate can be considered the official policy rate as from 23 Jan 1990. Australia had a managed exchange rate regime prior to 1983, in an environment of capital controls. The RBA did not have an explicit target interest rate prior to 23 Jan 1990. The BIS publishes a representative rate for that period. Between  23 Jan 1990 and 31 Jul the middle of the cash rate target corridor is used.", Central bank policy rates - Australia - Monthly - End of period,2004-01,5.25,A,F,
M,AU,368,0,,From 2 Aug 1990 onwards: cash rate target; from 23 Jan 1990 to 1 Aug 1990: middle of the cash rate target range; from 7 Apr 1976 to 22 Jan 1990: interbank overnight cash rate.,4,Reserve Bank of Australia,"This rate can be considered the official policy rate as from 23 Jan 1990. Australia had a managed exchange rate regime prior to 1983, in an environment of capital controls. The RBA did not have an explicit target interest rate prior to 23 Jan 1990. The BIS publishes a representative rate for that period. Between  23 Jan 1990 and 31 Jul the middle of the cash rate target corridor is used.", Central bank policy rates - Australia - Monthly - End of period,2004-02,5.25,A,F,
M,AU,368,0,,From 2 Aug 1990 onwards: cash rate target; from 23 Jan 1990 to 1 Aug 1990: middle of the cash rate target range; from 7 Apr 1976 to 22 Jan 1990: interbank overnight cash rate.,4,Reserve Bank of Australia,"This rate can be considered the official policy rate as from 23 Jan 1990. Australia had a managed exchange rate regime prior to 1983, in an environment of capital controls. The RBA did not have an explicit target interest rate prior to 23 Jan 1990. The BIS publishes a representative rate for that period. Between  23 Jan 1990 and 31 Jul the middle of the cash rate target corridor is used.", Central bank policy rates - Australia - Monthly - End of period,2004-03,5.25,A,F,
M,AU,368,0,,From 2 Aug 1990 onwards: cash rate target; from 23 Jan 1990 to 1 Aug 1990: middle of the cash rate target range; from 7 Apr 1976 to 22 Jan 1990: interbank overnight cash rate.,4,Reserve Bank of Australia,"This rate can be considered the official policy rate as from 23 Jan 1990. Australia had a managed exchange rate regime prior to 1983, in an environment of capital controls. The RBA did not have an explicit target interest rate prior to 23 Jan 1990. The BIS publishes a representative rate for that period. Between  23 Jan 1990 and 31 Jul the middle of the cash rate target corridor is used.", Central bank policy rates - Australia - Monthly - End of period,2004-04,5.25,A,F,
M,AU,368,0,,From 2 Aug 1990 onwards: cash rate target; from 23 Jan 1990 to 1 Aug 1990: middle of the cash rate target range; from 7 Apr 1976 to 22 Jan 1990: interbank overnight cash rate.,4,Reserve Bank of Australia,"This rate can be considered the official policy rate as from 23 Jan 1990. Australia had a managed exchange rate regime prior to 1983, in an environment of capital controls. The RBA did not have an explicit target interest rate prior to 23 Jan 1990. The BIS publishes a representative rate for that period. Between  23 Jan 1990 and 31 Jul the middle of the cash rate target corridor is used.", Central bank policy rates - Australia - Monthly - End of period,2004-05,5.25,A,F,
M,AU,368,0,,From 2 Aug 1990 onwards: cash rate target; from 23 Jan 1990 to 1 Aug 1990: middle of the cash rate target range; from 7 Apr 1976 to 22 Jan 1990: interbank overnight cash rate.,4,Reserve Bank of Australia,"This rate can be considered the official policy rate as from 23 Jan 1990. Australia had a managed exchange rate regime prior to 1983, in an environment of capital controls. The RBA did not have an explicit target interest rate prior to 23 Jan 1990. The BIS publishes a representative rate for that period. Between  23 Jan 1990 and 31 Jul the middle of the cash rate target corridor is used.", Central bank policy rates - Australia - Monthly - End of period,2004-06,5.25,A,F,
M,AU,368,0,,From 2 Aug 1990 onwards: cash rate target; from 23 Jan 1990 to 1 Aug 1990: middle of the cash rate target range; from 7 Apr 1976 to 22 Jan 1990: interbank overnight cash rate.,4,Reserve Bank of Australia,"This rate can be considered the official policy rate as from 23 Jan 1990. Australia had a managed exchange rate regime prior to 1983, in an environment of capital controls. The RBA did not have an explicit target interest rate prior to 23 Jan 1990. The BIS publishes a representative rate for that period. Between  23 Jan 1990 and 31 Jul the middle of the cash rate target corridor is used.", Central bank policy rates - Australia - Monthly - End of period,2004-07,5.25,A,F,
M,AU,368,0,,From 2 Aug 1990 onwards: cash rate target; from 23 Jan 1990 to 1 Aug 1990: middle of the cash rate target range; from 7 Apr 1976 to 22 Jan 1990: interbank overnight cash rate.,4,Reserve Bank of Australia,"This rate can be considered the official policy rate as from 23 Jan 1990. Australia had a managed exchange rate regime prior to 1983, in an environment of capital controls. The RBA did not have an explicit target interest rate prior to 23 Jan 1990. The BIS publishes a representative rate for that period. Between  23 Jan 1990 and 31 Jul the middle of the cash rate target corridor is used.", Central bank policy rates - Australia - Monthly - End of period,2004-08,5.25,A,F,
M,AU,368,0,,From 2 Aug 1990 onwards: cash rate target; from 23 Jan 1990 to 1 Aug 1990: middle of the cash rate target range; from 7 Apr 1976 to 22 Jan 1990: interbank overnight cash rate.,4,Reserve Bank of Australia,"This rate can be considered the official policy rate as from 23 Jan 1990. Australia had a managed exchange rate regime prior to 1983, in an environment of capital controls. The RBA did not have an explicit target interest rate prior to 23 Jan 1990. The BIS publishes a representative rate for that period. Between  23 Jan 1990 and 31 Jul the middle of the cash rate target corridor is used.", Central bank policy rates - Australia - Monthly - End of period,2004-09,5.25,A,F,
M,AU,368,0,,From 2 Aug 1990 onwards: cash rate target; from 23 Jan 1990 to 1 Aug 1990: middle of the cash rate target range; from 7 Apr 1976 to 22 Jan 1990: interbank overnight cash rate.,4,Reserve Bank of Australia,"This rate can be considered the official policy rate as from 23 Jan 1990. Australia had a managed exchange rate regime prior to 1983, in an environment of capital controls. The RBA did not have an explicit target interest rate prior to 23 Jan 1990. The BIS publishes a representative rate for that period. Between  23 Jan 1990 and 31 Jul the middle of the cash rate target corridor is used.", Central bank policy rates - Australia - Monthly - End of period,2004-10,5.25,A,F,
M,AU,368,0,,From 2 Aug 1990 onwards: cash rate target; from 23 Jan 1990 to 1 Aug 1990: middle of the cash rate target range; from 7 Apr 1976 to 22 Jan 1990: interbank overnight cash rate.,4,Reserve Bank of Australia,"This rate can be considered the official policy rate as from 23 Jan 1990. Australia had a managed exchange rate regime prior to 1983, in an environment of capital controls. The RBA did not have an explicit target interest rate prior to 23 Jan 1990. The BIS publishes a representative rate for that period. Between  23 Jan 1990 and 31 Jul the middle of the cash rate target corridor is used.", Central bank policy rates - Australia - Monthly - End of period,2004-11,5.25,A,F,
M,AU,368,0,,From 2 Aug 1990 onwards: cash rate target; from 23 Jan 1990 to 1 Aug 1990: middle of the cash rate target range; from 7 Apr 1976 to 22 Jan 1990: interbank overnight cash rate.,4,Reserve Bank of Australia,"This rate can be considered the official policy rate as from 23 Jan 1990. Australia had a managed exchange rate regime prior to 1983, in an environment of capital controls. The RBA did not have an explicit target interest rate prior to 23 Jan 1990. The BIS publishes a representative rate for that period. Between  23 Jan 1990 and 31 Jul the middle of the cash rate target corridor is used.", Central bank policy rates - Australia - Monthly - End of period,2004-12,5.25,A,F,
M,AU,368,0,,From 2 Aug 1990 onwards: cash rate target; from 23 Jan 1990 to 1 Aug 1990: middle of the cash rate target range; from 7 Apr 1976 to 22 Jan 1990: interbank overnight cash rate.,4,Reserve Bank of Australia,"This rate can be considered the official policy rate as from 23 Jan 1990. Australia had a managed exchange rate regime prior to 1983, in an environment of capital controls. The RBA did not have an explicit target interest rate prior to 23 Jan 1990. The BIS publishes a representative rate for that period. Between  23 Jan 1990 and 31 Jul the middle of the cash rate target corridor is used.", Central bank policy rates - Australia - Monthly - End of period,2005-01,5.25,A,F,
M,AU,368,0,,From 2 Aug 1990 onwards: cash rate target; from 23 Jan 1990 to 1 Aug 1990: middle of the cash rate target range; from 7 Apr 1976 to 22 Jan 1990: interbank overnight cash rate.,4,Reserve Bank of Australia,"This rate can be considered the official policy rate as from 23 Jan 1990. Australia had a managed exchange rate regime prior to 1983, in an environment of capital controls. The RBA did not have an explicit target interest rate prior to 23 Jan 1990. The BIS publishes a representative rate for that period. Between  23 Jan 1990 and 31 Jul the middle of the cash rate target corridor is used.", Central bank policy rates - Australia - Monthly - End of period,2005-02,5.25,A,F,
M,AU,368,0,,From 2 Aug 1990 onwards: cash rate target; from 23 Jan 1990 to 1 Aug 1990: middle of the cash rate target range; from 7 Apr 1976 to 22 Jan 1990: interbank overnight cash rate.,4,Reserve Bank of Australia,"This rate can be considered the official policy rate as from 23 Jan 1990. Australia had a managed exchange rate regime prior to 1983, in an environment of capital controls. The RBA did not have an explicit target interest rate prior to 23 Jan 1990. The BIS publishes a representative rate for that period. Between  23 Jan 1990 and 31 Jul the middle of the cash rate target corridor is used.", Central bank policy rates - Australia - Monthly - End of period,2005-03,5.5,A,F,
M,AU,368,0,,From 2 Aug 1990 onwards: cash rate target; from 23 Jan 1990 to 1 Aug 1990: middle of the cash rate target range; from 7 Apr 1976 to 22 Jan 1990: interbank overnight cash rate.,4,Reserve Bank of Australia,"This rate can be considered the official policy rate as from 23 Jan 1990. Australia had a managed exchange rate regime prior to 1983, in an environment of capital controls. The RBA did not have an explicit target interest rate prior to 23 Jan 1990. The BIS publishes a representative rate for that period. Between  23 Jan 1990 and 31 Jul the middle of the cash rate target corridor is used.", Central bank policy rates - Australia - Monthly - End of period,2005-04,5.5,A,F,
M,AU,368,0,,From 2 Aug 1990 onwards: cash rate target; from 23 Jan 1990 to 1 Aug 1990: middle of the cash rate target range; from 7 Apr 1976 to 22 Jan 1990: interbank overnight cash rate.,4,Reserve Bank of Australia,"This rate can be considered the official policy rate as from 23 Jan 1990. Australia had a managed exchange rate regime prior to 1983, in an environment of capital controls. The RBA did not have an explicit target interest rate prior to 23 Jan 1990. The BIS publishes a representative rate for that period. Between  23 Jan 1990 and 31 Jul the middle of the cash rate target corridor is used.", Central bank policy rates - Australia - Monthly - End of period,2005-05,5.5,A,F,
M,AU,368,0,,From 2 Aug 1990 onwards: cash rate target; from 23 Jan 1990 to 1 Aug 1990: middle of the cash rate target range; from 7 Apr 1976 to 22 Jan 1990: interbank overnight cash rate.,4,Reserve Bank of Australia,"This rate can be considered the official policy rate as from 23 Jan 1990. Australia had a managed exchange rate regime prior to 1983, in an environment of capital controls. The RBA did not have an explicit target interest rate prior to 23 Jan 1990. The BIS publishes a representative rate for that period. Between  23 Jan 1990 and 31 Jul the middle of the cash rate target corridor is used.", Central bank policy rates - Australia - Monthly - End of period,2005-06,5.5,A,F,
M,AU,368,0,,From 2 Aug 1990 onwards: cash rate target; from 23 Jan 1990 to 1 Aug 1990: middle of the cash rate target range; from 7 Apr 1976 to 22 Jan 1990: interbank overnight cash rate.,4,Reserve Bank of Australia,"This rate can be considered the official policy rate as from 23 Jan 1990. Australia had a managed exchange rate regime prior to 1983, in an environment of capital controls. The RBA did not have an explicit target interest rate prior to 23 Jan 1990. The BIS publishes a representative rate for that period. Between  23 Jan 1990 and 31 Jul the middle of the cash rate target corridor is used.", Central bank policy rates - Australia - Monthly - End of period,2005-07,5.5,A,F,
M,AU,368,0,,From 2 Aug 1990 onwards: cash rate target; from 23 Jan 1990 to 1 Aug 1990: middle of the cash rate target range; from 7 Apr 1976 to 22 Jan 1990: interbank overnight cash rate.,4,Reserve Bank of Australia,"This rate can be considered the official policy rate as from 23 Jan 1990. Australia had a managed exchange rate regime prior to 1983, in an environment of capital controls. The RBA did not have an explicit target interest rate prior to 23 Jan 1990. The BIS publishes a representative rate for that period. Between  23 Jan 1990 and 31 Jul the middle of the cash rate target corridor is used.", Central bank policy rates - Australia - Monthly - End of period,2005-08,5.5,A,F,
M,AU,368,0,,From 2 Aug 1990 onwards: cash rate target; from 23 Jan 1990 to 1 Aug 1990: middle of the cash rate target range; from 7 Apr 1976 to 22 Jan 1990: interbank overnight cash rate.,4,Reserve Bank of Australia,"This rate can be considered the official policy rate as from 23 Jan 1990. Australia had a managed exchange rate regime prior to 1983, in an environment of capital controls. The RBA did not have an explicit target interest rate prior to 23 Jan 1990. The BIS publishes a representative rate for that period. Between  23 Jan 1990 and 31 Jul the middle of the cash rate target corridor is used.", Central bank policy rates - Australia - Monthly - End of period,2005-09,5.5,A,F,
M,AU,368,0,,From 2 Aug 1990 onwards: cash rate target; from 23 Jan 1990 to 1 Aug 1990: middle of the cash rate target range; from 7 Apr 1976 to 22 Jan 1990: interbank overnight cash rate.,4,Reserve Bank of Australia,"This rate can be considered the official policy rate as from 23 Jan 1990. Australia had a managed exchange rate regime prior to 1983, in an environment of capital controls. The RBA did not have an explicit target interest rate prior to 23 Jan 1990. The BIS publishes a representative rate for that period. Between  23 Jan 1990 and 31 Jul the middle of the cash rate target corridor is used.", Central bank policy rates - Australia - Monthly - End of period,2005-10,5.5,A,F,
M,AU,368,0,,From 2 Aug 1990 onwards: cash rate target; from 23 Jan 1990 to 1 Aug 1990: middle of the cash rate target range; from 7 Apr 1976 to 22 Jan 1990: interbank overnight cash rate.,4,Reserve Bank of Australia,"This rate can be considered the official policy rate as from 23 Jan 1990. Australia had a managed exchange rate regime prior to 1983, in an environment of capital controls. The RBA did not have an explicit target interest rate prior to 23 Jan 1990. The BIS publishes a representative rate for that period. Between  23 Jan 1990 and 31 Jul the middle of the cash rate target corridor is used.", Central bank policy rates - Australia - Monthly - End of period,2005-11,5.5,A,F,
M,AU,368,0,,From 2 Aug 1990 onwards: cash rate target; from 23 Jan 1990 to 1 Aug 1990: middle of the cash rate target range; from 7 Apr 1976 to 22 Jan 1990: interbank overnight cash rate.,4,Reserve Bank of Australia,"This rate can be considered the official policy rate as from 23 Jan 1990. Australia had a managed exchange rate regime prior to 1983, in an environment of capital controls. The RBA did not have an explicit target interest rate prior to 23 Jan 1990. The BIS publishes a representative rate for that period. Between  23 Jan 1990 and 31 Jul the middle of the cash rate target corridor is used.", Central bank policy rates - Australia - Monthly - End of period,2005-12,5.5,A,F,
M,AU,368,0,,From 2 Aug 1990 onwards: cash rate target; from 23 Jan 1990 to 1 Aug 1990: middle of the cash rate target range; from 7 Apr 1976 to 22 Jan 1990: interbank overnight cash rate.,4,Reserve Bank of Australia,"This rate can be considered the official policy rate as from 23 Jan 1990. Australia had a managed exchange rate regime prior to 1983, in an environment of capital controls. The RBA did not have an explicit target interest rate prior to 23 Jan 1990. The BIS publishes a representative rate for that period. Between  23 Jan 1990 and 31 Jul the middle of the cash rate target corridor is used.", Central bank policy rates - Australia - Monthly - End of period,2006-01,5.5,A,F,
M,AU,368,0,,From 2 Aug 1990 onwards: cash rate target; from 23 Jan 1990 to 1 Aug 1990: middle of the cash rate target range; from 7 Apr 1976 to 22 Jan 1990: interbank overnight cash rate.,4,Reserve Bank of Australia,"This rate can be considered the official policy rate as from 23 Jan 1990. Australia had a managed exchange rate regime prior to 1983, in an environment of capital controls. The RBA did not have an explicit target interest rate prior to 23 Jan 1990. The BIS publishes a representative rate for that period. Between  23 Jan 1990 and 31 Jul the middle of the cash rate target corridor is used.", Central bank policy rates - Australia - Monthly - End of period,2006-02,5.5,A,F,
M,AU,368,0,,From 2 Aug 1990 onwards: cash rate target; from 23 Jan 1990 to 1 Aug 1990: middle of the cash rate target range; from 7 Apr 1976 to 22 Jan 1990: interbank overnight cash rate.,4,Reserve Bank of Australia,"This rate can be considered the official policy rate as from 23 Jan 1990. Australia had a managed exchange rate regime prior to 1983, in an environment of capital controls. The RBA did not have an explicit target interest rate prior to 23 Jan 1990. The BIS publishes a representative rate for that period. Between  23 Jan 1990 and 31 Jul the middle of the cash rate target corridor is used.", Central bank policy rates - Australia - Monthly - End of period,2006-03,5.5,A,F,
M,AU,368,0,,From 2 Aug 1990 onwards: cash rate target; from 23 Jan 1990 to 1 Aug 1990: middle of the cash rate target range; from 7 Apr 1976 to 22 Jan 1990: interbank overnight cash rate.,4,Reserve Bank of Australia,"This rate can be considered the official policy rate as from 23 Jan 1990. Australia had a managed exchange rate regime prior to 1983, in an environment of capital controls. The RBA did not have an explicit target interest rate prior to 23 Jan 1990. The BIS publishes a representative rate for that period. Between  23 Jan 1990 and 31 Jul the middle of the cash rate target corridor is used.", Central bank policy rates - Australia - Monthly - End of period,2006-04,5.5,A,F,
M,AU,368,0,,From 2 Aug 1990 onwards: cash rate target; from 23 Jan 1990 to 1 Aug 1990: middle of the cash rate target range; from 7 Apr 1976 to 22 Jan 1990: interbank overnight cash rate.,4,Reserve Bank of Australia,"This rate can be considered the official policy rate as from 23 Jan 1990. Australia had a managed exchange rate regime prior to 1983, in an environment of capital controls. The RBA did not have an explicit target interest rate prior to 23 Jan 1990. The BIS publishes a representative rate for that period. Between  23 Jan 1990 and 31 Jul the middle of the cash rate target corridor is used.", Central bank policy rates - Australia - Monthly - End of period,2006-05,5.75,A,F,
M,AU,368,0,,From 2 Aug 1990 onwards: cash rate target; from 23 Jan 1990 to 1 Aug 1990: middle of the cash rate target range; from 7 Apr 1976 to 22 Jan 1990: interbank overnight cash rate.,4,Reserve Bank of Australia,"This rate can be considered the official policy rate as from 23 Jan 1990. Australia had a managed exchange rate regime prior to 1983, in an environment of capital controls. The RBA did not have an explicit target interest rate prior to 23 Jan 1990. The BIS publishes a representative rate for that period. Between  23 Jan 1990 and 31 Jul the middle of the cash rate target corridor is used.", Central bank policy rates - Australia - Monthly - End of period,2006-06,5.75,A,F,
M,AU,368,0,,From 2 Aug 1990 onwards: cash rate target; from 23 Jan 1990 to 1 Aug 1990: middle of the cash rate target range; from 7 Apr 1976 to 22 Jan 1990: interbank overnight cash rate.,4,Reserve Bank of Australia,"This rate can be considered the official policy rate as from 23 Jan 1990. Australia had a managed exchange rate regime prior to 1983, in an environment of capital controls. The RBA did not have an explicit target interest rate prior to 23 Jan 1990. The BIS publishes a representative rate for that period. Between  23 Jan 1990 and 31 Jul the middle of the cash rate target corridor is used.", Central bank policy rates - Australia - Monthly - End of period,2006-07,5.75,A,F,
M,AU,368,0,,From 2 Aug 1990 onwards: cash rate target; from 23 Jan 1990 to 1 Aug 1990: middle of the cash rate target range; from 7 Apr 1976 to 22 Jan 1990: interbank overnight cash rate.,4,Reserve Bank of Australia,"This rate can be considered the official policy rate as from 23 Jan 1990. Australia had a managed exchange rate regime prior to 1983, in an environment of capital controls. The RBA did not have an explicit target interest rate prior to 23 Jan 1990. The BIS publishes a representative rate for that period. Between  23 Jan 1990 and 31 Jul the middle of the cash rate target corridor is used.", Central bank policy rates - Australia - Monthly - End of period,2006-08,6,A,F,
M,AU,368,0,,From 2 Aug 1990 onwards: cash rate target; from 23 Jan 1990 to 1 Aug 1990: middle of the cash rate target range; from 7 Apr 1976 to 22 Jan 1990: interbank overnight cash rate.,4,Reserve Bank of Australia,"This rate can be considered the official policy rate as from 23 Jan 1990. Australia had a managed exchange rate regime prior to 1983, in an environment of capital controls. The RBA did not have an explicit target interest rate prior to 23 Jan 1990. The BIS publishes a representative rate for that period. Between  23 Jan 1990 and 31 Jul the middle of the cash rate target corridor is used.", Central bank policy rates - Australia - Monthly - End of period,2006-09,6,A,F,
M,AU,368,0,,From 2 Aug 1990 onwards: cash rate target; from 23 Jan 1990 to 1 Aug 1990: middle of the cash rate target range; from 7 Apr 1976 to 22 Jan 1990: interbank overnight cash rate.,4,Reserve Bank of Australia,"This rate can be considered the official policy rate as from 23 Jan 1990. Australia had a managed exchange rate regime prior to 1983, in an environment of capital controls. The RBA did not have an explicit target interest rate prior to 23 Jan 1990. The BIS publishes a representative rate for that period. Between  23 Jan 1990 and 31 Jul the middle of the cash rate target corridor is used.", Central bank policy rates - Australia - Monthly - End of period,2006-10,6,A,F,
M,AU,368,0,,From 2 Aug 1990 onwards: cash rate target; from 23 Jan 1990 to 1 Aug 1990: middle of the cash rate target range; from 7 Apr 1976 to 22 Jan 1990: interbank overnight cash rate.,4,Reserve Bank of Australia,"This rate can be considered the official policy rate as from 23 Jan 1990. Australia had a managed exchange rate regime prior to 1983, in an environment of capital controls. The RBA did not have an explicit target interest rate prior to 23 Jan 1990. The BIS publishes a representative rate for that period. Between  23 Jan 1990 and 31 Jul the middle of the cash rate target corridor is used.", Central bank policy rates - Australia - Monthly - End of period,2006-11,6.25,A,F,
M,AU,368,0,,From 2 Aug 1990 onwards: cash rate target; from 23 Jan 1990 to 1 Aug 1990: middle of the cash rate target range; from 7 Apr 1976 to 22 Jan 1990: interbank overnight cash rate.,4,Reserve Bank of Australia,"This rate can be considered the official policy rate as from 23 Jan 1990. Australia had a managed exchange rate regime prior to 1983, in an environment of capital controls. The RBA did not have an explicit target interest rate prior to 23 Jan 1990. The BIS publishes a representative rate for that period. Between  23 Jan 1990 and 31 Jul the middle of the cash rate target corridor is used.", Central bank policy rates - Australia - Monthly - End of period,2006-12,6.25,A,F,
M,AU,368,0,,From 2 Aug 1990 onwards: cash rate target; from 23 Jan 1990 to 1 Aug 1990: middle of the cash rate target range; from 7 Apr 1976 to 22 Jan 1990: interbank overnight cash rate.,4,Reserve Bank of Australia,"This rate can be considered the official policy rate as from 23 Jan 1990. Australia had a managed exchange rate regime prior to 1983, in an environment of capital controls. The RBA did not have an explicit target interest rate prior to 23 Jan 1990. The BIS publishes a representative rate for that period. Between  23 Jan 1990 and 31 Jul the middle of the cash rate target corridor is used.", Central bank policy rates - Australia - Monthly - End of period,2007-01,6.25,A,F,
M,AU,368,0,,From 2 Aug 1990 onwards: cash rate target; from 23 Jan 1990 to 1 Aug 1990: middle of the cash rate target range; from 7 Apr 1976 to 22 Jan 1990: interbank overnight cash rate.,4,Reserve Bank of Australia,"This rate can be considered the official policy rate as from 23 Jan 1990. Australia had a managed exchange rate regime prior to 1983, in an environment of capital controls. The RBA did not have an explicit target interest rate prior to 23 Jan 1990. The BIS publishes a representative rate for that period. Between  23 Jan 1990 and 31 Jul the middle of the cash rate target corridor is used.", Central bank policy rates - Australia - Monthly - End of period,2007-02,6.25,A,F,
M,AU,368,0,,From 2 Aug 1990 onwards: cash rate target; from 23 Jan 1990 to 1 Aug 1990: middle of the cash rate target range; from 7 Apr 1976 to 22 Jan 1990: interbank overnight cash rate.,4,Reserve Bank of Australia,"This rate can be considered the official policy rate as from 23 Jan 1990. Australia had a managed exchange rate regime prior to 1983, in an environment of capital controls. The RBA did not have an explicit target interest rate prior to 23 Jan 1990. The BIS publishes a representative rate for that period. Between  23 Jan 1990 and 31 Jul the middle of the cash rate target corridor is used.", Central bank policy rates - Australia - Monthly - End of period,2007-03,6.25,A,F,
M,AU,368,0,,From 2 Aug 1990 onwards: cash rate target; from 23 Jan 1990 to 1 Aug 1990: middle of the cash rate target range; from 7 Apr 1976 to 22 Jan 1990: interbank overnight cash rate.,4,Reserve Bank of Australia,"This rate can be considered the official policy rate as from 23 Jan 1990. Australia had a managed exchange rate regime prior to 1983, in an environment of capital controls. The RBA did not have an explicit target interest rate prior to 23 Jan 1990. The BIS publishes a representative rate for that period. Between  23 Jan 1990 and 31 Jul the middle of the cash rate target corridor is used.", Central bank policy rates - Australia - Monthly - End of period,2007-04,6.25,A,F,
M,AU,368,0,,From 2 Aug 1990 onwards: cash rate target; from 23 Jan 1990 to 1 Aug 1990: middle of the cash rate target range; from 7 Apr 1976 to 22 Jan 1990: interbank overnight cash rate.,4,Reserve Bank of Australia,"This rate can be considered the official policy rate as from 23 Jan 1990. Australia had a managed exchange rate regime prior to 1983, in an environment of capital controls. The RBA did not have an explicit target interest rate prior to 23 Jan 1990. The BIS publishes a representative rate for that period. Between  23 Jan 1990 and 31 Jul the middle of the cash rate target corridor is used.", Central bank policy rates - Australia - Monthly - End of period,2007-05,6.25,A,F,
M,AU,368,0,,From 2 Aug 1990 onwards: cash rate target; from 23 Jan 1990 to 1 Aug 1990: middle of the cash rate target range; from 7 Apr 1976 to 22 Jan 1990: interbank overnight cash rate.,4,Reserve Bank of Australia,"This rate can be considered the official policy rate as from 23 Jan 1990. Australia had a managed exchange rate regime prior to 1983, in an environment of capital controls. The RBA did not have an explicit target interest rate prior to 23 Jan 1990. The BIS publishes a representative rate for that period. Between  23 Jan 1990 and 31 Jul the middle of the cash rate target corridor is used.", Central bank policy rates - Australia - Monthly - End of period,2007-06,6.25,A,F,
M,AU,368,0,,From 2 Aug 1990 onwards: cash rate target; from 23 Jan 1990 to 1 Aug 1990: middle of the cash rate target range; from 7 Apr 1976 to 22 Jan 1990: interbank overnight cash rate.,4,Reserve Bank of Australia,"This rate can be considered the official policy rate as from 23 Jan 1990. Australia had a managed exchange rate regime prior to 1983, in an environment of capital controls. The RBA did not have an explicit target interest rate prior to 23 Jan 1990. The BIS publishes a representative rate for that period. Between  23 Jan 1990 and 31 Jul the middle of the cash rate target corridor is used.", Central bank policy rates - Australia - Monthly - End of period,2007-07,6.25,A,F,
M,AU,368,0,,From 2 Aug 1990 onwards: cash rate target; from 23 Jan 1990 to 1 Aug 1990: middle of the cash rate target range; from 7 Apr 1976 to 22 Jan 1990: interbank overnight cash rate.,4,Reserve Bank of Australia,"This rate can be considered the official policy rate as from 23 Jan 1990. Australia had a managed exchange rate regime prior to 1983, in an environment of capital controls. The RBA did not have an explicit target interest rate prior to 23 Jan 1990. The BIS publishes a representative rate for that period. Between  23 Jan 1990 and 31 Jul the middle of the cash rate target corridor is used.", Central bank policy rates - Australia - Monthly - End of period,2007-08,6.5,A,F,
M,AU,368,0,,From 2 Aug 1990 onwards: cash rate target; from 23 Jan 1990 to 1 Aug 1990: middle of the cash rate target range; from 7 Apr 1976 to 22 Jan 1990: interbank overnight cash rate.,4,Reserve Bank of Australia,"This rate can be considered the official policy rate as from 23 Jan 1990. Australia had a managed exchange rate regime prior to 1983, in an environment of capital controls. The RBA did not have an explicit target interest rate prior to 23 Jan 1990. The BIS publishes a representative rate for that period. Between  23 Jan 1990 and 31 Jul the middle of the cash rate target corridor is used.", Central bank policy rates - Australia - Monthly - End of period,2007-09,6.5,A,F,
M,AU,368,0,,From 2 Aug 1990 onwards: cash rate target; from 23 Jan 1990 to 1 Aug 1990: middle of the cash rate target range; from 7 Apr 1976 to 22 Jan 1990: interbank overnight cash rate.,4,Reserve Bank of Australia,"This rate can be considered the official policy rate as from 23 Jan 1990. Australia had a managed exchange rate regime prior to 1983, in an environment of capital controls. The RBA did not have an explicit target interest rate prior to 23 Jan 1990. The BIS publishes a representative rate for that period. Between  23 Jan 1990 and 31 Jul the middle of the cash rate target corridor is used.", Central bank policy rates - Australia - Monthly - End of period,2007-10,6.5,A,F,
M,AU,368,0,,From 2 Aug 1990 onwards: cash rate target; from 23 Jan 1990 to 1 Aug 1990: middle of the cash rate target range; from 7 Apr 1976 to 22 Jan 1990: interbank overnight cash rate.,4,Reserve Bank of Australia,"This rate can be considered the official policy rate as from 23 Jan 1990. Australia had a managed exchange rate regime prior to 1983, in an environment of capital controls. The RBA did not have an explicit target interest rate prior to 23 Jan 1990. The BIS publishes a representative rate for that period. Between  23 Jan 1990 and 31 Jul the middle of the cash rate target corridor is used.", Central bank policy rates - Australia - Monthly - End of period,2007-11,6.75,A,F,
M,AU,368,0,,From 2 Aug 1990 onwards: cash rate target; from 23 Jan 1990 to 1 Aug 1990: middle of the cash rate target range; from 7 Apr 1976 to 22 Jan 1990: interbank overnight cash rate.,4,Reserve Bank of Australia,"This rate can be considered the official policy rate as from 23 Jan 1990. Australia had a managed exchange rate regime prior to 1983, in an environment of capital controls. The RBA did not have an explicit target interest rate prior to 23 Jan 1990. The BIS publishes a representative rate for that period. Between  23 Jan 1990 and 31 Jul the middle of the cash rate target corridor is used.", Central bank policy rates - Australia - Monthly - End of period,2007-12,6.75,A,F,
M,AU,368,0,,From 2 Aug 1990 onwards: cash rate target; from 23 Jan 1990 to 1 Aug 1990: middle of the cash rate target range; from 7 Apr 1976 to 22 Jan 1990: interbank overnight cash rate.,4,Reserve Bank of Australia,"This rate can be considered the official policy rate as from 23 Jan 1990. Australia had a managed exchange rate regime prior to 1983, in an environment of capital controls. The RBA did not have an explicit target interest rate prior to 23 Jan 1990. The BIS publishes a representative rate for that period. Between  23 Jan 1990 and 31 Jul the middle of the cash rate target corridor is used.", Central bank policy rates - Australia - Monthly - End of period,2008-01,6.75,A,F,
M,AU,368,0,,From 2 Aug 1990 onwards: cash rate target; from 23 Jan 1990 to 1 Aug 1990: middle of the cash rate target range; from 7 Apr 1976 to 22 Jan 1990: interbank overnight cash rate.,4,Reserve Bank of Australia,"This rate can be considered the official policy rate as from 23 Jan 1990. Australia had a managed exchange rate regime prior to 1983, in an environment of capital controls. The RBA did not have an explicit target interest rate prior to 23 Jan 1990. The BIS publishes a representative rate for that period. Between  23 Jan 1990 and 31 Jul the middle of the cash rate target corridor is used.", Central bank policy rates - Australia - Monthly - End of period,2008-02,6.9999,A,F,
M,AU,368,0,,From 2 Aug 1990 onwards: cash rate target; from 23 Jan 1990 to 1 Aug 1990: middle of the cash rate target range; from 7 Apr 1976 to 22 Jan 1990: interbank overnight cash rate.,4,Reserve Bank of Australia,"This rate can be considered the official policy rate as from 23 Jan 1990. Australia had a managed exchange rate regime prior to 1983, in an environment of capital controls. The RBA did not have an explicit target interest rate prior to 23 Jan 1990. The BIS publishes a representative rate for that period. Between  23 Jan 1990 and 31 Jul the middle of the cash rate target corridor is used.", Central bank policy rates - Australia - Monthly - End of period,2008-03,7.2498,A,F,
M,AU,368,0,,From 2 Aug 1990 onwards: cash rate target; from 23 Jan 1990 to 1 Aug 1990: middle of the cash rate target range; from 7 Apr 1976 to 22 Jan 1990: interbank overnight cash rate.,4,Reserve Bank of Australia,"This rate can be considered the official policy rate as from 23 Jan 1990. Australia had a managed exchange rate regime prior to 1983, in an environment of capital controls. The RBA did not have an explicit target interest rate prior to 23 Jan 1990. The BIS publishes a representative rate for that period. Between  23 Jan 1990 and 31 Jul the middle of the cash rate target corridor is used.", Central bank policy rates - Australia - Monthly - End of period,2008-04,7.25,A,F,
M,AU,368,0,,From 2 Aug 1990 onwards: cash rate target; from 23 Jan 1990 to 1 Aug 1990: middle of the cash rate target range; from 7 Apr 1976 to 22 Jan 1990: interbank overnight cash rate.,4,Reserve Bank of Australia,"This rate can be considered the official policy rate as from 23 Jan 1990. Australia had a managed exchange rate regime prior to 1983, in an environment of capital controls. The RBA did not have an explicit target interest rate prior to 23 Jan 1990. The BIS publishes a representative rate for that period. Between  23 Jan 1990 and 31 Jul the middle of the cash rate target corridor is used.", Central bank policy rates - Australia - Monthly - End of period,2008-05,7.25,A,F,
M,AU,368,0,,From 2 Aug 1990 onwards: cash rate target; from 23 Jan 1990 to 1 Aug 1990: middle of the cash rate target range; from 7 Apr 1976 to 22 Jan 1990: interbank overnight cash rate.,4,Reserve Bank of Australia,"This rate can be considered the official policy rate as from 23 Jan 1990. Australia had a managed exchange rate regime prior to 1983, in an environment of capital controls. The RBA did not have an explicit target interest rate prior to 23 Jan 1990. The BIS publishes a representative rate for that period. Between  23 Jan 1990 and 31 Jul the middle of the cash rate target corridor is used.", Central bank policy rates - Australia - Monthly - End of period,2008-06,7.25,A,F,
M,AU,368,0,,From 2 Aug 1990 onwards: cash rate target; from 23 Jan 1990 to 1 Aug 1990: middle of the cash rate target range; from 7 Apr 1976 to 22 Jan 1990: interbank overnight cash rate.,4,Reserve Bank of Australia,"This rate can be considered the official policy rate as from 23 Jan 1990. Australia had a managed exchange rate regime prior to 1983, in an environment of capital controls. The RBA did not have an explicit target interest rate prior to 23 Jan 1990. The BIS publishes a representative rate for that period. Between  23 Jan 1990 and 31 Jul the middle of the cash rate target corridor is used.", Central bank policy rates - Australia - Monthly - End of period,2008-07,7.25,A,F,
M,AU,368,0,,From 2 Aug 1990 onwards: cash rate target; from 23 Jan 1990 to 1 Aug 1990: middle of the cash rate target range; from 7 Apr 1976 to 22 Jan 1990: interbank overnight cash rate.,4,Reserve Bank of Australia,"This rate can be considered the official policy rate as from 23 Jan 1990. Australia had a managed exchange rate regime prior to 1983, in an environment of capital controls. The RBA did not have an explicit target interest rate prior to 23 Jan 1990. The BIS publishes a representative rate for that period. Between  23 Jan 1990 and 31 Jul the middle of the cash rate target corridor is used.", Central bank policy rates - Australia - Monthly - End of period,2008-08,7.25,A,F,
M,AU,368,0,,From 2 Aug 1990 onwards: cash rate target; from 23 Jan 1990 to 1 Aug 1990: middle of the cash rate target range; from 7 Apr 1976 to 22 Jan 1990: interbank overnight cash rate.,4,Reserve Bank of Australia,"This rate can be considered the official policy rate as from 23 Jan 1990. Australia had a managed exchange rate regime prior to 1983, in an environment of capital controls. The RBA did not have an explicit target interest rate prior to 23 Jan 1990. The BIS publishes a representative rate for that period. Between  23 Jan 1990 and 31 Jul the middle of the cash rate target corridor is used.", Central bank policy rates - Australia - Monthly - End of period,2008-09,7,A,F,
M,AU,368,0,,From 2 Aug 1990 onwards: cash rate target; from 23 Jan 1990 to 1 Aug 1990: middle of the cash rate target range; from 7 Apr 1976 to 22 Jan 1990: interbank overnight cash rate.,4,Reserve Bank of Australia,"This rate can be considered the official policy rate as from 23 Jan 1990. Australia had a managed exchange rate regime prior to 1983, in an environment of capital controls. The RBA did not have an explicit target interest rate prior to 23 Jan 1990. The BIS publishes a representative rate for that period. Between  23 Jan 1990 and 31 Jul the middle of the cash rate target corridor is used.", Central bank policy rates - Australia - Monthly - End of period,2008-10,6,A,F,
M,AU,368,0,,From 2 Aug 1990 onwards: cash rate target; from 23 Jan 1990 to 1 Aug 1990: middle of the cash rate target range; from 7 Apr 1976 to 22 Jan 1990: interbank overnight cash rate.,4,Reserve Bank of Australia,"This rate can be considered the official policy rate as from 23 Jan 1990. Australia had a managed exchange rate regime prior to 1983, in an environment of capital controls. The RBA did not have an explicit target interest rate prior to 23 Jan 1990. The BIS publishes a representative rate for that period. Between  23 Jan 1990 and 31 Jul the middle of the cash rate target corridor is used.", Central bank policy rates - Australia - Monthly - End of period,2008-11,5.25,A,F,
M,AU,368,0,,From 2 Aug 1990 onwards: cash rate target; from 23 Jan 1990 to 1 Aug 1990: middle of the cash rate target range; from 7 Apr 1976 to 22 Jan 1990: interbank overnight cash rate.,4,Reserve Bank of Australia,"This rate can be considered the official policy rate as from 23 Jan 1990. Australia had a managed exchange rate regime prior to 1983, in an environment of capital controls. The RBA did not have an explicit target interest rate prior to 23 Jan 1990. The BIS publishes a representative rate for that period. Between  23 Jan 1990 and 31 Jul the middle of the cash rate target corridor is used.", Central bank policy rates - Australia - Monthly - End of period,2008-12,4.25,A,F,
M,AU,368,0,,From 2 Aug 1990 onwards: cash rate target; from 23 Jan 1990 to 1 Aug 1990: middle of the cash rate target range; from 7 Apr 1976 to 22 Jan 1990: interbank overnight cash rate.,4,Reserve Bank of Australia,"This rate can be considered the official policy rate as from 23 Jan 1990. Australia had a managed exchange rate regime prior to 1983, in an environment of capital controls. The RBA did not have an explicit target interest rate prior to 23 Jan 1990. The BIS publishes a representative rate for that period. Between  23 Jan 1990 and 31 Jul the middle of the cash rate target corridor is used.", Central bank policy rates - Australia - Monthly - End of period,2009-01,4.25,A,F,
M,AU,368,0,,From 2 Aug 1990 onwards: cash rate target; from 23 Jan 1990 to 1 Aug 1990: middle of the cash rate target range; from 7 Apr 1976 to 22 Jan 1990: interbank overnight cash rate.,4,Reserve Bank of Australia,"This rate can be considered the official policy rate as from 23 Jan 1990. Australia had a managed exchange rate regime prior to 1983, in an environment of capital controls. The RBA did not have an explicit target interest rate prior to 23 Jan 1990. The BIS publishes a representative rate for that period. Between  23 Jan 1990 and 31 Jul the middle of the cash rate target corridor is used.", Central bank policy rates - Australia - Monthly - End of period,2009-02,3.25,A,F,
M,AU,368,0,,From 2 Aug 1990 onwards: cash rate target; from 23 Jan 1990 to 1 Aug 1990: middle of the cash rate target range; from 7 Apr 1976 to 22 Jan 1990: interbank overnight cash rate.,4,Reserve Bank of Australia,"This rate can be considered the official policy rate as from 23 Jan 1990. Australia had a managed exchange rate regime prior to 1983, in an environment of capital controls. The RBA did not have an explicit target interest rate prior to 23 Jan 1990. The BIS publishes a representative rate for that period. Between  23 Jan 1990 and 31 Jul the middle of the cash rate target corridor is used.", Central bank policy rates - Australia - Monthly - End of period,2009-03,3.25,A,F,
M,AU,368,0,,From 2 Aug 1990 onwards: cash rate target; from 23 Jan 1990 to 1 Aug 1990: middle of the cash rate target range; from 7 Apr 1976 to 22 Jan 1990: interbank overnight cash rate.,4,Reserve Bank of Australia,"This rate can be considered the official policy rate as from 23 Jan 1990. Australia had a managed exchange rate regime prior to 1983, in an environment of capital controls. The RBA did not have an explicit target interest rate prior to 23 Jan 1990. The BIS publishes a representative rate for that period. Between  23 Jan 1990 and 31 Jul the middle of the cash rate target corridor is used.", Central bank policy rates - Australia - Monthly - End of period,2009-04,3,A,F,
M,AU,368,0,,From 2 Aug 1990 onwards: cash rate target; from 23 Jan 1990 to 1 Aug 1990: middle of the cash rate target range; from 7 Apr 1976 to 22 Jan 1990: interbank overnight cash rate.,4,Reserve Bank of Australia,"This rate can be considered the official policy rate as from 23 Jan 1990. Australia had a managed exchange rate regime prior to 1983, in an environment of capital controls. The RBA did not have an explicit target interest rate prior to 23 Jan 1990. The BIS publishes a representative rate for that period. Between  23 Jan 1990 and 31 Jul the middle of the cash rate target corridor is used.", Central bank policy rates - Australia - Monthly - End of period,2009-05,3,A,F,
M,AU,368,0,,From 2 Aug 1990 onwards: cash rate target; from 23 Jan 1990 to 1 Aug 1990: middle of the cash rate target range; from 7 Apr 1976 to 22 Jan 1990: interbank overnight cash rate.,4,Reserve Bank of Australia,"This rate can be considered the official policy rate as from 23 Jan 1990. Australia had a managed exchange rate regime prior to 1983, in an environment of capital controls. The RBA did not have an explicit target interest rate prior to 23 Jan 1990. The BIS publishes a representative rate for that period. Between  23 Jan 1990 and 31 Jul the middle of the cash rate target corridor is used.", Central bank policy rates - Australia - Monthly - End of period,2009-06,3,A,F,
M,AU,368,0,,From 2 Aug 1990 onwards: cash rate target; from 23 Jan 1990 to 1 Aug 1990: middle of the cash rate target range; from 7 Apr 1976 to 22 Jan 1990: interbank overnight cash rate.,4,Reserve Bank of Australia,"This rate can be considered the official policy rate as from 23 Jan 1990. Australia had a managed exchange rate regime prior to 1983, in an environment of capital controls. The RBA did not have an explicit target interest rate prior to 23 Jan 1990. The BIS publishes a representative rate for that period. Between  23 Jan 1990 and 31 Jul the middle of the cash rate target corridor is used.", Central bank policy rates - Australia - Monthly - End of period,2009-07,3,A,F,
M,AU,368,0,,From 2 Aug 1990 onwards: cash rate target; from 23 Jan 1990 to 1 Aug 1990: middle of the cash rate target range; from 7 Apr 1976 to 22 Jan 1990: interbank overnight cash rate.,4,Reserve Bank of Australia,"This rate can be considered the official policy rate as from 23 Jan 1990. Australia had a managed exchange rate regime prior to 1983, in an environment of capital controls. The RBA did not have an explicit target interest rate prior to 23 Jan 1990. The BIS publishes a representative rate for that period. Between  23 Jan 1990 and 31 Jul the middle of the cash rate target corridor is used.", Central bank policy rates - Australia - Monthly - End of period,2009-08,3,A,F,
M,AU,368,0,,From 2 Aug 1990 onwards: cash rate target; from 23 Jan 1990 to 1 Aug 1990: middle of the cash rate target range; from 7 Apr 1976 to 22 Jan 1990: interbank overnight cash rate.,4,Reserve Bank of Australia,"This rate can be considered the official policy rate as from 23 Jan 1990. Australia had a managed exchange rate regime prior to 1983, in an environment of capital controls. The RBA did not have an explicit target interest rate prior to 23 Jan 1990. The BIS publishes a representative rate for that period. Between  23 Jan 1990 and 31 Jul the middle of the cash rate target corridor is used.", Central bank policy rates - Australia - Monthly - End of period,2009-09,3,A,F,
M,AU,368,0,,From 2 Aug 1990 onwards: cash rate target; from 23 Jan 1990 to 1 Aug 1990: middle of the cash rate target range; from 7 Apr 1976 to 22 Jan 1990: interbank overnight cash rate.,4,Reserve Bank of Australia,"This rate can be considered the official policy rate as from 23 Jan 1990. Australia had a managed exchange rate regime prior to 1983, in an environment of capital controls. The RBA did not have an explicit target interest rate prior to 23 Jan 1990. The BIS publishes a representative rate for that period. Between  23 Jan 1990 and 31 Jul the middle of the cash rate target corridor is used.", Central bank policy rates - Australia - Monthly - End of period,2009-10,3.25,A,F,
M,AU,368,0,,From 2 Aug 1990 onwards: cash rate target; from 23 Jan 1990 to 1 Aug 1990: middle of the cash rate target range; from 7 Apr 1976 to 22 Jan 1990: interbank overnight cash rate.,4,Reserve Bank of Australia,"This rate can be considered the official policy rate as from 23 Jan 1990. Australia had a managed exchange rate regime prior to 1983, in an environment of capital controls. The RBA did not have an explicit target interest rate prior to 23 Jan 1990. The BIS publishes a representative rate for that period. Between  23 Jan 1990 and 31 Jul the middle of the cash rate target corridor is used.", Central bank policy rates - Australia - Monthly - End of period,2009-11,3.5,A,F,
M,AU,368,0,,From 2 Aug 1990 onwards: cash rate target; from 23 Jan 1990 to 1 Aug 1990: middle of the cash rate target range; from 7 Apr 1976 to 22 Jan 1990: interbank overnight cash rate.,4,Reserve Bank of Australia,"This rate can be considered the official policy rate as from 23 Jan 1990. Australia had a managed exchange rate regime prior to 1983, in an environment of capital controls. The RBA did not have an explicit target interest rate prior to 23 Jan 1990. The BIS publishes a representative rate for that period. Between  23 Jan 1990 and 31 Jul the middle of the cash rate target corridor is used.", Central bank policy rates - Australia - Monthly - End of period,2009-12,3.75,A,F,
M,AU,368,0,,From 2 Aug 1990 onwards: cash rate target; from 23 Jan 1990 to 1 Aug 1990: middle of the cash rate target range; from 7 Apr 1976 to 22 Jan 1990: interbank overnight cash rate.,4,Reserve Bank of Australia,"This rate can be considered the official policy rate as from 23 Jan 1990. Australia had a managed exchange rate regime prior to 1983, in an environment of capital controls. The RBA did not have an explicit target interest rate prior to 23 Jan 1990. The BIS publishes a representative rate for that period. Between  23 Jan 1990 and 31 Jul the middle of the cash rate target corridor is used.", Central bank policy rates - Australia - Monthly - End of period,2010-01,3.75,A,F,
M,AU,368,0,,From 2 Aug 1990 onwards: cash rate target; from 23 Jan 1990 to 1 Aug 1990: middle of the cash rate target range; from 7 Apr 1976 to 22 Jan 1990: interbank overnight cash rate.,4,Reserve Bank of Australia,"This rate can be considered the official policy rate as from 23 Jan 1990. Australia had a managed exchange rate regime prior to 1983, in an environment of capital controls. The RBA did not have an explicit target interest rate prior to 23 Jan 1990. The BIS publishes a representative rate for that period. Between  23 Jan 1990 and 31 Jul the middle of the cash rate target corridor is used.", Central bank policy rates - Australia - Monthly - End of period,2010-02,3.75,A,F,
M,AU,368,0,,From 2 Aug 1990 onwards: cash rate target; from 23 Jan 1990 to 1 Aug 1990: middle of the cash rate target range; from 7 Apr 1976 to 22 Jan 1990: interbank overnight cash rate.,4,Reserve Bank of Australia,"This rate can be considered the official policy rate as from 23 Jan 1990. Australia had a managed exchange rate regime prior to 1983, in an environment of capital controls. The RBA did not have an explicit target interest rate prior to 23 Jan 1990. The BIS publishes a representative rate for that period. Between  23 Jan 1990 and 31 Jul the middle of the cash rate target corridor is used.", Central bank policy rates - Australia - Monthly - End of period,2010-03,4,A,F,
M,AU,368,0,,From 2 Aug 1990 onwards: cash rate target; from 23 Jan 1990 to 1 Aug 1990: middle of the cash rate target range; from 7 Apr 1976 to 22 Jan 1990: interbank overnight cash rate.,4,Reserve Bank of Australia,"This rate can be considered the official policy rate as from 23 Jan 1990. Australia had a managed exchange rate regime prior to 1983, in an environment of capital controls. The RBA did not have an explicit target interest rate prior to 23 Jan 1990. The BIS publishes a representative rate for that period. Between  23 Jan 1990 and 31 Jul the middle of the cash rate target corridor is used.", Central bank policy rates - Australia - Monthly - End of period,2010-04,4.25,A,F,
M,AU,368,0,,From 2 Aug 1990 onwards: cash rate target; from 23 Jan 1990 to 1 Aug 1990: middle of the cash rate target range; from 7 Apr 1976 to 22 Jan 1990: interbank overnight cash rate.,4,Reserve Bank of Australia,"This rate can be considered the official policy rate as from 23 Jan 1990. Australia had a managed exchange rate regime prior to 1983, in an environment of capital controls. The RBA did not have an explicit target interest rate prior to 23 Jan 1990. The BIS publishes a representative rate for that period. Between  23 Jan 1990 and 31 Jul the middle of the cash rate target corridor is used.", Central bank policy rates - Australia - Monthly - End of period,2010-05,4.5,A,F,
M,AU,368,0,,From 2 Aug 1990 onwards: cash rate target; from 23 Jan 1990 to 1 Aug 1990: middle of the cash rate target range; from 7 Apr 1976 to 22 Jan 1990: interbank overnight cash rate.,4,Reserve Bank of Australia,"This rate can be considered the official policy rate as from 23 Jan 1990. Australia had a managed exchange rate regime prior to 1983, in an environment of capital controls. The RBA did not have an explicit target interest rate prior to 23 Jan 1990. The BIS publishes a representative rate for that period. Between  23 Jan 1990 and 31 Jul the middle of the cash rate target corridor is used.", Central bank policy rates - Australia - Monthly - End of period,2010-06,4.5,A,F,
M,AU,368,0,,From 2 Aug 1990 onwards: cash rate target; from 23 Jan 1990 to 1 Aug 1990: middle of the cash rate target range; from 7 Apr 1976 to 22 Jan 1990: interbank overnight cash rate.,4,Reserve Bank of Australia,"This rate can be considered the official policy rate as from 23 Jan 1990. Australia had a managed exchange rate regime prior to 1983, in an environment of capital controls. The RBA did not have an explicit target interest rate prior to 23 Jan 1990. The BIS publishes a representative rate for that period. Between  23 Jan 1990 and 31 Jul the middle of the cash rate target corridor is used.", Central bank policy rates - Australia - Monthly - End of period,2010-07,4.5,A,F,
M,AU,368,0,,From 2 Aug 1990 onwards: cash rate target; from 23 Jan 1990 to 1 Aug 1990: middle of the cash rate target range; from 7 Apr 1976 to 22 Jan 1990: interbank overnight cash rate.,4,Reserve Bank of Australia,"This rate can be considered the official policy rate as from 23 Jan 1990. Australia had a managed exchange rate regime prior to 1983, in an environment of capital controls. The RBA did not have an explicit target interest rate prior to 23 Jan 1990. The BIS publishes a representative rate for that period. Between  23 Jan 1990 and 31 Jul the middle of the cash rate target corridor is used.", Central bank policy rates - Australia - Monthly - End of period,2010-08,4.5,A,F,
M,AU,368,0,,From 2 Aug 1990 onwards: cash rate target; from 23 Jan 1990 to 1 Aug 1990: middle of the cash rate target range; from 7 Apr 1976 to 22 Jan 1990: interbank overnight cash rate.,4,Reserve Bank of Australia,"This rate can be considered the official policy rate as from 23 Jan 1990. Australia had a managed exchange rate regime prior to 1983, in an environment of capital controls. The RBA did not have an explicit target interest rate prior to 23 Jan 1990. The BIS publishes a representative rate for that period. Between  23 Jan 1990 and 31 Jul the middle of the cash rate target corridor is used.", Central bank policy rates - Australia - Monthly - End of period,2010-09,4.5,A,F,
M,AU,368,0,,From 2 Aug 1990 onwards: cash rate target; from 23 Jan 1990 to 1 Aug 1990: middle of the cash rate target range; from 7 Apr 1976 to 22 Jan 1990: interbank overnight cash rate.,4,Reserve Bank of Australia,"This rate can be considered the official policy rate as from 23 Jan 1990. Australia had a managed exchange rate regime prior to 1983, in an environment of capital controls. The RBA did not have an explicit target interest rate prior to 23 Jan 1990. The BIS publishes a representative rate for that period. Between  23 Jan 1990 and 31 Jul the middle of the cash rate target corridor is used.", Central bank policy rates - Australia - Monthly - End of period,2010-10,4.5,A,F,
M,AU,368,0,,From 2 Aug 1990 onwards: cash rate target; from 23 Jan 1990 to 1 Aug 1990: middle of the cash rate target range; from 7 Apr 1976 to 22 Jan 1990: interbank overnight cash rate.,4,Reserve Bank of Australia,"This rate can be considered the official policy rate as from 23 Jan 1990. Australia had a managed exchange rate regime prior to 1983, in an environment of capital controls. The RBA did not have an explicit target interest rate prior to 23 Jan 1990. The BIS publishes a representative rate for that period. Between  23 Jan 1990 and 31 Jul the middle of the cash rate target corridor is used.", Central bank policy rates - Australia - Monthly - End of period,2010-11,4.75,A,F,
M,AU,368,0,,From 2 Aug 1990 onwards: cash rate target; from 23 Jan 1990 to 1 Aug 1990: middle of the cash rate target range; from 7 Apr 1976 to 22 Jan 1990: interbank overnight cash rate.,4,Reserve Bank of Australia,"This rate can be considered the official policy rate as from 23 Jan 1990. Australia had a managed exchange rate regime prior to 1983, in an environment of capital controls. The RBA did not have an explicit target interest rate prior to 23 Jan 1990. The BIS publishes a representative rate for that period. Between  23 Jan 1990 and 31 Jul the middle of the cash rate target corridor is used.", Central bank policy rates - Australia - Monthly - End of period,2010-12,4.75,A,F,
M,AU,368,0,,From 2 Aug 1990 onwards: cash rate target; from 23 Jan 1990 to 1 Aug 1990: middle of the cash rate target range; from 7 Apr 1976 to 22 Jan 1990: interbank overnight cash rate.,4,Reserve Bank of Australia,"This rate can be considered the official policy rate as from 23 Jan 1990. Australia had a managed exchange rate regime prior to 1983, in an environment of capital controls. The RBA did not have an explicit target interest rate prior to 23 Jan 1990. The BIS publishes a representative rate for that period. Between  23 Jan 1990 and 31 Jul the middle of the cash rate target corridor is used.", Central bank policy rates - Australia - Monthly - End of period,2011-01,4.75,A,F,
M,AU,368,0,,From 2 Aug 1990 onwards: cash rate target; from 23 Jan 1990 to 1 Aug 1990: middle of the cash rate target range; from 7 Apr 1976 to 22 Jan 1990: interbank overnight cash rate.,4,Reserve Bank of Australia,"This rate can be considered the official policy rate as from 23 Jan 1990. Australia had a managed exchange rate regime prior to 1983, in an environment of capital controls. The RBA did not have an explicit target interest rate prior to 23 Jan 1990. The BIS publishes a representative rate for that period. Between  23 Jan 1990 and 31 Jul the middle of the cash rate target corridor is used.", Central bank policy rates - Australia - Monthly - End of period,2011-02,4.75,A,F,
M,AU,368,0,,From 2 Aug 1990 onwards: cash rate target; from 23 Jan 1990 to 1 Aug 1990: middle of the cash rate target range; from 7 Apr 1976 to 22 Jan 1990: interbank overnight cash rate.,4,Reserve Bank of Australia,"This rate can be considered the official policy rate as from 23 Jan 1990. Australia had a managed exchange rate regime prior to 1983, in an environment of capital controls. The RBA did not have an explicit target interest rate prior to 23 Jan 1990. The BIS publishes a representative rate for that period. Between  23 Jan 1990 and 31 Jul the middle of the cash rate target corridor is used.", Central bank policy rates - Australia - Monthly - End of period,2011-03,4.75,A,F,
M,AU,368,0,,From 2 Aug 1990 onwards: cash rate target; from 23 Jan 1990 to 1 Aug 1990: middle of the cash rate target range; from 7 Apr 1976 to 22 Jan 1990: interbank overnight cash rate.,4,Reserve Bank of Australia,"This rate can be considered the official policy rate as from 23 Jan 1990. Australia had a managed exchange rate regime prior to 1983, in an environment of capital controls. The RBA did not have an explicit target interest rate prior to 23 Jan 1990. The BIS publishes a representative rate for that period. Between  23 Jan 1990 and 31 Jul the middle of the cash rate target corridor is used.", Central bank policy rates - Australia - Monthly - End of period,2011-04,4.75,A,F,
M,AU,368,0,,From 2 Aug 1990 onwards: cash rate target; from 23 Jan 1990 to 1 Aug 1990: middle of the cash rate target range; from 7 Apr 1976 to 22 Jan 1990: interbank overnight cash rate.,4,Reserve Bank of Australia,"This rate can be considered the official policy rate as from 23 Jan 1990. Australia had a managed exchange rate regime prior to 1983, in an environment of capital controls. The RBA did not have an explicit target interest rate prior to 23 Jan 1990. The BIS publishes a representative rate for that period. Between  23 Jan 1990 and 31 Jul the middle of the cash rate target corridor is used.", Central bank policy rates - Australia - Monthly - End of period,2011-05,4.75,A,F,
M,AU,368,0,,From 2 Aug 1990 onwards: cash rate target; from 23 Jan 1990 to 1 Aug 1990: middle of the cash rate target range; from 7 Apr 1976 to 22 Jan 1990: interbank overnight cash rate.,4,Reserve Bank of Australia,"This rate can be considered the official policy rate as from 23 Jan 1990. Australia had a managed exchange rate regime prior to 1983, in an environment of capital controls. The RBA did not have an explicit target interest rate prior to 23 Jan 1990. The BIS publishes a representative rate for that period. Between  23 Jan 1990 and 31 Jul the middle of the cash rate target corridor is used.", Central bank policy rates - Australia - Monthly - End of period,2011-06,4.75,A,F,
M,AU,368,0,,From 2 Aug 1990 onwards: cash rate target; from 23 Jan 1990 to 1 Aug 1990: middle of the cash rate target range; from 7 Apr 1976 to 22 Jan 1990: interbank overnight cash rate.,4,Reserve Bank of Australia,"This rate can be considered the official policy rate as from 23 Jan 1990. Australia had a managed exchange rate regime prior to 1983, in an environment of capital controls. The RBA did not have an explicit target interest rate prior to 23 Jan 1990. The BIS publishes a representative rate for that period. Between  23 Jan 1990 and 31 Jul the middle of the cash rate target corridor is used.", Central bank policy rates - Australia - Monthly - End of period,2011-07,4.75,A,F,
M,AU,368,0,,From 2 Aug 1990 onwards: cash rate target; from 23 Jan 1990 to 1 Aug 1990: middle of the cash rate target range; from 7 Apr 1976 to 22 Jan 1990: interbank overnight cash rate.,4,Reserve Bank of Australia,"This rate can be considered the official policy rate as from 23 Jan 1990. Australia had a managed exchange rate regime prior to 1983, in an environment of capital controls. The RBA did not have an explicit target interest rate prior to 23 Jan 1990. The BIS publishes a representative rate for that period. Between  23 Jan 1990 and 31 Jul the middle of the cash rate target corridor is used.", Central bank policy rates - Australia - Monthly - End of period,2011-08,4.75,A,F,
M,AU,368,0,,From 2 Aug 1990 onwards: cash rate target; from 23 Jan 1990 to 1 Aug 1990: middle of the cash rate target range; from 7 Apr 1976 to 22 Jan 1990: interbank overnight cash rate.,4,Reserve Bank of Australia,"This rate can be considered the official policy rate as from 23 Jan 1990. Australia had a managed exchange rate regime prior to 1983, in an environment of capital controls. The RBA did not have an explicit target interest rate prior to 23 Jan 1990. The BIS publishes a representative rate for that period. Between  23 Jan 1990 and 31 Jul the middle of the cash rate target corridor is used.", Central bank policy rates - Australia - Monthly - End of period,2011-09,4.75,A,F,
M,AU,368,0,,From 2 Aug 1990 onwards: cash rate target; from 23 Jan 1990 to 1 Aug 1990: middle of the cash rate target range; from 7 Apr 1976 to 22 Jan 1990: interbank overnight cash rate.,4,Reserve Bank of Australia,"This rate can be considered the official policy rate as from 23 Jan 1990. Australia had a managed exchange rate regime prior to 1983, in an environment of capital controls. The RBA did not have an explicit target interest rate prior to 23 Jan 1990. The BIS publishes a representative rate for that period. Between  23 Jan 1990 and 31 Jul the middle of the cash rate target corridor is used.", Central bank policy rates - Australia - Monthly - End of period,2011-10,4.75,A,F,
M,AU,368,0,,From 2 Aug 1990 onwards: cash rate target; from 23 Jan 1990 to 1 Aug 1990: middle of the cash rate target range; from 7 Apr 1976 to 22 Jan 1990: interbank overnight cash rate.,4,Reserve Bank of Australia,"This rate can be considered the official policy rate as from 23 Jan 1990. Australia had a managed exchange rate regime prior to 1983, in an environment of capital controls. The RBA did not have an explicit target interest rate prior to 23 Jan 1990. The BIS publishes a representative rate for that period. Between  23 Jan 1990 and 31 Jul the middle of the cash rate target corridor is used.", Central bank policy rates - Australia - Monthly - End of period,2011-11,4.5,A,F,
M,AU,368,0,,From 2 Aug 1990 onwards: cash rate target; from 23 Jan 1990 to 1 Aug 1990: middle of the cash rate target range; from 7 Apr 1976 to 22 Jan 1990: interbank overnight cash rate.,4,Reserve Bank of Australia,"This rate can be considered the official policy rate as from 23 Jan 1990. Australia had a managed exchange rate regime prior to 1983, in an environment of capital controls. The RBA did not have an explicit target interest rate prior to 23 Jan 1990. The BIS publishes a representative rate for that period. Between  23 Jan 1990 and 31 Jul the middle of the cash rate target corridor is used.", Central bank policy rates - Australia - Monthly - End of period,2011-12,4.25,A,F,
M,AU,368,0,,From 2 Aug 1990 onwards: cash rate target; from 23 Jan 1990 to 1 Aug 1990: middle of the cash rate target range; from 7 Apr 1976 to 22 Jan 1990: interbank overnight cash rate.,4,Reserve Bank of Australia,"This rate can be considered the official policy rate as from 23 Jan 1990. Australia had a managed exchange rate regime prior to 1983, in an environment of capital controls. The RBA did not have an explicit target interest rate prior to 23 Jan 1990. The BIS publishes a representative rate for that period. Between  23 Jan 1990 and 31 Jul the middle of the cash rate target corridor is used.", Central bank policy rates - Australia - Monthly - End of period,2012-01,4.25,A,F,
M,AU,368,0,,From 2 Aug 1990 onwards: cash rate target; from 23 Jan 1990 to 1 Aug 1990: middle of the cash rate target range; from 7 Apr 1976 to 22 Jan 1990: interbank overnight cash rate.,4,Reserve Bank of Australia,"This rate can be considered the official policy rate as from 23 Jan 1990. Australia had a managed exchange rate regime prior to 1983, in an environment of capital controls. The RBA did not have an explicit target interest rate prior to 23 Jan 1990. The BIS publishes a representative rate for that period. Between  23 Jan 1990 and 31 Jul the middle of the cash rate target corridor is used.", Central bank policy rates - Australia - Monthly - End of period,2012-02,4.25,A,F,
M,AU,368,0,,From 2 Aug 1990 onwards: cash rate target; from 23 Jan 1990 to 1 Aug 1990: middle of the cash rate target range; from 7 Apr 1976 to 22 Jan 1990: interbank overnight cash rate.,4,Reserve Bank of Australia,"This rate can be considered the official policy rate as from 23 Jan 1990. Australia had a managed exchange rate regime prior to 1983, in an environment of capital controls. The RBA did not have an explicit target interest rate prior to 23 Jan 1990. The BIS publishes a representative rate for that period. Between  23 Jan 1990 and 31 Jul the middle of the cash rate target corridor is used.", Central bank policy rates - Australia - Monthly - End of period,2012-03,4.25,A,F,
M,AU,368,0,,From 2 Aug 1990 onwards: cash rate target; from 23 Jan 1990 to 1 Aug 1990: middle of the cash rate target range; from 7 Apr 1976 to 22 Jan 1990: interbank overnight cash rate.,4,Reserve Bank of Australia,"This rate can be considered the official policy rate as from 23 Jan 1990. Australia had a managed exchange rate regime prior to 1983, in an environment of capital controls. The RBA did not have an explicit target interest rate prior to 23 Jan 1990. The BIS publishes a representative rate for that period. Between  23 Jan 1990 and 31 Jul the middle of the cash rate target corridor is used.", Central bank policy rates - Australia - Monthly - End of period,2012-04,4.25,A,F,
M,AU,368,0,,From 2 Aug 1990 onwards: cash rate target; from 23 Jan 1990 to 1 Aug 1990: middle of the cash rate target range; from 7 Apr 1976 to 22 Jan 1990: interbank overnight cash rate.,4,Reserve Bank of Australia,"This rate can be considered the official policy rate as from 23 Jan 1990. Australia had a managed exchange rate regime prior to 1983, in an environment of capital controls. The RBA did not have an explicit target interest rate prior to 23 Jan 1990. The BIS publishes a representative rate for that period. Between  23 Jan 1990 and 31 Jul the middle of the cash rate target corridor is used.", Central bank policy rates - Australia - Monthly - End of period,2012-05,3.75,A,F,
M,AU,368,0,,From 2 Aug 1990 onwards: cash rate target; from 23 Jan 1990 to 1 Aug 1990: middle of the cash rate target range; from 7 Apr 1976 to 22 Jan 1990: interbank overnight cash rate.,4,Reserve Bank of Australia,"This rate can be considered the official policy rate as from 23 Jan 1990. Australia had a managed exchange rate regime prior to 1983, in an environment of capital controls. The RBA did not have an explicit target interest rate prior to 23 Jan 1990. The BIS publishes a representative rate for that period. Between  23 Jan 1990 and 31 Jul the middle of the cash rate target corridor is used.", Central bank policy rates - Australia - Monthly - End of period,2012-06,3.5,A,F,
M,AU,368,0,,From 2 Aug 1990 onwards: cash rate target; from 23 Jan 1990 to 1 Aug 1990: middle of the cash rate target range; from 7 Apr 1976 to 22 Jan 1990: interbank overnight cash rate.,4,Reserve Bank of Australia,"This rate can be considered the official policy rate as from 23 Jan 1990. Australia had a managed exchange rate regime prior to 1983, in an environment of capital controls. The RBA did not have an explicit target interest rate prior to 23 Jan 1990. The BIS publishes a representative rate for that period. Between  23 Jan 1990 and 31 Jul the middle of the cash rate target corridor is used.", Central bank policy rates - Australia - Monthly - End of period,2012-07,3.5,A,F,
M,AU,368,0,,From 2 Aug 1990 onwards: cash rate target; from 23 Jan 1990 to 1 Aug 1990: middle of the cash rate target range; from 7 Apr 1976 to 22 Jan 1990: interbank overnight cash rate.,4,Reserve Bank of Australia,"This rate can be considered the official policy rate as from 23 Jan 1990. Australia had a managed exchange rate regime prior to 1983, in an environment of capital controls. The RBA did not have an explicit target interest rate prior to 23 Jan 1990. The BIS publishes a representative rate for that period. Between  23 Jan 1990 and 31 Jul the middle of the cash rate target corridor is used.", Central bank policy rates - Australia - Monthly - End of period,2012-08,3.5,A,F,
M,AU,368,0,,From 2 Aug 1990 onwards: cash rate target; from 23 Jan 1990 to 1 Aug 1990: middle of the cash rate target range; from 7 Apr 1976 to 22 Jan 1990: interbank overnight cash rate.,4,Reserve Bank of Australia,"This rate can be considered the official policy rate as from 23 Jan 1990. Australia had a managed exchange rate regime prior to 1983, in an environment of capital controls. The RBA did not have an explicit target interest rate prior to 23 Jan 1990. The BIS publishes a representative rate for that period. Between  23 Jan 1990 and 31 Jul the middle of the cash rate target corridor is used.", Central bank policy rates - Australia - Monthly - End of period,2012-09,3.5,A,F,
M,AU,368,0,,From 2 Aug 1990 onwards: cash rate target; from 23 Jan 1990 to 1 Aug 1990: middle of the cash rate target range; from 7 Apr 1976 to 22 Jan 1990: interbank overnight cash rate.,4,Reserve Bank of Australia,"This rate can be considered the official policy rate as from 23 Jan 1990. Australia had a managed exchange rate regime prior to 1983, in an environment of capital controls. The RBA did not have an explicit target interest rate prior to 23 Jan 1990. The BIS publishes a representative rate for that period. Between  23 Jan 1990 and 31 Jul the middle of the cash rate target corridor is used.", Central bank policy rates - Australia - Monthly - End of period,2012-10,3.25,A,F,
M,AU,368,0,,From 2 Aug 1990 onwards: cash rate target; from 23 Jan 1990 to 1 Aug 1990: middle of the cash rate target range; from 7 Apr 1976 to 22 Jan 1990: interbank overnight cash rate.,4,Reserve Bank of Australia,"This rate can be considered the official policy rate as from 23 Jan 1990. Australia had a managed exchange rate regime prior to 1983, in an environment of capital controls. The RBA did not have an explicit target interest rate prior to 23 Jan 1990. The BIS publishes a representative rate for that period. Between  23 Jan 1990 and 31 Jul the middle of the cash rate target corridor is used.", Central bank policy rates - Australia - Monthly - End of period,2012-11,3.25,A,F,
M,AU,368,0,,From 2 Aug 1990 onwards: cash rate target; from 23 Jan 1990 to 1 Aug 1990: middle of the cash rate target range; from 7 Apr 1976 to 22 Jan 1990: interbank overnight cash rate.,4,Reserve Bank of Australia,"This rate can be considered the official policy rate as from 23 Jan 1990. Australia had a managed exchange rate regime prior to 1983, in an environment of capital controls. The RBA did not have an explicit target interest rate prior to 23 Jan 1990. The BIS publishes a representative rate for that period. Between  23 Jan 1990 and 31 Jul the middle of the cash rate target corridor is used.", Central bank policy rates - Australia - Monthly - End of period,2012-12,3,A,F,
M,AU,368,0,,From 2 Aug 1990 onwards: cash rate target; from 23 Jan 1990 to 1 Aug 1990: middle of the cash rate target range; from 7 Apr 1976 to 22 Jan 1990: interbank overnight cash rate.,4,Reserve Bank of Australia,"This rate can be considered the official policy rate as from 23 Jan 1990. Australia had a managed exchange rate regime prior to 1983, in an environment of capital controls. The RBA did not have an explicit target interest rate prior to 23 Jan 1990. The BIS publishes a representative rate for that period. Between  23 Jan 1990 and 31 Jul the middle of the cash rate target corridor is used.", Central bank policy rates - Australia - Monthly - End of period,2013-01,3,A,F,
M,AU,368,0,,From 2 Aug 1990 onwards: cash rate target; from 23 Jan 1990 to 1 Aug 1990: middle of the cash rate target range; from 7 Apr 1976 to 22 Jan 1990: interbank overnight cash rate.,4,Reserve Bank of Australia,"This rate can be considered the official policy rate as from 23 Jan 1990. Australia had a managed exchange rate regime prior to 1983, in an environment of capital controls. The RBA did not have an explicit target interest rate prior to 23 Jan 1990. The BIS publishes a representative rate for that period. Between  23 Jan 1990 and 31 Jul the middle of the cash rate target corridor is used.", Central bank policy rates - Australia - Monthly - End of period,2013-02,3,A,F,
M,AU,368,0,,From 2 Aug 1990 onwards: cash rate target; from 23 Jan 1990 to 1 Aug 1990: middle of the cash rate target range; from 7 Apr 1976 to 22 Jan 1990: interbank overnight cash rate.,4,Reserve Bank of Australia,"This rate can be considered the official policy rate as from 23 Jan 1990. Australia had a managed exchange rate regime prior to 1983, in an environment of capital controls. The RBA did not have an explicit target interest rate prior to 23 Jan 1990. The BIS publishes a representative rate for that period. Between  23 Jan 1990 and 31 Jul the middle of the cash rate target corridor is used.", Central bank policy rates - Australia - Monthly - End of period,2013-03,3,A,F,
M,AU,368,0,,From 2 Aug 1990 onwards: cash rate target; from 23 Jan 1990 to 1 Aug 1990: middle of the cash rate target range; from 7 Apr 1976 to 22 Jan 1990: interbank overnight cash rate.,4,Reserve Bank of Australia,"This rate can be considered the official policy rate as from 23 Jan 1990. Australia had a managed exchange rate regime prior to 1983, in an environment of capital controls. The RBA did not have an explicit target interest rate prior to 23 Jan 1990. The BIS publishes a representative rate for that period. Between  23 Jan 1990 and 31 Jul the middle of the cash rate target corridor is used.", Central bank policy rates - Australia - Monthly - End of period,2013-04,3,A,F,
M,AU,368,0,,From 2 Aug 1990 onwards: cash rate target; from 23 Jan 1990 to 1 Aug 1990: middle of the cash rate target range; from 7 Apr 1976 to 22 Jan 1990: interbank overnight cash rate.,4,Reserve Bank of Australia,"This rate can be considered the official policy rate as from 23 Jan 1990. Australia had a managed exchange rate regime prior to 1983, in an environment of capital controls. The RBA did not have an explicit target interest rate prior to 23 Jan 1990. The BIS publishes a representative rate for that period. Between  23 Jan 1990 and 31 Jul the middle of the cash rate target corridor is used.", Central bank policy rates - Australia - Monthly - End of period,2013-05,2.75,A,F,
M,AU,368,0,,From 2 Aug 1990 onwards: cash rate target; from 23 Jan 1990 to 1 Aug 1990: middle of the cash rate target range; from 7 Apr 1976 to 22 Jan 1990: interbank overnight cash rate.,4,Reserve Bank of Australia,"This rate can be considered the official policy rate as from 23 Jan 1990. Australia had a managed exchange rate regime prior to 1983, in an environment of capital controls. The RBA did not have an explicit target interest rate prior to 23 Jan 1990. The BIS publishes a representative rate for that period. Between  23 Jan 1990 and 31 Jul the middle of the cash rate target corridor is used.", Central bank policy rates - Australia - Monthly - End of period,2013-06,2.75,A,F,
M,AU,368,0,,From 2 Aug 1990 onwards: cash rate target; from 23 Jan 1990 to 1 Aug 1990: middle of the cash rate target range; from 7 Apr 1976 to 22 Jan 1990: interbank overnight cash rate.,4,Reserve Bank of Australia,"This rate can be considered the official policy rate as from 23 Jan 1990. Australia had a managed exchange rate regime prior to 1983, in an environment of capital controls. The RBA did not have an explicit target interest rate prior to 23 Jan 1990. The BIS publishes a representative rate for that period. Between  23 Jan 1990 and 31 Jul the middle of the cash rate target corridor is used.", Central bank policy rates - Australia - Monthly - End of period,2013-07,2.75,A,F,
M,AU,368,0,,From 2 Aug 1990 onwards: cash rate target; from 23 Jan 1990 to 1 Aug 1990: middle of the cash rate target range; from 7 Apr 1976 to 22 Jan 1990: interbank overnight cash rate.,4,Reserve Bank of Australia,"This rate can be considered the official policy rate as from 23 Jan 1990. Australia had a managed exchange rate regime prior to 1983, in an environment of capital controls. The RBA did not have an explicit target interest rate prior to 23 Jan 1990. The BIS publishes a representative rate for that period. Between  23 Jan 1990 and 31 Jul the middle of the cash rate target corridor is used.", Central bank policy rates - Australia - Monthly - End of period,2013-08,2.5,A,F,
M,AU,368,0,,From 2 Aug 1990 onwards: cash rate target; from 23 Jan 1990 to 1 Aug 1990: middle of the cash rate target range; from 7 Apr 1976 to 22 Jan 1990: interbank overnight cash rate.,4,Reserve Bank of Australia,"This rate can be considered the official policy rate as from 23 Jan 1990. Australia had a managed exchange rate regime prior to 1983, in an environment of capital controls. The RBA did not have an explicit target interest rate prior to 23 Jan 1990. The BIS publishes a representative rate for that period. Between  23 Jan 1990 and 31 Jul the middle of the cash rate target corridor is used.", Central bank policy rates - Australia - Monthly - End of period,2013-09,2.5,A,F,
M,AU,368,0,,From 2 Aug 1990 onwards: cash rate target; from 23 Jan 1990 to 1 Aug 1990: middle of the cash rate target range; from 7 Apr 1976 to 22 Jan 1990: interbank overnight cash rate.,4,Reserve Bank of Australia,"This rate can be considered the official policy rate as from 23 Jan 1990. Australia had a managed exchange rate regime prior to 1983, in an environment of capital controls. The RBA did not have an explicit target interest rate prior to 23 Jan 1990. The BIS publishes a representative rate for that period. Between  23 Jan 1990 and 31 Jul the middle of the cash rate target corridor is used.", Central bank policy rates - Australia - Monthly - End of period,2013-10,2.5,A,F,
M,AU,368,0,,From 2 Aug 1990 onwards: cash rate target; from 23 Jan 1990 to 1 Aug 1990: middle of the cash rate target range; from 7 Apr 1976 to 22 Jan 1990: interbank overnight cash rate.,4,Reserve Bank of Australia,"This rate can be considered the official policy rate as from 23 Jan 1990. Australia had a managed exchange rate regime prior to 1983, in an environment of capital controls. The RBA did not have an explicit target interest rate prior to 23 Jan 1990. The BIS publishes a representative rate for that period. Between  23 Jan 1990 and 31 Jul the middle of the cash rate target corridor is used.", Central bank policy rates - Australia - Monthly - End of period,2013-11,2.5,A,F,
M,AU,368,0,,From 2 Aug 1990 onwards: cash rate target; from 23 Jan 1990 to 1 Aug 1990: middle of the cash rate target range; from 7 Apr 1976 to 22 Jan 1990: interbank overnight cash rate.,4,Reserve Bank of Australia,"This rate can be considered the official policy rate as from 23 Jan 1990. Australia had a managed exchange rate regime prior to 1983, in an environment of capital controls. The RBA did not have an explicit target interest rate prior to 23 Jan 1990. The BIS publishes a representative rate for that period. Between  23 Jan 1990 and 31 Jul the middle of the cash rate target corridor is used.", Central bank policy rates - Australia - Monthly - End of period,2013-12,2.5,A,F,
M,AU,368,0,,From 2 Aug 1990 onwards: cash rate target; from 23 Jan 1990 to 1 Aug 1990: middle of the cash rate target range; from 7 Apr 1976 to 22 Jan 1990: interbank overnight cash rate.,4,Reserve Bank of Australia,"This rate can be considered the official policy rate as from 23 Jan 1990. Australia had a managed exchange rate regime prior to 1983, in an environment of capital controls. The RBA did not have an explicit target interest rate prior to 23 Jan 1990. The BIS publishes a representative rate for that period. Between  23 Jan 1990 and 31 Jul the middle of the cash rate target corridor is used.", Central bank policy rates - Australia - Monthly - End of period,2014-01,2.5,A,F,
M,AU,368,0,,From 2 Aug 1990 onwards: cash rate target; from 23 Jan 1990 to 1 Aug 1990: middle of the cash rate target range; from 7 Apr 1976 to 22 Jan 1990: interbank overnight cash rate.,4,Reserve Bank of Australia,"This rate can be considered the official policy rate as from 23 Jan 1990. Australia had a managed exchange rate regime prior to 1983, in an environment of capital controls. The RBA did not have an explicit target interest rate prior to 23 Jan 1990. The BIS publishes a representative rate for that period. Between  23 Jan 1990 and 31 Jul the middle of the cash rate target corridor is used.", Central bank policy rates - Australia - Monthly - End of period,2014-02,2.5,A,F,
M,AU,368,0,,From 2 Aug 1990 onwards: cash rate target; from 23 Jan 1990 to 1 Aug 1990: middle of the cash rate target range; from 7 Apr 1976 to 22 Jan 1990: interbank overnight cash rate.,4,Reserve Bank of Australia,"This rate can be considered the official policy rate as from 23 Jan 1990. Australia had a managed exchange rate regime prior to 1983, in an environment of capital controls. The RBA did not have an explicit target interest rate prior to 23 Jan 1990. The BIS publishes a representative rate for that period. Between  23 Jan 1990 and 31 Jul the middle of the cash rate target corridor is used.", Central bank policy rates - Australia - Monthly - End of period,2014-03,2.5,A,F,
M,AU,368,0,,From 2 Aug 1990 onwards: cash rate target; from 23 Jan 1990 to 1 Aug 1990: middle of the cash rate target range; from 7 Apr 1976 to 22 Jan 1990: interbank overnight cash rate.,4,Reserve Bank of Australia,"This rate can be considered the official policy rate as from 23 Jan 1990. Australia had a managed exchange rate regime prior to 1983, in an environment of capital controls. The RBA did not have an explicit target interest rate prior to 23 Jan 1990. The BIS publishes a representative rate for that period. Between  23 Jan 1990 and 31 Jul the middle of the cash rate target corridor is used.", Central bank policy rates - Australia - Monthly - End of period,2014-04,2.5,A,F,
M,AU,368,0,,From 2 Aug 1990 onwards: cash rate target; from 23 Jan 1990 to 1 Aug 1990: middle of the cash rate target range; from 7 Apr 1976 to 22 Jan 1990: interbank overnight cash rate.,4,Reserve Bank of Australia,"This rate can be considered the official policy rate as from 23 Jan 1990. Australia had a managed exchange rate regime prior to 1983, in an environment of capital controls. The RBA did not have an explicit target interest rate prior to 23 Jan 1990. The BIS publishes a representative rate for that period. Between  23 Jan 1990 and 31 Jul the middle of the cash rate target corridor is used.", Central bank policy rates - Australia - Monthly - End of period,2014-05,2.5,A,F,
M,AU,368,0,,From 2 Aug 1990 onwards: cash rate target; from 23 Jan 1990 to 1 Aug 1990: middle of the cash rate target range; from 7 Apr 1976 to 22 Jan 1990: interbank overnight cash rate.,4,Reserve Bank of Australia,"This rate can be considered the official policy rate as from 23 Jan 1990. Australia had a managed exchange rate regime prior to 1983, in an environment of capital controls. The RBA did not have an explicit target interest rate prior to 23 Jan 1990. The BIS publishes a representative rate for that period. Between  23 Jan 1990 and 31 Jul the middle of the cash rate target corridor is used.", Central bank policy rates - Australia - Monthly - End of period,2014-06,2.5,A,F,
M,AU,368,0,,From 2 Aug 1990 onwards: cash rate target; from 23 Jan 1990 to 1 Aug 1990: middle of the cash rate target range; from 7 Apr 1976 to 22 Jan 1990: interbank overnight cash rate.,4,Reserve Bank of Australia,"This rate can be considered the official policy rate as from 23 Jan 1990. Australia had a managed exchange rate regime prior to 1983, in an environment of capital controls. The RBA did not have an explicit target interest rate prior to 23 Jan 1990. The BIS publishes a representative rate for that period. Between  23 Jan 1990 and 31 Jul the middle of the cash rate target corridor is used.", Central bank policy rates - Australia - Monthly - End of period,2014-07,2.5,A,F,
M,AU,368,0,,From 2 Aug 1990 onwards: cash rate target; from 23 Jan 1990 to 1 Aug 1990: middle of the cash rate target range; from 7 Apr 1976 to 22 Jan 1990: interbank overnight cash rate.,4,Reserve Bank of Australia,"This rate can be considered the official policy rate as from 23 Jan 1990. Australia had a managed exchange rate regime prior to 1983, in an environment of capital controls. The RBA did not have an explicit target interest rate prior to 23 Jan 1990. The BIS publishes a representative rate for that period. Between  23 Jan 1990 and 31 Jul the middle of the cash rate target corridor is used.", Central bank policy rates - Australia - Monthly - End of period,2014-08,2.5,A,F,
M,AU,368,0,,From 2 Aug 1990 onwards: cash rate target; from 23 Jan 1990 to 1 Aug 1990: middle of the cash rate target range; from 7 Apr 1976 to 22 Jan 1990: interbank overnight cash rate.,4,Reserve Bank of Australia,"This rate can be considered the official policy rate as from 23 Jan 1990. Australia had a managed exchange rate regime prior to 1983, in an environment of capital controls. The RBA did not have an explicit target interest rate prior to 23 Jan 1990. The BIS publishes a representative rate for that period. Between  23 Jan 1990 and 31 Jul the middle of the cash rate target corridor is used.", Central bank policy rates - Australia - Monthly - End of period,2014-09,2.5,A,F,
M,AU,368,0,,From 2 Aug 1990 onwards: cash rate target; from 23 Jan 1990 to 1 Aug 1990: middle of the cash rate target range; from 7 Apr 1976 to 22 Jan 1990: interbank overnight cash rate.,4,Reserve Bank of Australia,"This rate can be considered the official policy rate as from 23 Jan 1990. Australia had a managed exchange rate regime prior to 1983, in an environment of capital controls. The RBA did not have an explicit target interest rate prior to 23 Jan 1990. The BIS publishes a representative rate for that period. Between  23 Jan 1990 and 31 Jul the middle of the cash rate target corridor is used.", Central bank policy rates - Australia - Monthly - End of period,2014-10,2.5,A,F,
M,AU,368,0,,From 2 Aug 1990 onwards: cash rate target; from 23 Jan 1990 to 1 Aug 1990: middle of the cash rate target range; from 7 Apr 1976 to 22 Jan 1990: interbank overnight cash rate.,4,Reserve Bank of Australia,"This rate can be considered the official policy rate as from 23 Jan 1990. Australia had a managed exchange rate regime prior to 1983, in an environment of capital controls. The RBA did not have an explicit target interest rate prior to 23 Jan 1990. The BIS publishes a representative rate for that period. Between  23 Jan 1990 and 31 Jul the middle of the cash rate target corridor is used.", Central bank policy rates - Australia - Monthly - End of period,2014-11,2.5,A,F,
M,AU,368,0,,From 2 Aug 1990 onwards: cash rate target; from 23 Jan 1990 to 1 Aug 1990: middle of the cash rate target range; from 7 Apr 1976 to 22 Jan 1990: interbank overnight cash rate.,4,Reserve Bank of Australia,"This rate can be considered the official policy rate as from 23 Jan 1990. Australia had a managed exchange rate regime prior to 1983, in an environment of capital controls. The RBA did not have an explicit target interest rate prior to 23 Jan 1990. The BIS publishes a representative rate for that period. Between  23 Jan 1990 and 31 Jul the middle of the cash rate target corridor is used.", Central bank policy rates - Australia - Monthly - End of period,2014-12,2.5,A,F,
M,AU,368,0,,From 2 Aug 1990 onwards: cash rate target; from 23 Jan 1990 to 1 Aug 1990: middle of the cash rate target range; from 7 Apr 1976 to 22 Jan 1990: interbank overnight cash rate.,4,Reserve Bank of Australia,"This rate can be considered the official policy rate as from 23 Jan 1990. Australia had a managed exchange rate regime prior to 1983, in an environment of capital controls. The RBA did not have an explicit target interest rate prior to 23 Jan 1990. The BIS publishes a representative rate for that period. Between  23 Jan 1990 and 31 Jul the middle of the cash rate target corridor is used.", Central bank policy rates - Australia - Monthly - End of period,2015-01,2.5,A,F,
M,AU,368,0,,From 2 Aug 1990 onwards: cash rate target; from 23 Jan 1990 to 1 Aug 1990: middle of the cash rate target range; from 7 Apr 1976 to 22 Jan 1990: interbank overnight cash rate.,4,Reserve Bank of Australia,"This rate can be considered the official policy rate as from 23 Jan 1990. Australia had a managed exchange rate regime prior to 1983, in an environment of capital controls. The RBA did not have an explicit target interest rate prior to 23 Jan 1990. The BIS publishes a representative rate for that period. Between  23 Jan 1990 and 31 Jul the middle of the cash rate target corridor is used.", Central bank policy rates - Australia - Monthly - End of period,2015-02,2.25,A,F,
M,AU,368,0,,From 2 Aug 1990 onwards: cash rate target; from 23 Jan 1990 to 1 Aug 1990: middle of the cash rate target range; from 7 Apr 1976 to 22 Jan 1990: interbank overnight cash rate.,4,Reserve Bank of Australia,"This rate can be considered the official policy rate as from 23 Jan 1990. Australia had a managed exchange rate regime prior to 1983, in an environment of capital controls. The RBA did not have an explicit target interest rate prior to 23 Jan 1990. The BIS publishes a representative rate for that period. Between  23 Jan 1990 and 31 Jul the middle of the cash rate target corridor is used.", Central bank policy rates - Australia - Monthly - End of period,2015-03,2.25,A,F,
M,AU,368,0,,From 2 Aug 1990 onwards: cash rate target; from 23 Jan 1990 to 1 Aug 1990: middle of the cash rate target range; from 7 Apr 1976 to 22 Jan 1990: interbank overnight cash rate.,4,Reserve Bank of Australia,"This rate can be considered the official policy rate as from 23 Jan 1990. Australia had a managed exchange rate regime prior to 1983, in an environment of capital controls. The RBA did not have an explicit target interest rate prior to 23 Jan 1990. The BIS publishes a representative rate for that period. Between  23 Jan 1990 and 31 Jul the middle of the cash rate target corridor is used.", Central bank policy rates - Australia - Monthly - End of period,2015-04,2.25,A,F,
M,AU,368,0,,From 2 Aug 1990 onwards: cash rate target; from 23 Jan 1990 to 1 Aug 1990: middle of the cash rate target range; from 7 Apr 1976 to 22 Jan 1990: interbank overnight cash rate.,4,Reserve Bank of Australia,"This rate can be considered the official policy rate as from 23 Jan 1990. Australia had a managed exchange rate regime prior to 1983, in an environment of capital controls. The RBA did not have an explicit target interest rate prior to 23 Jan 1990. The BIS publishes a representative rate for that period. Between  23 Jan 1990 and 31 Jul the middle of the cash rate target corridor is used.", Central bank policy rates - Australia - Monthly - End of period,2015-05,2,A,F,
M,AU,368,0,,From 2 Aug 1990 onwards: cash rate target; from 23 Jan 1990 to 1 Aug 1990: middle of the cash rate target range; from 7 Apr 1976 to 22 Jan 1990: interbank overnight cash rate.,4,Reserve Bank of Australia,"This rate can be considered the official policy rate as from 23 Jan 1990. Australia had a managed exchange rate regime prior to 1983, in an environment of capital controls. The RBA did not have an explicit target interest rate prior to 23 Jan 1990. The BIS publishes a representative rate for that period. Between  23 Jan 1990 and 31 Jul the middle of the cash rate target corridor is used.", Central bank policy rates - Australia - Monthly - End of period,2015-06,2,A,F,
M,AU,368,0,,From 2 Aug 1990 onwards: cash rate target; from 23 Jan 1990 to 1 Aug 1990: middle of the cash rate target range; from 7 Apr 1976 to 22 Jan 1990: interbank overnight cash rate.,4,Reserve Bank of Australia,"This rate can be considered the official policy rate as from 23 Jan 1990. Australia had a managed exchange rate regime prior to 1983, in an environment of capital controls. The RBA did not have an explicit target interest rate prior to 23 Jan 1990. The BIS publishes a representative rate for that period. Between  23 Jan 1990 and 31 Jul the middle of the cash rate target corridor is used.", Central bank policy rates - Australia - Monthly - End of period,2015-07,2,A,F,
M,AU,368,0,,From 2 Aug 1990 onwards: cash rate target; from 23 Jan 1990 to 1 Aug 1990: middle of the cash rate target range; from 7 Apr 1976 to 22 Jan 1990: interbank overnight cash rate.,4,Reserve Bank of Australia,"This rate can be considered the official policy rate as from 23 Jan 1990. Australia had a managed exchange rate regime prior to 1983, in an environment of capital controls. The RBA did not have an explicit target interest rate prior to 23 Jan 1990. The BIS publishes a representative rate for that period. Between  23 Jan 1990 and 31 Jul the middle of the cash rate target corridor is used.", Central bank policy rates - Australia - Monthly - End of period,2015-08,2,A,F,
M,AU,368,0,,From 2 Aug 1990 onwards: cash rate target; from 23 Jan 1990 to 1 Aug 1990: middle of the cash rate target range; from 7 Apr 1976 to 22 Jan 1990: interbank overnight cash rate.,4,Reserve Bank of Australia,"This rate can be considered the official policy rate as from 23 Jan 1990. Australia had a managed exchange rate regime prior to 1983, in an environment of capital controls. The RBA did not have an explicit target interest rate prior to 23 Jan 1990. The BIS publishes a representative rate for that period. Between  23 Jan 1990 and 31 Jul the middle of the cash rate target corridor is used.", Central bank policy rates - Australia - Monthly - End of period,2015-09,2,A,F,
M,AU,368,0,,From 2 Aug 1990 onwards: cash rate target; from 23 Jan 1990 to 1 Aug 1990: middle of the cash rate target range; from 7 Apr 1976 to 22 Jan 1990: interbank overnight cash rate.,4,Reserve Bank of Australia,"This rate can be considered the official policy rate as from 23 Jan 1990. Australia had a managed exchange rate regime prior to 1983, in an environment of capital controls. The RBA did not have an explicit target interest rate prior to 23 Jan 1990. The BIS publishes a representative rate for that period. Between  23 Jan 1990 and 31 Jul the middle of the cash rate target corridor is used.", Central bank policy rates - Australia - Monthly - End of period,2015-10,2,A,F,
M,AU,368,0,,From 2 Aug 1990 onwards: cash rate target; from 23 Jan 1990 to 1 Aug 1990: middle of the cash rate target range; from 7 Apr 1976 to 22 Jan 1990: interbank overnight cash rate.,4,Reserve Bank of Australia,"This rate can be considered the official policy rate as from 23 Jan 1990. Australia had a managed exchange rate regime prior to 1983, in an environment of capital controls. The RBA did not have an explicit target interest rate prior to 23 Jan 1990. The BIS publishes a representative rate for that period. Between  23 Jan 1990 and 31 Jul the middle of the cash rate target corridor is used.", Central bank policy rates - Australia - Monthly - End of period,2015-11,2,A,F,
M,AU,368,0,,From 2 Aug 1990 onwards: cash rate target; from 23 Jan 1990 to 1 Aug 1990: middle of the cash rate target range; from 7 Apr 1976 to 22 Jan 1990: interbank overnight cash rate.,4,Reserve Bank of Australia,"This rate can be considered the official policy rate as from 23 Jan 1990. Australia had a managed exchange rate regime prior to 1983, in an environment of capital controls. The RBA did not have an explicit target interest rate prior to 23 Jan 1990. The BIS publishes a representative rate for that period. Between  23 Jan 1990 and 31 Jul the middle of the cash rate target corridor is used.", Central bank policy rates - Australia - Monthly - End of period,2015-12,2,A,F,
M,AU,368,0,,From 2 Aug 1990 onwards: cash rate target; from 23 Jan 1990 to 1 Aug 1990: middle of the cash rate target range; from 7 Apr 1976 to 22 Jan 1990: interbank overnight cash rate.,4,Reserve Bank of Australia,"This rate can be considered the official policy rate as from 23 Jan 1990. Australia had a managed exchange rate regime prior to 1983, in an environment of capital controls. The RBA did not have an explicit target interest rate prior to 23 Jan 1990. The BIS publishes a representative rate for that period. Between  23 Jan 1990 and 31 Jul the middle of the cash rate target corridor is used.", Central bank policy rates - Australia - Monthly - End of period,2016-01,2,A,F,
M,AU,368,0,,From 2 Aug 1990 onwards: cash rate target; from 23 Jan 1990 to 1 Aug 1990: middle of the cash rate target range; from 7 Apr 1976 to 22 Jan 1990: interbank overnight cash rate.,4,Reserve Bank of Australia,"This rate can be considered the official policy rate as from 23 Jan 1990. Australia had a managed exchange rate regime prior to 1983, in an environment of capital controls. The RBA did not have an explicit target interest rate prior to 23 Jan 1990. The BIS publishes a representative rate for that period. Between  23 Jan 1990 and 31 Jul the middle of the cash rate target corridor is used.", Central bank policy rates - Australia - Monthly - End of period,2016-02,2,A,F,
M,AU,368,0,,From 2 Aug 1990 onwards: cash rate target; from 23 Jan 1990 to 1 Aug 1990: middle of the cash rate target range; from 7 Apr 1976 to 22 Jan 1990: interbank overnight cash rate.,4,Reserve Bank of Australia,"This rate can be considered the official policy rate as from 23 Jan 1990. Australia had a managed exchange rate regime prior to 1983, in an environment of capital controls. The RBA did not have an explicit target interest rate prior to 23 Jan 1990. The BIS publishes a representative rate for that period. Between  23 Jan 1990 and 31 Jul the middle of the cash rate target corridor is used.", Central bank policy rates - Australia - Monthly - End of period,2016-03,2,A,F,
M,AU,368,0,,From 2 Aug 1990 onwards: cash rate target; from 23 Jan 1990 to 1 Aug 1990: middle of the cash rate target range; from 7 Apr 1976 to 22 Jan 1990: interbank overnight cash rate.,4,Reserve Bank of Australia,"This rate can be considered the official policy rate as from 23 Jan 1990. Australia had a managed exchange rate regime prior to 1983, in an environment of capital controls. The RBA did not have an explicit target interest rate prior to 23 Jan 1990. The BIS publishes a representative rate for that period. Between  23 Jan 1990 and 31 Jul the middle of the cash rate target corridor is used.", Central bank policy rates - Australia - Monthly - End of period,2016-04,2,A,F,
M,AU,368,0,,From 2 Aug 1990 onwards: cash rate target; from 23 Jan 1990 to 1 Aug 1990: middle of the cash rate target range; from 7 Apr 1976 to 22 Jan 1990: interbank overnight cash rate.,4,Reserve Bank of Australia,"This rate can be considered the official policy rate as from 23 Jan 1990. Australia had a managed exchange rate regime prior to 1983, in an environment of capital controls. The RBA did not have an explicit target interest rate prior to 23 Jan 1990. The BIS publishes a representative rate for that period. Between  23 Jan 1990 and 31 Jul the middle of the cash rate target corridor is used.", Central bank policy rates - Australia - Monthly - End of period,2016-05,1.75,A,F,
M,AU,368,0,,From 2 Aug 1990 onwards: cash rate target; from 23 Jan 1990 to 1 Aug 1990: middle of the cash rate target range; from 7 Apr 1976 to 22 Jan 1990: interbank overnight cash rate.,4,Reserve Bank of Australia,"This rate can be considered the official policy rate as from 23 Jan 1990. Australia had a managed exchange rate regime prior to 1983, in an environment of capital controls. The RBA did not have an explicit target interest rate prior to 23 Jan 1990. The BIS publishes a representative rate for that period. Between  23 Jan 1990 and 31 Jul the middle of the cash rate target corridor is used.", Central bank policy rates - Australia - Monthly - End of period,2016-06,1.75,A,F,
M,AU,368,0,,From 2 Aug 1990 onwards: cash rate target; from 23 Jan 1990 to 1 Aug 1990: middle of the cash rate target range; from 7 Apr 1976 to 22 Jan 1990: interbank overnight cash rate.,4,Reserve Bank of Australia,"This rate can be considered the official policy rate as from 23 Jan 1990. Australia had a managed exchange rate regime prior to 1983, in an environment of capital controls. The RBA did not have an explicit target interest rate prior to 23 Jan 1990. The BIS publishes a representative rate for that period. Between  23 Jan 1990 and 31 Jul the middle of the cash rate target corridor is used.", Central bank policy rates - Australia - Monthly - End of period,2016-07,1.75,A,F,
M,AU,368,0,,From 2 Aug 1990 onwards: cash rate target; from 23 Jan 1990 to 1 Aug 1990: middle of the cash rate target range; from 7 Apr 1976 to 22 Jan 1990: interbank overnight cash rate.,4,Reserve Bank of Australia,"This rate can be considered the official policy rate as from 23 Jan 1990. Australia had a managed exchange rate regime prior to 1983, in an environment of capital controls. The RBA did not have an explicit target interest rate prior to 23 Jan 1990. The BIS publishes a representative rate for that period. Between  23 Jan 1990 and 31 Jul the middle of the cash rate target corridor is used.", Central bank policy rates - Australia - Monthly - End of period,2016-08,1.5,A,F,
M,AU,368,0,,From 2 Aug 1990 onwards: cash rate target; from 23 Jan 1990 to 1 Aug 1990: middle of the cash rate target range; from 7 Apr 1976 to 22 Jan 1990: interbank overnight cash rate.,4,Reserve Bank of Australia,"This rate can be considered the official policy rate as from 23 Jan 1990. Australia had a managed exchange rate regime prior to 1983, in an environment of capital controls. The RBA did not have an explicit target interest rate prior to 23 Jan 1990. The BIS publishes a representative rate for that period. Between  23 Jan 1990 and 31 Jul the middle of the cash rate target corridor is used.", Central bank policy rates - Australia - Monthly - End of period,2016-09,1.5,A,F,
M,AU,368,0,,From 2 Aug 1990 onwards: cash rate target; from 23 Jan 1990 to 1 Aug 1990: middle of the cash rate target range; from 7 Apr 1976 to 22 Jan 1990: interbank overnight cash rate.,4,Reserve Bank of Australia,"This rate can be considered the official policy rate as from 23 Jan 1990. Australia had a managed exchange rate regime prior to 1983, in an environment of capital controls. The RBA did not have an explicit target interest rate prior to 23 Jan 1990. The BIS publishes a representative rate for that period. Between  23 Jan 1990 and 31 Jul the middle of the cash rate target corridor is used.", Central bank policy rates - Australia - Monthly - End of period,2016-10,1.5,A,F,
M,AU,368,0,,From 2 Aug 1990 onwards: cash rate target; from 23 Jan 1990 to 1 Aug 1990: middle of the cash rate target range; from 7 Apr 1976 to 22 Jan 1990: interbank overnight cash rate.,4,Reserve Bank of Australia,"This rate can be considered the official policy rate as from 23 Jan 1990. Australia had a managed exchange rate regime prior to 1983, in an environment of capital controls. The RBA did not have an explicit target interest rate prior to 23 Jan 1990. The BIS publishes a representative rate for that period. Between  23 Jan 1990 and 31 Jul the middle of the cash rate target corridor is used.", Central bank policy rates - Australia - Monthly - End of period,2016-11,1.5,A,F,
M,AU,368,0,,From 2 Aug 1990 onwards: cash rate target; from 23 Jan 1990 to 1 Aug 1990: middle of the cash rate target range; from 7 Apr 1976 to 22 Jan 1990: interbank overnight cash rate.,4,Reserve Bank of Australia,"This rate can be considered the official policy rate as from 23 Jan 1990. Australia had a managed exchange rate regime prior to 1983, in an environment of capital controls. The RBA did not have an explicit target interest rate prior to 23 Jan 1990. The BIS publishes a representative rate for that period. Between  23 Jan 1990 and 31 Jul the middle of the cash rate target corridor is used.", Central bank policy rates - Australia - Monthly - End of period,2016-12,1.5,A,F,
M,AU,368,0,,From 2 Aug 1990 onwards: cash rate target; from 23 Jan 1990 to 1 Aug 1990: middle of the cash rate target range; from 7 Apr 1976 to 22 Jan 1990: interbank overnight cash rate.,4,Reserve Bank of Australia,"This rate can be considered the official policy rate as from 23 Jan 1990. Australia had a managed exchange rate regime prior to 1983, in an environment of capital controls. The RBA did not have an explicit target interest rate prior to 23 Jan 1990. The BIS publishes a representative rate for that period. Between  23 Jan 1990 and 31 Jul the middle of the cash rate target corridor is used.", Central bank policy rates - Australia - Monthly - End of period,2017-01,1.5,A,F,
M,AU,368,0,,From 2 Aug 1990 onwards: cash rate target; from 23 Jan 1990 to 1 Aug 1990: middle of the cash rate target range; from 7 Apr 1976 to 22 Jan 1990: interbank overnight cash rate.,4,Reserve Bank of Australia,"This rate can be considered the official policy rate as from 23 Jan 1990. Australia had a managed exchange rate regime prior to 1983, in an environment of capital controls. The RBA did not have an explicit target interest rate prior to 23 Jan 1990. The BIS publishes a representative rate for that period. Between  23 Jan 1990 and 31 Jul the middle of the cash rate target corridor is used.", Central bank policy rates - Australia - Monthly - End of period,2017-02,1.5,A,F,
M,AU,368,0,,From 2 Aug 1990 onwards: cash rate target; from 23 Jan 1990 to 1 Aug 1990: middle of the cash rate target range; from 7 Apr 1976 to 22 Jan 1990: interbank overnight cash rate.,4,Reserve Bank of Australia,"This rate can be considered the official policy rate as from 23 Jan 1990. Australia had a managed exchange rate regime prior to 1983, in an environment of capital controls. The RBA did not have an explicit target interest rate prior to 23 Jan 1990. The BIS publishes a representative rate for that period. Between  23 Jan 1990 and 31 Jul the middle of the cash rate target corridor is used.", Central bank policy rates - Australia - Monthly - End of period,2017-03,1.5,A,F,
M,AU,368,0,,From 2 Aug 1990 onwards: cash rate target; from 23 Jan 1990 to 1 Aug 1990: middle of the cash rate target range; from 7 Apr 1976 to 22 Jan 1990: interbank overnight cash rate.,4,Reserve Bank of Australia,"This rate can be considered the official policy rate as from 23 Jan 1990. Australia had a managed exchange rate regime prior to 1983, in an environment of capital controls. The RBA did not have an explicit target interest rate prior to 23 Jan 1990. The BIS publishes a representative rate for that period. Between  23 Jan 1990 and 31 Jul the middle of the cash rate target corridor is used.", Central bank policy rates - Australia - Monthly - End of period,2017-04,1.5,A,F,
M,AU,368,0,,From 2 Aug 1990 onwards: cash rate target; from 23 Jan 1990 to 1 Aug 1990: middle of the cash rate target range; from 7 Apr 1976 to 22 Jan 1990: interbank overnight cash rate.,4,Reserve Bank of Australia,"This rate can be considered the official policy rate as from 23 Jan 1990. Australia had a managed exchange rate regime prior to 1983, in an environment of capital controls. The RBA did not have an explicit target interest rate prior to 23 Jan 1990. The BIS publishes a representative rate for that period. Between  23 Jan 1990 and 31 Jul the middle of the cash rate target corridor is used.", Central bank policy rates - Australia - Monthly - End of period,2017-05,1.5,A,F,
M,AU,368,0,,From 2 Aug 1990 onwards: cash rate target; from 23 Jan 1990 to 1 Aug 1990: middle of the cash rate target range; from 7 Apr 1976 to 22 Jan 1990: interbank overnight cash rate.,4,Reserve Bank of Australia,"This rate can be considered the official policy rate as from 23 Jan 1990. Australia had a managed exchange rate regime prior to 1983, in an environment of capital controls. The RBA did not have an explicit target interest rate prior to 23 Jan 1990. The BIS publishes a representative rate for that period. Between  23 Jan 1990 and 31 Jul the middle of the cash rate target corridor is used.", Central bank policy rates - Australia - Monthly - End of period,2017-06,1.5,A,F,
M,AU,368,0,,From 2 Aug 1990 onwards: cash rate target; from 23 Jan 1990 to 1 Aug 1990: middle of the cash rate target range; from 7 Apr 1976 to 22 Jan 1990: interbank overnight cash rate.,4,Reserve Bank of Australia,"This rate can be considered the official policy rate as from 23 Jan 1990. Australia had a managed exchange rate regime prior to 1983, in an environment of capital controls. The RBA did not have an explicit target interest rate prior to 23 Jan 1990. The BIS publishes a representative rate for that period. Between  23 Jan 1990 and 31 Jul the middle of the cash rate target corridor is used.", Central bank policy rates - Australia - Monthly - End of period,2017-07,1.5,A,F,
M,AU,368,0,,From 2 Aug 1990 onwards: cash rate target; from 23 Jan 1990 to 1 Aug 1990: middle of the cash rate target range; from 7 Apr 1976 to 22 Jan 1990: interbank overnight cash rate.,4,Reserve Bank of Australia,"This rate can be considered the official policy rate as from 23 Jan 1990. Australia had a managed exchange rate regime prior to 1983, in an environment of capital controls. The RBA did not have an explicit target interest rate prior to 23 Jan 1990. The BIS publishes a representative rate for that period. Between  23 Jan 1990 and 31 Jul the middle of the cash rate target corridor is used.", Central bank policy rates - Australia - Monthly - End of period,2017-08,1.5,A,F,
M,AU,368,0,,From 2 Aug 1990 onwards: cash rate target; from 23 Jan 1990 to 1 Aug 1990: middle of the cash rate target range; from 7 Apr 1976 to 22 Jan 1990: interbank overnight cash rate.,4,Reserve Bank of Australia,"This rate can be considered the official policy rate as from 23 Jan 1990. Australia had a managed exchange rate regime prior to 1983, in an environment of capital controls. The RBA did not have an explicit target interest rate prior to 23 Jan 1990. The BIS publishes a representative rate for that period. Between  23 Jan 1990 and 31 Jul the middle of the cash rate target corridor is used.", Central bank policy rates - Australia - Monthly - End of period,2017-09,1.5,A,F,
M,AU,368,0,,From 2 Aug 1990 onwards: cash rate target; from 23 Jan 1990 to 1 Aug 1990: middle of the cash rate target range; from 7 Apr 1976 to 22 Jan 1990: interbank overnight cash rate.,4,Reserve Bank of Australia,"This rate can be considered the official policy rate as from 23 Jan 1990. Australia had a managed exchange rate regime prior to 1983, in an environment of capital controls. The RBA did not have an explicit target interest rate prior to 23 Jan 1990. The BIS publishes a representative rate for that period. Between  23 Jan 1990 and 31 Jul the middle of the cash rate target corridor is used.", Central bank policy rates - Australia - Monthly - End of period,2017-10,1.5,A,F,
M,AU,368,0,,From 2 Aug 1990 onwards: cash rate target; from 23 Jan 1990 to 1 Aug 1990: middle of the cash rate target range; from 7 Apr 1976 to 22 Jan 1990: interbank overnight cash rate.,4,Reserve Bank of Australia,"This rate can be considered the official policy rate as from 23 Jan 1990. Australia had a managed exchange rate regime prior to 1983, in an environment of capital controls. The RBA did not have an explicit target interest rate prior to 23 Jan 1990. The BIS publishes a representative rate for that period. Between  23 Jan 1990 and 31 Jul the middle of the cash rate target corridor is used.", Central bank policy rates - Australia - Monthly - End of period,2017-11,1.5,A,F,
M,AU,368,0,,From 2 Aug 1990 onwards: cash rate target; from 23 Jan 1990 to 1 Aug 1990: middle of the cash rate target range; from 7 Apr 1976 to 22 Jan 1990: interbank overnight cash rate.,4,Reserve Bank of Australia,"This rate can be considered the official policy rate as from 23 Jan 1990. Australia had a managed exchange rate regime prior to 1983, in an environment of capital controls. The RBA did not have an explicit target interest rate prior to 23 Jan 1990. The BIS publishes a representative rate for that period. Between  23 Jan 1990 and 31 Jul the middle of the cash rate target corridor is used.", Central bank policy rates - Australia - Monthly - End of period,2017-12,1.5,A,F,
M,AU,368,0,,From 2 Aug 1990 onwards: cash rate target; from 23 Jan 1990 to 1 Aug 1990: middle of the cash rate target range; from 7 Apr 1976 to 22 Jan 1990: interbank overnight cash rate.,4,Reserve Bank of Australia,"This rate can be considered the official policy rate as from 23 Jan 1990. Australia had a managed exchange rate regime prior to 1983, in an environment of capital controls. The RBA did not have an explicit target interest rate prior to 23 Jan 1990. The BIS publishes a representative rate for that period. Between  23 Jan 1990 and 31 Jul the middle of the cash rate target corridor is used.", Central bank policy rates - Australia - Monthly - End of period,2018-01,1.5,A,F,
M,AU,368,0,,From 2 Aug 1990 onwards: cash rate target; from 23 Jan 1990 to 1 Aug 1990: middle of the cash rate target range; from 7 Apr 1976 to 22 Jan 1990: interbank overnight cash rate.,4,Reserve Bank of Australia,"This rate can be considered the official policy rate as from 23 Jan 1990. Australia had a managed exchange rate regime prior to 1983, in an environment of capital controls. The RBA did not have an explicit target interest rate prior to 23 Jan 1990. The BIS publishes a representative rate for that period. Between  23 Jan 1990 and 31 Jul the middle of the cash rate target corridor is used.", Central bank policy rates - Australia - Monthly - End of period,2018-02,1.5,A,F,
M,AU,368,0,,From 2 Aug 1990 onwards: cash rate target; from 23 Jan 1990 to 1 Aug 1990: middle of the cash rate target range; from 7 Apr 1976 to 22 Jan 1990: interbank overnight cash rate.,4,Reserve Bank of Australia,"This rate can be considered the official policy rate as from 23 Jan 1990. Australia had a managed exchange rate regime prior to 1983, in an environment of capital controls. The RBA did not have an explicit target interest rate prior to 23 Jan 1990. The BIS publishes a representative rate for that period. Between  23 Jan 1990 and 31 Jul the middle of the cash rate target corridor is used.", Central bank policy rates - Australia - Monthly - End of period,2018-03,1.5,A,F,
M,AU,368,0,,From 2 Aug 1990 onwards: cash rate target; from 23 Jan 1990 to 1 Aug 1990: middle of the cash rate target range; from 7 Apr 1976 to 22 Jan 1990: interbank overnight cash rate.,4,Reserve Bank of Australia,"This rate can be considered the official policy rate as from 23 Jan 1990. Australia had a managed exchange rate regime prior to 1983, in an environment of capital controls. The RBA did not have an explicit target interest rate prior to 23 Jan 1990. The BIS publishes a representative rate for that period. Between  23 Jan 1990 and 31 Jul the middle of the cash rate target corridor is used.", Central bank policy rates - Australia - Monthly - End of period,2018-04,1.5,A,F,
M,AU,368,0,,From 2 Aug 1990 onwards: cash rate target; from 23 Jan 1990 to 1 Aug 1990: middle of the cash rate target range; from 7 Apr 1976 to 22 Jan 1990: interbank overnight cash rate.,4,Reserve Bank of Australia,"This rate can be considered the official policy rate as from 23 Jan 1990. Australia had a managed exchange rate regime prior to 1983, in an environment of capital controls. The RBA did not have an explicit target interest rate prior to 23 Jan 1990. The BIS publishes a representative rate for that period. Between  23 Jan 1990 and 31 Jul the middle of the cash rate target corridor is used.", Central bank policy rates - Australia - Monthly - End of period,2018-05,1.5,A,F,
M,AU,368,0,,From 2 Aug 1990 onwards: cash rate target; from 23 Jan 1990 to 1 Aug 1990: middle of the cash rate target range; from 7 Apr 1976 to 22 Jan 1990: interbank overnight cash rate.,4,Reserve Bank of Australia,"This rate can be considered the official policy rate as from 23 Jan 1990. Australia had a managed exchange rate regime prior to 1983, in an environment of capital controls. The RBA did not have an explicit target interest rate prior to 23 Jan 1990. The BIS publishes a representative rate for that period. Between  23 Jan 1990 and 31 Jul the middle of the cash rate target corridor is used.", Central bank policy rates - Australia - Monthly - End of period,2018-06,1.5,A,F,
M,AU,368,0,,From 2 Aug 1990 onwards: cash rate target; from 23 Jan 1990 to 1 Aug 1990: middle of the cash rate target range; from 7 Apr 1976 to 22 Jan 1990: interbank overnight cash rate.,4,Reserve Bank of Australia,"This rate can be considered the official policy rate as from 23 Jan 1990. Australia had a managed exchange rate regime prior to 1983, in an environment of capital controls. The RBA did not have an explicit target interest rate prior to 23 Jan 1990. The BIS publishes a representative rate for that period. Between  23 Jan 1990 and 31 Jul the middle of the cash rate target corridor is used.", Central bank policy rates - Australia - Monthly - End of period,2018-07,1.5,A,F,
M,AU,368,0,,From 2 Aug 1990 onwards: cash rate target; from 23 Jan 1990 to 1 Aug 1990: middle of the cash rate target range; from 7 Apr 1976 to 22 Jan 1990: interbank overnight cash rate.,4,Reserve Bank of Australia,"This rate can be considered the official policy rate as from 23 Jan 1990. Australia had a managed exchange rate regime prior to 1983, in an environment of capital controls. The RBA did not have an explicit target interest rate prior to 23 Jan 1990. The BIS publishes a representative rate for that period. Between  23 Jan 1990 and 31 Jul the middle of the cash rate target corridor is used.", Central bank policy rates - Australia - Monthly - End of period,2018-08,1.5,A,F,
M,AU,368,0,,From 2 Aug 1990 onwards: cash rate target; from 23 Jan 1990 to 1 Aug 1990: middle of the cash rate target range; from 7 Apr 1976 to 22 Jan 1990: interbank overnight cash rate.,4,Reserve Bank of Australia,"This rate can be considered the official policy rate as from 23 Jan 1990. Australia had a managed exchange rate regime prior to 1983, in an environment of capital controls. The RBA did not have an explicit target interest rate prior to 23 Jan 1990. The BIS publishes a representative rate for that period. Between  23 Jan 1990 and 31 Jul the middle of the cash rate target corridor is used.", Central bank policy rates - Australia - Monthly - End of period,2018-09,1.5,A,F,
M,AU,368,0,,From 2 Aug 1990 onwards: cash rate target; from 23 Jan 1990 to 1 Aug 1990: middle of the cash rate target range; from 7 Apr 1976 to 22 Jan 1990: interbank overnight cash rate.,4,Reserve Bank of Australia,"This rate can be considered the official policy rate as from 23 Jan 1990. Australia had a managed exchange rate regime prior to 1983, in an environment of capital controls. The RBA did not have an explicit target interest rate prior to 23 Jan 1990. The BIS publishes a representative rate for that period. Between  23 Jan 1990 and 31 Jul the middle of the cash rate target corridor is used.", Central bank policy rates - Australia - Monthly - End of period,2018-10,1.5,A,F,
M,AU,368,0,,From 2 Aug 1990 onwards: cash rate target; from 23 Jan 1990 to 1 Aug 1990: middle of the cash rate target range; from 7 Apr 1976 to 22 Jan 1990: interbank overnight cash rate.,4,Reserve Bank of Australia,"This rate can be considered the official policy rate as from 23 Jan 1990. Australia had a managed exchange rate regime prior to 1983, in an environment of capital controls. The RBA did not have an explicit target interest rate prior to 23 Jan 1990. The BIS publishes a representative rate for that period. Between  23 Jan 1990 and 31 Jul the middle of the cash rate target corridor is used.", Central bank policy rates - Australia - Monthly - End of period,2018-11,1.5,A,F,
M,AU,368,0,,From 2 Aug 1990 onwards: cash rate target; from 23 Jan 1990 to 1 Aug 1990: middle of the cash rate target range; from 7 Apr 1976 to 22 Jan 1990: interbank overnight cash rate.,4,Reserve Bank of Australia,"This rate can be considered the official policy rate as from 23 Jan 1990. Australia had a managed exchange rate regime prior to 1983, in an environment of capital controls. The RBA did not have an explicit target interest rate prior to 23 Jan 1990. The BIS publishes a representative rate for that period. Between  23 Jan 1990 and 31 Jul the middle of the cash rate target corridor is used.", Central bank policy rates - Australia - Monthly - End of period,2018-12,1.5,A,F,
M,AU,368,0,,From 2 Aug 1990 onwards: cash rate target; from 23 Jan 1990 to 1 Aug 1990: middle of the cash rate target range; from 7 Apr 1976 to 22 Jan 1990: interbank overnight cash rate.,4,Reserve Bank of Australia,"This rate can be considered the official policy rate as from 23 Jan 1990. Australia had a managed exchange rate regime prior to 1983, in an environment of capital controls. The RBA did not have an explicit target interest rate prior to 23 Jan 1990. The BIS publishes a representative rate for that period. Between  23 Jan 1990 and 31 Jul the middle of the cash rate target corridor is used.", Central bank policy rates - Australia - Monthly - End of period,2019-01,1.5,A,F,
M,AU,368,0,,From 2 Aug 1990 onwards: cash rate target; from 23 Jan 1990 to 1 Aug 1990: middle of the cash rate target range; from 7 Apr 1976 to 22 Jan 1990: interbank overnight cash rate.,4,Reserve Bank of Australia,"This rate can be considered the official policy rate as from 23 Jan 1990. Australia had a managed exchange rate regime prior to 1983, in an environment of capital controls. The RBA did not have an explicit target interest rate prior to 23 Jan 1990. The BIS publishes a representative rate for that period. Between  23 Jan 1990 and 31 Jul the middle of the cash rate target corridor is used.", Central bank policy rates - Australia - Monthly - End of period,2019-02,1.5,A,F,
M,AU,368,0,,From 2 Aug 1990 onwards: cash rate target; from 23 Jan 1990 to 1 Aug 1990: middle of the cash rate target range; from 7 Apr 1976 to 22 Jan 1990: interbank overnight cash rate.,4,Reserve Bank of Australia,"This rate can be considered the official policy rate as from 23 Jan 1990. Australia had a managed exchange rate regime prior to 1983, in an environment of capital controls. The RBA did not have an explicit target interest rate prior to 23 Jan 1990. The BIS publishes a representative rate for that period. Between  23 Jan 1990 and 31 Jul the middle of the cash rate target corridor is used.", Central bank policy rates - Australia - Monthly - End of period,2019-03,1.5,A,F,
M,AU,368,0,,From 2 Aug 1990 onwards: cash rate target; from 23 Jan 1990 to 1 Aug 1990: middle of the cash rate target range; from 7 Apr 1976 to 22 Jan 1990: interbank overnight cash rate.,4,Reserve Bank of Australia,"This rate can be considered the official policy rate as from 23 Jan 1990. Australia had a managed exchange rate regime prior to 1983, in an environment of capital controls. The RBA did not have an explicit target interest rate prior to 23 Jan 1990. The BIS publishes a representative rate for that period. Between  23 Jan 1990 and 31 Jul the middle of the cash rate target corridor is used.", Central bank policy rates - Australia - Monthly - End of period,2019-04,1.5,A,F,
M,AU,368,0,,From 2 Aug 1990 onwards: cash rate target; from 23 Jan 1990 to 1 Aug 1990: middle of the cash rate target range; from 7 Apr 1976 to 22 Jan 1990: interbank overnight cash rate.,4,Reserve Bank of Australia,"This rate can be considered the official policy rate as from 23 Jan 1990. Australia had a managed exchange rate regime prior to 1983, in an environment of capital controls. The RBA did not have an explicit target interest rate prior to 23 Jan 1990. The BIS publishes a representative rate for that period. Between  23 Jan 1990 and 31 Jul the middle of the cash rate target corridor is used.", Central bank policy rates - Australia - Monthly - End of period,2019-05,1.5,A,F,
M,AU,368,0,,From 2 Aug 1990 onwards: cash rate target; from 23 Jan 1990 to 1 Aug 1990: middle of the cash rate target range; from 7 Apr 1976 to 22 Jan 1990: interbank overnight cash rate.,4,Reserve Bank of Australia,"This rate can be considered the official policy rate as from 23 Jan 1990. Australia had a managed exchange rate regime prior to 1983, in an environment of capital controls. The RBA did not have an explicit target interest rate prior to 23 Jan 1990. The BIS publishes a representative rate for that period. Between  23 Jan 1990 and 31 Jul the middle of the cash rate target corridor is used.", Central bank policy rates - Australia - Monthly - End of period,2019-06,1.25,A,F,
M,AU,368,0,,From 2 Aug 1990 onwards: cash rate target; from 23 Jan 1990 to 1 Aug 1990: middle of the cash rate target range; from 7 Apr 1976 to 22 Jan 1990: interbank overnight cash rate.,4,Reserve Bank of Australia,"This rate can be considered the official policy rate as from 23 Jan 1990. Australia had a managed exchange rate regime prior to 1983, in an environment of capital controls. The RBA did not have an explicit target interest rate prior to 23 Jan 1990. The BIS publishes a representative rate for that period. Between  23 Jan 1990 and 31 Jul the middle of the cash rate target corridor is used.", Central bank policy rates - Australia - Monthly - End of period,2019-07,1,A,F,
M,AU,368,0,,From 2 Aug 1990 onwards: cash rate target; from 23 Jan 1990 to 1 Aug 1990: middle of the cash rate target range; from 7 Apr 1976 to 22 Jan 1990: interbank overnight cash rate.,4,Reserve Bank of Australia,"This rate can be considered the official policy rate as from 23 Jan 1990. Australia had a managed exchange rate regime prior to 1983, in an environment of capital controls. The RBA did not have an explicit target interest rate prior to 23 Jan 1990. The BIS publishes a representative rate for that period. Between  23 Jan 1990 and 31 Jul the middle of the cash rate target corridor is used.", Central bank policy rates - Australia - Monthly - End of period,2019-08,1,A,F,
M,AU,368,0,,From 2 Aug 1990 onwards: cash rate target; from 23 Jan 1990 to 1 Aug 1990: middle of the cash rate target range; from 7 Apr 1976 to 22 Jan 1990: interbank overnight cash rate.,4,Reserve Bank of Australia,"This rate can be considered the official policy rate as from 23 Jan 1990. Australia had a managed exchange rate regime prior to 1983, in an environment of capital controls. The RBA did not have an explicit target interest rate prior to 23 Jan 1990. The BIS publishes a representative rate for that period. Between  23 Jan 1990 and 31 Jul the middle of the cash rate target corridor is used.", Central bank policy rates - Australia - Monthly - End of period,2019-09,1,A,F,
M,AU,368,0,,From 2 Aug 1990 onwards: cash rate target; from 23 Jan 1990 to 1 Aug 1990: middle of the cash rate target range; from 7 Apr 1976 to 22 Jan 1990: interbank overnight cash rate.,4,Reserve Bank of Australia,"This rate can be considered the official policy rate as from 23 Jan 1990. Australia had a managed exchange rate regime prior to 1983, in an environment of capital controls. The RBA did not have an explicit target interest rate prior to 23 Jan 1990. The BIS publishes a representative rate for that period. Between  23 Jan 1990 and 31 Jul the middle of the cash rate target corridor is used.", Central bank policy rates - Australia - Monthly - End of period,2019-10,0.75,A,F,
M,AU,368,0,,From 2 Aug 1990 onwards: cash rate target; from 23 Jan 1990 to 1 Aug 1990: middle of the cash rate target range; from 7 Apr 1976 to 22 Jan 1990: interbank overnight cash rate.,4,Reserve Bank of Australia,"This rate can be considered the official policy rate as from 23 Jan 1990. Australia had a managed exchange rate regime prior to 1983, in an environment of capital controls. The RBA did not have an explicit target interest rate prior to 23 Jan 1990. The BIS publishes a representative rate for that period. Between  23 Jan 1990 and 31 Jul the middle of the cash rate target corridor is used.", Central bank policy rates - Australia - Monthly - End of period,2019-11,0.75,A,F,
M,AU,368,0,,From 2 Aug 1990 onwards: cash rate target; from 23 Jan 1990 to 1 Aug 1990: middle of the cash rate target range; from 7 Apr 1976 to 22 Jan 1990: interbank overnight cash rate.,4,Reserve Bank of Australia,"This rate can be considered the official policy rate as from 23 Jan 1990. Australia had a managed exchange rate regime prior to 1983, in an environment of capital controls. The RBA did not have an explicit target interest rate prior to 23 Jan 1990. The BIS publishes a representative rate for that period. Between  23 Jan 1990 and 31 Jul the middle of the cash rate target corridor is used.", Central bank policy rates - Australia - Monthly - End of period,2019-12,0.75,A,F,
M,AU,368,0,,From 2 Aug 1990 onwards: cash rate target; from 23 Jan 1990 to 1 Aug 1990: middle of the cash rate target range; from 7 Apr 1976 to 22 Jan 1990: interbank overnight cash rate.,4,Reserve Bank of Australia,"This rate can be considered the official policy rate as from 23 Jan 1990. Australia had a managed exchange rate regime prior to 1983, in an environment of capital controls. The RBA did not have an explicit target interest rate prior to 23 Jan 1990. The BIS publishes a representative rate for that period. Between  23 Jan 1990 and 31 Jul the middle of the cash rate target corridor is used.", Central bank policy rates - Australia - Monthly - End of period,2020-01,0.75,A,F,
M,AU,368,0,,From 2 Aug 1990 onwards: cash rate target; from 23 Jan 1990 to 1 Aug 1990: middle of the cash rate target range; from 7 Apr 1976 to 22 Jan 1990: interbank overnight cash rate.,4,Reserve Bank of Australia,"This rate can be considered the official policy rate as from 23 Jan 1990. Australia had a managed exchange rate regime prior to 1983, in an environment of capital controls. The RBA did not have an explicit target interest rate prior to 23 Jan 1990. The BIS publishes a representative rate for that period. Between  23 Jan 1990 and 31 Jul the middle of the cash rate target corridor is used.", Central bank policy rates - Australia - Monthly - End of period,2020-02,0.75,A,F,
M,AU,368,0,,From 2 Aug 1990 onwards: cash rate target; from 23 Jan 1990 to 1 Aug 1990: middle of the cash rate target range; from 7 Apr 1976 to 22 Jan 1990: interbank overnight cash rate.,4,Reserve Bank of Australia,"This rate can be considered the official policy rate as from 23 Jan 1990. Australia had a managed exchange rate regime prior to 1983, in an environment of capital controls. The RBA did not have an explicit target interest rate prior to 23 Jan 1990. The BIS publishes a representative rate for that period. Between  23 Jan 1990 and 31 Jul the middle of the cash rate target corridor is used.", Central bank policy rates - Australia - Monthly - End of period,2020-03,0.25,A,F,
M,AU,368,0,,From 2 Aug 1990 onwards: cash rate target; from 23 Jan 1990 to 1 Aug 1990: middle of the cash rate target range; from 7 Apr 1976 to 22 Jan 1990: interbank overnight cash rate.,4,Reserve Bank of Australia,"This rate can be considered the official policy rate as from 23 Jan 1990. Australia had a managed exchange rate regime prior to 1983, in an environment of capital controls. The RBA did not have an explicit target interest rate prior to 23 Jan 1990. The BIS publishes a representative rate for that period. Between  23 Jan 1990 and 31 Jul the middle of the cash rate target corridor is used.", Central bank policy rates - Australia - Monthly - End of period,2020-04,0.25,A,F,
M,AU,368,0,,From 2 Aug 1990 onwards: cash rate target; from 23 Jan 1990 to 1 Aug 1990: middle of the cash rate target range; from 7 Apr 1976 to 22 Jan 1990: interbank overnight cash rate.,4,Reserve Bank of Australia,"This rate can be considered the official policy rate as from 23 Jan 1990. Australia had a managed exchange rate regime prior to 1983, in an environment of capital controls. The RBA did not have an explicit target interest rate prior to 23 Jan 1990. The BIS publishes a representative rate for that period. Between  23 Jan 1990 and 31 Jul the middle of the cash rate target corridor is used.", Central bank policy rates - Australia - Monthly - End of period,2020-05,0.25,A,F,
M,AU,368,0,,From 2 Aug 1990 onwards: cash rate target; from 23 Jan 1990 to 1 Aug 1990: middle of the cash rate target range; from 7 Apr 1976 to 22 Jan 1990: interbank overnight cash rate.,4,Reserve Bank of Australia,"This rate can be considered the official policy rate as from 23 Jan 1990. Australia had a managed exchange rate regime prior to 1983, in an environment of capital controls. The RBA did not have an explicit target interest rate prior to 23 Jan 1990. The BIS publishes a representative rate for that period. Between  23 Jan 1990 and 31 Jul the middle of the cash rate target corridor is used.", Central bank policy rates - Australia - Monthly - End of period,2020-06,0.25,A,F,
M,AU,368,0,,From 2 Aug 1990 onwards: cash rate target; from 23 Jan 1990 to 1 Aug 1990: middle of the cash rate target range; from 7 Apr 1976 to 22 Jan 1990: interbank overnight cash rate.,4,Reserve Bank of Australia,"This rate can be considered the official policy rate as from 23 Jan 1990. Australia had a managed exchange rate regime prior to 1983, in an environment of capital controls. The RBA did not have an explicit target interest rate prior to 23 Jan 1990. The BIS publishes a representative rate for that period. Between  23 Jan 1990 and 31 Jul the middle of the cash rate target corridor is used.", Central bank policy rates - Australia - Monthly - End of period,2020-07,0.25,A,F,
M,AU,368,0,,From 2 Aug 1990 onwards: cash rate target; from 23 Jan 1990 to 1 Aug 1990: middle of the cash rate target range; from 7 Apr 1976 to 22 Jan 1990: interbank overnight cash rate.,4,Reserve Bank of Australia,"This rate can be considered the official policy rate as from 23 Jan 1990. Australia had a managed exchange rate regime prior to 1983, in an environment of capital controls. The RBA did not have an explicit target interest rate prior to 23 Jan 1990. The BIS publishes a representative rate for that period. Between  23 Jan 1990 and 31 Jul the middle of the cash rate target corridor is used.", Central bank policy rates - Australia - Monthly - End of period,2020-08,0.25,A,F,
M,AU,368,0,,From 2 Aug 1990 onwards: cash rate target; from 23 Jan 1990 to 1 Aug 1990: middle of the cash rate target range; from 7 Apr 1976 to 22 Jan 1990: interbank overnight cash rate.,4,Reserve Bank of Australia,"This rate can be considered the official policy rate as from 23 Jan 1990. Australia had a managed exchange rate regime prior to 1983, in an environment of capital controls. The RBA did not have an explicit target interest rate prior to 23 Jan 1990. The BIS publishes a representative rate for that period. Between  23 Jan 1990 and 31 Jul the middle of the cash rate target corridor is used.", Central bank policy rates - Australia - Monthly - End of period,2020-09,0.25,A,F,
M,AU,368,0,,From 2 Aug 1990 onwards: cash rate target; from 23 Jan 1990 to 1 Aug 1990: middle of the cash rate target range; from 7 Apr 1976 to 22 Jan 1990: interbank overnight cash rate.,4,Reserve Bank of Australia,"This rate can be considered the official policy rate as from 23 Jan 1990. Australia had a managed exchange rate regime prior to 1983, in an environment of capital controls. The RBA did not have an explicit target interest rate prior to 23 Jan 1990. The BIS publishes a representative rate for that period. Between  23 Jan 1990 and 31 Jul the middle of the cash rate target corridor is used.", Central bank policy rates - Australia - Monthly - End of period,2020-10,0.25,A,F,
M,AU,368,0,,From 2 Aug 1990 onwards: cash rate target; from 23 Jan 1990 to 1 Aug 1990: middle of the cash rate target range; from 7 Apr 1976 to 22 Jan 1990: interbank overnight cash rate.,4,Reserve Bank of Australia,"This rate can be considered the official policy rate as from 23 Jan 1990. Australia had a managed exchange rate regime prior to 1983, in an environment of capital controls. The RBA did not have an explicit target interest rate prior to 23 Jan 1990. The BIS publishes a representative rate for that period. Between  23 Jan 1990 and 31 Jul the middle of the cash rate target corridor is used.", Central bank policy rates - Australia - Monthly - End of period,2020-11,0.1,A,F,
M,AU,368,0,,From 2 Aug 1990 onwards: cash rate target; from 23 Jan 1990 to 1 Aug 1990: middle of the cash rate target range; from 7 Apr 1976 to 22 Jan 1990: interbank overnight cash rate.,4,Reserve Bank of Australia,"This rate can be considered the official policy rate as from 23 Jan 1990. Australia had a managed exchange rate regime prior to 1983, in an environment of capital controls. The RBA did not have an explicit target interest rate prior to 23 Jan 1990. The BIS publishes a representative rate for that period. Between  23 Jan 1990 and 31 Jul the middle of the cash rate target corridor is used.", Central bank policy rates - Australia - Monthly - End of period,2020-12,0.1,A,F,
M,AU,368,0,,From 2 Aug 1990 onwards: cash rate target; from 23 Jan 1990 to 1 Aug 1990: middle of the cash rate target range; from 7 Apr 1976 to 22 Jan 1990: interbank overnight cash rate.,4,Reserve Bank of Australia,"This rate can be considered the official policy rate as from 23 Jan 1990. Australia had a managed exchange rate regime prior to 1983, in an environment of capital controls. The RBA did not have an explicit target interest rate prior to 23 Jan 1990. The BIS publishes a representative rate for that period. Between  23 Jan 1990 and 31 Jul the middle of the cash rate target corridor is used.", Central bank policy rates - Australia - Monthly - End of period,2021-01,0.1,A,F,
M,AU,368,0,,From 2 Aug 1990 onwards: cash rate target; from 23 Jan 1990 to 1 Aug 1990: middle of the cash rate target range; from 7 Apr 1976 to 22 Jan 1990: interbank overnight cash rate.,4,Reserve Bank of Australia,"This rate can be considered the official policy rate as from 23 Jan 1990. Australia had a managed exchange rate regime prior to 1983, in an environment of capital controls. The RBA did not have an explicit target interest rate prior to 23 Jan 1990. The BIS publishes a representative rate for that period. Between  23 Jan 1990 and 31 Jul the middle of the cash rate target corridor is used.", Central bank policy rates - Australia - Monthly - End of period,2021-02,0.1,A,F,
M,AU,368,0,,From 2 Aug 1990 onwards: cash rate target; from 23 Jan 1990 to 1 Aug 1990: middle of the cash rate target range; from 7 Apr 1976 to 22 Jan 1990: interbank overnight cash rate.,4,Reserve Bank of Australia,"This rate can be considered the official policy rate as from 23 Jan 1990. Australia had a managed exchange rate regime prior to 1983, in an environment of capital controls. The RBA did not have an explicit target interest rate prior to 23 Jan 1990. The BIS publishes a representative rate for that period. Between  23 Jan 1990 and 31 Jul the middle of the cash rate target corridor is used.", Central bank policy rates - Australia - Monthly - End of period,2021-03,0.1,A,F,
M,AU,368,0,,From 2 Aug 1990 onwards: cash rate target; from 23 Jan 1990 to 1 Aug 1990: middle of the cash rate target range; from 7 Apr 1976 to 22 Jan 1990: interbank overnight cash rate.,4,Reserve Bank of Australia,"This rate can be considered the official policy rate as from 23 Jan 1990. Australia had a managed exchange rate regime prior to 1983, in an environment of capital controls. The RBA did not have an explicit target interest rate prior to 23 Jan 1990. The BIS publishes a representative rate for that period. Between  23 Jan 1990 and 31 Jul the middle of the cash rate target corridor is used.", Central bank policy rates - Australia - Monthly - End of period,2021-04,0.1,A,F,
M,AU,368,0,,From 2 Aug 1990 onwards: cash rate target; from 23 Jan 1990 to 1 Aug 1990: middle of the cash rate target range; from 7 Apr 1976 to 22 Jan 1990: interbank overnight cash rate.,4,Reserve Bank of Australia,"This rate can be considered the official policy rate as from 23 Jan 1990. Australia had a managed exchange rate regime prior to 1983, in an environment of capital controls. The RBA did not have an explicit target interest rate prior to 23 Jan 1990. The BIS publishes a representative rate for that period. Between  23 Jan 1990 and 31 Jul the middle of the cash rate target corridor is used.", Central bank policy rates - Australia - Monthly - End of period,2021-05,0.1,A,F,
M,AU,368,0,,From 2 Aug 1990 onwards: cash rate target; from 23 Jan 1990 to 1 Aug 1990: middle of the cash rate target range; from 7 Apr 1976 to 22 Jan 1990: interbank overnight cash rate.,4,Reserve Bank of Australia,"This rate can be considered the official policy rate as from 23 Jan 1990. Australia had a managed exchange rate regime prior to 1983, in an environment of capital controls. The RBA did not have an explicit target interest rate prior to 23 Jan 1990. The BIS publishes a representative rate for that period. Between  23 Jan 1990 and 31 Jul the middle of the cash rate target corridor is used.", Central bank policy rates - Australia - Monthly - End of period,2021-06,0.1,A,F,
M,AU,368,0,,From 2 Aug 1990 onwards: cash rate target; from 23 Jan 1990 to 1 Aug 1990: middle of the cash rate target range; from 7 Apr 1976 to 22 Jan 1990: interbank overnight cash rate.,4,Reserve Bank of Australia,"This rate can be considered the official policy rate as from 23 Jan 1990. Australia had a managed exchange rate regime prior to 1983, in an environment of capital controls. The RBA did not have an explicit target interest rate prior to 23 Jan 1990. The BIS publishes a representative rate for that period. Between  23 Jan 1990 and 31 Jul the middle of the cash rate target corridor is used.", Central bank policy rates - Australia - Monthly - End of period,2021-07,0.1,A,F,
M,AU,368,0,,From 2 Aug 1990 onwards: cash rate target; from 23 Jan 1990 to 1 Aug 1990: middle of the cash rate target range; from 7 Apr 1976 to 22 Jan 1990: interbank overnight cash rate.,4,Reserve Bank of Australia,"This rate can be considered the official policy rate as from 23 Jan 1990. Australia had a managed exchange rate regime prior to 1983, in an environment of capital controls. The RBA did not have an explicit target interest rate prior to 23 Jan 1990. The BIS publishes a representative rate for that period. Between  23 Jan 1990 and 31 Jul the middle of the cash rate target corridor is used.", Central bank policy rates - Australia - Monthly - End of period,2021-08,0.1,A,F,
M,AU,368,0,,From 2 Aug 1990 onwards: cash rate target; from 23 Jan 1990 to 1 Aug 1990: middle of the cash rate target range; from 7 Apr 1976 to 22 Jan 1990: interbank overnight cash rate.,4,Reserve Bank of Australia,"This rate can be considered the official policy rate as from 23 Jan 1990. Australia had a managed exchange rate regime prior to 1983, in an environment of capital controls. The RBA did not have an explicit target interest rate prior to 23 Jan 1990. The BIS publishes a representative rate for that period. Between  23 Jan 1990 and 31 Jul the middle of the cash rate target corridor is used.", Central bank policy rates - Australia - Monthly - End of period,2021-09,0.1,A,F,
M,AU,368,0,,From 2 Aug 1990 onwards: cash rate target; from 23 Jan 1990 to 1 Aug 1990: middle of the cash rate target range; from 7 Apr 1976 to 22 Jan 1990: interbank overnight cash rate.,4,Reserve Bank of Australia,"This rate can be considered the official policy rate as from 23 Jan 1990. Australia had a managed exchange rate regime prior to 1983, in an environment of capital controls. The RBA did not have an explicit target interest rate prior to 23 Jan 1990. The BIS publishes a representative rate for that period. Between  23 Jan 1990 and 31 Jul the middle of the cash rate target corridor is used.", Central bank policy rates - Australia - Monthly - End of period,2021-10,0.1,A,F,
M,AU,368,0,,From 2 Aug 1990 onwards: cash rate target; from 23 Jan 1990 to 1 Aug 1990: middle of the cash rate target range; from 7 Apr 1976 to 22 Jan 1990: interbank overnight cash rate.,4,Reserve Bank of Australia,"This rate can be considered the official policy rate as from 23 Jan 1990. Australia had a managed exchange rate regime prior to 1983, in an environment of capital controls. The RBA did not have an explicit target interest rate prior to 23 Jan 1990. The BIS publishes a representative rate for that period. Between  23 Jan 1990 and 31 Jul the middle of the cash rate target corridor is used.", Central bank policy rates - Australia - Monthly - End of period,2021-11,0.1,A,F,
M,AU,368,0,,From 2 Aug 1990 onwards: cash rate target; from 23 Jan 1990 to 1 Aug 1990: middle of the cash rate target range; from 7 Apr 1976 to 22 Jan 1990: interbank overnight cash rate.,4,Reserve Bank of Australia,"This rate can be considered the official policy rate as from 23 Jan 1990. Australia had a managed exchange rate regime prior to 1983, in an environment of capital controls. The RBA did not have an explicit target interest rate prior to 23 Jan 1990. The BIS publishes a representative rate for that period. Between  23 Jan 1990 and 31 Jul the middle of the cash rate target corridor is used.", Central bank policy rates - Australia - Monthly - End of period,2021-12,0.1,A,F,
M,AU,368,0,,From 2 Aug 1990 onwards: cash rate target; from 23 Jan 1990 to 1 Aug 1990: middle of the cash rate target range; from 7 Apr 1976 to 22 Jan 1990: interbank overnight cash rate.,4,Reserve Bank of Australia,"This rate can be considered the official policy rate as from 23 Jan 1990. Australia had a managed exchange rate regime prior to 1983, in an environment of capital controls. The RBA did not have an explicit target interest rate prior to 23 Jan 1990. The BIS publishes a representative rate for that period. Between  23 Jan 1990 and 31 Jul the middle of the cash rate target corridor is used.", Central bank policy rates - Australia - Monthly - End of period,2022-01,0.1,A,F,
M,AU,368,0,,From 2 Aug 1990 onwards: cash rate target; from 23 Jan 1990 to 1 Aug 1990: middle of the cash rate target range; from 7 Apr 1976 to 22 Jan 1990: interbank overnight cash rate.,4,Reserve Bank of Australia,"This rate can be considered the official policy rate as from 23 Jan 1990. Australia had a managed exchange rate regime prior to 1983, in an environment of capital controls. The RBA did not have an explicit target interest rate prior to 23 Jan 1990. The BIS publishes a representative rate for that period. Between  23 Jan 1990 and 31 Jul the middle of the cash rate target corridor is used.", Central bank policy rates - Australia - Monthly - End of period,2022-02,0.1,A,F,
M,AU,368,0,,From 2 Aug 1990 onwards: cash rate target; from 23 Jan 1990 to 1 Aug 1990: middle of the cash rate target range; from 7 Apr 1976 to 22 Jan 1990: interbank overnight cash rate.,4,Reserve Bank of Australia,"This rate can be considered the official policy rate as from 23 Jan 1990. Australia had a managed exchange rate regime prior to 1983, in an environment of capital controls. The RBA did not have an explicit target interest rate prior to 23 Jan 1990. The BIS publishes a representative rate for that period. Between  23 Jan 1990 and 31 Jul the middle of the cash rate target corridor is used.", Central bank policy rates - Australia - Monthly - End of period,2022-03,0.1,A,F,
M,AU,368,0,,From 2 Aug 1990 onwards: cash rate target; from 23 Jan 1990 to 1 Aug 1990: middle of the cash rate target range; from 7 Apr 1976 to 22 Jan 1990: interbank overnight cash rate.,4,Reserve Bank of Australia,"This rate can be considered the official policy rate as from 23 Jan 1990. Australia had a managed exchange rate regime prior to 1983, in an environment of capital controls. The RBA did not have an explicit target interest rate prior to 23 Jan 1990. The BIS publishes a representative rate for that period. Between  23 Jan 1990 and 31 Jul the middle of the cash rate target corridor is used.", Central bank policy rates - Australia - Monthly - End of period,2022-04,0.1,A,F,
M,AU,368,0,,From 2 Aug 1990 onwards: cash rate target; from 23 Jan 1990 to 1 Aug 1990: middle of the cash rate target range; from 7 Apr 1976 to 22 Jan 1990: interbank overnight cash rate.,4,Reserve Bank of Australia,"This rate can be considered the official policy rate as from 23 Jan 1990. Australia had a managed exchange rate regime prior to 1983, in an environment of capital controls. The RBA did not have an explicit target interest rate prior to 23 Jan 1990. The BIS publishes a representative rate for that period. Between  23 Jan 1990 and 31 Jul the middle of the cash rate target corridor is used.", Central bank policy rates - Australia - Monthly - End of period,2022-05,0.35,A,F,
M,AU,368,0,,From 2 Aug 1990 onwards: cash rate target; from 23 Jan 1990 to 1 Aug 1990: middle of the cash rate target range; from 7 Apr 1976 to 22 Jan 1990: interbank overnight cash rate.,4,Reserve Bank of Australia,"This rate can be considered the official policy rate as from 23 Jan 1990. Australia had a managed exchange rate regime prior to 1983, in an environment of capital controls. The RBA did not have an explicit target interest rate prior to 23 Jan 1990. The BIS publishes a representative rate for that period. Between  23 Jan 1990 and 31 Jul the middle of the cash rate target corridor is used.", Central bank policy rates - Australia - Monthly - End of period,2022-06,0.85,A,F,
M,AU,368,0,,From 2 Aug 1990 onwards: cash rate target; from 23 Jan 1990 to 1 Aug 1990: middle of the cash rate target range; from 7 Apr 1976 to 22 Jan 1990: interbank overnight cash rate.,4,Reserve Bank of Australia,"This rate can be considered the official policy rate as from 23 Jan 1990. Australia had a managed exchange rate regime prior to 1983, in an environment of capital controls. The RBA did not have an explicit target interest rate prior to 23 Jan 1990. The BIS publishes a representative rate for that period. Between  23 Jan 1990 and 31 Jul the middle of the cash rate target corridor is used.", Central bank policy rates - Australia - Monthly - End of period,2022-07,1.35,A,F,
M,AU,368,0,,From 2 Aug 1990 onwards: cash rate target; from 23 Jan 1990 to 1 Aug 1990: middle of the cash rate target range; from 7 Apr 1976 to 22 Jan 1990: interbank overnight cash rate.,4,Reserve Bank of Australia,"This rate can be considered the official policy rate as from 23 Jan 1990. Australia had a managed exchange rate regime prior to 1983, in an environment of capital controls. The RBA did not have an explicit target interest rate prior to 23 Jan 1990. The BIS publishes a representative rate for that period. Between  23 Jan 1990 and 31 Jul the middle of the cash rate target corridor is used.", Central bank policy rates - Australia - Monthly - End of period,2022-08,1.85,A,F,
M,AU,368,0,,From 2 Aug 1990 onwards: cash rate target; from 23 Jan 1990 to 1 Aug 1990: middle of the cash rate target range; from 7 Apr 1976 to 22 Jan 1990: interbank overnight cash rate.,4,Reserve Bank of Australia,"This rate can be considered the official policy rate as from 23 Jan 1990. Australia had a managed exchange rate regime prior to 1983, in an environment of capital controls. The RBA did not have an explicit target interest rate prior to 23 Jan 1990. The BIS publishes a representative rate for that period. Between  23 Jan 1990 and 31 Jul the middle of the cash rate target corridor is used.", Central bank policy rates - Australia - Monthly - End of period,2022-09,2.35,A,F,
M,AU,368,0,,From 2 Aug 1990 onwards: cash rate target; from 23 Jan 1990 to 1 Aug 1990: middle of the cash rate target range; from 7 Apr 1976 to 22 Jan 1990: interbank overnight cash rate.,4,Reserve Bank of Australia,"This rate can be considered the official policy rate as from 23 Jan 1990. Australia had a managed exchange rate regime prior to 1983, in an environment of capital controls. The RBA did not have an explicit target interest rate prior to 23 Jan 1990. The BIS publishes a representative rate for that period. Between  23 Jan 1990 and 31 Jul the middle of the cash rate target corridor is used.", Central bank policy rates - Australia - Monthly - End of period,2022-10,2.6,A,F,
M,AU,368,0,,From 2 Aug 1990 onwards: cash rate target; from 23 Jan 1990 to 1 Aug 1990: middle of the cash rate target range; from 7 Apr 1976 to 22 Jan 1990: interbank overnight cash rate.,4,Reserve Bank of Australia,"This rate can be considered the official policy rate as from 23 Jan 1990. Australia had a managed exchange rate regime prior to 1983, in an environment of capital controls. The RBA did not have an explicit target interest rate prior to 23 Jan 1990. The BIS publishes a representative rate for that period. Between  23 Jan 1990 and 31 Jul the middle of the cash rate target corridor is used.", Central bank policy rates - Australia - Monthly - End of period,2022-11,2.85,A,F,
M,AU,368,0,,From 2 Aug 1990 onwards: cash rate target; from 23 Jan 1990 to 1 Aug 1990: middle of the cash rate target range; from 7 Apr 1976 to 22 Jan 1990: interbank overnight cash rate.,4,Reserve Bank of Australia,"This rate can be considered the official policy rate as from 23 Jan 1990. Australia had a managed exchange rate regime prior to 1983, in an environment of capital controls. The RBA did not have an explicit target interest rate prior to 23 Jan 1990. The BIS publishes a representative rate for that period. Between  23 Jan 1990 and 31 Jul the middle of the cash rate target corridor is used.", Central bank policy rates - Australia - Monthly - End of period,2022-12,3.1,A,F,
M,AU,368,0,,From 2 Aug 1990 onwards: cash rate target; from 23 Jan 1990 to 1 Aug 1990: middle of the cash rate target range; from 7 Apr 1976 to 22 Jan 1990: interbank overnight cash rate.,4,Reserve Bank of Australia,"This rate can be considered the official policy rate as from 23 Jan 1990. Australia had a managed exchange rate regime prior to 1983, in an environment of capital controls. The RBA did not have an explicit target interest rate prior to 23 Jan 1990. The BIS publishes a representative rate for that period. Between  23 Jan 1990 and 31 Jul the middle of the cash rate target corridor is used.", Central bank policy rates - Australia - Monthly - End of period,2023-01,3.1,A,F,
M,AU,368,0,,From 2 Aug 1990 onwards: cash rate target; from 23 Jan 1990 to 1 Aug 1990: middle of the cash rate target range; from 7 Apr 1976 to 22 Jan 1990: interbank overnight cash rate.,4,Reserve Bank of Australia,"This rate can be considered the official policy rate as from 23 Jan 1990. Australia had a managed exchange rate regime prior to 1983, in an environment of capital controls. The RBA did not have an explicit target interest rate prior to 23 Jan 1990. The BIS publishes a representative rate for that period. Between  23 Jan 1990 and 31 Jul the middle of the cash rate target corridor is used.", Central bank policy rates - Australia - Monthly - End of period,2023-02,3.35,A,F,
M,AU,368,0,,From 2 Aug 1990 onwards: cash rate target; from 23 Jan 1990 to 1 Aug 1990: middle of the cash rate target range; from 7 Apr 1976 to 22 Jan 1990: interbank overnight cash rate.,4,Reserve Bank of Australia,"This rate can be considered the official policy rate as from 23 Jan 1990. Australia had a managed exchange rate regime prior to 1983, in an environment of capital controls. The RBA did not have an explicit target interest rate prior to 23 Jan 1990. The BIS publishes a representative rate for that period. Between  23 Jan 1990 and 31 Jul the middle of the cash rate target corridor is used.", Central bank policy rates - Australia - Monthly - End of period,2023-03,3.6,A,F,
M,AU,368,0,,From 2 Aug 1990 onwards: cash rate target; from 23 Jan 1990 to 1 Aug 1990: middle of the cash rate target range; from 7 Apr 1976 to 22 Jan 1990: interbank overnight cash rate.,4,Reserve Bank of Australia,"This rate can be considered the official policy rate as from 23 Jan 1990. Australia had a managed exchange rate regime prior to 1983, in an environment of capital controls. The RBA did not have an explicit target interest rate prior to 23 Jan 1990. The BIS publishes a representative rate for that period. Between  23 Jan 1990 and 31 Jul the middle of the cash rate target corridor is used.", Central bank policy rates - Australia - Monthly - End of period,2023-04,3.6,A,F,
M,AU,368,0,,From 2 Aug 1990 onwards: cash rate target; from 23 Jan 1990 to 1 Aug 1990: middle of the cash rate target range; from 7 Apr 1976 to 22 Jan 1990: interbank overnight cash rate.,4,Reserve Bank of Australia,"This rate can be considered the official policy rate as from 23 Jan 1990. Australia had a managed exchange rate regime prior to 1983, in an environment of capital controls. The RBA did not have an explicit target interest rate prior to 23 Jan 1990. The BIS publishes a representative rate for that period. Between  23 Jan 1990 and 31 Jul the middle of the cash rate target corridor is used.", Central bank policy rates - Australia - Monthly - End of period,2023-05,3.85,A,F,
M,AU,368,0,,From 2 Aug 1990 onwards: cash rate target; from 23 Jan 1990 to 1 Aug 1990: middle of the cash rate target range; from 7 Apr 1976 to 22 Jan 1990: interbank overnight cash rate.,4,Reserve Bank of Australia,"This rate can be considered the official policy rate as from 23 Jan 1990. Australia had a managed exchange rate regime prior to 1983, in an environment of capital controls. The RBA did not have an explicit target interest rate prior to 23 Jan 1990. The BIS publishes a representative rate for that period. Between  23 Jan 1990 and 31 Jul the middle of the cash rate target corridor is used.", Central bank policy rates - Australia - Monthly - End of period,2023-06,4.1,A,F,
M,AU,368,0,,From 2 Aug 1990 onwards: cash rate target; from 23 Jan 1990 to 1 Aug 1990: middle of the cash rate target range; from 7 Apr 1976 to 22 Jan 1990: interbank overnight cash rate.,4,Reserve Bank of Australia,"This rate can be considered the official policy rate as from 23 Jan 1990. Australia had a managed exchange rate regime prior to 1983, in an environment of capital controls. The RBA did not have an explicit target interest rate prior to 23 Jan 1990. The BIS publishes a representative rate for that period. Between  23 Jan 1990 and 31 Jul the middle of the cash rate target corridor is used.", Central bank policy rates - Australia - Monthly - End of period,2023-07,4.1,A,F,
M,AU,368,0,,From 2 Aug 1990 onwards: cash rate target; from 23 Jan 1990 to 1 Aug 1990: middle of the cash rate target range; from 7 Apr 1976 to 22 Jan 1990: interbank overnight cash rate.,4,Reserve Bank of Australia,"This rate can be considered the official policy rate as from 23 Jan 1990. Australia had a managed exchange rate regime prior to 1983, in an environment of capital controls. The RBA did not have an explicit target interest rate prior to 23 Jan 1990. The BIS publishes a representative rate for that period. Between  23 Jan 1990 and 31 Jul the middle of the cash rate target corridor is used.", Central bank policy rates - Australia - Monthly - End of period,2023-08,4.1,A,F,
M,AU,368,0,,From 2 Aug 1990 onwards: cash rate target; from 23 Jan 1990 to 1 Aug 1990: middle of the cash rate target range; from 7 Apr 1976 to 22 Jan 1990: interbank overnight cash rate.,4,Reserve Bank of Australia,"This rate can be considered the official policy rate as from 23 Jan 1990. Australia had a managed exchange rate regime prior to 1983, in an environment of capital controls. The RBA did not have an explicit target interest rate prior to 23 Jan 1990. The BIS publishes a representative rate for that period. Between  23 Jan 1990 and 31 Jul the middle of the cash rate target corridor is used.", Central bank policy rates - Australia - Monthly - End of period,2023-09,4.1,A,F,
M,AU,368,0,,From 2 Aug 1990 onwards: cash rate target; from 23 Jan 1990 to 1 Aug 1990: middle of the cash rate target range; from 7 Apr 1976 to 22 Jan 1990: interbank overnight cash rate.,4,Reserve Bank of Australia,"This rate can be considered the official policy rate as from 23 Jan 1990. Australia had a managed exchange rate regime prior to 1983, in an environment of capital controls. The RBA did not have an explicit target interest rate prior to 23 Jan 1990. The BIS publishes a representative rate for that period. Between  23 Jan 1990 and 31 Jul the middle of the cash rate target corridor is used.", Central bank policy rates - Australia - Monthly - End of period,2023-10,4.1,A,F,
M,AU,368,0,,From 2 Aug 1990 onwards: cash rate target; from 23 Jan 1990 to 1 Aug 1990: middle of the cash rate target range; from 7 Apr 1976 to 22 Jan 1990: interbank overnight cash rate.,4,Reserve Bank of Australia,"This rate can be considered the official policy rate as from 23 Jan 1990. Australia had a managed exchange rate regime prior to 1983, in an environment of capital controls. The RBA did not have an explicit target interest rate prior to 23 Jan 1990. The BIS publishes a representative rate for that period. Between  23 Jan 1990 and 31 Jul the middle of the cash rate target corridor is used.", Central bank policy rates - Australia - Monthly - End of period,2023-11,4.35,A,F,
M,AU,368,0,,From 2 Aug 1990 onwards: cash rate target; from 23 Jan 1990 to 1 Aug 1990: middle of the cash rate target range; from 7 Apr 1976 to 22 Jan 1990: interbank overnight cash rate.,4,Reserve Bank of Australia,"This rate can be considered the official policy rate as from 23 Jan 1990. Australia had a managed exchange rate regime prior to 1983, in an environment of capital controls. The RBA did not have an explicit target interest rate prior to 23 Jan 1990. The BIS publishes a representative rate for that period. Between  23 Jan 1990 and 31 Jul the middle of the cash rate target corridor is used.", Central bank policy rates - Australia - Monthly - End of period,2023-12,4.35,A,F,
M,AU,368,0,,From 2 Aug 1990 onwards: cash rate target; from 23 Jan 1990 to 1 Aug 1990: middle of the cash rate target range; from 7 Apr 1976 to 22 Jan 1990: interbank overnight cash rate.,4,Reserve Bank of Australia,"This rate can be considered the official policy rate as from 23 Jan 1990. Australia had a managed exchange rate regime prior to 1983, in an environment of capital controls. The RBA did not have an explicit target interest rate prior to 23 Jan 1990. The BIS publishes a representative rate for that period. Between  23 Jan 1990 and 31 Jul the middle of the cash rate target corridor is used.", Central bank policy rates - Australia - Monthly - End of period,2024-01,4.35,A,F,
M,AU,368,0,,From 2 Aug 1990 onwards: cash rate target; from 23 Jan 1990 to 1 Aug 1990: middle of the cash rate target range; from 7 Apr 1976 to 22 Jan 1990: interbank overnight cash rate.,4,Reserve Bank of Australia,"This rate can be considered the official policy rate as from 23 Jan 1990. Australia had a managed exchange rate regime prior to 1983, in an environment of capital controls. The RBA did not have an explicit target interest rate prior to 23 Jan 1990. The BIS publishes a representative rate for that period. Between  23 Jan 1990 and 31 Jul the middle of the cash rate target corridor is used.", Central bank policy rates - Australia - Monthly - End of period,2024-02,4.35,A,F,
M,AU,368,0,,From 2 Aug 1990 onwards: cash rate target; from 23 Jan 1990 to 1 Aug 1990: middle of the cash rate target range; from 7 Apr 1976 to 22 Jan 1990: interbank overnight cash rate.,4,Reserve Bank of Australia,"This rate can be considered the official policy rate as from 23 Jan 1990. Australia had a managed exchange rate regime prior to 1983, in an environment of capital controls. The RBA did not have an explicit target interest rate prior to 23 Jan 1990. The BIS publishes a representative rate for that period. Between  23 Jan 1990 and 31 Jul the middle of the cash rate target corridor is used.", Central bank policy rates - Australia - Monthly - End of period,2024-03,4.35,A,F,
M,AU,368,0,,From 2 Aug 1990 onwards: cash rate target; from 23 Jan 1990 to 1 Aug 1990: middle of the cash rate target range; from 7 Apr 1976 to 22 Jan 1990: interbank overnight cash rate.,4,Reserve Bank of Australia,"This rate can be considered the official policy rate as from 23 Jan 1990. Australia had a managed exchange rate regime prior to 1983, in an environment of capital controls. The RBA did not have an explicit target interest rate prior to 23 Jan 1990. The BIS publishes a representative rate for that period. Between  23 Jan 1990 and 31 Jul the middle of the cash rate target corridor is used.", Central bank policy rates - Australia - Monthly - End of period,2024-04,4.35,A,F,
M,AU,368,0,,From 2 Aug 1990 onwards: cash rate target; from 23 Jan 1990 to 1 Aug 1990: middle of the cash rate target range; from 7 Apr 1976 to 22 Jan 1990: interbank overnight cash rate.,4,Reserve Bank of Australia,"This rate can be considered the official policy rate as from 23 Jan 1990. Australia had a managed exchange rate regime prior to 1983, in an environment of capital controls. The RBA did not have an explicit target interest rate prior to 23 Jan 1990. The BIS publishes a representative rate for that period. Between  23 Jan 1990 and 31 Jul the middle of the cash rate target corridor is used.", Central bank policy rates - Australia - Monthly - End of period,2024-05,4.35,A,F,
M,AU,368,0,,From 2 Aug 1990 onwards: cash rate target; from 23 Jan 1990 to 1 Aug 1990: middle of the cash rate target range; from 7 Apr 1976 to 22 Jan 1990: interbank overnight cash rate.,4,Reserve Bank of Australia,"This rate can be considered the official policy rate as from 23 Jan 1990. Australia had a managed exchange rate regime prior to 1983, in an environment of capital controls. The RBA did not have an explicit target interest rate prior to 23 Jan 1990. The BIS publishes a representative rate for that period. Between  23 Jan 1990 and 31 Jul the middle of the cash rate target corridor is used.", Central bank policy rates - Australia - Monthly - End of period,2024-06,4.35,A,F,
M,AU,368,0,,From 2 Aug 1990 onwards: cash rate target; from 23 Jan 1990 to 1 Aug 1990: middle of the cash rate target range; from 7 Apr 1976 to 22 Jan 1990: interbank overnight cash rate.,4,Reserve Bank of Australia,"This rate can be considered the official policy rate as from 23 Jan 1990. Australia had a managed exchange rate regime prior to 1983, in an environment of capital controls. The RBA did not have an explicit target interest rate prior to 23 Jan 1990. The BIS publishes a representative rate for that period. Between  23 Jan 1990 and 31 Jul the middle of the cash rate target corridor is used.", Central bank policy rates - Australia - Monthly - End of period,2024-07,4.35,A,F,
M,AU,368,0,,From 2 Aug 1990 onwards: cash rate target; from 23 Jan 1990 to 1 Aug 1990: middle of the cash rate target range; from 7 Apr 1976 to 22 Jan 1990: interbank overnight cash rate.,4,Reserve Bank of Australia,"This rate can be considered the official policy rate as from 23 Jan 1990. Australia had a managed exchange rate regime prior to 1983, in an environment of capital controls. The RBA did not have an explicit target interest rate prior to 23 Jan 1990. The BIS publishes a representative rate for that period. Between  23 Jan 1990 and 31 Jul the middle of the cash rate target corridor is used.", Central bank policy rates - Australia - Monthly - End of period,2024-08,4.35,A,F,
M,AU,368,0,,From 2 Aug 1990 onwards: cash rate target; from 23 Jan 1990 to 1 Aug 1990: middle of the cash rate target range; from 7 Apr 1976 to 22 Jan 1990: interbank overnight cash rate.,4,Reserve Bank of Australia,"This rate can be considered the official policy rate as from 23 Jan 1990. Australia had a managed exchange rate regime prior to 1983, in an environment of capital controls. The RBA did not have an explicit target interest rate prior to 23 Jan 1990. The BIS publishes a representative rate for that period. Between  23 Jan 1990 and 31 Jul the middle of the cash rate target corridor is used.", Central bank policy rates - Australia - Monthly - End of period,2024-09,4.35,A,F,
M,AU,368,0,,From 2 Aug 1990 onwards: cash rate target; from 23 Jan 1990 to 1 Aug 1990: middle of the cash rate target range; from 7 Apr 1976 to 22 Jan 1990: interbank overnight cash rate.,4,Reserve Bank of Australia,"This rate can be considered the official policy rate as from 23 Jan 1990. Australia had a managed exchange rate regime prior to 1983, in an environment of capital controls. The RBA did not have an explicit target interest rate prior to 23 Jan 1990. The BIS publishes a representative rate for that period. Between  23 Jan 1990 and 31 Jul the middle of the cash rate target corridor is used.", Central bank policy rates - Australia - Monthly - End of period,2024-10,4.35,A,F,
M,AU,368,0,,From 2 Aug 1990 onwards: cash rate target; from 23 Jan 1990 to 1 Aug 1990: middle of the cash rate target range; from 7 Apr 1976 to 22 Jan 1990: interbank overnight cash rate.,4,Reserve Bank of Australia,"This rate can be considered the official policy rate as from 23 Jan 1990. Australia had a managed exchange rate regime prior to 1983, in an environment of capital controls. The RBA did not have an explicit target interest rate prior to 23 Jan 1990. The BIS publishes a representative rate for that period. Between  23 Jan 1990 and 31 Jul the middle of the cash rate target corridor is used.", Central bank policy rates - Australia - Monthly - End of period,2024-11,4.35,A,F,
M,AU,368,0,,From 2 Aug 1990 onwards: cash rate target; from 23 Jan 1990 to 1 Aug 1990: middle of the cash rate target range; from 7 Apr 1976 to 22 Jan 1990: interbank overnight cash rate.,4,Reserve Bank of Australia,"This rate can be considered the official policy rate as from 23 Jan 1990. Australia had a managed exchange rate regime prior to 1983, in an environment of capital controls. The RBA did not have an explicit target interest rate prior to 23 Jan 1990. The BIS publishes a representative rate for that period. Between  23 Jan 1990 and 31 Jul the middle of the cash rate target corridor is used.", Central bank policy rates - Australia - Monthly - End of period,2024-12,4.35,A,F,
M,AU,368,0,,From 2 Aug 1990 onwards: cash rate target; from 23 Jan 1990 to 1 Aug 1990: middle of the cash rate target range; from 7 Apr 1976 to 22 Jan 1990: interbank overnight cash rate.,4,Reserve Bank of Australia,"This rate can be considered the official policy rate as from 23 Jan 1990. Australia had a managed exchange rate regime prior to 1983, in an environment of capital controls. The RBA did not have an explicit target interest rate prior to 23 Jan 1990. The BIS publishes a representative rate for that period. Between  23 Jan 1990 and 31 Jul the middle of the cash rate target corridor is used.", Central bank policy rates - Australia - Monthly - End of period,2025-01,4.35,A,F,
M,AU,368,0,,From 2 Aug 1990 onwards: cash rate target; from 23 Jan 1990 to 1 Aug 1990: middle of the cash rate target range; from 7 Apr 1976 to 22 Jan 1990: interbank overnight cash rate.,4,Reserve Bank of Australia,"This rate can be considered the official policy rate as from 23 Jan 1990. Australia had a managed exchange rate regime prior to 1983, in an environment of capital controls. The RBA did not have an explicit target interest rate prior to 23 Jan 1990. The BIS publishes a representative rate for that period. Between  23 Jan 1990 and 31 Jul the middle of the cash rate target corridor is used.", Central bank policy rates - Australia - Monthly - End of period,2025-02,4.1,A,F,
M,AU,368,0,,From 2 Aug 1990 onwards: cash rate target; from 23 Jan 1990 to 1 Aug 1990: middle of the cash rate target range; from 7 Apr 1976 to 22 Jan 1990: interbank overnight cash rate.,4,Reserve Bank of Australia,"This rate can be considered the official policy rate as from 23 Jan 1990. Australia had a managed exchange rate regime prior to 1983, in an environment of capital controls. The RBA did not have an explicit target interest rate prior to 23 Jan 1990. The BIS publishes a representative rate for that period. Between  23 Jan 1990 and 31 Jul the middle of the cash rate target corridor is used.", Central bank policy rates - Australia - Monthly - End of period,2025-03,4.1,A,F,
M,AU,368,0,,From 2 Aug 1990 onwards: cash rate target; from 23 Jan 1990 to 1 Aug 1990: middle of the cash rate target range; from 7 Apr 1976 to 22 Jan 1990: interbank overnight cash rate.,4,Reserve Bank of Australia,"This rate can be considered the official policy rate as from 23 Jan 1990. Australia had a managed exchange rate regime prior to 1983, in an environment of capital controls. The RBA did not have an explicit target interest rate prior to 23 Jan 1990. The BIS publishes a representative rate for that period. Between  23 Jan 1990 and 31 Jul the middle of the cash rate target corridor is used.", Central bank policy rates - Australia - Monthly - End of period,2025-04,4.1,A,F,
M,AU,368,0,,From 2 Aug 1990 onwards: cash rate target; from 23 Jan 1990 to 1 Aug 1990: middle of the cash rate target range; from 7 Apr 1976 to 22 Jan 1990: interbank overnight cash rate.,4,Reserve Bank of Australia,"This rate can be considered the official policy rate as from 23 Jan 1990. Australia had a managed exchange rate regime prior to 1983, in an environment of capital controls. The RBA did not have an explicit target interest rate prior to 23 Jan 1990. The BIS publishes a representative rate for that period. Between  23 Jan 1990 and 31 Jul the middle of the cash rate target corridor is used.", Central bank policy rates - Australia - Monthly - End of period,2025-05,3.85,A,F,
M,AU,368,0,,From 2 Aug 1990 onwards: cash rate target; from 23 Jan 1990 to 1 Aug 1990: middle of the cash rate target range; from 7 Apr 1976 to 22 Jan 1990: interbank overnight cash rate.,4,Reserve Bank of Australia,"This rate can be considered the official policy rate as from 23 Jan 1990. Australia had a managed exchange rate regime prior to 1983, in an environment of capital controls. The RBA did not have an explicit target interest rate prior to 23 Jan 1990. The BIS publishes a representative rate for that period. Between  23 Jan 1990 and 31 Jul the middle of the cash rate target corridor is used.", Central bank policy rates - Australia - Monthly - End of period,2025-06,3.85,A,F,
M,AU,368,0,,From 2 Aug 1990 onwards: cash rate target; from 23 Jan 1990 to 1 Aug 1990: middle of the cash rate target range; from 7 Apr 1976 to 22 Jan 1990: interbank overnight cash rate.,4,Reserve Bank of Australia,"This rate can be considered the official policy rate as from 23 Jan 1990. Australia had a managed exchange rate regime prior to 1983, in an environment of capital controls. The RBA did not have an explicit target interest rate prior to 23 Jan 1990. The BIS publishes a representative rate for that period. Between  23 Jan 1990 and 31 Jul the middle of the cash rate target corridor is used.", Central bank policy rates - Australia - Monthly - End of period,2025-07,3.85,A,F,
M,AU,368,0,,From 2 Aug 1990 onwards: cash rate target; from 23 Jan 1990 to 1 Aug 1990: middle of the cash rate target range; from 7 Apr 1976 to 22 Jan 1990: interbank overnight cash rate.,4,Reserve Bank of Australia,"This rate can be considered the official policy rate as from 23 Jan 1990. Australia had a managed exchange rate regime prior to 1983, in an environment of capital controls. The RBA did not have an explicit target interest rate prior to 23 Jan 1990. The BIS publishes a representative rate for that period. Between  23 Jan 1990 and 31 Jul the middle of the cash rate target corridor is used.", Central bank policy rates - Australia - Monthly - End of period,2025-08,3.6,A,F,
M,AU,368,0,,From 2 Aug 1990 onwards: cash rate target; from 23 Jan 1990 to 1 Aug 1990: middle of the cash rate target range; from 7 Apr 1976 to 22 Jan 1990: interbank overnight cash rate.,4,Reserve Bank of Australia,"This rate can be considered the official policy rate as from 23 Jan 1990. Australia had a managed exchange rate regime prior to 1983, in an environment of capital controls. The RBA did not have an explicit target interest rate prior to 23 Jan 1990. The BIS publishes a representative rate for that period. Between  23 Jan 1990 and 31 Jul the middle of the cash rate target corridor is used.", Central bank policy rates - Australia - Monthly - End of period,2025-09,3.6,A,F,
M,AU,368,0,,From 2 Aug 1990 onwards: cash rate target; from 23 Jan 1990 to 1 Aug 1990: middle of the cash rate target range; from 7 Apr 1976 to 22 Jan 1990: interbank overnight cash rate.,4,Reserve Bank of Australia,"This rate can be considered the official policy rate as from 23 Jan 1990. Australia had a managed exchange rate regime prior to 1983, in an environment of capital controls. The RBA did not have an explicit target interest rate prior to 23 Jan 1990. The BIS publishes a representative rate for that period. Between  23 Jan 1990 and 31 Jul the middle of the cash rate target corridor is used.", Central bank policy rates - Australia - Monthly - End of period,2025-10,3.6,A,F,
M,AU,368,0,,From 2 Aug 1990 onwards: cash rate target; from 23 Jan 1990 to 1 Aug 1990: middle of the cash rate target range; from 7 Apr 1976 to 22 Jan 1990: interbank overnight cash rate.,4,Reserve Bank of Australia,"This rate can be considered the official policy rate as from 23 Jan 1990. Australia had a managed exchange rate regime prior to 1983, in an environment of capital controls. The RBA did not have an explicit target interest rate prior to 23 Jan 1990. The BIS publishes a representative rate for that period. Between  23 Jan 1990 and 31 Jul the middle of the cash rate target corridor is used.", Central bank policy rates - Australia - Monthly - End of period,2025-11,3.6,A,F,
M,AU,368,0,,From 2 Aug 1990 onwards: cash rate target; from 23 Jan 1990 to 1 Aug 1990: middle of the cash rate target range; from 7 Apr 1976 to 22 Jan 1990: interbank overnight cash rate.,4,Reserve Bank of Australia,"This rate can be considered the official policy rate as from 23 Jan 1990. Australia had a managed exchange rate regime prior to 1983, in an environment of capital controls. The RBA did not have an explicit target interest rate prior to 23 Jan 1990. The BIS publishes a representative rate for that period. Between  23 Jan 1990 and 31 Jul the middle of the cash rate target corridor is used.", Central bank policy rates - Australia - Monthly - End of period,2025-12,3.6,A,F,
M,AU,368,0,,From 2 Aug 1990 onwards: cash rate target; from 23 Jan 1990 to 1 Aug 1990: middle of the cash rate target range; from 7 Apr 1976 to 22 Jan 1990: interbank overnight cash rate.,4,Reserve Bank of Australia,"This rate can be considered the official policy rate as from 23 Jan 1990. Australia had a managed exchange rate regime prior to 1983, in an environment of capital controls. The RBA did not have an explicit target interest rate prior to 23 Jan 1990. The BIS publishes a representative rate for that period. Between  23 Jan 1990 and 31 Jul the middle of the cash rate target corridor is used.", Central bank policy rates - Australia - Monthly - End of period,2026-01,3.6,A,F,
M,AU,368,0,,From 2 Aug 1990 onwards: cash rate target; from 23 Jan 1990 to 1 Aug 1990: middle of the cash rate target range; from 7 Apr 1976 to 22 Jan 1990: interbank overnight cash rate.,4,Reserve Bank of Australia,"This rate can be considered the official policy rate as from 23 Jan 1990. Australia had a managed exchange rate regime prior to 1983, in an environment of capital controls. The RBA did not have an explicit target interest rate prior to 23 Jan 1990. The BIS publishes a representative rate for that period. Between  23 Jan 1990 and 31 Jul the middle of the cash rate target corridor is used.", Central bank policy rates - Australia - Monthly - End of period,2026-02,3.85,A,F,
M,AU,368,0,,From 2 Aug 1990 onwards: cash rate target; from 23 Jan 1990 to 1 Aug 1990: middle of the cash rate target range; from 7 Apr 1976 to 22 Jan 1990: interbank overnight cash rate.,4,Reserve Bank of Australia,"This rate can be considered the official policy rate as from 23 Jan 1990. Australia had a managed exchange rate regime prior to 1983, in an environment of capital controls. The RBA did not have an explicit target interest rate prior to 23 Jan 1990. The BIS publishes a representative rate for that period. Between  23 Jan 1990 and 31 Jul the middle of the cash rate target corridor is used.", Central bank policy rates - Australia - Monthly - End of period,2026-03,4.1,A,F,
M,AU,368,0,,From 2 Aug 1990 onwards: cash rate target; from 23 Jan 1990 to 1 Aug 1990: middle of the cash rate target range; from 7 Apr 1976 to 22 Jan 1990: interbank overnight cash rate.,4,Reserve Bank of Australia,"This rate can be considered the official policy rate as from 23 Jan 1990. Australia had a managed exchange rate regime prior to 1983, in an environment of capital controls. The RBA did not have an explicit target interest rate prior to 23 Jan 1990. The BIS publishes a representative rate for that period. Between  23 Jan 1990 and 31 Jul the middle of the cash rate target corridor is used.", Central bank policy rates - Australia - Monthly - End of period,2026-04,4.1,A,F,
M,AU,368,0,,From 2 Aug 1990 onwards: cash rate target; from 23 Jan 1990 to 1 Aug 1990: middle of the cash rate target range; from 7 Apr 1976 to 22 Jan 1990: interbank overnight cash rate.,4,Reserve Bank of Australia,"This rate can be considered the official policy rate as from 23 Jan 1990. Australia had a managed exchange rate regime prior to 1983, in an environment of capital controls. The RBA did not have an explicit target interest rate prior to 23 Jan 1990. The BIS publishes a representative rate for that period. Between  23 Jan 1990 and 31 Jul the middle of the cash rate target corridor is used.", Central bank policy rates - Australia - Monthly - End of period,2026-05,4.35,A,F,
M,AU,368,0,,From 2 Aug 1990 onwards: cash rate target; from 23 Jan 1990 to 1 Aug 1990: middle of the cash rate target range; from 7 Apr 1976 to 22 Jan 1990: interbank overnight cash rate.,4,Reserve Bank of Australia,"This rate can be considered the official policy rate as from 23 Jan 1990. Australia had a managed exchange rate regime prior to 1983, in an environment of capital controls. The RBA did not have an explicit target interest rate prior to 23 Jan 1990. The BIS publishes a representative rate for that period. Between  23 Jan 1990 and 31 Jul the middle of the cash rate target corridor is used.", Central bank policy rates - Australia - Monthly - End of period,2026-06,4.35,A,F,
M,AU,368,0,,From 2 Aug 1990 onwards: cash rate target; from 23 Jan 1990 to 1 Aug 1990: middle of the cash rate target range; from 7 Apr 1976 to 22 Jan 1990: interbank overnight cash rate.,4,Reserve Bank of Australia,"This rate can be considered the official policy rate as from 23 Jan 1990. Australia had a managed exchange rate regime prior to 1983, in an environment of capital controls. The RBA did not have an explicit target interest rate prior to 23 Jan 1990. The BIS publishes a representative rate for that period. Between  23 Jan 1990 and 31 Jul the middle of the cash rate target corridor is used.", Central bank policy rates - Australia - Monthly - End of period,2026-07,4.35,A,F,
M,AU,368,0,,From 2 Aug 1990 onwards: cash rate target; from 23 Jan 1990 to 1 Aug 1990: middle of the cash rate target range; from 7 Apr 1976 to 22 Jan 1990: interbank overnight cash rate.,4,Reserve Bank of Australia,"This rate can be considered the official policy rate as from 23 Jan 1990. Australia had a managed exchange rate regime prior to 1983, in an environment of capital controls. The RBA did not have an explicit target interest rate prior to 23 Jan 1990. The BIS publishes a representative rate for that period. Between  23 Jan 1990 and 31 Jul the middle of the cash rate target corridor is used.", Central bank policy rates - Australia - Monthly - End of period,2026-08,4.35,A,F,
