FREQ,REF_AREA,CURRENCY,COLLECTION,UNIT_MULT,DECIMALS,AVAILABILITY,TITLE,TIME_PERIOD,OBS_VALUE,OBS_STATUS,OBS_PRE_BREAK,OBS_CONF
M,GB,GBP,A,0,6,A, Exchange rates against USD United Kingdom - Pound (sterling) - Monthly - Average of observations through period,1791-01,0.220151,A,,F
M,GB,GBP,A,0,6,A, Exchange rates against USD United Kingdom - Pound (sterling) - Monthly - Average of observations through period,1791-02,0.220151,A,,F
M,GB,GBP,A,0,6,A, Exchange rates against USD United Kingdom - Pound (sterling) - Monthly - Average of observations through period,1791-03,0.222331,A,,F
M,GB,GBP,A,0,6,A, Exchange rates against USD United Kingdom - Pound (sterling) - Monthly - Average of observations through period,1791-04,0.220151,A,,F
M,GB,GBP,A,0,6,A, Exchange rates against USD United Kingdom - Pound (sterling) - Monthly - Average of observations through period,1791-05,0.225117,A,,F
M,GB,GBP,A,0,6,A, Exchange rates against USD United Kingdom - Pound (sterling) - Monthly - Average of observations through period,1791-06,0.219077,A,,F
M,GB,GBP,A,0,6,A, Exchange rates against USD United Kingdom - Pound (sterling) - Monthly - Average of observations through period,1791-07,0.218226,A,,F
M,GB,GBP,A,0,6,A, Exchange rates against USD United Kingdom - Pound (sterling) - Monthly - Average of observations through period,1791-08,0.219077,A,,F
M,GB,GBP,A,0,6,A, Exchange rates against USD United Kingdom - Pound (sterling) - Monthly - Average of observations through period,1791-09,0.216961,A,,F
M,GB,GBP,A,0,6,A, Exchange rates against USD United Kingdom - Pound (sterling) - Monthly - Average of observations through period,1791-10,0.220151,A,,F
M,GB,GBP,A,0,6,A, Exchange rates against USD United Kingdom - Pound (sterling) - Monthly - Average of observations through period,1791-11,0.218014,A,,F
M,GB,GBP,A,0,6,A, Exchange rates against USD United Kingdom - Pound (sterling) - Monthly - Average of observations through period,1791-12,0.222331,A,,F
M,GB,GBP,A,0,6,A, Exchange rates against USD United Kingdom - Pound (sterling) - Monthly - Average of observations through period,1792-01,0.224554,A,,F
M,GB,GBP,A,0,6,A, Exchange rates against USD United Kingdom - Pound (sterling) - Monthly - Average of observations through period,1792-02,0.220151,A,,F
M,GB,GBP,A,0,6,A, Exchange rates against USD United Kingdom - Pound (sterling) - Monthly - Average of observations through period,1792-03,0.224554,A,,F
M,GB,GBP,A,0,6,A, Exchange rates against USD United Kingdom - Pound (sterling) - Monthly - Average of observations through period,1792-04,0.226822,A,,F
M,GB,GBP,A,0,6,A, Exchange rates against USD United Kingdom - Pound (sterling) - Monthly - Average of observations through period,1792-05,0.226822,A,,F
M,GB,GBP,A,0,6,A, Exchange rates against USD United Kingdom - Pound (sterling) - Monthly - Average of observations through period,1792-06,0.224554,A,,F
M,GB,GBP,A,0,6,A, Exchange rates against USD United Kingdom - Pound (sterling) - Monthly - Average of observations through period,1792-07,0.224554,A,,F
M,GB,GBP,A,0,6,A, Exchange rates against USD United Kingdom - Pound (sterling) - Monthly - Average of observations through period,1792-08,0.222331,A,,F
M,GB,GBP,A,0,6,A, Exchange rates against USD United Kingdom - Pound (sterling) - Monthly - Average of observations through period,1792-09,0.220151,A,,F
M,GB,GBP,A,0,6,A, Exchange rates against USD United Kingdom - Pound (sterling) - Monthly - Average of observations through period,1792-10,0.220151,A,,F
M,GB,GBP,A,0,6,A, Exchange rates against USD United Kingdom - Pound (sterling) - Monthly - Average of observations through period,1792-11,0.220151,A,,F
M,GB,GBP,A,0,6,A, Exchange rates against USD United Kingdom - Pound (sterling) - Monthly - Average of observations through period,1792-12,0.233911,A,,F
M,GB,GBP,A,0,6,A, Exchange rates against USD United Kingdom - Pound (sterling) - Monthly - Average of observations through period,1793-01,0.233911,A,,F
M,GB,GBP,A,0,6,A, Exchange rates against USD United Kingdom - Pound (sterling) - Monthly - Average of observations through period,1793-02,0.230312,A,,F
M,GB,GBP,A,0,6,A, Exchange rates against USD United Kingdom - Pound (sterling) - Monthly - Average of observations through period,1793-03,0.224554,A,,F
M,GB,GBP,A,0,6,A, Exchange rates against USD United Kingdom - Pound (sterling) - Monthly - Average of observations through period,1793-04,0.224554,A,,F
M,GB,GBP,A,0,6,A, Exchange rates against USD United Kingdom - Pound (sterling) - Monthly - Average of observations through period,1793-05,0.224554,A,,F
M,GB,GBP,A,0,6,A, Exchange rates against USD United Kingdom - Pound (sterling) - Monthly - Average of observations through period,1793-06,0.224554,A,,F
M,GB,GBP,A,0,6,A, Exchange rates against USD United Kingdom - Pound (sterling) - Monthly - Average of observations through period,1793-07,0.220151,A,,F
M,GB,GBP,A,0,6,A, Exchange rates against USD United Kingdom - Pound (sterling) - Monthly - Average of observations through period,1793-08,0.218014,A,,F
M,GB,GBP,A,0,6,A, Exchange rates against USD United Kingdom - Pound (sterling) - Monthly - Average of observations through period,1793-09,0.213861,A,,F
M,GB,GBP,A,0,6,A, Exchange rates against USD United Kingdom - Pound (sterling) - Monthly - Average of observations through period,1793-10,0.220151,A,,F
M,GB,GBP,A,0,6,A, Exchange rates against USD United Kingdom - Pound (sterling) - Monthly - Average of observations through period,1793-11,0.215917,A,,F
M,GB,GBP,A,0,6,A, Exchange rates against USD United Kingdom - Pound (sterling) - Monthly - Average of observations through period,1793-12,0.213861,A,,F
M,GB,GBP,A,0,6,A, Exchange rates against USD United Kingdom - Pound (sterling) - Monthly - Average of observations through period,1794-01,0.213861,A,,F
M,GB,GBP,A,0,6,A, Exchange rates against USD United Kingdom - Pound (sterling) - Monthly - Average of observations through period,1794-02,0.211844,A,,F
M,GB,GBP,A,0,6,A, Exchange rates against USD United Kingdom - Pound (sterling) - Monthly - Average of observations through period,1794-03,0.214884,A,,F
M,GB,GBP,A,0,6,A, Exchange rates against USD United Kingdom - Pound (sterling) - Monthly - Average of observations through period,1794-04,0.214884,A,,F
M,GB,GBP,A,0,6,A, Exchange rates against USD United Kingdom - Pound (sterling) - Monthly - Average of observations through period,1794-05,0.211844,A,,F
M,GB,GBP,A,0,6,A, Exchange rates against USD United Kingdom - Pound (sterling) - Monthly - Average of observations through period,1794-06,0.213861,A,,F
M,GB,GBP,A,0,6,A, Exchange rates against USD United Kingdom - Pound (sterling) - Monthly - Average of observations through period,1794-07,0.207921,A,,F
M,GB,GBP,A,0,6,A, Exchange rates against USD United Kingdom - Pound (sterling) - Monthly - Average of observations through period,1794-08,0.207921,A,,F
M,GB,GBP,A,0,6,A, Exchange rates against USD United Kingdom - Pound (sterling) - Monthly - Average of observations through period,1794-09,0.207921,A,,F
M,GB,GBP,A,0,6,A, Exchange rates against USD United Kingdom - Pound (sterling) - Monthly - Average of observations through period,1794-10,0.207921,A,,F
M,GB,GBP,A,0,6,A, Exchange rates against USD United Kingdom - Pound (sterling) - Monthly - Average of observations through period,1794-11,0.207921,A,,F
M,GB,GBP,A,0,6,A, Exchange rates against USD United Kingdom - Pound (sterling) - Monthly - Average of observations through period,1794-12,0.207921,A,,F
M,GB,GBP,A,0,6,A, Exchange rates against USD United Kingdom - Pound (sterling) - Monthly - Average of observations through period,1795-01,0.211844,A,,F
M,GB,GBP,A,0,6,A, Exchange rates against USD United Kingdom - Pound (sterling) - Monthly - Average of observations through period,1795-02,0.218014,A,,F
M,GB,GBP,A,0,6,A, Exchange rates against USD United Kingdom - Pound (sterling) - Monthly - Average of observations through period,1795-03,0.224554,A,,F
M,GB,GBP,A,0,6,A, Exchange rates against USD United Kingdom - Pound (sterling) - Monthly - Average of observations through period,1795-04,0.224554,A,,F
M,GB,GBP,A,0,6,A, Exchange rates against USD United Kingdom - Pound (sterling) - Monthly - Average of observations through period,1795-05,0.220151,A,,F
M,GB,GBP,A,0,6,A, Exchange rates against USD United Kingdom - Pound (sterling) - Monthly - Average of observations through period,1795-06,0.213861,A,,F
M,GB,GBP,A,0,6,A, Exchange rates against USD United Kingdom - Pound (sterling) - Monthly - Average of observations through period,1795-07,0.218014,A,,F
M,GB,GBP,A,0,6,A, Exchange rates against USD United Kingdom - Pound (sterling) - Monthly - Average of observations through period,1795-08,0.224554,A,,F
M,GB,GBP,A,0,6,A, Exchange rates against USD United Kingdom - Pound (sterling) - Monthly - Average of observations through period,1795-09,0.220151,A,,F
M,GB,GBP,A,0,6,A, Exchange rates against USD United Kingdom - Pound (sterling) - Monthly - Average of observations through period,1795-10,0.222331,A,,F
M,GB,GBP,A,0,6,A, Exchange rates against USD United Kingdom - Pound (sterling) - Monthly - Average of observations through period,1795-11,0.224554,A,,F
M,GB,GBP,A,0,6,A, Exchange rates against USD United Kingdom - Pound (sterling) - Monthly - Average of observations through period,1795-12,0.231499,A,,F
M,GB,GBP,A,0,6,A, Exchange rates against USD United Kingdom - Pound (sterling) - Monthly - Average of observations through period,1796-01,0.252308,A,,F
M,GB,GBP,A,0,6,A, Exchange rates against USD United Kingdom - Pound (sterling) - Monthly - Average of observations through period,1796-02,0.249505,A,,F
M,GB,GBP,A,0,6,A, Exchange rates against USD United Kingdom - Pound (sterling) - Monthly - Average of observations through period,1796-03,0.236373,A,,F
M,GB,GBP,A,0,6,A, Exchange rates against USD United Kingdom - Pound (sterling) - Monthly - Average of observations through period,1796-04,0.233911,A,,F
M,GB,GBP,A,0,6,A, Exchange rates against USD United Kingdom - Pound (sterling) - Monthly - Average of observations through period,1796-05,0.233911,A,,F
M,GB,GBP,A,0,6,A, Exchange rates against USD United Kingdom - Pound (sterling) - Monthly - Average of observations through period,1796-06,0.231499,A,,F
M,GB,GBP,A,0,6,A, Exchange rates against USD United Kingdom - Pound (sterling) - Monthly - Average of observations through period,1796-07,0.230312,A,,F
M,GB,GBP,A,0,6,A, Exchange rates against USD United Kingdom - Pound (sterling) - Monthly - Average of observations through period,1796-08,0.229137,A,,F
M,GB,GBP,A,0,6,A, Exchange rates against USD United Kingdom - Pound (sterling) - Monthly - Average of observations through period,1796-09,0.229137,A,,F
M,GB,GBP,A,0,6,A, Exchange rates against USD United Kingdom - Pound (sterling) - Monthly - Average of observations through period,1796-10,0.229137,A,,F
M,GB,GBP,A,0,6,A, Exchange rates against USD United Kingdom - Pound (sterling) - Monthly - Average of observations through period,1796-11,0.224554,A,,F
M,GB,GBP,A,0,6,A, Exchange rates against USD United Kingdom - Pound (sterling) - Monthly - Average of observations through period,1796-12,0.224554,A,,F
M,GB,GBP,A,0,6,A, Exchange rates against USD United Kingdom - Pound (sterling) - Monthly - Average of observations through period,1797-01,0.224554,A,,F
M,GB,GBP,A,0,6,A, Exchange rates against USD United Kingdom - Pound (sterling) - Monthly - Average of observations through period,1797-02,0.224554,A,,F
M,GB,GBP,A,0,6,A, Exchange rates against USD United Kingdom - Pound (sterling) - Monthly - Average of observations through period,1797-03,0.224554,A,,F
M,GB,GBP,A,0,6,A, Exchange rates against USD United Kingdom - Pound (sterling) - Monthly - Average of observations through period,1797-04,0.224554,A,,F
M,GB,GBP,A,0,6,A, Exchange rates against USD United Kingdom - Pound (sterling) - Monthly - Average of observations through period,1797-05,0.224554,A,,F
M,GB,GBP,A,0,6,A, Exchange rates against USD United Kingdom - Pound (sterling) - Monthly - Average of observations through period,1797-06,0.229137,A,,F
M,GB,GBP,A,0,6,A, Exchange rates against USD United Kingdom - Pound (sterling) - Monthly - Average of observations through period,1797-07,0.224554,A,,F
M,GB,GBP,A,0,6,A, Exchange rates against USD United Kingdom - Pound (sterling) - Monthly - Average of observations through period,1797-08,0.224554,A,,F
M,GB,GBP,A,0,6,A, Exchange rates against USD United Kingdom - Pound (sterling) - Monthly - Average of observations through period,1797-09,0.231499,A,,F
M,GB,GBP,A,0,6,A, Exchange rates against USD United Kingdom - Pound (sterling) - Monthly - Average of observations through period,1797-10,0.224554,A,,F
M,GB,GBP,A,0,6,A, Exchange rates against USD United Kingdom - Pound (sterling) - Monthly - Average of observations through period,1797-11,0.224554,A,,F
M,GB,GBP,A,0,6,A, Exchange rates against USD United Kingdom - Pound (sterling) - Monthly - Average of observations through period,1797-12,0.224554,A,,F
M,GB,GBP,A,0,6,A, Exchange rates against USD United Kingdom - Pound (sterling) - Monthly - Average of observations through period,1798-01,0.224554,A,,F
M,GB,GBP,A,0,6,A, Exchange rates against USD United Kingdom - Pound (sterling) - Monthly - Average of observations through period,1798-02,0.224554,A,,F
M,GB,GBP,A,0,6,A, Exchange rates against USD United Kingdom - Pound (sterling) - Monthly - Average of observations through period,1798-03,0.224554,A,,F
M,GB,GBP,A,0,6,A, Exchange rates against USD United Kingdom - Pound (sterling) - Monthly - Average of observations through period,1798-04,0.224554,A,,F
M,GB,GBP,A,0,6,A, Exchange rates against USD United Kingdom - Pound (sterling) - Monthly - Average of observations through period,1798-05,0.224554,A,,F
M,GB,GBP,A,0,6,A, Exchange rates against USD United Kingdom - Pound (sterling) - Monthly - Average of observations through period,1798-06,0.224554,A,,F
M,GB,GBP,A,0,6,A, Exchange rates against USD United Kingdom - Pound (sterling) - Monthly - Average of observations through period,1798-07,0.229137,A,,F
M,GB,GBP,A,0,6,A, Exchange rates against USD United Kingdom - Pound (sterling) - Monthly - Average of observations through period,1798-08,0.233911,A,,F
M,GB,GBP,A,0,6,A, Exchange rates against USD United Kingdom - Pound (sterling) - Monthly - Average of observations through period,1798-09,0.224554,A,,F
M,GB,GBP,A,0,6,A, Exchange rates against USD United Kingdom - Pound (sterling) - Monthly - Average of observations through period,1798-10,0.233911,A,,F
M,GB,GBP,A,0,6,A, Exchange rates against USD United Kingdom - Pound (sterling) - Monthly - Average of observations through period,1798-11,0.233911,A,,F
M,GB,GBP,A,0,6,A, Exchange rates against USD United Kingdom - Pound (sterling) - Monthly - Average of observations through period,1798-12,0.233911,A,,F
M,GB,GBP,A,0,6,A, Exchange rates against USD United Kingdom - Pound (sterling) - Monthly - Average of observations through period,1799-01,0.233911,A,,F
M,GB,GBP,A,0,6,A, Exchange rates against USD United Kingdom - Pound (sterling) - Monthly - Average of observations through period,1799-02,0.224554,A,,F
M,GB,GBP,A,0,6,A, Exchange rates against USD United Kingdom - Pound (sterling) - Monthly - Average of observations through period,1799-03,0.224554,A,,F
M,GB,GBP,A,0,6,A, Exchange rates against USD United Kingdom - Pound (sterling) - Monthly - Average of observations through period,1799-04,0.249505,A,,F
M,GB,GBP,A,0,6,A, Exchange rates against USD United Kingdom - Pound (sterling) - Monthly - Average of observations through period,1799-05,0.249505,A,,F
M,GB,GBP,A,0,6,A, Exchange rates against USD United Kingdom - Pound (sterling) - Monthly - Average of observations through period,1799-06,0.249505,A,,F
M,GB,GBP,A,0,6,A, Exchange rates against USD United Kingdom - Pound (sterling) - Monthly - Average of observations through period,1799-07,0.249505,A,,F
M,GB,GBP,A,0,6,A, Exchange rates against USD United Kingdom - Pound (sterling) - Monthly - Average of observations through period,1799-08,0.249505,A,,F
M,GB,GBP,A,0,6,A, Exchange rates against USD United Kingdom - Pound (sterling) - Monthly - Average of observations through period,1799-09,0.249505,A,,F
M,GB,GBP,A,0,6,A, Exchange rates against USD United Kingdom - Pound (sterling) - Monthly - Average of observations through period,1799-10,0.249505,A,,F
M,GB,GBP,A,0,6,A, Exchange rates against USD United Kingdom - Pound (sterling) - Monthly - Average of observations through period,1799-11,0.249505,A,,F
M,GB,GBP,A,0,6,A, Exchange rates against USD United Kingdom - Pound (sterling) - Monthly - Average of observations through period,1799-12,0.231499,A,,F
M,GB,GBP,A,0,6,A, Exchange rates against USD United Kingdom - Pound (sterling) - Monthly - Average of observations through period,1800-01,0.229137,A,,F
M,GB,GBP,A,0,6,A, Exchange rates against USD United Kingdom - Pound (sterling) - Monthly - Average of observations through period,1800-02,0.224554,A,,F
M,GB,GBP,A,0,6,A, Exchange rates against USD United Kingdom - Pound (sterling) - Monthly - Average of observations through period,1800-03,0.220151,A,,F
M,GB,GBP,A,0,6,A, Exchange rates against USD United Kingdom - Pound (sterling) - Monthly - Average of observations through period,1800-04,0.220151,A,,F
M,GB,GBP,A,0,6,A, Exchange rates against USD United Kingdom - Pound (sterling) - Monthly - Average of observations through period,1800-05,0.218014,A,,F
M,GB,GBP,A,0,6,A, Exchange rates against USD United Kingdom - Pound (sterling) - Monthly - Average of observations through period,1800-06,0.218014,A,,F
M,GB,GBP,A,0,6,A, Exchange rates against USD United Kingdom - Pound (sterling) - Monthly - Average of observations through period,1800-07,0.218014,A,,F
M,GB,GBP,A,0,6,A, Exchange rates against USD United Kingdom - Pound (sterling) - Monthly - Average of observations through period,1800-08,0.218014,A,,F
M,GB,GBP,A,0,6,A, Exchange rates against USD United Kingdom - Pound (sterling) - Monthly - Average of observations through period,1800-09,0.220151,A,,F
M,GB,GBP,A,0,6,A, Exchange rates against USD United Kingdom - Pound (sterling) - Monthly - Average of observations through period,1800-10,0.224554,A,,F
M,GB,GBP,A,0,6,A, Exchange rates against USD United Kingdom - Pound (sterling) - Monthly - Average of observations through period,1800-11,0.215917,A,,F
M,GB,GBP,A,0,6,A, Exchange rates against USD United Kingdom - Pound (sterling) - Monthly - Average of observations through period,1800-12,0.213861,A,,F
M,GB,GBP,A,0,6,A, Exchange rates against USD United Kingdom - Pound (sterling) - Monthly - Average of observations through period,1801-01,0.220151,A,,F
M,GB,GBP,A,0,6,A, Exchange rates against USD United Kingdom - Pound (sterling) - Monthly - Average of observations through period,1801-02,0.233911,A,,F
M,GB,GBP,A,0,6,A, Exchange rates against USD United Kingdom - Pound (sterling) - Monthly - Average of observations through period,1801-03,0.233911,A,,F
M,GB,GBP,A,0,6,A, Exchange rates against USD United Kingdom - Pound (sterling) - Monthly - Average of observations through period,1801-04,0.233911,A,,F
M,GB,GBP,A,0,6,A, Exchange rates against USD United Kingdom - Pound (sterling) - Monthly - Average of observations through period,1801-05,0.224554,A,,F
M,GB,GBP,A,0,6,A, Exchange rates against USD United Kingdom - Pound (sterling) - Monthly - Average of observations through period,1801-06,0.233911,A,,F
M,GB,GBP,A,0,6,A, Exchange rates against USD United Kingdom - Pound (sterling) - Monthly - Average of observations through period,1801-07,0.231499,A,,F
M,GB,GBP,A,0,6,A, Exchange rates against USD United Kingdom - Pound (sterling) - Monthly - Average of observations through period,1801-08,0.231499,A,,F
M,GB,GBP,A,0,6,A, Exchange rates against USD United Kingdom - Pound (sterling) - Monthly - Average of observations through period,1801-09,0.224554,A,,F
M,GB,GBP,A,0,6,A, Exchange rates against USD United Kingdom - Pound (sterling) - Monthly - Average of observations through period,1801-10,0.224554,A,,F
M,GB,GBP,A,0,6,A, Exchange rates against USD United Kingdom - Pound (sterling) - Monthly - Average of observations through period,1801-11,0.224554,A,,F
M,GB,GBP,A,0,6,A, Exchange rates against USD United Kingdom - Pound (sterling) - Monthly - Average of observations through period,1801-12,0.224554,A,,F
M,GB,GBP,A,0,6,A, Exchange rates against USD United Kingdom - Pound (sterling) - Monthly - Average of observations through period,1802-01,0.226822,A,,F
M,GB,GBP,A,0,6,A, Exchange rates against USD United Kingdom - Pound (sterling) - Monthly - Average of observations through period,1802-02,0.226822,A,,F
M,GB,GBP,A,0,6,A, Exchange rates against USD United Kingdom - Pound (sterling) - Monthly - Average of observations through period,1802-03,0.226822,A,,F
M,GB,GBP,A,0,6,A, Exchange rates against USD United Kingdom - Pound (sterling) - Monthly - Average of observations through period,1802-04,0.226822,A,,F
M,GB,GBP,A,0,6,A, Exchange rates against USD United Kingdom - Pound (sterling) - Monthly - Average of observations through period,1802-05,0.226822,A,,F
M,GB,GBP,A,0,6,A, Exchange rates against USD United Kingdom - Pound (sterling) - Monthly - Average of observations through period,1802-06,0.220151,A,,F
M,GB,GBP,A,0,6,A, Exchange rates against USD United Kingdom - Pound (sterling) - Monthly - Average of observations through period,1802-07,0.216961,A,,F
M,GB,GBP,A,0,6,A, Exchange rates against USD United Kingdom - Pound (sterling) - Monthly - Average of observations through period,1802-08,0.220151,A,,F
M,GB,GBP,A,0,6,A, Exchange rates against USD United Kingdom - Pound (sterling) - Monthly - Average of observations through period,1802-09,0.221236,A,,F
M,GB,GBP,A,0,6,A, Exchange rates against USD United Kingdom - Pound (sterling) - Monthly - Average of observations through period,1802-10,0.224554,A,,F
M,GB,GBP,A,0,6,A, Exchange rates against USD United Kingdom - Pound (sterling) - Monthly - Average of observations through period,1802-11,0.220151,A,,F
M,GB,GBP,A,0,6,A, Exchange rates against USD United Kingdom - Pound (sterling) - Monthly - Average of observations through period,1802-12,0.220151,A,,F
M,GB,GBP,A,0,6,A, Exchange rates against USD United Kingdom - Pound (sterling) - Monthly - Average of observations through period,1803-01,0.224554,A,,F
M,GB,GBP,A,0,6,A, Exchange rates against USD United Kingdom - Pound (sterling) - Monthly - Average of observations through period,1803-02,0.224554,A,,F
M,GB,GBP,A,0,6,A, Exchange rates against USD United Kingdom - Pound (sterling) - Monthly - Average of observations through period,1803-03,0.222331,A,,F
M,GB,GBP,A,0,6,A, Exchange rates against USD United Kingdom - Pound (sterling) - Monthly - Average of observations through period,1803-04,0.220151,A,,F
M,GB,GBP,A,0,6,A, Exchange rates against USD United Kingdom - Pound (sterling) - Monthly - Average of observations through period,1803-05,0.224554,A,,F
M,GB,GBP,A,0,6,A, Exchange rates against USD United Kingdom - Pound (sterling) - Monthly - Average of observations through period,1803-06,0.220151,A,,F
M,GB,GBP,A,0,6,A, Exchange rates against USD United Kingdom - Pound (sterling) - Monthly - Average of observations through period,1803-07,0.218014,A,,F
M,GB,GBP,A,0,6,A, Exchange rates against USD United Kingdom - Pound (sterling) - Monthly - Average of observations through period,1803-08,0.216961,A,,F
M,GB,GBP,A,0,6,A, Exchange rates against USD United Kingdom - Pound (sterling) - Monthly - Average of observations through period,1803-09,0.216961,A,,F
M,GB,GBP,A,0,6,A, Exchange rates against USD United Kingdom - Pound (sterling) - Monthly - Average of observations through period,1803-10,0.216961,A,,F
M,GB,GBP,A,0,6,A, Exchange rates against USD United Kingdom - Pound (sterling) - Monthly - Average of observations through period,1803-11,0.220151,A,,F
M,GB,GBP,A,0,6,A, Exchange rates against USD United Kingdom - Pound (sterling) - Monthly - Average of observations through period,1803-12,0.219077,A,,F
M,GB,GBP,A,0,6,A, Exchange rates against USD United Kingdom - Pound (sterling) - Monthly - Average of observations through period,1804-01,0.218014,A,,F
M,GB,GBP,A,0,6,A, Exchange rates against USD United Kingdom - Pound (sterling) - Monthly - Average of observations through period,1804-02,0.218014,A,,F
M,GB,GBP,A,0,6,A, Exchange rates against USD United Kingdom - Pound (sterling) - Monthly - Average of observations through period,1804-03,0.220151,A,,F
M,GB,GBP,A,0,6,A, Exchange rates against USD United Kingdom - Pound (sterling) - Monthly - Average of observations through period,1804-04,0.216961,A,,F
M,GB,GBP,A,0,6,A, Exchange rates against USD United Kingdom - Pound (sterling) - Monthly - Average of observations through period,1804-05,0.218014,A,,F
M,GB,GBP,A,0,6,A, Exchange rates against USD United Kingdom - Pound (sterling) - Monthly - Average of observations through period,1804-06,0.220151,A,,F
M,GB,GBP,A,0,6,A, Exchange rates against USD United Kingdom - Pound (sterling) - Monthly - Average of observations through period,1804-07,0.219077,A,,F
M,GB,GBP,A,0,6,A, Exchange rates against USD United Kingdom - Pound (sterling) - Monthly - Average of observations through period,1804-08,0.220151,A,,F
M,GB,GBP,A,0,6,A, Exchange rates against USD United Kingdom - Pound (sterling) - Monthly - Average of observations through period,1804-09,0.220151,A,,F
M,GB,GBP,A,0,6,A, Exchange rates against USD United Kingdom - Pound (sterling) - Monthly - Average of observations through period,1804-10,0.220151,A,,F
M,GB,GBP,A,0,6,A, Exchange rates against USD United Kingdom - Pound (sterling) - Monthly - Average of observations through period,1804-11,0.222331,A,,F
M,GB,GBP,A,0,6,A, Exchange rates against USD United Kingdom - Pound (sterling) - Monthly - Average of observations through period,1804-12,0.224554,A,,F
M,GB,GBP,A,0,6,A, Exchange rates against USD United Kingdom - Pound (sterling) - Monthly - Average of observations through period,1805-01,0.224554,A,,F
M,GB,GBP,A,0,6,A, Exchange rates against USD United Kingdom - Pound (sterling) - Monthly - Average of observations through period,1805-02,0.226822,A,,F
M,GB,GBP,A,0,6,A, Exchange rates against USD United Kingdom - Pound (sterling) - Monthly - Average of observations through period,1805-03,0.229137,A,,F
M,GB,GBP,A,0,6,A, Exchange rates against USD United Kingdom - Pound (sterling) - Monthly - Average of observations through period,1805-04,0.227974,A,,F
M,GB,GBP,A,0,6,A, Exchange rates against USD United Kingdom - Pound (sterling) - Monthly - Average of observations through period,1805-05,0.229137,A,,F
M,GB,GBP,A,0,6,A, Exchange rates against USD United Kingdom - Pound (sterling) - Monthly - Average of observations through period,1805-06,0.236373,A,,F
M,GB,GBP,A,0,6,A, Exchange rates against USD United Kingdom - Pound (sterling) - Monthly - Average of observations through period,1805-07,0.236373,A,,F
M,GB,GBP,A,0,6,A, Exchange rates against USD United Kingdom - Pound (sterling) - Monthly - Average of observations through period,1805-08,0.236373,A,,F
M,GB,GBP,A,0,6,A, Exchange rates against USD United Kingdom - Pound (sterling) - Monthly - Average of observations through period,1805-09,0.230312,A,,F
M,GB,GBP,A,0,6,A, Exchange rates against USD United Kingdom - Pound (sterling) - Monthly - Average of observations through period,1805-10,0.229137,A,,F
M,GB,GBP,A,0,6,A, Exchange rates against USD United Kingdom - Pound (sterling) - Monthly - Average of observations through period,1805-11,0.226822,A,,F
M,GB,GBP,A,0,6,A, Exchange rates against USD United Kingdom - Pound (sterling) - Monthly - Average of observations through period,1805-12,0.229137,A,,F
M,GB,GBP,A,0,6,A, Exchange rates against USD United Kingdom - Pound (sterling) - Monthly - Average of observations through period,1806-01,0.226822,A,,F
M,GB,GBP,A,0,6,A, Exchange rates against USD United Kingdom - Pound (sterling) - Monthly - Average of observations through period,1806-02,0.226822,A,,F
M,GB,GBP,A,0,6,A, Exchange rates against USD United Kingdom - Pound (sterling) - Monthly - Average of observations through period,1806-03,0.229137,A,,F
M,GB,GBP,A,0,6,A, Exchange rates against USD United Kingdom - Pound (sterling) - Monthly - Average of observations through period,1806-04,0.226822,A,,F
M,GB,GBP,A,0,6,A, Exchange rates against USD United Kingdom - Pound (sterling) - Monthly - Average of observations through period,1806-05,0.226822,A,,F
M,GB,GBP,A,0,6,A, Exchange rates against USD United Kingdom - Pound (sterling) - Monthly - Average of observations through period,1806-06,0.224554,A,,F
M,GB,GBP,A,0,6,A, Exchange rates against USD United Kingdom - Pound (sterling) - Monthly - Average of observations through period,1806-07,0.224554,A,,F
M,GB,GBP,A,0,6,A, Exchange rates against USD United Kingdom - Pound (sterling) - Monthly - Average of observations through period,1806-08,0.224554,A,,F
M,GB,GBP,A,0,6,A, Exchange rates against USD United Kingdom - Pound (sterling) - Monthly - Average of observations through period,1806-09,0.224554,A,,F
M,GB,GBP,A,0,6,A, Exchange rates against USD United Kingdom - Pound (sterling) - Monthly - Average of observations through period,1806-10,0.224554,A,,F
M,GB,GBP,A,0,6,A, Exchange rates against USD United Kingdom - Pound (sterling) - Monthly - Average of observations through period,1806-11,0.224554,A,,F
M,GB,GBP,A,0,6,A, Exchange rates against USD United Kingdom - Pound (sterling) - Monthly - Average of observations through period,1806-12,0.224554,A,,F
M,GB,GBP,A,0,6,A, Exchange rates against USD United Kingdom - Pound (sterling) - Monthly - Average of observations through period,1807-01,0.226822,A,,F
M,GB,GBP,A,0,6,A, Exchange rates against USD United Kingdom - Pound (sterling) - Monthly - Average of observations through period,1807-02,0.226822,A,,F
M,GB,GBP,A,0,6,A, Exchange rates against USD United Kingdom - Pound (sterling) - Monthly - Average of observations through period,1807-03,0.226822,A,,F
M,GB,GBP,A,0,6,A, Exchange rates against USD United Kingdom - Pound (sterling) - Monthly - Average of observations through period,1807-04,0.226822,A,,F
M,GB,GBP,A,0,6,A, Exchange rates against USD United Kingdom - Pound (sterling) - Monthly - Average of observations through period,1807-05,0.229137,A,,F
M,GB,GBP,A,0,6,A, Exchange rates against USD United Kingdom - Pound (sterling) - Monthly - Average of observations through period,1807-06,0.229137,A,,F
M,GB,GBP,A,0,6,A, Exchange rates against USD United Kingdom - Pound (sterling) - Monthly - Average of observations through period,1807-07,0.224554,A,,F
M,GB,GBP,A,0,6,A, Exchange rates against USD United Kingdom - Pound (sterling) - Monthly - Average of observations through period,1807-08,0.224554,A,,F
M,GB,GBP,A,0,6,A, Exchange rates against USD United Kingdom - Pound (sterling) - Monthly - Average of observations through period,1807-09,0.224554,A,,F
M,GB,GBP,A,0,6,A, Exchange rates against USD United Kingdom - Pound (sterling) - Monthly - Average of observations through period,1807-10,0.224554,A,,F
M,GB,GBP,A,0,6,A, Exchange rates against USD United Kingdom - Pound (sterling) - Monthly - Average of observations through period,1807-11,0.224554,A,,F
M,GB,GBP,A,0,6,A, Exchange rates against USD United Kingdom - Pound (sterling) - Monthly - Average of observations through period,1807-12,0.224554,A,,F
M,GB,GBP,A,0,6,A, Exchange rates against USD United Kingdom - Pound (sterling) - Monthly - Average of observations through period,1808-01,0.224554,A,,F
M,GB,GBP,A,0,6,A, Exchange rates against USD United Kingdom - Pound (sterling) - Monthly - Average of observations through period,1808-02,0.224554,A,,F
M,GB,GBP,A,0,6,A, Exchange rates against USD United Kingdom - Pound (sterling) - Monthly - Average of observations through period,1808-03,0.224554,A,,F
M,GB,GBP,A,0,6,A, Exchange rates against USD United Kingdom - Pound (sterling) - Monthly - Average of observations through period,1808-04,0.220151,A,,F
M,GB,GBP,A,0,6,A, Exchange rates against USD United Kingdom - Pound (sterling) - Monthly - Average of observations through period,1808-05,0.213861,A,,F
M,GB,GBP,A,0,6,A, Exchange rates against USD United Kingdom - Pound (sterling) - Monthly - Average of observations through period,1808-06,0.213861,A,,F
M,GB,GBP,A,0,6,A, Exchange rates against USD United Kingdom - Pound (sterling) - Monthly - Average of observations through period,1808-07,0.213861,A,,F
M,GB,GBP,A,0,6,A, Exchange rates against USD United Kingdom - Pound (sterling) - Monthly - Average of observations through period,1808-08,0.213861,A,,F
M,GB,GBP,A,0,6,A, Exchange rates against USD United Kingdom - Pound (sterling) - Monthly - Average of observations through period,1808-09,0.213861,A,,F
M,GB,GBP,A,0,6,A, Exchange rates against USD United Kingdom - Pound (sterling) - Monthly - Average of observations through period,1808-10,0.213861,A,,F
M,GB,GBP,A,0,6,A, Exchange rates against USD United Kingdom - Pound (sterling) - Monthly - Average of observations through period,1808-11,0.211844,A,,F
M,GB,GBP,A,0,6,A, Exchange rates against USD United Kingdom - Pound (sterling) - Monthly - Average of observations through period,1808-12,0.207921,A,,F
M,GB,GBP,A,0,6,A, Exchange rates against USD United Kingdom - Pound (sterling) - Monthly - Average of observations through period,1809-01,0.207921,A,,F
M,GB,GBP,A,0,6,A, Exchange rates against USD United Kingdom - Pound (sterling) - Monthly - Average of observations through period,1809-02,0.207921,A,,F
M,GB,GBP,A,0,6,A, Exchange rates against USD United Kingdom - Pound (sterling) - Monthly - Average of observations through period,1809-03,0.215917,A,,F
M,GB,GBP,A,0,6,A, Exchange rates against USD United Kingdom - Pound (sterling) - Monthly - Average of observations through period,1809-04,0.222331,A,,F
M,GB,GBP,A,0,6,A, Exchange rates against USD United Kingdom - Pound (sterling) - Monthly - Average of observations through period,1809-05,0.224554,A,,F
M,GB,GBP,A,0,6,A, Exchange rates against USD United Kingdom - Pound (sterling) - Monthly - Average of observations through period,1809-06,0.224554,A,,F
M,GB,GBP,A,0,6,A, Exchange rates against USD United Kingdom - Pound (sterling) - Monthly - Average of observations through period,1809-07,0.222331,A,,F
M,GB,GBP,A,0,6,A, Exchange rates against USD United Kingdom - Pound (sterling) - Monthly - Average of observations through period,1809-08,0.222331,A,,F
M,GB,GBP,A,0,6,A, Exchange rates against USD United Kingdom - Pound (sterling) - Monthly - Average of observations through period,1809-09,0.216961,A,,F
M,GB,GBP,A,0,6,A, Exchange rates against USD United Kingdom - Pound (sterling) - Monthly - Average of observations through period,1809-10,0.216961,A,,F
M,GB,GBP,A,0,6,A, Exchange rates against USD United Kingdom - Pound (sterling) - Monthly - Average of observations through period,1809-11,0.220151,A,,F
M,GB,GBP,A,0,6,A, Exchange rates against USD United Kingdom - Pound (sterling) - Monthly - Average of observations through period,1809-12,0.224554,A,,F
M,GB,GBP,A,0,6,A, Exchange rates against USD United Kingdom - Pound (sterling) - Monthly - Average of observations through period,1810-01,0.229137,A,,F
M,GB,GBP,A,0,6,A, Exchange rates against USD United Kingdom - Pound (sterling) - Monthly - Average of observations through period,1810-02,0.231499,A,,F
M,GB,GBP,A,0,6,A, Exchange rates against USD United Kingdom - Pound (sterling) - Monthly - Average of observations through period,1810-03,0.233911,A,,F
M,GB,GBP,A,0,6,A, Exchange rates against USD United Kingdom - Pound (sterling) - Monthly - Average of observations through period,1810-04,0.233911,A,,F
M,GB,GBP,A,0,6,A, Exchange rates against USD United Kingdom - Pound (sterling) - Monthly - Average of observations through period,1810-05,0.233911,A,,F
M,GB,GBP,A,0,6,A, Exchange rates against USD United Kingdom - Pound (sterling) - Monthly - Average of observations through period,1810-06,0.233911,A,,F
M,GB,GBP,A,0,6,A, Exchange rates against USD United Kingdom - Pound (sterling) - Monthly - Average of observations through period,1810-07,0.231499,A,,F
M,GB,GBP,A,0,6,A, Exchange rates against USD United Kingdom - Pound (sterling) - Monthly - Average of observations through period,1810-08,0.229137,A,,F
M,GB,GBP,A,0,6,A, Exchange rates against USD United Kingdom - Pound (sterling) - Monthly - Average of observations through period,1810-09,0.231499,A,,F
M,GB,GBP,A,0,6,A, Exchange rates against USD United Kingdom - Pound (sterling) - Monthly - Average of observations through period,1810-10,0.233911,A,,F
M,GB,GBP,A,0,6,A, Exchange rates against USD United Kingdom - Pound (sterling) - Monthly - Average of observations through period,1810-11,0.233911,A,,F
M,GB,GBP,A,0,6,A, Exchange rates against USD United Kingdom - Pound (sterling) - Monthly - Average of observations through period,1810-12,0.236373,A,,F
M,GB,GBP,A,0,6,A, Exchange rates against USD United Kingdom - Pound (sterling) - Monthly - Average of observations through period,1811-01,0.249505,A,,F
M,GB,GBP,A,0,6,A, Exchange rates against USD United Kingdom - Pound (sterling) - Monthly - Average of observations through period,1811-02,0.249505,A,,F
M,GB,GBP,A,0,6,A, Exchange rates against USD United Kingdom - Pound (sterling) - Monthly - Average of observations through period,1811-03,0.249505,A,,F
M,GB,GBP,A,0,6,A, Exchange rates against USD United Kingdom - Pound (sterling) - Monthly - Average of observations through period,1811-04,0.258108,A,,F
M,GB,GBP,A,0,6,A, Exchange rates against USD United Kingdom - Pound (sterling) - Monthly - Average of observations through period,1811-05,0.258108,A,,F
M,GB,GBP,A,0,6,A, Exchange rates against USD United Kingdom - Pound (sterling) - Monthly - Average of observations through period,1811-06,0.258108,A,,F
M,GB,GBP,A,0,6,A, Exchange rates against USD United Kingdom - Pound (sterling) - Monthly - Average of observations through period,1811-07,0.261109,A,,F
M,GB,GBP,A,0,6,A, Exchange rates against USD United Kingdom - Pound (sterling) - Monthly - Average of observations through period,1811-08,0.270547,A,,F
M,GB,GBP,A,0,6,A, Exchange rates against USD United Kingdom - Pound (sterling) - Monthly - Average of observations through period,1811-09,0.277227,A,,F
M,GB,GBP,A,0,6,A, Exchange rates against USD United Kingdom - Pound (sterling) - Monthly - Average of observations through period,1811-10,0.277227,A,,F
M,GB,GBP,A,0,6,A, Exchange rates against USD United Kingdom - Pound (sterling) - Monthly - Average of observations through period,1811-11,0.273847,A,,F
M,GB,GBP,A,0,6,A, Exchange rates against USD United Kingdom - Pound (sterling) - Monthly - Average of observations through period,1811-12,0.267326,A,,F
M,GB,GBP,A,0,6,A, Exchange rates against USD United Kingdom - Pound (sterling) - Monthly - Average of observations through period,1812-01,0.270547,A,,F
M,GB,GBP,A,0,6,A, Exchange rates against USD United Kingdom - Pound (sterling) - Monthly - Average of observations through period,1812-02,0.270547,A,,F
M,GB,GBP,A,0,6,A, Exchange rates against USD United Kingdom - Pound (sterling) - Monthly - Average of observations through period,1812-03,0.277227,A,,F
M,GB,GBP,A,0,6,A, Exchange rates against USD United Kingdom - Pound (sterling) - Monthly - Average of observations through period,1812-04,0.284246,A,,F
M,GB,GBP,A,0,6,A, Exchange rates against USD United Kingdom - Pound (sterling) - Monthly - Average of observations through period,1812-05,0.280693,A,,F
M,GB,GBP,A,0,6,A, Exchange rates against USD United Kingdom - Pound (sterling) - Monthly - Average of observations through period,1812-06,0.280693,A,,F
M,GB,GBP,A,0,6,A, Exchange rates against USD United Kingdom - Pound (sterling) - Monthly - Average of observations through period,1812-07,0.280693,A,,F
M,GB,GBP,A,0,6,A, Exchange rates against USD United Kingdom - Pound (sterling) - Monthly - Average of observations through period,1812-08,0.280693,A,,F
M,GB,GBP,A,0,6,A, Exchange rates against USD United Kingdom - Pound (sterling) - Monthly - Average of observations through period,1812-09,0.280693,A,,F
M,GB,GBP,A,0,6,A, Exchange rates against USD United Kingdom - Pound (sterling) - Monthly - Average of observations through period,1812-10,0.270547,A,,F
M,GB,GBP,A,0,6,A, Exchange rates against USD United Kingdom - Pound (sterling) - Monthly - Average of observations through period,1812-11,0.270547,A,,F
M,GB,GBP,A,0,6,A, Exchange rates against USD United Kingdom - Pound (sterling) - Monthly - Average of observations through period,1812-12,0.273847,A,,F
M,GB,GBP,A,0,6,A, Exchange rates against USD United Kingdom - Pound (sterling) - Monthly - Average of observations through period,1813-01,0.270547,A,,F
M,GB,GBP,A,0,6,A, Exchange rates against USD United Kingdom - Pound (sterling) - Monthly - Average of observations through period,1813-02,0.273847,A,,F
M,GB,GBP,A,0,6,A, Exchange rates against USD United Kingdom - Pound (sterling) - Monthly - Average of observations through period,1813-03,0.270547,A,,F
M,GB,GBP,A,0,6,A, Exchange rates against USD United Kingdom - Pound (sterling) - Monthly - Average of observations through period,1813-04,0.264181,A,,F
M,GB,GBP,A,0,6,A, Exchange rates against USD United Kingdom - Pound (sterling) - Monthly - Average of observations through period,1813-05,0.267326,A,,F
M,GB,GBP,A,0,6,A, Exchange rates against USD United Kingdom - Pound (sterling) - Monthly - Average of observations through period,1813-06,0.270547,A,,F
M,GB,GBP,A,0,6,A, Exchange rates against USD United Kingdom - Pound (sterling) - Monthly - Average of observations through period,1813-07,0.270547,A,,F
M,GB,GBP,A,0,6,A, Exchange rates against USD United Kingdom - Pound (sterling) - Monthly - Average of observations through period,1813-08,0.267326,A,,F
M,GB,GBP,A,0,6,A, Exchange rates against USD United Kingdom - Pound (sterling) - Monthly - Average of observations through period,1813-09,0.267326,A,,F
M,GB,GBP,A,0,6,A, Exchange rates against USD United Kingdom - Pound (sterling) - Monthly - Average of observations through period,1813-10,0.264181,A,,F
M,GB,GBP,A,0,6,A, Exchange rates against USD United Kingdom - Pound (sterling) - Monthly - Average of observations through period,1813-11,0.261109,A,,F
M,GB,GBP,A,0,6,A, Exchange rates against USD United Kingdom - Pound (sterling) - Monthly - Average of observations through period,1813-12,0.255175,A,,F
M,GB,GBP,A,0,6,A, Exchange rates against USD United Kingdom - Pound (sterling) - Monthly - Average of observations through period,1814-01,0.249505,A,,F
M,GB,GBP,A,0,6,A, Exchange rates against USD United Kingdom - Pound (sterling) - Monthly - Average of observations through period,1814-02,0.246763,A,,F
M,GB,GBP,A,0,6,A, Exchange rates against USD United Kingdom - Pound (sterling) - Monthly - Average of observations through period,1814-03,0.244081,A,,F
M,GB,GBP,A,0,6,A, Exchange rates against USD United Kingdom - Pound (sterling) - Monthly - Average of observations through period,1814-04,0.231499,A,,F
M,GB,GBP,A,0,6,A, Exchange rates against USD United Kingdom - Pound (sterling) - Monthly - Average of observations through period,1814-05,0.231499,A,,F
M,GB,GBP,A,0,6,A, Exchange rates against USD United Kingdom - Pound (sterling) - Monthly - Average of observations through period,1814-06,0.236373,A,,F
M,GB,GBP,A,0,6,A, Exchange rates against USD United Kingdom - Pound (sterling) - Monthly - Average of observations through period,1814-07,0.244081,A,,F
M,GB,GBP,A,0,6,A, Exchange rates against USD United Kingdom - Pound (sterling) - Monthly - Average of observations through period,1814-08,0.252308,A,,F
M,GB,GBP,A,0,6,A, Exchange rates against USD United Kingdom - Pound (sterling) - Monthly - Average of observations through period,1814-09,0.236373,A,,F
M,GB,GBP,A,0,6,A, Exchange rates against USD United Kingdom - Pound (sterling) - Monthly - Average of observations through period,1814-10,0.224554,A,,F
M,GB,GBP,A,0,6,A, Exchange rates against USD United Kingdom - Pound (sterling) - Monthly - Average of observations through period,1814-11,0.224554,A,,F
M,GB,GBP,A,0,6,A, Exchange rates against USD United Kingdom - Pound (sterling) - Monthly - Average of observations through period,1814-12,0.215917,A,,F
M,GB,GBP,A,0,6,A, Exchange rates against USD United Kingdom - Pound (sterling) - Monthly - Average of observations through period,1815-01,0.215917,A,,F
M,GB,GBP,A,0,6,A, Exchange rates against USD United Kingdom - Pound (sterling) - Monthly - Average of observations through period,1815-02,0.220151,A,,F
M,GB,GBP,A,0,6,A, Exchange rates against USD United Kingdom - Pound (sterling) - Monthly - Average of observations through period,1815-03,0.224554,A,,F
M,GB,GBP,A,0,6,A, Exchange rates against USD United Kingdom - Pound (sterling) - Monthly - Average of observations through period,1815-04,0.218014,A,,F
M,GB,GBP,A,0,6,A, Exchange rates against USD United Kingdom - Pound (sterling) - Monthly - Average of observations through period,1815-05,0.209864,A,,F
M,GB,GBP,A,0,6,A, Exchange rates against USD United Kingdom - Pound (sterling) - Monthly - Average of observations through period,1815-06,0.20414,A,,F
M,GB,GBP,A,0,6,A, Exchange rates against USD United Kingdom - Pound (sterling) - Monthly - Average of observations through period,1815-07,0.202301,A,,F
M,GB,GBP,A,0,6,A, Exchange rates against USD United Kingdom - Pound (sterling) - Monthly - Average of observations through period,1815-08,0.198677,A,,F
M,GB,GBP,A,0,6,A, Exchange rates against USD United Kingdom - Pound (sterling) - Monthly - Average of observations through period,1815-09,0.195264,A,,F
M,GB,GBP,A,0,6,A, Exchange rates against USD United Kingdom - Pound (sterling) - Monthly - Average of observations through period,1815-10,0.188701,A,,F
M,GB,GBP,A,0,6,A, Exchange rates against USD United Kingdom - Pound (sterling) - Monthly - Average of observations through period,1815-11,0.188701,A,,F
M,GB,GBP,A,0,6,A, Exchange rates against USD United Kingdom - Pound (sterling) - Monthly - Average of observations through period,1815-12,0.1903,A,,F
M,GB,GBP,A,0,6,A, Exchange rates against USD United Kingdom - Pound (sterling) - Monthly - Average of observations through period,1816-01,0.195264,A,,F
M,GB,GBP,A,0,6,A, Exchange rates against USD United Kingdom - Pound (sterling) - Monthly - Average of observations through period,1816-02,0.193581,A,,F
M,GB,GBP,A,0,6,A, Exchange rates against USD United Kingdom - Pound (sterling) - Monthly - Average of observations through period,1816-03,0.188701,A,,F
M,GB,GBP,A,0,6,A, Exchange rates against USD United Kingdom - Pound (sterling) - Monthly - Average of observations through period,1816-04,0.187911,A,,F
M,GB,GBP,A,0,6,A, Exchange rates against USD United Kingdom - Pound (sterling) - Monthly - Average of observations through period,1816-05,0.187128,A,,F
M,GB,GBP,A,0,6,A, Exchange rates against USD United Kingdom - Pound (sterling) - Monthly - Average of observations through period,1816-06,0.18331,A,,F
M,GB,GBP,A,0,6,A, Exchange rates against USD United Kingdom - Pound (sterling) - Monthly - Average of observations through period,1816-07,0.188701,A,,F
M,GB,GBP,A,0,6,A, Exchange rates against USD United Kingdom - Pound (sterling) - Monthly - Average of observations through period,1816-08,0.191927,A,,F
M,GB,GBP,A,0,6,A, Exchange rates against USD United Kingdom - Pound (sterling) - Monthly - Average of observations through period,1816-09,0.1903,A,,F
M,GB,GBP,A,0,6,A, Exchange rates against USD United Kingdom - Pound (sterling) - Monthly - Average of observations through period,1816-10,0.191927,A,,F
M,GB,GBP,A,0,6,A, Exchange rates against USD United Kingdom - Pound (sterling) - Monthly - Average of observations through period,1816-11,0.196977,A,,F
M,GB,GBP,A,0,6,A, Exchange rates against USD United Kingdom - Pound (sterling) - Monthly - Average of observations through period,1816-12,0.20414,A,,F
M,GB,GBP,A,0,6,A, Exchange rates against USD United Kingdom - Pound (sterling) - Monthly - Average of observations through period,1817-01,0.211844,A,,F
M,GB,GBP,A,0,6,A, Exchange rates against USD United Kingdom - Pound (sterling) - Monthly - Average of observations through period,1817-02,0.214884,A,,F
M,GB,GBP,A,0,6,A, Exchange rates against USD United Kingdom - Pound (sterling) - Monthly - Average of observations through period,1817-03,0.214884,A,,F
M,GB,GBP,A,0,6,A, Exchange rates against USD United Kingdom - Pound (sterling) - Monthly - Average of observations through period,1817-04,0.215917,A,,F
M,GB,GBP,A,0,6,A, Exchange rates against USD United Kingdom - Pound (sterling) - Monthly - Average of observations through period,1817-05,0.219077,A,,F
M,GB,GBP,A,0,6,A, Exchange rates against USD United Kingdom - Pound (sterling) - Monthly - Average of observations through period,1817-06,0.220151,A,,F
M,GB,GBP,A,0,6,A, Exchange rates against USD United Kingdom - Pound (sterling) - Monthly - Average of observations through period,1817-07,0.220151,A,,F
M,GB,GBP,A,0,6,A, Exchange rates against USD United Kingdom - Pound (sterling) - Monthly - Average of observations through period,1817-08,0.220151,A,,F
M,GB,GBP,A,0,6,A, Exchange rates against USD United Kingdom - Pound (sterling) - Monthly - Average of observations through period,1817-09,0.218014,A,,F
M,GB,GBP,A,0,6,A, Exchange rates against USD United Kingdom - Pound (sterling) - Monthly - Average of observations through period,1817-10,0.218014,A,,F
M,GB,GBP,A,0,6,A, Exchange rates against USD United Kingdom - Pound (sterling) - Monthly - Average of observations through period,1817-11,0.218014,A,,F
M,GB,GBP,A,0,6,A, Exchange rates against USD United Kingdom - Pound (sterling) - Monthly - Average of observations through period,1817-12,0.218014,A,,F
M,GB,GBP,A,0,6,A, Exchange rates against USD United Kingdom - Pound (sterling) - Monthly - Average of observations through period,1818-01,0.218014,A,,F
M,GB,GBP,A,0,6,A, Exchange rates against USD United Kingdom - Pound (sterling) - Monthly - Average of observations through period,1818-02,0.218014,A,,F
M,GB,GBP,A,0,6,A, Exchange rates against USD United Kingdom - Pound (sterling) - Monthly - Average of observations through period,1818-03,0.220151,A,,F
M,GB,GBP,A,0,6,A, Exchange rates against USD United Kingdom - Pound (sterling) - Monthly - Average of observations through period,1818-04,0.221236,A,,F
M,GB,GBP,A,0,6,A, Exchange rates against USD United Kingdom - Pound (sterling) - Monthly - Average of observations through period,1818-05,0.224554,A,,F
M,GB,GBP,A,0,6,A, Exchange rates against USD United Kingdom - Pound (sterling) - Monthly - Average of observations through period,1818-06,0.222331,A,,F
M,GB,GBP,A,0,6,A, Exchange rates against USD United Kingdom - Pound (sterling) - Monthly - Average of observations through period,1818-07,0.222331,A,,F
M,GB,GBP,A,0,6,A, Exchange rates against USD United Kingdom - Pound (sterling) - Monthly - Average of observations through period,1818-08,0.223437,A,,F
M,GB,GBP,A,0,6,A, Exchange rates against USD United Kingdom - Pound (sterling) - Monthly - Average of observations through period,1818-09,0.223437,A,,F
M,GB,GBP,A,0,6,A, Exchange rates against USD United Kingdom - Pound (sterling) - Monthly - Average of observations through period,1818-10,0.222331,A,,F
M,GB,GBP,A,0,6,A, Exchange rates against USD United Kingdom - Pound (sterling) - Monthly - Average of observations through period,1818-11,0.225683,A,,F
M,GB,GBP,A,0,6,A, Exchange rates against USD United Kingdom - Pound (sterling) - Monthly - Average of observations through period,1818-12,0.226822,A,,F
M,GB,GBP,A,0,6,A, Exchange rates against USD United Kingdom - Pound (sterling) - Monthly - Average of observations through period,1819-01,0.226822,A,,F
M,GB,GBP,A,0,6,A, Exchange rates against USD United Kingdom - Pound (sterling) - Monthly - Average of observations through period,1819-02,0.224554,A,,F
M,GB,GBP,A,0,6,A, Exchange rates against USD United Kingdom - Pound (sterling) - Monthly - Average of observations through period,1819-03,0.224554,A,,F
M,GB,GBP,A,0,6,A, Exchange rates against USD United Kingdom - Pound (sterling) - Monthly - Average of observations through period,1819-04,0.222331,A,,F
M,GB,GBP,A,0,6,A, Exchange rates against USD United Kingdom - Pound (sterling) - Monthly - Average of observations through period,1819-05,0.218014,A,,F
M,GB,GBP,A,0,6,A, Exchange rates against USD United Kingdom - Pound (sterling) - Monthly - Average of observations through period,1819-06,0.222331,A,,F
M,GB,GBP,A,0,6,A, Exchange rates against USD United Kingdom - Pound (sterling) - Monthly - Average of observations through period,1819-07,0.224554,A,,F
M,GB,GBP,A,0,6,A, Exchange rates against USD United Kingdom - Pound (sterling) - Monthly - Average of observations through period,1819-08,0.222331,A,,F
M,GB,GBP,A,0,6,A, Exchange rates against USD United Kingdom - Pound (sterling) - Monthly - Average of observations through period,1819-09,0.219077,A,,F
M,GB,GBP,A,0,6,A, Exchange rates against USD United Kingdom - Pound (sterling) - Monthly - Average of observations through period,1819-10,0.219077,A,,F
M,GB,GBP,A,0,6,A, Exchange rates against USD United Kingdom - Pound (sterling) - Monthly - Average of observations through period,1819-11,0.218014,A,,F
M,GB,GBP,A,0,6,A, Exchange rates against USD United Kingdom - Pound (sterling) - Monthly - Average of observations through period,1819-12,0.219077,A,,F
M,GB,GBP,A,0,6,A, Exchange rates against USD United Kingdom - Pound (sterling) - Monthly - Average of observations through period,1820-01,0.222331,A,,F
M,GB,GBP,A,0,6,A, Exchange rates against USD United Kingdom - Pound (sterling) - Monthly - Average of observations through period,1820-02,0.222331,A,,F
M,GB,GBP,A,0,6,A, Exchange rates against USD United Kingdom - Pound (sterling) - Monthly - Average of observations through period,1820-03,0.223437,A,,F
M,GB,GBP,A,0,6,A, Exchange rates against USD United Kingdom - Pound (sterling) - Monthly - Average of observations through period,1820-04,0.224554,A,,F
M,GB,GBP,A,0,6,A, Exchange rates against USD United Kingdom - Pound (sterling) - Monthly - Average of observations through period,1820-05,0.224554,A,,F
M,GB,GBP,A,0,6,A, Exchange rates against USD United Kingdom - Pound (sterling) - Monthly - Average of observations through period,1820-06,0.224554,A,,F
M,GB,GBP,A,0,6,A, Exchange rates against USD United Kingdom - Pound (sterling) - Monthly - Average of observations through period,1820-07,0.219077,A,,F
M,GB,GBP,A,0,6,A, Exchange rates against USD United Kingdom - Pound (sterling) - Monthly - Average of observations through period,1820-08,0.220151,A,,F
M,GB,GBP,A,0,6,A, Exchange rates against USD United Kingdom - Pound (sterling) - Monthly - Average of observations through period,1820-09,0.219077,A,,F
M,GB,GBP,A,0,6,A, Exchange rates against USD United Kingdom - Pound (sterling) - Monthly - Average of observations through period,1820-10,0.219077,A,,F
M,GB,GBP,A,0,6,A, Exchange rates against USD United Kingdom - Pound (sterling) - Monthly - Average of observations through period,1820-11,0.218014,A,,F
M,GB,GBP,A,0,6,A, Exchange rates against USD United Kingdom - Pound (sterling) - Monthly - Average of observations through period,1820-12,0.218014,A,,F
M,GB,GBP,A,0,6,A, Exchange rates against USD United Kingdom - Pound (sterling) - Monthly - Average of observations through period,1821-01,0.216961,A,,F
M,GB,GBP,A,0,6,A, Exchange rates against USD United Kingdom - Pound (sterling) - Monthly - Average of observations through period,1821-02,0.214884,A,,F
M,GB,GBP,A,0,6,A, Exchange rates against USD United Kingdom - Pound (sterling) - Monthly - Average of observations through period,1821-03,0.213861,A,,F
M,GB,GBP,A,0,6,A, Exchange rates against USD United Kingdom - Pound (sterling) - Monthly - Average of observations through period,1821-04,0.208888,A,,F
M,GB,GBP,A,0,6,A, Exchange rates against USD United Kingdom - Pound (sterling) - Monthly - Average of observations through period,1821-05,0.206962,A,,F
M,GB,GBP,A,0,6,A, Exchange rates against USD United Kingdom - Pound (sterling) - Monthly - Average of observations through period,1821-06,0.20414,A,,F
M,GB,GBP,A,0,6,A, Exchange rates against USD United Kingdom - Pound (sterling) - Monthly - Average of observations through period,1821-07,0.205072,A,,F
M,GB,GBP,A,0,6,A, Exchange rates against USD United Kingdom - Pound (sterling) - Monthly - Average of observations through period,1821-08,0.206013,A,,F
M,GB,GBP,A,0,6,A, Exchange rates against USD United Kingdom - Pound (sterling) - Monthly - Average of observations through period,1821-09,0.206013,A,,F
M,GB,GBP,A,0,6,A, Exchange rates against USD United Kingdom - Pound (sterling) - Monthly - Average of observations through period,1821-10,0.205072,A,,F
M,GB,GBP,A,0,6,A, Exchange rates against USD United Kingdom - Pound (sterling) - Monthly - Average of observations through period,1821-11,0.203216,A,,F
M,GB,GBP,A,0,6,A, Exchange rates against USD United Kingdom - Pound (sterling) - Monthly - Average of observations through period,1821-12,0.200495,A,,F
M,GB,GBP,A,0,6,A, Exchange rates against USD United Kingdom - Pound (sterling) - Monthly - Average of observations through period,1822-01,0.200495,A,,F
M,GB,GBP,A,0,6,A, Exchange rates against USD United Kingdom - Pound (sterling) - Monthly - Average of observations through period,1822-02,0.197845,A,,F
M,GB,GBP,A,0,6,A, Exchange rates against USD United Kingdom - Pound (sterling) - Monthly - Average of observations through period,1822-03,0.197845,A,,F
M,GB,GBP,A,0,6,A, Exchange rates against USD United Kingdom - Pound (sterling) - Monthly - Average of observations through period,1822-04,0.197845,A,,F
M,GB,GBP,A,0,6,A, Exchange rates against USD United Kingdom - Pound (sterling) - Monthly - Average of observations through period,1822-05,0.202301,A,,F
M,GB,GBP,A,0,6,A, Exchange rates against USD United Kingdom - Pound (sterling) - Monthly - Average of observations through period,1822-06,0.206126,A,,F
M,GB,GBP,A,0,6,A, Exchange rates against USD United Kingdom - Pound (sterling) - Monthly - Average of observations through period,1822-07,0.205412,A,,F
M,GB,GBP,A,0,6,A, Exchange rates against USD United Kingdom - Pound (sterling) - Monthly - Average of observations through period,1822-08,0.203553,A,,F
M,GB,GBP,A,0,6,A, Exchange rates against USD United Kingdom - Pound (sterling) - Monthly - Average of observations through period,1822-09,0.201728,A,,F
M,GB,GBP,A,0,6,A, Exchange rates against USD United Kingdom - Pound (sterling) - Monthly - Average of observations through period,1822-10,0.199935,A,,F
M,GB,GBP,A,0,6,A, Exchange rates against USD United Kingdom - Pound (sterling) - Monthly - Average of observations through period,1822-11,0.19905,A,,F
M,GB,GBP,A,0,6,A, Exchange rates against USD United Kingdom - Pound (sterling) - Monthly - Average of observations through period,1822-12,0.199935,A,,F
M,GB,GBP,A,0,6,A, Exchange rates against USD United Kingdom - Pound (sterling) - Monthly - Average of observations through period,1823-01,0.199935,A,,F
M,GB,GBP,A,0,6,A, Exchange rates against USD United Kingdom - Pound (sterling) - Monthly - Average of observations through period,1823-02,0.202636,A,,F
M,GB,GBP,A,0,6,A, Exchange rates against USD United Kingdom - Pound (sterling) - Monthly - Average of observations through period,1823-03,0.206354,A,,F
M,GB,GBP,A,0,6,A, Exchange rates against USD United Kingdom - Pound (sterling) - Monthly - Average of observations through period,1823-04,0.212195,A,,F
M,GB,GBP,A,0,6,A, Exchange rates against USD United Kingdom - Pound (sterling) - Monthly - Average of observations through period,1823-05,0.214216,A,,F
M,GB,GBP,A,0,6,A, Exchange rates against USD United Kingdom - Pound (sterling) - Monthly - Average of observations through period,1823-06,0.212195,A,,F
M,GB,GBP,A,0,6,A, Exchange rates against USD United Kingdom - Pound (sterling) - Monthly - Average of observations through period,1823-07,0.210212,A,,F
M,GB,GBP,A,0,6,A, Exchange rates against USD United Kingdom - Pound (sterling) - Monthly - Average of observations through period,1823-08,0.208265,A,,F
M,GB,GBP,A,0,6,A, Exchange rates against USD United Kingdom - Pound (sterling) - Monthly - Average of observations through period,1823-09,0.210212,A,,F
M,GB,GBP,A,0,6,A, Exchange rates against USD United Kingdom - Pound (sterling) - Monthly - Average of observations through period,1823-10,0.208265,A,,F
M,GB,GBP,A,0,6,A, Exchange rates against USD United Kingdom - Pound (sterling) - Monthly - Average of observations through period,1823-11,0.209234,A,,F
M,GB,GBP,A,0,6,A, Exchange rates against USD United Kingdom - Pound (sterling) - Monthly - Average of observations through period,1823-12,0.208265,A,,F
M,GB,GBP,A,0,6,A, Exchange rates against USD United Kingdom - Pound (sterling) - Monthly - Average of observations through period,1824-01,0.207654,A,,F
M,GB,GBP,A,0,6,A, Exchange rates against USD United Kingdom - Pound (sterling) - Monthly - Average of observations through period,1824-02,0.206697,A,,F
M,GB,GBP,A,0,6,A, Exchange rates against USD United Kingdom - Pound (sterling) - Monthly - Average of observations through period,1824-03,0.205749,A,,F
M,GB,GBP,A,0,6,A, Exchange rates against USD United Kingdom - Pound (sterling) - Monthly - Average of observations through period,1824-04,0.205749,A,,F
M,GB,GBP,A,0,6,A, Exchange rates against USD United Kingdom - Pound (sterling) - Monthly - Average of observations through period,1824-05,0.205749,A,,F
M,GB,GBP,A,0,6,A, Exchange rates against USD United Kingdom - Pound (sterling) - Monthly - Average of observations through period,1824-06,0.204809,A,,F
M,GB,GBP,A,0,6,A, Exchange rates against USD United Kingdom - Pound (sterling) - Monthly - Average of observations through period,1824-07,0.204809,A,,F
M,GB,GBP,A,0,6,A, Exchange rates against USD United Kingdom - Pound (sterling) - Monthly - Average of observations through period,1824-08,0.205749,A,,F
M,GB,GBP,A,0,6,A, Exchange rates against USD United Kingdom - Pound (sterling) - Monthly - Average of observations through period,1824-09,0.205749,A,,F
M,GB,GBP,A,0,6,A, Exchange rates against USD United Kingdom - Pound (sterling) - Monthly - Average of observations through period,1824-10,0.203878,A,,F
M,GB,GBP,A,0,6,A, Exchange rates against USD United Kingdom - Pound (sterling) - Monthly - Average of observations through period,1824-11,0.204809,A,,F
M,GB,GBP,A,0,6,A, Exchange rates against USD United Kingdom - Pound (sterling) - Monthly - Average of observations through period,1824-12,0.204809,A,,F
M,GB,GBP,A,0,6,A, Exchange rates against USD United Kingdom - Pound (sterling) - Monthly - Average of observations through period,1825-01,0.203878,A,,F
M,GB,GBP,A,0,6,A, Exchange rates against USD United Kingdom - Pound (sterling) - Monthly - Average of observations through period,1825-02,0.204809,A,,F
M,GB,GBP,A,0,6,A, Exchange rates against USD United Kingdom - Pound (sterling) - Monthly - Average of observations through period,1825-03,0.204809,A,,F
M,GB,GBP,A,0,6,A, Exchange rates against USD United Kingdom - Pound (sterling) - Monthly - Average of observations through period,1825-04,0.205749,A,,F
M,GB,GBP,A,0,6,A, Exchange rates against USD United Kingdom - Pound (sterling) - Monthly - Average of observations through period,1825-05,0.209595,A,,F
M,GB,GBP,A,0,6,A, Exchange rates against USD United Kingdom - Pound (sterling) - Monthly - Average of observations through period,1825-06,0.212399,A,,F
M,GB,GBP,A,0,6,A, Exchange rates against USD United Kingdom - Pound (sterling) - Monthly - Average of observations through period,1825-07,0.211397,A,,F
M,GB,GBP,A,0,6,A, Exchange rates against USD United Kingdom - Pound (sterling) - Monthly - Average of observations through period,1825-08,0.212399,A,,F
M,GB,GBP,A,0,6,A, Exchange rates against USD United Kingdom - Pound (sterling) - Monthly - Average of observations through period,1825-09,0.207482,A,,F
M,GB,GBP,A,0,6,A, Exchange rates against USD United Kingdom - Pound (sterling) - Monthly - Average of observations through period,1825-10,0.20371,A,,F
M,GB,GBP,A,0,6,A, Exchange rates against USD United Kingdom - Pound (sterling) - Monthly - Average of observations through period,1825-11,0.204471,A,,F
M,GB,GBP,A,0,6,A, Exchange rates against USD United Kingdom - Pound (sterling) - Monthly - Average of observations through period,1825-12,0.205409,A,,F
M,GB,GBP,A,0,6,A, Exchange rates against USD United Kingdom - Pound (sterling) - Monthly - Average of observations through period,1826-01,0.207139,A,,F
M,GB,GBP,A,0,6,A, Exchange rates against USD United Kingdom - Pound (sterling) - Monthly - Average of observations through period,1826-02,0.206184,A,,F
M,GB,GBP,A,0,6,A, Exchange rates against USD United Kingdom - Pound (sterling) - Monthly - Average of observations through period,1826-03,0.206184,A,,F
M,GB,GBP,A,0,6,A, Exchange rates against USD United Kingdom - Pound (sterling) - Monthly - Average of observations through period,1826-04,0.205239,A,,F
M,GB,GBP,A,0,6,A, Exchange rates against USD United Kingdom - Pound (sterling) - Monthly - Average of observations through period,1826-05,0.204301,A,,F
M,GB,GBP,A,0,6,A, Exchange rates against USD United Kingdom - Pound (sterling) - Monthly - Average of observations through period,1826-06,0.204471,A,,F
M,GB,GBP,A,0,6,A, Exchange rates against USD United Kingdom - Pound (sterling) - Monthly - Average of observations through period,1826-07,0.203541,A,,F
M,GB,GBP,A,0,6,A, Exchange rates against USD United Kingdom - Pound (sterling) - Monthly - Average of observations through period,1826-08,0.201875,A,,F
M,GB,GBP,A,0,6,A, Exchange rates against USD United Kingdom - Pound (sterling) - Monthly - Average of observations through period,1826-09,0.200072,A,,F
M,GB,GBP,A,0,6,A, Exchange rates against USD United Kingdom - Pound (sterling) - Monthly - Average of observations through period,1826-10,0.200072,A,,F
M,GB,GBP,A,0,6,A, Exchange rates against USD United Kingdom - Pound (sterling) - Monthly - Average of observations through period,1826-11,0.200969,A,,F
M,GB,GBP,A,0,6,A, Exchange rates against USD United Kingdom - Pound (sterling) - Monthly - Average of observations through period,1826-12,0.200072,A,,F
M,GB,GBP,A,0,6,A, Exchange rates against USD United Kingdom - Pound (sterling) - Monthly - Average of observations through period,1827-01,0.200969,A,,F
M,GB,GBP,A,0,6,A, Exchange rates against USD United Kingdom - Pound (sterling) - Monthly - Average of observations through period,1827-02,0.202956,A,,F
M,GB,GBP,A,0,6,A, Exchange rates against USD United Kingdom - Pound (sterling) - Monthly - Average of observations through period,1827-03,0.202956,A,,F
M,GB,GBP,A,0,6,A, Exchange rates against USD United Kingdom - Pound (sterling) - Monthly - Average of observations through period,1827-04,0.202956,A,,F
M,GB,GBP,A,0,6,A, Exchange rates against USD United Kingdom - Pound (sterling) - Monthly - Average of observations through period,1827-05,0.202956,A,,F
M,GB,GBP,A,0,6,A, Exchange rates against USD United Kingdom - Pound (sterling) - Monthly - Average of observations through period,1827-06,0.203124,A,,F
M,GB,GBP,A,0,6,A, Exchange rates against USD United Kingdom - Pound (sterling) - Monthly - Average of observations through period,1827-07,0.204047,A,,F
M,GB,GBP,A,0,6,A, Exchange rates against USD United Kingdom - Pound (sterling) - Monthly - Average of observations through period,1827-08,0.203124,A,,F
M,GB,GBP,A,0,6,A, Exchange rates against USD United Kingdom - Pound (sterling) - Monthly - Average of observations through period,1827-09,0.202209,A,,F
M,GB,GBP,A,0,6,A, Exchange rates against USD United Kingdom - Pound (sterling) - Monthly - Average of observations through period,1827-10,0.202209,A,,F
M,GB,GBP,A,0,6,A, Exchange rates against USD United Kingdom - Pound (sterling) - Monthly - Average of observations through period,1827-11,0.202209,A,,F
M,GB,GBP,A,0,6,A, Exchange rates against USD United Kingdom - Pound (sterling) - Monthly - Average of observations through period,1827-12,0.202209,A,,F
M,GB,GBP,A,0,6,A, Exchange rates against USD United Kingdom - Pound (sterling) - Monthly - Average of observations through period,1828-01,0.203124,A,,F
M,GB,GBP,A,0,6,A, Exchange rates against USD United Kingdom - Pound (sterling) - Monthly - Average of observations through period,1828-02,0.203124,A,,F
M,GB,GBP,A,0,6,A, Exchange rates against USD United Kingdom - Pound (sterling) - Monthly - Average of observations through period,1828-03,0.202209,A,,F
M,GB,GBP,A,0,6,A, Exchange rates against USD United Kingdom - Pound (sterling) - Monthly - Average of observations through period,1828-04,0.202209,A,,F
M,GB,GBP,A,0,6,A, Exchange rates against USD United Kingdom - Pound (sterling) - Monthly - Average of observations through period,1828-05,0.203124,A,,F
M,GB,GBP,A,0,6,A, Exchange rates against USD United Kingdom - Pound (sterling) - Monthly - Average of observations through period,1828-06,0.202209,A,,F
M,GB,GBP,A,0,6,A, Exchange rates against USD United Kingdom - Pound (sterling) - Monthly - Average of observations through period,1828-07,0.203124,A,,F
M,GB,GBP,A,0,6,A, Exchange rates against USD United Kingdom - Pound (sterling) - Monthly - Average of observations through period,1828-08,0.204047,A,,F
M,GB,GBP,A,0,6,A, Exchange rates against USD United Kingdom - Pound (sterling) - Monthly - Average of observations through period,1828-09,0.202209,A,,F
M,GB,GBP,A,0,6,A, Exchange rates against USD United Kingdom - Pound (sterling) - Monthly - Average of observations through period,1828-10,0.202209,A,,F
M,GB,GBP,A,0,6,A, Exchange rates against USD United Kingdom - Pound (sterling) - Monthly - Average of observations through period,1828-11,0.203124,A,,F
M,GB,GBP,A,0,6,A, Exchange rates against USD United Kingdom - Pound (sterling) - Monthly - Average of observations through period,1828-12,0.204809,A,,F
M,GB,GBP,A,0,6,A, Exchange rates against USD United Kingdom - Pound (sterling) - Monthly - Average of observations through period,1829-01,0.206526,A,,F
M,GB,GBP,A,0,6,A, Exchange rates against USD United Kingdom - Pound (sterling) - Monthly - Average of observations through period,1829-02,0.205749,A,,F
M,GB,GBP,A,0,6,A, Exchange rates against USD United Kingdom - Pound (sterling) - Monthly - Average of observations through period,1829-03,0.205749,A,,F
M,GB,GBP,A,0,6,A, Exchange rates against USD United Kingdom - Pound (sterling) - Monthly - Average of observations through period,1829-04,0.207482,A,,F
M,GB,GBP,A,0,6,A, Exchange rates against USD United Kingdom - Pound (sterling) - Monthly - Average of observations through period,1829-05,0.204809,A,,F
M,GB,GBP,A,0,6,A, Exchange rates against USD United Kingdom - Pound (sterling) - Monthly - Average of observations through period,1829-06,0.205749,A,,F
M,GB,GBP,A,0,6,A, Exchange rates against USD United Kingdom - Pound (sterling) - Monthly - Average of observations through period,1829-07,0.205749,A,,F
M,GB,GBP,A,0,6,A, Exchange rates against USD United Kingdom - Pound (sterling) - Monthly - Average of observations through period,1829-08,0.204979,A,,F
M,GB,GBP,A,0,6,A, Exchange rates against USD United Kingdom - Pound (sterling) - Monthly - Average of observations through period,1829-09,0.204979,A,,F
M,GB,GBP,A,0,6,A, Exchange rates against USD United Kingdom - Pound (sterling) - Monthly - Average of observations through period,1829-10,0.204979,A,,F
M,GB,GBP,A,0,6,A, Exchange rates against USD United Kingdom - Pound (sterling) - Monthly - Average of observations through period,1829-11,0.204512,A,,F
M,GB,GBP,A,0,6,A, Exchange rates against USD United Kingdom - Pound (sterling) - Monthly - Average of observations through period,1829-12,0.204512,A,,F
M,GB,GBP,A,0,6,A, Exchange rates against USD United Kingdom - Pound (sterling) - Monthly - Average of observations through period,1830-01,0.204979,A,,F
M,GB,GBP,A,0,6,A, Exchange rates against USD United Kingdom - Pound (sterling) - Monthly - Average of observations through period,1830-02,0.20663,A,,F
M,GB,GBP,A,0,6,A, Exchange rates against USD United Kingdom - Pound (sterling) - Monthly - Average of observations through period,1830-03,0.207671,A,,F
M,GB,GBP,A,0,6,A, Exchange rates against USD United Kingdom - Pound (sterling) - Monthly - Average of observations through period,1830-04,0.207911,A,,F
M,GB,GBP,A,0,6,A, Exchange rates against USD United Kingdom - Pound (sterling) - Monthly - Average of observations through period,1830-05,0.209941,A,,F
M,GB,GBP,A,0,6,A, Exchange rates against USD United Kingdom - Pound (sterling) - Monthly - Average of observations through period,1830-06,0.209696,A,,F
M,GB,GBP,A,0,6,A, Exchange rates against USD United Kingdom - Pound (sterling) - Monthly - Average of observations through period,1830-07,0.211672,A,,F
M,GB,GBP,A,0,6,A, Exchange rates against USD United Kingdom - Pound (sterling) - Monthly - Average of observations through period,1830-08,0.211672,A,,F
M,GB,GBP,A,0,6,A, Exchange rates against USD United Kingdom - Pound (sterling) - Monthly - Average of observations through period,1830-09,0.211672,A,,F
M,GB,GBP,A,0,6,A, Exchange rates against USD United Kingdom - Pound (sterling) - Monthly - Average of observations through period,1830-10,0.211336,A,,F
M,GB,GBP,A,0,6,A, Exchange rates against USD United Kingdom - Pound (sterling) - Monthly - Average of observations through period,1830-11,0.209768,A,,F
M,GB,GBP,A,0,6,A, Exchange rates against USD United Kingdom - Pound (sterling) - Monthly - Average of observations through period,1830-12,0.210404,A,,F
M,GB,GBP,A,0,6,A, Exchange rates against USD United Kingdom - Pound (sterling) - Monthly - Average of observations through period,1831-01,0.210419,A,,F
M,GB,GBP,A,0,6,A, Exchange rates against USD United Kingdom - Pound (sterling) - Monthly - Average of observations through period,1831-02,0.210753,A,,F
M,GB,GBP,A,0,6,A, Exchange rates against USD United Kingdom - Pound (sterling) - Monthly - Average of observations through period,1831-03,0.211074,A,,F
M,GB,GBP,A,0,6,A, Exchange rates against USD United Kingdom - Pound (sterling) - Monthly - Average of observations through period,1831-04,0.20935,A,,F
M,GB,GBP,A,0,6,A, Exchange rates against USD United Kingdom - Pound (sterling) - Monthly - Average of observations through period,1831-05,0.20464,A,,F
M,GB,GBP,A,0,6,A, Exchange rates against USD United Kingdom - Pound (sterling) - Monthly - Average of observations through period,1831-06,0.207964,A,,F
M,GB,GBP,A,0,6,A, Exchange rates against USD United Kingdom - Pound (sterling) - Monthly - Average of observations through period,1831-07,0.203942,A,,F
M,GB,GBP,A,0,6,A, Exchange rates against USD United Kingdom - Pound (sterling) - Monthly - Average of observations through period,1831-08,0.20411,A,,F
M,GB,GBP,A,0,6,A, Exchange rates against USD United Kingdom - Pound (sterling) - Monthly - Average of observations through period,1831-09,0.203416,A,,F
M,GB,GBP,A,0,6,A, Exchange rates against USD United Kingdom - Pound (sterling) - Monthly - Average of observations through period,1831-10,0.202102,A,,F
M,GB,GBP,A,0,6,A, Exchange rates against USD United Kingdom - Pound (sterling) - Monthly - Average of observations through period,1831-11,0.20371,A,,F
M,GB,GBP,A,0,6,A, Exchange rates against USD United Kingdom - Pound (sterling) - Monthly - Average of observations through period,1831-12,0.204174,A,,F
M,GB,GBP,A,0,6,A, Exchange rates against USD United Kingdom - Pound (sterling) - Monthly - Average of observations through period,1832-01,0.204174,A,,F
M,GB,GBP,A,0,6,A, Exchange rates against USD United Kingdom - Pound (sterling) - Monthly - Average of observations through period,1832-02,0.203878,A,,F
M,GB,GBP,A,0,6,A, Exchange rates against USD United Kingdom - Pound (sterling) - Monthly - Average of observations through period,1832-03,0.205363,A,,F
M,GB,GBP,A,0,6,A, Exchange rates against USD United Kingdom - Pound (sterling) - Monthly - Average of observations through period,1832-04,0.204427,A,,F
M,GB,GBP,A,0,6,A, Exchange rates against USD United Kingdom - Pound (sterling) - Monthly - Average of observations through period,1832-05,0.20327,A,,F
M,GB,GBP,A,0,6,A, Exchange rates against USD United Kingdom - Pound (sterling) - Monthly - Average of observations through period,1832-06,0.205598,A,,F
M,GB,GBP,A,0,6,A, Exchange rates against USD United Kingdom - Pound (sterling) - Monthly - Average of observations through period,1832-07,0.205683,A,,F
M,GB,GBP,A,0,6,A, Exchange rates against USD United Kingdom - Pound (sterling) - Monthly - Average of observations through period,1832-08,0.208308,A,,F
M,GB,GBP,A,0,6,A, Exchange rates against USD United Kingdom - Pound (sterling) - Monthly - Average of observations through period,1832-09,0.207826,A,,F
M,GB,GBP,A,0,6,A, Exchange rates against USD United Kingdom - Pound (sterling) - Monthly - Average of observations through period,1832-10,0.207911,A,,F
M,GB,GBP,A,0,6,A, Exchange rates against USD United Kingdom - Pound (sterling) - Monthly - Average of observations through period,1832-11,0.207911,A,,F
M,GB,GBP,A,0,6,A, Exchange rates against USD United Kingdom - Pound (sterling) - Monthly - Average of observations through period,1832-12,0.206477,A,,F
M,GB,GBP,A,0,6,A, Exchange rates against USD United Kingdom - Pound (sterling) - Monthly - Average of observations through period,1833-01,0.208394,A,,F
M,GB,GBP,A,0,6,A, Exchange rates against USD United Kingdom - Pound (sterling) - Monthly - Average of observations through period,1833-02,0.207517,A,,F
M,GB,GBP,A,0,6,A, Exchange rates against USD United Kingdom - Pound (sterling) - Monthly - Average of observations through period,1833-03,0.207602,A,,F
M,GB,GBP,A,0,6,A, Exchange rates against USD United Kingdom - Pound (sterling) - Monthly - Average of observations through period,1833-04,0.208566,A,,F
M,GB,GBP,A,0,6,A, Exchange rates against USD United Kingdom - Pound (sterling) - Monthly - Average of observations through period,1833-05,0.207757,A,,F
M,GB,GBP,A,0,6,A, Exchange rates against USD United Kingdom - Pound (sterling) - Monthly - Average of observations through period,1833-06,0.2068,A,,F
M,GB,GBP,A,0,6,A, Exchange rates against USD United Kingdom - Pound (sterling) - Monthly - Average of observations through period,1833-07,0.207565,A,,F
M,GB,GBP,A,0,6,A, Exchange rates against USD United Kingdom - Pound (sterling) - Monthly - Average of observations through period,1833-08,0.207781,A,,F
M,GB,GBP,A,0,6,A, Exchange rates against USD United Kingdom - Pound (sterling) - Monthly - Average of observations through period,1833-09,0.207346,A,,F
M,GB,GBP,A,0,6,A, Exchange rates against USD United Kingdom - Pound (sterling) - Monthly - Average of observations through period,1833-10,0.209279,A,,F
M,GB,GBP,A,0,6,A, Exchange rates against USD United Kingdom - Pound (sterling) - Monthly - Average of observations through period,1833-11,0.210085,A,,F
M,GB,GBP,A,0,6,A, Exchange rates against USD United Kingdom - Pound (sterling) - Monthly - Average of observations through period,1833-12,0.212827,A,,F
M,GB,GBP,A,0,6,A, Exchange rates against USD United Kingdom - Pound (sterling) - Monthly - Average of observations through period,1834-01,0.219331,A,,F
M,GB,GBP,A,0,6,A, Exchange rates against USD United Kingdom - Pound (sterling) - Monthly - Average of observations through period,1834-02,0.22787,A,,F
M,GB,GBP,A,0,6,A, Exchange rates against USD United Kingdom - Pound (sterling) - Monthly - Average of observations through period,1834-03,0.227964,A,,F
M,GB,GBP,A,0,6,A, Exchange rates against USD United Kingdom - Pound (sterling) - Monthly - Average of observations through period,1834-04,0.223335,A,,F
M,GB,GBP,A,0,6,A, Exchange rates against USD United Kingdom - Pound (sterling) - Monthly - Average of observations through period,1834-05,0.21625,A,,F
M,GB,GBP,A,0,6,A, Exchange rates against USD United Kingdom - Pound (sterling) - Monthly - Average of observations through period,1834-06,0.2205,A,,F
M,GB,GBP,A,0,6,A, Exchange rates against USD United Kingdom - Pound (sterling) - Monthly - Average of observations through period,1834-07,0.218354,A,,F
M,GB,GBP,A,0,6,A, Exchange rates against USD United Kingdom - Pound (sterling) - Monthly - Average of observations through period,1834-08,0.21393,A,,F
M,GB,GBP,A,0,6,A, Exchange rates against USD United Kingdom - Pound (sterling) - Monthly - Average of observations through period,1834-09,0.209912,A,,F
M,GB,GBP,A,0,6,A, Exchange rates against USD United Kingdom - Pound (sterling) - Monthly - Average of observations through period,1834-10,0.208776,A,,F
M,GB,GBP,A,0,6,A, Exchange rates against USD United Kingdom - Pound (sterling) - Monthly - Average of observations through period,1834-11,0.209263,A,,F
M,GB,GBP,A,0,6,A, Exchange rates against USD United Kingdom - Pound (sterling) - Monthly - Average of observations through period,1834-12,0.211235,A,,F
M,GB,GBP,A,0,6,A, Exchange rates against USD United Kingdom - Pound (sterling) - Monthly - Average of observations through period,1835-01,0.209508,A,,F
M,GB,GBP,A,0,6,A, Exchange rates against USD United Kingdom - Pound (sterling) - Monthly - Average of observations through period,1835-02,0.209192,A,,F
M,GB,GBP,A,0,6,A, Exchange rates against USD United Kingdom - Pound (sterling) - Monthly - Average of observations through period,1835-03,0.20862,A,,F
M,GB,GBP,A,0,6,A, Exchange rates against USD United Kingdom - Pound (sterling) - Monthly - Average of observations through period,1835-04,0.206137,A,,F
M,GB,GBP,A,0,6,A, Exchange rates against USD United Kingdom - Pound (sterling) - Monthly - Average of observations through period,1835-05,0.206137,A,,F
M,GB,GBP,A,0,6,A, Exchange rates against USD United Kingdom - Pound (sterling) - Monthly - Average of observations through period,1835-06,0.20464,A,,F
M,GB,GBP,A,0,6,A, Exchange rates against USD United Kingdom - Pound (sterling) - Monthly - Average of observations through period,1835-07,0.205108,A,,F
M,GB,GBP,A,0,6,A, Exchange rates against USD United Kingdom - Pound (sterling) - Monthly - Average of observations through period,1835-08,0.204343,A,,F
M,GB,GBP,A,0,6,A, Exchange rates against USD United Kingdom - Pound (sterling) - Monthly - Average of observations through period,1835-09,0.205664,A,,F
M,GB,GBP,A,0,6,A, Exchange rates against USD United Kingdom - Pound (sterling) - Monthly - Average of observations through period,1835-10,0.204725,A,,F
M,GB,GBP,A,0,6,A, Exchange rates against USD United Kingdom - Pound (sterling) - Monthly - Average of observations through period,1835-11,0.204258,A,,F
M,GB,GBP,A,0,6,A, Exchange rates against USD United Kingdom - Pound (sterling) - Monthly - Average of observations through period,1835-12,0.204258,A,,F
M,GB,GBP,A,0,6,A, Exchange rates against USD United Kingdom - Pound (sterling) - Monthly - Average of observations through period,1836-01,0.206611,A,,F
M,GB,GBP,A,0,6,A, Exchange rates against USD United Kingdom - Pound (sterling) - Monthly - Average of observations through period,1836-02,0.203794,A,,F
M,GB,GBP,A,0,6,A, Exchange rates against USD United Kingdom - Pound (sterling) - Monthly - Average of observations through period,1836-03,0.205278,A,,F
M,GB,GBP,A,0,6,A, Exchange rates against USD United Kingdom - Pound (sterling) - Monthly - Average of observations through period,1836-04,0.208222,A,,F
M,GB,GBP,A,0,6,A, Exchange rates against USD United Kingdom - Pound (sterling) - Monthly - Average of observations through period,1836-05,0.209681,A,,F
M,GB,GBP,A,0,6,A, Exchange rates against USD United Kingdom - Pound (sterling) - Monthly - Average of observations through period,1836-06,0.209421,A,,F
M,GB,GBP,A,0,6,A, Exchange rates against USD United Kingdom - Pound (sterling) - Monthly - Average of observations through period,1836-07,0.208447,A,,F
M,GB,GBP,A,0,6,A, Exchange rates against USD United Kingdom - Pound (sterling) - Monthly - Average of observations through period,1836-08,0.208275,A,,F
M,GB,GBP,A,0,6,A, Exchange rates against USD United Kingdom - Pound (sterling) - Monthly - Average of observations through period,1836-09,0.208102,A,,F
M,GB,GBP,A,0,6,A, Exchange rates against USD United Kingdom - Pound (sterling) - Monthly - Average of observations through period,1836-10,0.20666,A,,F
M,GB,GBP,A,0,6,A, Exchange rates against USD United Kingdom - Pound (sterling) - Monthly - Average of observations through period,1836-11,0.206489,A,,F
M,GB,GBP,A,0,6,A, Exchange rates against USD United Kingdom - Pound (sterling) - Monthly - Average of observations through period,1836-12,0.204132,A,,F
M,GB,GBP,A,0,6,A, Exchange rates against USD United Kingdom - Pound (sterling) - Monthly - Average of observations through period,1837-01,0.20793,A,,F
M,GB,GBP,A,0,6,A, Exchange rates against USD United Kingdom - Pound (sterling) - Monthly - Average of observations through period,1837-02,0.203667,A,,F
M,GB,GBP,A,0,6,A, Exchange rates against USD United Kingdom - Pound (sterling) - Monthly - Average of observations through period,1837-03,0.20554,A,,F
M,GB,GBP,A,0,6,A, Exchange rates against USD United Kingdom - Pound (sterling) - Monthly - Average of observations through period,1837-04,0.20047,A,,F
M,GB,GBP,A,0,6,A, Exchange rates against USD United Kingdom - Pound (sterling) - Monthly - Average of observations through period,1837-05,0.201708,A,,F
M,GB,GBP,A,0,6,A, Exchange rates against USD United Kingdom - Pound (sterling) - Monthly - Average of observations through period,1837-06,0.198137,A,,F
M,GB,GBP,A,0,6,A, Exchange rates against USD United Kingdom - Pound (sterling) - Monthly - Average of observations through period,1837-07,0.189742,A,,F
M,GB,GBP,A,0,6,A, Exchange rates against USD United Kingdom - Pound (sterling) - Monthly - Average of observations through period,1837-08,0.187124,A,,F
M,GB,GBP,A,0,6,A, Exchange rates against USD United Kingdom - Pound (sterling) - Monthly - Average of observations through period,1837-09,0.185344,A,,F
M,GB,GBP,A,0,6,A, Exchange rates against USD United Kingdom - Pound (sterling) - Monthly - Average of observations through period,1837-10,0.196725,A,,F
M,GB,GBP,A,0,6,A, Exchange rates against USD United Kingdom - Pound (sterling) - Monthly - Average of observations through period,1837-11,0.193413,A,,F
M,GB,GBP,A,0,6,A, Exchange rates against USD United Kingdom - Pound (sterling) - Monthly - Average of observations through period,1837-12,0.196725,A,,F
M,GB,GBP,A,0,6,A, Exchange rates against USD United Kingdom - Pound (sterling) - Monthly - Average of observations through period,1838-01,0.20411,A,,F
M,GB,GBP,A,0,6,A, Exchange rates against USD United Kingdom - Pound (sterling) - Monthly - Average of observations through period,1838-02,0.205919,A,,F
M,GB,GBP,A,0,6,A, Exchange rates against USD United Kingdom - Pound (sterling) - Monthly - Average of observations through period,1838-03,0.208792,A,,F
M,GB,GBP,A,0,6,A, Exchange rates against USD United Kingdom - Pound (sterling) - Monthly - Average of observations through period,1838-04,0.214362,A,,F
M,GB,GBP,A,0,6,A, Exchange rates against USD United Kingdom - Pound (sterling) - Monthly - Average of observations through period,1838-05,0.210433,A,,F
M,GB,GBP,A,0,6,A, Exchange rates against USD United Kingdom - Pound (sterling) - Monthly - Average of observations through period,1838-06,0.207911,A,,F
M,GB,GBP,A,0,6,A, Exchange rates against USD United Kingdom - Pound (sterling) - Monthly - Average of observations through period,1838-07,0.207346,A,,F
M,GB,GBP,A,0,6,A, Exchange rates against USD United Kingdom - Pound (sterling) - Monthly - Average of observations through period,1838-08,0.209365,A,,F
M,GB,GBP,A,0,6,A, Exchange rates against USD United Kingdom - Pound (sterling) - Monthly - Average of observations through period,1838-09,0.205448,A,,F
M,GB,GBP,A,0,6,A, Exchange rates against USD United Kingdom - Pound (sterling) - Monthly - Average of observations through period,1838-10,0.204279,A,,F
M,GB,GBP,A,0,6,A, Exchange rates against USD United Kingdom - Pound (sterling) - Monthly - Average of observations through period,1838-11,0.204894,A,,F
M,GB,GBP,A,0,6,A, Exchange rates against USD United Kingdom - Pound (sterling) - Monthly - Average of observations through period,1838-12,0.203878,A,,F
M,GB,GBP,A,0,6,A, Exchange rates against USD United Kingdom - Pound (sterling) - Monthly - Average of observations through period,1839-01,0.204725,A,,F
M,GB,GBP,A,0,6,A, Exchange rates against USD United Kingdom - Pound (sterling) - Monthly - Average of observations through period,1839-02,0.205664,A,,F
M,GB,GBP,A,0,6,A, Exchange rates against USD United Kingdom - Pound (sterling) - Monthly - Average of observations through period,1839-03,0.206137,A,,F
M,GB,GBP,A,0,6,A, Exchange rates against USD United Kingdom - Pound (sterling) - Monthly - Average of observations through period,1839-04,0.204725,A,,F
M,GB,GBP,A,0,6,A, Exchange rates against USD United Kingdom - Pound (sterling) - Monthly - Average of observations through period,1839-05,0.206051,A,,F
M,GB,GBP,A,0,6,A, Exchange rates against USD United Kingdom - Pound (sterling) - Monthly - Average of observations through period,1839-06,0.204535,A,,F
M,GB,GBP,A,0,6,A, Exchange rates against USD United Kingdom - Pound (sterling) - Monthly - Average of observations through period,1839-07,0.204833,A,,F
M,GB,GBP,A,0,6,A, Exchange rates against USD United Kingdom - Pound (sterling) - Monthly - Average of observations through period,1839-08,0.203963,A,,F
M,GB,GBP,A,0,6,A, Exchange rates against USD United Kingdom - Pound (sterling) - Monthly - Average of observations through period,1839-09,0.204728,A,,F
M,GB,GBP,A,0,6,A, Exchange rates against USD United Kingdom - Pound (sterling) - Monthly - Average of observations through period,1839-10,0.202867,A,,F
M,GB,GBP,A,0,6,A, Exchange rates against USD United Kingdom - Pound (sterling) - Monthly - Average of observations through period,1839-11,0.204728,A,,F
M,GB,GBP,A,0,6,A, Exchange rates against USD United Kingdom - Pound (sterling) - Monthly - Average of observations through period,1839-12,0.204728,A,,F
M,GB,GBP,A,0,6,A, Exchange rates against USD United Kingdom - Pound (sterling) - Monthly - Average of observations through period,1840-01,0.206796,A,,F
M,GB,GBP,A,0,6,A, Exchange rates against USD United Kingdom - Pound (sterling) - Monthly - Average of observations through period,1840-02,0.20627,A,,F
M,GB,GBP,A,0,6,A, Exchange rates against USD United Kingdom - Pound (sterling) - Monthly - Average of observations through period,1840-03,0.207225,A,,F
M,GB,GBP,A,0,6,A, Exchange rates against USD United Kingdom - Pound (sterling) - Monthly - Average of observations through period,1840-04,0.207706,A,,F
M,GB,GBP,A,0,6,A, Exchange rates against USD United Kingdom - Pound (sterling) - Monthly - Average of observations through period,1840-05,0.207396,A,,F
M,GB,GBP,A,0,6,A, Exchange rates against USD United Kingdom - Pound (sterling) - Monthly - Average of observations through period,1840-06,0.208189,A,,F
M,GB,GBP,A,0,6,A, Exchange rates against USD United Kingdom - Pound (sterling) - Monthly - Average of observations through period,1840-07,0.209248,A,,F
M,GB,GBP,A,0,6,A, Exchange rates against USD United Kingdom - Pound (sterling) - Monthly - Average of observations through period,1840-08,0.209248,A,,F
M,GB,GBP,A,0,6,A, Exchange rates against USD United Kingdom - Pound (sterling) - Monthly - Average of observations through period,1840-09,0.209161,A,,F
M,GB,GBP,A,0,6,A, Exchange rates against USD United Kingdom - Pound (sterling) - Monthly - Average of observations through period,1840-10,0.20666,A,,F
M,GB,GBP,A,0,6,A, Exchange rates against USD United Kingdom - Pound (sterling) - Monthly - Average of observations through period,1840-11,0.205369,A,,F
M,GB,GBP,A,0,6,A, Exchange rates against USD United Kingdom - Pound (sterling) - Monthly - Average of observations through period,1840-12,0.205455,A,,F
M,GB,GBP,A,0,6,A, Exchange rates against USD United Kingdom - Pound (sterling) - Monthly - Average of observations through period,1841-01,0.206013,A,,F
M,GB,GBP,A,0,6,A, Exchange rates against USD United Kingdom - Pound (sterling) - Monthly - Average of observations through period,1841-02,0.207139,A,,F
M,GB,GBP,A,0,6,A, Exchange rates against USD United Kingdom - Pound (sterling) - Monthly - Average of observations through period,1841-03,0.207139,A,,F
M,GB,GBP,A,0,6,A, Exchange rates against USD United Kingdom - Pound (sterling) - Monthly - Average of observations through period,1841-04,0.209248,A,,F
M,GB,GBP,A,0,6,A, Exchange rates against USD United Kingdom - Pound (sterling) - Monthly - Average of observations through period,1841-05,0.208275,A,,F
M,GB,GBP,A,0,6,A, Exchange rates against USD United Kingdom - Pound (sterling) - Monthly - Average of observations through period,1841-06,0.20666,A,,F
M,GB,GBP,A,0,6,A, Exchange rates against USD United Kingdom - Pound (sterling) - Monthly - Average of observations through period,1841-07,0.206355,A,,F
M,GB,GBP,A,0,6,A, Exchange rates against USD United Kingdom - Pound (sterling) - Monthly - Average of observations through period,1841-08,0.206355,A,,F
M,GB,GBP,A,0,6,A, Exchange rates against USD United Kingdom - Pound (sterling) - Monthly - Average of observations through period,1841-09,0.205324,A,,F
M,GB,GBP,A,0,6,A, Exchange rates against USD United Kingdom - Pound (sterling) - Monthly - Average of observations through period,1841-10,0.203836,A,,F
M,GB,GBP,A,0,6,A, Exchange rates against USD United Kingdom - Pound (sterling) - Monthly - Average of observations through period,1841-11,0.203204,A,,F
M,GB,GBP,A,0,6,A, Exchange rates against USD United Kingdom - Pound (sterling) - Monthly - Average of observations through period,1841-12,0.204769,A,,F
M,GB,GBP,A,0,6,A, Exchange rates against USD United Kingdom - Pound (sterling) - Monthly - Average of observations through period,1842-01,0.205796,A,,F
M,GB,GBP,A,0,6,A, Exchange rates against USD United Kingdom - Pound (sterling) - Monthly - Average of observations through period,1842-02,0.206832,A,,F
M,GB,GBP,A,0,6,A, Exchange rates against USD United Kingdom - Pound (sterling) - Monthly - Average of observations through period,1842-03,0.207089,A,,F
M,GB,GBP,A,0,6,A, Exchange rates against USD United Kingdom - Pound (sterling) - Monthly - Average of observations through period,1842-04,0.210491,A,,F
M,GB,GBP,A,0,6,A, Exchange rates against USD United Kingdom - Pound (sterling) - Monthly - Average of observations through period,1842-05,0.209192,A,,F
M,GB,GBP,A,0,6,A, Exchange rates against USD United Kingdom - Pound (sterling) - Monthly - Average of observations through period,1842-06,0.207654,A,,F
M,GB,GBP,A,0,6,A, Exchange rates against USD United Kingdom - Pound (sterling) - Monthly - Average of observations through period,1842-07,0.208706,A,,F
M,GB,GBP,A,0,6,A, Exchange rates against USD United Kingdom - Pound (sterling) - Monthly - Average of observations through period,1842-08,0.211249,A,,F
M,GB,GBP,A,0,6,A, Exchange rates against USD United Kingdom - Pound (sterling) - Monthly - Average of observations through period,1842-09,0.209208,A,,F
M,GB,GBP,A,0,6,A, Exchange rates against USD United Kingdom - Pound (sterling) - Monthly - Average of observations through period,1842-10,0.207671,A,,F
M,GB,GBP,A,0,6,A, Exchange rates against USD United Kingdom - Pound (sterling) - Monthly - Average of observations through period,1842-11,0.211423,A,,F
M,GB,GBP,A,0,6,A, Exchange rates against USD United Kingdom - Pound (sterling) - Monthly - Average of observations through period,1842-12,0.210927,A,,F
M,GB,GBP,A,0,6,A, Exchange rates against USD United Kingdom - Pound (sterling) - Monthly - Average of observations through period,1843-01,0.212926,A,,F
M,GB,GBP,A,0,6,A, Exchange rates against USD United Kingdom - Pound (sterling) - Monthly - Average of observations through period,1843-02,0.213267,A,,F
M,GB,GBP,A,0,6,A, Exchange rates against USD United Kingdom - Pound (sterling) - Monthly - Average of observations through period,1843-03,0.212097,A,,F
M,GB,GBP,A,0,6,A, Exchange rates against USD United Kingdom - Pound (sterling) - Monthly - Average of observations through period,1843-04,0.212598,A,,F
M,GB,GBP,A,0,6,A, Exchange rates against USD United Kingdom - Pound (sterling) - Monthly - Average of observations through period,1843-05,0.209625,A,,F
M,GB,GBP,A,0,6,A, Exchange rates against USD United Kingdom - Pound (sterling) - Monthly - Average of observations through period,1843-06,0.207124,A,,F
M,GB,GBP,A,0,6,A, Exchange rates against USD United Kingdom - Pound (sterling) - Monthly - Average of observations through period,1843-07,0.206648,A,,F
M,GB,GBP,A,0,6,A, Exchange rates against USD United Kingdom - Pound (sterling) - Monthly - Average of observations through period,1843-08,0.205787,A,,F
M,GB,GBP,A,0,6,A, Exchange rates against USD United Kingdom - Pound (sterling) - Monthly - Average of observations through period,1843-09,0.205787,A,,F
M,GB,GBP,A,0,6,A, Exchange rates against USD United Kingdom - Pound (sterling) - Monthly - Average of observations through period,1843-10,0.205702,A,,F
M,GB,GBP,A,0,6,A, Exchange rates against USD United Kingdom - Pound (sterling) - Monthly - Average of observations through period,1843-11,0.207688,A,,F
M,GB,GBP,A,0,6,A, Exchange rates against USD United Kingdom - Pound (sterling) - Monthly - Average of observations through period,1843-12,0.207039,A,,F
M,GB,GBP,A,0,6,A, Exchange rates against USD United Kingdom - Pound (sterling) - Monthly - Average of observations through period,1844-01,0.207124,A,,F
M,GB,GBP,A,0,6,A, Exchange rates against USD United Kingdom - Pound (sterling) - Monthly - Average of observations through period,1844-02,0.20721,A,,F
M,GB,GBP,A,0,6,A, Exchange rates against USD United Kingdom - Pound (sterling) - Monthly - Average of observations through period,1844-03,0.206259,A,,F
M,GB,GBP,A,0,6,A, Exchange rates against USD United Kingdom - Pound (sterling) - Monthly - Average of observations through period,1844-04,0.20721,A,,F
M,GB,GBP,A,0,6,A, Exchange rates against USD United Kingdom - Pound (sterling) - Monthly - Average of observations through period,1844-05,0.208255,A,,F
M,GB,GBP,A,0,6,A, Exchange rates against USD United Kingdom - Pound (sterling) - Monthly - Average of observations through period,1844-06,0.206733,A,,F
M,GB,GBP,A,0,6,A, Exchange rates against USD United Kingdom - Pound (sterling) - Monthly - Average of observations through period,1844-07,0.205787,A,,F
M,GB,GBP,A,0,6,A, Exchange rates against USD United Kingdom - Pound (sterling) - Monthly - Average of observations through period,1844-08,0.205402,A,,F
M,GB,GBP,A,0,6,A, Exchange rates against USD United Kingdom - Pound (sterling) - Monthly - Average of observations through period,1844-09,0.205317,A,,F
M,GB,GBP,A,0,6,A, Exchange rates against USD United Kingdom - Pound (sterling) - Monthly - Average of observations through period,1844-10,0.2043,A,,F
M,GB,GBP,A,0,6,A, Exchange rates against USD United Kingdom - Pound (sterling) - Monthly - Average of observations through period,1844-11,0.204131,A,,F
M,GB,GBP,A,0,6,A, Exchange rates against USD United Kingdom - Pound (sterling) - Monthly - Average of observations through period,1844-12,0.204131,A,,F
M,GB,GBP,A,0,6,A, Exchange rates against USD United Kingdom - Pound (sterling) - Monthly - Average of observations through period,1845-01,0.204215,A,,F
M,GB,GBP,A,0,6,A, Exchange rates against USD United Kingdom - Pound (sterling) - Monthly - Average of observations through period,1845-02,0.204215,A,,F
M,GB,GBP,A,0,6,A, Exchange rates against USD United Kingdom - Pound (sterling) - Monthly - Average of observations through period,1845-03,0.204596,A,,F
M,GB,GBP,A,0,6,A, Exchange rates against USD United Kingdom - Pound (sterling) - Monthly - Average of observations through period,1845-04,0.204596,A,,F
M,GB,GBP,A,0,6,A, Exchange rates against USD United Kingdom - Pound (sterling) - Monthly - Average of observations through period,1845-05,0.205063,A,,F
M,GB,GBP,A,0,6,A, Exchange rates against USD United Kingdom - Pound (sterling) - Monthly - Average of observations through period,1845-06,0.204596,A,,F
M,GB,GBP,A,0,6,A, Exchange rates against USD United Kingdom - Pound (sterling) - Monthly - Average of observations through period,1845-07,0.204131,A,,F
M,GB,GBP,A,0,6,A, Exchange rates against USD United Kingdom - Pound (sterling) - Monthly - Average of observations through period,1845-08,0.204047,A,,F
M,GB,GBP,A,0,6,A, Exchange rates against USD United Kingdom - Pound (sterling) - Monthly - Average of observations through period,1845-09,0.205532,A,,F
M,GB,GBP,A,0,6,A, Exchange rates against USD United Kingdom - Pound (sterling) - Monthly - Average of observations through period,1845-10,0.204512,A,,F
M,GB,GBP,A,0,6,A, Exchange rates against USD United Kingdom - Pound (sterling) - Monthly - Average of observations through period,1845-11,0.205278,A,,F
M,GB,GBP,A,0,6,A, Exchange rates against USD United Kingdom - Pound (sterling) - Monthly - Average of observations through period,1845-12,0.206832,A,,F
M,GB,GBP,A,0,6,A, Exchange rates against USD United Kingdom - Pound (sterling) - Monthly - Average of observations through period,1846-01,0.206526,A,,F
M,GB,GBP,A,0,6,A, Exchange rates against USD United Kingdom - Pound (sterling) - Monthly - Average of observations through period,1846-02,0.206184,A,,F
M,GB,GBP,A,0,6,A, Exchange rates against USD United Kingdom - Pound (sterling) - Monthly - Average of observations through period,1846-03,0.206355,A,,F
M,GB,GBP,A,0,6,A, Exchange rates against USD United Kingdom - Pound (sterling) - Monthly - Average of observations through period,1846-04,0.20371,A,,F
M,GB,GBP,A,0,6,A, Exchange rates against USD United Kingdom - Pound (sterling) - Monthly - Average of observations through period,1846-05,0.20371,A,,F
M,GB,GBP,A,0,6,A, Exchange rates against USD United Kingdom - Pound (sterling) - Monthly - Average of observations through period,1846-06,0.205108,A,,F
M,GB,GBP,A,0,6,A, Exchange rates against USD United Kingdom - Pound (sterling) - Monthly - Average of observations through period,1846-07,0.206137,A,,F
M,GB,GBP,A,0,6,A, Exchange rates against USD United Kingdom - Pound (sterling) - Monthly - Average of observations through period,1846-08,0.207568,A,,F
M,GB,GBP,A,0,6,A, Exchange rates against USD United Kingdom - Pound (sterling) - Monthly - Average of observations through period,1846-09,0.204512,A,,F
M,GB,GBP,A,0,6,A, Exchange rates against USD United Kingdom - Pound (sterling) - Monthly - Average of observations through period,1846-10,0.205448,A,,F
M,GB,GBP,A,0,6,A, Exchange rates against USD United Kingdom - Pound (sterling) - Monthly - Average of observations through period,1846-11,0.211659,A,,F
M,GB,GBP,A,0,6,A, Exchange rates against USD United Kingdom - Pound (sterling) - Monthly - Average of observations through period,1846-12,0.210172,A,,F
M,GB,GBP,A,0,6,A, Exchange rates against USD United Kingdom - Pound (sterling) - Monthly - Average of observations through period,1847-01,0.212662,A,,F
M,GB,GBP,A,0,6,A, Exchange rates against USD United Kingdom - Pound (sterling) - Monthly - Average of observations through period,1847-02,0.21023,A,,F
M,GB,GBP,A,0,6,A, Exchange rates against USD United Kingdom - Pound (sterling) - Monthly - Average of observations through period,1847-03,0.211721,A,,F
M,GB,GBP,A,0,6,A, Exchange rates against USD United Kingdom - Pound (sterling) - Monthly - Average of observations through period,1847-04,0.214254,A,,F
M,GB,GBP,A,0,6,A, Exchange rates against USD United Kingdom - Pound (sterling) - Monthly - Average of observations through period,1847-05,0.20936,A,,F
M,GB,GBP,A,0,6,A, Exchange rates against USD United Kingdom - Pound (sterling) - Monthly - Average of observations through period,1847-06,0.207757,A,,F
M,GB,GBP,A,0,6,A, Exchange rates against USD United Kingdom - Pound (sterling) - Monthly - Average of observations through period,1847-07,0.209882,A,,F
M,GB,GBP,A,0,6,A, Exchange rates against USD United Kingdom - Pound (sterling) - Monthly - Average of observations through period,1847-08,0.210202,A,,F
M,GB,GBP,A,0,6,A, Exchange rates against USD United Kingdom - Pound (sterling) - Monthly - Average of observations through period,1847-09,0.208242,A,,F
M,GB,GBP,A,0,6,A, Exchange rates against USD United Kingdom - Pound (sterling) - Monthly - Average of observations through period,1847-10,0.204558,A,,F
M,GB,GBP,A,0,6,A, Exchange rates against USD United Kingdom - Pound (sterling) - Monthly - Average of observations through period,1847-11,0.201687,A,,F
M,GB,GBP,A,0,6,A, Exchange rates against USD United Kingdom - Pound (sterling) - Monthly - Average of observations through period,1847-12,0.202575,A,,F
M,GB,GBP,A,0,6,A, Exchange rates against USD United Kingdom - Pound (sterling) - Monthly - Average of observations through period,1848-01,0.202704,A,,F
M,GB,GBP,A,0,6,A, Exchange rates against USD United Kingdom - Pound (sterling) - Monthly - Average of observations through period,1848-02,0.203416,A,,F
M,GB,GBP,A,0,6,A, Exchange rates against USD United Kingdom - Pound (sterling) - Monthly - Average of observations through period,1848-03,0.203878,A,,F
M,GB,GBP,A,0,6,A, Exchange rates against USD United Kingdom - Pound (sterling) - Monthly - Average of observations through period,1848-04,0.203878,A,,F
M,GB,GBP,A,0,6,A, Exchange rates against USD United Kingdom - Pound (sterling) - Monthly - Average of observations through period,1848-05,0.20304,A,,F
M,GB,GBP,A,0,6,A, Exchange rates against USD United Kingdom - Pound (sterling) - Monthly - Average of observations through period,1848-06,0.20304,A,,F
M,GB,GBP,A,0,6,A, Exchange rates against USD United Kingdom - Pound (sterling) - Monthly - Average of observations through period,1848-07,0.204047,A,,F
M,GB,GBP,A,0,6,A, Exchange rates against USD United Kingdom - Pound (sterling) - Monthly - Average of observations through period,1848-08,0.204979,A,,F
M,GB,GBP,A,0,6,A, Exchange rates against USD United Kingdom - Pound (sterling) - Monthly - Average of observations through period,1848-09,0.205448,A,,F
M,GB,GBP,A,0,6,A, Exchange rates against USD United Kingdom - Pound (sterling) - Monthly - Average of observations through period,1848-10,0.205919,A,,F
M,GB,GBP,A,0,6,A, Exchange rates against USD United Kingdom - Pound (sterling) - Monthly - Average of observations through period,1848-11,0.206477,A,,F
M,GB,GBP,A,0,6,A, Exchange rates against USD United Kingdom - Pound (sterling) - Monthly - Average of observations through period,1848-12,0.206563,A,,F
M,GB,GBP,A,0,6,A, Exchange rates against USD United Kingdom - Pound (sterling) - Monthly - Average of observations through period,1849-01,0.206089,A,,F
M,GB,GBP,A,0,6,A, Exchange rates against USD United Kingdom - Pound (sterling) - Monthly - Average of observations through period,1849-02,0.206563,A,,F
M,GB,GBP,A,0,6,A, Exchange rates against USD United Kingdom - Pound (sterling) - Monthly - Average of observations through period,1849-03,0.208083,A,,F
M,GB,GBP,A,0,6,A, Exchange rates against USD United Kingdom - Pound (sterling) - Monthly - Average of observations through period,1849-04,0.210927,A,,F
M,GB,GBP,A,0,6,A, Exchange rates against USD United Kingdom - Pound (sterling) - Monthly - Average of observations through period,1849-05,0.207124,A,,F
M,GB,GBP,A,0,6,A, Exchange rates against USD United Kingdom - Pound (sterling) - Monthly - Average of observations through period,1849-06,0.205233,A,,F
M,GB,GBP,A,0,6,A, Exchange rates against USD United Kingdom - Pound (sterling) - Monthly - Average of observations through period,1849-07,0.205702,A,,F
M,GB,GBP,A,0,6,A, Exchange rates against USD United Kingdom - Pound (sterling) - Monthly - Average of observations through period,1849-08,0.206174,A,,F
M,GB,GBP,A,0,6,A, Exchange rates against USD United Kingdom - Pound (sterling) - Monthly - Average of observations through period,1849-09,0.2043,A,,F
M,GB,GBP,A,0,6,A, Exchange rates against USD United Kingdom - Pound (sterling) - Monthly - Average of observations through period,1849-10,0.204215,A,,F
M,GB,GBP,A,0,6,A, Exchange rates against USD United Kingdom - Pound (sterling) - Monthly - Average of observations through period,1849-11,0.203375,A,,F
M,GB,GBP,A,0,6,A, Exchange rates against USD United Kingdom - Pound (sterling) - Monthly - Average of observations through period,1849-12,0.206259,A,,F
M,GB,GBP,A,0,6,A, Exchange rates against USD United Kingdom - Pound (sterling) - Monthly - Average of observations through period,1850-01,0.207688,A,,F
M,GB,GBP,A,0,6,A, Exchange rates against USD United Kingdom - Pound (sterling) - Monthly - Average of observations through period,1850-02,0.206174,A,,F
M,GB,GBP,A,0,6,A, Exchange rates against USD United Kingdom - Pound (sterling) - Monthly - Average of observations through period,1850-03,0.206563,A,,F
M,GB,GBP,A,0,6,A, Exchange rates against USD United Kingdom - Pound (sterling) - Monthly - Average of observations through period,1850-04,0.206648,A,,F
M,GB,GBP,A,0,6,A, Exchange rates against USD United Kingdom - Pound (sterling) - Monthly - Average of observations through period,1850-05,0.204849,A,,F
M,GB,GBP,A,0,6,A, Exchange rates against USD United Kingdom - Pound (sterling) - Monthly - Average of observations through period,1850-06,0.204384,A,,F
M,GB,GBP,A,0,6,A, Exchange rates against USD United Kingdom - Pound (sterling) - Monthly - Average of observations through period,1850-07,0.203459,A,,F
M,GB,GBP,A,0,6,A, Exchange rates against USD United Kingdom - Pound (sterling) - Monthly - Average of observations through period,1850-08,0.203459,A,,F
M,GB,GBP,A,0,6,A, Exchange rates against USD United Kingdom - Pound (sterling) - Monthly - Average of observations through period,1850-09,0.203291,A,,F
M,GB,GBP,A,0,6,A, Exchange rates against USD United Kingdom - Pound (sterling) - Monthly - Average of observations through period,1850-10,0.203291,A,,F
M,GB,GBP,A,0,6,A, Exchange rates against USD United Kingdom - Pound (sterling) - Monthly - Average of observations through period,1850-11,0.202832,A,,F
M,GB,GBP,A,0,6,A, Exchange rates against USD United Kingdom - Pound (sterling) - Monthly - Average of observations through period,1850-12,0.204681,A,,F
M,GB,GBP,A,0,6,A, Exchange rates against USD United Kingdom - Pound (sterling) - Monthly - Average of observations through period,1851-01,0.20327,A,,F
M,GB,GBP,A,0,6,A, Exchange rates against USD United Kingdom - Pound (sterling) - Monthly - Average of observations through period,1851-02,0.204512,A,,F
M,GB,GBP,A,0,6,A, Exchange rates against USD United Kingdom - Pound (sterling) - Monthly - Average of observations through period,1851-03,0.203815,A,,F
M,GB,GBP,A,0,6,A, Exchange rates against USD United Kingdom - Pound (sterling) - Monthly - Average of observations through period,1851-04,0.203354,A,,F
M,GB,GBP,A,0,6,A, Exchange rates against USD United Kingdom - Pound (sterling) - Monthly - Average of observations through period,1851-05,0.202894,A,,F
M,GB,GBP,A,0,6,A, Exchange rates against USD United Kingdom - Pound (sterling) - Monthly - Average of observations through period,1851-06,0.20327,A,,F
M,GB,GBP,A,0,6,A, Exchange rates against USD United Kingdom - Pound (sterling) - Monthly - Average of observations through period,1851-07,0.203124,A,,F
M,GB,GBP,A,0,6,A, Exchange rates against USD United Kingdom - Pound (sterling) - Monthly - Average of observations through period,1851-08,0.20327,A,,F
M,GB,GBP,A,0,6,A, Exchange rates against USD United Kingdom - Pound (sterling) - Monthly - Average of observations through period,1851-09,0.2035,A,,F
M,GB,GBP,A,0,6,A, Exchange rates against USD United Kingdom - Pound (sterling) - Monthly - Average of observations through period,1851-10,0.20327,A,,F
M,GB,GBP,A,0,6,A, Exchange rates against USD United Kingdom - Pound (sterling) - Monthly - Average of observations through period,1851-11,0.203207,A,,F
M,GB,GBP,A,0,6,A, Exchange rates against USD United Kingdom - Pound (sterling) - Monthly - Average of observations through period,1851-12,0.203207,A,,F
M,GB,GBP,A,0,6,A, Exchange rates against USD United Kingdom - Pound (sterling) - Monthly - Average of observations through period,1852-01,0.203752,A,,F
M,GB,GBP,A,0,6,A, Exchange rates against USD United Kingdom - Pound (sterling) - Monthly - Average of observations through period,1852-02,0.204068,A,,F
M,GB,GBP,A,0,6,A, Exchange rates against USD United Kingdom - Pound (sterling) - Monthly - Average of observations through period,1852-03,0.204152,A,,F
M,GB,GBP,A,0,6,A, Exchange rates against USD United Kingdom - Pound (sterling) - Monthly - Average of observations through period,1852-04,0.204849,A,,F
M,GB,GBP,A,0,6,A, Exchange rates against USD United Kingdom - Pound (sterling) - Monthly - Average of observations through period,1852-05,0.2063,A,,F
M,GB,GBP,A,0,6,A, Exchange rates against USD United Kingdom - Pound (sterling) - Monthly - Average of observations through period,1852-06,0.203774,A,,F
M,GB,GBP,A,0,6,A, Exchange rates against USD United Kingdom - Pound (sterling) - Monthly - Average of observations through period,1852-07,0.204005,A,,F
M,GB,GBP,A,0,6,A, Exchange rates against USD United Kingdom - Pound (sterling) - Monthly - Average of observations through period,1852-08,0.204005,A,,F
M,GB,GBP,A,0,6,A, Exchange rates against USD United Kingdom - Pound (sterling) - Monthly - Average of observations through period,1852-09,0.203313,A,,F
M,GB,GBP,A,0,6,A, Exchange rates against USD United Kingdom - Pound (sterling) - Monthly - Average of observations through period,1852-10,0.203774,A,,F
M,GB,GBP,A,0,6,A, Exchange rates against USD United Kingdom - Pound (sterling) - Monthly - Average of observations through period,1852-11,0.204701,A,,F
M,GB,GBP,A,0,6,A, Exchange rates against USD United Kingdom - Pound (sterling) - Monthly - Average of observations through period,1852-12,0.204468,A,,F
M,GB,GBP,A,0,6,A, Exchange rates against USD United Kingdom - Pound (sterling) - Monthly - Average of observations through period,1853-01,0.203752,A,,F
M,GB,GBP,A,0,6,A, Exchange rates against USD United Kingdom - Pound (sterling) - Monthly - Average of observations through period,1853-02,0.204068,A,,F
M,GB,GBP,A,0,6,A, Exchange rates against USD United Kingdom - Pound (sterling) - Monthly - Average of observations through period,1853-03,0.204152,A,,F
M,GB,GBP,A,0,6,A, Exchange rates against USD United Kingdom - Pound (sterling) - Monthly - Average of observations through period,1853-04,0.204849,A,,F
M,GB,GBP,A,0,6,A, Exchange rates against USD United Kingdom - Pound (sterling) - Monthly - Average of observations through period,1853-05,0.2063,A,,F
M,GB,GBP,A,0,6,A, Exchange rates against USD United Kingdom - Pound (sterling) - Monthly - Average of observations through period,1853-06,0.203774,A,,F
M,GB,GBP,A,0,6,A, Exchange rates against USD United Kingdom - Pound (sterling) - Monthly - Average of observations through period,1853-07,0.204005,A,,F
M,GB,GBP,A,0,6,A, Exchange rates against USD United Kingdom - Pound (sterling) - Monthly - Average of observations through period,1853-08,0.204005,A,,F
M,GB,GBP,A,0,6,A, Exchange rates against USD United Kingdom - Pound (sterling) - Monthly - Average of observations through period,1853-09,0.203313,A,,F
M,GB,GBP,A,0,6,A, Exchange rates against USD United Kingdom - Pound (sterling) - Monthly - Average of observations through period,1853-10,0.203774,A,,F
M,GB,GBP,A,0,6,A, Exchange rates against USD United Kingdom - Pound (sterling) - Monthly - Average of observations through period,1853-11,0.204701,A,,F
M,GB,GBP,A,0,6,A, Exchange rates against USD United Kingdom - Pound (sterling) - Monthly - Average of observations through period,1853-12,0.204468,A,,F
M,GB,GBP,A,0,6,A, Exchange rates against USD United Kingdom - Pound (sterling) - Monthly - Average of observations through period,1854-01,0.204769,A,,F
M,GB,GBP,A,0,6,A, Exchange rates against USD United Kingdom - Pound (sterling) - Monthly - Average of observations through period,1854-02,0.205088,A,,F
M,GB,GBP,A,0,6,A, Exchange rates against USD United Kingdom - Pound (sterling) - Monthly - Average of observations through period,1854-03,0.205881,A,,F
M,GB,GBP,A,0,6,A, Exchange rates against USD United Kingdom - Pound (sterling) - Monthly - Average of observations through period,1854-04,0.205852,A,,F
M,GB,GBP,A,0,6,A, Exchange rates against USD United Kingdom - Pound (sterling) - Monthly - Average of observations through period,1854-05,0.204769,A,,F
M,GB,GBP,A,0,6,A, Exchange rates against USD United Kingdom - Pound (sterling) - Monthly - Average of observations through period,1854-06,0.204514,A,,F
M,GB,GBP,A,0,6,A, Exchange rates against USD United Kingdom - Pound (sterling) - Monthly - Average of observations through period,1854-07,0.204684,A,,F
M,GB,GBP,A,0,6,A, Exchange rates against USD United Kingdom - Pound (sterling) - Monthly - Average of observations through period,1854-08,0.204769,A,,F
M,GB,GBP,A,0,6,A, Exchange rates against USD United Kingdom - Pound (sterling) - Monthly - Average of observations through period,1854-09,0.203836,A,,F
M,GB,GBP,A,0,6,A, Exchange rates against USD United Kingdom - Pound (sterling) - Monthly - Average of observations through period,1854-10,0.203688,A,,F
M,GB,GBP,A,0,6,A, Exchange rates against USD United Kingdom - Pound (sterling) - Monthly - Average of observations through period,1854-11,0.204153,A,,F
M,GB,GBP,A,0,6,A, Exchange rates against USD United Kingdom - Pound (sterling) - Monthly - Average of observations through period,1854-12,0.204939,A,,F
M,GB,GBP,A,0,6,A, Exchange rates against USD United Kingdom - Pound (sterling) - Monthly - Average of observations through period,1855-01,0.208189,A,,F
M,GB,GBP,A,0,6,A, Exchange rates against USD United Kingdom - Pound (sterling) - Monthly - Average of observations through period,1855-02,0.205239,A,,F
M,GB,GBP,A,0,6,A, Exchange rates against USD United Kingdom - Pound (sterling) - Monthly - Average of observations through period,1855-03,0.204535,A,,F
M,GB,GBP,A,0,6,A, Exchange rates against USD United Kingdom - Pound (sterling) - Monthly - Average of observations through period,1855-04,0.203942,A,,F
M,GB,GBP,A,0,6,A, Exchange rates against USD United Kingdom - Pound (sterling) - Monthly - Average of observations through period,1855-05,0.203878,A,,F
M,GB,GBP,A,0,6,A, Exchange rates against USD United Kingdom - Pound (sterling) - Monthly - Average of observations through period,1855-06,0.203963,A,,F
M,GB,GBP,A,0,6,A, Exchange rates against USD United Kingdom - Pound (sterling) - Monthly - Average of observations through period,1855-07,0.204512,A,,F
M,GB,GBP,A,0,6,A, Exchange rates against USD United Kingdom - Pound (sterling) - Monthly - Average of observations through period,1855-08,0.204427,A,,F
M,GB,GBP,A,0,6,A, Exchange rates against USD United Kingdom - Pound (sterling) - Monthly - Average of observations through period,1855-09,0.204174,A,,F
M,GB,GBP,A,0,6,A, Exchange rates against USD United Kingdom - Pound (sterling) - Monthly - Average of observations through period,1855-10,0.20409,A,,F
M,GB,GBP,A,0,6,A, Exchange rates against USD United Kingdom - Pound (sterling) - Monthly - Average of observations through period,1855-11,0.205501,A,,F
M,GB,GBP,A,0,6,A, Exchange rates against USD United Kingdom - Pound (sterling) - Monthly - Average of observations through period,1855-12,0.205975,A,,F
M,GB,GBP,A,0,6,A, Exchange rates against USD United Kingdom - Pound (sterling) - Monthly - Average of observations through period,1856-01,0.205501,A,,F
M,GB,GBP,A,0,6,A, Exchange rates against USD United Kingdom - Pound (sterling) - Monthly - Average of observations through period,1856-02,0.205586,A,,F
M,GB,GBP,A,0,6,A, Exchange rates against USD United Kingdom - Pound (sterling) - Monthly - Average of observations through period,1856-03,0.204409,A,,F
M,GB,GBP,A,0,6,A, Exchange rates against USD United Kingdom - Pound (sterling) - Monthly - Average of observations through period,1856-04,0.203476,A,,F
M,GB,GBP,A,0,6,A, Exchange rates against USD United Kingdom - Pound (sterling) - Monthly - Average of observations through period,1856-05,0.203329,A,,F
M,GB,GBP,A,0,6,A, Exchange rates against USD United Kingdom - Pound (sterling) - Monthly - Average of observations through period,1856-06,0.20392,A,,F
M,GB,GBP,A,0,6,A, Exchange rates against USD United Kingdom - Pound (sterling) - Monthly - Average of observations through period,1856-07,0.203626,A,,F
M,GB,GBP,A,0,6,A, Exchange rates against USD United Kingdom - Pound (sterling) - Monthly - Average of observations through period,1856-08,0.204005,A,,F
M,GB,GBP,A,0,6,A, Exchange rates against USD United Kingdom - Pound (sterling) - Monthly - Average of observations through period,1856-09,0.204005,A,,F
M,GB,GBP,A,0,6,A, Exchange rates against USD United Kingdom - Pound (sterling) - Monthly - Average of observations through period,1856-10,0.203624,A,,F
M,GB,GBP,A,0,6,A, Exchange rates against USD United Kingdom - Pound (sterling) - Monthly - Average of observations through period,1856-11,0.20409,A,,F
M,GB,GBP,A,0,6,A, Exchange rates against USD United Kingdom - Pound (sterling) - Monthly - Average of observations through period,1856-12,0.204728,A,,F
M,GB,GBP,A,0,6,A, Exchange rates against USD United Kingdom - Pound (sterling) - Monthly - Average of observations through period,1857-01,0.205843,A,,F
M,GB,GBP,A,0,6,A, Exchange rates against USD United Kingdom - Pound (sterling) - Monthly - Average of observations through period,1857-02,0.205369,A,,F
M,GB,GBP,A,0,6,A, Exchange rates against USD United Kingdom - Pound (sterling) - Monthly - Average of observations through period,1857-03,0.206318,A,,F
M,GB,GBP,A,0,6,A, Exchange rates against USD United Kingdom - Pound (sterling) - Monthly - Average of observations through period,1857-04,0.205586,A,,F
M,GB,GBP,A,0,6,A, Exchange rates against USD United Kingdom - Pound (sterling) - Monthly - Average of observations through period,1857-05,0.20426,A,,F
M,GB,GBP,A,0,6,A, Exchange rates against USD United Kingdom - Pound (sterling) - Monthly - Average of observations through period,1857-06,0.203885,A,,F
M,GB,GBP,A,0,6,A, Exchange rates against USD United Kingdom - Pound (sterling) - Monthly - Average of observations through period,1857-07,0.204596,A,,F
M,GB,GBP,A,0,6,A, Exchange rates against USD United Kingdom - Pound (sterling) - Monthly - Average of observations through period,1857-08,0.204159,A,,F
M,GB,GBP,A,0,6,A, Exchange rates against USD United Kingdom - Pound (sterling) - Monthly - Average of observations through period,1857-09,0.205068,A,,F
M,GB,GBP,A,0,6,A, Exchange rates against USD United Kingdom - Pound (sterling) - Monthly - Average of observations through period,1857-10,0.112063,A,,F
M,GB,GBP,A,0,6,A, Exchange rates against USD United Kingdom - Pound (sterling) - Monthly - Average of observations through period,1857-11,0.206464,A,,F
M,GB,GBP,A,0,6,A, Exchange rates against USD United Kingdom - Pound (sterling) - Monthly - Average of observations through period,1857-12,0.203432,A,,F
M,GB,GBP,A,0,6,A, Exchange rates against USD United Kingdom - Pound (sterling) - Monthly - Average of observations through period,1858-01,0.204498,A,,F
M,GB,GBP,A,0,6,A, Exchange rates against USD United Kingdom - Pound (sterling) - Monthly - Average of observations through period,1858-02,0.205617,A,,F
M,GB,GBP,A,0,6,A, Exchange rates against USD United Kingdom - Pound (sterling) - Monthly - Average of observations through period,1858-03,0.20613,A,,F
M,GB,GBP,A,0,6,A, Exchange rates against USD United Kingdom - Pound (sterling) - Monthly - Average of observations through period,1858-04,0.206106,A,,F
M,GB,GBP,A,0,6,A, Exchange rates against USD United Kingdom - Pound (sterling) - Monthly - Average of observations through period,1858-05,0.205665,A,,F
M,GB,GBP,A,0,6,A, Exchange rates against USD United Kingdom - Pound (sterling) - Monthly - Average of observations through period,1858-06,0.204654,A,,F
M,GB,GBP,A,0,6,A, Exchange rates against USD United Kingdom - Pound (sterling) - Monthly - Average of observations through period,1858-07,0.205577,A,,F
M,GB,GBP,A,0,6,A, Exchange rates against USD United Kingdom - Pound (sterling) - Monthly - Average of observations through period,1858-08,0.204955,A,,F
M,GB,GBP,A,0,6,A, Exchange rates against USD United Kingdom - Pound (sterling) - Monthly - Average of observations through period,1858-09,0.204438,A,,F
M,GB,GBP,A,0,6,A, Exchange rates against USD United Kingdom - Pound (sterling) - Monthly - Average of observations through period,1858-10,0.20429,A,,F
M,GB,GBP,A,0,6,A, Exchange rates against USD United Kingdom - Pound (sterling) - Monthly - Average of observations through period,1858-11,0.204735,A,,F
M,GB,GBP,A,0,6,A, Exchange rates against USD United Kingdom - Pound (sterling) - Monthly - Average of observations through period,1858-12,0.205638,A,,F
M,GB,GBP,A,0,6,A, Exchange rates against USD United Kingdom - Pound (sterling) - Monthly - Average of observations through period,1859-01,0.204951,A,,F
M,GB,GBP,A,0,6,A, Exchange rates against USD United Kingdom - Pound (sterling) - Monthly - Average of observations through period,1859-02,0.205263,A,,F
M,GB,GBP,A,0,6,A, Exchange rates against USD United Kingdom - Pound (sterling) - Monthly - Average of observations through period,1859-03,0.204951,A,,F
M,GB,GBP,A,0,6,A, Exchange rates against USD United Kingdom - Pound (sterling) - Monthly - Average of observations through period,1859-04,0.204583,A,,F
M,GB,GBP,A,0,6,A, Exchange rates against USD United Kingdom - Pound (sterling) - Monthly - Average of observations through period,1859-05,0.203384,A,,F
M,GB,GBP,A,0,6,A, Exchange rates against USD United Kingdom - Pound (sterling) - Monthly - Average of observations through period,1859-06,0.204215,A,,F
M,GB,GBP,A,0,6,A, Exchange rates against USD United Kingdom - Pound (sterling) - Monthly - Average of observations through period,1859-07,0.203746,A,,F
M,GB,GBP,A,0,6,A, Exchange rates against USD United Kingdom - Pound (sterling) - Monthly - Average of observations through period,1859-08,0.203522,A,,F
M,GB,GBP,A,0,6,A, Exchange rates against USD United Kingdom - Pound (sterling) - Monthly - Average of observations through period,1859-09,0.204478,A,,F
M,GB,GBP,A,0,6,A, Exchange rates against USD United Kingdom - Pound (sterling) - Monthly - Average of observations through period,1859-10,0.204014,A,,F
M,GB,GBP,A,0,6,A, Exchange rates against USD United Kingdom - Pound (sterling) - Monthly - Average of observations through period,1859-11,0.204195,A,,F
M,GB,GBP,A,0,6,A, Exchange rates against USD United Kingdom - Pound (sterling) - Monthly - Average of observations through period,1859-12,0.204454,A,,F
M,GB,GBP,A,0,6,A, Exchange rates against USD United Kingdom - Pound (sterling) - Monthly - Average of observations through period,1860-01,0.205348,A,,F
M,GB,GBP,A,0,6,A, Exchange rates against USD United Kingdom - Pound (sterling) - Monthly - Average of observations through period,1860-02,0.206062,A,,F
M,GB,GBP,A,0,6,A, Exchange rates against USD United Kingdom - Pound (sterling) - Monthly - Average of observations through period,1860-03,0.205528,A,,F
M,GB,GBP,A,0,6,A, Exchange rates against USD United Kingdom - Pound (sterling) - Monthly - Average of observations through period,1860-04,0.205269,A,,F
M,GB,GBP,A,0,6,A, Exchange rates against USD United Kingdom - Pound (sterling) - Monthly - Average of observations through period,1860-05,0.204772,A,,F
M,GB,GBP,A,0,6,A, Exchange rates against USD United Kingdom - Pound (sterling) - Monthly - Average of observations through period,1860-06,0.204376,A,,F
M,GB,GBP,A,0,6,A, Exchange rates against USD United Kingdom - Pound (sterling) - Monthly - Average of observations through period,1860-07,0.203948,A,,F
M,GB,GBP,A,0,6,A, Exchange rates against USD United Kingdom - Pound (sterling) - Monthly - Average of observations through period,1860-08,0.203717,A,,F
M,GB,GBP,A,0,6,A, Exchange rates against USD United Kingdom - Pound (sterling) - Monthly - Average of observations through period,1860-09,0.204046,A,,F
M,GB,GBP,A,0,6,A, Exchange rates against USD United Kingdom - Pound (sterling) - Monthly - Average of observations through period,1860-10,0.204698,A,,F
M,GB,GBP,A,0,6,A, Exchange rates against USD United Kingdom - Pound (sterling) - Monthly - Average of observations through period,1860-11,0.206456,A,,F
M,GB,GBP,A,0,6,A, Exchange rates against USD United Kingdom - Pound (sterling) - Monthly - Average of observations through period,1860-12,0.215138,A,,F
M,GB,GBP,A,0,6,A, Exchange rates against USD United Kingdom - Pound (sterling) - Monthly - Average of observations through period,1861-01,0.215529,A,,F
M,GB,GBP,A,0,6,A, Exchange rates against USD United Kingdom - Pound (sterling) - Monthly - Average of observations through period,1861-02,0.210229,A,,F
M,GB,GBP,A,0,6,A, Exchange rates against USD United Kingdom - Pound (sterling) - Monthly - Average of observations through period,1861-03,0.211169,A,,F
M,GB,GBP,A,0,6,A, Exchange rates against USD United Kingdom - Pound (sterling) - Monthly - Average of observations through period,1861-04,0.206143,A,,F
M,GB,GBP,A,0,6,A, Exchange rates against USD United Kingdom - Pound (sterling) - Monthly - Average of observations through period,1861-05,0.212898,A,,F
M,GB,GBP,A,0,6,A, Exchange rates against USD United Kingdom - Pound (sterling) - Monthly - Average of observations through period,1861-06,0.211195,A,,F
M,GB,GBP,A,0,6,A, Exchange rates against USD United Kingdom - Pound (sterling) - Monthly - Average of observations through period,1861-07,0.210334,A,,F
M,GB,GBP,A,0,6,A, Exchange rates against USD United Kingdom - Pound (sterling) - Monthly - Average of observations through period,1861-08,0.209087,A,,F
M,GB,GBP,A,0,6,A, Exchange rates against USD United Kingdom - Pound (sterling) - Monthly - Average of observations through period,1861-09,0.209172,A,,F
M,GB,GBP,A,0,6,A, Exchange rates against USD United Kingdom - Pound (sterling) - Monthly - Average of observations through period,1861-10,0.209241,A,,F
M,GB,GBP,A,0,6,A, Exchange rates against USD United Kingdom - Pound (sterling) - Monthly - Average of observations through period,1861-11,0.209362,A,,F
M,GB,GBP,A,0,6,A, Exchange rates against USD United Kingdom - Pound (sterling) - Monthly - Average of observations through period,1861-12,0.205973,A,,F
M,GB,GBP,A,0,6,A, Exchange rates against USD United Kingdom - Pound (sterling) - Monthly - Average of observations through period,1862-01,0.199251,A,,F
M,GB,GBP,A,0,6,A, Exchange rates against USD United Kingdom - Pound (sterling) - Monthly - Average of observations through period,1862-02,0.196824,A,,F
M,GB,GBP,A,0,6,A, Exchange rates against USD United Kingdom - Pound (sterling) - Monthly - Average of observations through period,1862-03,0.199154,A,,F
M,GB,GBP,A,0,6,A, Exchange rates against USD United Kingdom - Pound (sterling) - Monthly - Average of observations through period,1862-04,0.199723,A,,F
M,GB,GBP,A,0,6,A, Exchange rates against USD United Kingdom - Pound (sterling) - Monthly - Average of observations through period,1862-05,0.197615,A,,F
M,GB,GBP,A,0,6,A, Exchange rates against USD United Kingdom - Pound (sterling) - Monthly - Average of observations through period,1862-06,0.190769,A,,F
M,GB,GBP,A,0,6,A, Exchange rates against USD United Kingdom - Pound (sterling) - Monthly - Average of observations through period,1862-07,0.177587,A,,F
M,GB,GBP,A,0,6,A, Exchange rates against USD United Kingdom - Pound (sterling) - Monthly - Average of observations through period,1862-08,0.177223,A,,F
M,GB,GBP,A,0,6,A, Exchange rates against USD United Kingdom - Pound (sterling) - Monthly - Average of observations through period,1862-09,0.170314,A,,F
M,GB,GBP,A,0,6,A, Exchange rates against USD United Kingdom - Pound (sterling) - Monthly - Average of observations through period,1862-10,0.158553,A,,F
M,GB,GBP,A,0,6,A, Exchange rates against USD United Kingdom - Pound (sterling) - Monthly - Average of observations through period,1862-11,0.154668,A,,F
M,GB,GBP,A,0,6,A, Exchange rates against USD United Kingdom - Pound (sterling) - Monthly - Average of observations through period,1862-12,0.154262,A,,F
M,GB,GBP,A,0,6,A, Exchange rates against USD United Kingdom - Pound (sterling) - Monthly - Average of observations through period,1863-01,0.138798,A,,F
M,GB,GBP,A,0,6,A, Exchange rates against USD United Kingdom - Pound (sterling) - Monthly - Average of observations through period,1863-02,0.125139,A,,F
M,GB,GBP,A,0,6,A, Exchange rates against USD United Kingdom - Pound (sterling) - Monthly - Average of observations through period,1863-03,0.129526,A,,F
M,GB,GBP,A,0,6,A, Exchange rates against USD United Kingdom - Pound (sterling) - Monthly - Average of observations through period,1863-04,0.135546,A,,F
M,GB,GBP,A,0,6,A, Exchange rates against USD United Kingdom - Pound (sterling) - Monthly - Average of observations through period,1863-05,0.137376,A,,F
M,GB,GBP,A,0,6,A, Exchange rates against USD United Kingdom - Pound (sterling) - Monthly - Average of observations through period,1863-06,0.137473,A,,F
M,GB,GBP,A,0,6,A, Exchange rates against USD United Kingdom - Pound (sterling) - Monthly - Average of observations through period,1863-07,0.150655,A,,F
M,GB,GBP,A,0,6,A, Exchange rates against USD United Kingdom - Pound (sterling) - Monthly - Average of observations through period,1863-08,0.160352,A,,F
M,GB,GBP,A,0,6,A, Exchange rates against USD United Kingdom - Pound (sterling) - Monthly - Average of observations through period,1863-09,0.151919,A,,F
M,GB,GBP,A,0,6,A, Exchange rates against USD United Kingdom - Pound (sterling) - Monthly - Average of observations through period,1863-10,0.136843,A,,F
M,GB,GBP,A,0,6,A, Exchange rates against USD United Kingdom - Pound (sterling) - Monthly - Average of observations through period,1863-11,0.137105,A,,F
M,GB,GBP,A,0,6,A, Exchange rates against USD United Kingdom - Pound (sterling) - Monthly - Average of observations through period,1863-12,0.134651,A,,F
M,GB,GBP,A,0,6,A, Exchange rates against USD United Kingdom - Pound (sterling) - Monthly - Average of observations through period,1864-01,0.130935,A,,F
M,GB,GBP,A,0,6,A, Exchange rates against USD United Kingdom - Pound (sterling) - Monthly - Average of observations through period,1864-02,0.127828,A,,F
M,GB,GBP,A,0,6,A, Exchange rates against USD United Kingdom - Pound (sterling) - Monthly - Average of observations through period,1864-03,0.124359,A,,F
M,GB,GBP,A,0,6,A, Exchange rates against USD United Kingdom - Pound (sterling) - Monthly - Average of observations through period,1864-04,0.118215,A,,F
M,GB,GBP,A,0,6,A, Exchange rates against USD United Kingdom - Pound (sterling) - Monthly - Average of observations through period,1864-05,0.117141,A,,F
M,GB,GBP,A,0,6,A, Exchange rates against USD United Kingdom - Pound (sterling) - Monthly - Average of observations through period,1864-06,0.095079,A,,F
M,GB,GBP,A,0,6,A, Exchange rates against USD United Kingdom - Pound (sterling) - Monthly - Average of observations through period,1864-07,0.081921,A,,F
M,GB,GBP,A,0,6,A, Exchange rates against USD United Kingdom - Pound (sterling) - Monthly - Average of observations through period,1864-08,0.083519,A,,F
M,GB,GBP,A,0,6,A, Exchange rates against USD United Kingdom - Pound (sterling) - Monthly - Average of observations through period,1864-09,0.093608,A,,F
M,GB,GBP,A,0,6,A, Exchange rates against USD United Kingdom - Pound (sterling) - Monthly - Average of observations through period,1864-10,0.099547,A,,F
M,GB,GBP,A,0,6,A, Exchange rates against USD United Kingdom - Pound (sterling) - Monthly - Average of observations through period,1864-11,0.087678,A,,F
M,GB,GBP,A,0,6,A, Exchange rates against USD United Kingdom - Pound (sterling) - Monthly - Average of observations through period,1864-12,0.091767,A,,F
M,GB,GBP,A,0,6,A, Exchange rates against USD United Kingdom - Pound (sterling) - Monthly - Average of observations through period,1865-01,0.094869,A,,F
M,GB,GBP,A,0,6,A, Exchange rates against USD United Kingdom - Pound (sterling) - Monthly - Average of observations through period,1865-02,0.100803,A,,F
M,GB,GBP,A,0,6,A, Exchange rates against USD United Kingdom - Pound (sterling) - Monthly - Average of observations through period,1865-03,0.118478,A,,F
M,GB,GBP,A,0,6,A, Exchange rates against USD United Kingdom - Pound (sterling) - Monthly - Average of observations through period,1865-04,0.138376,A,,F
M,GB,GBP,A,0,6,A, Exchange rates against USD United Kingdom - Pound (sterling) - Monthly - Average of observations through period,1865-05,0.151338,A,,F
M,GB,GBP,A,0,6,A, Exchange rates against USD United Kingdom - Pound (sterling) - Monthly - Average of observations through period,1865-06,0.146936,A,,F
M,GB,GBP,A,0,6,A, Exchange rates against USD United Kingdom - Pound (sterling) - Monthly - Average of observations through period,1865-07,0.145351,A,,F
M,GB,GBP,A,0,6,A, Exchange rates against USD United Kingdom - Pound (sterling) - Monthly - Average of observations through period,1865-08,0.143178,A,,F
M,GB,GBP,A,0,6,A, Exchange rates against USD United Kingdom - Pound (sterling) - Monthly - Average of observations through period,1865-09,0.142029,A,,F
M,GB,GBP,A,0,6,A, Exchange rates against USD United Kingdom - Pound (sterling) - Monthly - Average of observations through period,1865-10,0.140414,A,,F
M,GB,GBP,A,0,6,A, Exchange rates against USD United Kingdom - Pound (sterling) - Monthly - Average of observations through period,1865-11,0.140613,A,,F
M,GB,GBP,A,0,6,A, Exchange rates against USD United Kingdom - Pound (sterling) - Monthly - Average of observations through period,1865-12,0.139691,A,,F
M,GB,GBP,A,0,6,A, Exchange rates against USD United Kingdom - Pound (sterling) - Monthly - Average of observations through period,1866-01,0.146362,A,,F
M,GB,GBP,A,0,6,A, Exchange rates against USD United Kingdom - Pound (sterling) - Monthly - Average of observations through period,1866-02,0.148933,A,,F
M,GB,GBP,A,0,6,A, Exchange rates against USD United Kingdom - Pound (sterling) - Monthly - Average of observations through period,1866-03,0.158829,A,,F
M,GB,GBP,A,0,6,A, Exchange rates against USD United Kingdom - Pound (sterling) - Monthly - Average of observations through period,1866-04,0.163322,A,,F
M,GB,GBP,A,0,6,A, Exchange rates against USD United Kingdom - Pound (sterling) - Monthly - Average of observations through period,1866-05,0.154245,A,,F
M,GB,GBP,A,0,6,A, Exchange rates against USD United Kingdom - Pound (sterling) - Monthly - Average of observations through period,1866-06,0.137127,A,,F
M,GB,GBP,A,0,6,A, Exchange rates against USD United Kingdom - Pound (sterling) - Monthly - Average of observations through period,1866-07,0.134921,A,,F
M,GB,GBP,A,0,6,A, Exchange rates against USD United Kingdom - Pound (sterling) - Monthly - Average of observations through period,1866-08,0.140183,A,,F
M,GB,GBP,A,0,6,A, Exchange rates against USD United Kingdom - Pound (sterling) - Monthly - Average of observations through period,1866-09,0.143691,A,,F
M,GB,GBP,A,0,6,A, Exchange rates against USD United Kingdom - Pound (sterling) - Monthly - Average of observations through period,1866-10,0.139794,A,,F
M,GB,GBP,A,0,6,A, Exchange rates against USD United Kingdom - Pound (sterling) - Monthly - Average of observations through period,1866-11,0.142759,A,,F
M,GB,GBP,A,0,6,A, Exchange rates against USD United Kingdom - Pound (sterling) - Monthly - Average of observations through period,1866-12,0.150198,A,,F
M,GB,GBP,A,0,6,A, Exchange rates against USD United Kingdom - Pound (sterling) - Monthly - Average of observations through period,1867-01,0.152893,A,,F
M,GB,GBP,A,0,6,A, Exchange rates against USD United Kingdom - Pound (sterling) - Monthly - Average of observations through period,1867-02,0.150369,A,,F
M,GB,GBP,A,0,6,A, Exchange rates against USD United Kingdom - Pound (sterling) - Monthly - Average of observations through period,1867-03,0.153112,A,,F
M,GB,GBP,A,0,6,A, Exchange rates against USD United Kingdom - Pound (sterling) - Monthly - Average of observations through period,1867-04,0.151486,A,,F
M,GB,GBP,A,0,6,A, Exchange rates against USD United Kingdom - Pound (sterling) - Monthly - Average of observations through period,1867-05,0.149343,A,,F
M,GB,GBP,A,0,6,A, Exchange rates against USD United Kingdom - Pound (sterling) - Monthly - Average of observations through period,1867-06,0.148406,A,,F
M,GB,GBP,A,0,6,A, Exchange rates against USD United Kingdom - Pound (sterling) - Monthly - Average of observations through period,1867-07,0.14656,A,,F
M,GB,GBP,A,0,6,A, Exchange rates against USD United Kingdom - Pound (sterling) - Monthly - Average of observations through period,1867-08,0.145664,A,,F
M,GB,GBP,A,0,6,A, Exchange rates against USD United Kingdom - Pound (sterling) - Monthly - Average of observations through period,1867-09,0.143282,A,,F
M,GB,GBP,A,0,6,A, Exchange rates against USD United Kingdom - Pound (sterling) - Monthly - Average of observations through period,1867-10,0.143816,A,,F
M,GB,GBP,A,0,6,A, Exchange rates against USD United Kingdom - Pound (sterling) - Monthly - Average of observations through period,1867-11,0.147375,A,,F
M,GB,GBP,A,0,6,A, Exchange rates against USD United Kingdom - Pound (sterling) - Monthly - Average of observations through period,1867-12,0.1521,A,,F
M,GB,GBP,A,0,6,A, Exchange rates against USD United Kingdom - Pound (sterling) - Monthly - Average of observations through period,1868-01,0.147895,A,,F
M,GB,GBP,A,0,6,A, Exchange rates against USD United Kingdom - Pound (sterling) - Monthly - Average of observations through period,1868-02,0.144888,A,,F
M,GB,GBP,A,0,6,A, Exchange rates against USD United Kingdom - Pound (sterling) - Monthly - Average of observations through period,1868-03,0.146949,A,,F
M,GB,GBP,A,0,6,A, Exchange rates against USD United Kingdom - Pound (sterling) - Monthly - Average of observations through period,1868-04,0.147524,A,,F
M,GB,GBP,A,0,6,A, Exchange rates against USD United Kingdom - Pound (sterling) - Monthly - Average of observations through period,1868-05,0.146304,A,,F
M,GB,GBP,A,0,6,A, Exchange rates against USD United Kingdom - Pound (sterling) - Monthly - Average of observations through period,1868-06,0.145482,A,,F
M,GB,GBP,A,0,6,A, Exchange rates against USD United Kingdom - Pound (sterling) - Monthly - Average of observations through period,1868-07,0.143089,A,,F
M,GB,GBP,A,0,6,A, Exchange rates against USD United Kingdom - Pound (sterling) - Monthly - Average of observations through period,1868-08,0.141071,A,,F
M,GB,GBP,A,0,6,A, Exchange rates against USD United Kingdom - Pound (sterling) - Monthly - Average of observations through period,1868-09,0.143652,A,,F
M,GB,GBP,A,0,6,A, Exchange rates against USD United Kingdom - Pound (sterling) - Monthly - Average of observations through period,1868-10,0.15005,A,,F
M,GB,GBP,A,0,6,A, Exchange rates against USD United Kingdom - Pound (sterling) - Monthly - Average of observations through period,1868-11,0.15281,A,,F
M,GB,GBP,A,0,6,A, Exchange rates against USD United Kingdom - Pound (sterling) - Monthly - Average of observations through period,1868-12,0.151815,A,,F
M,GB,GBP,A,0,6,A, Exchange rates against USD United Kingdom - Pound (sterling) - Monthly - Average of observations through period,1869-01,0.151047,A,,F
M,GB,GBP,A,0,6,A, Exchange rates against USD United Kingdom - Pound (sterling) - Monthly - Average of observations through period,1869-02,0.152875,A,,F
M,GB,GBP,A,0,6,A, Exchange rates against USD United Kingdom - Pound (sterling) - Monthly - Average of observations through period,1869-03,0.157561,A,,F
M,GB,GBP,A,0,6,A, Exchange rates against USD United Kingdom - Pound (sterling) - Monthly - Average of observations through period,1869-04,0.155451,A,,F
M,GB,GBP,A,0,6,A, Exchange rates against USD United Kingdom - Pound (sterling) - Monthly - Average of observations through period,1869-05,0.147122,A,,F
M,GB,GBP,A,0,6,A, Exchange rates against USD United Kingdom - Pound (sterling) - Monthly - Average of observations through period,1869-06,0.148164,A,,F
M,GB,GBP,A,0,6,A, Exchange rates against USD United Kingdom - Pound (sterling) - Monthly - Average of observations through period,1869-07,0.150079,A,,F
M,GB,GBP,A,0,6,A, Exchange rates against USD United Kingdom - Pound (sterling) - Monthly - Average of observations through period,1869-08,0.152713,A,,F
M,GB,GBP,A,0,6,A, Exchange rates against USD United Kingdom - Pound (sterling) - Monthly - Average of observations through period,1869-09,0.152526,A,,F
M,GB,GBP,A,0,6,A, Exchange rates against USD United Kingdom - Pound (sterling) - Monthly - Average of observations through period,1869-10,0.158859,A,,F
M,GB,GBP,A,0,6,A, Exchange rates against USD United Kingdom - Pound (sterling) - Monthly - Average of observations through period,1869-11,0.163147,A,,F
M,GB,GBP,A,0,6,A, Exchange rates against USD United Kingdom - Pound (sterling) - Monthly - Average of observations through period,1869-12,0.169971,A,,F
M,GB,GBP,A,0,6,A, Exchange rates against USD United Kingdom - Pound (sterling) - Monthly - Average of observations through period,1870-01,0.169874,A,,F
M,GB,GBP,A,0,6,A, Exchange rates against USD United Kingdom - Pound (sterling) - Monthly - Average of observations through period,1870-02,0.172509,A,,F
M,GB,GBP,A,0,6,A, Exchange rates against USD United Kingdom - Pound (sterling) - Monthly - Average of observations through period,1870-03,0.183995,A,,F
M,GB,GBP,A,0,6,A, Exchange rates against USD United Kingdom - Pound (sterling) - Monthly - Average of observations through period,1870-04,0.182277,A,,F
M,GB,GBP,A,0,6,A, Exchange rates against USD United Kingdom - Pound (sterling) - Monthly - Average of observations through period,1870-05,0.1787,A,,F
M,GB,GBP,A,0,6,A, Exchange rates against USD United Kingdom - Pound (sterling) - Monthly - Average of observations through period,1870-06,0.18115,A,,F
M,GB,GBP,A,0,6,A, Exchange rates against USD United Kingdom - Pound (sterling) - Monthly - Average of observations through period,1870-07,0.174709,A,,F
M,GB,GBP,A,0,6,A, Exchange rates against USD United Kingdom - Pound (sterling) - Monthly - Average of observations through period,1870-08,0.173036,A,,F
M,GB,GBP,A,0,6,A, Exchange rates against USD United Kingdom - Pound (sterling) - Monthly - Average of observations through period,1870-09,0.178667,A,,F
M,GB,GBP,A,0,6,A, Exchange rates against USD United Kingdom - Pound (sterling) - Monthly - Average of observations through period,1870-10,0.183033,A,,F
M,GB,GBP,A,0,6,A, Exchange rates against USD United Kingdom - Pound (sterling) - Monthly - Average of observations through period,1870-11,0.184824,A,,F
M,GB,GBP,A,0,6,A, Exchange rates against USD United Kingdom - Pound (sterling) - Monthly - Average of observations through period,1870-12,0.186121,A,,F
M,GB,GBP,A,0,6,A, Exchange rates against USD United Kingdom - Pound (sterling) - Monthly - Average of observations through period,1871-01,0.185719,A,,F
M,GB,GBP,A,0,6,A, Exchange rates against USD United Kingdom - Pound (sterling) - Monthly - Average of observations through period,1871-02,0.183848,A,,F
M,GB,GBP,A,0,6,A, Exchange rates against USD United Kingdom - Pound (sterling) - Monthly - Average of observations through period,1871-03,0.184263,A,,F
M,GB,GBP,A,0,6,A, Exchange rates against USD United Kingdom - Pound (sterling) - Monthly - Average of observations through period,1871-04,0.184695,A,,F
M,GB,GBP,A,0,6,A, Exchange rates against USD United Kingdom - Pound (sterling) - Monthly - Average of observations through period,1871-05,0.182685,A,,F
M,GB,GBP,A,0,6,A, Exchange rates against USD United Kingdom - Pound (sterling) - Monthly - Average of observations through period,1871-06,0.181258,A,,F
M,GB,GBP,A,0,6,A, Exchange rates against USD United Kingdom - Pound (sterling) - Monthly - Average of observations through period,1871-07,0.181372,A,,F
M,GB,GBP,A,0,6,A, Exchange rates against USD United Kingdom - Pound (sterling) - Monthly - Average of observations through period,1871-08,0.182957,A,,F
M,GB,GBP,A,0,6,A, Exchange rates against USD United Kingdom - Pound (sterling) - Monthly - Average of observations through period,1871-09,0.180618,A,,F
M,GB,GBP,A,0,6,A, Exchange rates against USD United Kingdom - Pound (sterling) - Monthly - Average of observations through period,1871-10,0.182239,A,,F
M,GB,GBP,A,0,6,A, Exchange rates against USD United Kingdom - Pound (sterling) - Monthly - Average of observations through period,1871-11,0.18502,A,,F
M,GB,GBP,A,0,6,A, Exchange rates against USD United Kingdom - Pound (sterling) - Monthly - Average of observations through period,1871-12,0.188081,A,,F
M,GB,GBP,A,0,6,A, Exchange rates against USD United Kingdom - Pound (sterling) - Monthly - Average of observations through period,1872-01,0.187984,A,,F
M,GB,GBP,A,0,6,A, Exchange rates against USD United Kingdom - Pound (sterling) - Monthly - Average of observations through period,1872-02,0.186589,A,,F
M,GB,GBP,A,0,6,A, Exchange rates against USD United Kingdom - Pound (sterling) - Monthly - Average of observations through period,1872-03,0.188219,A,,F
M,GB,GBP,A,0,6,A, Exchange rates against USD United Kingdom - Pound (sterling) - Monthly - Average of observations through period,1872-04,0.186836,A,,F
M,GB,GBP,A,0,6,A, Exchange rates against USD United Kingdom - Pound (sterling) - Monthly - Average of observations through period,1872-05,0.181024,A,,F
M,GB,GBP,A,0,6,A, Exchange rates against USD United Kingdom - Pound (sterling) - Monthly - Average of observations through period,1872-06,0.180349,A,,F
M,GB,GBP,A,0,6,A, Exchange rates against USD United Kingdom - Pound (sterling) - Monthly - Average of observations through period,1872-07,0.179497,A,,F
M,GB,GBP,A,0,6,A, Exchange rates against USD United Kingdom - Pound (sterling) - Monthly - Average of observations through period,1872-08,0.18084,A,,F
M,GB,GBP,A,0,6,A, Exchange rates against USD United Kingdom - Pound (sterling) - Monthly - Average of observations through period,1872-09,0.184355,A,,F
M,GB,GBP,A,0,6,A, Exchange rates against USD United Kingdom - Pound (sterling) - Monthly - Average of observations through period,1872-10,0.184758,A,,F
M,GB,GBP,A,0,6,A, Exchange rates against USD United Kingdom - Pound (sterling) - Monthly - Average of observations through period,1872-11,0.18531,A,,F
M,GB,GBP,A,0,6,A, Exchange rates against USD United Kingdom - Pound (sterling) - Monthly - Average of observations through period,1872-12,0.183126,A,,F
M,GB,GBP,A,0,6,A, Exchange rates against USD United Kingdom - Pound (sterling) - Monthly - Average of observations through period,1873-01,0.181989,A,,F
M,GB,GBP,A,0,6,A, Exchange rates against USD United Kingdom - Pound (sterling) - Monthly - Average of observations through period,1873-02,0.179817,A,,F
M,GB,GBP,A,0,6,A, Exchange rates against USD United Kingdom - Pound (sterling) - Monthly - Average of observations through period,1873-03,0.17739,A,,F
M,GB,GBP,A,0,6,A, Exchange rates against USD United Kingdom - Pound (sterling) - Monthly - Average of observations through period,1873-04,0.173727,A,,F
M,GB,GBP,A,0,6,A, Exchange rates against USD United Kingdom - Pound (sterling) - Monthly - Average of observations through period,1873-05,0.173313,A,,F
M,GB,GBP,A,0,6,A, Exchange rates against USD United Kingdom - Pound (sterling) - Monthly - Average of observations through period,1873-06,0.174501,A,,F
M,GB,GBP,A,0,6,A, Exchange rates against USD United Kingdom - Pound (sterling) - Monthly - Average of observations through period,1873-07,0.176369,A,,F
M,GB,GBP,A,0,6,A, Exchange rates against USD United Kingdom - Pound (sterling) - Monthly - Average of observations through period,1873-08,0.178188,A,,F
M,GB,GBP,A,0,6,A, Exchange rates against USD United Kingdom - Pound (sterling) - Monthly - Average of observations through period,1873-09,0.18401,A,,F
M,GB,GBP,A,0,6,A, Exchange rates against USD United Kingdom - Pound (sterling) - Monthly - Average of observations through period,1873-10,0.189927,A,,F
M,GB,GBP,A,0,6,A, Exchange rates against USD United Kingdom - Pound (sterling) - Monthly - Average of observations through period,1873-11,0.188912,A,,F
M,GB,GBP,A,0,6,A, Exchange rates against USD United Kingdom - Pound (sterling) - Monthly - Average of observations through period,1873-12,0.186687,A,,F
M,GB,GBP,A,0,6,A, Exchange rates against USD United Kingdom - Pound (sterling) - Monthly - Average of observations through period,1874-01,0.185176,A,,F
M,GB,GBP,A,0,6,A, Exchange rates against USD United Kingdom - Pound (sterling) - Monthly - Average of observations through period,1874-02,0.183133,A,,F
M,GB,GBP,A,0,6,A, Exchange rates against USD United Kingdom - Pound (sterling) - Monthly - Average of observations through period,1874-03,0.183404,A,,F
M,GB,GBP,A,0,6,A, Exchange rates against USD United Kingdom - Pound (sterling) - Monthly - Average of observations through period,1874-04,0.180661,A,,F
M,GB,GBP,A,0,6,A, Exchange rates against USD United Kingdom - Pound (sterling) - Monthly - Average of observations through period,1874-05,0.181536,A,,F
M,GB,GBP,A,0,6,A, Exchange rates against USD United Kingdom - Pound (sterling) - Monthly - Average of observations through period,1874-06,0.183604,A,,F
M,GB,GBP,A,0,6,A, Exchange rates against USD United Kingdom - Pound (sterling) - Monthly - Average of observations through period,1874-07,0.186087,A,,F
M,GB,GBP,A,0,6,A, Exchange rates against USD United Kingdom - Pound (sterling) - Monthly - Average of observations through period,1874-08,0.186286,A,,F
M,GB,GBP,A,0,6,A, Exchange rates against USD United Kingdom - Pound (sterling) - Monthly - Average of observations through period,1874-09,0.187349,A,,F
M,GB,GBP,A,0,6,A, Exchange rates against USD United Kingdom - Pound (sterling) - Monthly - Average of observations through period,1874-10,0.18672,A,,F
M,GB,GBP,A,0,6,A, Exchange rates against USD United Kingdom - Pound (sterling) - Monthly - Average of observations through period,1874-11,0.184854,A,,F
M,GB,GBP,A,0,6,A, Exchange rates against USD United Kingdom - Pound (sterling) - Monthly - Average of observations through period,1874-12,0.183104,A,,F
M,GB,GBP,A,0,6,A, Exchange rates against USD United Kingdom - Pound (sterling) - Monthly - Average of observations through period,1875-01,0.181889,A,,F
M,GB,GBP,A,0,6,A, Exchange rates against USD United Kingdom - Pound (sterling) - Monthly - Average of observations through period,1875-02,0.180006,A,,F
M,GB,GBP,A,0,6,A, Exchange rates against USD United Kingdom - Pound (sterling) - Monthly - Average of observations through period,1875-03,0.179305,A,,F
M,GB,GBP,A,0,6,A, Exchange rates against USD United Kingdom - Pound (sterling) - Monthly - Average of observations through period,1875-04,0.17877,A,,F
M,GB,GBP,A,0,6,A, Exchange rates against USD United Kingdom - Pound (sterling) - Monthly - Average of observations through period,1875-05,0.17655,A,,F
M,GB,GBP,A,0,6,A, Exchange rates against USD United Kingdom - Pound (sterling) - Monthly - Average of observations through period,1875-06,0.174637,A,,F
M,GB,GBP,A,0,6,A, Exchange rates against USD United Kingdom - Pound (sterling) - Monthly - Average of observations through period,1875-07,0.178408,A,,F
M,GB,GBP,A,0,6,A, Exchange rates against USD United Kingdom - Pound (sterling) - Monthly - Average of observations through period,1875-08,0.180896,A,,F
M,GB,GBP,A,0,6,A, Exchange rates against USD United Kingdom - Pound (sterling) - Monthly - Average of observations through period,1875-09,0.178959,A,,F
M,GB,GBP,A,0,6,A, Exchange rates against USD United Kingdom - Pound (sterling) - Monthly - Average of observations through period,1875-10,0.179075,A,,F
M,GB,GBP,A,0,6,A, Exchange rates against USD United Kingdom - Pound (sterling) - Monthly - Average of observations through period,1875-11,0.180553,A,,F
M,GB,GBP,A,0,6,A, Exchange rates against USD United Kingdom - Pound (sterling) - Monthly - Average of observations through period,1875-12,0.180696,A,,F
M,GB,GBP,A,0,6,A, Exchange rates against USD United Kingdom - Pound (sterling) - Monthly - Average of observations through period,1876-01,0.181954,A,,F
M,GB,GBP,A,0,6,A, Exchange rates against USD United Kingdom - Pound (sterling) - Monthly - Average of observations through period,1876-02,0.180676,A,,F
M,GB,GBP,A,0,6,A, Exchange rates against USD United Kingdom - Pound (sterling) - Monthly - Average of observations through period,1876-03,0.179143,A,,F
M,GB,GBP,A,0,6,A, Exchange rates against USD United Kingdom - Pound (sterling) - Monthly - Average of observations through period,1876-04,0.181286,A,,F
M,GB,GBP,A,0,6,A, Exchange rates against USD United Kingdom - Pound (sterling) - Monthly - Average of observations through period,1876-05,0.181858,A,,F
M,GB,GBP,A,0,6,A, Exchange rates against USD United Kingdom - Pound (sterling) - Monthly - Average of observations through period,1876-06,0.182008,A,,F
M,GB,GBP,A,0,6,A, Exchange rates against USD United Kingdom - Pound (sterling) - Monthly - Average of observations through period,1876-07,0.182905,A,,F
M,GB,GBP,A,0,6,A, Exchange rates against USD United Kingdom - Pound (sterling) - Monthly - Average of observations through period,1876-08,0.1844,A,,F
M,GB,GBP,A,0,6,A, Exchange rates against USD United Kingdom - Pound (sterling) - Monthly - Average of observations through period,1876-09,0.187584,A,,F
M,GB,GBP,A,0,6,A, Exchange rates against USD United Kingdom - Pound (sterling) - Monthly - Average of observations through period,1876-10,0.188699,A,,F
M,GB,GBP,A,0,6,A, Exchange rates against USD United Kingdom - Pound (sterling) - Monthly - Average of observations through period,1876-11,0.190116,A,,F
M,GB,GBP,A,0,6,A, Exchange rates against USD United Kingdom - Pound (sterling) - Monthly - Average of observations through period,1876-12,0.19187,A,,F
M,GB,GBP,A,0,6,A, Exchange rates against USD United Kingdom - Pound (sterling) - Monthly - Average of observations through period,1877-01,0.194448,A,,F
M,GB,GBP,A,0,6,A, Exchange rates against USD United Kingdom - Pound (sterling) - Monthly - Average of observations through period,1877-02,0.195937,A,,F
M,GB,GBP,A,0,6,A, Exchange rates against USD United Kingdom - Pound (sterling) - Monthly - Average of observations through period,1877-03,0.197036,A,,F
M,GB,GBP,A,0,6,A, Exchange rates against USD United Kingdom - Pound (sterling) - Monthly - Average of observations through period,1877-04,0.193575,A,,F
M,GB,GBP,A,0,6,A, Exchange rates against USD United Kingdom - Pound (sterling) - Monthly - Average of observations through period,1877-05,0.191386,A,,F
M,GB,GBP,A,0,6,A, Exchange rates against USD United Kingdom - Pound (sterling) - Monthly - Average of observations through period,1877-06,0.194122,A,,F
M,GB,GBP,A,0,6,A, Exchange rates against USD United Kingdom - Pound (sterling) - Monthly - Average of observations through period,1877-07,0.194957,A,,F
M,GB,GBP,A,0,6,A, Exchange rates against USD United Kingdom - Pound (sterling) - Monthly - Average of observations through period,1877-08,0.196555,A,,F
M,GB,GBP,A,0,6,A, Exchange rates against USD United Kingdom - Pound (sterling) - Monthly - Average of observations through period,1877-09,0.200011,A,,F
M,GB,GBP,A,0,6,A, Exchange rates against USD United Kingdom - Pound (sterling) - Monthly - Average of observations through period,1877-10,0.201204,A,,F
M,GB,GBP,A,0,6,A, Exchange rates against USD United Kingdom - Pound (sterling) - Monthly - Average of observations through period,1877-11,0.201482,A,,F
M,GB,GBP,A,0,6,A, Exchange rates against USD United Kingdom - Pound (sterling) - Monthly - Average of observations through period,1877-12,0.201198,A,,F
M,GB,GBP,A,0,6,A, Exchange rates against USD United Kingdom - Pound (sterling) - Monthly - Average of observations through period,1878-01,0.202895,A,,F
M,GB,GBP,A,0,6,A, Exchange rates against USD United Kingdom - Pound (sterling) - Monthly - Average of observations through period,1878-02,0.202834,A,,F
M,GB,GBP,A,0,6,A, Exchange rates against USD United Kingdom - Pound (sterling) - Monthly - Average of observations through period,1878-03,0.202908,A,,F
M,GB,GBP,A,0,6,A, Exchange rates against USD United Kingdom - Pound (sterling) - Monthly - Average of observations through period,1878-04,0.203786,A,,F
M,GB,GBP,A,0,6,A, Exchange rates against USD United Kingdom - Pound (sterling) - Monthly - Average of observations through period,1878-05,0.204407,A,,F
M,GB,GBP,A,0,6,A, Exchange rates against USD United Kingdom - Pound (sterling) - Monthly - Average of observations through period,1878-06,0.204292,A,,F
M,GB,GBP,A,0,6,A, Exchange rates against USD United Kingdom - Pound (sterling) - Monthly - Average of observations through period,1878-07,0.20496,A,,F
M,GB,GBP,A,0,6,A, Exchange rates against USD United Kingdom - Pound (sterling) - Monthly - Average of observations through period,1878-08,0.20481,A,,F
M,GB,GBP,A,0,6,A, Exchange rates against USD United Kingdom - Pound (sterling) - Monthly - Average of observations through period,1878-09,0.205413,A,,F
M,GB,GBP,A,0,6,A, Exchange rates against USD United Kingdom - Pound (sterling) - Monthly - Average of observations through period,1878-10,0.205839,A,,F
M,GB,GBP,A,0,6,A, Exchange rates against USD United Kingdom - Pound (sterling) - Monthly - Average of observations through period,1878-11,0.206199,A,,F
M,GB,GBP,A,0,6,A, Exchange rates against USD United Kingdom - Pound (sterling) - Monthly - Average of observations through period,1878-12,0.205794,A,,F
M,GB,GBP,A,0,6,A, Exchange rates against USD United Kingdom - Pound (sterling) - Monthly - Average of observations through period,1879-01,0.205642,A,,F
M,GB,GBP,A,0,6,A, Exchange rates against USD United Kingdom - Pound (sterling) - Monthly - Average of observations through period,1879-02,0.205077,A,,F
M,GB,GBP,A,0,6,A, Exchange rates against USD United Kingdom - Pound (sterling) - Monthly - Average of observations through period,1879-03,0.20511,A,,F
M,GB,GBP,A,0,6,A, Exchange rates against USD United Kingdom - Pound (sterling) - Monthly - Average of observations through period,1879-04,0.205265,A,,F
M,GB,GBP,A,0,6,A, Exchange rates against USD United Kingdom - Pound (sterling) - Monthly - Average of observations through period,1879-05,0.204894,A,,F
M,GB,GBP,A,0,6,A, Exchange rates against USD United Kingdom - Pound (sterling) - Monthly - Average of observations through period,1879-06,0.204925,A,,F
M,GB,GBP,A,0,6,A, Exchange rates against USD United Kingdom - Pound (sterling) - Monthly - Average of observations through period,1879-07,0.206139,A,,F
M,GB,GBP,A,0,6,A, Exchange rates against USD United Kingdom - Pound (sterling) - Monthly - Average of observations through period,1879-08,0.207275,A,,F
M,GB,GBP,A,0,6,A, Exchange rates against USD United Kingdom - Pound (sterling) - Monthly - Average of observations through period,1879-09,0.207278,A,,F
M,GB,GBP,A,0,6,A, Exchange rates against USD United Kingdom - Pound (sterling) - Monthly - Average of observations through period,1879-10,0.20728,A,,F
M,GB,GBP,A,0,6,A, Exchange rates against USD United Kingdom - Pound (sterling) - Monthly - Average of observations through period,1879-11,0.207417,A,,F
M,GB,GBP,A,0,6,A, Exchange rates against USD United Kingdom - Pound (sterling) - Monthly - Average of observations through period,1879-12,0.206776,A,,F
M,GB,GBP,A,0,6,A, Exchange rates against USD United Kingdom - Pound (sterling) - Monthly - Average of observations through period,1880-01,0.206202,A,,F
M,GB,GBP,A,0,6,A, Exchange rates against USD United Kingdom - Pound (sterling) - Monthly - Average of observations through period,1880-02,0.205531,A,,F
M,GB,GBP,A,0,6,A, Exchange rates against USD United Kingdom - Pound (sterling) - Monthly - Average of observations through period,1880-03,0.2047,A,,F
M,GB,GBP,A,0,6,A, Exchange rates against USD United Kingdom - Pound (sterling) - Monthly - Average of observations through period,1880-04,0.204724,A,,F
M,GB,GBP,A,0,6,A, Exchange rates against USD United Kingdom - Pound (sterling) - Monthly - Average of observations through period,1880-05,0.204323,A,,F
M,GB,GBP,A,0,6,A, Exchange rates against USD United Kingdom - Pound (sterling) - Monthly - Average of observations through period,1880-06,0.204555,A,,F
M,GB,GBP,A,0,6,A, Exchange rates against USD United Kingdom - Pound (sterling) - Monthly - Average of observations through period,1880-07,0.205712,A,,F
M,GB,GBP,A,0,6,A, Exchange rates against USD United Kingdom - Pound (sterling) - Monthly - Average of observations through period,1880-08,0.206382,A,,F
M,GB,GBP,A,0,6,A, Exchange rates against USD United Kingdom - Pound (sterling) - Monthly - Average of observations through period,1880-09,0.206464,A,,F
M,GB,GBP,A,0,6,A, Exchange rates against USD United Kingdom - Pound (sterling) - Monthly - Average of observations through period,1880-10,0.206415,A,,F
M,GB,GBP,A,0,6,A, Exchange rates against USD United Kingdom - Pound (sterling) - Monthly - Average of observations through period,1880-11,0.20687,A,,F
M,GB,GBP,A,0,6,A, Exchange rates against USD United Kingdom - Pound (sterling) - Monthly - Average of observations through period,1880-12,0.20713,A,,F
M,GB,GBP,A,0,6,A, Exchange rates against USD United Kingdom - Pound (sterling) - Monthly - Average of observations through period,1881-01,0.20656,A,,F
M,GB,GBP,A,0,6,A, Exchange rates against USD United Kingdom - Pound (sterling) - Monthly - Average of observations through period,1881-02,0.205853,A,,F
M,GB,GBP,A,0,6,A, Exchange rates against USD United Kingdom - Pound (sterling) - Monthly - Average of observations through period,1881-03,0.206897,A,,F
M,GB,GBP,A,0,6,A, Exchange rates against USD United Kingdom - Pound (sterling) - Monthly - Average of observations through period,1881-04,0.206288,A,,F
M,GB,GBP,A,0,6,A, Exchange rates against USD United Kingdom - Pound (sterling) - Monthly - Average of observations through period,1881-05,0.205288,A,,F
M,GB,GBP,A,0,6,A, Exchange rates against USD United Kingdom - Pound (sterling) - Monthly - Average of observations through period,1881-06,0.20555,A,,F
M,GB,GBP,A,0,6,A, Exchange rates against USD United Kingdom - Pound (sterling) - Monthly - Average of observations through period,1881-07,0.205711,A,,F
M,GB,GBP,A,0,6,A, Exchange rates against USD United Kingdom - Pound (sterling) - Monthly - Average of observations through period,1881-08,0.206351,A,,F
M,GB,GBP,A,0,6,A, Exchange rates against USD United Kingdom - Pound (sterling) - Monthly - Average of observations through period,1881-09,0.206364,A,,F
M,GB,GBP,A,0,6,A, Exchange rates against USD United Kingdom - Pound (sterling) - Monthly - Average of observations through period,1881-10,0.206456,A,,F
M,GB,GBP,A,0,6,A, Exchange rates against USD United Kingdom - Pound (sterling) - Monthly - Average of observations through period,1881-11,0.206203,A,,F
M,GB,GBP,A,0,6,A, Exchange rates against USD United Kingdom - Pound (sterling) - Monthly - Average of observations through period,1881-12,0.206243,A,,F
M,GB,GBP,A,0,6,A, Exchange rates against USD United Kingdom - Pound (sterling) - Monthly - Average of observations through period,1882-01,0.205128,A,,F
M,GB,GBP,A,0,6,A, Exchange rates against USD United Kingdom - Pound (sterling) - Monthly - Average of observations through period,1882-02,0.203946,A,,F
M,GB,GBP,A,0,6,A, Exchange rates against USD United Kingdom - Pound (sterling) - Monthly - Average of observations through period,1882-03,0.204051,A,,F
M,GB,GBP,A,0,6,A, Exchange rates against USD United Kingdom - Pound (sterling) - Monthly - Average of observations through period,1882-04,0.20399,A,,F
M,GB,GBP,A,0,6,A, Exchange rates against USD United Kingdom - Pound (sterling) - Monthly - Average of observations through period,1882-05,0.203899,A,,F
M,GB,GBP,A,0,6,A, Exchange rates against USD United Kingdom - Pound (sterling) - Monthly - Average of observations through period,1882-06,0.204226,A,,F
M,GB,GBP,A,0,6,A, Exchange rates against USD United Kingdom - Pound (sterling) - Monthly - Average of observations through period,1882-07,0.204532,A,,F
M,GB,GBP,A,0,6,A, Exchange rates against USD United Kingdom - Pound (sterling) - Monthly - Average of observations through period,1882-08,0.204251,A,,F
M,GB,GBP,A,0,6,A, Exchange rates against USD United Kingdom - Pound (sterling) - Monthly - Average of observations through period,1882-09,0.204531,A,,F
M,GB,GBP,A,0,6,A, Exchange rates against USD United Kingdom - Pound (sterling) - Monthly - Average of observations through period,1882-10,0.205517,A,,F
M,GB,GBP,A,0,6,A, Exchange rates against USD United Kingdom - Pound (sterling) - Monthly - Average of observations through period,1882-11,0.206115,A,,F
M,GB,GBP,A,0,6,A, Exchange rates against USD United Kingdom - Pound (sterling) - Monthly - Average of observations through period,1882-12,0.206109,A,,F
M,GB,GBP,A,0,6,A, Exchange rates against USD United Kingdom - Pound (sterling) - Monthly - Average of observations through period,1883-01,0.20568,A,,F
M,GB,GBP,A,0,6,A, Exchange rates against USD United Kingdom - Pound (sterling) - Monthly - Average of observations through period,1883-02,0.205467,A,,F
M,GB,GBP,A,0,6,A, Exchange rates against USD United Kingdom - Pound (sterling) - Monthly - Average of observations through period,1883-03,0.206533,A,,F
M,GB,GBP,A,0,6,A, Exchange rates against USD United Kingdom - Pound (sterling) - Monthly - Average of observations through period,1883-04,0.205719,A,,F
M,GB,GBP,A,0,6,A, Exchange rates against USD United Kingdom - Pound (sterling) - Monthly - Average of observations through period,1883-05,0.205047,A,,F
M,GB,GBP,A,0,6,A, Exchange rates against USD United Kingdom - Pound (sterling) - Monthly - Average of observations through period,1883-06,0.204451,A,,F
M,GB,GBP,A,0,6,A, Exchange rates against USD United Kingdom - Pound (sterling) - Monthly - Average of observations through period,1883-07,0.204834,A,,F
M,GB,GBP,A,0,6,A, Exchange rates against USD United Kingdom - Pound (sterling) - Monthly - Average of observations through period,1883-08,0.205284,A,,F
M,GB,GBP,A,0,6,A, Exchange rates against USD United Kingdom - Pound (sterling) - Monthly - Average of observations through period,1883-09,0.205727,A,,F
M,GB,GBP,A,0,6,A, Exchange rates against USD United Kingdom - Pound (sterling) - Monthly - Average of observations through period,1883-10,0.206154,A,,F
M,GB,GBP,A,0,6,A, Exchange rates against USD United Kingdom - Pound (sterling) - Monthly - Average of observations through period,1883-11,0.20601,A,,F
M,GB,GBP,A,0,6,A, Exchange rates against USD United Kingdom - Pound (sterling) - Monthly - Average of observations through period,1883-12,0.205969,A,,F
M,GB,GBP,A,0,6,A, Exchange rates against USD United Kingdom - Pound (sterling) - Monthly - Average of observations through period,1884-01,0.205096,A,,F
M,GB,GBP,A,0,6,A, Exchange rates against USD United Kingdom - Pound (sterling) - Monthly - Average of observations through period,1884-02,0.204403,A,,F
M,GB,GBP,A,0,6,A, Exchange rates against USD United Kingdom - Pound (sterling) - Monthly - Average of observations through period,1884-03,0.203898,A,,F
M,GB,GBP,A,0,6,A, Exchange rates against USD United Kingdom - Pound (sterling) - Monthly - Average of observations through period,1884-04,0.203922,A,,F
M,GB,GBP,A,0,6,A, Exchange rates against USD United Kingdom - Pound (sterling) - Monthly - Average of observations through period,1884-05,0.204797,A,,F
M,GB,GBP,A,0,6,A, Exchange rates against USD United Kingdom - Pound (sterling) - Monthly - Average of observations through period,1884-06,0.205499,A,,F
M,GB,GBP,A,0,6,A, Exchange rates against USD United Kingdom - Pound (sterling) - Monthly - Average of observations through period,1884-07,0.205949,A,,F
M,GB,GBP,A,0,6,A, Exchange rates against USD United Kingdom - Pound (sterling) - Monthly - Average of observations through period,1884-08,0.206112,A,,F
M,GB,GBP,A,0,6,A, Exchange rates against USD United Kingdom - Pound (sterling) - Monthly - Average of observations through period,1884-09,0.205973,A,,F
M,GB,GBP,A,0,6,A, Exchange rates against USD United Kingdom - Pound (sterling) - Monthly - Average of observations through period,1884-10,0.206327,A,,F
M,GB,GBP,A,0,6,A, Exchange rates against USD United Kingdom - Pound (sterling) - Monthly - Average of observations through period,1884-11,0.206112,A,,F
M,GB,GBP,A,0,6,A, Exchange rates against USD United Kingdom - Pound (sterling) - Monthly - Average of observations through period,1884-12,0.205981,A,,F
M,GB,GBP,A,0,6,A, Exchange rates against USD United Kingdom - Pound (sterling) - Monthly - Average of observations through period,1885-01,0.205517,A,,F
M,GB,GBP,A,0,6,A, Exchange rates against USD United Kingdom - Pound (sterling) - Monthly - Average of observations through period,1885-02,0.205137,A,,F
M,GB,GBP,A,0,6,A, Exchange rates against USD United Kingdom - Pound (sterling) - Monthly - Average of observations through period,1885-03,0.205306,A,,F
M,GB,GBP,A,0,6,A, Exchange rates against USD United Kingdom - Pound (sterling) - Monthly - Average of observations through period,1885-04,0.204717,A,,F
M,GB,GBP,A,0,6,A, Exchange rates against USD United Kingdom - Pound (sterling) - Monthly - Average of observations through period,1885-05,0.204415,A,,F
M,GB,GBP,A,0,6,A, Exchange rates against USD United Kingdom - Pound (sterling) - Monthly - Average of observations through period,1885-06,0.20525,A,,F
M,GB,GBP,A,0,6,A, Exchange rates against USD United Kingdom - Pound (sterling) - Monthly - Average of observations through period,1885-07,0.205461,A,,F
M,GB,GBP,A,0,6,A, Exchange rates against USD United Kingdom - Pound (sterling) - Monthly - Average of observations through period,1885-08,0.20517,A,,F
M,GB,GBP,A,0,6,A, Exchange rates against USD United Kingdom - Pound (sterling) - Monthly - Average of observations through period,1885-09,0.205875,A,,F
M,GB,GBP,A,0,6,A, Exchange rates against USD United Kingdom - Pound (sterling) - Monthly - Average of observations through period,1885-10,0.205667,A,,F
M,GB,GBP,A,0,6,A, Exchange rates against USD United Kingdom - Pound (sterling) - Monthly - Average of observations through period,1885-11,0.20589,A,,F
M,GB,GBP,A,0,6,A, Exchange rates against USD United Kingdom - Pound (sterling) - Monthly - Average of observations through period,1885-12,0.204918,A,,F
M,GB,GBP,A,0,6,A, Exchange rates against USD United Kingdom - Pound (sterling) - Monthly - Average of observations through period,1886-01,0.20409,A,,F
M,GB,GBP,A,0,6,A, Exchange rates against USD United Kingdom - Pound (sterling) - Monthly - Average of observations through period,1886-02,0.204109,A,,F
M,GB,GBP,A,0,6,A, Exchange rates against USD United Kingdom - Pound (sterling) - Monthly - Average of observations through period,1886-03,0.204205,A,,F
M,GB,GBP,A,0,6,A, Exchange rates against USD United Kingdom - Pound (sterling) - Monthly - Average of observations through period,1886-04,0.204374,A,,F
M,GB,GBP,A,0,6,A, Exchange rates against USD United Kingdom - Pound (sterling) - Monthly - Average of observations through period,1886-05,0.204144,A,,F
M,GB,GBP,A,0,6,A, Exchange rates against USD United Kingdom - Pound (sterling) - Monthly - Average of observations through period,1886-06,0.204114,A,,F
M,GB,GBP,A,0,6,A, Exchange rates against USD United Kingdom - Pound (sterling) - Monthly - Average of observations through period,1886-07,0.204708,A,,F
M,GB,GBP,A,0,6,A, Exchange rates against USD United Kingdom - Pound (sterling) - Monthly - Average of observations through period,1886-08,0.206092,A,,F
M,GB,GBP,A,0,6,A, Exchange rates against USD United Kingdom - Pound (sterling) - Monthly - Average of observations through period,1886-09,0.206022,A,,F
M,GB,GBP,A,0,6,A, Exchange rates against USD United Kingdom - Pound (sterling) - Monthly - Average of observations through period,1886-10,0.206218,A,,F
M,GB,GBP,A,0,6,A, Exchange rates against USD United Kingdom - Pound (sterling) - Monthly - Average of observations through period,1886-11,0.206097,A,,F
M,GB,GBP,A,0,6,A, Exchange rates against USD United Kingdom - Pound (sterling) - Monthly - Average of observations through period,1886-12,0.206357,A,,F
M,GB,GBP,A,0,6,A, Exchange rates against USD United Kingdom - Pound (sterling) - Monthly - Average of observations through period,1887-01,0.204894,A,,F
M,GB,GBP,A,0,6,A, Exchange rates against USD United Kingdom - Pound (sterling) - Monthly - Average of observations through period,1887-02,0.204406,A,,F
M,GB,GBP,A,0,6,A, Exchange rates against USD United Kingdom - Pound (sterling) - Monthly - Average of observations through period,1887-03,0.204975,A,,F
M,GB,GBP,A,0,6,A, Exchange rates against USD United Kingdom - Pound (sterling) - Monthly - Average of observations through period,1887-04,0.204665,A,,F
M,GB,GBP,A,0,6,A, Exchange rates against USD United Kingdom - Pound (sterling) - Monthly - Average of observations through period,1887-05,0.204813,A,,F
M,GB,GBP,A,0,6,A, Exchange rates against USD United Kingdom - Pound (sterling) - Monthly - Average of observations through period,1887-06,0.205858,A,,F
M,GB,GBP,A,0,6,A, Exchange rates against USD United Kingdom - Pound (sterling) - Monthly - Average of observations through period,1887-07,0.206009,A,,F
M,GB,GBP,A,0,6,A, Exchange rates against USD United Kingdom - Pound (sterling) - Monthly - Average of observations through period,1887-08,0.20612,A,,F
M,GB,GBP,A,0,6,A, Exchange rates against USD United Kingdom - Pound (sterling) - Monthly - Average of observations through period,1887-09,0.206141,A,,F
M,GB,GBP,A,0,6,A, Exchange rates against USD United Kingdom - Pound (sterling) - Monthly - Average of observations through period,1887-10,0.20568,A,,F
M,GB,GBP,A,0,6,A, Exchange rates against USD United Kingdom - Pound (sterling) - Monthly - Average of observations through period,1887-11,0.205656,A,,F
M,GB,GBP,A,0,6,A, Exchange rates against USD United Kingdom - Pound (sterling) - Monthly - Average of observations through period,1887-12,0.205427,A,,F
M,GB,GBP,A,0,6,A, Exchange rates against USD United Kingdom - Pound (sterling) - Monthly - Average of observations through period,1888-01,0.205166,A,,F
M,GB,GBP,A,0,6,A, Exchange rates against USD United Kingdom - Pound (sterling) - Monthly - Average of observations through period,1888-02,0.205361,A,,F
M,GB,GBP,A,0,6,A, Exchange rates against USD United Kingdom - Pound (sterling) - Monthly - Average of observations through period,1888-03,0.204774,A,,F
M,GB,GBP,A,0,6,A, Exchange rates against USD United Kingdom - Pound (sterling) - Monthly - Average of observations through period,1888-04,0.204704,A,,F
M,GB,GBP,A,0,6,A, Exchange rates against USD United Kingdom - Pound (sterling) - Monthly - Average of observations through period,1888-05,0.204286,A,,F
M,GB,GBP,A,0,6,A, Exchange rates against USD United Kingdom - Pound (sterling) - Monthly - Average of observations through period,1888-06,0.204258,A,,F
M,GB,GBP,A,0,6,A, Exchange rates against USD United Kingdom - Pound (sterling) - Monthly - Average of observations through period,1888-07,0.204478,A,,F
M,GB,GBP,A,0,6,A, Exchange rates against USD United Kingdom - Pound (sterling) - Monthly - Average of observations through period,1888-08,0.204875,A,,F
M,GB,GBP,A,0,6,A, Exchange rates against USD United Kingdom - Pound (sterling) - Monthly - Average of observations through period,1888-09,0.204617,A,,F
M,GB,GBP,A,0,6,A, Exchange rates against USD United Kingdom - Pound (sterling) - Monthly - Average of observations through period,1888-10,0.204596,A,,F
M,GB,GBP,A,0,6,A, Exchange rates against USD United Kingdom - Pound (sterling) - Monthly - Average of observations through period,1888-11,0.204617,A,,F
M,GB,GBP,A,0,6,A, Exchange rates against USD United Kingdom - Pound (sterling) - Monthly - Average of observations through period,1888-12,0.204369,A,,F
M,GB,GBP,A,0,6,A, Exchange rates against USD United Kingdom - Pound (sterling) - Monthly - Average of observations through period,1889-01,0.204366,A,,F
M,GB,GBP,A,0,6,A, Exchange rates against USD United Kingdom - Pound (sterling) - Monthly - Average of observations through period,1889-02,0.204394,A,,F
M,GB,GBP,A,0,6,A, Exchange rates against USD United Kingdom - Pound (sterling) - Monthly - Average of observations through period,1889-03,0.20429,A,,F
M,GB,GBP,A,0,6,A, Exchange rates against USD United Kingdom - Pound (sterling) - Monthly - Average of observations through period,1889-04,0.204207,A,,F
M,GB,GBP,A,0,6,A, Exchange rates against USD United Kingdom - Pound (sterling) - Monthly - Average of observations through period,1889-05,0.204186,A,,F
M,GB,GBP,A,0,6,A, Exchange rates against USD United Kingdom - Pound (sterling) - Monthly - Average of observations through period,1889-06,0.204286,A,,F
M,GB,GBP,A,0,6,A, Exchange rates against USD United Kingdom - Pound (sterling) - Monthly - Average of observations through period,1889-07,0.204648,A,,F
M,GB,GBP,A,0,6,A, Exchange rates against USD United Kingdom - Pound (sterling) - Monthly - Average of observations through period,1889-08,0.20493,A,,F
M,GB,GBP,A,0,6,A, Exchange rates against USD United Kingdom - Pound (sterling) - Monthly - Average of observations through period,1889-09,0.204612,A,,F
M,GB,GBP,A,0,6,A, Exchange rates against USD United Kingdom - Pound (sterling) - Monthly - Average of observations through period,1889-10,0.205218,A,,F
M,GB,GBP,A,0,6,A, Exchange rates against USD United Kingdom - Pound (sterling) - Monthly - Average of observations through period,1889-11,0.205819,A,,F
M,GB,GBP,A,0,6,A, Exchange rates against USD United Kingdom - Pound (sterling) - Monthly - Average of observations through period,1889-12,0.206028,A,,F
M,GB,GBP,A,0,6,A, Exchange rates against USD United Kingdom - Pound (sterling) - Monthly - Average of observations through period,1890-01,0.205444,A,,F
M,GB,GBP,A,0,6,A, Exchange rates against USD United Kingdom - Pound (sterling) - Monthly - Average of observations through period,1890-02,0.205119,A,,F
M,GB,GBP,A,0,6,A, Exchange rates against USD United Kingdom - Pound (sterling) - Monthly - Average of observations through period,1890-03,0.205582,A,,F
M,GB,GBP,A,0,6,A, Exchange rates against USD United Kingdom - Pound (sterling) - Monthly - Average of observations through period,1890-04,0.204853,A,,F
M,GB,GBP,A,0,6,A, Exchange rates against USD United Kingdom - Pound (sterling) - Monthly - Average of observations through period,1890-05,0.205412,A,,F
M,GB,GBP,A,0,6,A, Exchange rates against USD United Kingdom - Pound (sterling) - Monthly - Average of observations through period,1890-06,0.20488,A,,F
M,GB,GBP,A,0,6,A, Exchange rates against USD United Kingdom - Pound (sterling) - Monthly - Average of observations through period,1890-07,0.20442,A,,F
M,GB,GBP,A,0,6,A, Exchange rates against USD United Kingdom - Pound (sterling) - Monthly - Average of observations through period,1890-08,0.204853,A,,F
M,GB,GBP,A,0,6,A, Exchange rates against USD United Kingdom - Pound (sterling) - Monthly - Average of observations through period,1890-09,0.20588,A,,F
M,GB,GBP,A,0,6,A, Exchange rates against USD United Kingdom - Pound (sterling) - Monthly - Average of observations through period,1890-10,0.205452,A,,F
M,GB,GBP,A,0,6,A, Exchange rates against USD United Kingdom - Pound (sterling) - Monthly - Average of observations through period,1890-11,0.205444,A,,F
M,GB,GBP,A,0,6,A, Exchange rates against USD United Kingdom - Pound (sterling) - Monthly - Average of observations through period,1890-12,0.206149,A,,F
M,GB,GBP,A,0,6,A, Exchange rates against USD United Kingdom - Pound (sterling) - Monthly - Average of observations through period,1891-01,0.205189,A,,F
M,GB,GBP,A,0,6,A, Exchange rates against USD United Kingdom - Pound (sterling) - Monthly - Average of observations through period,1891-02,0.204686,A,,F
M,GB,GBP,A,0,6,A, Exchange rates against USD United Kingdom - Pound (sterling) - Monthly - Average of observations through period,1891-03,0.204451,A,,F
M,GB,GBP,A,0,6,A, Exchange rates against USD United Kingdom - Pound (sterling) - Monthly - Average of observations through period,1891-04,0.204298,A,,F
M,GB,GBP,A,0,6,A, Exchange rates against USD United Kingdom - Pound (sterling) - Monthly - Average of observations through period,1891-05,0.204424,A,,F
M,GB,GBP,A,0,6,A, Exchange rates against USD United Kingdom - Pound (sterling) - Monthly - Average of observations through period,1891-06,0.204487,A,,F
M,GB,GBP,A,0,6,A, Exchange rates against USD United Kingdom - Pound (sterling) - Monthly - Average of observations through period,1891-07,0.205104,A,,F
M,GB,GBP,A,0,6,A, Exchange rates against USD United Kingdom - Pound (sterling) - Monthly - Average of observations through period,1891-08,0.205489,A,,F
M,GB,GBP,A,0,6,A, Exchange rates against USD United Kingdom - Pound (sterling) - Monthly - Average of observations through period,1891-09,0.206241,A,,F
M,GB,GBP,A,0,6,A, Exchange rates against USD United Kingdom - Pound (sterling) - Monthly - Average of observations through period,1891-10,0.206458,A,,F
M,GB,GBP,A,0,6,A, Exchange rates against USD United Kingdom - Pound (sterling) - Monthly - Average of observations through period,1891-11,0.206329,A,,F
M,GB,GBP,A,0,6,A, Exchange rates against USD United Kingdom - Pound (sterling) - Monthly - Average of observations through period,1891-12,0.206101,A,,F
M,GB,GBP,A,0,6,A, Exchange rates against USD United Kingdom - Pound (sterling) - Monthly - Average of observations through period,1892-01,0.205719,A,,F
M,GB,GBP,A,0,6,A, Exchange rates against USD United Kingdom - Pound (sterling) - Monthly - Average of observations through period,1892-02,0.204717,A,,F
M,GB,GBP,A,0,6,A, Exchange rates against USD United Kingdom - Pound (sterling) - Monthly - Average of observations through period,1892-03,0.20465,A,,F
M,GB,GBP,A,0,6,A, Exchange rates against USD United Kingdom - Pound (sterling) - Monthly - Average of observations through period,1892-04,0.204563,A,,F
M,GB,GBP,A,0,6,A, Exchange rates against USD United Kingdom - Pound (sterling) - Monthly - Average of observations through period,1892-05,0.204549,A,,F
M,GB,GBP,A,0,6,A, Exchange rates against USD United Kingdom - Pound (sterling) - Monthly - Average of observations through period,1892-06,0.204419,A,,F
M,GB,GBP,A,0,6,A, Exchange rates against USD United Kingdom - Pound (sterling) - Monthly - Average of observations through period,1892-07,0.204377,A,,F
M,GB,GBP,A,0,6,A, Exchange rates against USD United Kingdom - Pound (sterling) - Monthly - Average of observations through period,1892-08,0.204499,A,,F
M,GB,GBP,A,0,6,A, Exchange rates against USD United Kingdom - Pound (sterling) - Monthly - Average of observations through period,1892-09,0.204742,A,,F
M,GB,GBP,A,0,6,A, Exchange rates against USD United Kingdom - Pound (sterling) - Monthly - Average of observations through period,1892-10,0.205273,A,,F
M,GB,GBP,A,0,6,A, Exchange rates against USD United Kingdom - Pound (sterling) - Monthly - Average of observations through period,1892-11,0.205014,A,,F
M,GB,GBP,A,0,6,A, Exchange rates against USD United Kingdom - Pound (sterling) - Monthly - Average of observations through period,1892-12,0.20464,A,,F
M,GB,GBP,A,0,6,A, Exchange rates against USD United Kingdom - Pound (sterling) - Monthly - Average of observations through period,1893-01,0.204595,A,,F
M,GB,GBP,A,0,6,A, Exchange rates against USD United Kingdom - Pound (sterling) - Monthly - Average of observations through period,1893-02,0.204549,A,,F
M,GB,GBP,A,0,6,A, Exchange rates against USD United Kingdom - Pound (sterling) - Monthly - Average of observations through period,1893-03,0.204741,A,,F
M,GB,GBP,A,0,6,A, Exchange rates against USD United Kingdom - Pound (sterling) - Monthly - Average of observations through period,1893-04,0.204381,A,,F
M,GB,GBP,A,0,6,A, Exchange rates against USD United Kingdom - Pound (sterling) - Monthly - Average of observations through period,1893-05,0.204186,A,,F
M,GB,GBP,A,0,6,A, Exchange rates against USD United Kingdom - Pound (sterling) - Monthly - Average of observations through period,1893-06,0.205173,A,,F
M,GB,GBP,A,0,6,A, Exchange rates against USD United Kingdom - Pound (sterling) - Monthly - Average of observations through period,1893-07,0.20622,A,,F
M,GB,GBP,A,0,6,A, Exchange rates against USD United Kingdom - Pound (sterling) - Monthly - Average of observations through period,1893-08,0.205284,A,,F
M,GB,GBP,A,0,6,A, Exchange rates against USD United Kingdom - Pound (sterling) - Monthly - Average of observations through period,1893-09,0.205339,A,,F
M,GB,GBP,A,0,6,A, Exchange rates against USD United Kingdom - Pound (sterling) - Monthly - Average of observations through period,1893-10,0.20599,A,,F
M,GB,GBP,A,0,6,A, Exchange rates against USD United Kingdom - Pound (sterling) - Monthly - Average of observations through period,1893-11,0.20588,A,,F
M,GB,GBP,A,0,6,A, Exchange rates against USD United Kingdom - Pound (sterling) - Monthly - Average of observations through period,1893-12,0.204998,A,,F
M,GB,GBP,A,0,6,A, Exchange rates against USD United Kingdom - Pound (sterling) - Monthly - Average of observations through period,1894-01,0.2051,A,,F
M,GB,GBP,A,0,6,A, Exchange rates against USD United Kingdom - Pound (sterling) - Monthly - Average of observations through period,1894-02,0.204768,A,,F
M,GB,GBP,A,0,6,A, Exchange rates against USD United Kingdom - Pound (sterling) - Monthly - Average of observations through period,1894-03,0.204333,A,,F
M,GB,GBP,A,0,6,A, Exchange rates against USD United Kingdom - Pound (sterling) - Monthly - Average of observations through period,1894-04,0.204328,A,,F
M,GB,GBP,A,0,6,A, Exchange rates against USD United Kingdom - Pound (sterling) - Monthly - Average of observations through period,1894-05,0.204186,A,,F
M,GB,GBP,A,0,6,A, Exchange rates against USD United Kingdom - Pound (sterling) - Monthly - Average of observations through period,1894-06,0.204198,A,,F
M,GB,GBP,A,0,6,A, Exchange rates against USD United Kingdom - Pound (sterling) - Monthly - Average of observations through period,1894-07,0.20442,A,,F
M,GB,GBP,A,0,6,A, Exchange rates against USD United Kingdom - Pound (sterling) - Monthly - Average of observations through period,1894-08,0.204755,A,,F
M,GB,GBP,A,0,6,A, Exchange rates against USD United Kingdom - Pound (sterling) - Monthly - Average of observations through period,1894-09,0.205264,A,,F
M,GB,GBP,A,0,6,A, Exchange rates against USD United Kingdom - Pound (sterling) - Monthly - Average of observations through period,1894-10,0.204778,A,,F
M,GB,GBP,A,0,6,A, Exchange rates against USD United Kingdom - Pound (sterling) - Monthly - Average of observations through period,1894-11,0.204765,A,,F
M,GB,GBP,A,0,6,A, Exchange rates against USD United Kingdom - Pound (sterling) - Monthly - Average of observations through period,1894-12,0.204319,A,,F
M,GB,GBP,A,0,6,A, Exchange rates against USD United Kingdom - Pound (sterling) - Monthly - Average of observations through period,1895-01,0.204146,A,,F
M,GB,GBP,A,0,6,A, Exchange rates against USD United Kingdom - Pound (sterling) - Monthly - Average of observations through period,1895-02,0.204335,A,,F
M,GB,GBP,A,0,6,A, Exchange rates against USD United Kingdom - Pound (sterling) - Monthly - Average of observations through period,1895-03,0.204066,A,,F
M,GB,GBP,A,0,6,A, Exchange rates against USD United Kingdom - Pound (sterling) - Monthly - Average of observations through period,1895-04,0.203978,A,,F
M,GB,GBP,A,0,6,A, Exchange rates against USD United Kingdom - Pound (sterling) - Monthly - Average of observations through period,1895-05,0.204539,A,,F
M,GB,GBP,A,0,6,A, Exchange rates against USD United Kingdom - Pound (sterling) - Monthly - Average of observations through period,1895-06,0.204065,A,,F
M,GB,GBP,A,0,6,A, Exchange rates against USD United Kingdom - Pound (sterling) - Monthly - Average of observations through period,1895-07,0.203838,A,,F
M,GB,GBP,A,0,6,A, Exchange rates against USD United Kingdom - Pound (sterling) - Monthly - Average of observations through period,1895-08,0.203739,A,,F
M,GB,GBP,A,0,6,A, Exchange rates against USD United Kingdom - Pound (sterling) - Monthly - Average of observations through period,1895-09,0.204017,A,,F
M,GB,GBP,A,0,6,A, Exchange rates against USD United Kingdom - Pound (sterling) - Monthly - Average of observations through period,1895-10,0.20458,A,,F
M,GB,GBP,A,0,6,A, Exchange rates against USD United Kingdom - Pound (sterling) - Monthly - Average of observations through period,1895-11,0.204125,A,,F
M,GB,GBP,A,0,6,A, Exchange rates against USD United Kingdom - Pound (sterling) - Monthly - Average of observations through period,1895-12,0.204048,A,,F
M,GB,GBP,A,0,6,A, Exchange rates against USD United Kingdom - Pound (sterling) - Monthly - Average of observations through period,1896-01,0.204134,A,,F
M,GB,GBP,A,0,6,A, Exchange rates against USD United Kingdom - Pound (sterling) - Monthly - Average of observations through period,1896-02,0.204531,A,,F
M,GB,GBP,A,0,6,A, Exchange rates against USD United Kingdom - Pound (sterling) - Monthly - Average of observations through period,1896-03,0.204523,A,,F
M,GB,GBP,A,0,6,A, Exchange rates against USD United Kingdom - Pound (sterling) - Monthly - Average of observations through period,1896-04,0.20425,A,,F
M,GB,GBP,A,0,6,A, Exchange rates against USD United Kingdom - Pound (sterling) - Monthly - Average of observations through period,1896-05,0.204186,A,,F
M,GB,GBP,A,0,6,A, Exchange rates against USD United Kingdom - Pound (sterling) - Monthly - Average of observations through period,1896-06,0.204411,A,,F
M,GB,GBP,A,0,6,A, Exchange rates against USD United Kingdom - Pound (sterling) - Monthly - Average of observations through period,1896-07,0.204435,A,,F
M,GB,GBP,A,0,6,A, Exchange rates against USD United Kingdom - Pound (sterling) - Monthly - Average of observations through period,1896-08,0.20495,A,,F
M,GB,GBP,A,0,6,A, Exchange rates against USD United Kingdom - Pound (sterling) - Monthly - Average of observations through period,1896-09,0.206215,A,,F
M,GB,GBP,A,0,6,A, Exchange rates against USD United Kingdom - Pound (sterling) - Monthly - Average of observations through period,1896-10,0.206115,A,,F
M,GB,GBP,A,0,6,A, Exchange rates against USD United Kingdom - Pound (sterling) - Monthly - Average of observations through period,1896-11,0.205577,A,,F
M,GB,GBP,A,0,6,A, Exchange rates against USD United Kingdom - Pound (sterling) - Monthly - Average of observations through period,1896-12,0.205019,A,,F
M,GB,GBP,A,0,6,A, Exchange rates against USD United Kingdom - Pound (sterling) - Monthly - Average of observations through period,1897-01,0.204914,A,,F
M,GB,GBP,A,0,6,A, Exchange rates against USD United Kingdom - Pound (sterling) - Monthly - Average of observations through period,1897-02,0.205056,A,,F
M,GB,GBP,A,0,6,A, Exchange rates against USD United Kingdom - Pound (sterling) - Monthly - Average of observations through period,1897-03,0.20486,A,,F
M,GB,GBP,A,0,6,A, Exchange rates against USD United Kingdom - Pound (sterling) - Monthly - Average of observations through period,1897-04,0.204725,A,,F
M,GB,GBP,A,0,6,A, Exchange rates against USD United Kingdom - Pound (sterling) - Monthly - Average of observations through period,1897-05,0.204805,A,,F
M,GB,GBP,A,0,6,A, Exchange rates against USD United Kingdom - Pound (sterling) - Monthly - Average of observations through period,1897-06,0.204874,A,,F
M,GB,GBP,A,0,6,A, Exchange rates against USD United Kingdom - Pound (sterling) - Monthly - Average of observations through period,1897-07,0.204918,A,,F
M,GB,GBP,A,0,6,A, Exchange rates against USD United Kingdom - Pound (sterling) - Monthly - Average of observations through period,1897-08,0.205387,A,,F
M,GB,GBP,A,0,6,A, Exchange rates against USD United Kingdom - Pound (sterling) - Monthly - Average of observations through period,1897-09,0.205681,A,,F
M,GB,GBP,A,0,6,A, Exchange rates against USD United Kingdom - Pound (sterling) - Monthly - Average of observations through period,1897-10,0.205932,A,,F
M,GB,GBP,A,0,6,A, Exchange rates against USD United Kingdom - Pound (sterling) - Monthly - Average of observations through period,1897-11,0.205607,A,,F
M,GB,GBP,A,0,6,A, Exchange rates against USD United Kingdom - Pound (sterling) - Monthly - Average of observations through period,1897-12,0.205607,A,,F
M,GB,GBP,A,0,6,A, Exchange rates against USD United Kingdom - Pound (sterling) - Monthly - Average of observations through period,1898-01,0.205838,A,,F
M,GB,GBP,A,0,6,A, Exchange rates against USD United Kingdom - Pound (sterling) - Monthly - Average of observations through period,1898-02,0.205713,A,,F
M,GB,GBP,A,0,6,A, Exchange rates against USD United Kingdom - Pound (sterling) - Monthly - Average of observations through period,1898-03,0.206162,A,,F
M,GB,GBP,A,0,6,A, Exchange rates against USD United Kingdom - Pound (sterling) - Monthly - Average of observations through period,1898-04,0.206308,A,,F
M,GB,GBP,A,0,6,A, Exchange rates against USD United Kingdom - Pound (sterling) - Monthly - Average of observations through period,1898-05,0.20555,A,,F
M,GB,GBP,A,0,6,A, Exchange rates against USD United Kingdom - Pound (sterling) - Monthly - Average of observations through period,1898-06,0.205383,A,,F
M,GB,GBP,A,0,6,A, Exchange rates against USD United Kingdom - Pound (sterling) - Monthly - Average of observations through period,1898-07,0.205493,A,,F
M,GB,GBP,A,0,6,A, Exchange rates against USD United Kingdom - Pound (sterling) - Monthly - Average of observations through period,1898-08,0.205675,A,,F
M,GB,GBP,A,0,6,A, Exchange rates against USD United Kingdom - Pound (sterling) - Monthly - Average of observations through period,1898-09,0.206041,A,,F
M,GB,GBP,A,0,6,A, Exchange rates against USD United Kingdom - Pound (sterling) - Monthly - Average of observations through period,1898-10,0.205994,A,,F
M,GB,GBP,A,0,6,A, Exchange rates against USD United Kingdom - Pound (sterling) - Monthly - Average of observations through period,1898-11,0.205607,A,,F
M,GB,GBP,A,0,6,A, Exchange rates against USD United Kingdom - Pound (sterling) - Monthly - Average of observations through period,1898-12,0.205876,A,,F
M,GB,GBP,A,0,6,A, Exchange rates against USD United Kingdom - Pound (sterling) - Monthly - Average of observations through period,1899-01,0.205922,A,,F
M,GB,GBP,A,0,6,A, Exchange rates against USD United Kingdom - Pound (sterling) - Monthly - Average of observations through period,1899-02,0.205559,A,,F
M,GB,GBP,A,0,6,A, Exchange rates against USD United Kingdom - Pound (sterling) - Monthly - Average of observations through period,1899-03,0.205481,A,,F
M,GB,GBP,A,0,6,A, Exchange rates against USD United Kingdom - Pound (sterling) - Monthly - Average of observations through period,1899-04,0.205145,A,,F
M,GB,GBP,A,0,6,A, Exchange rates against USD United Kingdom - Pound (sterling) - Monthly - Average of observations through period,1899-05,0.204817,A,,F
M,GB,GBP,A,0,6,A, Exchange rates against USD United Kingdom - Pound (sterling) - Monthly - Average of observations through period,1899-06,0.204608,A,,F
M,GB,GBP,A,0,6,A, Exchange rates against USD United Kingdom - Pound (sterling) - Monthly - Average of observations through period,1899-07,0.204817,A,,F
M,GB,GBP,A,0,6,A, Exchange rates against USD United Kingdom - Pound (sterling) - Monthly - Average of observations through period,1899-08,0.205233,A,,F
M,GB,GBP,A,0,6,A, Exchange rates against USD United Kingdom - Pound (sterling) - Monthly - Average of observations through period,1899-09,0.205398,A,,F
M,GB,GBP,A,0,6,A, Exchange rates against USD United Kingdom - Pound (sterling) - Monthly - Average of observations through period,1899-10,0.205152,A,,F
M,GB,GBP,A,0,6,A, Exchange rates against USD United Kingdom - Pound (sterling) - Monthly - Average of observations through period,1899-11,0.205284,A,,F
M,GB,GBP,A,0,6,A, Exchange rates against USD United Kingdom - Pound (sterling) - Monthly - Average of observations through period,1899-12,0.204983,A,,F
M,GB,GBP,A,0,6,A, Exchange rates against USD United Kingdom - Pound (sterling) - Monthly - Average of observations through period,1900-01,0.204853,A,,F
M,GB,GBP,A,0,6,A, Exchange rates against USD United Kingdom - Pound (sterling) - Monthly - Average of observations through period,1900-02,0.204823,A,,F
M,GB,GBP,A,0,6,A, Exchange rates against USD United Kingdom - Pound (sterling) - Monthly - Average of observations through period,1900-03,0.205339,A,,F
M,GB,GBP,A,0,6,A, Exchange rates against USD United Kingdom - Pound (sterling) - Monthly - Average of observations through period,1900-04,0.20483,A,,F
M,GB,GBP,A,0,6,A, Exchange rates against USD United Kingdom - Pound (sterling) - Monthly - Average of observations through period,1900-05,0.204479,A,,F
M,GB,GBP,A,0,6,A, Exchange rates against USD United Kingdom - Pound (sterling) - Monthly - Average of observations through period,1900-06,0.204918,A,,F
M,GB,GBP,A,0,6,A, Exchange rates against USD United Kingdom - Pound (sterling) - Monthly - Average of observations through period,1900-07,0.204998,A,,F
M,GB,GBP,A,0,6,A, Exchange rates against USD United Kingdom - Pound (sterling) - Monthly - Average of observations through period,1900-08,0.204673,A,,F
M,GB,GBP,A,0,6,A, Exchange rates against USD United Kingdom - Pound (sterling) - Monthly - Average of observations through period,1900-09,0.204979,A,,F
M,GB,GBP,A,0,6,A, Exchange rates against USD United Kingdom - Pound (sterling) - Monthly - Average of observations through period,1900-10,0.206048,A,,F
M,GB,GBP,A,0,6,A, Exchange rates against USD United Kingdom - Pound (sterling) - Monthly - Average of observations through period,1900-11,0.205999,A,,F
M,GB,GBP,A,0,6,A, Exchange rates against USD United Kingdom - Pound (sterling) - Monthly - Average of observations through period,1900-12,0.205846,A,,F
M,GB,GBP,A,0,6,A, Exchange rates against USD United Kingdom - Pound (sterling) - Monthly - Average of observations through period,1901-01,0.205003,A,,F
M,GB,GBP,A,0,6,A, Exchange rates against USD United Kingdom - Pound (sterling) - Monthly - Average of observations through period,1901-02,0.204684,A,,F
M,GB,GBP,A,0,6,A, Exchange rates against USD United Kingdom - Pound (sterling) - Monthly - Average of observations through period,1901-03,0.204696,A,,F
M,GB,GBP,A,0,6,A, Exchange rates against USD United Kingdom - Pound (sterling) - Monthly - Average of observations through period,1901-04,0.204475,A,,F
M,GB,GBP,A,0,6,A, Exchange rates against USD United Kingdom - Pound (sterling) - Monthly - Average of observations through period,1901-05,0.204523,A,,F
M,GB,GBP,A,0,6,A, Exchange rates against USD United Kingdom - Pound (sterling) - Monthly - Average of observations through period,1901-06,0.204532,A,,F
M,GB,GBP,A,0,6,A, Exchange rates against USD United Kingdom - Pound (sterling) - Monthly - Average of observations through period,1901-07,0.204797,A,,F
M,GB,GBP,A,0,6,A, Exchange rates against USD United Kingdom - Pound (sterling) - Monthly - Average of observations through period,1901-08,0.204844,A,,F
M,GB,GBP,A,0,6,A, Exchange rates against USD United Kingdom - Pound (sterling) - Monthly - Average of observations through period,1901-09,0.205622,A,,F
M,GB,GBP,A,0,6,A, Exchange rates against USD United Kingdom - Pound (sterling) - Monthly - Average of observations through period,1901-10,0.205405,A,,F
M,GB,GBP,A,0,6,A, Exchange rates against USD United Kingdom - Pound (sterling) - Monthly - Average of observations through period,1901-11,0.204835,A,,F
M,GB,GBP,A,0,6,A, Exchange rates against USD United Kingdom - Pound (sterling) - Monthly - Average of observations through period,1901-12,0.205095,A,,F
M,GB,GBP,A,0,6,A, Exchange rates against USD United Kingdom - Pound (sterling) - Monthly - Average of observations through period,1902-01,0.204954,A,,F
M,GB,GBP,A,0,6,A, Exchange rates against USD United Kingdom - Pound (sterling) - Monthly - Average of observations through period,1902-02,0.204885,A,,F
M,GB,GBP,A,0,6,A, Exchange rates against USD United Kingdom - Pound (sterling) - Monthly - Average of observations through period,1902-03,0.204813,A,,F
M,GB,GBP,A,0,6,A, Exchange rates against USD United Kingdom - Pound (sterling) - Monthly - Average of observations through period,1902-04,0.204688,A,,F
M,GB,GBP,A,0,6,A, Exchange rates against USD United Kingdom - Pound (sterling) - Monthly - Average of observations through period,1902-05,0.204838,A,,F
M,GB,GBP,A,0,6,A, Exchange rates against USD United Kingdom - Pound (sterling) - Monthly - Average of observations through period,1902-06,0.204771,A,,F
M,GB,GBP,A,0,6,A, Exchange rates against USD United Kingdom - Pound (sterling) - Monthly - Average of observations through period,1902-07,0.204645,A,,F
M,GB,GBP,A,0,6,A, Exchange rates against USD United Kingdom - Pound (sterling) - Monthly - Average of observations through period,1902-08,0.204809,A,,F
M,GB,GBP,A,0,6,A, Exchange rates against USD United Kingdom - Pound (sterling) - Monthly - Average of observations through period,1902-09,0.205398,A,,F
M,GB,GBP,A,0,6,A, Exchange rates against USD United Kingdom - Pound (sterling) - Monthly - Average of observations through period,1902-10,0.2053,A,,F
M,GB,GBP,A,0,6,A, Exchange rates against USD United Kingdom - Pound (sterling) - Monthly - Average of observations through period,1902-11,0.204987,A,,F
M,GB,GBP,A,0,6,A, Exchange rates against USD United Kingdom - Pound (sterling) - Monthly - Average of observations through period,1902-12,0.205055,A,,F
M,GB,GBP,A,0,6,A, Exchange rates against USD United Kingdom - Pound (sterling) - Monthly - Average of observations through period,1903-01,0.205064,A,,F
M,GB,GBP,A,0,6,A, Exchange rates against USD United Kingdom - Pound (sterling) - Monthly - Average of observations through period,1903-02,0.204894,A,,F
M,GB,GBP,A,0,6,A, Exchange rates against USD United Kingdom - Pound (sterling) - Monthly - Average of observations through period,1903-03,0.205007,A,,F
M,GB,GBP,A,0,6,A, Exchange rates against USD United Kingdom - Pound (sterling) - Monthly - Average of observations through period,1903-04,0.204995,A,,F
M,GB,GBP,A,0,6,A, Exchange rates against USD United Kingdom - Pound (sterling) - Monthly - Average of observations through period,1903-05,0.204696,A,,F
M,GB,GBP,A,0,6,A, Exchange rates against USD United Kingdom - Pound (sterling) - Monthly - Average of observations through period,1903-06,0.204692,A,,F
M,GB,GBP,A,0,6,A, Exchange rates against USD United Kingdom - Pound (sterling) - Monthly - Average of observations through period,1903-07,0.205035,A,,F
M,GB,GBP,A,0,6,A, Exchange rates against USD United Kingdom - Pound (sterling) - Monthly - Average of observations through period,1903-08,0.205501,A,,F
M,GB,GBP,A,0,6,A, Exchange rates against USD United Kingdom - Pound (sterling) - Monthly - Average of observations through period,1903-09,0.205309,A,,F
M,GB,GBP,A,0,6,A, Exchange rates against USD United Kingdom - Pound (sterling) - Monthly - Average of observations through period,1903-10,0.205487,A,,F
M,GB,GBP,A,0,6,A, Exchange rates against USD United Kingdom - Pound (sterling) - Monthly - Average of observations through period,1903-11,0.206255,A,,F
M,GB,GBP,A,0,6,A, Exchange rates against USD United Kingdom - Pound (sterling) - Monthly - Average of observations through period,1903-12,0.206292,A,,F
M,GB,GBP,A,0,6,A, Exchange rates against USD United Kingdom - Pound (sterling) - Monthly - Average of observations through period,1904-01,0.205988,A,,F
M,GB,GBP,A,0,6,A, Exchange rates against USD United Kingdom - Pound (sterling) - Monthly - Average of observations through period,1904-02,0.205803,A,,F
M,GB,GBP,A,0,6,A, Exchange rates against USD United Kingdom - Pound (sterling) - Monthly - Average of observations through period,1904-03,0.205382,A,,F
M,GB,GBP,A,0,6,A, Exchange rates against USD United Kingdom - Pound (sterling) - Monthly - Average of observations through period,1904-04,0.205206,A,,F
M,GB,GBP,A,0,6,A, Exchange rates against USD United Kingdom - Pound (sterling) - Monthly - Average of observations through period,1904-05,0.205357,A,,F
M,GB,GBP,A,0,6,A, Exchange rates against USD United Kingdom - Pound (sterling) - Monthly - Average of observations through period,1904-06,0.205185,A,,F
M,GB,GBP,A,0,6,A, Exchange rates against USD United Kingdom - Pound (sterling) - Monthly - Average of observations through period,1904-07,0.2052,A,,F
M,GB,GBP,A,0,6,A, Exchange rates against USD United Kingdom - Pound (sterling) - Monthly - Average of observations through period,1904-08,0.204916,A,,F
M,GB,GBP,A,0,6,A, Exchange rates against USD United Kingdom - Pound (sterling) - Monthly - Average of observations through period,1904-09,0.205538,A,,F
M,GB,GBP,A,0,6,A, Exchange rates against USD United Kingdom - Pound (sterling) - Monthly - Average of observations through period,1904-10,0.205821,A,,F
M,GB,GBP,A,0,6,A, Exchange rates against USD United Kingdom - Pound (sterling) - Monthly - Average of observations through period,1904-11,0.205452,A,,F
M,GB,GBP,A,0,6,A, Exchange rates against USD United Kingdom - Pound (sterling) - Monthly - Average of observations through period,1904-12,0.205379,A,,F
M,GB,GBP,A,0,6,A, Exchange rates against USD United Kingdom - Pound (sterling) - Monthly - Average of observations through period,1905-01,0.205083,A,,F
M,GB,GBP,A,0,6,A, Exchange rates against USD United Kingdom - Pound (sterling) - Monthly - Average of observations through period,1905-02,0.205083,A,,F
M,GB,GBP,A,0,6,A, Exchange rates against USD United Kingdom - Pound (sterling) - Monthly - Average of observations through period,1905-03,0.205612,A,,F
M,GB,GBP,A,0,6,A, Exchange rates against USD United Kingdom - Pound (sterling) - Monthly - Average of observations through period,1905-04,0.205656,A,,F
M,GB,GBP,A,0,6,A, Exchange rates against USD United Kingdom - Pound (sterling) - Monthly - Average of observations through period,1905-05,0.205402,A,,F
M,GB,GBP,A,0,6,A, Exchange rates against USD United Kingdom - Pound (sterling) - Monthly - Average of observations through period,1905-06,0.205317,A,,F
M,GB,GBP,A,0,6,A, Exchange rates against USD United Kingdom - Pound (sterling) - Monthly - Average of observations through period,1905-07,0.205462,A,,F
M,GB,GBP,A,0,6,A, Exchange rates against USD United Kingdom - Pound (sterling) - Monthly - Average of observations through period,1905-08,0.205518,A,,F
M,GB,GBP,A,0,6,A, Exchange rates against USD United Kingdom - Pound (sterling) - Monthly - Average of observations through period,1905-09,0.206001,A,,F
M,GB,GBP,A,0,6,A, Exchange rates against USD United Kingdom - Pound (sterling) - Monthly - Average of observations through period,1905-10,0.205697,A,,F
M,GB,GBP,A,0,6,A, Exchange rates against USD United Kingdom - Pound (sterling) - Monthly - Average of observations through period,1905-11,0.205648,A,,F
M,GB,GBP,A,0,6,A, Exchange rates against USD United Kingdom - Pound (sterling) - Monthly - Average of observations through period,1905-12,0.205852,A,,F
M,GB,GBP,A,0,6,A, Exchange rates against USD United Kingdom - Pound (sterling) - Monthly - Average of observations through period,1906-01,0.205471,A,,F
M,GB,GBP,A,0,6,A, Exchange rates against USD United Kingdom - Pound (sterling) - Monthly - Average of observations through period,1906-02,0.205453,A,,F
M,GB,GBP,A,0,6,A, Exchange rates against USD United Kingdom - Pound (sterling) - Monthly - Average of observations through period,1906-03,0.205951,A,,F
M,GB,GBP,A,0,6,A, Exchange rates against USD United Kingdom - Pound (sterling) - Monthly - Average of observations through period,1906-04,0.206326,A,,F
M,GB,GBP,A,0,6,A, Exchange rates against USD United Kingdom - Pound (sterling) - Monthly - Average of observations through period,1906-05,0.206171,A,,F
M,GB,GBP,A,0,6,A, Exchange rates against USD United Kingdom - Pound (sterling) - Monthly - Average of observations through period,1906-06,0.205995,A,,F
M,GB,GBP,A,0,6,A, Exchange rates against USD United Kingdom - Pound (sterling) - Monthly - Average of observations through period,1906-07,0.2063,A,,F
M,GB,GBP,A,0,6,A, Exchange rates against USD United Kingdom - Pound (sterling) - Monthly - Average of observations through period,1906-08,0.206338,A,,F
M,GB,GBP,A,0,6,A, Exchange rates against USD United Kingdom - Pound (sterling) - Monthly - Average of observations through period,1906-09,0.206814,A,,F
M,GB,GBP,A,0,6,A, Exchange rates against USD United Kingdom - Pound (sterling) - Monthly - Average of observations through period,1906-10,0.206255,A,,F
M,GB,GBP,A,0,6,A, Exchange rates against USD United Kingdom - Pound (sterling) - Monthly - Average of observations through period,1906-11,0.20586,A,,F
M,GB,GBP,A,0,6,A, Exchange rates against USD United Kingdom - Pound (sterling) - Monthly - Average of observations through period,1906-12,0.206755,A,,F
M,GB,GBP,A,0,6,A, Exchange rates against USD United Kingdom - Pound (sterling) - Monthly - Average of observations through period,1907-01,0.2061,A,,F
M,GB,GBP,A,0,6,A, Exchange rates against USD United Kingdom - Pound (sterling) - Monthly - Average of observations through period,1907-02,0.206356,A,,F
M,GB,GBP,A,0,6,A, Exchange rates against USD United Kingdom - Pound (sterling) - Monthly - Average of observations through period,1907-03,0.206702,A,,F
M,GB,GBP,A,0,6,A, Exchange rates against USD United Kingdom - Pound (sterling) - Monthly - Average of observations through period,1907-04,0.205939,A,,F
M,GB,GBP,A,0,6,A, Exchange rates against USD United Kingdom - Pound (sterling) - Monthly - Average of observations through period,1907-05,0.20553,A,,F
M,GB,GBP,A,0,6,A, Exchange rates against USD United Kingdom - Pound (sterling) - Monthly - Average of observations through period,1907-06,0.205319,A,,F
M,GB,GBP,A,0,6,A, Exchange rates against USD United Kingdom - Pound (sterling) - Monthly - Average of observations through period,1907-07,0.205368,A,,F
M,GB,GBP,A,0,6,A, Exchange rates against USD United Kingdom - Pound (sterling) - Monthly - Average of observations through period,1907-08,0.205384,A,,F
M,GB,GBP,A,0,6,A, Exchange rates against USD United Kingdom - Pound (sterling) - Monthly - Average of observations through period,1907-09,0.205881,A,,F
M,GB,GBP,A,0,6,A, Exchange rates against USD United Kingdom - Pound (sterling) - Monthly - Average of observations through period,1907-10,0.206032,A,,F
M,GB,GBP,A,0,6,A, Exchange rates against USD United Kingdom - Pound (sterling) - Monthly - Average of observations through period,1907-11,0.205492,A,,F
M,GB,GBP,A,0,6,A, Exchange rates against USD United Kingdom - Pound (sterling) - Monthly - Average of observations through period,1907-12,0.205963,A,,F
M,GB,GBP,A,0,6,A, Exchange rates against USD United Kingdom - Pound (sterling) - Monthly - Average of observations through period,1908-01,0.205664,A,,F
M,GB,GBP,A,0,6,A, Exchange rates against USD United Kingdom - Pound (sterling) - Monthly - Average of observations through period,1908-02,0.205543,A,,F
M,GB,GBP,A,0,6,A, Exchange rates against USD United Kingdom - Pound (sterling) - Monthly - Average of observations through period,1908-03,0.20568,A,,F
M,GB,GBP,A,0,6,A, Exchange rates against USD United Kingdom - Pound (sterling) - Monthly - Average of observations through period,1908-04,0.205344,A,,F
M,GB,GBP,A,0,6,A, Exchange rates against USD United Kingdom - Pound (sterling) - Monthly - Average of observations through period,1908-05,0.205288,A,,F
M,GB,GBP,A,0,6,A, Exchange rates against USD United Kingdom - Pound (sterling) - Monthly - Average of observations through period,1908-06,0.205356,A,,F
M,GB,GBP,A,0,6,A, Exchange rates against USD United Kingdom - Pound (sterling) - Monthly - Average of observations through period,1908-07,0.205364,A,,F
M,GB,GBP,A,0,6,A, Exchange rates against USD United Kingdom - Pound (sterling) - Monthly - Average of observations through period,1908-08,0.205634,A,,F
M,GB,GBP,A,0,6,A, Exchange rates against USD United Kingdom - Pound (sterling) - Monthly - Average of observations through period,1908-09,0.205598,A,,F
M,GB,GBP,A,0,6,A, Exchange rates against USD United Kingdom - Pound (sterling) - Monthly - Average of observations through period,1908-10,0.205573,A,,F
M,GB,GBP,A,0,6,A, Exchange rates against USD United Kingdom - Pound (sterling) - Monthly - Average of observations through period,1908-11,0.205726,A,,F
M,GB,GBP,A,0,6,A, Exchange rates against USD United Kingdom - Pound (sterling) - Monthly - Average of observations through period,1908-12,0.2054,A,,F
M,GB,GBP,A,0,6,A, Exchange rates against USD United Kingdom - Pound (sterling) - Monthly - Average of observations through period,1909-01,0.205212,A,,F
M,GB,GBP,A,0,6,A, Exchange rates against USD United Kingdom - Pound (sterling) - Monthly - Average of observations through period,1909-02,0.205226,A,,F
M,GB,GBP,A,0,6,A, Exchange rates against USD United Kingdom - Pound (sterling) - Monthly - Average of observations through period,1909-03,0.20492,A,,F
M,GB,GBP,A,0,6,A, Exchange rates against USD United Kingdom - Pound (sterling) - Monthly - Average of observations through period,1909-04,0.205089,A,,F
M,GB,GBP,A,0,6,A, Exchange rates against USD United Kingdom - Pound (sterling) - Monthly - Average of observations through period,1909-05,0.205045,A,,F
M,GB,GBP,A,0,6,A, Exchange rates against USD United Kingdom - Pound (sterling) - Monthly - Average of observations through period,1909-06,0.204955,A,,F
M,GB,GBP,A,0,6,A, Exchange rates against USD United Kingdom - Pound (sterling) - Monthly - Average of observations through period,1909-07,0.205149,A,,F
M,GB,GBP,A,0,6,A, Exchange rates against USD United Kingdom - Pound (sterling) - Monthly - Average of observations through period,1909-08,0.205491,A,,F
M,GB,GBP,A,0,6,A, Exchange rates against USD United Kingdom - Pound (sterling) - Monthly - Average of observations through period,1909-09,0.205671,A,,F
M,GB,GBP,A,0,6,A, Exchange rates against USD United Kingdom - Pound (sterling) - Monthly - Average of observations through period,1909-10,0.205546,A,,F
M,GB,GBP,A,0,6,A, Exchange rates against USD United Kingdom - Pound (sterling) - Monthly - Average of observations through period,1909-11,0.205192,A,,F
M,GB,GBP,A,0,6,A, Exchange rates against USD United Kingdom - Pound (sterling) - Monthly - Average of observations through period,1909-12,0.205064,A,,F
M,GB,GBP,A,0,6,A, Exchange rates against USD United Kingdom - Pound (sterling) - Monthly - Average of observations through period,1910-01,0.205521,A,,F
M,GB,GBP,A,0,6,A, Exchange rates against USD United Kingdom - Pound (sterling) - Monthly - Average of observations through period,1910-02,0.205606,A,,F
M,GB,GBP,A,0,6,A, Exchange rates against USD United Kingdom - Pound (sterling) - Monthly - Average of observations through period,1910-03,0.205284,A,,F
M,GB,GBP,A,0,6,A, Exchange rates against USD United Kingdom - Pound (sterling) - Monthly - Average of observations through period,1910-04,0.205033,A,,F
M,GB,GBP,A,0,6,A, Exchange rates against USD United Kingdom - Pound (sterling) - Monthly - Average of observations through period,1910-05,0.205279,A,,F
M,GB,GBP,A,0,6,A, Exchange rates against USD United Kingdom - Pound (sterling) - Monthly - Average of observations through period,1910-06,0.205536,A,,F
M,GB,GBP,A,0,6,A, Exchange rates against USD United Kingdom - Pound (sterling) - Monthly - Average of observations through period,1910-07,0.205971,A,,F
M,GB,GBP,A,0,6,A, Exchange rates against USD United Kingdom - Pound (sterling) - Monthly - Average of observations through period,1910-08,0.205746,A,,F
M,GB,GBP,A,0,6,A, Exchange rates against USD United Kingdom - Pound (sterling) - Monthly - Average of observations through period,1910-09,0.205647,A,,F
M,GB,GBP,A,0,6,A, Exchange rates against USD United Kingdom - Pound (sterling) - Monthly - Average of observations through period,1910-10,0.205634,A,,F
M,GB,GBP,A,0,6,A, Exchange rates against USD United Kingdom - Pound (sterling) - Monthly - Average of observations through period,1910-11,0.205825,A,,F
M,GB,GBP,A,0,6,A, Exchange rates against USD United Kingdom - Pound (sterling) - Monthly - Average of observations through period,1910-12,0.205995,A,,F
M,GB,GBP,A,0,6,A, Exchange rates against USD United Kingdom - Pound (sterling) - Monthly - Average of observations through period,1911-01,0.205855,A,,F
M,GB,GBP,A,0,6,A, Exchange rates against USD United Kingdom - Pound (sterling) - Monthly - Average of observations through period,1911-02,0.205627,A,,F
M,GB,GBP,A,0,6,A, Exchange rates against USD United Kingdom - Pound (sterling) - Monthly - Average of observations through period,1911-03,0.205678,A,,F
M,GB,GBP,A,0,6,A, Exchange rates against USD United Kingdom - Pound (sterling) - Monthly - Average of observations through period,1911-04,0.205593,A,,F
M,GB,GBP,A,0,6,A, Exchange rates against USD United Kingdom - Pound (sterling) - Monthly - Average of observations through period,1911-05,0.205599,A,,F
M,GB,GBP,A,0,6,A, Exchange rates against USD United Kingdom - Pound (sterling) - Monthly - Average of observations through period,1911-06,0.205782,A,,F
M,GB,GBP,A,0,6,A, Exchange rates against USD United Kingdom - Pound (sterling) - Monthly - Average of observations through period,1911-07,0.205679,A,,F
M,GB,GBP,A,0,6,A, Exchange rates against USD United Kingdom - Pound (sterling) - Monthly - Average of observations through period,1911-08,0.205755,A,,F
M,GB,GBP,A,0,6,A, Exchange rates against USD United Kingdom - Pound (sterling) - Monthly - Average of observations through period,1911-09,0.205657,A,,F
M,GB,GBP,A,0,6,A, Exchange rates against USD United Kingdom - Pound (sterling) - Monthly - Average of observations through period,1911-10,0.205523,A,,F
M,GB,GBP,A,0,6,A, Exchange rates against USD United Kingdom - Pound (sterling) - Monthly - Average of observations through period,1911-11,0.205408,A,,F
M,GB,GBP,A,0,6,A, Exchange rates against USD United Kingdom - Pound (sterling) - Monthly - Average of observations through period,1911-12,0.205664,A,,F
M,GB,GBP,A,0,6,A, Exchange rates against USD United Kingdom - Pound (sterling) - Monthly - Average of observations through period,1912-01,0.205321,A,,F
M,GB,GBP,A,0,6,A, Exchange rates against USD United Kingdom - Pound (sterling) - Monthly - Average of observations through period,1912-02,0.205205,A,,F
M,GB,GBP,A,0,6,A, Exchange rates against USD United Kingdom - Pound (sterling) - Monthly - Average of observations through period,1912-03,0.20525,A,,F
M,GB,GBP,A,0,6,A, Exchange rates against USD United Kingdom - Pound (sterling) - Monthly - Average of observations through period,1912-04,0.20532,A,,F
M,GB,GBP,A,0,6,A, Exchange rates against USD United Kingdom - Pound (sterling) - Monthly - Average of observations through period,1912-05,0.205346,A,,F
M,GB,GBP,A,0,6,A, Exchange rates against USD United Kingdom - Pound (sterling) - Monthly - Average of observations through period,1912-06,0.205236,A,,F
M,GB,GBP,A,0,6,A, Exchange rates against USD United Kingdom - Pound (sterling) - Monthly - Average of observations through period,1912-07,0.20514,A,,F
M,GB,GBP,A,0,6,A, Exchange rates against USD United Kingdom - Pound (sterling) - Monthly - Average of observations through period,1912-08,0.20526,A,,F
M,GB,GBP,A,0,6,A, Exchange rates against USD United Kingdom - Pound (sterling) - Monthly - Average of observations through period,1912-09,0.205847,A,,F
M,GB,GBP,A,0,6,A, Exchange rates against USD United Kingdom - Pound (sterling) - Monthly - Average of observations through period,1912-10,0.205871,A,,F
M,GB,GBP,A,0,6,A, Exchange rates against USD United Kingdom - Pound (sterling) - Monthly - Average of observations through period,1912-11,0.206131,A,,F
M,GB,GBP,A,0,6,A, Exchange rates against USD United Kingdom - Pound (sterling) - Monthly - Average of observations through period,1912-12,0.206185,A,,F
M,GB,GBP,A,0,6,A, Exchange rates against USD United Kingdom - Pound (sterling) - Monthly - Average of observations through period,1913-01,0.20531,A,,F
M,GB,GBP,A,0,6,A, Exchange rates against USD United Kingdom - Pound (sterling) - Monthly - Average of observations through period,1913-02,0.205126,A,,F
M,GB,GBP,A,0,6,A, Exchange rates against USD United Kingdom - Pound (sterling) - Monthly - Average of observations through period,1913-03,0.205178,A,,F
M,GB,GBP,A,0,6,A, Exchange rates against USD United Kingdom - Pound (sterling) - Monthly - Average of observations through period,1913-04,0.205436,A,,F
M,GB,GBP,A,0,6,A, Exchange rates against USD United Kingdom - Pound (sterling) - Monthly - Average of observations through period,1913-05,0.205589,A,,F
M,GB,GBP,A,0,6,A, Exchange rates against USD United Kingdom - Pound (sterling) - Monthly - Average of observations through period,1913-06,0.205448,A,,F
M,GB,GBP,A,0,6,A, Exchange rates against USD United Kingdom - Pound (sterling) - Monthly - Average of observations through period,1913-07,0.205439,A,,F
M,GB,GBP,A,0,6,A, Exchange rates against USD United Kingdom - Pound (sterling) - Monthly - Average of observations through period,1913-08,0.205584,A,,F
M,GB,GBP,A,0,6,A, Exchange rates against USD United Kingdom - Pound (sterling) - Monthly - Average of observations through period,1913-09,0.205907,A,,F
M,GB,GBP,A,0,6,A, Exchange rates against USD United Kingdom - Pound (sterling) - Monthly - Average of observations through period,1913-10,0.20597,A,,F
M,GB,GBP,A,0,6,A, Exchange rates against USD United Kingdom - Pound (sterling) - Monthly - Average of observations through period,1913-11,0.206076,A,,F
M,GB,GBP,A,0,6,A, Exchange rates against USD United Kingdom - Pound (sterling) - Monthly - Average of observations through period,1913-12,0.206064,A,,F
M,GB,GBP,A,0,6,A, Exchange rates against USD United Kingdom - Pound (sterling) - Monthly - Average of observations through period,1914-01,0.205508,A,,F
M,GB,GBP,A,0,6,A, Exchange rates against USD United Kingdom - Pound (sterling) - Monthly - Average of observations through period,1914-02,0.205761,A,,F
M,GB,GBP,A,0,6,A, Exchange rates against USD United Kingdom - Pound (sterling) - Monthly - Average of observations through period,1914-03,0.20555,A,,F
M,GB,GBP,A,0,6,A, Exchange rates against USD United Kingdom - Pound (sterling) - Monthly - Average of observations through period,1914-04,0.205255,A,,F
M,GB,GBP,A,0,6,A, Exchange rates against USD United Kingdom - Pound (sterling) - Monthly - Average of observations through period,1914-05,0.204708,A,,F
M,GB,GBP,A,0,6,A, Exchange rates against USD United Kingdom - Pound (sterling) - Monthly - Average of observations through period,1914-06,0.204541,A,,F
M,GB,GBP,A,0,6,A, Exchange rates against USD United Kingdom - Pound (sterling) - Monthly - Average of observations through period,1914-07,0.202388,A,,F
M,GB,GBP,A,0,6,A, Exchange rates against USD United Kingdom - Pound (sterling) - Monthly - Average of observations through period,1914-08,0.189215,A,,F
M,GB,GBP,A,0,6,A, Exchange rates against USD United Kingdom - Pound (sterling) - Monthly - Average of observations through period,1914-09,0.2002,A,,F
M,GB,GBP,A,0,6,A, Exchange rates against USD United Kingdom - Pound (sterling) - Monthly - Average of observations through period,1914-10,0.201857,A,,F
M,GB,GBP,A,0,6,A, Exchange rates against USD United Kingdom - Pound (sterling) - Monthly - Average of observations through period,1914-11,0.204248,A,,F
M,GB,GBP,A,0,6,A, Exchange rates against USD United Kingdom - Pound (sterling) - Monthly - Average of observations through period,1914-12,0.205128,A,,F
M,GB,GBP,A,0,6,A, Exchange rates against USD United Kingdom - Pound (sterling) - Monthly - Average of observations through period,1915-01,0.206313,A,,F
M,GB,GBP,A,0,6,A, Exchange rates against USD United Kingdom - Pound (sterling) - Monthly - Average of observations through period,1915-02,0.207297,A,,F
M,GB,GBP,A,0,6,A, Exchange rates against USD United Kingdom - Pound (sterling) - Monthly - Average of observations through period,1915-03,0.208203,A,,F
M,GB,GBP,A,0,6,A, Exchange rates against USD United Kingdom - Pound (sterling) - Monthly - Average of observations through period,1915-04,0.208464,A,,F
M,GB,GBP,A,0,6,A, Exchange rates against USD United Kingdom - Pound (sterling) - Monthly - Average of observations through period,1915-05,0.208551,A,,F
M,GB,GBP,A,0,6,A, Exchange rates against USD United Kingdom - Pound (sterling) - Monthly - Average of observations through period,1915-06,0.209205,A,,F
M,GB,GBP,A,0,6,A, Exchange rates against USD United Kingdom - Pound (sterling) - Monthly - Average of observations through period,1915-07,0.209556,A,,F
M,GB,GBP,A,0,6,A, Exchange rates against USD United Kingdom - Pound (sterling) - Monthly - Average of observations through period,1915-08,0.212766,A,,F
M,GB,GBP,A,0,6,A, Exchange rates against USD United Kingdom - Pound (sterling) - Monthly - Average of observations through period,1915-09,0.213493,A,,F
M,GB,GBP,A,0,6,A, Exchange rates against USD United Kingdom - Pound (sterling) - Monthly - Average of observations through period,1915-10,0.213721,A,,F
M,GB,GBP,A,0,6,A, Exchange rates against USD United Kingdom - Pound (sterling) - Monthly - Average of observations through period,1915-11,0.213858,A,,F
M,GB,GBP,A,0,6,A, Exchange rates against USD United Kingdom - Pound (sterling) - Monthly - Average of observations through period,1915-12,0.211551,A,,F
M,GB,GBP,A,0,6,A, Exchange rates against USD United Kingdom - Pound (sterling) - Monthly - Average of observations through period,1916-01,0.209732,A,,F
M,GB,GBP,A,0,6,A, Exchange rates against USD United Kingdom - Pound (sterling) - Monthly - Average of observations through period,1916-02,0.209776,A,,F
M,GB,GBP,A,0,6,A, Exchange rates against USD United Kingdom - Pound (sterling) - Monthly - Average of observations through period,1916-03,0.209644,A,,F
M,GB,GBP,A,0,6,A, Exchange rates against USD United Kingdom - Pound (sterling) - Monthly - Average of observations through period,1916-04,0.209644,A,,F
M,GB,GBP,A,0,6,A, Exchange rates against USD United Kingdom - Pound (sterling) - Monthly - Average of observations through period,1916-05,0.209864,A,,F
M,GB,GBP,A,0,6,A, Exchange rates against USD United Kingdom - Pound (sterling) - Monthly - Average of observations through period,1916-06,0.209864,A,,F
M,GB,GBP,A,0,6,A, Exchange rates against USD United Kingdom - Pound (sterling) - Monthly - Average of observations through period,1916-07,0.209864,A,,F
M,GB,GBP,A,0,6,A, Exchange rates against USD United Kingdom - Pound (sterling) - Monthly - Average of observations through period,1916-08,0.209864,A,,F
M,GB,GBP,A,0,6,A, Exchange rates against USD United Kingdom - Pound (sterling) - Monthly - Average of observations through period,1916-09,0.209908,A,,F
M,GB,GBP,A,0,6,A, Exchange rates against USD United Kingdom - Pound (sterling) - Monthly - Average of observations through period,1916-10,0.209908,A,,F
M,GB,GBP,A,0,6,A, Exchange rates against USD United Kingdom - Pound (sterling) - Monthly - Average of observations through period,1916-11,0.209908,A,,F
M,GB,GBP,A,0,6,A, Exchange rates against USD United Kingdom - Pound (sterling) - Monthly - Average of observations through period,1916-12,0.209908,A,,F
M,GB,GBP,A,0,6,A, Exchange rates against USD United Kingdom - Pound (sterling) - Monthly - Average of observations through period,1917-01,0.209908,A,,F
M,GB,GBP,A,0,6,A, Exchange rates against USD United Kingdom - Pound (sterling) - Monthly - Average of observations through period,1917-02,0.209908,A,,F
M,GB,GBP,A,0,6,A, Exchange rates against USD United Kingdom - Pound (sterling) - Monthly - Average of observations through period,1917-03,0.209908,A,,F
M,GB,GBP,A,0,6,A, Exchange rates against USD United Kingdom - Pound (sterling) - Monthly - Average of observations through period,1917-04,0.209864,A,,F
M,GB,GBP,A,0,6,A, Exchange rates against USD United Kingdom - Pound (sterling) - Monthly - Average of observations through period,1917-05,0.209908,A,,F
M,GB,GBP,A,0,6,A, Exchange rates against USD United Kingdom - Pound (sterling) - Monthly - Average of observations through period,1917-06,0.209908,A,,F
M,GB,GBP,A,0,6,A, Exchange rates against USD United Kingdom - Pound (sterling) - Monthly - Average of observations through period,1917-07,0.209908,A,,F
M,GB,GBP,A,0,6,A, Exchange rates against USD United Kingdom - Pound (sterling) - Monthly - Average of observations through period,1917-08,0.209908,A,,F
M,GB,GBP,A,0,6,A, Exchange rates against USD United Kingdom - Pound (sterling) - Monthly - Average of observations through period,1917-09,0.209908,A,,F
M,GB,GBP,A,0,6,A, Exchange rates against USD United Kingdom - Pound (sterling) - Monthly - Average of observations through period,1917-10,0.209908,A,,F
M,GB,GBP,A,0,6,A, Exchange rates against USD United Kingdom - Pound (sterling) - Monthly - Average of observations through period,1917-11,0.209908,A,,F
M,GB,GBP,A,0,6,A, Exchange rates against USD United Kingdom - Pound (sterling) - Monthly - Average of observations through period,1917-12,0.209908,A,,F
M,GB,GBP,A,0,6,A, Exchange rates against USD United Kingdom - Pound (sterling) - Monthly - Average of observations through period,1918-01,0.209908,A,,F
M,GB,GBP,A,0,6,A, Exchange rates against USD United Kingdom - Pound (sterling) - Monthly - Average of observations through period,1918-02,0.209908,A,,F
M,GB,GBP,A,0,6,A, Exchange rates against USD United Kingdom - Pound (sterling) - Monthly - Average of observations through period,1918-03,0.209908,A,,F
M,GB,GBP,A,0,6,A, Exchange rates against USD United Kingdom - Pound (sterling) - Monthly - Average of observations through period,1918-04,0.209864,A,,F
M,GB,GBP,A,0,6,A, Exchange rates against USD United Kingdom - Pound (sterling) - Monthly - Average of observations through period,1918-05,0.209864,A,,F
M,GB,GBP,A,0,6,A, Exchange rates against USD United Kingdom - Pound (sterling) - Monthly - Average of observations through period,1918-06,0.209908,A,,F
M,GB,GBP,A,0,6,A, Exchange rates against USD United Kingdom - Pound (sterling) - Monthly - Average of observations through period,1918-07,0.209908,A,,F
M,GB,GBP,A,0,6,A, Exchange rates against USD United Kingdom - Pound (sterling) - Monthly - Average of observations through period,1918-08,0.20982,A,,F
M,GB,GBP,A,0,6,A, Exchange rates against USD United Kingdom - Pound (sterling) - Monthly - Average of observations through period,1918-09,0.20982,A,,F
M,GB,GBP,A,0,6,A, Exchange rates against USD United Kingdom - Pound (sterling) - Monthly - Average of observations through period,1918-10,0.20982,A,,F
M,GB,GBP,A,0,6,A, Exchange rates against USD United Kingdom - Pound (sterling) - Monthly - Average of observations through period,1918-11,0.20982,A,,F
M,GB,GBP,A,0,6,A, Exchange rates against USD United Kingdom - Pound (sterling) - Monthly - Average of observations through period,1918-12,0.209864,A,,F
M,GB,GBP,A,0,6,A, Exchange rates against USD United Kingdom - Pound (sterling) - Monthly - Average of observations through period,1919-01,0.20982,A,,F
M,GB,GBP,A,0,6,A, Exchange rates against USD United Kingdom - Pound (sterling) - Monthly - Average of observations through period,1919-02,0.209864,A,,F
M,GB,GBP,A,0,6,A, Exchange rates against USD United Kingdom - Pound (sterling) - Monthly - Average of observations through period,1919-03,0.212089,A,,F
M,GB,GBP,A,0,6,A, Exchange rates against USD United Kingdom - Pound (sterling) - Monthly - Average of observations through period,1919-04,0.2145,A,,F
M,GB,GBP,A,0,6,A, Exchange rates against USD United Kingdom - Pound (sterling) - Monthly - Average of observations through period,1919-05,0.21427,A,,F
M,GB,GBP,A,0,6,A, Exchange rates against USD United Kingdom - Pound (sterling) - Monthly - Average of observations through period,1919-06,0.216403,A,,F
M,GB,GBP,A,0,6,A, Exchange rates against USD United Kingdom - Pound (sterling) - Monthly - Average of observations through period,1919-07,0.225785,A,,F
M,GB,GBP,A,0,6,A, Exchange rates against USD United Kingdom - Pound (sterling) - Monthly - Average of observations through period,1919-08,0.234082,A,,F
M,GB,GBP,A,0,6,A, Exchange rates against USD United Kingdom - Pound (sterling) - Monthly - Average of observations through period,1919-09,0.239292,A,,F
M,GB,GBP,A,0,6,A, Exchange rates against USD United Kingdom - Pound (sterling) - Monthly - Average of observations through period,1919-10,0.239006,A,,F
M,GB,GBP,A,0,6,A, Exchange rates against USD United Kingdom - Pound (sterling) - Monthly - Average of observations through period,1919-11,0.244021,A,,F
M,GB,GBP,A,0,6,A, Exchange rates against USD United Kingdom - Pound (sterling) - Monthly - Average of observations through period,1919-12,0.262329,A,,F
M,GB,GBP,A,0,6,A, Exchange rates against USD United Kingdom - Pound (sterling) - Monthly - Average of observations through period,1920-01,0.271887,A,,F
M,GB,GBP,A,0,6,A, Exchange rates against USD United Kingdom - Pound (sterling) - Monthly - Average of observations through period,1920-02,0.29577,A,,F
M,GB,GBP,A,0,6,A, Exchange rates against USD United Kingdom - Pound (sterling) - Monthly - Average of observations through period,1920-03,0.268384,A,,F
M,GB,GBP,A,0,6,A, Exchange rates against USD United Kingdom - Pound (sterling) - Monthly - Average of observations through period,1920-04,0.254388,A,,F
M,GB,GBP,A,0,6,A, Exchange rates against USD United Kingdom - Pound (sterling) - Monthly - Average of observations through period,1920-05,0.259875,A,,F
M,GB,GBP,A,0,6,A, Exchange rates against USD United Kingdom - Pound (sterling) - Monthly - Average of observations through period,1920-06,0.253165,A,,F
M,GB,GBP,A,0,6,A, Exchange rates against USD United Kingdom - Pound (sterling) - Monthly - Average of observations through period,1920-07,0.258732,A,,F
M,GB,GBP,A,0,6,A, Exchange rates against USD United Kingdom - Pound (sterling) - Monthly - Average of observations through period,1920-08,0.276091,A,,F
M,GB,GBP,A,0,6,A, Exchange rates against USD United Kingdom - Pound (sterling) - Monthly - Average of observations through period,1920-09,0.2849,A,,F
M,GB,GBP,A,0,6,A, Exchange rates against USD United Kingdom - Pound (sterling) - Monthly - Average of observations through period,1920-10,0.28777,A,,F
M,GB,GBP,A,0,6,A, Exchange rates against USD United Kingdom - Pound (sterling) - Monthly - Average of observations through period,1920-11,0.290951,A,,F
M,GB,GBP,A,0,6,A, Exchange rates against USD United Kingdom - Pound (sterling) - Monthly - Average of observations through period,1920-12,0.286369,A,,F
M,GB,GBP,A,0,6,A, Exchange rates against USD United Kingdom - Pound (sterling) - Monthly - Average of observations through period,1921-01,0.267237,A,,F
M,GB,GBP,A,0,6,A, Exchange rates against USD United Kingdom - Pound (sterling) - Monthly - Average of observations through period,1921-02,0.257998,A,,F
M,GB,GBP,A,0,6,A, Exchange rates against USD United Kingdom - Pound (sterling) - Monthly - Average of observations through period,1921-03,0.255689,A,,F
M,GB,GBP,A,0,6,A, Exchange rates against USD United Kingdom - Pound (sterling) - Monthly - Average of observations through period,1921-04,0.254518,A,,F
M,GB,GBP,A,0,6,A, Exchange rates against USD United Kingdom - Pound (sterling) - Monthly - Average of observations through period,1921-05,0.251572,A,,F
M,GB,GBP,A,0,6,A, Exchange rates against USD United Kingdom - Pound (sterling) - Monthly - Average of observations through period,1921-06,0.26448,A,,F
M,GB,GBP,A,0,6,A, Exchange rates against USD United Kingdom - Pound (sterling) - Monthly - Average of observations through period,1921-07,0.27533,A,,F
M,GB,GBP,A,0,6,A, Exchange rates against USD United Kingdom - Pound (sterling) - Monthly - Average of observations through period,1921-08,0.273673,A,,F
M,GB,GBP,A,0,6,A, Exchange rates against USD United Kingdom - Pound (sterling) - Monthly - Average of observations through period,1921-09,0.268528,A,,F
M,GB,GBP,A,0,6,A, Exchange rates against USD United Kingdom - Pound (sterling) - Monthly - Average of observations through period,1921-10,0.258198,A,,F
M,GB,GBP,A,0,6,A, Exchange rates against USD United Kingdom - Pound (sterling) - Monthly - Average of observations through period,1921-11,0.251889,A,,F
M,GB,GBP,A,0,6,A, Exchange rates against USD United Kingdom - Pound (sterling) - Monthly - Average of observations through period,1921-12,0.240616,A,,F
M,GB,GBP,A,0,6,A, Exchange rates against USD United Kingdom - Pound (sterling) - Monthly - Average of observations through period,1922-01,0.236686,A,,F
M,GB,GBP,A,0,6,A, Exchange rates against USD United Kingdom - Pound (sterling) - Monthly - Average of observations through period,1922-02,0.229253,A,,F
M,GB,GBP,A,0,6,A, Exchange rates against USD United Kingdom - Pound (sterling) - Monthly - Average of observations through period,1922-03,0.228519,A,,F
M,GB,GBP,A,0,6,A, Exchange rates against USD United Kingdom - Pound (sterling) - Monthly - Average of observations through period,1922-04,0.226603,A,,F
M,GB,GBP,A,0,6,A, Exchange rates against USD United Kingdom - Pound (sterling) - Monthly - Average of observations through period,1922-05,0.224921,A,,F
M,GB,GBP,A,0,6,A, Exchange rates against USD United Kingdom - Pound (sterling) - Monthly - Average of observations through period,1922-06,0.224618,A,,F
M,GB,GBP,A,0,6,A, Exchange rates against USD United Kingdom - Pound (sterling) - Monthly - Average of observations through period,1922-07,0.224921,A,,F
M,GB,GBP,A,0,6,A, Exchange rates against USD United Kingdom - Pound (sterling) - Monthly - Average of observations through period,1922-08,0.223964,A,,F
M,GB,GBP,A,0,6,A, Exchange rates against USD United Kingdom - Pound (sterling) - Monthly - Average of observations through period,1922-09,0.225683,A,,F
M,GB,GBP,A,0,6,A, Exchange rates against USD United Kingdom - Pound (sterling) - Monthly - Average of observations through period,1922-10,0.225327,A,,F
M,GB,GBP,A,0,6,A, Exchange rates against USD United Kingdom - Pound (sterling) - Monthly - Average of observations through period,1922-11,0.223214,A,,F
M,GB,GBP,A,0,6,A, Exchange rates against USD United Kingdom - Pound (sterling) - Monthly - Average of observations through period,1922-12,0.21692,A,,F
M,GB,GBP,A,0,6,A, Exchange rates against USD United Kingdom - Pound (sterling) - Monthly - Average of observations through period,1923-01,0.214823,A,,F
M,GB,GBP,A,0,6,A, Exchange rates against USD United Kingdom - Pound (sterling) - Monthly - Average of observations through period,1923-02,0.213174,A,,F
M,GB,GBP,A,0,6,A, Exchange rates against USD United Kingdom - Pound (sterling) - Monthly - Average of observations through period,1923-03,0.212947,A,,F
M,GB,GBP,A,0,6,A, Exchange rates against USD United Kingdom - Pound (sterling) - Monthly - Average of observations through period,1923-04,0.214823,A,,F
M,GB,GBP,A,0,6,A, Exchange rates against USD United Kingdom - Pound (sterling) - Monthly - Average of observations through period,1923-05,0.216169,A,,F
M,GB,GBP,A,0,6,A, Exchange rates against USD United Kingdom - Pound (sterling) - Monthly - Average of observations through period,1923-06,0.216685,A,,F
M,GB,GBP,A,0,6,A, Exchange rates against USD United Kingdom - Pound (sterling) - Monthly - Average of observations through period,1923-07,0.218198,A,,F
M,GB,GBP,A,0,6,A, Exchange rates against USD United Kingdom - Pound (sterling) - Monthly - Average of observations through period,1923-08,0.219298,A,,F
M,GB,GBP,A,0,6,A, Exchange rates against USD United Kingdom - Pound (sterling) - Monthly - Average of observations through period,1923-09,0.220167,A,,F
M,GB,GBP,A,0,6,A, Exchange rates against USD United Kingdom - Pound (sterling) - Monthly - Average of observations through period,1923-10,0.221043,A,,F
M,GB,GBP,A,0,6,A, Exchange rates against USD United Kingdom - Pound (sterling) - Monthly - Average of observations through period,1923-11,0.228206,A,,F
M,GB,GBP,A,0,6,A, Exchange rates against USD United Kingdom - Pound (sterling) - Monthly - Average of observations through period,1923-12,0.229358,A,,F
M,GB,GBP,A,0,6,A, Exchange rates against USD United Kingdom - Pound (sterling) - Monthly - Average of observations through period,1924-01,0.234797,A,,F
M,GB,GBP,A,0,6,A, Exchange rates against USD United Kingdom - Pound (sterling) - Monthly - Average of observations through period,1924-02,0.232126,A,,F
M,GB,GBP,A,0,6,A, Exchange rates against USD United Kingdom - Pound (sterling) - Monthly - Average of observations through period,1924-03,0.233046,A,,F
M,GB,GBP,A,0,6,A, Exchange rates against USD United Kingdom - Pound (sterling) - Monthly - Average of observations through period,1924-04,0.229832,A,,F
M,GB,GBP,A,0,6,A, Exchange rates against USD United Kingdom - Pound (sterling) - Monthly - Average of observations through period,1924-05,0.229305,A,,F
M,GB,GBP,A,0,6,A, Exchange rates against USD United Kingdom - Pound (sterling) - Monthly - Average of observations through period,1924-06,0.231481,A,,F
M,GB,GBP,A,0,6,A, Exchange rates against USD United Kingdom - Pound (sterling) - Monthly - Average of observations through period,1924-07,0.228833,A,,F
M,GB,GBP,A,0,6,A, Exchange rates against USD United Kingdom - Pound (sterling) - Monthly - Average of observations through period,1924-08,0.222272,A,,F
M,GB,GBP,A,0,6,A, Exchange rates against USD United Kingdom - Pound (sterling) - Monthly - Average of observations through period,1924-09,0.224165,A,,F
M,GB,GBP,A,0,6,A, Exchange rates against USD United Kingdom - Pound (sterling) - Monthly - Average of observations through period,1924-10,0.222866,A,,F
M,GB,GBP,A,0,6,A, Exchange rates against USD United Kingdom - Pound (sterling) - Monthly - Average of observations through period,1924-11,0.21692,A,,F
M,GB,GBP,A,0,6,A, Exchange rates against USD United Kingdom - Pound (sterling) - Monthly - Average of observations through period,1924-12,0.212993,A,,F
M,GB,GBP,A,0,6,A, Exchange rates against USD United Kingdom - Pound (sterling) - Monthly - Average of observations through period,1925-01,0.209118,A,,F
M,GB,GBP,A,0,6,A, Exchange rates against USD United Kingdom - Pound (sterling) - Monthly - Average of observations through period,1925-02,0.209556,A,,F
M,GB,GBP,A,0,6,A, Exchange rates against USD United Kingdom - Pound (sterling) - Monthly - Average of observations through period,1925-03,0.20938,A,,F
M,GB,GBP,A,0,6,A, Exchange rates against USD United Kingdom - Pound (sterling) - Monthly - Average of observations through period,1925-04,0.208551,A,,F
M,GB,GBP,A,0,6,A, Exchange rates against USD United Kingdom - Pound (sterling) - Monthly - Average of observations through period,1925-05,0.205973,A,,F
M,GB,GBP,A,0,6,A, Exchange rates against USD United Kingdom - Pound (sterling) - Monthly - Average of observations through period,1925-06,0.205761,A,,F
M,GB,GBP,A,0,6,A, Exchange rates against USD United Kingdom - Pound (sterling) - Monthly - Average of observations through period,1925-07,0.205761,A,,F
M,GB,GBP,A,0,6,A, Exchange rates against USD United Kingdom - Pound (sterling) - Monthly - Average of observations through period,1925-08,0.205888,A,,F
M,GB,GBP,A,0,6,A, Exchange rates against USD United Kingdom - Pound (sterling) - Monthly - Average of observations through period,1925-09,0.206356,A,,F
M,GB,GBP,A,0,6,A, Exchange rates against USD United Kingdom - Pound (sterling) - Monthly - Average of observations through period,1925-10,0.206484,A,,F
M,GB,GBP,A,0,6,A, Exchange rates against USD United Kingdom - Pound (sterling) - Monthly - Average of observations through period,1925-11,0.206356,A,,F
M,GB,GBP,A,0,6,A, Exchange rates against USD United Kingdom - Pound (sterling) - Monthly - Average of observations through period,1925-12,0.206186,A,,F
M,GB,GBP,A,0,6,A, Exchange rates against USD United Kingdom - Pound (sterling) - Monthly - Average of observations through period,1926-01,0.205846,A,,F
M,GB,GBP,A,0,6,A, Exchange rates against USD United Kingdom - Pound (sterling) - Monthly - Average of observations through period,1926-02,0.205634,A,,F
M,GB,GBP,A,0,6,A, Exchange rates against USD United Kingdom - Pound (sterling) - Monthly - Average of observations through period,1926-03,0.205719,A,,F
M,GB,GBP,A,0,6,A, Exchange rates against USD United Kingdom - Pound (sterling) - Monthly - Average of observations through period,1926-04,0.205677,A,,F
M,GB,GBP,A,0,6,A, Exchange rates against USD United Kingdom - Pound (sterling) - Monthly - Average of observations through period,1926-05,0.205719,A,,F
M,GB,GBP,A,0,6,A, Exchange rates against USD United Kingdom - Pound (sterling) - Monthly - Average of observations through period,1926-06,0.205381,A,,F
M,GB,GBP,A,0,6,A, Exchange rates against USD United Kingdom - Pound (sterling) - Monthly - Average of observations through period,1926-07,0.205634,A,,F
M,GB,GBP,A,0,6,A, Exchange rates against USD United Kingdom - Pound (sterling) - Monthly - Average of observations through period,1926-08,0.205804,A,,F
M,GB,GBP,A,0,6,A, Exchange rates against USD United Kingdom - Pound (sterling) - Monthly - Average of observations through period,1926-09,0.206016,A,,F
M,GB,GBP,A,0,6,A, Exchange rates against USD United Kingdom - Pound (sterling) - Monthly - Average of observations through period,1926-10,0.206186,A,,F
M,GB,GBP,A,0,6,A, Exchange rates against USD United Kingdom - Pound (sterling) - Monthly - Average of observations through period,1926-11,0.206228,A,,F
M,GB,GBP,A,0,6,A, Exchange rates against USD United Kingdom - Pound (sterling) - Monthly - Average of observations through period,1926-12,0.206143,A,,F
M,GB,GBP,A,0,6,A, Exchange rates against USD United Kingdom - Pound (sterling) - Monthly - Average of observations through period,1927-01,0.206058,A,,F
M,GB,GBP,A,0,6,A, Exchange rates against USD United Kingdom - Pound (sterling) - Monthly - Average of observations through period,1927-02,0.206186,A,,F
M,GB,GBP,A,0,6,A, Exchange rates against USD United Kingdom - Pound (sterling) - Monthly - Average of observations through period,1927-03,0.206016,A,,F
M,GB,GBP,A,0,6,A, Exchange rates against USD United Kingdom - Pound (sterling) - Monthly - Average of observations through period,1927-04,0.205888,A,,F
M,GB,GBP,A,0,6,A, Exchange rates against USD United Kingdom - Pound (sterling) - Monthly - Average of observations through period,1927-05,0.205888,A,,F
M,GB,GBP,A,0,6,A, Exchange rates against USD United Kingdom - Pound (sterling) - Monthly - Average of observations through period,1927-06,0.205931,A,,F
M,GB,GBP,A,0,6,A, Exchange rates against USD United Kingdom - Pound (sterling) - Monthly - Average of observations through period,1927-07,0.205973,A,,F
M,GB,GBP,A,0,6,A, Exchange rates against USD United Kingdom - Pound (sterling) - Monthly - Average of observations through period,1927-08,0.205761,A,,F
M,GB,GBP,A,0,6,A, Exchange rates against USD United Kingdom - Pound (sterling) - Monthly - Average of observations through period,1927-09,0.205592,A,,F
M,GB,GBP,A,0,6,A, Exchange rates against USD United Kingdom - Pound (sterling) - Monthly - Average of observations through period,1927-10,0.205339,A,,F
M,GB,GBP,A,0,6,A, Exchange rates against USD United Kingdom - Pound (sterling) - Monthly - Average of observations through period,1927-11,0.20517,A,,F
M,GB,GBP,A,0,6,A, Exchange rates against USD United Kingdom - Pound (sterling) - Monthly - Average of observations through period,1927-12,0.204792,A,,F
M,GB,GBP,A,0,6,A, Exchange rates against USD United Kingdom - Pound (sterling) - Monthly - Average of observations through period,1928-01,0.205128,A,,F
M,GB,GBP,A,0,6,A, Exchange rates against USD United Kingdom - Pound (sterling) - Monthly - Average of observations through period,1928-02,0.205128,A,,F
M,GB,GBP,A,0,6,A, Exchange rates against USD United Kingdom - Pound (sterling) - Monthly - Average of observations through period,1928-03,0.204918,A,,F
M,GB,GBP,A,0,6,A, Exchange rates against USD United Kingdom - Pound (sterling) - Monthly - Average of observations through period,1928-04,0.204834,A,,F
M,GB,GBP,A,0,6,A, Exchange rates against USD United Kingdom - Pound (sterling) - Monthly - Average of observations through period,1928-05,0.204834,A,,F
M,GB,GBP,A,0,6,A, Exchange rates against USD United Kingdom - Pound (sterling) - Monthly - Average of observations through period,1928-06,0.204918,A,,F
M,GB,GBP,A,0,6,A, Exchange rates against USD United Kingdom - Pound (sterling) - Monthly - Average of observations through period,1928-07,0.205592,A,,F
M,GB,GBP,A,0,6,A, Exchange rates against USD United Kingdom - Pound (sterling) - Monthly - Average of observations through period,1928-08,0.206016,A,,F
M,GB,GBP,A,0,6,A, Exchange rates against USD United Kingdom - Pound (sterling) - Monthly - Average of observations through period,1928-09,0.206143,A,,F
M,GB,GBP,A,0,6,A, Exchange rates against USD United Kingdom - Pound (sterling) - Monthly - Average of observations through period,1928-10,0.206186,A,,F
M,GB,GBP,A,0,6,A, Exchange rates against USD United Kingdom - Pound (sterling) - Monthly - Average of observations through period,1928-11,0.206228,A,,F
M,GB,GBP,A,0,6,A, Exchange rates against USD United Kingdom - Pound (sterling) - Monthly - Average of observations through period,1928-12,0.206101,A,,F
M,GB,GBP,A,0,6,A, Exchange rates against USD United Kingdom - Pound (sterling) - Monthly - Average of observations through period,1929-01,0.206186,A,,F
M,GB,GBP,A,0,6,A, Exchange rates against USD United Kingdom - Pound (sterling) - Monthly - Average of observations through period,1929-02,0.206101,A,,F
M,GB,GBP,A,0,6,A, Exchange rates against USD United Kingdom - Pound (sterling) - Monthly - Average of observations through period,1929-03,0.206058,A,,F
M,GB,GBP,A,0,6,A, Exchange rates against USD United Kingdom - Pound (sterling) - Monthly - Average of observations through period,1929-04,0.206058,A,,F
M,GB,GBP,A,0,6,A, Exchange rates against USD United Kingdom - Pound (sterling) - Monthly - Average of observations through period,1929-05,0.206143,A,,F
M,GB,GBP,A,0,6,A, Exchange rates against USD United Kingdom - Pound (sterling) - Monthly - Average of observations through period,1929-06,0.206271,A,,F
M,GB,GBP,A,0,6,A, Exchange rates against USD United Kingdom - Pound (sterling) - Monthly - Average of observations through period,1929-07,0.206143,A,,F
M,GB,GBP,A,0,6,A, Exchange rates against USD United Kingdom - Pound (sterling) - Monthly - Average of observations through period,1929-08,0.206228,A,,F
M,GB,GBP,A,0,6,A, Exchange rates against USD United Kingdom - Pound (sterling) - Monthly - Average of observations through period,1929-09,0.206271,A,,F
M,GB,GBP,A,0,6,A, Exchange rates against USD United Kingdom - Pound (sterling) - Monthly - Average of observations through period,1929-10,0.205339,A,,F
M,GB,GBP,A,0,6,A, Exchange rates against USD United Kingdom - Pound (sterling) - Monthly - Average of observations through period,1929-11,0.205044,A,,F
M,GB,GBP,A,0,6,A, Exchange rates against USD United Kingdom - Pound (sterling) - Monthly - Average of observations through period,1929-12,0.204834,A,,F
M,GB,GBP,A,0,6,A, Exchange rates against USD United Kingdom - Pound (sterling) - Monthly - Average of observations through period,1930-01,0.205381,A,,F
M,GB,GBP,A,0,6,A, Exchange rates against USD United Kingdom - Pound (sterling) - Monthly - Average of observations through period,1930-02,0.205677,A,,F
M,GB,GBP,A,0,6,A, Exchange rates against USD United Kingdom - Pound (sterling) - Monthly - Average of observations through period,1930-03,0.205634,A,,F
M,GB,GBP,A,0,6,A, Exchange rates against USD United Kingdom - Pound (sterling) - Monthly - Average of observations through period,1930-04,0.205634,A,,F
M,GB,GBP,A,0,6,A, Exchange rates against USD United Kingdom - Pound (sterling) - Monthly - Average of observations through period,1930-05,0.205761,A,,F
M,GB,GBP,A,0,6,A, Exchange rates against USD United Kingdom - Pound (sterling) - Monthly - Average of observations through period,1930-06,0.205804,A,,F
M,GB,GBP,A,0,6,A, Exchange rates against USD United Kingdom - Pound (sterling) - Monthly - Average of observations through period,1930-07,0.205508,A,,F
M,GB,GBP,A,0,6,A, Exchange rates against USD United Kingdom - Pound (sterling) - Monthly - Average of observations through period,1930-08,0.205297,A,,F
M,GB,GBP,A,0,6,A, Exchange rates against USD United Kingdom - Pound (sterling) - Monthly - Average of observations through period,1930-09,0.205719,A,,F
M,GB,GBP,A,0,6,A, Exchange rates against USD United Kingdom - Pound (sterling) - Monthly - Average of observations through period,1930-10,0.205804,A,,F
M,GB,GBP,A,0,6,A, Exchange rates against USD United Kingdom - Pound (sterling) - Monthly - Average of observations through period,1930-11,0.205931,A,,F
M,GB,GBP,A,0,6,A, Exchange rates against USD United Kingdom - Pound (sterling) - Monthly - Average of observations through period,1930-12,0.205888,A,,F
M,GB,GBP,A,0,6,A, Exchange rates against USD United Kingdom - Pound (sterling) - Monthly - Average of observations through period,1931-01,0.205973,A,,F
M,GB,GBP,A,0,6,A, Exchange rates against USD United Kingdom - Pound (sterling) - Monthly - Average of observations through period,1931-02,0.205846,A,,F
M,GB,GBP,A,0,6,A, Exchange rates against USD United Kingdom - Pound (sterling) - Monthly - Average of observations through period,1931-03,0.205846,A,,F
M,GB,GBP,A,0,6,A, Exchange rates against USD United Kingdom - Pound (sterling) - Monthly - Average of observations through period,1931-04,0.205761,A,,F
M,GB,GBP,A,0,6,A, Exchange rates against USD United Kingdom - Pound (sterling) - Monthly - Average of observations through period,1931-05,0.205592,A,,F
M,GB,GBP,A,0,6,A, Exchange rates against USD United Kingdom - Pound (sterling) - Monthly - Average of observations through period,1931-06,0.20555,A,,F
M,GB,GBP,A,0,6,A, Exchange rates against USD United Kingdom - Pound (sterling) - Monthly - Average of observations through period,1931-07,0.205931,A,,F
M,GB,GBP,A,0,6,A, Exchange rates against USD United Kingdom - Pound (sterling) - Monthly - Average of observations through period,1931-08,0.205846,A,,F
M,GB,GBP,A,0,6,A, Exchange rates against USD United Kingdom - Pound (sterling) - Monthly - Average of observations through period,1931-09,0.220702,A,,F
M,GB,GBP,A,0,6,A, Exchange rates against USD United Kingdom - Pound (sterling) - Monthly - Average of observations through period,1931-10,0.257136,A,,F
M,GB,GBP,A,0,6,A, Exchange rates against USD United Kingdom - Pound (sterling) - Monthly - Average of observations through period,1931-11,0.268817,A,,F
M,GB,GBP,A,0,6,A, Exchange rates against USD United Kingdom - Pound (sterling) - Monthly - Average of observations through period,1931-12,0.296384,A,,F
M,GB,GBP,A,0,6,A, Exchange rates against USD United Kingdom - Pound (sterling) - Monthly - Average of observations through period,1932-01,0.29146,A,,F
M,GB,GBP,A,0,6,A, Exchange rates against USD United Kingdom - Pound (sterling) - Monthly - Average of observations through period,1932-02,0.289352,A,,F
M,GB,GBP,A,0,6,A, Exchange rates against USD United Kingdom - Pound (sterling) - Monthly - Average of observations through period,1932-03,0.274801,A,,F
M,GB,GBP,A,0,6,A, Exchange rates against USD United Kingdom - Pound (sterling) - Monthly - Average of observations through period,1932-04,0.266667,A,,F
M,GB,GBP,A,0,6,A, Exchange rates against USD United Kingdom - Pound (sterling) - Monthly - Average of observations through period,1932-05,0.272109,A,,F
M,GB,GBP,A,0,6,A, Exchange rates against USD United Kingdom - Pound (sterling) - Monthly - Average of observations through period,1932-06,0.274198,A,,F
M,GB,GBP,A,0,6,A, Exchange rates against USD United Kingdom - Pound (sterling) - Monthly - Average of observations through period,1932-07,0.28169,A,,F
M,GB,GBP,A,0,6,A, Exchange rates against USD United Kingdom - Pound (sterling) - Monthly - Average of observations through period,1932-08,0.287687,A,,F
M,GB,GBP,A,0,6,A, Exchange rates against USD United Kingdom - Pound (sterling) - Monthly - Average of observations through period,1932-09,0.288101,A,,F
M,GB,GBP,A,0,6,A, Exchange rates against USD United Kingdom - Pound (sterling) - Monthly - Average of observations through period,1932-10,0.294464,A,,F
M,GB,GBP,A,0,6,A, Exchange rates against USD United Kingdom - Pound (sterling) - Monthly - Average of observations through period,1932-11,0.305344,A,,F
M,GB,GBP,A,0,6,A, Exchange rates against USD United Kingdom - Pound (sterling) - Monthly - Average of observations through period,1932-12,0.304971,A,,F
M,GB,GBP,A,0,6,A, Exchange rates against USD United Kingdom - Pound (sterling) - Monthly - Average of observations through period,1933-01,0.29753,A,,F
M,GB,GBP,A,0,6,A, Exchange rates against USD United Kingdom - Pound (sterling) - Monthly - Average of observations through period,1933-02,0.292227,A,,F
M,GB,GBP,A,0,6,A, Exchange rates against USD United Kingdom - Pound (sterling) - Monthly - Average of observations through period,1933-03,0.29129,A,,F
M,GB,GBP,A,0,6,A, Exchange rates against USD United Kingdom - Pound (sterling) - Monthly - Average of observations through period,1933-04,0.279408,A,,F
M,GB,GBP,A,0,6,A, Exchange rates against USD United Kingdom - Pound (sterling) - Monthly - Average of observations through period,1933-05,0.254324,A,,F
M,GB,GBP,A,0,6,A, Exchange rates against USD United Kingdom - Pound (sterling) - Monthly - Average of observations through period,1933-06,0.241779,A,,F
M,GB,GBP,A,0,6,A, Exchange rates against USD United Kingdom - Pound (sterling) - Monthly - Average of observations through period,1933-07,0.215054,A,,F
M,GB,GBP,A,0,6,A, Exchange rates against USD United Kingdom - Pound (sterling) - Monthly - Average of observations through period,1933-08,0.222074,A,,F
M,GB,GBP,A,0,6,A, Exchange rates against USD United Kingdom - Pound (sterling) - Monthly - Average of observations through period,1933-09,0.214362,A,,F
M,GB,GBP,A,0,6,A, Exchange rates against USD United Kingdom - Pound (sterling) - Monthly - Average of observations through period,1933-10,0.214225,A,,F
M,GB,GBP,A,0,6,A, Exchange rates against USD United Kingdom - Pound (sterling) - Monthly - Average of observations through period,1933-11,0.194175,A,,F
M,GB,GBP,A,0,6,A, Exchange rates against USD United Kingdom - Pound (sterling) - Monthly - Average of observations through period,1933-12,0.195465,A,,F
M,GB,GBP,A,0,6,A, Exchange rates against USD United Kingdom - Pound (sterling) - Monthly - Average of observations through period,1934-01,0.198059,A,,F
M,GB,GBP,A,0,6,A, Exchange rates against USD United Kingdom - Pound (sterling) - Monthly - Average of observations through period,1934-02,0.198689,A,,F
M,GB,GBP,A,0,6,A, Exchange rates against USD United Kingdom - Pound (sterling) - Monthly - Average of observations through period,1934-03,0.196309,A,,F
M,GB,GBP,A,0,6,A, Exchange rates against USD United Kingdom - Pound (sterling) - Monthly - Average of observations through period,1934-04,0.194062,A,,F
M,GB,GBP,A,0,6,A, Exchange rates against USD United Kingdom - Pound (sterling) - Monthly - Average of observations through period,1934-05,0.195848,A,,F
M,GB,GBP,A,0,6,A, Exchange rates against USD United Kingdom - Pound (sterling) - Monthly - Average of observations through period,1934-06,0.198098,A,,F
M,GB,GBP,A,0,6,A, Exchange rates against USD United Kingdom - Pound (sterling) - Monthly - Average of observations through period,1934-07,0.198373,A,,F
M,GB,GBP,A,0,6,A, Exchange rates against USD United Kingdom - Pound (sterling) - Monthly - Average of observations through period,1934-08,0.197433,A,,F
M,GB,GBP,A,0,6,A, Exchange rates against USD United Kingdom - Pound (sterling) - Monthly - Average of observations through period,1934-09,0.20024,A,,F
M,GB,GBP,A,0,6,A, Exchange rates against USD United Kingdom - Pound (sterling) - Monthly - Average of observations through period,1934-10,0.202388,A,,F
M,GB,GBP,A,0,6,A, Exchange rates against USD United Kingdom - Pound (sterling) - Monthly - Average of observations through period,1934-11,0.200441,A,,F
M,GB,GBP,A,0,6,A, Exchange rates against USD United Kingdom - Pound (sterling) - Monthly - Average of observations through period,1934-12,0.202184,A,,F
M,GB,GBP,A,0,6,A, Exchange rates against USD United Kingdom - Pound (sterling) - Monthly - Average of observations through period,1935-01,0.204415,A,,F
M,GB,GBP,A,0,6,A, Exchange rates against USD United Kingdom - Pound (sterling) - Monthly - Average of observations through period,1935-02,0.205212,A,,F
M,GB,GBP,A,0,6,A, Exchange rates against USD United Kingdom - Pound (sterling) - Monthly - Average of observations through period,1935-03,0.20938,A,,F
M,GB,GBP,A,0,6,A, Exchange rates against USD United Kingdom - Pound (sterling) - Monthly - Average of observations through period,1935-04,0.20674,A,,F
M,GB,GBP,A,0,6,A, Exchange rates against USD United Kingdom - Pound (sterling) - Monthly - Average of observations through period,1935-05,0.204583,A,,F
M,GB,GBP,A,0,6,A, Exchange rates against USD United Kingdom - Pound (sterling) - Monthly - Average of observations through period,1935-06,0.202634,A,,F
M,GB,GBP,A,0,6,A, Exchange rates against USD United Kingdom - Pound (sterling) - Monthly - Average of observations through period,1935-07,0.201694,A,,F
M,GB,GBP,A,0,6,A, Exchange rates against USD United Kingdom - Pound (sterling) - Monthly - Average of observations through period,1935-08,0.201207,A,,F
M,GB,GBP,A,0,6,A, Exchange rates against USD United Kingdom - Pound (sterling) - Monthly - Average of observations through period,1935-09,0.202799,A,,F
M,GB,GBP,A,0,6,A, Exchange rates against USD United Kingdom - Pound (sterling) - Monthly - Average of observations through period,1935-10,0.203749,A,,F
M,GB,GBP,A,0,6,A, Exchange rates against USD United Kingdom - Pound (sterling) - Monthly - Average of observations through period,1935-11,0.203046,A,,F
M,GB,GBP,A,0,6,A, Exchange rates against USD United Kingdom - Pound (sterling) - Monthly - Average of observations through period,1935-12,0.202881,A,,F
M,GB,GBP,A,0,6,A, Exchange rates against USD United Kingdom - Pound (sterling) - Monthly - Average of observations through period,1936-01,0.201491,A,,F
M,GB,GBP,A,0,6,A, Exchange rates against USD United Kingdom - Pound (sterling) - Monthly - Average of observations through period,1936-02,0.2,A,,F
M,GB,GBP,A,0,6,A, Exchange rates against USD United Kingdom - Pound (sterling) - Monthly - Average of observations through period,1936-03,0.201167,A,,F
M,GB,GBP,A,0,6,A, Exchange rates against USD United Kingdom - Pound (sterling) - Monthly - Average of observations through period,1936-04,0.202306,A,,F
M,GB,GBP,A,0,6,A, Exchange rates against USD United Kingdom - Pound (sterling) - Monthly - Average of observations through period,1936-05,0.201207,A,,F
M,GB,GBP,A,0,6,A, Exchange rates against USD United Kingdom - Pound (sterling) - Monthly - Average of observations through period,1936-06,0.199243,A,,F
M,GB,GBP,A,0,6,A, Exchange rates against USD United Kingdom - Pound (sterling) - Monthly - Average of observations through period,1936-07,0.199124,A,,F
M,GB,GBP,A,0,6,A, Exchange rates against USD United Kingdom - Pound (sterling) - Monthly - Average of observations through period,1936-08,0.198965,A,,F
M,GB,GBP,A,0,6,A, Exchange rates against USD United Kingdom - Pound (sterling) - Monthly - Average of observations through period,1936-09,0.19857,A,,F
M,GB,GBP,A,0,6,A, Exchange rates against USD United Kingdom - Pound (sterling) - Monthly - Average of observations through period,1936-10,0.204165,A,,F
M,GB,GBP,A,0,6,A, Exchange rates against USD United Kingdom - Pound (sterling) - Monthly - Average of observations through period,1936-11,0.204583,A,,F
M,GB,GBP,A,0,6,A, Exchange rates against USD United Kingdom - Pound (sterling) - Monthly - Average of observations through period,1936-12,0.203749,A,,F
M,GB,GBP,A,0,6,A, Exchange rates against USD United Kingdom - Pound (sterling) - Monthly - Average of observations through period,1937-01,0.203791,A,,F
M,GB,GBP,A,0,6,A, Exchange rates against USD United Kingdom - Pound (sterling) - Monthly - Average of observations through period,1937-02,0.204332,A,,F
M,GB,GBP,A,0,6,A, Exchange rates against USD United Kingdom - Pound (sterling) - Monthly - Average of observations through period,1937-03,0.204708,A,,F
M,GB,GBP,A,0,6,A, Exchange rates against USD United Kingdom - Pound (sterling) - Monthly - Average of observations through period,1937-04,0.203417,A,,F
M,GB,GBP,A,0,6,A, Exchange rates against USD United Kingdom - Pound (sterling) - Monthly - Average of observations through period,1937-05,0.202429,A,,F
M,GB,GBP,A,0,6,A, Exchange rates against USD United Kingdom - Pound (sterling) - Monthly - Average of observations through period,1937-06,0.202593,A,,F
M,GB,GBP,A,0,6,A, Exchange rates against USD United Kingdom - Pound (sterling) - Monthly - Average of observations through period,1937-07,0.201329,A,,F
M,GB,GBP,A,0,6,A, Exchange rates against USD United Kingdom - Pound (sterling) - Monthly - Average of observations through period,1937-08,0.200723,A,,F
M,GB,GBP,A,0,6,A, Exchange rates against USD United Kingdom - Pound (sterling) - Monthly - Average of observations through period,1937-09,0.201898,A,,F
M,GB,GBP,A,0,6,A, Exchange rates against USD United Kingdom - Pound (sterling) - Monthly - Average of observations through period,1937-10,0.201816,A,,F
M,GB,GBP,A,0,6,A, Exchange rates against USD United Kingdom - Pound (sterling) - Monthly - Average of observations through period,1937-11,0.20016,A,,F
M,GB,GBP,A,0,6,A, Exchange rates against USD United Kingdom - Pound (sterling) - Monthly - Average of observations through period,1937-12,0.20016,A,,F
M,GB,GBP,A,0,6,A, Exchange rates against USD United Kingdom - Pound (sterling) - Monthly - Average of observations through period,1938-01,0.20004,A,,F
M,GB,GBP,A,0,6,A, Exchange rates against USD United Kingdom - Pound (sterling) - Monthly - Average of observations through period,1938-02,0.199283,A,,F
M,GB,GBP,A,0,6,A, Exchange rates against USD United Kingdom - Pound (sterling) - Monthly - Average of observations through period,1938-03,0.200642,A,,F
M,GB,GBP,A,0,6,A, Exchange rates against USD United Kingdom - Pound (sterling) - Monthly - Average of observations through period,1938-04,0.200763,A,,F
M,GB,GBP,A,0,6,A, Exchange rates against USD United Kingdom - Pound (sterling) - Monthly - Average of observations through period,1938-05,0.201329,A,,F
M,GB,GBP,A,0,6,A, Exchange rates against USD United Kingdom - Pound (sterling) - Monthly - Average of observations through period,1938-06,0.201694,A,,F
M,GB,GBP,A,0,6,A, Exchange rates against USD United Kingdom - Pound (sterling) - Monthly - Average of observations through period,1938-07,0.202881,A,,F
M,GB,GBP,A,0,6,A, Exchange rates against USD United Kingdom - Pound (sterling) - Monthly - Average of observations through period,1938-08,0.204876,A,,F
M,GB,GBP,A,0,6,A, Exchange rates against USD United Kingdom - Pound (sterling) - Monthly - Average of observations through period,1938-09,0.20816,A,,F
M,GB,GBP,A,0,6,A, Exchange rates against USD United Kingdom - Pound (sterling) - Monthly - Average of observations through period,1938-10,0.209732,A,,F
M,GB,GBP,A,0,6,A, Exchange rates against USD United Kingdom - Pound (sterling) - Monthly - Average of observations through period,1938-11,0.212495,A,,F
M,GB,GBP,A,0,6,A, Exchange rates against USD United Kingdom - Pound (sterling) - Monthly - Average of observations through period,1938-12,0.214133,A,,F
M,GB,GBP,A,0,6,A, Exchange rates against USD United Kingdom - Pound (sterling) - Monthly - Average of observations through period,1939-01,0.214179,A,,F
M,GB,GBP,A,0,6,A, Exchange rates against USD United Kingdom - Pound (sterling) - Monthly - Average of observations through period,1939-02,0.213402,A,,F
M,GB,GBP,A,0,6,A, Exchange rates against USD United Kingdom - Pound (sterling) - Monthly - Average of observations through period,1939-03,0.213447,A,,F
M,GB,GBP,A,0,6,A, Exchange rates against USD United Kingdom - Pound (sterling) - Monthly - Average of observations through period,1939-04,0.21363,A,,F
M,GB,GBP,A,0,6,A, Exchange rates against USD United Kingdom - Pound (sterling) - Monthly - Average of observations through period,1939-05,0.21363,A,,F
M,GB,GBP,A,0,6,A, Exchange rates against USD United Kingdom - Pound (sterling) - Monthly - Average of observations through period,1939-06,0.213584,A,,F
M,GB,GBP,A,0,6,A, Exchange rates against USD United Kingdom - Pound (sterling) - Monthly - Average of observations through period,1939-07,0.21363,A,,F
M,GB,GBP,A,0,6,A, Exchange rates against USD United Kingdom - Pound (sterling) - Monthly - Average of observations through period,1939-08,0.216873,A,,F
M,GB,GBP,A,0,6,A, Exchange rates against USD United Kingdom - Pound (sterling) - Monthly - Average of observations through period,1939-09,0.250313,A,,F
M,GB,GBP,A,0,6,A, Exchange rates against USD United Kingdom - Pound (sterling) - Monthly - Average of observations through period,1939-10,0.249314,A,,F
M,GB,GBP,A,0,6,A, Exchange rates against USD United Kingdom - Pound (sterling) - Monthly - Average of observations through period,1939-11,0.254777,A,,F
M,GB,GBP,A,0,6,A, Exchange rates against USD United Kingdom - Pound (sterling) - Monthly - Average of observations through period,1939-12,0.254453,A,,F
M,GB,GBP,A,0,6,A, Exchange rates against USD United Kingdom - Pound (sterling) - Monthly - Average of observations through period,1940-01,0.25227,A,,F
M,GB,GBP,A,0,6,A, Exchange rates against USD United Kingdom - Pound (sterling) - Monthly - Average of observations through period,1940-02,0.252334,A,,F
M,GB,GBP,A,0,6,A, Exchange rates against USD United Kingdom - Pound (sterling) - Monthly - Average of observations through period,1940-03,0.266028,A,,F
M,GB,GBP,A,0,6,A, Exchange rates against USD United Kingdom - Pound (sterling) - Monthly - Average of observations through period,1940-04,0.283607,A,,F
M,GB,GBP,A,0,6,A, Exchange rates against USD United Kingdom - Pound (sterling) - Monthly - Average of observations through period,1940-05,0.305437,A,,F
M,GB,GBP,A,0,6,A, Exchange rates against USD United Kingdom - Pound (sterling) - Monthly - Average of observations through period,1940-06,0.277624,A,,F
M,GB,GBP,A,0,6,A, Exchange rates against USD United Kingdom - Pound (sterling) - Monthly - Average of observations through period,1940-07,0.262812,A,,F
M,GB,GBP,A,0,6,A, Exchange rates against USD United Kingdom - Pound (sterling) - Monthly - Average of observations through period,1940-08,0.251319,A,,F
M,GB,GBP,A,0,6,A, Exchange rates against USD United Kingdom - Pound (sterling) - Monthly - Average of observations through period,1940-09,0.247893,A,,F
M,GB,GBP,A,0,6,A, Exchange rates against USD United Kingdom - Pound (sterling) - Monthly - Average of observations through period,1940-10,0.247954,A,,F
M,GB,GBP,A,0,6,A, Exchange rates against USD United Kingdom - Pound (sterling) - Monthly - Average of observations through period,1940-11,0.24777,A,,F
M,GB,GBP,A,0,6,A, Exchange rates against USD United Kingdom - Pound (sterling) - Monthly - Average of observations through period,1940-12,0.247831,A,,F
M,GB,GBP,A,0,6,A, Exchange rates against USD United Kingdom - Pound (sterling) - Monthly - Average of observations through period,1941-01,0.247893,A,,F
M,GB,GBP,A,0,6,A, Exchange rates against USD United Kingdom - Pound (sterling) - Monthly - Average of observations through period,1941-02,0.248139,A,,F
M,GB,GBP,A,0,6,A, Exchange rates against USD United Kingdom - Pound (sterling) - Monthly - Average of observations through period,1941-03,0.248016,A,,F
M,GB,GBP,A,0,6,A, Exchange rates against USD United Kingdom - Pound (sterling) - Monthly - Average of observations through period,1941-04,0.248447,A,,F
M,GB,GBP,A,0,6,A, Exchange rates against USD United Kingdom - Pound (sterling) - Monthly - Average of observations through period,1941-05,0.248077,A,,F
M,GB,GBP,A,0,6,A, Exchange rates against USD United Kingdom - Pound (sterling) - Monthly - Average of observations through period,1941-06,0.248016,A,,F
M,GB,GBP,A,0,6,A, Exchange rates against USD United Kingdom - Pound (sterling) - Monthly - Average of observations through period,1941-07,0.248016,A,,F
M,GB,GBP,A,0,6,A, Exchange rates against USD United Kingdom - Pound (sterling) - Monthly - Average of observations through period,1941-08,0.248016,A,,F
M,GB,GBP,A,0,6,A, Exchange rates against USD United Kingdom - Pound (sterling) - Monthly - Average of observations through period,1941-09,0.247954,A,,F
M,GB,GBP,A,0,6,A, Exchange rates against USD United Kingdom - Pound (sterling) - Monthly - Average of observations through period,1941-10,0.247954,A,,F
M,GB,GBP,A,0,6,A, Exchange rates against USD United Kingdom - Pound (sterling) - Monthly - Average of observations through period,1941-11,0.247893,A,,F
M,GB,GBP,A,0,6,A, Exchange rates against USD United Kingdom - Pound (sterling) - Monthly - Average of observations through period,1941-12,0.247831,A,,F
M,GB,GBP,A,0,6,A, Exchange rates against USD United Kingdom - Pound (sterling) - Monthly - Average of observations through period,1942-01,0.247831,A,,F
M,GB,GBP,A,0,6,A, Exchange rates against USD United Kingdom - Pound (sterling) - Monthly - Average of observations through period,1942-02,0.247831,A,,F
M,GB,GBP,A,0,6,A, Exchange rates against USD United Kingdom - Pound (sterling) - Monthly - Average of observations through period,1942-03,0.247831,A,,F
M,GB,GBP,A,0,6,A, Exchange rates against USD United Kingdom - Pound (sterling) - Monthly - Average of observations through period,1942-04,0.247831,A,,F
M,GB,GBP,A,0,6,A, Exchange rates against USD United Kingdom - Pound (sterling) - Monthly - Average of observations through period,1942-05,0.247831,A,,F
M,GB,GBP,A,0,6,A, Exchange rates against USD United Kingdom - Pound (sterling) - Monthly - Average of observations through period,1942-06,0.247831,A,,F
M,GB,GBP,A,0,6,A, Exchange rates against USD United Kingdom - Pound (sterling) - Monthly - Average of observations through period,1942-07,0.247831,A,,F
M,GB,GBP,A,0,6,A, Exchange rates against USD United Kingdom - Pound (sterling) - Monthly - Average of observations through period,1942-08,0.247831,A,,F
M,GB,GBP,A,0,6,A, Exchange rates against USD United Kingdom - Pound (sterling) - Monthly - Average of observations through period,1942-09,0.247831,A,,F
M,GB,GBP,A,0,6,A, Exchange rates against USD United Kingdom - Pound (sterling) - Monthly - Average of observations through period,1942-10,0.247831,A,,F
M,GB,GBP,A,0,6,A, Exchange rates against USD United Kingdom - Pound (sterling) - Monthly - Average of observations through period,1942-11,0.247831,A,,F
M,GB,GBP,A,0,6,A, Exchange rates against USD United Kingdom - Pound (sterling) - Monthly - Average of observations through period,1942-12,0.247831,A,,F
M,GB,GBP,A,0,6,A, Exchange rates against USD United Kingdom - Pound (sterling) - Monthly - Average of observations through period,1943-01,0.247831,A,,F
M,GB,GBP,A,0,6,A, Exchange rates against USD United Kingdom - Pound (sterling) - Monthly - Average of observations through period,1943-02,0.247831,A,,F
M,GB,GBP,A,0,6,A, Exchange rates against USD United Kingdom - Pound (sterling) - Monthly - Average of observations through period,1943-03,0.247831,A,,F
M,GB,GBP,A,0,6,A, Exchange rates against USD United Kingdom - Pound (sterling) - Monthly - Average of observations through period,1943-04,0.247831,A,,F
M,GB,GBP,A,0,6,A, Exchange rates against USD United Kingdom - Pound (sterling) - Monthly - Average of observations through period,1943-05,0.247831,A,,F
M,GB,GBP,A,0,6,A, Exchange rates against USD United Kingdom - Pound (sterling) - Monthly - Average of observations through period,1943-06,0.247831,A,,F
M,GB,GBP,A,0,6,A, Exchange rates against USD United Kingdom - Pound (sterling) - Monthly - Average of observations through period,1943-07,0.247831,A,,F
M,GB,GBP,A,0,6,A, Exchange rates against USD United Kingdom - Pound (sterling) - Monthly - Average of observations through period,1943-08,0.247831,A,,F
M,GB,GBP,A,0,6,A, Exchange rates against USD United Kingdom - Pound (sterling) - Monthly - Average of observations through period,1943-09,0.247831,A,,F
M,GB,GBP,A,0,6,A, Exchange rates against USD United Kingdom - Pound (sterling) - Monthly - Average of observations through period,1943-10,0.247831,A,,F
M,GB,GBP,A,0,6,A, Exchange rates against USD United Kingdom - Pound (sterling) - Monthly - Average of observations through period,1943-11,0.247831,A,,F
M,GB,GBP,A,0,6,A, Exchange rates against USD United Kingdom - Pound (sterling) - Monthly - Average of observations through period,1943-12,0.247831,A,,F
M,GB,GBP,A,0,6,A, Exchange rates against USD United Kingdom - Pound (sterling) - Monthly - Average of observations through period,1944-01,0.247831,A,,F
M,GB,GBP,A,0,6,A, Exchange rates against USD United Kingdom - Pound (sterling) - Monthly - Average of observations through period,1944-02,0.247831,A,,F
M,GB,GBP,A,0,6,A, Exchange rates against USD United Kingdom - Pound (sterling) - Monthly - Average of observations through period,1944-03,0.247831,A,,F
M,GB,GBP,A,0,6,A, Exchange rates against USD United Kingdom - Pound (sterling) - Monthly - Average of observations through period,1944-04,0.247831,A,,F
M,GB,GBP,A,0,6,A, Exchange rates against USD United Kingdom - Pound (sterling) - Monthly - Average of observations through period,1944-05,0.247831,A,,F
M,GB,GBP,A,0,6,A, Exchange rates against USD United Kingdom - Pound (sterling) - Monthly - Average of observations through period,1944-06,0.247831,A,,F
M,GB,GBP,A,0,6,A, Exchange rates against USD United Kingdom - Pound (sterling) - Monthly - Average of observations through period,1944-07,0.247831,A,,F
M,GB,GBP,A,0,6,A, Exchange rates against USD United Kingdom - Pound (sterling) - Monthly - Average of observations through period,1944-08,0.247831,A,,F
M,GB,GBP,A,0,6,A, Exchange rates against USD United Kingdom - Pound (sterling) - Monthly - Average of observations through period,1944-09,0.247831,A,,F
M,GB,GBP,A,0,6,A, Exchange rates against USD United Kingdom - Pound (sterling) - Monthly - Average of observations through period,1944-10,0.247831,A,,F
M,GB,GBP,A,0,6,A, Exchange rates against USD United Kingdom - Pound (sterling) - Monthly - Average of observations through period,1944-11,0.247831,A,,F
M,GB,GBP,A,0,6,A, Exchange rates against USD United Kingdom - Pound (sterling) - Monthly - Average of observations through period,1944-12,0.247831,A,,F
M,GB,GBP,A,0,6,A, Exchange rates against USD United Kingdom - Pound (sterling) - Monthly - Average of observations through period,1945-01,0.247831,A,,F
M,GB,GBP,A,0,6,A, Exchange rates against USD United Kingdom - Pound (sterling) - Monthly - Average of observations through period,1945-02,0.247831,A,,F
M,GB,GBP,A,0,6,A, Exchange rates against USD United Kingdom - Pound (sterling) - Monthly - Average of observations through period,1945-03,0.247831,A,,F
M,GB,GBP,A,0,6,A, Exchange rates against USD United Kingdom - Pound (sterling) - Monthly - Average of observations through period,1945-04,0.247831,A,,F
M,GB,GBP,A,0,6,A, Exchange rates against USD United Kingdom - Pound (sterling) - Monthly - Average of observations through period,1945-05,0.247831,A,,F
M,GB,GBP,A,0,6,A, Exchange rates against USD United Kingdom - Pound (sterling) - Monthly - Average of observations through period,1945-06,0.247831,A,,F
M,GB,GBP,A,0,6,A, Exchange rates against USD United Kingdom - Pound (sterling) - Monthly - Average of observations through period,1945-07,0.248139,A,,F
M,GB,GBP,A,0,6,A, Exchange rates against USD United Kingdom - Pound (sterling) - Monthly - Average of observations through period,1945-08,0.248324,A,,F
M,GB,GBP,A,0,6,A, Exchange rates against USD United Kingdom - Pound (sterling) - Monthly - Average of observations through period,1945-09,0.248447,A,,F
M,GB,GBP,A,0,6,A, Exchange rates against USD United Kingdom - Pound (sterling) - Monthly - Average of observations through period,1945-10,0.248016,A,,F
M,GB,GBP,A,0,6,A, Exchange rates against USD United Kingdom - Pound (sterling) - Monthly - Average of observations through period,1945-11,0.247893,A,,F
M,GB,GBP,A,0,6,A, Exchange rates against USD United Kingdom - Pound (sterling) - Monthly - Average of observations through period,1945-12,0.247893,A,,F
M,GB,GBP,A,0,6,A, Exchange rates against USD United Kingdom - Pound (sterling) - Monthly - Average of observations through period,1946-01,0.247893,A,,F
M,GB,GBP,A,0,6,A, Exchange rates against USD United Kingdom - Pound (sterling) - Monthly - Average of observations through period,1946-02,0.247893,A,,F
M,GB,GBP,A,0,6,A, Exchange rates against USD United Kingdom - Pound (sterling) - Monthly - Average of observations through period,1946-03,0.247893,A,,F
M,GB,GBP,A,0,6,A, Exchange rates against USD United Kingdom - Pound (sterling) - Monthly - Average of observations through period,1946-04,0.247893,A,,F
M,GB,GBP,A,0,6,A, Exchange rates against USD United Kingdom - Pound (sterling) - Monthly - Average of observations through period,1946-05,0.247954,A,,F
M,GB,GBP,A,0,6,A, Exchange rates against USD United Kingdom - Pound (sterling) - Monthly - Average of observations through period,1946-06,0.247893,A,,F
M,GB,GBP,A,0,6,A, Exchange rates against USD United Kingdom - Pound (sterling) - Monthly - Average of observations through period,1946-07,0.247893,A,,F
M,GB,GBP,A,0,6,A, Exchange rates against USD United Kingdom - Pound (sterling) - Monthly - Average of observations through period,1946-08,0.247893,A,,F
M,GB,GBP,A,0,6,A, Exchange rates against USD United Kingdom - Pound (sterling) - Monthly - Average of observations through period,1946-09,0.247954,A,,F
M,GB,GBP,A,0,6,A, Exchange rates against USD United Kingdom - Pound (sterling) - Monthly - Average of observations through period,1946-10,0.248016,A,,F
M,GB,GBP,A,0,6,A, Exchange rates against USD United Kingdom - Pound (sterling) - Monthly - Average of observations through period,1946-11,0.248077,A,,F
M,GB,GBP,A,0,6,A, Exchange rates against USD United Kingdom - Pound (sterling) - Monthly - Average of observations through period,1946-12,0.248201,A,,F
M,GB,GBP,A,0,6,A, Exchange rates against USD United Kingdom - Pound (sterling) - Monthly - Average of observations through period,1947-01,0.248201,A,,F
M,GB,GBP,A,0,6,A, Exchange rates against USD United Kingdom - Pound (sterling) - Monthly - Average of observations through period,1947-02,0.248324,A,,F
M,GB,GBP,A,0,6,A, Exchange rates against USD United Kingdom - Pound (sterling) - Monthly - Average of observations through period,1947-03,0.248324,A,,F
M,GB,GBP,A,0,6,A, Exchange rates against USD United Kingdom - Pound (sterling) - Monthly - Average of observations through period,1947-04,0.248324,A,,F
M,GB,GBP,A,0,6,A, Exchange rates against USD United Kingdom - Pound (sterling) - Monthly - Average of observations through period,1947-05,0.248324,A,,F
M,GB,GBP,A,0,6,A, Exchange rates against USD United Kingdom - Pound (sterling) - Monthly - Average of observations through period,1947-06,0.248324,A,,F
M,GB,GBP,A,0,6,A, Exchange rates against USD United Kingdom - Pound (sterling) - Monthly - Average of observations through period,1947-07,0.249831,A,,F
M,GB,GBP,A,0,6,A, Exchange rates against USD United Kingdom - Pound (sterling) - Monthly - Average of observations through period,1947-08,0.248324,A,,F
M,GB,GBP,A,0,6,A, Exchange rates against USD United Kingdom - Pound (sterling) - Monthly - Average of observations through period,1947-09,0.248139,A,,F
M,GB,GBP,A,0,6,A, Exchange rates against USD United Kingdom - Pound (sterling) - Monthly - Average of observations through period,1947-10,0.248077,A,,F
M,GB,GBP,A,0,6,A, Exchange rates against USD United Kingdom - Pound (sterling) - Monthly - Average of observations through period,1947-11,0.248139,A,,F
M,GB,GBP,A,0,6,A, Exchange rates against USD United Kingdom - Pound (sterling) - Monthly - Average of observations through period,1947-12,0.248077,A,,F
M,GB,GBP,A,0,6,A, Exchange rates against USD United Kingdom - Pound (sterling) - Monthly - Average of observations through period,1948-01,0.248077,A,,F
M,GB,GBP,A,0,6,A, Exchange rates against USD United Kingdom - Pound (sterling) - Monthly - Average of observations through period,1948-02,0.248077,A,,F
M,GB,GBP,A,0,6,A, Exchange rates against USD United Kingdom - Pound (sterling) - Monthly - Average of observations through period,1948-03,0.248077,A,,F
M,GB,GBP,A,0,6,A, Exchange rates against USD United Kingdom - Pound (sterling) - Monthly - Average of observations through period,1948-04,0.248016,A,,F
M,GB,GBP,A,0,6,A, Exchange rates against USD United Kingdom - Pound (sterling) - Monthly - Average of observations through period,1948-05,0.248077,A,,F
M,GB,GBP,A,0,6,A, Exchange rates against USD United Kingdom - Pound (sterling) - Monthly - Average of observations through period,1948-06,0.248077,A,,F
M,GB,GBP,A,0,6,A, Exchange rates against USD United Kingdom - Pound (sterling) - Monthly - Average of observations through period,1948-07,0.248077,A,,F
M,GB,GBP,A,0,6,A, Exchange rates against USD United Kingdom - Pound (sterling) - Monthly - Average of observations through period,1948-08,0.248077,A,,F
M,GB,GBP,A,0,6,A, Exchange rates against USD United Kingdom - Pound (sterling) - Monthly - Average of observations through period,1948-09,0.248077,A,,F
M,GB,GBP,A,0,6,A, Exchange rates against USD United Kingdom - Pound (sterling) - Monthly - Average of observations through period,1948-10,0.248077,A,,F
M,GB,GBP,A,0,6,A, Exchange rates against USD United Kingdom - Pound (sterling) - Monthly - Average of observations through period,1948-11,0.248077,A,,F
M,GB,GBP,A,0,6,A, Exchange rates against USD United Kingdom - Pound (sterling) - Monthly - Average of observations through period,1948-12,0.248077,A,,F
M,GB,GBP,A,0,6,A, Exchange rates against USD United Kingdom - Pound (sterling) - Monthly - Average of observations through period,1949-01,0.248077,A,,F
M,GB,GBP,A,0,6,A, Exchange rates against USD United Kingdom - Pound (sterling) - Monthly - Average of observations through period,1949-02,0.248077,A,,F
M,GB,GBP,A,0,6,A, Exchange rates against USD United Kingdom - Pound (sterling) - Monthly - Average of observations through period,1949-03,0.248077,A,,F
M,GB,GBP,A,0,6,A, Exchange rates against USD United Kingdom - Pound (sterling) - Monthly - Average of observations through period,1949-04,0.248139,A,,F
M,GB,GBP,A,0,6,A, Exchange rates against USD United Kingdom - Pound (sterling) - Monthly - Average of observations through period,1949-05,0.248139,A,,F
M,GB,GBP,A,0,6,A, Exchange rates against USD United Kingdom - Pound (sterling) - Monthly - Average of observations through period,1949-06,0.248201,A,,F
M,GB,GBP,A,0,6,A, Exchange rates against USD United Kingdom - Pound (sterling) - Monthly - Average of observations through period,1949-07,0.248139,A,,F
M,GB,GBP,A,0,6,A, Exchange rates against USD United Kingdom - Pound (sterling) - Monthly - Average of observations through period,1949-08,0.248201,A,,F
M,GB,GBP,A,0,6,A, Exchange rates against USD United Kingdom - Pound (sterling) - Monthly - Average of observations through period,1949-09,0.29036,A,,F
M,GB,GBP,A,0,6,A, Exchange rates against USD United Kingdom - Pound (sterling) - Monthly - Average of observations through period,1949-10,0.357015,A,,F
M,GB,GBP,A,0,6,A, Exchange rates against USD United Kingdom - Pound (sterling) - Monthly - Average of observations through period,1949-11,0.357015,A,,F
M,GB,GBP,A,0,6,A, Exchange rates against USD United Kingdom - Pound (sterling) - Monthly - Average of observations through period,1949-12,0.357015,A,,F
M,GB,GBP,A,0,6,A, Exchange rates against USD United Kingdom - Pound (sterling) - Monthly - Average of observations through period,1950-01,0.357015,A,,F
M,GB,GBP,A,0,6,A, Exchange rates against USD United Kingdom - Pound (sterling) - Monthly - Average of observations through period,1950-02,0.357015,A,,F
M,GB,GBP,A,0,6,A, Exchange rates against USD United Kingdom - Pound (sterling) - Monthly - Average of observations through period,1950-03,0.357015,A,,F
M,GB,GBP,A,0,6,A, Exchange rates against USD United Kingdom - Pound (sterling) - Monthly - Average of observations through period,1950-04,0.357015,A,,F
M,GB,GBP,A,0,6,A, Exchange rates against USD United Kingdom - Pound (sterling) - Monthly - Average of observations through period,1950-05,0.357015,A,,F
M,GB,GBP,A,0,6,A, Exchange rates against USD United Kingdom - Pound (sterling) - Monthly - Average of observations through period,1950-06,0.357015,A,,F
M,GB,GBP,A,0,6,A, Exchange rates against USD United Kingdom - Pound (sterling) - Monthly - Average of observations through period,1950-07,0.357015,A,,F
M,GB,GBP,A,0,6,A, Exchange rates against USD United Kingdom - Pound (sterling) - Monthly - Average of observations through period,1950-08,0.357015,A,,F
M,GB,GBP,A,0,6,A, Exchange rates against USD United Kingdom - Pound (sterling) - Monthly - Average of observations through period,1950-09,0.357015,A,,F
M,GB,GBP,A,0,6,A, Exchange rates against USD United Kingdom - Pound (sterling) - Monthly - Average of observations through period,1950-10,0.357015,A,,F
M,GB,GBP,A,0,6,A, Exchange rates against USD United Kingdom - Pound (sterling) - Monthly - Average of observations through period,1950-11,0.357015,A,,F
M,GB,GBP,A,0,6,A, Exchange rates against USD United Kingdom - Pound (sterling) - Monthly - Average of observations through period,1950-12,0.357143,A,,F
M,GB,GBP,A,0,6,A, Exchange rates against USD United Kingdom - Pound (sterling) - Monthly - Average of observations through period,1951-01,0.357143,A,,F
M,GB,GBP,A,0,6,A, Exchange rates against USD United Kingdom - Pound (sterling) - Monthly - Average of observations through period,1951-02,0.357015,A,,F
M,GB,GBP,A,0,6,A, Exchange rates against USD United Kingdom - Pound (sterling) - Monthly - Average of observations through period,1951-03,0.357015,A,,F
M,GB,GBP,A,0,6,A, Exchange rates against USD United Kingdom - Pound (sterling) - Monthly - Average of observations through period,1951-04,0.357015,A,,F
M,GB,GBP,A,0,6,A, Exchange rates against USD United Kingdom - Pound (sterling) - Monthly - Average of observations through period,1951-05,0.357015,A,,F
M,GB,GBP,A,0,6,A, Exchange rates against USD United Kingdom - Pound (sterling) - Monthly - Average of observations through period,1951-06,0.357015,A,,F
M,GB,GBP,A,0,6,A, Exchange rates against USD United Kingdom - Pound (sterling) - Monthly - Average of observations through period,1951-07,0.357015,A,,F
M,GB,GBP,A,0,6,A, Exchange rates against USD United Kingdom - Pound (sterling) - Monthly - Average of observations through period,1951-08,0.35727,A,,F
M,GB,GBP,A,0,6,A, Exchange rates against USD United Kingdom - Pound (sterling) - Monthly - Average of observations through period,1951-09,0.35727,A,,F
M,GB,GBP,A,0,6,A, Exchange rates against USD United Kingdom - Pound (sterling) - Monthly - Average of observations through period,1951-10,0.35727,A,,F
M,GB,GBP,A,0,6,A, Exchange rates against USD United Kingdom - Pound (sterling) - Monthly - Average of observations through period,1951-11,0.357143,A,,F
M,GB,GBP,A,0,6,A, Exchange rates against USD United Kingdom - Pound (sterling) - Monthly - Average of observations through period,1951-12,0.357782,A,,F
M,GB,GBP,A,0,6,A, Exchange rates against USD United Kingdom - Pound (sterling) - Monthly - Average of observations through period,1952-01,0.359583,A,,F
M,GB,GBP,A,0,6,A, Exchange rates against USD United Kingdom - Pound (sterling) - Monthly - Average of observations through period,1952-02,0.359583,A,,F
M,GB,GBP,A,0,6,A, Exchange rates against USD United Kingdom - Pound (sterling) - Monthly - Average of observations through period,1952-03,0.357526,A,,F
M,GB,GBP,A,0,6,A, Exchange rates against USD United Kingdom - Pound (sterling) - Monthly - Average of observations through period,1952-04,0.356125,A,,F
M,GB,GBP,A,0,6,A, Exchange rates against USD United Kingdom - Pound (sterling) - Monthly - Average of observations through period,1952-05,0.357015,A,,F
M,GB,GBP,A,0,6,A, Exchange rates against USD United Kingdom - Pound (sterling) - Monthly - Average of observations through period,1952-06,0.359066,A,,F
M,GB,GBP,A,0,6,A, Exchange rates against USD United Kingdom - Pound (sterling) - Monthly - Average of observations through period,1952-07,0.35868,A,,F
M,GB,GBP,A,0,6,A, Exchange rates against USD United Kingdom - Pound (sterling) - Monthly - Average of observations through period,1952-08,0.35868,A,,F
M,GB,GBP,A,0,6,A, Exchange rates against USD United Kingdom - Pound (sterling) - Monthly - Average of observations through period,1952-09,0.359324,A,,F
M,GB,GBP,A,0,6,A, Exchange rates against USD United Kingdom - Pound (sterling) - Monthly - Average of observations through period,1952-10,0.358038,A,,F
M,GB,GBP,A,0,6,A, Exchange rates against USD United Kingdom - Pound (sterling) - Monthly - Average of observations through period,1952-11,0.357143,A,,F
M,GB,GBP,A,0,6,A, Exchange rates against USD United Kingdom - Pound (sterling) - Monthly - Average of observations through period,1952-12,0.356379,A,,F
M,GB,GBP,A,0,6,A, Exchange rates against USD United Kingdom - Pound (sterling) - Monthly - Average of observations through period,1953-01,0.355492,A,,F
M,GB,GBP,A,0,6,A, Exchange rates against USD United Kingdom - Pound (sterling) - Monthly - Average of observations through period,1953-02,0.354736,A,,F
M,GB,GBP,A,0,6,A, Exchange rates against USD United Kingdom - Pound (sterling) - Monthly - Average of observations through period,1953-03,0.355114,A,,F
M,GB,GBP,A,0,6,A, Exchange rates against USD United Kingdom - Pound (sterling) - Monthly - Average of observations through period,1953-04,0.354988,A,,F
M,GB,GBP,A,0,6,A, Exchange rates against USD United Kingdom - Pound (sterling) - Monthly - Average of observations through period,1953-05,0.355366,A,,F
M,GB,GBP,A,0,6,A, Exchange rates against USD United Kingdom - Pound (sterling) - Monthly - Average of observations through period,1953-06,0.355366,A,,F
M,GB,GBP,A,0,6,A, Exchange rates against USD United Kingdom - Pound (sterling) - Monthly - Average of observations through period,1953-07,0.35524,A,,F
M,GB,GBP,A,0,6,A, Exchange rates against USD United Kingdom - Pound (sterling) - Monthly - Average of observations through period,1953-08,0.358944,A,,F
M,GB,GBP,A,0,6,A, Exchange rates against USD United Kingdom - Pound (sterling) - Monthly - Average of observations through period,1953-09,0.359282,A,,F
M,GB,GBP,A,0,6,A, Exchange rates against USD United Kingdom - Pound (sterling) - Monthly - Average of observations through period,1953-10,0.35906,A,,F
M,GB,GBP,A,0,6,A, Exchange rates against USD United Kingdom - Pound (sterling) - Monthly - Average of observations through period,1953-11,0.358602,A,,F
M,GB,GBP,A,0,6,A, Exchange rates against USD United Kingdom - Pound (sterling) - Monthly - Average of observations through period,1953-12,0.359052,A,,F
M,GB,GBP,A,0,6,A, Exchange rates against USD United Kingdom - Pound (sterling) - Monthly - Average of observations through period,1954-01,0.359316,A,,F
M,GB,GBP,A,0,6,A, Exchange rates against USD United Kingdom - Pound (sterling) - Monthly - Average of observations through period,1954-02,0.358904,A,,F
M,GB,GBP,A,0,6,A, Exchange rates against USD United Kingdom - Pound (sterling) - Monthly - Average of observations through period,1954-03,0.358513,A,,F
M,GB,GBP,A,0,6,A, Exchange rates against USD United Kingdom - Pound (sterling) - Monthly - Average of observations through period,1954-04,0.357603,A,,F
M,GB,GBP,A,0,6,A, Exchange rates against USD United Kingdom - Pound (sterling) - Monthly - Average of observations through period,1954-05,0.357234,A,,F
M,GB,GBP,A,0,6,A, Exchange rates against USD United Kingdom - Pound (sterling) - Monthly - Average of observations through period,1954-06,0.357607,A,,F
M,GB,GBP,A,0,6,A, Exchange rates against USD United Kingdom - Pound (sterling) - Monthly - Average of observations through period,1954-07,0.358113,A,,F
M,GB,GBP,A,0,6,A, Exchange rates against USD United Kingdom - Pound (sterling) - Monthly - Average of observations through period,1954-08,0.358101,A,,F
M,GB,GBP,A,0,6,A, Exchange rates against USD United Kingdom - Pound (sterling) - Monthly - Average of observations through period,1954-09,0.357662,A,,F
M,GB,GBP,A,0,6,A, Exchange rates against USD United Kingdom - Pound (sterling) - Monthly - Average of observations through period,1954-10,0.357168,A,,F
M,GB,GBP,A,0,6,A, Exchange rates against USD United Kingdom - Pound (sterling) - Monthly - Average of observations through period,1954-11,0.356735,A,,F
M,GB,GBP,A,0,6,A, Exchange rates against USD United Kingdom - Pound (sterling) - Monthly - Average of observations through period,1954-12,0.357047,A,,F
M,GB,GBP,A,0,6,A, Exchange rates against USD United Kingdom - Pound (sterling) - Monthly - Average of observations through period,1955-01,0.357361,A,,F
M,GB,GBP,A,0,6,A, Exchange rates against USD United Kingdom - Pound (sterling) - Monthly - Average of observations through period,1955-02,0.356988,A,,F
M,GB,GBP,A,0,6,A, Exchange rates against USD United Kingdom - Pound (sterling) - Monthly - Average of observations through period,1955-03,0.356347,A,,F
M,GB,GBP,A,0,6,A, Exchange rates against USD United Kingdom - Pound (sterling) - Monthly - Average of observations through period,1955-04,0.356992,A,,F
M,GB,GBP,A,0,6,A, Exchange rates against USD United Kingdom - Pound (sterling) - Monthly - Average of observations through period,1955-05,0.358296,A,,F
M,GB,GBP,A,0,6,A, Exchange rates against USD United Kingdom - Pound (sterling) - Monthly - Average of observations through period,1955-06,0.359649,A,,F
M,GB,GBP,A,0,6,A, Exchange rates against USD United Kingdom - Pound (sterling) - Monthly - Average of observations through period,1955-07,0.360575,A,,F
M,GB,GBP,A,0,6,A, Exchange rates against USD United Kingdom - Pound (sterling) - Monthly - Average of observations through period,1955-08,0.360394,A,,F
M,GB,GBP,A,0,6,A, Exchange rates against USD United Kingdom - Pound (sterling) - Monthly - Average of observations through period,1955-09,0.360442,A,,F
M,GB,GBP,A,0,6,A, Exchange rates against USD United Kingdom - Pound (sterling) - Monthly - Average of observations through period,1955-10,0.359552,A,,F
M,GB,GBP,A,0,6,A, Exchange rates against USD United Kingdom - Pound (sterling) - Monthly - Average of observations through period,1955-11,0.358903,A,,F
M,GB,GBP,A,0,6,A, Exchange rates against USD United Kingdom - Pound (sterling) - Monthly - Average of observations through period,1955-12,0.359105,A,,F
M,GB,GBP,A,0,6,A, Exchange rates against USD United Kingdom - Pound (sterling) - Monthly - Average of observations through period,1956-01,0.359312,A,,F
M,GB,GBP,A,0,6,A, Exchange rates against USD United Kingdom - Pound (sterling) - Monthly - Average of observations through period,1956-02,0.359609,A,,F
M,GB,GBP,A,0,6,A, Exchange rates against USD United Kingdom - Pound (sterling) - Monthly - Average of observations through period,1956-03,0.359695,A,,F
M,GB,GBP,A,0,6,A, Exchange rates against USD United Kingdom - Pound (sterling) - Monthly - Average of observations through period,1956-04,0.359213,A,,F
M,GB,GBP,A,0,6,A, Exchange rates against USD United Kingdom - Pound (sterling) - Monthly - Average of observations through period,1956-05,0.359051,A,,F
M,GB,GBP,A,0,6,A, Exchange rates against USD United Kingdom - Pound (sterling) - Monthly - Average of observations through period,1956-06,0.359315,A,,F
M,GB,GBP,A,0,6,A, Exchange rates against USD United Kingdom - Pound (sterling) - Monthly - Average of observations through period,1956-07,0.359102,A,,F
M,GB,GBP,A,0,6,A, Exchange rates against USD United Kingdom - Pound (sterling) - Monthly - Average of observations through period,1956-08,0.358633,A,,F
M,GB,GBP,A,0,6,A, Exchange rates against USD United Kingdom - Pound (sterling) - Monthly - Average of observations through period,1956-09,0.358475,A,,F
M,GB,GBP,A,0,6,A, Exchange rates against USD United Kingdom - Pound (sterling) - Monthly - Average of observations through period,1956-10,0.358216,A,,F
M,GB,GBP,A,0,6,A, Exchange rates against USD United Kingdom - Pound (sterling) - Monthly - Average of observations through period,1956-11,0.358653,A,,F
M,GB,GBP,A,0,6,A, Exchange rates against USD United Kingdom - Pound (sterling) - Monthly - Average of observations through period,1956-12,0.358395,A,,F
M,GB,GBP,A,0,6,A, Exchange rates against USD United Kingdom - Pound (sterling) - Monthly - Average of observations through period,1957-01,0.357713,A,,F
M,GB,GBP,A,0,6,A, Exchange rates against USD United Kingdom - Pound (sterling) - Monthly - Average of observations through period,1957-02,0.357485,A,,F
M,GB,GBP,A,0,6,A, Exchange rates against USD United Kingdom - Pound (sterling) - Monthly - Average of observations through period,1957-03,0.357593,A,,F
M,GB,GBP,A,0,6,A, Exchange rates against USD United Kingdom - Pound (sterling) - Monthly - Average of observations through period,1957-04,0.357478,A,,F
M,GB,GBP,A,0,6,A, Exchange rates against USD United Kingdom - Pound (sterling) - Monthly - Average of observations through period,1957-05,0.357743,A,,F
M,GB,GBP,A,0,6,A, Exchange rates against USD United Kingdom - Pound (sterling) - Monthly - Average of observations through period,1957-06,0.358552,A,,F
M,GB,GBP,A,0,6,A, Exchange rates against USD United Kingdom - Pound (sterling) - Monthly - Average of observations through period,1957-07,0.359711,A,,F
M,GB,GBP,A,0,6,A, Exchange rates against USD United Kingdom - Pound (sterling) - Monthly - Average of observations through period,1957-08,0.359834,A,,F
M,GB,GBP,A,0,6,A, Exchange rates against USD United Kingdom - Pound (sterling) - Monthly - Average of observations through period,1957-09,0.359571,A,,F
M,GB,GBP,A,0,6,A, Exchange rates against USD United Kingdom - Pound (sterling) - Monthly - Average of observations through period,1957-10,0.357238,A,,F
M,GB,GBP,A,0,6,A, Exchange rates against USD United Kingdom - Pound (sterling) - Monthly - Average of observations through period,1957-11,0.356883,A,,F
M,GB,GBP,A,0,6,A, Exchange rates against USD United Kingdom - Pound (sterling) - Monthly - Average of observations through period,1957-12,0.357151,A,,F
M,GB,GBP,A,0,6,A, Exchange rates against USD United Kingdom - Pound (sterling) - Monthly - Average of observations through period,1958-01,0.35687,A,,F
M,GB,GBP,A,0,6,A, Exchange rates against USD United Kingdom - Pound (sterling) - Monthly - Average of observations through period,1958-02,0.356904,A,,F
M,GB,GBP,A,0,6,A, Exchange rates against USD United Kingdom - Pound (sterling) - Monthly - Average of observations through period,1958-03,0.357305,A,,F
M,GB,GBP,A,0,6,A, Exchange rates against USD United Kingdom - Pound (sterling) - Monthly - Average of observations through period,1958-04,0.357805,A,,F
M,GB,GBP,A,0,6,A, Exchange rates against USD United Kingdom - Pound (sterling) - Monthly - Average of observations through period,1958-05,0.357779,A,,F
M,GB,GBP,A,0,6,A, Exchange rates against USD United Kingdom - Pound (sterling) - Monthly - Average of observations through period,1958-06,0.358287,A,,F
M,GB,GBP,A,0,6,A, Exchange rates against USD United Kingdom - Pound (sterling) - Monthly - Average of observations through period,1958-07,0.358847,A,,F
M,GB,GBP,A,0,6,A, Exchange rates against USD United Kingdom - Pound (sterling) - Monthly - Average of observations through period,1958-08,0.358373,A,,F
M,GB,GBP,A,0,6,A, Exchange rates against USD United Kingdom - Pound (sterling) - Monthly - Average of observations through period,1958-09,0.358292,A,,F
M,GB,GBP,A,0,6,A, Exchange rates against USD United Kingdom - Pound (sterling) - Monthly - Average of observations through period,1958-10,0.358009,A,,F
M,GB,GBP,A,0,6,A, Exchange rates against USD United Kingdom - Pound (sterling) - Monthly - Average of observations through period,1958-11,0.357627,A,,F
M,GB,GBP,A,0,6,A, Exchange rates against USD United Kingdom - Pound (sterling) - Monthly - Average of observations through period,1958-12,0.357582,A,,F
M,GB,GBP,A,0,6,A, Exchange rates against USD United Kingdom - Pound (sterling) - Monthly - Average of observations through period,1959-01,0.356302,A,,F
M,GB,GBP,A,0,6,A, Exchange rates against USD United Kingdom - Pound (sterling) - Monthly - Average of observations through period,1959-02,0.355945,A,,F
M,GB,GBP,A,0,6,A, Exchange rates against USD United Kingdom - Pound (sterling) - Monthly - Average of observations through period,1959-03,0.355566,A,,F
M,GB,GBP,A,0,6,A, Exchange rates against USD United Kingdom - Pound (sterling) - Monthly - Average of observations through period,1959-04,0.355052,A,,F
M,GB,GBP,A,0,6,A, Exchange rates against USD United Kingdom - Pound (sterling) - Monthly - Average of observations through period,1959-05,0.3553,A,,F
M,GB,GBP,A,0,6,A, Exchange rates against USD United Kingdom - Pound (sterling) - Monthly - Average of observations through period,1959-06,0.355529,A,,F
M,GB,GBP,A,0,6,A, Exchange rates against USD United Kingdom - Pound (sterling) - Monthly - Average of observations through period,1959-07,0.355651,A,,F
M,GB,GBP,A,0,6,A, Exchange rates against USD United Kingdom - Pound (sterling) - Monthly - Average of observations through period,1959-08,0.355893,A,,F
M,GB,GBP,A,0,6,A, Exchange rates against USD United Kingdom - Pound (sterling) - Monthly - Average of observations through period,1959-09,0.356683,A,,F
M,GB,GBP,A,0,6,A, Exchange rates against USD United Kingdom - Pound (sterling) - Monthly - Average of observations through period,1959-10,0.356295,A,,F
M,GB,GBP,A,0,6,A, Exchange rates against USD United Kingdom - Pound (sterling) - Monthly - Average of observations through period,1959-11,0.356782,A,,F
M,GB,GBP,A,0,6,A, Exchange rates against USD United Kingdom - Pound (sterling) - Monthly - Average of observations through period,1959-12,0.357315,A,,F
M,GB,GBP,A,0,6,A, Exchange rates against USD United Kingdom - Pound (sterling) - Monthly - Average of observations through period,1960-01,0.357136,A,,F
M,GB,GBP,A,0,6,A, Exchange rates against USD United Kingdom - Pound (sterling) - Monthly - Average of observations through period,1960-02,0.356712,A,,F
M,GB,GBP,A,0,6,A, Exchange rates against USD United Kingdom - Pound (sterling) - Monthly - Average of observations through period,1960-03,0.356403,A,,F
M,GB,GBP,A,0,6,A, Exchange rates against USD United Kingdom - Pound (sterling) - Monthly - Average of observations through period,1960-04,0.355929,A,,F
M,GB,GBP,A,0,6,A, Exchange rates against USD United Kingdom - Pound (sterling) - Monthly - Average of observations through period,1960-05,0.356353,A,,F
M,GB,GBP,A,0,6,A, Exchange rates against USD United Kingdom - Pound (sterling) - Monthly - Average of observations through period,1960-06,0.35679,A,,F
M,GB,GBP,A,0,6,A, Exchange rates against USD United Kingdom - Pound (sterling) - Monthly - Average of observations through period,1960-07,0.356098,A,,F
M,GB,GBP,A,0,6,A, Exchange rates against USD United Kingdom - Pound (sterling) - Monthly - Average of observations through period,1960-08,0.355846,A,,F
M,GB,GBP,A,0,6,A, Exchange rates against USD United Kingdom - Pound (sterling) - Monthly - Average of observations through period,1960-09,0.355534,A,,F
M,GB,GBP,A,0,6,A, Exchange rates against USD United Kingdom - Pound (sterling) - Monthly - Average of observations through period,1960-10,0.355707,A,,F
M,GB,GBP,A,0,6,A, Exchange rates against USD United Kingdom - Pound (sterling) - Monthly - Average of observations through period,1960-11,0.355396,A,,F
M,GB,GBP,A,0,6,A, Exchange rates against USD United Kingdom - Pound (sterling) - Monthly - Average of observations through period,1960-12,0.356164,A,,F
M,GB,GBP,A,0,6,A, Exchange rates against USD United Kingdom - Pound (sterling) - Monthly - Average of observations through period,1961-01,0.35632,A,,F
M,GB,GBP,A,0,6,A, Exchange rates against USD United Kingdom - Pound (sterling) - Monthly - Average of observations through period,1961-02,0.357101,A,,F
M,GB,GBP,A,0,6,A, Exchange rates against USD United Kingdom - Pound (sterling) - Monthly - Average of observations through period,1961-03,0.357522,A,,F
M,GB,GBP,A,0,6,A, Exchange rates against USD United Kingdom - Pound (sterling) - Monthly - Average of observations through period,1961-04,0.357382,A,,F
M,GB,GBP,A,0,6,A, Exchange rates against USD United Kingdom - Pound (sterling) - Monthly - Average of observations through period,1961-05,0.357938,A,,F
M,GB,GBP,A,0,6,A, Exchange rates against USD United Kingdom - Pound (sterling) - Monthly - Average of observations through period,1961-06,0.358442,A,,F
M,GB,GBP,A,0,6,A, Exchange rates against USD United Kingdom - Pound (sterling) - Monthly - Average of observations through period,1961-07,0.358786,A,,F
M,GB,GBP,A,0,6,A, Exchange rates against USD United Kingdom - Pound (sterling) - Monthly - Average of observations through period,1961-08,0.356816,A,,F
M,GB,GBP,A,0,6,A, Exchange rates against USD United Kingdom - Pound (sterling) - Monthly - Average of observations through period,1961-09,0.355652,A,,F
M,GB,GBP,A,0,6,A, Exchange rates against USD United Kingdom - Pound (sterling) - Monthly - Average of observations through period,1961-10,0.355218,A,,F
M,GB,GBP,A,0,6,A, Exchange rates against USD United Kingdom - Pound (sterling) - Monthly - Average of observations through period,1961-11,0.355271,A,,F
M,GB,GBP,A,0,6,A, Exchange rates against USD United Kingdom - Pound (sterling) - Monthly - Average of observations through period,1961-12,0.35591,A,,F
M,GB,GBP,A,0,6,A, Exchange rates against USD United Kingdom - Pound (sterling) - Monthly - Average of observations through period,1962-01,0.355785,A,,F
M,GB,GBP,A,0,6,A, Exchange rates against USD United Kingdom - Pound (sterling) - Monthly - Average of observations through period,1962-02,0.355311,A,,F
M,GB,GBP,A,0,6,A, Exchange rates against USD United Kingdom - Pound (sterling) - Monthly - Average of observations through period,1962-03,0.355232,A,,F
M,GB,GBP,A,0,6,A, Exchange rates against USD United Kingdom - Pound (sterling) - Monthly - Average of observations through period,1962-04,0.355386,A,,F
M,GB,GBP,A,0,6,A, Exchange rates against USD United Kingdom - Pound (sterling) - Monthly - Average of observations through period,1962-05,0.355592,A,,F
M,GB,GBP,A,0,6,A, Exchange rates against USD United Kingdom - Pound (sterling) - Monthly - Average of observations through period,1962-06,0.35609,A,,F
M,GB,GBP,A,0,6,A, Exchange rates against USD United Kingdom - Pound (sterling) - Monthly - Average of observations through period,1962-07,0.356285,A,,F
M,GB,GBP,A,0,6,A, Exchange rates against USD United Kingdom - Pound (sterling) - Monthly - Average of observations through period,1962-08,0.356642,A,,F
M,GB,GBP,A,0,6,A, Exchange rates against USD United Kingdom - Pound (sterling) - Monthly - Average of observations through period,1962-09,0.357013,A,,F
M,GB,GBP,A,0,6,A, Exchange rates against USD United Kingdom - Pound (sterling) - Monthly - Average of observations through period,1962-10,0.356939,A,,F
M,GB,GBP,A,0,6,A, Exchange rates against USD United Kingdom - Pound (sterling) - Monthly - Average of observations through period,1962-11,0.356886,A,,F
M,GB,GBP,A,0,6,A, Exchange rates against USD United Kingdom - Pound (sterling) - Monthly - Average of observations through period,1962-12,0.356704,A,,F
M,GB,GBP,A,0,6,A, Exchange rates against USD United Kingdom - Pound (sterling) - Monthly - Average of observations through period,1963-01,0.356529,A,,F
M,GB,GBP,A,0,6,A, Exchange rates against USD United Kingdom - Pound (sterling) - Monthly - Average of observations through period,1963-02,0.3567,A,,F
M,GB,GBP,A,0,6,A, Exchange rates against USD United Kingdom - Pound (sterling) - Monthly - Average of observations through period,1963-03,0.357067,A,,F
M,GB,GBP,A,0,6,A, Exchange rates against USD United Kingdom - Pound (sterling) - Monthly - Average of observations through period,1963-04,0.357043,A,,F
M,GB,GBP,A,0,6,A, Exchange rates against USD United Kingdom - Pound (sterling) - Monthly - Average of observations through period,1963-05,0.357182,A,,F
M,GB,GBP,A,0,6,A, Exchange rates against USD United Kingdom - Pound (sterling) - Monthly - Average of observations through period,1963-06,0.357106,A,,F
M,GB,GBP,A,0,6,A, Exchange rates against USD United Kingdom - Pound (sterling) - Monthly - Average of observations through period,1963-07,0.357023,A,,F
M,GB,GBP,A,0,6,A, Exchange rates against USD United Kingdom - Pound (sterling) - Monthly - Average of observations through period,1963-08,0.357181,A,,F
M,GB,GBP,A,0,6,A, Exchange rates against USD United Kingdom - Pound (sterling) - Monthly - Average of observations through period,1963-09,0.357428,A,,F
M,GB,GBP,A,0,6,A, Exchange rates against USD United Kingdom - Pound (sterling) - Monthly - Average of observations through period,1963-10,0.357417,A,,F
M,GB,GBP,A,0,6,A, Exchange rates against USD United Kingdom - Pound (sterling) - Monthly - Average of observations through period,1963-11,0.35741,A,,F
M,GB,GBP,A,0,6,A, Exchange rates against USD United Kingdom - Pound (sterling) - Monthly - Average of observations through period,1963-12,0.357571,A,,F
M,GB,GBP,A,0,6,A, Exchange rates against USD United Kingdom - Pound (sterling) - Monthly - Average of observations through period,1964-01,0.357358,A,,F
M,GB,GBP,A,0,6,A, Exchange rates against USD United Kingdom - Pound (sterling) - Monthly - Average of observations through period,1964-02,0.357511,A,,F
M,GB,GBP,A,0,6,A, Exchange rates against USD United Kingdom - Pound (sterling) - Monthly - Average of observations through period,1964-03,0.357381,A,,F
M,GB,GBP,A,0,6,A, Exchange rates against USD United Kingdom - Pound (sterling) - Monthly - Average of observations through period,1964-04,0.35727,A,,F
M,GB,GBP,A,0,6,A, Exchange rates against USD United Kingdom - Pound (sterling) - Monthly - Average of observations through period,1964-05,0.357206,A,,F
M,GB,GBP,A,0,6,A, Exchange rates against USD United Kingdom - Pound (sterling) - Monthly - Average of observations through period,1964-06,0.357874,A,,F
M,GB,GBP,A,0,6,A, Exchange rates against USD United Kingdom - Pound (sterling) - Monthly - Average of observations through period,1964-07,0.358442,A,,F
M,GB,GBP,A,0,6,A, Exchange rates against USD United Kingdom - Pound (sterling) - Monthly - Average of observations through period,1964-08,0.358844,A,,F
M,GB,GBP,A,0,6,A, Exchange rates against USD United Kingdom - Pound (sterling) - Monthly - Average of observations through period,1964-09,0.359249,A,,F
M,GB,GBP,A,0,6,A, Exchange rates against USD United Kingdom - Pound (sterling) - Monthly - Average of observations through period,1964-10,0.359256,A,,F
M,GB,GBP,A,0,6,A, Exchange rates against USD United Kingdom - Pound (sterling) - Monthly - Average of observations through period,1964-11,0.359045,A,,F
M,GB,GBP,A,0,6,A, Exchange rates against USD United Kingdom - Pound (sterling) - Monthly - Average of observations through period,1964-12,0.358371,A,,F
M,GB,GBP,A,0,6,A, Exchange rates against USD United Kingdom - Pound (sterling) - Monthly - Average of observations through period,1965-01,0.358267,A,,F
M,GB,GBP,A,0,6,A, Exchange rates against USD United Kingdom - Pound (sterling) - Monthly - Average of observations through period,1965-02,0.357786,A,,F
M,GB,GBP,A,0,6,A, Exchange rates against USD United Kingdom - Pound (sterling) - Monthly - Average of observations through period,1965-03,0.358165,A,,F
M,GB,GBP,A,0,6,A, Exchange rates against USD United Kingdom - Pound (sterling) - Monthly - Average of observations through period,1965-04,0.357715,A,,F
M,GB,GBP,A,0,6,A, Exchange rates against USD United Kingdom - Pound (sterling) - Monthly - Average of observations through period,1965-05,0.357529,A,,F
M,GB,GBP,A,0,6,A, Exchange rates against USD United Kingdom - Pound (sterling) - Monthly - Average of observations through period,1965-06,0.35812,A,,F
M,GB,GBP,A,0,6,A, Exchange rates against USD United Kingdom - Pound (sterling) - Monthly - Average of observations through period,1965-07,0.358316,A,,F
M,GB,GBP,A,0,6,A, Exchange rates against USD United Kingdom - Pound (sterling) - Monthly - Average of observations through period,1965-08,0.358333,A,,F
M,GB,GBP,A,0,6,A, Exchange rates against USD United Kingdom - Pound (sterling) - Monthly - Average of observations through period,1965-09,0.357613,A,,F
M,GB,GBP,A,0,6,A, Exchange rates against USD United Kingdom - Pound (sterling) - Monthly - Average of observations through period,1965-10,0.356758,A,,F
M,GB,GBP,A,0,6,A, Exchange rates against USD United Kingdom - Pound (sterling) - Monthly - Average of observations through period,1965-11,0.35666,A,,F
M,GB,GBP,A,0,6,A, Exchange rates against USD United Kingdom - Pound (sterling) - Monthly - Average of observations through period,1965-12,0.356871,A,,F
M,GB,GBP,A,0,6,A, Exchange rates against USD United Kingdom - Pound (sterling) - Monthly - Average of observations through period,1966-01,0.356636,A,,F
M,GB,GBP,A,0,6,A, Exchange rates against USD United Kingdom - Pound (sterling) - Monthly - Average of observations through period,1966-02,0.356825,A,,F
M,GB,GBP,A,0,6,A, Exchange rates against USD United Kingdom - Pound (sterling) - Monthly - Average of observations through period,1966-03,0.35773,A,,F
M,GB,GBP,A,0,6,A, Exchange rates against USD United Kingdom - Pound (sterling) - Monthly - Average of observations through period,1966-04,0.357961,A,,F
M,GB,GBP,A,0,6,A, Exchange rates against USD United Kingdom - Pound (sterling) - Monthly - Average of observations through period,1966-05,0.358117,A,,F
M,GB,GBP,A,0,6,A, Exchange rates against USD United Kingdom - Pound (sterling) - Monthly - Average of observations through period,1966-06,0.358445,A,,F
M,GB,GBP,A,0,6,A, Exchange rates against USD United Kingdom - Pound (sterling) - Monthly - Average of observations through period,1966-07,0.35861,A,,F
M,GB,GBP,A,0,6,A, Exchange rates against USD United Kingdom - Pound (sterling) - Monthly - Average of observations through period,1966-08,0.358567,A,,F
M,GB,GBP,A,0,6,A, Exchange rates against USD United Kingdom - Pound (sterling) - Monthly - Average of observations through period,1966-09,0.358524,A,,F
M,GB,GBP,A,0,6,A, Exchange rates against USD United Kingdom - Pound (sterling) - Monthly - Average of observations through period,1966-10,0.358184,A,,F
M,GB,GBP,A,0,6,A, Exchange rates against USD United Kingdom - Pound (sterling) - Monthly - Average of observations through period,1966-11,0.358286,A,,F
M,GB,GBP,A,0,6,A, Exchange rates against USD United Kingdom - Pound (sterling) - Monthly - Average of observations through period,1966-12,0.358414,A,,F
M,GB,GBP,A,0,6,A, Exchange rates against USD United Kingdom - Pound (sterling) - Monthly - Average of observations through period,1967-01,0.35831,A,,F
M,GB,GBP,A,0,6,A, Exchange rates against USD United Kingdom - Pound (sterling) - Monthly - Average of observations through period,1967-02,0.357899,A,,F
M,GB,GBP,A,0,6,A, Exchange rates against USD United Kingdom - Pound (sterling) - Monthly - Average of observations through period,1967-03,0.357632,A,,F
M,GB,GBP,A,0,6,A, Exchange rates against USD United Kingdom - Pound (sterling) - Monthly - Average of observations through period,1967-04,0.357256,A,,F
M,GB,GBP,A,0,6,A, Exchange rates against USD United Kingdom - Pound (sterling) - Monthly - Average of observations through period,1967-05,0.357549,A,,F
M,GB,GBP,A,0,6,A, Exchange rates against USD United Kingdom - Pound (sterling) - Monthly - Average of observations through period,1967-06,0.358261,A,,F
M,GB,GBP,A,0,6,A, Exchange rates against USD United Kingdom - Pound (sterling) - Monthly - Average of observations through period,1967-07,0.358739,A,,F
M,GB,GBP,A,0,6,A, Exchange rates against USD United Kingdom - Pound (sterling) - Monthly - Average of observations through period,1967-08,0.359018,A,,F
M,GB,GBP,A,0,6,A, Exchange rates against USD United Kingdom - Pound (sterling) - Monthly - Average of observations through period,1967-09,0.359215,A,,F
M,GB,GBP,A,0,6,A, Exchange rates against USD United Kingdom - Pound (sterling) - Monthly - Average of observations through period,1967-10,0.3593,A,,F
M,GB,GBP,A,0,6,A, Exchange rates against USD United Kingdom - Pound (sterling) - Monthly - Average of observations through period,1967-11,0.379827,A,,F
M,GB,GBP,A,0,6,A, Exchange rates against USD United Kingdom - Pound (sterling) - Monthly - Average of observations through period,1967-12,0.415466,A,,F
M,GB,GBP,A,0,6,A, Exchange rates against USD United Kingdom - Pound (sterling) - Monthly - Average of observations through period,1968-01,0.415067,A,,F
M,GB,GBP,A,0,6,A, Exchange rates against USD United Kingdom - Pound (sterling) - Monthly - Average of observations through period,1968-02,0.414954,A,,F
M,GB,GBP,A,0,6,A, Exchange rates against USD United Kingdom - Pound (sterling) - Monthly - Average of observations through period,1968-03,0.416772,A,,F
M,GB,GBP,A,0,6,A, Exchange rates against USD United Kingdom - Pound (sterling) - Monthly - Average of observations through period,1968-04,0.416313,A,,F
M,GB,GBP,A,0,6,A, Exchange rates against USD United Kingdom - Pound (sterling) - Monthly - Average of observations through period,1968-05,0.418538,A,,F
M,GB,GBP,A,0,6,A, Exchange rates against USD United Kingdom - Pound (sterling) - Monthly - Average of observations through period,1968-06,0.419326,A,,F
M,GB,GBP,A,0,6,A, Exchange rates against USD United Kingdom - Pound (sterling) - Monthly - Average of observations through period,1968-07,0.418457,A,,F
M,GB,GBP,A,0,6,A, Exchange rates against USD United Kingdom - Pound (sterling) - Monthly - Average of observations through period,1968-08,0.418185,A,,F
M,GB,GBP,A,0,6,A, Exchange rates against USD United Kingdom - Pound (sterling) - Monthly - Average of observations through period,1968-09,0.418851,A,,F
M,GB,GBP,A,0,6,A, Exchange rates against USD United Kingdom - Pound (sterling) - Monthly - Average of observations through period,1968-10,0.418421,A,,F
M,GB,GBP,A,0,6,A, Exchange rates against USD United Kingdom - Pound (sterling) - Monthly - Average of observations through period,1968-11,0.4188,A,,F
M,GB,GBP,A,0,6,A, Exchange rates against USD United Kingdom - Pound (sterling) - Monthly - Average of observations through period,1968-12,0.419363,A,,F
M,GB,GBP,A,0,6,A, Exchange rates against USD United Kingdom - Pound (sterling) - Monthly - Average of observations through period,1969-01,0.418912,A,,F
M,GB,GBP,A,0,6,A, Exchange rates against USD United Kingdom - Pound (sterling) - Monthly - Average of observations through period,1969-02,0.418129,A,,F
M,GB,GBP,A,0,6,A, Exchange rates against USD United Kingdom - Pound (sterling) - Monthly - Average of observations through period,1969-03,0.418096,A,,F
M,GB,GBP,A,0,6,A, Exchange rates against USD United Kingdom - Pound (sterling) - Monthly - Average of observations through period,1969-04,0.417867,A,,F
M,GB,GBP,A,0,6,A, Exchange rates against USD United Kingdom - Pound (sterling) - Monthly - Average of observations through period,1969-05,0.419209,A,,F
M,GB,GBP,A,0,6,A, Exchange rates against USD United Kingdom - Pound (sterling) - Monthly - Average of observations through period,1969-06,0.418377,A,,F
M,GB,GBP,A,0,6,A, Exchange rates against USD United Kingdom - Pound (sterling) - Monthly - Average of observations through period,1969-07,0.418263,A,,F
M,GB,GBP,A,0,6,A, Exchange rates against USD United Kingdom - Pound (sterling) - Monthly - Average of observations through period,1969-08,0.419148,A,,F
M,GB,GBP,A,0,6,A, Exchange rates against USD United Kingdom - Pound (sterling) - Monthly - Average of observations through period,1969-09,0.41939,A,,F
M,GB,GBP,A,0,6,A, Exchange rates against USD United Kingdom - Pound (sterling) - Monthly - Average of observations through period,1969-10,0.418359,A,,F
M,GB,GBP,A,0,6,A, Exchange rates against USD United Kingdom - Pound (sterling) - Monthly - Average of observations through period,1969-11,0.41721,A,,F
M,GB,GBP,A,0,6,A, Exchange rates against USD United Kingdom - Pound (sterling) - Monthly - Average of observations through period,1969-12,0.417109,A,,F
M,GB,GBP,A,0,6,A, Exchange rates against USD United Kingdom - Pound (sterling) - Monthly - Average of observations through period,1970-01,0.416563,A,,F
M,GB,GBP,A,0,6,A, Exchange rates against USD United Kingdom - Pound (sterling) - Monthly - Average of observations through period,1970-02,0.415843,A,,F
M,GB,GBP,A,0,6,A, Exchange rates against USD United Kingdom - Pound (sterling) - Monthly - Average of observations through period,1970-03,0.41563,A,,F
M,GB,GBP,A,0,6,A, Exchange rates against USD United Kingdom - Pound (sterling) - Monthly - Average of observations through period,1970-04,0.41556,A,,F
M,GB,GBP,A,0,6,A, Exchange rates against USD United Kingdom - Pound (sterling) - Monthly - Average of observations through period,1970-05,0.416002,A,,F
M,GB,GBP,A,0,6,A, Exchange rates against USD United Kingdom - Pound (sterling) - Monthly - Average of observations through period,1970-06,0.417001,A,,F
M,GB,GBP,A,0,6,A, Exchange rates against USD United Kingdom - Pound (sterling) - Monthly - Average of observations through period,1970-07,0.418301,A,,F
M,GB,GBP,A,0,6,A, Exchange rates against USD United Kingdom - Pound (sterling) - Monthly - Average of observations through period,1970-08,0.418763,A,,F
M,GB,GBP,A,0,6,A, Exchange rates against USD United Kingdom - Pound (sterling) - Monthly - Average of observations through period,1970-09,0.419282,A,,F
M,GB,GBP,A,0,6,A, Exchange rates against USD United Kingdom - Pound (sterling) - Monthly - Average of observations through period,1970-10,0.418849,A,,F
M,GB,GBP,A,0,6,A, Exchange rates against USD United Kingdom - Pound (sterling) - Monthly - Average of observations through period,1970-11,0.418328,A,,F
M,GB,GBP,A,0,6,A, Exchange rates against USD United Kingdom - Pound (sterling) - Monthly - Average of observations through period,1970-12,0.418251,A,,F
M,GB,GBP,A,0,6,A, Exchange rates against USD United Kingdom - Pound (sterling) - Monthly - Average of observations through period,1971-01,0.415675,A,,F
M,GB,GBP,A,0,6,A, Exchange rates against USD United Kingdom - Pound (sterling) - Monthly - Average of observations through period,1971-02,0.413608,A,,F
M,GB,GBP,A,0,6,A, Exchange rates against USD United Kingdom - Pound (sterling) - Monthly - Average of observations through period,1971-03,0.413446,A,,F
M,GB,GBP,A,0,6,A, Exchange rates against USD United Kingdom - Pound (sterling) - Monthly - Average of observations through period,1971-04,0.413588,A,,F
M,GB,GBP,A,0,6,A, Exchange rates against USD United Kingdom - Pound (sterling) - Monthly - Average of observations through period,1971-05,0.413443,A,,F
M,GB,GBP,A,0,6,A, Exchange rates against USD United Kingdom - Pound (sterling) - Monthly - Average of observations through period,1971-06,0.41342,A,,F
M,GB,GBP,A,0,6,A, Exchange rates against USD United Kingdom - Pound (sterling) - Monthly - Average of observations through period,1971-07,0.413479,A,,F
M,GB,GBP,A,0,6,A, Exchange rates against USD United Kingdom - Pound (sterling) - Monthly - Average of observations through period,1971-08,0.41077,A,,F
M,GB,GBP,A,0,6,A, Exchange rates against USD United Kingdom - Pound (sterling) - Monthly - Average of observations through period,1971-09,0.404958,A,,F
M,GB,GBP,A,0,6,A, Exchange rates against USD United Kingdom - Pound (sterling) - Monthly - Average of observations through period,1971-10,0.401677,A,,F
M,GB,GBP,A,0,6,A, Exchange rates against USD United Kingdom - Pound (sterling) - Monthly - Average of observations through period,1971-11,0.401069,A,,F
M,GB,GBP,A,0,6,A, Exchange rates against USD United Kingdom - Pound (sterling) - Monthly - Average of observations through period,1971-12,0.395811,A,,F
M,GB,GBP,A,0,6,A, Exchange rates against USD United Kingdom - Pound (sterling) - Monthly - Average of observations through period,1972-01,0.389047,A,,F
M,GB,GBP,A,0,6,A, Exchange rates against USD United Kingdom - Pound (sterling) - Monthly - Average of observations through period,1972-02,0.384075,A,,F
M,GB,GBP,A,0,6,A, Exchange rates against USD United Kingdom - Pound (sterling) - Monthly - Average of observations through period,1972-03,0.38197,A,,F
M,GB,GBP,A,0,6,A, Exchange rates against USD United Kingdom - Pound (sterling) - Monthly - Average of observations through period,1972-04,0.383113,A,,F
M,GB,GBP,A,0,6,A, Exchange rates against USD United Kingdom - Pound (sterling) - Monthly - Average of observations through period,1972-05,0.382785,A,,F
M,GB,GBP,A,0,6,A, Exchange rates against USD United Kingdom - Pound (sterling) - Monthly - Average of observations through period,1972-06,0.389423,A,,F
M,GB,GBP,A,0,6,A, Exchange rates against USD United Kingdom - Pound (sterling) - Monthly - Average of observations through period,1972-07,0.409057,A,,F
M,GB,GBP,A,0,6,A, Exchange rates against USD United Kingdom - Pound (sterling) - Monthly - Average of observations through period,1972-08,0.408124,A,,F
M,GB,GBP,A,0,6,A, Exchange rates against USD United Kingdom - Pound (sterling) - Monthly - Average of observations through period,1972-09,0.409666,A,,F
M,GB,GBP,A,0,6,A, Exchange rates against USD United Kingdom - Pound (sterling) - Monthly - Average of observations through period,1972-10,0.417655,A,,F
M,GB,GBP,A,0,6,A, Exchange rates against USD United Kingdom - Pound (sterling) - Monthly - Average of observations through period,1972-11,0.425256,A,,F
M,GB,GBP,A,0,6,A, Exchange rates against USD United Kingdom - Pound (sterling) - Monthly - Average of observations through period,1972-12,0.426467,A,,F
M,GB,GBP,A,0,6,A, Exchange rates against USD United Kingdom - Pound (sterling) - Monthly - Average of observations through period,1973-01,0.42441,A,,F
M,GB,GBP,A,0,6,A, Exchange rates against USD United Kingdom - Pound (sterling) - Monthly - Average of observations through period,1973-02,0.412107,A,,F
M,GB,GBP,A,0,6,A, Exchange rates against USD United Kingdom - Pound (sterling) - Monthly - Average of observations through period,1973-03,0.404474,A,,F
M,GB,GBP,A,0,6,A, Exchange rates against USD United Kingdom - Pound (sterling) - Monthly - Average of observations through period,1973-04,0.40262,A,,F
M,GB,GBP,A,0,6,A, Exchange rates against USD United Kingdom - Pound (sterling) - Monthly - Average of observations through period,1973-05,0.395219,A,,F
M,GB,GBP,A,0,6,A, Exchange rates against USD United Kingdom - Pound (sterling) - Monthly - Average of observations through period,1973-06,0.388177,A,,F
M,GB,GBP,A,0,6,A, Exchange rates against USD United Kingdom - Pound (sterling) - Monthly - Average of observations through period,1973-07,0.394134,A,,F
M,GB,GBP,A,0,6,A, Exchange rates against USD United Kingdom - Pound (sterling) - Monthly - Average of observations through period,1973-08,0.403954,A,,F
M,GB,GBP,A,0,6,A, Exchange rates against USD United Kingdom - Pound (sterling) - Monthly - Average of observations through period,1973-09,0.413521,A,,F
M,GB,GBP,A,0,6,A, Exchange rates against USD United Kingdom - Pound (sterling) - Monthly - Average of observations through period,1973-10,0.411672,A,,F
M,GB,GBP,A,0,6,A, Exchange rates against USD United Kingdom - Pound (sterling) - Monthly - Average of observations through period,1973-11,0.419014,A,,F
M,GB,GBP,A,0,6,A, Exchange rates against USD United Kingdom - Pound (sterling) - Monthly - Average of observations through period,1973-12,0.431533,A,,F
M,GB,GBP,A,0,6,A, Exchange rates against USD United Kingdom - Pound (sterling) - Monthly - Average of observations through period,1974-01,0.449779,A,,F
M,GB,GBP,A,0,6,A, Exchange rates against USD United Kingdom - Pound (sterling) - Monthly - Average of observations through period,1974-02,0.439635,A,,F
M,GB,GBP,A,0,6,A, Exchange rates against USD United Kingdom - Pound (sterling) - Monthly - Average of observations through period,1974-03,0.427301,A,,F
M,GB,GBP,A,0,6,A, Exchange rates against USD United Kingdom - Pound (sterling) - Monthly - Average of observations through period,1974-04,0.418685,A,,F
M,GB,GBP,A,0,6,A, Exchange rates against USD United Kingdom - Pound (sterling) - Monthly - Average of observations through period,1974-05,0.414317,A,,F
M,GB,GBP,A,0,6,A, Exchange rates against USD United Kingdom - Pound (sterling) - Monthly - Average of observations through period,1974-06,0.418399,A,,F
M,GB,GBP,A,0,6,A, Exchange rates against USD United Kingdom - Pound (sterling) - Monthly - Average of observations through period,1974-07,0.418954,A,,F
M,GB,GBP,A,0,6,A, Exchange rates against USD United Kingdom - Pound (sterling) - Monthly - Average of observations through period,1974-08,0.426173,A,,F
M,GB,GBP,A,0,6,A, Exchange rates against USD United Kingdom - Pound (sterling) - Monthly - Average of observations through period,1974-09,0.431806,A,,F
M,GB,GBP,A,0,6,A, Exchange rates against USD United Kingdom - Pound (sterling) - Monthly - Average of observations through period,1974-10,0.428725,A,,F
M,GB,GBP,A,0,6,A, Exchange rates against USD United Kingdom - Pound (sterling) - Monthly - Average of observations through period,1974-11,0.42956,A,,F
M,GB,GBP,A,0,6,A, Exchange rates against USD United Kingdom - Pound (sterling) - Monthly - Average of observations through period,1974-12,0.429547,A,,F
M,GB,GBP,A,0,6,A, Exchange rates against USD United Kingdom - Pound (sterling) - Monthly - Average of observations through period,1975-01,0.423238,A,,F
M,GB,GBP,A,0,6,A, Exchange rates against USD United Kingdom - Pound (sterling) - Monthly - Average of observations through period,1975-02,0.41787,A,,F
M,GB,GBP,A,0,6,A, Exchange rates against USD United Kingdom - Pound (sterling) - Monthly - Average of observations through period,1975-03,0.413264,A,,F
M,GB,GBP,A,0,6,A, Exchange rates against USD United Kingdom - Pound (sterling) - Monthly - Average of observations through period,1975-04,0.422032,A,,F
M,GB,GBP,A,0,6,A, Exchange rates against USD United Kingdom - Pound (sterling) - Monthly - Average of observations through period,1975-05,0.430978,A,,F
M,GB,GBP,A,0,6,A, Exchange rates against USD United Kingdom - Pound (sterling) - Monthly - Average of observations through period,1975-06,0.438318,A,,F
M,GB,GBP,A,0,6,A, Exchange rates against USD United Kingdom - Pound (sterling) - Monthly - Average of observations through period,1975-07,0.458082,A,,F
M,GB,GBP,A,0,6,A, Exchange rates against USD United Kingdom - Pound (sterling) - Monthly - Average of observations through period,1975-08,0.472876,A,,F
M,GB,GBP,A,0,6,A, Exchange rates against USD United Kingdom - Pound (sterling) - Monthly - Average of observations through period,1975-09,0.479669,A,,F
M,GB,GBP,A,0,6,A, Exchange rates against USD United Kingdom - Pound (sterling) - Monthly - Average of observations through period,1975-10,0.486201,A,,F
M,GB,GBP,A,0,6,A, Exchange rates against USD United Kingdom - Pound (sterling) - Monthly - Average of observations through period,1975-11,0.487888,A,,F
M,GB,GBP,A,0,6,A, Exchange rates against USD United Kingdom - Pound (sterling) - Monthly - Average of observations through period,1975-12,0.494803,A,,F
M,GB,GBP,A,0,6,A, Exchange rates against USD United Kingdom - Pound (sterling) - Monthly - Average of observations through period,1976-01,0.493137,A,,F
M,GB,GBP,A,0,6,A, Exchange rates against USD United Kingdom - Pound (sterling) - Monthly - Average of observations through period,1976-02,0.493378,A,,F
M,GB,GBP,A,0,6,A, Exchange rates against USD United Kingdom - Pound (sterling) - Monthly - Average of observations through period,1976-03,0.514022,A,,F
M,GB,GBP,A,0,6,A, Exchange rates against USD United Kingdom - Pound (sterling) - Monthly - Average of observations through period,1976-04,0.541126,A,,F
M,GB,GBP,A,0,6,A, Exchange rates against USD United Kingdom - Pound (sterling) - Monthly - Average of observations through period,1976-05,0.552274,A,,F
M,GB,GBP,A,0,6,A, Exchange rates against USD United Kingdom - Pound (sterling) - Monthly - Average of observations through period,1976-06,0.566644,A,,F
M,GB,GBP,A,0,6,A, Exchange rates against USD United Kingdom - Pound (sterling) - Monthly - Average of observations through period,1976-07,0.559872,A,,F
M,GB,GBP,A,0,6,A, Exchange rates against USD United Kingdom - Pound (sterling) - Monthly - Average of observations through period,1976-08,0.561078,A,,F
M,GB,GBP,A,0,6,A, Exchange rates against USD United Kingdom - Pound (sterling) - Monthly - Average of observations through period,1976-09,0.577994,A,,F
M,GB,GBP,A,0,6,A, Exchange rates against USD United Kingdom - Pound (sterling) - Monthly - Average of observations through period,1976-10,0.61,A,,F
M,GB,GBP,A,0,6,A, Exchange rates against USD United Kingdom - Pound (sterling) - Monthly - Average of observations through period,1976-11,0.610959,A,,F
M,GB,GBP,A,0,6,A, Exchange rates against USD United Kingdom - Pound (sterling) - Monthly - Average of observations through period,1976-12,0.595973,A,,F
M,GB,GBP,A,0,6,A, Exchange rates against USD United Kingdom - Pound (sterling) - Monthly - Average of observations through period,1977-01,0.58355,A,,F
M,GB,GBP,A,0,6,A, Exchange rates against USD United Kingdom - Pound (sterling) - Monthly - Average of observations through period,1977-02,0.584719,A,,F
M,GB,GBP,A,0,6,A, Exchange rates against USD United Kingdom - Pound (sterling) - Monthly - Average of observations through period,1977-03,0.582295,A,,F
M,GB,GBP,A,0,6,A, Exchange rates against USD United Kingdom - Pound (sterling) - Monthly - Average of observations through period,1977-04,0.581642,A,,F
M,GB,GBP,A,0,6,A, Exchange rates against USD United Kingdom - Pound (sterling) - Monthly - Average of observations through period,1977-05,0.58176,A,,F
M,GB,GBP,A,0,6,A, Exchange rates against USD United Kingdom - Pound (sterling) - Monthly - Average of observations through period,1977-06,0.581599,A,,F
M,GB,GBP,A,0,6,A, Exchange rates against USD United Kingdom - Pound (sterling) - Monthly - Average of observations through period,1977-07,0.580602,A,,F
M,GB,GBP,A,0,6,A, Exchange rates against USD United Kingdom - Pound (sterling) - Monthly - Average of observations through period,1977-08,0.574528,A,,F
M,GB,GBP,A,0,6,A, Exchange rates against USD United Kingdom - Pound (sterling) - Monthly - Average of observations through period,1977-09,0.573541,A,,F
M,GB,GBP,A,0,6,A, Exchange rates against USD United Kingdom - Pound (sterling) - Monthly - Average of observations through period,1977-10,0.56486,A,,F
M,GB,GBP,A,0,6,A, Exchange rates against USD United Kingdom - Pound (sterling) - Monthly - Average of observations through period,1977-11,0.550041,A,,F
M,GB,GBP,A,0,6,A, Exchange rates against USD United Kingdom - Pound (sterling) - Monthly - Average of observations through period,1977-12,0.538921,A,,F
M,GB,GBP,A,0,6,A, Exchange rates against USD United Kingdom - Pound (sterling) - Monthly - Average of observations through period,1978-01,0.517085,A,,F
M,GB,GBP,A,0,6,A, Exchange rates against USD United Kingdom - Pound (sterling) - Monthly - Average of observations through period,1978-02,0.515391,A,,F
M,GB,GBP,A,0,6,A, Exchange rates against USD United Kingdom - Pound (sterling) - Monthly - Average of observations through period,1978-03,0.523865,A,,F
M,GB,GBP,A,0,6,A, Exchange rates against USD United Kingdom - Pound (sterling) - Monthly - Average of observations through period,1978-04,0.539878,A,,F
M,GB,GBP,A,0,6,A, Exchange rates against USD United Kingdom - Pound (sterling) - Monthly - Average of observations through period,1978-05,0.550333,A,,F
M,GB,GBP,A,0,6,A, Exchange rates against USD United Kingdom - Pound (sterling) - Monthly - Average of observations through period,1978-06,0.544351,A,,F
M,GB,GBP,A,0,6,A, Exchange rates against USD United Kingdom - Pound (sterling) - Monthly - Average of observations through period,1978-07,0.528041,A,,F
M,GB,GBP,A,0,6,A, Exchange rates against USD United Kingdom - Pound (sterling) - Monthly - Average of observations through period,1978-08,0.516132,A,,F
M,GB,GBP,A,0,6,A, Exchange rates against USD United Kingdom - Pound (sterling) - Monthly - Average of observations through period,1978-09,0.510766,A,,F
M,GB,GBP,A,0,6,A, Exchange rates against USD United Kingdom - Pound (sterling) - Monthly - Average of observations through period,1978-10,0.498505,A,,F
M,GB,GBP,A,0,6,A, Exchange rates against USD United Kingdom - Pound (sterling) - Monthly - Average of observations through period,1978-11,0.510623,A,,F
M,GB,GBP,A,0,6,A, Exchange rates against USD United Kingdom - Pound (sterling) - Monthly - Average of observations through period,1978-12,0.504564,A,,F
M,GB,GBP,A,0,6,A, Exchange rates against USD United Kingdom - Pound (sterling) - Monthly - Average of observations through period,1979-01,0.498737,A,,F
M,GB,GBP,A,0,6,A, Exchange rates against USD United Kingdom - Pound (sterling) - Monthly - Average of observations through period,1979-02,0.499115,A,,F
M,GB,GBP,A,0,6,A, Exchange rates against USD United Kingdom - Pound (sterling) - Monthly - Average of observations through period,1979-03,0.490729,A,,F
M,GB,GBP,A,0,6,A, Exchange rates against USD United Kingdom - Pound (sterling) - Monthly - Average of observations through period,1979-04,0.482191,A,,F
M,GB,GBP,A,0,6,A, Exchange rates against USD United Kingdom - Pound (sterling) - Monthly - Average of observations through period,1979-05,0.485863,A,,F
M,GB,GBP,A,0,6,A, Exchange rates against USD United Kingdom - Pound (sterling) - Monthly - Average of observations through period,1979-06,0.473685,A,,F
M,GB,GBP,A,0,6,A, Exchange rates against USD United Kingdom - Pound (sterling) - Monthly - Average of observations through period,1979-07,0.442559,A,,F
M,GB,GBP,A,0,6,A, Exchange rates against USD United Kingdom - Pound (sterling) - Monthly - Average of observations through period,1979-08,0.446696,A,,F
M,GB,GBP,A,0,6,A, Exchange rates against USD United Kingdom - Pound (sterling) - Monthly - Average of observations through period,1979-09,0.455088,A,,F
M,GB,GBP,A,0,6,A, Exchange rates against USD United Kingdom - Pound (sterling) - Monthly - Average of observations through period,1979-10,0.466045,A,,F
M,GB,GBP,A,0,6,A, Exchange rates against USD United Kingdom - Pound (sterling) - Monthly - Average of observations through period,1979-11,0.469571,A,,F
M,GB,GBP,A,0,6,A, Exchange rates against USD United Kingdom - Pound (sterling) - Monthly - Average of observations through period,1979-12,0.454819,A,,F
M,GB,GBP,A,0,6,A, Exchange rates against USD United Kingdom - Pound (sterling) - Monthly - Average of observations through period,1980-01,0.44151,A,,F
M,GB,GBP,A,0,6,A, Exchange rates against USD United Kingdom - Pound (sterling) - Monthly - Average of observations through period,1980-02,0.436695,A,,F
M,GB,GBP,A,0,6,A, Exchange rates against USD United Kingdom - Pound (sterling) - Monthly - Average of observations through period,1980-03,0.453295,A,,F
M,GB,GBP,A,0,6,A, Exchange rates against USD United Kingdom - Pound (sterling) - Monthly - Average of observations through period,1980-04,0.45137,A,,F
M,GB,GBP,A,0,6,A, Exchange rates against USD United Kingdom - Pound (sterling) - Monthly - Average of observations through period,1980-05,0.434217,A,,F
M,GB,GBP,A,0,6,A, Exchange rates against USD United Kingdom - Pound (sterling) - Monthly - Average of observations through period,1980-06,0.427901,A,,F
M,GB,GBP,A,0,6,A, Exchange rates against USD United Kingdom - Pound (sterling) - Monthly - Average of observations through period,1980-07,0.421554,A,,F
M,GB,GBP,A,0,6,A, Exchange rates against USD United Kingdom - Pound (sterling) - Monthly - Average of observations through period,1980-08,0.421936,A,,F
M,GB,GBP,A,0,6,A, Exchange rates against USD United Kingdom - Pound (sterling) - Monthly - Average of observations through period,1980-09,0.416056,A,,F
M,GB,GBP,A,0,6,A, Exchange rates against USD United Kingdom - Pound (sterling) - Monthly - Average of observations through period,1980-10,0.413672,A,,F
M,GB,GBP,A,0,6,A, Exchange rates against USD United Kingdom - Pound (sterling) - Monthly - Average of observations through period,1980-11,0.417062,A,,F
M,GB,GBP,A,0,6,A, Exchange rates against USD United Kingdom - Pound (sterling) - Monthly - Average of observations through period,1980-12,0.426954,A,,F
M,GB,GBP,A,0,6,A, Exchange rates against USD United Kingdom - Pound (sterling) - Monthly - Average of observations through period,1981-01,0.415683,A,,F
M,GB,GBP,A,0,6,A, Exchange rates against USD United Kingdom - Pound (sterling) - Monthly - Average of observations through period,1981-02,0.435701,A,,F
M,GB,GBP,A,0,6,A, Exchange rates against USD United Kingdom - Pound (sterling) - Monthly - Average of observations through period,1981-03,0.448562,A,,F
M,GB,GBP,A,0,6,A, Exchange rates against USD United Kingdom - Pound (sterling) - Monthly - Average of observations through period,1981-04,0.459016,A,,F
M,GB,GBP,A,0,6,A, Exchange rates against USD United Kingdom - Pound (sterling) - Monthly - Average of observations through period,1981-05,0.478718,A,,F
M,GB,GBP,A,0,6,A, Exchange rates against USD United Kingdom - Pound (sterling) - Monthly - Average of observations through period,1981-06,0.50603,A,,F
M,GB,GBP,A,0,6,A, Exchange rates against USD United Kingdom - Pound (sterling) - Monthly - Average of observations through period,1981-07,0.533471,A,,F
M,GB,GBP,A,0,6,A, Exchange rates against USD United Kingdom - Pound (sterling) - Monthly - Average of observations through period,1981-08,0.549302,A,,F
M,GB,GBP,A,0,6,A, Exchange rates against USD United Kingdom - Pound (sterling) - Monthly - Average of observations through period,1981-09,0.550997,A,,F
M,GB,GBP,A,0,6,A, Exchange rates against USD United Kingdom - Pound (sterling) - Monthly - Average of observations through period,1981-10,0.542474,A,,F
M,GB,GBP,A,0,6,A, Exchange rates against USD United Kingdom - Pound (sterling) - Monthly - Average of observations through period,1981-11,0.525654,A,,F
M,GB,GBP,A,0,6,A, Exchange rates against USD United Kingdom - Pound (sterling) - Monthly - Average of observations through period,1981-12,0.524731,A,,F
M,GB,GBP,A,0,6,A, Exchange rates against USD United Kingdom - Pound (sterling) - Monthly - Average of observations through period,1982-01,0.529819,A,,F
M,GB,GBP,A,0,6,A, Exchange rates against USD United Kingdom - Pound (sterling) - Monthly - Average of observations through period,1982-02,0.541595,A,,F
M,GB,GBP,A,0,6,A, Exchange rates against USD United Kingdom - Pound (sterling) - Monthly - Average of observations through period,1982-03,0.553377,A,,F
M,GB,GBP,A,0,6,A, Exchange rates against USD United Kingdom - Pound (sterling) - Monthly - Average of observations through period,1982-04,0.564859,A,,F
M,GB,GBP,A,0,6,A, Exchange rates against USD United Kingdom - Pound (sterling) - Monthly - Average of observations through period,1982-05,0.551496,A,,F
M,GB,GBP,A,0,6,A, Exchange rates against USD United Kingdom - Pound (sterling) - Monthly - Average of observations through period,1982-06,0.569162,A,,F
M,GB,GBP,A,0,6,A, Exchange rates against USD United Kingdom - Pound (sterling) - Monthly - Average of observations through period,1982-07,0.576281,A,,F
M,GB,GBP,A,0,6,A, Exchange rates against USD United Kingdom - Pound (sterling) - Monthly - Average of observations through period,1982-08,0.579412,A,,F
M,GB,GBP,A,0,6,A, Exchange rates against USD United Kingdom - Pound (sterling) - Monthly - Average of observations through period,1982-09,0.583414,A,,F
M,GB,GBP,A,0,6,A, Exchange rates against USD United Kingdom - Pound (sterling) - Monthly - Average of observations through period,1982-10,0.588992,A,,F
M,GB,GBP,A,0,6,A, Exchange rates against USD United Kingdom - Pound (sterling) - Monthly - Average of observations through period,1982-11,0.612752,A,,F
M,GB,GBP,A,0,6,A, Exchange rates against USD United Kingdom - Pound (sterling) - Monthly - Average of observations through period,1982-12,0.617746,A,,F
M,GB,GBP,A,0,6,A, Exchange rates against USD United Kingdom - Pound (sterling) - Monthly - Average of observations through period,1983-01,0.634746,A,,F
M,GB,GBP,A,0,6,A, Exchange rates against USD United Kingdom - Pound (sterling) - Monthly - Average of observations through period,1983-02,0.652858,A,,F
M,GB,GBP,A,0,6,A, Exchange rates against USD United Kingdom - Pound (sterling) - Monthly - Average of observations through period,1983-03,0.671122,A,,F
M,GB,GBP,A,0,6,A, Exchange rates against USD United Kingdom - Pound (sterling) - Monthly - Average of observations through period,1983-04,0.648845,A,,F
M,GB,GBP,A,0,6,A, Exchange rates against USD United Kingdom - Pound (sterling) - Monthly - Average of observations through period,1983-05,0.63467,A,,F
M,GB,GBP,A,0,6,A, Exchange rates against USD United Kingdom - Pound (sterling) - Monthly - Average of observations through period,1983-06,0.645347,A,,F
M,GB,GBP,A,0,6,A, Exchange rates against USD United Kingdom - Pound (sterling) - Monthly - Average of observations through period,1983-07,0.654249,A,,F
M,GB,GBP,A,0,6,A, Exchange rates against USD United Kingdom - Pound (sterling) - Monthly - Average of observations through period,1983-08,0.66595,A,,F
M,GB,GBP,A,0,6,A, Exchange rates against USD United Kingdom - Pound (sterling) - Monthly - Average of observations through period,1983-09,0.667183,A,,F
M,GB,GBP,A,0,6,A, Exchange rates against USD United Kingdom - Pound (sterling) - Monthly - Average of observations through period,1983-10,0.667826,A,,F
M,GB,GBP,A,0,6,A, Exchange rates against USD United Kingdom - Pound (sterling) - Monthly - Average of observations through period,1983-11,0.676745,A,,F
M,GB,GBP,A,0,6,A, Exchange rates against USD United Kingdom - Pound (sterling) - Monthly - Average of observations through period,1983-12,0.697118,A,,F
M,GB,GBP,A,0,6,A, Exchange rates against USD United Kingdom - Pound (sterling) - Monthly - Average of observations through period,1984-01,0.709453,A,,F
M,GB,GBP,A,0,6,A, Exchange rates against USD United Kingdom - Pound (sterling) - Monthly - Average of observations through period,1984-02,0.694985,A,,F
M,GB,GBP,A,0,6,A, Exchange rates against USD United Kingdom - Pound (sterling) - Monthly - Average of observations through period,1984-03,0.686879,A,,F
M,GB,GBP,A,0,6,A, Exchange rates against USD United Kingdom - Pound (sterling) - Monthly - Average of observations through period,1984-04,0.702696,A,,F
M,GB,GBP,A,0,6,A, Exchange rates against USD United Kingdom - Pound (sterling) - Monthly - Average of observations through period,1984-05,0.720082,A,,F
M,GB,GBP,A,0,6,A, Exchange rates against USD United Kingdom - Pound (sterling) - Monthly - Average of observations through period,1984-06,0.726367,A,,F
M,GB,GBP,A,0,6,A, Exchange rates against USD United Kingdom - Pound (sterling) - Monthly - Average of observations through period,1984-07,0.757412,A,,F
M,GB,GBP,A,0,6,A, Exchange rates against USD United Kingdom - Pound (sterling) - Monthly - Average of observations through period,1984-08,0.76158,A,,F
M,GB,GBP,A,0,6,A, Exchange rates against USD United Kingdom - Pound (sterling) - Monthly - Average of observations through period,1984-09,0.794526,A,,F
M,GB,GBP,A,0,6,A, Exchange rates against USD United Kingdom - Pound (sterling) - Monthly - Average of observations through period,1984-10,0.819642,A,,F
M,GB,GBP,A,0,6,A, Exchange rates against USD United Kingdom - Pound (sterling) - Monthly - Average of observations through period,1984-11,0.805305,A,,F
M,GB,GBP,A,0,6,A, Exchange rates against USD United Kingdom - Pound (sterling) - Monthly - Average of observations through period,1984-12,0.842007,A,,F
M,GB,GBP,A,0,6,A, Exchange rates against USD United Kingdom - Pound (sterling) - Monthly - Average of observations through period,1985-01,0.886031,A,,F
M,GB,GBP,A,0,6,A, Exchange rates against USD United Kingdom - Pound (sterling) - Monthly - Average of observations through period,1985-02,0.912924,A,,F
M,GB,GBP,A,0,6,A, Exchange rates against USD United Kingdom - Pound (sterling) - Monthly - Average of observations through period,1985-03,0.894631,A,,F
M,GB,GBP,A,0,6,A, Exchange rates against USD United Kingdom - Pound (sterling) - Monthly - Average of observations through period,1985-04,0.805953,A,,F
M,GB,GBP,A,0,6,A, Exchange rates against USD United Kingdom - Pound (sterling) - Monthly - Average of observations through period,1985-05,0.802682,A,,F
M,GB,GBP,A,0,6,A, Exchange rates against USD United Kingdom - Pound (sterling) - Monthly - Average of observations through period,1985-06,0.780872,A,,F
M,GB,GBP,A,0,6,A, Exchange rates against USD United Kingdom - Pound (sterling) - Monthly - Average of observations through period,1985-07,0.72622,A,,F
M,GB,GBP,A,0,6,A, Exchange rates against USD United Kingdom - Pound (sterling) - Monthly - Average of observations through period,1985-08,0.721607,A,,F
M,GB,GBP,A,0,6,A, Exchange rates against USD United Kingdom - Pound (sterling) - Monthly - Average of observations through period,1985-09,0.733944,A,,F
M,GB,GBP,A,0,6,A, Exchange rates against USD United Kingdom - Pound (sterling) - Monthly - Average of observations through period,1985-10,0.703073,A,,F
M,GB,GBP,A,0,6,A, Exchange rates against USD United Kingdom - Pound (sterling) - Monthly - Average of observations through period,1985-11,0.694676,A,,F
M,GB,GBP,A,0,6,A, Exchange rates against USD United Kingdom - Pound (sterling) - Monthly - Average of observations through period,1985-12,0.691939,A,,F
M,GB,GBP,A,0,6,A, Exchange rates against USD United Kingdom - Pound (sterling) - Monthly - Average of observations through period,1986-01,0.70206,A,,F
M,GB,GBP,A,0,6,A, Exchange rates against USD United Kingdom - Pound (sterling) - Monthly - Average of observations through period,1986-02,0.699987,A,,F
M,GB,GBP,A,0,6,A, Exchange rates against USD United Kingdom - Pound (sterling) - Monthly - Average of observations through period,1986-03,0.682163,A,,F
M,GB,GBP,A,0,6,A, Exchange rates against USD United Kingdom - Pound (sterling) - Monthly - Average of observations through period,1986-04,0.667319,A,,F
M,GB,GBP,A,0,6,A, Exchange rates against USD United Kingdom - Pound (sterling) - Monthly - Average of observations through period,1986-05,0.658308,A,,F
M,GB,GBP,A,0,6,A, Exchange rates against USD United Kingdom - Pound (sterling) - Monthly - Average of observations through period,1986-06,0.663524,A,,F
M,GB,GBP,A,0,6,A, Exchange rates against USD United Kingdom - Pound (sterling) - Monthly - Average of observations through period,1986-07,0.662872,A,,F
M,GB,GBP,A,0,6,A, Exchange rates against USD United Kingdom - Pound (sterling) - Monthly - Average of observations through period,1986-08,0.672732,A,,F
M,GB,GBP,A,0,6,A, Exchange rates against USD United Kingdom - Pound (sterling) - Monthly - Average of observations through period,1986-09,0.679375,A,,F
M,GB,GBP,A,0,6,A, Exchange rates against USD United Kingdom - Pound (sterling) - Monthly - Average of observations through period,1986-10,0.700828,A,,F
M,GB,GBP,A,0,6,A, Exchange rates against USD United Kingdom - Pound (sterling) - Monthly - Average of observations through period,1986-11,0.702704,A,,F
M,GB,GBP,A,0,6,A, Exchange rates against USD United Kingdom - Pound (sterling) - Monthly - Average of observations through period,1986-12,0.696308,A,,F
M,GB,GBP,A,0,6,A, Exchange rates against USD United Kingdom - Pound (sterling) - Monthly - Average of observations through period,1987-01,0.663899,A,,F
M,GB,GBP,A,0,6,A, Exchange rates against USD United Kingdom - Pound (sterling) - Monthly - Average of observations through period,1987-02,0.655161,A,,F
M,GB,GBP,A,0,6,A, Exchange rates against USD United Kingdom - Pound (sterling) - Monthly - Average of observations through period,1987-03,0.628206,A,,F
M,GB,GBP,A,0,6,A, Exchange rates against USD United Kingdom - Pound (sterling) - Monthly - Average of observations through period,1987-04,0.613627,A,,F
M,GB,GBP,A,0,6,A, Exchange rates against USD United Kingdom - Pound (sterling) - Monthly - Average of observations through period,1987-05,0.598902,A,,F
M,GB,GBP,A,0,6,A, Exchange rates against USD United Kingdom - Pound (sterling) - Monthly - Average of observations through period,1987-06,0.613627,A,,F
M,GB,GBP,A,0,6,A, Exchange rates against USD United Kingdom - Pound (sterling) - Monthly - Average of observations through period,1987-07,0.621443,A,,F
M,GB,GBP,A,0,6,A, Exchange rates against USD United Kingdom - Pound (sterling) - Monthly - Average of observations through period,1987-08,0.626003,A,,F
M,GB,GBP,A,0,6,A, Exchange rates against USD United Kingdom - Pound (sterling) - Monthly - Average of observations through period,1987-09,0.608035,A,,F
M,GB,GBP,A,0,6,A, Exchange rates against USD United Kingdom - Pound (sterling) - Monthly - Average of observations through period,1987-10,0.602099,A,,F
M,GB,GBP,A,0,6,A, Exchange rates against USD United Kingdom - Pound (sterling) - Monthly - Average of observations through period,1987-11,0.563064,A,,F
M,GB,GBP,A,0,6,A, Exchange rates against USD United Kingdom - Pound (sterling) - Monthly - Average of observations through period,1987-12,0.546937,A,,F
M,GB,GBP,A,0,6,A, Exchange rates against USD United Kingdom - Pound (sterling) - Monthly - Average of observations through period,1988-01,0.555087,A,,F
M,GB,GBP,A,0,6,A, Exchange rates against USD United Kingdom - Pound (sterling) - Monthly - Average of observations through period,1988-02,0.569224,A,,F
M,GB,GBP,A,0,6,A, Exchange rates against USD United Kingdom - Pound (sterling) - Monthly - Average of observations through period,1988-03,0.546363,A,,F
M,GB,GBP,A,0,6,A, Exchange rates against USD United Kingdom - Pound (sterling) - Monthly - Average of observations through period,1988-04,0.533106,A,,F
M,GB,GBP,A,0,6,A, Exchange rates against USD United Kingdom - Pound (sterling) - Monthly - Average of observations through period,1988-05,0.53503,A,,F
M,GB,GBP,A,0,6,A, Exchange rates against USD United Kingdom - Pound (sterling) - Monthly - Average of observations through period,1988-06,0.561786,A,,F
M,GB,GBP,A,0,6,A, Exchange rates against USD United Kingdom - Pound (sterling) - Monthly - Average of observations through period,1988-07,0.586728,A,,F
M,GB,GBP,A,0,6,A, Exchange rates against USD United Kingdom - Pound (sterling) - Monthly - Average of observations through period,1988-08,0.588705,A,,F
M,GB,GBP,A,0,6,A, Exchange rates against USD United Kingdom - Pound (sterling) - Monthly - Average of observations through period,1988-09,0.593884,A,,F
M,GB,GBP,A,0,6,A, Exchange rates against USD United Kingdom - Pound (sterling) - Monthly - Average of observations through period,1988-10,0.57557,A,,F
M,GB,GBP,A,0,6,A, Exchange rates against USD United Kingdom - Pound (sterling) - Monthly - Average of observations through period,1988-11,0.553088,A,,F
M,GB,GBP,A,0,6,A, Exchange rates against USD United Kingdom - Pound (sterling) - Monthly - Average of observations through period,1988-12,0.547506,A,,F
M,GB,GBP,A,0,6,A, Exchange rates against USD United Kingdom - Pound (sterling) - Monthly - Average of observations through period,1989-01,0.563045,A,,F
M,GB,GBP,A,0,6,A, Exchange rates against USD United Kingdom - Pound (sterling) - Monthly - Average of observations through period,1989-02,0.570354,A,,F
M,GB,GBP,A,0,6,A, Exchange rates against USD United Kingdom - Pound (sterling) - Monthly - Average of observations through period,1989-03,0.583079,A,,F
M,GB,GBP,A,0,6,A, Exchange rates against USD United Kingdom - Pound (sterling) - Monthly - Average of observations through period,1989-04,0.588205,A,,F
M,GB,GBP,A,0,6,A, Exchange rates against USD United Kingdom - Pound (sterling) - Monthly - Average of observations through period,1989-05,0.615707,A,,F
M,GB,GBP,A,0,6,A, Exchange rates against USD United Kingdom - Pound (sterling) - Monthly - Average of observations through period,1989-06,0.644,A,,F
M,GB,GBP,A,0,6,A, Exchange rates against USD United Kingdom - Pound (sterling) - Monthly - Average of observations through period,1989-07,0.616159,A,,F
M,GB,GBP,A,0,6,A, Exchange rates against USD United Kingdom - Pound (sterling) - Monthly - Average of observations through period,1989-08,0.626945,A,,F
M,GB,GBP,A,0,6,A, Exchange rates against USD United Kingdom - Pound (sterling) - Monthly - Average of observations through period,1989-09,0.636689,A,,F
M,GB,GBP,A,0,6,A, Exchange rates against USD United Kingdom - Pound (sterling) - Monthly - Average of observations through period,1989-10,0.629658,A,,F
M,GB,GBP,A,0,6,A, Exchange rates against USD United Kingdom - Pound (sterling) - Monthly - Average of observations through period,1989-11,0.636082,A,,F
M,GB,GBP,A,0,6,A, Exchange rates against USD United Kingdom - Pound (sterling) - Monthly - Average of observations through period,1989-12,0.626938,A,,F
M,GB,GBP,A,0,6,A, Exchange rates against USD United Kingdom - Pound (sterling) - Monthly - Average of observations through period,1990-01,0.605677,A,,F
M,GB,GBP,A,0,6,A, Exchange rates against USD United Kingdom - Pound (sterling) - Monthly - Average of observations through period,1990-02,0.589611,A,,F
M,GB,GBP,A,0,6,A, Exchange rates against USD United Kingdom - Pound (sterling) - Monthly - Average of observations through period,1990-03,0.615623,A,,F
M,GB,GBP,A,0,6,A, Exchange rates against USD United Kingdom - Pound (sterling) - Monthly - Average of observations through period,1990-04,0.610951,A,,F
M,GB,GBP,A,0,6,A, Exchange rates against USD United Kingdom - Pound (sterling) - Monthly - Average of observations through period,1990-05,0.595312,A,,F
M,GB,GBP,A,0,6,A, Exchange rates against USD United Kingdom - Pound (sterling) - Monthly - Average of observations through period,1990-06,0.584757,A,,F
M,GB,GBP,A,0,6,A, Exchange rates against USD United Kingdom - Pound (sterling) - Monthly - Average of observations through period,1990-07,0.553434,A,,F
M,GB,GBP,A,0,6,A, Exchange rates against USD United Kingdom - Pound (sterling) - Monthly - Average of observations through period,1990-08,0.526475,A,,F
M,GB,GBP,A,0,6,A, Exchange rates against USD United Kingdom - Pound (sterling) - Monthly - Average of observations through period,1990-09,0.531906,A,,F
M,GB,GBP,A,0,6,A, Exchange rates against USD United Kingdom - Pound (sterling) - Monthly - Average of observations through period,1990-10,0.514115,A,,F
M,GB,GBP,A,0,6,A, Exchange rates against USD United Kingdom - Pound (sterling) - Monthly - Average of observations through period,1990-11,0.509144,A,,F
M,GB,GBP,A,0,6,A, Exchange rates against USD United Kingdom - Pound (sterling) - Monthly - Average of observations through period,1990-12,0.518872,A,,F
M,GB,GBP,A,0,6,A, Exchange rates against USD United Kingdom - Pound (sterling) - Monthly - Average of observations through period,1991-01,0.517113,A,,F
M,GB,GBP,A,0,6,A, Exchange rates against USD United Kingdom - Pound (sterling) - Monthly - Average of observations through period,1991-02,0.508879,A,,F
M,GB,GBP,A,0,6,A, Exchange rates against USD United Kingdom - Pound (sterling) - Monthly - Average of observations through period,1991-03,0.547425,A,,F
M,GB,GBP,A,0,6,A, Exchange rates against USD United Kingdom - Pound (sterling) - Monthly - Average of observations through period,1991-04,0.571942,A,,F
M,GB,GBP,A,0,6,A, Exchange rates against USD United Kingdom - Pound (sterling) - Monthly - Average of observations through period,1991-05,0.579369,A,,F
M,GB,GBP,A,0,6,A, Exchange rates against USD United Kingdom - Pound (sterling) - Monthly - Average of observations through period,1991-06,0.607197,A,,F
M,GB,GBP,A,0,6,A, Exchange rates against USD United Kingdom - Pound (sterling) - Monthly - Average of observations through period,1991-07,0.607007,A,,F
M,GB,GBP,A,0,6,A, Exchange rates against USD United Kingdom - Pound (sterling) - Monthly - Average of observations through period,1991-08,0.594325,A,,F
M,GB,GBP,A,0,6,A, Exchange rates against USD United Kingdom - Pound (sterling) - Monthly - Average of observations through period,1991-09,0.580104,A,,F
M,GB,GBP,A,0,6,A, Exchange rates against USD United Kingdom - Pound (sterling) - Monthly - Average of observations through period,1991-10,0.580759,A,,F
M,GB,GBP,A,0,6,A, Exchange rates against USD United Kingdom - Pound (sterling) - Monthly - Average of observations through period,1991-11,0.56263,A,,F
M,GB,GBP,A,0,6,A, Exchange rates against USD United Kingdom - Pound (sterling) - Monthly - Average of observations through period,1991-12,0.548535,A,,F
M,GB,GBP,A,0,6,A, Exchange rates against USD United Kingdom - Pound (sterling) - Monthly - Average of observations through period,1992-01,0.551949,A,,F
M,GB,GBP,A,0,6,A, Exchange rates against USD United Kingdom - Pound (sterling) - Monthly - Average of observations through period,1992-02,0.562799,A,,F
M,GB,GBP,A,0,6,A, Exchange rates against USD United Kingdom - Pound (sterling) - Monthly - Average of observations through period,1992-03,0.579865,A,,F
M,GB,GBP,A,0,6,A, Exchange rates against USD United Kingdom - Pound (sterling) - Monthly - Average of observations through period,1992-04,0.56933,A,,F
M,GB,GBP,A,0,6,A, Exchange rates against USD United Kingdom - Pound (sterling) - Monthly - Average of observations through period,1992-05,0.55208,A,,F
M,GB,GBP,A,0,6,A, Exchange rates against USD United Kingdom - Pound (sterling) - Monthly - Average of observations through period,1992-06,0.53947,A,,F
M,GB,GBP,A,0,6,A, Exchange rates against USD United Kingdom - Pound (sterling) - Monthly - Average of observations through period,1992-07,0.521093,A,,F
M,GB,GBP,A,0,6,A, Exchange rates against USD United Kingdom - Pound (sterling) - Monthly - Average of observations through period,1992-08,0.515545,A,,F
M,GB,GBP,A,0,6,A, Exchange rates against USD United Kingdom - Pound (sterling) - Monthly - Average of observations through period,1992-09,0.540756,A,,F
M,GB,GBP,A,0,6,A, Exchange rates against USD United Kingdom - Pound (sterling) - Monthly - Average of observations through period,1992-10,0.604604,A,,F
M,GB,GBP,A,0,6,A, Exchange rates against USD United Kingdom - Pound (sterling) - Monthly - Average of observations through period,1992-11,0.654939,A,,F
M,GB,GBP,A,0,6,A, Exchange rates against USD United Kingdom - Pound (sterling) - Monthly - Average of observations through period,1992-12,0.644435,A,,F
M,GB,GBP,A,0,6,A, Exchange rates against USD United Kingdom - Pound (sterling) - Monthly - Average of observations through period,1993-01,0.652436,A,,F
M,GB,GBP,A,0,6,A, Exchange rates against USD United Kingdom - Pound (sterling) - Monthly - Average of observations through period,1993-02,0.695575,A,,F
M,GB,GBP,A,0,6,A, Exchange rates against USD United Kingdom - Pound (sterling) - Monthly - Average of observations through period,1993-03,0.68457,A,,F
M,GB,GBP,A,0,6,A, Exchange rates against USD United Kingdom - Pound (sterling) - Monthly - Average of observations through period,1993-04,0.646472,A,,F
M,GB,GBP,A,0,6,A, Exchange rates against USD United Kingdom - Pound (sterling) - Monthly - Average of observations through period,1993-05,0.645676,A,,F
M,GB,GBP,A,0,6,A, Exchange rates against USD United Kingdom - Pound (sterling) - Monthly - Average of observations through period,1993-06,0.661776,A,,F
M,GB,GBP,A,0,6,A, Exchange rates against USD United Kingdom - Pound (sterling) - Monthly - Average of observations through period,1993-07,0.667941,A,,F
M,GB,GBP,A,0,6,A, Exchange rates against USD United Kingdom - Pound (sterling) - Monthly - Average of observations through period,1993-08,0.670324,A,,F
M,GB,GBP,A,0,6,A, Exchange rates against USD United Kingdom - Pound (sterling) - Monthly - Average of observations through period,1993-09,0.655948,A,,F
M,GB,GBP,A,0,6,A, Exchange rates against USD United Kingdom - Pound (sterling) - Monthly - Average of observations through period,1993-10,0.665138,A,,F
M,GB,GBP,A,0,6,A, Exchange rates against USD United Kingdom - Pound (sterling) - Monthly - Average of observations through period,1993-11,0.675336,A,,F
M,GB,GBP,A,0,6,A, Exchange rates against USD United Kingdom - Pound (sterling) - Monthly - Average of observations through period,1993-12,0.670792,A,,F
M,GB,GBP,A,0,6,A, Exchange rates against USD United Kingdom - Pound (sterling) - Monthly - Average of observations through period,1994-01,0.669922,A,,F
M,GB,GBP,A,0,6,A, Exchange rates against USD United Kingdom - Pound (sterling) - Monthly - Average of observations through period,1994-02,0.676151,A,,F
M,GB,GBP,A,0,6,A, Exchange rates against USD United Kingdom - Pound (sterling) - Monthly - Average of observations through period,1994-03,0.670336,A,,F
M,GB,GBP,A,0,6,A, Exchange rates against USD United Kingdom - Pound (sterling) - Monthly - Average of observations through period,1994-04,0.674292,A,,F
M,GB,GBP,A,0,6,A, Exchange rates against USD United Kingdom - Pound (sterling) - Monthly - Average of observations through period,1994-05,0.665032,A,,F
M,GB,GBP,A,0,6,A, Exchange rates against USD United Kingdom - Pound (sterling) - Monthly - Average of observations through period,1994-06,0.655783,A,,F
M,GB,GBP,A,0,6,A, Exchange rates against USD United Kingdom - Pound (sterling) - Monthly - Average of observations through period,1994-07,0.647027,A,,F
M,GB,GBP,A,0,6,A, Exchange rates against USD United Kingdom - Pound (sterling) - Monthly - Average of observations through period,1994-08,0.648522,A,,F
M,GB,GBP,A,0,6,A, Exchange rates against USD United Kingdom - Pound (sterling) - Monthly - Average of observations through period,1994-09,0.639713,A,,F
M,GB,GBP,A,0,6,A, Exchange rates against USD United Kingdom - Pound (sterling) - Monthly - Average of observations through period,1994-10,0.622759,A,,F
M,GB,GBP,A,0,6,A, Exchange rates against USD United Kingdom - Pound (sterling) - Monthly - Average of observations through period,1994-11,0.629317,A,,F
M,GB,GBP,A,0,6,A, Exchange rates against USD United Kingdom - Pound (sterling) - Monthly - Average of observations through period,1994-12,0.641451,A,,F
M,GB,GBP,A,0,6,A, Exchange rates against USD United Kingdom - Pound (sterling) - Monthly - Average of observations through period,1995-01,0.63536,A,,F
M,GB,GBP,A,0,6,A, Exchange rates against USD United Kingdom - Pound (sterling) - Monthly - Average of observations through period,1995-02,0.63628,A,,F
M,GB,GBP,A,0,6,A, Exchange rates against USD United Kingdom - Pound (sterling) - Monthly - Average of observations through period,1995-03,0.624931,A,,F
M,GB,GBP,A,0,6,A, Exchange rates against USD United Kingdom - Pound (sterling) - Monthly - Average of observations through period,1995-04,0.621673,A,,F
M,GB,GBP,A,0,6,A, Exchange rates against USD United Kingdom - Pound (sterling) - Monthly - Average of observations through period,1995-05,0.629864,A,,F
M,GB,GBP,A,0,6,A, Exchange rates against USD United Kingdom - Pound (sterling) - Monthly - Average of observations through period,1995-06,0.62696,A,,F
M,GB,GBP,A,0,6,A, Exchange rates against USD United Kingdom - Pound (sterling) - Monthly - Average of observations through period,1995-07,0.626991,A,,F
M,GB,GBP,A,0,6,A, Exchange rates against USD United Kingdom - Pound (sterling) - Monthly - Average of observations through period,1995-08,0.637826,A,,F
M,GB,GBP,A,0,6,A, Exchange rates against USD United Kingdom - Pound (sterling) - Monthly - Average of observations through period,1995-09,0.642139,A,,F
M,GB,GBP,A,0,6,A, Exchange rates against USD United Kingdom - Pound (sterling) - Monthly - Average of observations through period,1995-10,0.633716,A,,F
M,GB,GBP,A,0,6,A, Exchange rates against USD United Kingdom - Pound (sterling) - Monthly - Average of observations through period,1995-11,0.639801,A,,F
M,GB,GBP,A,0,6,A, Exchange rates against USD United Kingdom - Pound (sterling) - Monthly - Average of observations through period,1995-12,0.649606,A,,F
M,GB,GBP,A,0,6,A, Exchange rates against USD United Kingdom - Pound (sterling) - Monthly - Average of observations through period,1996-01,0.653484,A,,F
M,GB,GBP,A,0,6,A, Exchange rates against USD United Kingdom - Pound (sterling) - Monthly - Average of observations through period,1996-02,0.651034,A,,F
M,GB,GBP,A,0,6,A, Exchange rates against USD United Kingdom - Pound (sterling) - Monthly - Average of observations through period,1996-03,0.654791,A,,F
M,GB,GBP,A,0,6,A, Exchange rates against USD United Kingdom - Pound (sterling) - Monthly - Average of observations through period,1996-04,0.659891,A,,F
M,GB,GBP,A,0,6,A, Exchange rates against USD United Kingdom - Pound (sterling) - Monthly - Average of observations through period,1996-05,0.659888,A,,F
M,GB,GBP,A,0,6,A, Exchange rates against USD United Kingdom - Pound (sterling) - Monthly - Average of observations through period,1996-06,0.648515,A,,F
M,GB,GBP,A,0,6,A, Exchange rates against USD United Kingdom - Pound (sterling) - Monthly - Average of observations through period,1996-07,0.643523,A,,F
M,GB,GBP,A,0,6,A, Exchange rates against USD United Kingdom - Pound (sterling) - Monthly - Average of observations through period,1996-08,0.645189,A,,F
M,GB,GBP,A,0,6,A, Exchange rates against USD United Kingdom - Pound (sterling) - Monthly - Average of observations through period,1996-09,0.641299,A,,F
M,GB,GBP,A,0,6,A, Exchange rates against USD United Kingdom - Pound (sterling) - Monthly - Average of observations through period,1996-10,0.63077,A,,F
M,GB,GBP,A,0,6,A, Exchange rates against USD United Kingdom - Pound (sterling) - Monthly - Average of observations through period,1996-11,0.601497,A,,F
M,GB,GBP,A,0,6,A, Exchange rates against USD United Kingdom - Pound (sterling) - Monthly - Average of observations through period,1996-12,0.601198,A,,F
M,GB,GBP,A,0,6,A, Exchange rates against USD United Kingdom - Pound (sterling) - Monthly - Average of observations through period,1997-01,0.602356,A,,F
M,GB,GBP,A,0,6,A, Exchange rates against USD United Kingdom - Pound (sterling) - Monthly - Average of observations through period,1997-02,0.615082,A,,F
M,GB,GBP,A,0,6,A, Exchange rates against USD United Kingdom - Pound (sterling) - Monthly - Average of observations through period,1997-03,0.622786,A,,F
M,GB,GBP,A,0,6,A, Exchange rates against USD United Kingdom - Pound (sterling) - Monthly - Average of observations through period,1997-04,0.613776,A,,F
M,GB,GBP,A,0,6,A, Exchange rates against USD United Kingdom - Pound (sterling) - Monthly - Average of observations through period,1997-05,0.612159,A,,F
M,GB,GBP,A,0,6,A, Exchange rates against USD United Kingdom - Pound (sterling) - Monthly - Average of observations through period,1997-06,0.608175,A,,F
M,GB,GBP,A,0,6,A, Exchange rates against USD United Kingdom - Pound (sterling) - Monthly - Average of observations through period,1997-07,0.598284,A,,F
M,GB,GBP,A,0,6,A, Exchange rates against USD United Kingdom - Pound (sterling) - Monthly - Average of observations through period,1997-08,0.62388,A,,F
M,GB,GBP,A,0,6,A, Exchange rates against USD United Kingdom - Pound (sterling) - Monthly - Average of observations through period,1997-09,0.625036,A,,F
M,GB,GBP,A,0,6,A, Exchange rates against USD United Kingdom - Pound (sterling) - Monthly - Average of observations through period,1997-10,0.613047,A,,F
M,GB,GBP,A,0,6,A, Exchange rates against USD United Kingdom - Pound (sterling) - Monthly - Average of observations through period,1997-11,0.592401,A,,F
M,GB,GBP,A,0,6,A, Exchange rates against USD United Kingdom - Pound (sterling) - Monthly - Average of observations through period,1997-12,0.602091,A,,F
M,GB,GBP,A,0,6,A, Exchange rates against USD United Kingdom - Pound (sterling) - Monthly - Average of observations through period,1998-01,0.61145,A,,F
M,GB,GBP,A,0,6,A, Exchange rates against USD United Kingdom - Pound (sterling) - Monthly - Average of observations through period,1998-02,0.609936,A,,F
M,GB,GBP,A,0,6,A, Exchange rates against USD United Kingdom - Pound (sterling) - Monthly - Average of observations through period,1998-03,0.601882,A,,F
M,GB,GBP,A,0,6,A, Exchange rates against USD United Kingdom - Pound (sterling) - Monthly - Average of observations through period,1998-04,0.598162,A,,F
M,GB,GBP,A,0,6,A, Exchange rates against USD United Kingdom - Pound (sterling) - Monthly - Average of observations through period,1998-05,0.610838,A,,F
M,GB,GBP,A,0,6,A, Exchange rates against USD United Kingdom - Pound (sterling) - Monthly - Average of observations through period,1998-06,0.605551,A,,F
M,GB,GBP,A,0,6,A, Exchange rates against USD United Kingdom - Pound (sterling) - Monthly - Average of observations through period,1998-07,0.60835,A,,F
M,GB,GBP,A,0,6,A, Exchange rates against USD United Kingdom - Pound (sterling) - Monthly - Average of observations through period,1998-08,0.612329,A,,F
M,GB,GBP,A,0,6,A, Exchange rates against USD United Kingdom - Pound (sterling) - Monthly - Average of observations through period,1998-09,0.595022,A,,F
M,GB,GBP,A,0,6,A, Exchange rates against USD United Kingdom - Pound (sterling) - Monthly - Average of observations through period,1998-10,0.59026,A,,F
M,GB,GBP,A,0,6,A, Exchange rates against USD United Kingdom - Pound (sterling) - Monthly - Average of observations through period,1998-11,0.601768,A,,F
M,GB,GBP,A,0,6,A, Exchange rates against USD United Kingdom - Pound (sterling) - Monthly - Average of observations through period,1998-12,0.598753,A,,F
M,GB,GBP,A,0,6,A, Exchange rates against USD United Kingdom - Pound (sterling) - Monthly - Average of observations through period,1999-01,0.605563,A,,F
M,GB,GBP,A,0,6,A, Exchange rates against USD United Kingdom - Pound (sterling) - Monthly - Average of observations through period,1999-02,0.614363,A,,F
M,GB,GBP,A,0,6,A, Exchange rates against USD United Kingdom - Pound (sterling) - Monthly - Average of observations through period,1999-03,0.616818,A,,F
M,GB,GBP,A,0,6,A, Exchange rates against USD United Kingdom - Pound (sterling) - Monthly - Average of observations through period,1999-04,0.621252,A,,F
M,GB,GBP,A,0,6,A, Exchange rates against USD United Kingdom - Pound (sterling) - Monthly - Average of observations through period,1999-05,0.619384,A,,F
M,GB,GBP,A,0,6,A, Exchange rates against USD United Kingdom - Pound (sterling) - Monthly - Average of observations through period,1999-06,0.62661,A,,F
M,GB,GBP,A,0,6,A, Exchange rates against USD United Kingdom - Pound (sterling) - Monthly - Average of observations through period,1999-07,0.635496,A,,F
M,GB,GBP,A,0,6,A, Exchange rates against USD United Kingdom - Pound (sterling) - Monthly - Average of observations through period,1999-08,0.6226,A,,F
M,GB,GBP,A,0,6,A, Exchange rates against USD United Kingdom - Pound (sterling) - Monthly - Average of observations through period,1999-09,0.615986,A,,F
M,GB,GBP,A,0,6,A, Exchange rates against USD United Kingdom - Pound (sterling) - Monthly - Average of observations through period,1999-10,0.60329,A,,F
M,GB,GBP,A,0,6,A, Exchange rates against USD United Kingdom - Pound (sterling) - Monthly - Average of observations through period,1999-11,0.616241,A,,F
M,GB,GBP,A,0,6,A, Exchange rates against USD United Kingdom - Pound (sterling) - Monthly - Average of observations through period,1999-12,0.619697,A,,F
M,GB,GBP,A,0,6,A, Exchange rates against USD United Kingdom - Pound (sterling) - Monthly - Average of observations through period,2000-01,0.610007,A,,F
M,GB,GBP,A,0,6,A, Exchange rates against USD United Kingdom - Pound (sterling) - Monthly - Average of observations through period,2000-02,0.625036,A,,F
M,GB,GBP,A,0,6,A, Exchange rates against USD United Kingdom - Pound (sterling) - Monthly - Average of observations through period,2000-03,0.633201,A,,F
M,GB,GBP,A,0,6,A, Exchange rates against USD United Kingdom - Pound (sterling) - Monthly - Average of observations through period,2000-04,0.631557,A,,F
M,GB,GBP,A,0,6,A, Exchange rates against USD United Kingdom - Pound (sterling) - Monthly - Average of observations through period,2000-05,0.663911,A,,F
M,GB,GBP,A,0,6,A, Exchange rates against USD United Kingdom - Pound (sterling) - Monthly - Average of observations through period,2000-06,0.662984,A,,F
M,GB,GBP,A,0,6,A, Exchange rates against USD United Kingdom - Pound (sterling) - Monthly - Average of observations through period,2000-07,0.663079,A,,F
M,GB,GBP,A,0,6,A, Exchange rates against USD United Kingdom - Pound (sterling) - Monthly - Average of observations through period,2000-08,0.671571,A,,F
M,GB,GBP,A,0,6,A, Exchange rates against USD United Kingdom - Pound (sterling) - Monthly - Average of observations through period,2000-09,0.69701,A,,F
M,GB,GBP,A,0,6,A, Exchange rates against USD United Kingdom - Pound (sterling) - Monthly - Average of observations through period,2000-10,0.689216,A,,F
M,GB,GBP,A,0,6,A, Exchange rates against USD United Kingdom - Pound (sterling) - Monthly - Average of observations through period,2000-11,0.701118,A,,F
M,GB,GBP,A,0,6,A, Exchange rates against USD United Kingdom - Pound (sterling) - Monthly - Average of observations through period,2000-12,0.683774,A,,F
M,GB,GBP,A,0,6,A, Exchange rates against USD United Kingdom - Pound (sterling) - Monthly - Average of observations through period,2001-01,0.676642,A,,F
M,GB,GBP,A,0,6,A, Exchange rates against USD United Kingdom - Pound (sterling) - Monthly - Average of observations through period,2001-02,0.687909,A,,F
M,GB,GBP,A,0,6,A, Exchange rates against USD United Kingdom - Pound (sterling) - Monthly - Average of observations through period,2001-03,0.691889,A,,F
M,GB,GBP,A,0,6,A, Exchange rates against USD United Kingdom - Pound (sterling) - Monthly - Average of observations through period,2001-04,0.696983,A,,F
M,GB,GBP,A,0,6,A, Exchange rates against USD United Kingdom - Pound (sterling) - Monthly - Average of observations through period,2001-05,0.701599,A,,F
M,GB,GBP,A,0,6,A, Exchange rates against USD United Kingdom - Pound (sterling) - Monthly - Average of observations through period,2001-06,0.713719,A,,F
M,GB,GBP,A,0,6,A, Exchange rates against USD United Kingdom - Pound (sterling) - Monthly - Average of observations through period,2001-07,0.707161,A,,F
M,GB,GBP,A,0,6,A, Exchange rates against USD United Kingdom - Pound (sterling) - Monthly - Average of observations through period,2001-08,0.69607,A,,F
M,GB,GBP,A,0,6,A, Exchange rates against USD United Kingdom - Pound (sterling) - Monthly - Average of observations through period,2001-09,0.683739,A,,F
M,GB,GBP,A,0,6,A, Exchange rates against USD United Kingdom - Pound (sterling) - Monthly - Average of observations through period,2001-10,0.688862,A,,F
M,GB,GBP,A,0,6,A, Exchange rates against USD United Kingdom - Pound (sterling) - Monthly - Average of observations through period,2001-11,0.696211,A,,F
M,GB,GBP,A,0,6,A, Exchange rates against USD United Kingdom - Pound (sterling) - Monthly - Average of observations through period,2001-12,0.694931,A,,F
M,GB,GBP,A,0,6,A, Exchange rates against USD United Kingdom - Pound (sterling) - Monthly - Average of observations through period,2002-01,0.698152,A,,F
M,GB,GBP,A,0,6,A, Exchange rates against USD United Kingdom - Pound (sterling) - Monthly - Average of observations through period,2002-02,0.702972,A,,F
M,GB,GBP,A,0,6,A, Exchange rates against USD United Kingdom - Pound (sterling) - Monthly - Average of observations through period,2002-03,0.70306,A,,F
M,GB,GBP,A,0,6,A, Exchange rates against USD United Kingdom - Pound (sterling) - Monthly - Average of observations through period,2002-04,0.693239,A,,F
M,GB,GBP,A,0,6,A, Exchange rates against USD United Kingdom - Pound (sterling) - Monthly - Average of observations through period,2002-05,0.685098,A,,F
M,GB,GBP,A,0,6,A, Exchange rates against USD United Kingdom - Pound (sterling) - Monthly - Average of observations through period,2002-06,0.674292,A,,F
M,GB,GBP,A,0,6,A, Exchange rates against USD United Kingdom - Pound (sterling) - Monthly - Average of observations through period,2002-07,0.643803,A,,F
M,GB,GBP,A,0,6,A, Exchange rates against USD United Kingdom - Pound (sterling) - Monthly - Average of observations through period,2002-08,0.650823,A,,F
M,GB,GBP,A,0,6,A, Exchange rates against USD United Kingdom - Pound (sterling) - Monthly - Average of observations through period,2002-09,0.642961,A,,F
M,GB,GBP,A,0,6,A, Exchange rates against USD United Kingdom - Pound (sterling) - Monthly - Average of observations through period,2002-10,0.642083,A,,F
M,GB,GBP,A,0,6,A, Exchange rates against USD United Kingdom - Pound (sterling) - Monthly - Average of observations through period,2002-11,0.636254,A,,F
M,GB,GBP,A,0,6,A, Exchange rates against USD United Kingdom - Pound (sterling) - Monthly - Average of observations through period,2002-12,0.630761,A,,F
M,GB,GBP,A,0,6,A, Exchange rates against USD United Kingdom - Pound (sterling) - Monthly - Average of observations through period,2003-01,0.618716,A,,F
M,GB,GBP,A,0,6,A, Exchange rates against USD United Kingdom - Pound (sterling) - Monthly - Average of observations through period,2003-02,0.621734,A,,F
M,GB,GBP,A,0,6,A, Exchange rates against USD United Kingdom - Pound (sterling) - Monthly - Average of observations through period,2003-03,0.6317,A,,F
M,GB,GBP,A,0,6,A, Exchange rates against USD United Kingdom - Pound (sterling) - Monthly - Average of observations through period,2003-04,0.635245,A,,F
M,GB,GBP,A,0,6,A, Exchange rates against USD United Kingdom - Pound (sterling) - Monthly - Average of observations through period,2003-05,0.615894,A,,F
M,GB,GBP,A,0,6,A, Exchange rates against USD United Kingdom - Pound (sterling) - Monthly - Average of observations through period,2003-06,0.602131,A,,F
M,GB,GBP,A,0,6,A, Exchange rates against USD United Kingdom - Pound (sterling) - Monthly - Average of observations through period,2003-07,0.616005,A,,F
M,GB,GBP,A,0,6,A, Exchange rates against USD United Kingdom - Pound (sterling) - Monthly - Average of observations through period,2003-08,0.62782,A,,F
M,GB,GBP,A,0,6,A, Exchange rates against USD United Kingdom - Pound (sterling) - Monthly - Average of observations through period,2003-09,0.621316,A,,F
M,GB,GBP,A,0,6,A, Exchange rates against USD United Kingdom - Pound (sterling) - Monthly - Average of observations through period,2003-10,0.596683,A,,F
M,GB,GBP,A,0,6,A, Exchange rates against USD United Kingdom - Pound (sterling) - Monthly - Average of observations through period,2003-11,0.592093,A,,F
M,GB,GBP,A,0,6,A, Exchange rates against USD United Kingdom - Pound (sterling) - Monthly - Average of observations through period,2003-12,0.571451,A,,F
M,GB,GBP,A,0,6,A, Exchange rates against USD United Kingdom - Pound (sterling) - Monthly - Average of observations through period,2004-01,0.548782,A,,F
M,GB,GBP,A,0,6,A, Exchange rates against USD United Kingdom - Pound (sterling) - Monthly - Average of observations through period,2004-02,0.535303,A,,F
M,GB,GBP,A,0,6,A, Exchange rates against USD United Kingdom - Pound (sterling) - Monthly - Average of observations through period,2004-03,0.547457,A,,F
M,GB,GBP,A,0,6,A, Exchange rates against USD United Kingdom - Pound (sterling) - Monthly - Average of observations through period,2004-04,0.555201,A,,F
M,GB,GBP,A,0,6,A, Exchange rates against USD United Kingdom - Pound (sterling) - Monthly - Average of observations through period,2004-05,0.559379,A,,F
M,GB,GBP,A,0,6,A, Exchange rates against USD United Kingdom - Pound (sterling) - Monthly - Average of observations through period,2004-06,0.547275,A,,F
M,GB,GBP,A,0,6,A, Exchange rates against USD United Kingdom - Pound (sterling) - Monthly - Average of observations through period,2004-07,0.542817,A,,F
M,GB,GBP,A,0,6,A, Exchange rates against USD United Kingdom - Pound (sterling) - Monthly - Average of observations through period,2004-08,0.549815,A,,F
M,GB,GBP,A,0,6,A, Exchange rates against USD United Kingdom - Pound (sterling) - Monthly - Average of observations through period,2004-09,0.557648,A,,F
M,GB,GBP,A,0,6,A, Exchange rates against USD United Kingdom - Pound (sterling) - Monthly - Average of observations through period,2004-10,0.5537,A,,F
M,GB,GBP,A,0,6,A, Exchange rates against USD United Kingdom - Pound (sterling) - Monthly - Average of observations through period,2004-11,0.537823,A,,F
M,GB,GBP,A,0,6,A, Exchange rates against USD United Kingdom - Pound (sterling) - Monthly - Average of observations through period,2004-12,0.518367,A,,F
M,GB,GBP,A,0,6,A, Exchange rates against USD United Kingdom - Pound (sterling) - Monthly - Average of observations through period,2005-01,0.53257,A,,F
M,GB,GBP,A,0,6,A, Exchange rates against USD United Kingdom - Pound (sterling) - Monthly - Average of observations through period,2005-02,0.530001,A,,F
M,GB,GBP,A,0,6,A, Exchange rates against USD United Kingdom - Pound (sterling) - Monthly - Average of observations through period,2005-03,0.52452,A,,F
M,GB,GBP,A,0,6,A, Exchange rates against USD United Kingdom - Pound (sterling) - Monthly - Average of observations through period,2005-04,0.527874,A,,F
M,GB,GBP,A,0,6,A, Exchange rates against USD United Kingdom - Pound (sterling) - Monthly - Average of observations through period,2005-05,0.538946,A,,F
M,GB,GBP,A,0,6,A, Exchange rates against USD United Kingdom - Pound (sterling) - Monthly - Average of observations through period,2005-06,0.54991,A,,F
M,GB,GBP,A,0,6,A, Exchange rates against USD United Kingdom - Pound (sterling) - Monthly - Average of observations through period,2005-07,0.57121,A,,F
M,GB,GBP,A,0,6,A, Exchange rates against USD United Kingdom - Pound (sterling) - Monthly - Average of observations through period,2005-08,0.55748,A,,F
M,GB,GBP,A,0,6,A, Exchange rates against USD United Kingdom - Pound (sterling) - Monthly - Average of observations through period,2005-09,0.552959,A,,F
M,GB,GBP,A,0,6,A, Exchange rates against USD United Kingdom - Pound (sterling) - Monthly - Average of observations through period,2005-10,0.56713,A,,F
M,GB,GBP,A,0,6,A, Exchange rates against USD United Kingdom - Pound (sterling) - Monthly - Average of observations through period,2005-11,0.576448,A,,F
M,GB,GBP,A,0,6,A, Exchange rates against USD United Kingdom - Pound (sterling) - Monthly - Average of observations through period,2005-12,0.572926,A,,F
M,GB,GBP,A,0,6,A, Exchange rates against USD United Kingdom - Pound (sterling) - Monthly - Average of observations through period,2006-01,0.566827,A,,F
M,GB,GBP,A,0,6,A, Exchange rates against USD United Kingdom - Pound (sterling) - Monthly - Average of observations through period,2006-02,0.572105,A,,F
M,GB,GBP,A,0,6,A, Exchange rates against USD United Kingdom - Pound (sterling) - Monthly - Average of observations through period,2006-03,0.573511,A,,F
M,GB,GBP,A,0,6,A, Exchange rates against USD United Kingdom - Pound (sterling) - Monthly - Average of observations through period,2006-04,0.566133,A,,F
M,GB,GBP,A,0,6,A, Exchange rates against USD United Kingdom - Pound (sterling) - Monthly - Average of observations through period,2006-05,0.535125,A,,F
M,GB,GBP,A,0,6,A, Exchange rates against USD United Kingdom - Pound (sterling) - Monthly - Average of observations through period,2006-06,0.542856,A,,F
M,GB,GBP,A,0,6,A, Exchange rates against USD United Kingdom - Pound (sterling) - Monthly - Average of observations through period,2006-07,0.542298,A,,F
M,GB,GBP,A,0,6,A, Exchange rates against USD United Kingdom - Pound (sterling) - Monthly - Average of observations through period,2006-08,0.528202,A,,F
M,GB,GBP,A,0,6,A, Exchange rates against USD United Kingdom - Pound (sterling) - Monthly - Average of observations through period,2006-09,0.530446,A,,F
M,GB,GBP,A,0,6,A, Exchange rates against USD United Kingdom - Pound (sterling) - Monthly - Average of observations through period,2006-10,0.533315,A,,F
M,GB,GBP,A,0,6,A, Exchange rates against USD United Kingdom - Pound (sterling) - Monthly - Average of observations through period,2006-11,0.523267,A,,F
M,GB,GBP,A,0,6,A, Exchange rates against USD United Kingdom - Pound (sterling) - Monthly - Average of observations through period,2006-12,0.509256,A,,F
M,GB,GBP,A,0,6,A, Exchange rates against USD United Kingdom - Pound (sterling) - Monthly - Average of observations through period,2007-01,0.510366,A,,F
M,GB,GBP,A,0,6,A, Exchange rates against USD United Kingdom - Pound (sterling) - Monthly - Average of observations through period,2007-02,0.510931,A,,F
M,GB,GBP,A,0,6,A, Exchange rates against USD United Kingdom - Pound (sterling) - Monthly - Average of observations through period,2007-03,0.513708,A,,F
M,GB,GBP,A,0,6,A, Exchange rates against USD United Kingdom - Pound (sterling) - Monthly - Average of observations through period,2007-04,0.502632,A,,F
M,GB,GBP,A,0,6,A, Exchange rates against USD United Kingdom - Pound (sterling) - Monthly - Average of observations through period,2007-05,0.504291,A,,F
M,GB,GBP,A,0,6,A, Exchange rates against USD United Kingdom - Pound (sterling) - Monthly - Average of observations through period,2007-06,0.503512,A,,F
M,GB,GBP,A,0,6,A, Exchange rates against USD United Kingdom - Pound (sterling) - Monthly - Average of observations through period,2007-07,0.491724,A,,F
M,GB,GBP,A,0,6,A, Exchange rates against USD United Kingdom - Pound (sterling) - Monthly - Average of observations through period,2007-08,0.497492,A,,F
M,GB,GBP,A,0,6,A, Exchange rates against USD United Kingdom - Pound (sterling) - Monthly - Average of observations through period,2007-09,0.495723,A,,F
M,GB,GBP,A,0,6,A, Exchange rates against USD United Kingdom - Pound (sterling) - Monthly - Average of observations through period,2007-10,0.489311,A,,F
M,GB,GBP,A,0,6,A, Exchange rates against USD United Kingdom - Pound (sterling) - Monthly - Average of observations through period,2007-11,0.482812,A,,F
M,GB,GBP,A,0,6,A, Exchange rates against USD United Kingdom - Pound (sterling) - Monthly - Average of observations through period,2007-12,0.494632,A,,F
M,GB,GBP,A,0,6,A, Exchange rates against USD United Kingdom - Pound (sterling) - Monthly - Average of observations through period,2008-01,0.507728,A,,F
M,GB,GBP,A,0,6,A, Exchange rates against USD United Kingdom - Pound (sterling) - Monthly - Average of observations through period,2008-02,0.509204,A,,F
M,GB,GBP,A,0,6,A, Exchange rates against USD United Kingdom - Pound (sterling) - Monthly - Average of observations through period,2008-03,0.499121,A,,F
M,GB,GBP,A,0,6,A, Exchange rates against USD United Kingdom - Pound (sterling) - Monthly - Average of observations through period,2008-04,0.504663,A,,F
M,GB,GBP,A,0,6,A, Exchange rates against USD United Kingdom - Pound (sterling) - Monthly - Average of observations through period,2008-05,0.509169,A,,F
M,GB,GBP,A,0,6,A, Exchange rates against USD United Kingdom - Pound (sterling) - Monthly - Average of observations through period,2008-06,0.508952,A,,F
M,GB,GBP,A,0,6,A, Exchange rates against USD United Kingdom - Pound (sterling) - Monthly - Average of observations through period,2008-07,0.502925,A,,F
M,GB,GBP,A,0,6,A, Exchange rates against USD United Kingdom - Pound (sterling) - Monthly - Average of observations through period,2008-08,0.529656,A,,F
M,GB,GBP,A,0,6,A, Exchange rates against USD United Kingdom - Pound (sterling) - Monthly - Average of observations through period,2008-09,0.556342,A,,F
M,GB,GBP,A,0,6,A, Exchange rates against USD United Kingdom - Pound (sterling) - Monthly - Average of observations through period,2008-10,0.59144,A,,F
M,GB,GBP,A,0,6,A, Exchange rates against USD United Kingdom - Pound (sterling) - Monthly - Average of observations through period,2008-11,0.652498,A,,F
M,GB,GBP,A,0,6,A, Exchange rates against USD United Kingdom - Pound (sterling) - Monthly - Average of observations through period,2008-12,0.672608,A,,F
M,GB,GBP,A,0,6,A, Exchange rates against USD United Kingdom - Pound (sterling) - Monthly - Average of observations through period,2009-01,0.693946,A,,F
M,GB,GBP,A,0,6,A, Exchange rates against USD United Kingdom - Pound (sterling) - Monthly - Average of observations through period,2009-02,0.693783,A,,F
M,GB,GBP,A,0,6,A, Exchange rates against USD United Kingdom - Pound (sterling) - Monthly - Average of observations through period,2009-03,0.705064,A,,F
M,GB,GBP,A,0,6,A, Exchange rates against USD United Kingdom - Pound (sterling) - Monthly - Average of observations through period,2009-04,0.680507,A,,F
M,GB,GBP,A,0,6,A, Exchange rates against USD United Kingdom - Pound (sterling) - Monthly - Average of observations through period,2009-05,0.648193,A,,F
M,GB,GBP,A,0,6,A, Exchange rates against USD United Kingdom - Pound (sterling) - Monthly - Average of observations through period,2009-06,0.611228,A,,F
M,GB,GBP,A,0,6,A, Exchange rates against USD United Kingdom - Pound (sterling) - Monthly - Average of observations through period,2009-07,0.611149,A,,F
M,GB,GBP,A,0,6,A, Exchange rates against USD United Kingdom - Pound (sterling) - Monthly - Average of observations through period,2009-08,0.604637,A,,F
M,GB,GBP,A,0,6,A, Exchange rates against USD United Kingdom - Pound (sterling) - Monthly - Average of observations through period,2009-09,0.612113,A,,F
M,GB,GBP,A,0,6,A, Exchange rates against USD United Kingdom - Pound (sterling) - Monthly - Average of observations through period,2009-10,0.618002,A,,F
M,GB,GBP,A,0,6,A, Exchange rates against USD United Kingdom - Pound (sterling) - Monthly - Average of observations through period,2009-11,0.602737,A,,F
M,GB,GBP,A,0,6,A, Exchange rates against USD United Kingdom - Pound (sterling) - Monthly - Average of observations through period,2009-12,0.615827,A,,F
M,GB,GBP,A,0,6,A, Exchange rates against USD United Kingdom - Pound (sterling) - Monthly - Average of observations through period,2010-01,0.618727,A,,F
M,GB,GBP,A,0,6,A, Exchange rates against USD United Kingdom - Pound (sterling) - Monthly - Average of observations through period,2010-02,0.640189,A,,F
M,GB,GBP,A,0,6,A, Exchange rates against USD United Kingdom - Pound (sterling) - Monthly - Average of observations through period,2010-03,0.664514,A,,F
M,GB,GBP,A,0,6,A, Exchange rates against USD United Kingdom - Pound (sterling) - Monthly - Average of observations through period,2010-04,0.652393,A,,F
M,GB,GBP,A,0,6,A, Exchange rates against USD United Kingdom - Pound (sterling) - Monthly - Average of observations through period,2010-05,0.682452,A,,F
M,GB,GBP,A,0,6,A, Exchange rates against USD United Kingdom - Pound (sterling) - Monthly - Average of observations through period,2010-06,0.678042,A,,F
M,GB,GBP,A,0,6,A, Exchange rates against USD United Kingdom - Pound (sterling) - Monthly - Average of observations through period,2010-07,0.654503,A,,F
M,GB,GBP,A,0,6,A, Exchange rates against USD United Kingdom - Pound (sterling) - Monthly - Average of observations through period,2010-08,0.63888,A,,F
M,GB,GBP,A,0,6,A, Exchange rates against USD United Kingdom - Pound (sterling) - Monthly - Average of observations through period,2010-09,0.642893,A,,F
M,GB,GBP,A,0,6,A, Exchange rates against USD United Kingdom - Pound (sterling) - Monthly - Average of observations through period,2010-10,0.630594,A,,F
M,GB,GBP,A,0,6,A, Exchange rates against USD United Kingdom - Pound (sterling) - Monthly - Average of observations through period,2010-11,0.62611,A,,F
M,GB,GBP,A,0,6,A, Exchange rates against USD United Kingdom - Pound (sterling) - Monthly - Average of observations through period,2010-12,0.641569,A,,F
M,GB,GBP,A,0,6,A, Exchange rates against USD United Kingdom - Pound (sterling) - Monthly - Average of observations through period,2011-01,0.634199,A,,F
M,GB,GBP,A,0,6,A, Exchange rates against USD United Kingdom - Pound (sterling) - Monthly - Average of observations through period,2011-02,0.620102,A,,F
M,GB,GBP,A,0,6,A, Exchange rates against USD United Kingdom - Pound (sterling) - Monthly - Average of observations through period,2011-03,0.618992,A,,F
M,GB,GBP,A,0,6,A, Exchange rates against USD United Kingdom - Pound (sterling) - Monthly - Average of observations through period,2011-04,0.611432,A,,F
M,GB,GBP,A,0,6,A, Exchange rates against USD United Kingdom - Pound (sterling) - Monthly - Average of observations through period,2011-05,0.611899,A,,F
M,GB,GBP,A,0,6,A, Exchange rates against USD United Kingdom - Pound (sterling) - Monthly - Average of observations through period,2011-06,0.616827,A,,F
M,GB,GBP,A,0,6,A, Exchange rates against USD United Kingdom - Pound (sterling) - Monthly - Average of observations through period,2011-07,0.620295,A,,F
M,GB,GBP,A,0,6,A, Exchange rates against USD United Kingdom - Pound (sterling) - Monthly - Average of observations through period,2011-08,0.611235,A,,F
M,GB,GBP,A,0,6,A, Exchange rates against USD United Kingdom - Pound (sterling) - Monthly - Average of observations through period,2011-09,0.633225,A,,F
M,GB,GBP,A,0,6,A, Exchange rates against USD United Kingdom - Pound (sterling) - Monthly - Average of observations through period,2011-10,0.635168,A,,F
M,GB,GBP,A,0,6,A, Exchange rates against USD United Kingdom - Pound (sterling) - Monthly - Average of observations through period,2011-11,0.632583,A,,F
M,GB,GBP,A,0,6,A, Exchange rates against USD United Kingdom - Pound (sterling) - Monthly - Average of observations through period,2011-12,0.640485,A,,F
M,GB,GBP,A,0,6,A, Exchange rates against USD United Kingdom - Pound (sterling) - Monthly - Average of observations through period,2012-01,0.644854,A,,F
M,GB,GBP,A,0,6,A, Exchange rates against USD United Kingdom - Pound (sterling) - Monthly - Average of observations through period,2012-02,0.632921,A,,F
M,GB,GBP,A,0,6,A, Exchange rates against USD United Kingdom - Pound (sterling) - Monthly - Average of observations through period,2012-03,0.632159,A,,F
M,GB,GBP,A,0,6,A, Exchange rates against USD United Kingdom - Pound (sterling) - Monthly - Average of observations through period,2012-04,0.624465,A,,F
M,GB,GBP,A,0,6,A, Exchange rates against USD United Kingdom - Pound (sterling) - Monthly - Average of observations through period,2012-05,0.628588,A,,F
M,GB,GBP,A,0,6,A, Exchange rates against USD United Kingdom - Pound (sterling) - Monthly - Average of observations through period,2012-06,0.643309,A,,F
M,GB,GBP,A,0,6,A, Exchange rates against USD United Kingdom - Pound (sterling) - Monthly - Average of observations through period,2012-07,0.641486,A,,F
M,GB,GBP,A,0,6,A, Exchange rates against USD United Kingdom - Pound (sterling) - Monthly - Average of observations through period,2012-08,0.636191,A,,F
M,GB,GBP,A,0,6,A, Exchange rates against USD United Kingdom - Pound (sterling) - Monthly - Average of observations through period,2012-09,0.620961,A,,F
M,GB,GBP,A,0,6,A, Exchange rates against USD United Kingdom - Pound (sterling) - Monthly - Average of observations through period,2012-10,0.62174,A,,F
M,GB,GBP,A,0,6,A, Exchange rates against USD United Kingdom - Pound (sterling) - Monthly - Average of observations through period,2012-11,0.626697,A,,F
M,GB,GBP,A,0,6,A, Exchange rates against USD United Kingdom - Pound (sterling) - Monthly - Average of observations through period,2012-12,0.619232,A,,F
M,GB,GBP,A,0,6,A, Exchange rates against USD United Kingdom - Pound (sterling) - Monthly - Average of observations through period,2013-01,0.626616,A,,F
M,GB,GBP,A,0,6,A, Exchange rates against USD United Kingdom - Pound (sterling) - Monthly - Average of observations through period,2013-02,0.645725,A,,F
M,GB,GBP,A,0,6,A, Exchange rates against USD United Kingdom - Pound (sterling) - Monthly - Average of observations through period,2013-03,0.663352,A,,F
M,GB,GBP,A,0,6,A, Exchange rates against USD United Kingdom - Pound (sterling) - Monthly - Average of observations through period,2013-04,0.653146,A,,F
M,GB,GBP,A,0,6,A, Exchange rates against USD United Kingdom - Pound (sterling) - Monthly - Average of observations through period,2013-05,0.654142,A,,F
M,GB,GBP,A,0,6,A, Exchange rates against USD United Kingdom - Pound (sterling) - Monthly - Average of observations through period,2013-06,0.64599,A,,F
M,GB,GBP,A,0,6,A, Exchange rates against USD United Kingdom - Pound (sterling) - Monthly - Average of observations through period,2013-07,0.65902,A,,F
M,GB,GBP,A,0,6,A, Exchange rates against USD United Kingdom - Pound (sterling) - Monthly - Average of observations through period,2013-08,0.645451,A,,F
M,GB,GBP,A,0,6,A, Exchange rates against USD United Kingdom - Pound (sterling) - Monthly - Average of observations through period,2013-09,0.630673,A,,F
M,GB,GBP,A,0,6,A, Exchange rates against USD United Kingdom - Pound (sterling) - Monthly - Average of observations through period,2013-10,0.621353,A,,F
M,GB,GBP,A,0,6,A, Exchange rates against USD United Kingdom - Pound (sterling) - Monthly - Average of observations through period,2013-11,0.620937,A,,F
M,GB,GBP,A,0,6,A, Exchange rates against USD United Kingdom - Pound (sterling) - Monthly - Average of observations through period,2013-12,0.610345,A,,F
M,GB,GBP,A,0,6,A, Exchange rates against USD United Kingdom - Pound (sterling) - Monthly - Average of observations through period,2014-01,0.607445,A,,F
M,GB,GBP,A,0,6,A, Exchange rates against USD United Kingdom - Pound (sterling) - Monthly - Average of observations through period,2014-02,0.604128,A,,F
M,GB,GBP,A,0,6,A, Exchange rates against USD United Kingdom - Pound (sterling) - Monthly - Average of observations through period,2014-03,0.601699,A,,F
M,GB,GBP,A,0,6,A, Exchange rates against USD United Kingdom - Pound (sterling) - Monthly - Average of observations through period,2014-04,0.597434,A,,F
M,GB,GBP,A,0,6,A, Exchange rates against USD United Kingdom - Pound (sterling) - Monthly - Average of observations through period,2014-05,0.593767,A,,F
M,GB,GBP,A,0,6,A, Exchange rates against USD United Kingdom - Pound (sterling) - Monthly - Average of observations through period,2014-06,0.591576,A,,F
M,GB,GBP,A,0,6,A, Exchange rates against USD United Kingdom - Pound (sterling) - Monthly - Average of observations through period,2014-07,0.585801,A,,F
M,GB,GBP,A,0,6,A, Exchange rates against USD United Kingdom - Pound (sterling) - Monthly - Average of observations through period,2014-08,0.598769,A,,F
M,GB,GBP,A,0,6,A, Exchange rates against USD United Kingdom - Pound (sterling) - Monthly - Average of observations through period,2014-09,0.613241,A,,F
M,GB,GBP,A,0,6,A, Exchange rates against USD United Kingdom - Pound (sterling) - Monthly - Average of observations through period,2014-10,0.622296,A,,F
M,GB,GBP,A,0,6,A, Exchange rates against USD United Kingdom - Pound (sterling) - Monthly - Average of observations through period,2014-11,0.63384,A,,F
M,GB,GBP,A,0,6,A, Exchange rates against USD United Kingdom - Pound (sterling) - Monthly - Average of observations through period,2014-12,0.639286,A,,F
M,GB,GBP,A,0,6,A, Exchange rates against USD United Kingdom - Pound (sterling) - Monthly - Average of observations through period,2015-01,0.659874,A,,F
M,GB,GBP,A,0,6,A, Exchange rates against USD United Kingdom - Pound (sterling) - Monthly - Average of observations through period,2015-02,0.652448,A,,F
M,GB,GBP,A,0,6,A, Exchange rates against USD United Kingdom - Pound (sterling) - Monthly - Average of observations through period,2015-03,0.667782,A,,F
M,GB,GBP,A,0,6,A, Exchange rates against USD United Kingdom - Pound (sterling) - Monthly - Average of observations through period,2015-04,0.669149,A,,F
M,GB,GBP,A,0,6,A, Exchange rates against USD United Kingdom - Pound (sterling) - Monthly - Average of observations through period,2015-05,0.646932,A,,F
M,GB,GBP,A,0,6,A, Exchange rates against USD United Kingdom - Pound (sterling) - Monthly - Average of observations through period,2015-06,0.642839,A,,F
M,GB,GBP,A,0,6,A, Exchange rates against USD United Kingdom - Pound (sterling) - Monthly - Average of observations through period,2015-07,0.642836,A,,F
M,GB,GBP,A,0,6,A, Exchange rates against USD United Kingdom - Pound (sterling) - Monthly - Average of observations through period,2015-08,0.641214,A,,F
M,GB,GBP,A,0,6,A, Exchange rates against USD United Kingdom - Pound (sterling) - Monthly - Average of observations through period,2015-09,0.651725,A,,F
M,GB,GBP,A,0,6,A, Exchange rates against USD United Kingdom - Pound (sterling) - Monthly - Average of observations through period,2015-10,0.65233,A,,F
M,GB,GBP,A,0,6,A, Exchange rates against USD United Kingdom - Pound (sterling) - Monthly - Average of observations through period,2015-11,0.658187,A,,F
M,GB,GBP,A,0,6,A, Exchange rates against USD United Kingdom - Pound (sterling) - Monthly - Average of observations through period,2015-12,0.667406,A,,F
M,GB,GBP,A,0,6,A, Exchange rates against USD United Kingdom - Pound (sterling) - Monthly - Average of observations through period,2016-01,0.694838,A,,F
M,GB,GBP,A,0,6,A, Exchange rates against USD United Kingdom - Pound (sterling) - Monthly - Average of observations through period,2016-02,0.699249,A,,F
M,GB,GBP,A,0,6,A, Exchange rates against USD United Kingdom - Pound (sterling) - Monthly - Average of observations through period,2016-03,0.702987,A,,F
M,GB,GBP,A,0,6,A, Exchange rates against USD United Kingdom - Pound (sterling) - Monthly - Average of observations through period,2016-04,0.698722,A,,F
M,GB,GBP,A,0,6,A, Exchange rates against USD United Kingdom - Pound (sterling) - Monthly - Average of observations through period,2016-05,0.687614,A,,F
M,GB,GBP,A,0,6,A, Exchange rates against USD United Kingdom - Pound (sterling) - Monthly - Average of observations through period,2016-06,0.704188,A,,F
M,GB,GBP,A,0,6,A, Exchange rates against USD United Kingdom - Pound (sterling) - Monthly - Average of observations through period,2016-07,0.759878,A,,F
M,GB,GBP,A,0,6,A, Exchange rates against USD United Kingdom - Pound (sterling) - Monthly - Average of observations through period,2016-08,0.762791,A,,F
M,GB,GBP,A,0,6,A, Exchange rates against USD United Kingdom - Pound (sterling) - Monthly - Average of observations through period,2016-09,0.760146,A,,F
M,GB,GBP,A,0,6,A, Exchange rates against USD United Kingdom - Pound (sterling) - Monthly - Average of observations through period,2016-10,0.810832,A,,F
M,GB,GBP,A,0,6,A, Exchange rates against USD United Kingdom - Pound (sterling) - Monthly - Average of observations through period,2016-11,0.804643,A,,F
M,GB,GBP,A,0,6,A, Exchange rates against USD United Kingdom - Pound (sterling) - Monthly - Average of observations through period,2016-12,0.801046,A,,F
M,GB,GBP,A,0,6,A, Exchange rates against USD United Kingdom - Pound (sterling) - Monthly - Average of observations through period,2017-01,0.811219,A,,F
M,GB,GBP,A,0,6,A, Exchange rates against USD United Kingdom - Pound (sterling) - Monthly - Average of observations through period,2017-02,0.801255,A,,F
M,GB,GBP,A,0,6,A, Exchange rates against USD United Kingdom - Pound (sterling) - Monthly - Average of observations through period,2017-03,0.810213,A,,F
M,GB,GBP,A,0,6,A, Exchange rates against USD United Kingdom - Pound (sterling) - Monthly - Average of observations through period,2017-04,0.791172,A,,F
M,GB,GBP,A,0,6,A, Exchange rates against USD United Kingdom - Pound (sterling) - Monthly - Average of observations through period,2017-05,0.773732,A,,F
M,GB,GBP,A,0,6,A, Exchange rates against USD United Kingdom - Pound (sterling) - Monthly - Average of observations through period,2017-06,0.781223,A,,F
M,GB,GBP,A,0,6,A, Exchange rates against USD United Kingdom - Pound (sterling) - Monthly - Average of observations through period,2017-07,0.769885,A,,F
M,GB,GBP,A,0,6,A, Exchange rates against USD United Kingdom - Pound (sterling) - Monthly - Average of observations through period,2017-08,0.77178,A,,F
M,GB,GBP,A,0,6,A, Exchange rates against USD United Kingdom - Pound (sterling) - Monthly - Average of observations through period,2017-09,0.750922,A,,F
M,GB,GBP,A,0,6,A, Exchange rates against USD United Kingdom - Pound (sterling) - Monthly - Average of observations through period,2017-10,0.757681,A,,F
M,GB,GBP,A,0,6,A, Exchange rates against USD United Kingdom - Pound (sterling) - Monthly - Average of observations through period,2017-11,0.756511,A,,F
M,GB,GBP,A,0,6,A, Exchange rates against USD United Kingdom - Pound (sterling) - Monthly - Average of observations through period,2017-12,0.74573,A,,F
M,GB,GBP,A,0,6,A, Exchange rates against USD United Kingdom - Pound (sterling) - Monthly - Average of observations through period,2018-01,0.724229,A,,F
M,GB,GBP,A,0,6,A, Exchange rates against USD United Kingdom - Pound (sterling) - Monthly - Average of observations through period,2018-02,0.715919,A,,F
M,GB,GBP,A,0,6,A, Exchange rates against USD United Kingdom - Pound (sterling) - Monthly - Average of observations through period,2018-03,0.715687,A,,F
M,GB,GBP,A,0,6,A, Exchange rates against USD United Kingdom - Pound (sterling) - Monthly - Average of observations through period,2018-04,0.710468,A,,F
M,GB,GBP,A,0,6,A, Exchange rates against USD United Kingdom - Pound (sterling) - Monthly - Average of observations through period,2018-05,0.742731,A,,F
M,GB,GBP,A,0,6,A, Exchange rates against USD United Kingdom - Pound (sterling) - Monthly - Average of observations through period,2018-06,0.752594,A,,F
M,GB,GBP,A,0,6,A, Exchange rates against USD United Kingdom - Pound (sterling) - Monthly - Average of observations through period,2018-07,0.759279,A,,F
M,GB,GBP,A,0,6,A, Exchange rates against USD United Kingdom - Pound (sterling) - Monthly - Average of observations through period,2018-08,0.776637,A,,F
M,GB,GBP,A,0,6,A, Exchange rates against USD United Kingdom - Pound (sterling) - Monthly - Average of observations through period,2018-09,0.765824,A,,F
M,GB,GBP,A,0,6,A, Exchange rates against USD United Kingdom - Pound (sterling) - Monthly - Average of observations through period,2018-10,0.7687,A,,F
M,GB,GBP,A,0,6,A, Exchange rates against USD United Kingdom - Pound (sterling) - Monthly - Average of observations through period,2018-11,0.775233,A,,F
M,GB,GBP,A,0,6,A, Exchange rates against USD United Kingdom - Pound (sterling) - Monthly - Average of observations through period,2018-12,0.78859,A,,F
M,GB,GBP,A,0,6,A, Exchange rates against USD United Kingdom - Pound (sterling) - Monthly - Average of observations through period,2019-01,0.776097,A,,F
M,GB,GBP,A,0,6,A, Exchange rates against USD United Kingdom - Pound (sterling) - Monthly - Average of observations through period,2019-02,0.76879,A,,F
M,GB,GBP,A,0,6,A, Exchange rates against USD United Kingdom - Pound (sterling) - Monthly - Average of observations through period,2019-03,0.759331,A,,F
M,GB,GBP,A,0,6,A, Exchange rates against USD United Kingdom - Pound (sterling) - Monthly - Average of observations through period,2019-04,0.766854,A,,F
M,GB,GBP,A,0,6,A, Exchange rates against USD United Kingdom - Pound (sterling) - Monthly - Average of observations through period,2019-05,0.779445,A,,F
M,GB,GBP,A,0,6,A, Exchange rates against USD United Kingdom - Pound (sterling) - Monthly - Average of observations through period,2019-06,0.789036,A,,F
M,GB,GBP,A,0,6,A, Exchange rates against USD United Kingdom - Pound (sterling) - Monthly - Average of observations through period,2019-07,0.801769,A,,F
M,GB,GBP,A,0,6,A, Exchange rates against USD United Kingdom - Pound (sterling) - Monthly - Average of observations through period,2019-08,0.822856,A,,F
M,GB,GBP,A,0,6,A, Exchange rates against USD United Kingdom - Pound (sterling) - Monthly - Average of observations through period,2019-09,0.809655,A,,F
M,GB,GBP,A,0,6,A, Exchange rates against USD United Kingdom - Pound (sterling) - Monthly - Average of observations through period,2019-10,0.792132,A,,F
M,GB,GBP,A,0,6,A, Exchange rates against USD United Kingdom - Pound (sterling) - Monthly - Average of observations through period,2019-11,0.776056,A,,F
M,GB,GBP,A,0,6,A, Exchange rates against USD United Kingdom - Pound (sterling) - Monthly - Average of observations through period,2019-12,0.762434,A,,F
M,GB,GBP,A,0,6,A, Exchange rates against USD United Kingdom - Pound (sterling) - Monthly - Average of observations through period,2020-01,0.765091,A,,F
M,GB,GBP,A,0,6,A, Exchange rates against USD United Kingdom - Pound (sterling) - Monthly - Average of observations through period,2020-02,0.771162,A,,F
M,GB,GBP,A,0,6,A, Exchange rates against USD United Kingdom - Pound (sterling) - Monthly - Average of observations through period,2020-03,0.809157,A,,F
M,GB,GBP,A,0,6,A, Exchange rates against USD United Kingdom - Pound (sterling) - Monthly - Average of observations through period,2020-04,0.806015,A,,F
M,GB,GBP,A,0,6,A, Exchange rates against USD United Kingdom - Pound (sterling) - Monthly - Average of observations through period,2020-05,0.813492,A,,F
M,GB,GBP,A,0,6,A, Exchange rates against USD United Kingdom - Pound (sterling) - Monthly - Average of observations through period,2020-06,0.798621,A,,F
M,GB,GBP,A,0,6,A, Exchange rates against USD United Kingdom - Pound (sterling) - Monthly - Average of observations through period,2020-07,0.789358,A,,F
M,GB,GBP,A,0,6,A, Exchange rates against USD United Kingdom - Pound (sterling) - Monthly - Average of observations through period,2020-08,0.761603,A,,F
M,GB,GBP,A,0,6,A, Exchange rates against USD United Kingdom - Pound (sterling) - Monthly - Average of observations through period,2020-09,0.771296,A,,F
M,GB,GBP,A,0,6,A, Exchange rates against USD United Kingdom - Pound (sterling) - Monthly - Average of observations through period,2020-10,0.770622,A,,F
M,GB,GBP,A,0,6,A, Exchange rates against USD United Kingdom - Pound (sterling) - Monthly - Average of observations through period,2020-11,0.756973,A,,F
M,GB,GBP,A,0,6,A, Exchange rates against USD United Kingdom - Pound (sterling) - Monthly - Average of observations through period,2020-12,0.744699,A,,F
M,GB,GBP,A,0,6,A, Exchange rates against USD United Kingdom - Pound (sterling) - Monthly - Average of observations through period,2021-01,0.733442,A,,F
M,GB,GBP,A,0,6,A, Exchange rates against USD United Kingdom - Pound (sterling) - Monthly - Average of observations through period,2021-02,0.721383,A,,F
M,GB,GBP,A,0,6,A, Exchange rates against USD United Kingdom - Pound (sterling) - Monthly - Average of observations through period,2021-03,0.721703,A,,F
M,GB,GBP,A,0,6,A, Exchange rates against USD United Kingdom - Pound (sterling) - Monthly - Average of observations through period,2021-04,0.72234,A,,F
M,GB,GBP,A,0,6,A, Exchange rates against USD United Kingdom - Pound (sterling) - Monthly - Average of observations through period,2021-05,0.710217,A,,F
M,GB,GBP,A,0,6,A, Exchange rates against USD United Kingdom - Pound (sterling) - Monthly - Average of observations through period,2021-06,0.712869,A,,F
M,GB,GBP,A,0,6,A, Exchange rates against USD United Kingdom - Pound (sterling) - Monthly - Average of observations through period,2021-07,0.724206,A,,F
M,GB,GBP,A,0,6,A, Exchange rates against USD United Kingdom - Pound (sterling) - Monthly - Average of observations through period,2021-08,0.724522,A,,F
M,GB,GBP,A,0,6,A, Exchange rates against USD United Kingdom - Pound (sterling) - Monthly - Average of observations through period,2021-09,0.727997,A,,F
M,GB,GBP,A,0,6,A, Exchange rates against USD United Kingdom - Pound (sterling) - Monthly - Average of observations through period,2021-10,0.73004,A,,F
M,GB,GBP,A,0,6,A, Exchange rates against USD United Kingdom - Pound (sterling) - Monthly - Average of observations through period,2021-11,0.742882,A,,F
M,GB,GBP,A,0,6,A, Exchange rates against USD United Kingdom - Pound (sterling) - Monthly - Average of observations through period,2021-12,0.75086,A,,F
M,GB,GBP,A,0,6,A, Exchange rates against USD United Kingdom - Pound (sterling) - Monthly - Average of observations through period,2022-01,0.738057,A,,F
M,GB,GBP,A,0,6,A, Exchange rates against USD United Kingdom - Pound (sterling) - Monthly - Average of observations through period,2022-02,0.738761,A,,F
M,GB,GBP,A,0,6,A, Exchange rates against USD United Kingdom - Pound (sterling) - Monthly - Average of observations through period,2022-03,0.759054,A,,F
M,GB,GBP,A,0,6,A, Exchange rates against USD United Kingdom - Pound (sterling) - Monthly - Average of observations through period,2022-04,0.773415,A,,F
M,GB,GBP,A,0,6,A, Exchange rates against USD United Kingdom - Pound (sterling) - Monthly - Average of observations through period,2022-05,0.803284,A,,F
M,GB,GBP,A,0,6,A, Exchange rates against USD United Kingdom - Pound (sterling) - Monthly - Average of observations through period,2022-06,0.811781,A,,F
M,GB,GBP,A,0,6,A, Exchange rates against USD United Kingdom - Pound (sterling) - Monthly - Average of observations through period,2022-07,0.834665,A,,F
M,GB,GBP,A,0,6,A, Exchange rates against USD United Kingdom - Pound (sterling) - Monthly - Average of observations through period,2022-08,0.834418,A,,F
M,GB,GBP,A,0,6,A, Exchange rates against USD United Kingdom - Pound (sterling) - Monthly - Average of observations through period,2022-09,0.883518,A,,F
M,GB,GBP,A,0,6,A, Exchange rates against USD United Kingdom - Pound (sterling) - Monthly - Average of observations through period,2022-10,0.886136,A,,F
M,GB,GBP,A,0,6,A, Exchange rates against USD United Kingdom - Pound (sterling) - Monthly - Average of observations through period,2022-11,0.852182,A,,F
M,GB,GBP,A,0,6,A, Exchange rates against USD United Kingdom - Pound (sterling) - Monthly - Average of observations through period,2022-12,0.821135,A,,F
M,GB,GBP,A,0,6,A, Exchange rates against USD United Kingdom - Pound (sterling) - Monthly - Average of observations through period,2023-01,0.819235,A,,F
M,GB,GBP,A,0,6,A, Exchange rates against USD United Kingdom - Pound (sterling) - Monthly - Average of observations through period,2023-02,0.826466,A,,F
M,GB,GBP,A,0,6,A, Exchange rates against USD United Kingdom - Pound (sterling) - Monthly - Average of observations through period,2023-03,0.823874,A,,F
M,GB,GBP,A,0,6,A, Exchange rates against USD United Kingdom - Pound (sterling) - Monthly - Average of observations through period,2023-04,0.803409,A,,F
M,GB,GBP,A,0,6,A, Exchange rates against USD United Kingdom - Pound (sterling) - Monthly - Average of observations through period,2023-05,0.800978,A,,F
M,GB,GBP,A,0,6,A, Exchange rates against USD United Kingdom - Pound (sterling) - Monthly - Average of observations through period,2023-06,0.792151,A,,F
M,GB,GBP,A,0,6,A, Exchange rates against USD United Kingdom - Pound (sterling) - Monthly - Average of observations through period,2023-07,0.776475,A,,F
M,GB,GBP,A,0,6,A, Exchange rates against USD United Kingdom - Pound (sterling) - Monthly - Average of observations through period,2023-08,0.787377,A,,F
M,GB,GBP,A,0,6,A, Exchange rates against USD United Kingdom - Pound (sterling) - Monthly - Average of observations through period,2023-09,0.806504,A,,F
M,GB,GBP,A,0,6,A, Exchange rates against USD United Kingdom - Pound (sterling) - Monthly - Average of observations through period,2023-10,0.821765,A,,F
M,GB,GBP,A,0,6,A, Exchange rates against USD United Kingdom - Pound (sterling) - Monthly - Average of observations through period,2023-11,0.805484,A,,F
M,GB,GBP,A,0,6,A, Exchange rates against USD United Kingdom - Pound (sterling) - Monthly - Average of observations through period,2023-12,0.790353,A,,F
M,GB,GBP,A,0,6,A, Exchange rates against USD United Kingdom - Pound (sterling) - Monthly - Average of observations through period,2024-01,0.787457,A,,F
M,GB,GBP,A,0,6,A, Exchange rates against USD United Kingdom - Pound (sterling) - Monthly - Average of observations through period,2024-02,0.791754,A,,F
M,GB,GBP,A,0,6,A, Exchange rates against USD United Kingdom - Pound (sterling) - Monthly - Average of observations through period,2024-03,0.786643,A,,F
M,GB,GBP,A,0,6,A, Exchange rates against USD United Kingdom - Pound (sterling) - Monthly - Average of observations through period,2024-04,0.798509,A,,F
M,GB,GBP,A,0,6,A, Exchange rates against USD United Kingdom - Pound (sterling) - Monthly - Average of observations through period,2024-05,0.791389,A,,F
M,GB,GBP,A,0,6,A, Exchange rates against USD United Kingdom - Pound (sterling) - Monthly - Average of observations through period,2024-06,0.786737,A,,F
M,GB,GBP,A,0,6,A, Exchange rates against USD United Kingdom - Pound (sterling) - Monthly - Average of observations through period,2024-07,0.777704,A,,F
M,GB,GBP,A,0,6,A, Exchange rates against USD United Kingdom - Pound (sterling) - Monthly - Average of observations through period,2024-08,0.773332,A,,F
M,GB,GBP,A,0,6,A, Exchange rates against USD United Kingdom - Pound (sterling) - Monthly - Average of observations through period,2024-09,0.756569,A,,F
M,GB,GBP,A,0,6,A, Exchange rates against USD United Kingdom - Pound (sterling) - Monthly - Average of observations through period,2024-10,0.765754,A,,F
M,GB,GBP,A,0,6,A, Exchange rates against USD United Kingdom - Pound (sterling) - Monthly - Average of observations through period,2024-11,0.784472,A,,F
M,GB,GBP,A,0,6,A, Exchange rates against USD United Kingdom - Pound (sterling) - Monthly - Average of observations through period,2024-12,0.790238,A,,F
M,GB,GBP,A,0,6,A, Exchange rates against USD United Kingdom - Pound (sterling) - Monthly - Average of observations through period,2025-01,0.810462,A,,F
M,GB,GBP,A,0,6,A, Exchange rates against USD United Kingdom - Pound (sterling) - Monthly - Average of observations through period,2025-02,0.79784,A,,F
M,GB,GBP,A,0,6,A, Exchange rates against USD United Kingdom - Pound (sterling) - Monthly - Average of observations through period,2025-03,0.774577,A,,F
M,GB,GBP,A,0,6,A, Exchange rates against USD United Kingdom - Pound (sterling) - Monthly - Average of observations through period,2025-04,0.761556,A,,F
M,GB,GBP,A,0,6,A, Exchange rates against USD United Kingdom - Pound (sterling) - Monthly - Average of observations through period,2025-05,0.747937,A,,F
M,GB,GBP,A,0,6,A, Exchange rates against USD United Kingdom - Pound (sterling) - Monthly - Average of observations through period,2025-06,0.737957,A,,F
M,GB,GBP,A,0,6,A, Exchange rates against USD United Kingdom - Pound (sterling) - Monthly - Average of observations through period,2025-07,0.740557,A,,F
M,GB,GBP,A,0,6,A, Exchange rates against USD United Kingdom - Pound (sterling) - Monthly - Average of observations through period,2025-08,0.743943,A,,F
M,GB,GBP,A,0,6,A, Exchange rates against USD United Kingdom - Pound (sterling) - Monthly - Average of observations through period,2025-09,0.740663,A,,F
M,GB,GBP,A,0,6,A, Exchange rates against USD United Kingdom - Pound (sterling) - Monthly - Average of observations through period,2025-10,0.749393,A,,F
M,GB,GBP,A,0,6,A, Exchange rates against USD United Kingdom - Pound (sterling) - Monthly - Average of observations through period,2025-11,0.761209,A,,F
M,GB,GBP,A,0,6,A, Exchange rates against USD United Kingdom - Pound (sterling) - Monthly - Average of observations through period,2025-12,0.747325,A,,F
M,GB,GBP,A,0,6,A, Exchange rates against USD United Kingdom - Pound (sterling) - Monthly - Average of observations through period,2026-01,0.739771,A,,F
M,GB,GBP,A,0,6,A, Exchange rates against USD United Kingdom - Pound (sterling) - Monthly - Average of observations through period,2026-02,0.736073,A,,F
M,GB,GBP,A,0,6,A, Exchange rates against USD United Kingdom - Pound (sterling) - Monthly - Average of observations through period,2026-03,0.749526,A,,F
M,GB,GBP,A,0,6,A, Exchange rates against USD United Kingdom - Pound (sterling) - Monthly - Average of observations through period,2026-04,0.742645,A,,F
M,GB,GBP,A,0,6,A, Exchange rates against USD United Kingdom - Pound (sterling) - Monthly - Average of observations through period,2026-05,0.74159,A,,F
M,GB,GBP,A,0,6,A, Exchange rates against USD United Kingdom - Pound (sterling) - Monthly - Average of observations through period,2026-06,0.74994,A,,F
M,GB,GBP,A,0,6,A, Exchange rates against USD United Kingdom - Pound (sterling) - Monthly - Average of observations through period,2026-07,0.747908,A,,F
M,GB,GBP,A,0,6,A, Exchange rates against USD United Kingdom - Pound (sterling) - Monthly - Average of observations through period,2026-08,0.738435,A,,F
