FREQ,REF_AREA,COMP_METHOD,UNIT_MEASURE,CURRENCY,TRANSFORMATION,COMMENT_DSET,DATA_COMP,METHOD_REF,COLLECTION_DETAIL,COMMENT_TS,DECIMALS,UNIT_MULT,BREAKS,SUPP_INFO_BREAKS,COMPILING_ORG,DISS_ORG,TITLE,TIME_FORMAT,COLLECTION,TIME_PERIOD,OBS_VALUE,FISCAL_YEAR,CONF_STATUS,OBS_STATUS,OBS_PRE_BREAK
M,MX,B,USD,_Z,B,,From January 1977 onwards: monthly financial statements. Before 1977: annual financial statements.,BIS-spliced,The data in billions of US dollars are calculated using market exchange rates.,,3,9,,"This series is adjusted for breaks. Break-adjustment calculations follow the methodology outlined in the BIS Quarterly Review (2013). For further detail, see https://www.bis.org/publ/qtrpdf/r_qt1303z.htm","Bank of Mexico, Bank for International Settlements.",5B0,"Mexico - Central bank, assets, total, BIS-spliced, USD",,E,1977-01,8.0492487727273,,F,A,
M,MX,B,USD,_Z,B,,From January 1977 onwards: monthly financial statements. Before 1977: annual financial statements.,BIS-spliced,The data in billions of US dollars are calculated using market exchange rates.,,3,9,,"This series is adjusted for breaks. Break-adjustment calculations follow the methodology outlined in the BIS Quarterly Review (2013). For further detail, see https://www.bis.org/publ/qtrpdf/r_qt1303z.htm","Bank of Mexico, Bank for International Settlements.",5B0,"Mexico - Central bank, assets, total, BIS-spliced, USD",,E,1977-02,7.7252796008869,,F,A,
M,MX,B,USD,_Z,B,,From January 1977 onwards: monthly financial statements. Before 1977: annual financial statements.,BIS-spliced,The data in billions of US dollars are calculated using market exchange rates.,,3,9,,"This series is adjusted for breaks. Break-adjustment calculations follow the methodology outlined in the BIS Quarterly Review (2013). For further detail, see https://www.bis.org/publ/qtrpdf/r_qt1303z.htm","Bank of Mexico, Bank for International Settlements.",5B0,"Mexico - Central bank, assets, total, BIS-spliced, USD",,E,1977-03,7.640329159292,,F,A,
M,MX,B,USD,_Z,B,,From January 1977 onwards: monthly financial statements. Before 1977: annual financial statements.,BIS-spliced,The data in billions of US dollars are calculated using market exchange rates.,,3,9,,"This series is adjusted for breaks. Break-adjustment calculations follow the methodology outlined in the BIS Quarterly Review (2013). For further detail, see https://www.bis.org/publ/qtrpdf/r_qt1303z.htm","Bank of Mexico, Bank for International Settlements.",5B0,"Mexico - Central bank, assets, total, BIS-spliced, USD",,E,1977-04,8.1728458980044,,F,A,
M,MX,B,USD,_Z,B,,From January 1977 onwards: monthly financial statements. Before 1977: annual financial statements.,BIS-spliced,The data in billions of US dollars are calculated using market exchange rates.,,3,9,,"This series is adjusted for breaks. Break-adjustment calculations follow the methodology outlined in the BIS Quarterly Review (2013). For further detail, see https://www.bis.org/publ/qtrpdf/r_qt1303z.htm","Bank of Mexico, Bank for International Settlements.",5B0,"Mexico - Central bank, assets, total, BIS-spliced, USD",,E,1977-05,8.7113730396476,,F,A,
M,MX,B,USD,_Z,B,,From January 1977 onwards: monthly financial statements. Before 1977: annual financial statements.,BIS-spliced,The data in billions of US dollars are calculated using market exchange rates.,,3,9,,"This series is adjusted for breaks. Break-adjustment calculations follow the methodology outlined in the BIS Quarterly Review (2013). For further detail, see https://www.bis.org/publ/qtrpdf/r_qt1303z.htm","Bank of Mexico, Bank for International Settlements.",5B0,"Mexico - Central bank, assets, total, BIS-spliced, USD",,E,1977-06,8.8286833986928,,F,A,
M,MX,B,USD,_Z,B,,From January 1977 onwards: monthly financial statements. Before 1977: annual financial statements.,BIS-spliced,The data in billions of US dollars are calculated using market exchange rates.,,3,9,,"This series is adjusted for breaks. Break-adjustment calculations follow the methodology outlined in the BIS Quarterly Review (2013). For further detail, see https://www.bis.org/publ/qtrpdf/r_qt1303z.htm","Bank of Mexico, Bank for International Settlements.",5B0,"Mexico - Central bank, assets, total, BIS-spliced, USD",,E,1977-07,9.1135471052632,,F,A,
M,MX,B,USD,_Z,B,,From January 1977 onwards: monthly financial statements. Before 1977: annual financial statements.,BIS-spliced,The data in billions of US dollars are calculated using market exchange rates.,,3,9,,"This series is adjusted for breaks. Break-adjustment calculations follow the methodology outlined in the BIS Quarterly Review (2013). For further detail, see https://www.bis.org/publ/qtrpdf/r_qt1303z.htm","Bank of Mexico, Bank for International Settlements.",5B0,"Mexico - Central bank, assets, total, BIS-spliced, USD",,E,1977-08,9.2712577192982,,F,A,
M,MX,B,USD,_Z,B,,From January 1977 onwards: monthly financial statements. Before 1977: annual financial statements.,BIS-spliced,The data in billions of US dollars are calculated using market exchange rates.,,3,9,,"This series is adjusted for breaks. Break-adjustment calculations follow the methodology outlined in the BIS Quarterly Review (2013). For further detail, see https://www.bis.org/publ/qtrpdf/r_qt1303z.htm","Bank of Mexico, Bank for International Settlements.",5B0,"Mexico - Central bank, assets, total, BIS-spliced, USD",,E,1977-09,9.109494771529,,F,A,
M,MX,B,USD,_Z,B,,From January 1977 onwards: monthly financial statements. Before 1977: annual financial statements.,BIS-spliced,The data in billions of US dollars are calculated using market exchange rates.,,3,9,,"This series is adjusted for breaks. Break-adjustment calculations follow the methodology outlined in the BIS Quarterly Review (2013). For further detail, see https://www.bis.org/publ/qtrpdf/r_qt1303z.htm","Bank of Mexico, Bank for International Settlements.",5B0,"Mexico - Central bank, assets, total, BIS-spliced, USD",,E,1977-10,9.4271317941953,,F,A,
M,MX,B,USD,_Z,B,,From January 1977 onwards: monthly financial statements. Before 1977: annual financial statements.,BIS-spliced,The data in billions of US dollars are calculated using market exchange rates.,,3,9,,"This series is adjusted for breaks. Break-adjustment calculations follow the methodology outlined in the BIS Quarterly Review (2013). For further detail, see https://www.bis.org/publ/qtrpdf/r_qt1303z.htm","Bank of Mexico, Bank for International Settlements.",5B0,"Mexico - Central bank, assets, total, BIS-spliced, USD",,E,1977-11,9.8136232629727,,F,A,
M,MX,B,USD,_Z,B,,From January 1977 onwards: monthly financial statements. Before 1977: annual financial statements.,BIS-spliced,The data in billions of US dollars are calculated using market exchange rates.,,3,9,,"This series is adjusted for breaks. Break-adjustment calculations follow the methodology outlined in the BIS Quarterly Review (2013). For further detail, see https://www.bis.org/publ/qtrpdf/r_qt1303z.htm","Bank of Mexico, Bank for International Settlements.",5B0,"Mexico - Central bank, assets, total, BIS-spliced, USD",,E,1977-12,10.842525197889,,F,A,
M,MX,B,USD,_Z,B,,From January 1977 onwards: monthly financial statements. Before 1977: annual financial statements.,BIS-spliced,The data in billions of US dollars are calculated using market exchange rates.,,3,9,,"This series is adjusted for breaks. Break-adjustment calculations follow the methodology outlined in the BIS Quarterly Review (2013). For further detail, see https://www.bis.org/publ/qtrpdf/r_qt1303z.htm","Bank of Mexico, Bank for International Settlements.",5B0,"Mexico - Central bank, assets, total, BIS-spliced, USD",,E,1978-01,10.748057167986,,F,A,
M,MX,B,USD,_Z,B,,From January 1977 onwards: monthly financial statements. Before 1977: annual financial statements.,BIS-spliced,The data in billions of US dollars are calculated using market exchange rates.,,3,9,,"This series is adjusted for breaks. Break-adjustment calculations follow the methodology outlined in the BIS Quarterly Review (2013). For further detail, see https://www.bis.org/publ/qtrpdf/r_qt1303z.htm","Bank of Mexico, Bank for International Settlements.",5B0,"Mexico - Central bank, assets, total, BIS-spliced, USD",,E,1978-02,10.989142568162,,F,A,
M,MX,B,USD,_Z,B,,From January 1977 onwards: monthly financial statements. Before 1977: annual financial statements.,BIS-spliced,The data in billions of US dollars are calculated using market exchange rates.,,3,9,,"This series is adjusted for breaks. Break-adjustment calculations follow the methodology outlined in the BIS Quarterly Review (2013). For further detail, see https://www.bis.org/publ/qtrpdf/r_qt1303z.htm","Bank of Mexico, Bank for International Settlements.",5B0,"Mexico - Central bank, assets, total, BIS-spliced, USD",,E,1978-03,10.580642832014,,F,A,
M,MX,B,USD,_Z,B,,From January 1977 onwards: monthly financial statements. Before 1977: annual financial statements.,BIS-spliced,The data in billions of US dollars are calculated using market exchange rates.,,3,9,,"This series is adjusted for breaks. Break-adjustment calculations follow the methodology outlined in the BIS Quarterly Review (2013). For further detail, see https://www.bis.org/publ/qtrpdf/r_qt1303z.htm","Bank of Mexico, Bank for International Settlements.",5B0,"Mexico - Central bank, assets, total, BIS-spliced, USD",,E,1978-04,11.050960949868,,F,A,
M,MX,B,USD,_Z,B,,From January 1977 onwards: monthly financial statements. Before 1977: annual financial statements.,BIS-spliced,The data in billions of US dollars are calculated using market exchange rates.,,3,9,,"This series is adjusted for breaks. Break-adjustment calculations follow the methodology outlined in the BIS Quarterly Review (2013). For further detail, see https://www.bis.org/publ/qtrpdf/r_qt1303z.htm","Bank of Mexico, Bank for International Settlements.",5B0,"Mexico - Central bank, assets, total, BIS-spliced, USD",,E,1978-05,11.674742806863,,F,A,
M,MX,B,USD,_Z,B,,From January 1977 onwards: monthly financial statements. Before 1977: annual financial statements.,BIS-spliced,The data in billions of US dollars are calculated using market exchange rates.,,3,9,,"This series is adjusted for breaks. Break-adjustment calculations follow the methodology outlined in the BIS Quarterly Review (2013). For further detail, see https://www.bis.org/publ/qtrpdf/r_qt1303z.htm","Bank of Mexico, Bank for International Settlements.",5B0,"Mexico - Central bank, assets, total, BIS-spliced, USD",,E,1978-06,11.478625692917,,F,A,
M,MX,B,USD,_Z,B,,From January 1977 onwards: monthly financial statements. Before 1977: annual financial statements.,BIS-spliced,The data in billions of US dollars are calculated using market exchange rates.,,3,9,,"This series is adjusted for breaks. Break-adjustment calculations follow the methodology outlined in the BIS Quarterly Review (2013). For further detail, see https://www.bis.org/publ/qtrpdf/r_qt1303z.htm","Bank of Mexico, Bank for International Settlements.",5B0,"Mexico - Central bank, assets, total, BIS-spliced, USD",,E,1978-07,11.892466051011,,F,A,
M,MX,B,USD,_Z,B,,From January 1977 onwards: monthly financial statements. Before 1977: annual financial statements.,BIS-spliced,The data in billions of US dollars are calculated using market exchange rates.,,3,9,,"This series is adjusted for breaks. Break-adjustment calculations follow the methodology outlined in the BIS Quarterly Review (2013). For further detail, see https://www.bis.org/publ/qtrpdf/r_qt1303z.htm","Bank of Mexico, Bank for International Settlements.",5B0,"Mexico - Central bank, assets, total, BIS-spliced, USD",,E,1978-08,12.476369832894,,F,A,
M,MX,B,USD,_Z,B,,From January 1977 onwards: monthly financial statements. Before 1977: annual financial statements.,BIS-spliced,The data in billions of US dollars are calculated using market exchange rates.,,3,9,,"This series is adjusted for breaks. Break-adjustment calculations follow the methodology outlined in the BIS Quarterly Review (2013). For further detail, see https://www.bis.org/publ/qtrpdf/r_qt1303z.htm","Bank of Mexico, Bank for International Settlements.",5B0,"Mexico - Central bank, assets, total, BIS-spliced, USD",,E,1978-09,12.541876177895,,F,A,
M,MX,B,USD,_Z,B,,From January 1977 onwards: monthly financial statements. Before 1977: annual financial statements.,BIS-spliced,The data in billions of US dollars are calculated using market exchange rates.,,3,9,,"This series is adjusted for breaks. Break-adjustment calculations follow the methodology outlined in the BIS Quarterly Review (2013). For further detail, see https://www.bis.org/publ/qtrpdf/r_qt1303z.htm","Bank of Mexico, Bank for International Settlements.",5B0,"Mexico - Central bank, assets, total, BIS-spliced, USD",,E,1978-10,12.676663496257,,F,A,
M,MX,B,USD,_Z,B,,From January 1977 onwards: monthly financial statements. Before 1977: annual financial statements.,BIS-spliced,The data in billions of US dollars are calculated using market exchange rates.,,3,9,,"This series is adjusted for breaks. Break-adjustment calculations follow the methodology outlined in the BIS Quarterly Review (2013). For further detail, see https://www.bis.org/publ/qtrpdf/r_qt1303z.htm","Bank of Mexico, Bank for International Settlements.",5B0,"Mexico - Central bank, assets, total, BIS-spliced, USD",,E,1978-11,13.8769555262,,F,A,
M,MX,B,USD,_Z,B,,From January 1977 onwards: monthly financial statements. Before 1977: annual financial statements.,BIS-spliced,The data in billions of US dollars are calculated using market exchange rates.,,3,9,,"This series is adjusted for breaks. Break-adjustment calculations follow the methodology outlined in the BIS Quarterly Review (2013). For further detail, see https://www.bis.org/publ/qtrpdf/r_qt1303z.htm","Bank of Mexico, Bank for International Settlements.",5B0,"Mexico - Central bank, assets, total, BIS-spliced, USD",,E,1978-12,15.693576221929,,F,A,
M,MX,B,USD,_Z,B,,From January 1977 onwards: monthly financial statements. Before 1977: annual financial statements.,BIS-spliced,The data in billions of US dollars are calculated using market exchange rates.,,3,9,,"This series is adjusted for breaks. Break-adjustment calculations follow the methodology outlined in the BIS Quarterly Review (2013). For further detail, see https://www.bis.org/publ/qtrpdf/r_qt1303z.htm","Bank of Mexico, Bank for International Settlements.",5B0,"Mexico - Central bank, assets, total, BIS-spliced, USD",,E,1979-01,15.61961880229,,F,A,
M,MX,B,USD,_Z,B,,From January 1977 onwards: monthly financial statements. Before 1977: annual financial statements.,BIS-spliced,The data in billions of US dollars are calculated using market exchange rates.,,3,9,,"This series is adjusted for breaks. Break-adjustment calculations follow the methodology outlined in the BIS Quarterly Review (2013). For further detail, see https://www.bis.org/publ/qtrpdf/r_qt1303z.htm","Bank of Mexico, Bank for International Settlements.",5B0,"Mexico - Central bank, assets, total, BIS-spliced, USD",,E,1979-02,16.659183282006,,F,A,
M,MX,B,USD,_Z,B,,From January 1977 onwards: monthly financial statements. Before 1977: annual financial statements.,BIS-spliced,The data in billions of US dollars are calculated using market exchange rates.,,3,9,,"This series is adjusted for breaks. Break-adjustment calculations follow the methodology outlined in the BIS Quarterly Review (2013). For further detail, see https://www.bis.org/publ/qtrpdf/r_qt1303z.htm","Bank of Mexico, Bank for International Settlements.",5B0,"Mexico - Central bank, assets, total, BIS-spliced, USD",,E,1979-03,17.144150241758,,F,A,
M,MX,B,USD,_Z,B,,From January 1977 onwards: monthly financial statements. Before 1977: annual financial statements.,BIS-spliced,The data in billions of US dollars are calculated using market exchange rates.,,3,9,,"This series is adjusted for breaks. Break-adjustment calculations follow the methodology outlined in the BIS Quarterly Review (2013). For further detail, see https://www.bis.org/publ/qtrpdf/r_qt1303z.htm","Bank of Mexico, Bank for International Settlements.",5B0,"Mexico - Central bank, assets, total, BIS-spliced, USD",,E,1979-04,17.36126989011,,F,A,
M,MX,B,USD,_Z,B,,From January 1977 onwards: monthly financial statements. Before 1977: annual financial statements.,BIS-spliced,The data in billions of US dollars are calculated using market exchange rates.,,3,9,,"This series is adjusted for breaks. Break-adjustment calculations follow the methodology outlined in the BIS Quarterly Review (2013). For further detail, see https://www.bis.org/publ/qtrpdf/r_qt1303z.htm","Bank of Mexico, Bank for International Settlements.",5B0,"Mexico - Central bank, assets, total, BIS-spliced, USD",,E,1979-05,17.088051736264,,F,A,
M,MX,B,USD,_Z,B,,From January 1977 onwards: monthly financial statements. Before 1977: annual financial statements.,BIS-spliced,The data in billions of US dollars are calculated using market exchange rates.,,3,9,,"This series is adjusted for breaks. Break-adjustment calculations follow the methodology outlined in the BIS Quarterly Review (2013). For further detail, see https://www.bis.org/publ/qtrpdf/r_qt1303z.htm","Bank of Mexico, Bank for International Settlements.",5B0,"Mexico - Central bank, assets, total, BIS-spliced, USD",,E,1979-06,16.686883736264,,F,A,
M,MX,B,USD,_Z,B,,From January 1977 onwards: monthly financial statements. Before 1977: annual financial statements.,BIS-spliced,The data in billions of US dollars are calculated using market exchange rates.,,3,9,,"This series is adjusted for breaks. Break-adjustment calculations follow the methodology outlined in the BIS Quarterly Review (2013). For further detail, see https://www.bis.org/publ/qtrpdf/r_qt1303z.htm","Bank of Mexico, Bank for International Settlements.",5B0,"Mexico - Central bank, assets, total, BIS-spliced, USD",,E,1979-07,19.250339120879,,F,A,
M,MX,B,USD,_Z,B,,From January 1977 onwards: monthly financial statements. Before 1977: annual financial statements.,BIS-spliced,The data in billions of US dollars are calculated using market exchange rates.,,3,9,,"This series is adjusted for breaks. Break-adjustment calculations follow the methodology outlined in the BIS Quarterly Review (2013). For further detail, see https://www.bis.org/publ/qtrpdf/r_qt1303z.htm","Bank of Mexico, Bank for International Settlements.",5B0,"Mexico - Central bank, assets, total, BIS-spliced, USD",,E,1979-08,18.987898241758,,F,A,
M,MX,B,USD,_Z,B,,From January 1977 onwards: monthly financial statements. Before 1977: annual financial statements.,BIS-spliced,The data in billions of US dollars are calculated using market exchange rates.,,3,9,,"This series is adjusted for breaks. Break-adjustment calculations follow the methodology outlined in the BIS Quarterly Review (2013). For further detail, see https://www.bis.org/publ/qtrpdf/r_qt1303z.htm","Bank of Mexico, Bank for International Settlements.",5B0,"Mexico - Central bank, assets, total, BIS-spliced, USD",,E,1979-09,19.748486637363,,F,A,
M,MX,B,USD,_Z,B,,From January 1977 onwards: monthly financial statements. Before 1977: annual financial statements.,BIS-spliced,The data in billions of US dollars are calculated using market exchange rates.,,3,9,,"This series is adjusted for breaks. Break-adjustment calculations follow the methodology outlined in the BIS Quarterly Review (2013). For further detail, see https://www.bis.org/publ/qtrpdf/r_qt1303z.htm","Bank of Mexico, Bank for International Settlements.",5B0,"Mexico - Central bank, assets, total, BIS-spliced, USD",,E,1979-10,20.126962362758,,F,A,
M,MX,B,USD,_Z,B,,From January 1977 onwards: monthly financial statements. Before 1977: annual financial statements.,BIS-spliced,The data in billions of US dollars are calculated using market exchange rates.,,3,9,,"This series is adjusted for breaks. Break-adjustment calculations follow the methodology outlined in the BIS Quarterly Review (2013). For further detail, see https://www.bis.org/publ/qtrpdf/r_qt1303z.htm","Bank of Mexico, Bank for International Settlements.",5B0,"Mexico - Central bank, assets, total, BIS-spliced, USD",,E,1979-11,21.324736846728,,F,A,
M,MX,B,USD,_Z,B,,From January 1977 onwards: monthly financial statements. Before 1977: annual financial statements.,BIS-spliced,The data in billions of US dollars are calculated using market exchange rates.,,3,9,,"This series is adjusted for breaks. Break-adjustment calculations follow the methodology outlined in the BIS Quarterly Review (2013). For further detail, see https://www.bis.org/publ/qtrpdf/r_qt1303z.htm","Bank of Mexico, Bank for International Settlements.",5B0,"Mexico - Central bank, assets, total, BIS-spliced, USD",,E,1979-12,22.502622310057,,F,A,
M,MX,B,USD,_Z,B,,From January 1977 onwards: monthly financial statements. Before 1977: annual financial statements.,BIS-spliced,The data in billions of US dollars are calculated using market exchange rates.,,3,9,,"This series is adjusted for breaks. Break-adjustment calculations follow the methodology outlined in the BIS Quarterly Review (2013). For further detail, see https://www.bis.org/publ/qtrpdf/r_qt1303z.htm","Bank of Mexico, Bank for International Settlements.",5B0,"Mexico - Central bank, assets, total, BIS-spliced, USD",,E,1980-01,22.316105797101,,F,A,
M,MX,B,USD,_Z,B,,From January 1977 onwards: monthly financial statements. Before 1977: annual financial statements.,BIS-spliced,The data in billions of US dollars are calculated using market exchange rates.,,3,9,,"This series is adjusted for breaks. Break-adjustment calculations follow the methodology outlined in the BIS Quarterly Review (2013). For further detail, see https://www.bis.org/publ/qtrpdf/r_qt1303z.htm","Bank of Mexico, Bank for International Settlements.",5B0,"Mexico - Central bank, assets, total, BIS-spliced, USD",,E,1980-02,22.524595915679,,F,A,
M,MX,B,USD,_Z,B,,From January 1977 onwards: monthly financial statements. Before 1977: annual financial statements.,BIS-spliced,The data in billions of US dollars are calculated using market exchange rates.,,3,9,,"This series is adjusted for breaks. Break-adjustment calculations follow the methodology outlined in the BIS Quarterly Review (2013). For further detail, see https://www.bis.org/publ/qtrpdf/r_qt1303z.htm","Bank of Mexico, Bank for International Settlements.",5B0,"Mexico - Central bank, assets, total, BIS-spliced, USD",,E,1980-03,23.601489820097,,F,A,
M,MX,B,USD,_Z,B,,From January 1977 onwards: monthly financial statements. Before 1977: annual financial statements.,BIS-spliced,The data in billions of US dollars are calculated using market exchange rates.,,3,9,,"This series is adjusted for breaks. Break-adjustment calculations follow the methodology outlined in the BIS Quarterly Review (2013). For further detail, see https://www.bis.org/publ/qtrpdf/r_qt1303z.htm","Bank of Mexico, Bank for International Settlements.",5B0,"Mexico - Central bank, assets, total, BIS-spliced, USD",,E,1980-04,23.927200219202,,F,A,
M,MX,B,USD,_Z,B,,From January 1977 onwards: monthly financial statements. Before 1977: annual financial statements.,BIS-spliced,The data in billions of US dollars are calculated using market exchange rates.,,3,9,,"This series is adjusted for breaks. Break-adjustment calculations follow the methodology outlined in the BIS Quarterly Review (2013). For further detail, see https://www.bis.org/publ/qtrpdf/r_qt1303z.htm","Bank of Mexico, Bank for International Settlements.",5B0,"Mexico - Central bank, assets, total, BIS-spliced, USD",,E,1980-05,24.444705812937,,F,A,
M,MX,B,USD,_Z,B,,From January 1977 onwards: monthly financial statements. Before 1977: annual financial statements.,BIS-spliced,The data in billions of US dollars are calculated using market exchange rates.,,3,9,,"This series is adjusted for breaks. Break-adjustment calculations follow the methodology outlined in the BIS Quarterly Review (2013). For further detail, see https://www.bis.org/publ/qtrpdf/r_qt1303z.htm","Bank of Mexico, Bank for International Settlements.",5B0,"Mexico - Central bank, assets, total, BIS-spliced, USD",,E,1980-06,25.133814971628,,F,A,
M,MX,B,USD,_Z,B,,From January 1977 onwards: monthly financial statements. Before 1977: annual financial statements.,BIS-spliced,The data in billions of US dollars are calculated using market exchange rates.,,3,9,,"This series is adjusted for breaks. Break-adjustment calculations follow the methodology outlined in the BIS Quarterly Review (2013). For further detail, see https://www.bis.org/publ/qtrpdf/r_qt1303z.htm","Bank of Mexico, Bank for International Settlements.",5B0,"Mexico - Central bank, assets, total, BIS-spliced, USD",,E,1980-07,26.577163549369,,F,A,
M,MX,B,USD,_Z,B,,From January 1977 onwards: monthly financial statements. Before 1977: annual financial statements.,BIS-spliced,The data in billions of US dollars are calculated using market exchange rates.,,3,9,,"This series is adjusted for breaks. Break-adjustment calculations follow the methodology outlined in the BIS Quarterly Review (2013). For further detail, see https://www.bis.org/publ/qtrpdf/r_qt1303z.htm","Bank of Mexico, Bank for International Settlements.",5B0,"Mexico - Central bank, assets, total, BIS-spliced, USD",,E,1980-08,26.816100479094,,F,A,
M,MX,B,USD,_Z,B,,From January 1977 onwards: monthly financial statements. Before 1977: annual financial statements.,BIS-spliced,The data in billions of US dollars are calculated using market exchange rates.,,3,9,,"This series is adjusted for breaks. Break-adjustment calculations follow the methodology outlined in the BIS Quarterly Review (2013). For further detail, see https://www.bis.org/publ/qtrpdf/r_qt1303z.htm","Bank of Mexico, Bank for International Settlements.",5B0,"Mexico - Central bank, assets, total, BIS-spliced, USD",,E,1980-09,26.924278565217,,F,A,
M,MX,B,USD,_Z,B,,From January 1977 onwards: monthly financial statements. Before 1977: annual financial statements.,BIS-spliced,The data in billions of US dollars are calculated using market exchange rates.,,3,9,,"This series is adjusted for breaks. Break-adjustment calculations follow the methodology outlined in the BIS Quarterly Review (2013). For further detail, see https://www.bis.org/publ/qtrpdf/r_qt1303z.htm","Bank of Mexico, Bank for International Settlements.",5B0,"Mexico - Central bank, assets, total, BIS-spliced, USD",,E,1980-10,27.651244670711,,F,A,
M,MX,B,USD,_Z,B,,From January 1977 onwards: monthly financial statements. Before 1977: annual financial statements.,BIS-spliced,The data in billions of US dollars are calculated using market exchange rates.,,3,9,,"This series is adjusted for breaks. Break-adjustment calculations follow the methodology outlined in the BIS Quarterly Review (2013). For further detail, see https://www.bis.org/publ/qtrpdf/r_qt1303z.htm","Bank of Mexico, Bank for International Settlements.",5B0,"Mexico - Central bank, assets, total, BIS-spliced, USD",,E,1980-11,28.943835794473,,F,A,
M,MX,B,USD,_Z,B,,From January 1977 onwards: monthly financial statements. Before 1977: annual financial statements.,BIS-spliced,The data in billions of US dollars are calculated using market exchange rates.,,3,9,,"This series is adjusted for breaks. Break-adjustment calculations follow the methodology outlined in the BIS Quarterly Review (2013). For further detail, see https://www.bis.org/publ/qtrpdf/r_qt1303z.htm","Bank of Mexico, Bank for International Settlements.",5B0,"Mexico - Central bank, assets, total, BIS-spliced, USD",,E,1980-12,31.046951482596,,F,A,
M,MX,B,USD,_Z,B,,From January 1977 onwards: monthly financial statements. Before 1977: annual financial statements.,BIS-spliced,The data in billions of US dollars are calculated using market exchange rates.,,3,9,,"This series is adjusted for breaks. Break-adjustment calculations follow the methodology outlined in the BIS Quarterly Review (2013). For further detail, see https://www.bis.org/publ/qtrpdf/r_qt1303z.htm","Bank of Mexico, Bank for International Settlements.",5B0,"Mexico - Central bank, assets, total, BIS-spliced, USD",,E,1981-01,29.868054487179,,F,A,
M,MX,B,USD,_Z,B,,From January 1977 onwards: monthly financial statements. Before 1977: annual financial statements.,BIS-spliced,The data in billions of US dollars are calculated using market exchange rates.,,3,9,,"This series is adjusted for breaks. Break-adjustment calculations follow the methodology outlined in the BIS Quarterly Review (2013). For further detail, see https://www.bis.org/publ/qtrpdf/r_qt1303z.htm","Bank of Mexico, Bank for International Settlements.",5B0,"Mexico - Central bank, assets, total, BIS-spliced, USD",,E,1981-02,31.375927357689,,F,A,
M,MX,B,USD,_Z,B,,From January 1977 onwards: monthly financial statements. Before 1977: annual financial statements.,BIS-spliced,The data in billions of US dollars are calculated using market exchange rates.,,3,9,,"This series is adjusted for breaks. Break-adjustment calculations follow the methodology outlined in the BIS Quarterly Review (2013). For further detail, see https://www.bis.org/publ/qtrpdf/r_qt1303z.htm","Bank of Mexico, Bank for International Settlements.",5B0,"Mexico - Central bank, assets, total, BIS-spliced, USD",,E,1981-03,32.724443452632,,F,A,
M,MX,B,USD,_Z,B,,From January 1977 onwards: monthly financial statements. Before 1977: annual financial statements.,BIS-spliced,The data in billions of US dollars are calculated using market exchange rates.,,3,9,,"This series is adjusted for breaks. Break-adjustment calculations follow the methodology outlined in the BIS Quarterly Review (2013). For further detail, see https://www.bis.org/publ/qtrpdf/r_qt1303z.htm","Bank of Mexico, Bank for International Settlements.",5B0,"Mexico - Central bank, assets, total, BIS-spliced, USD",,E,1981-04,33.719480584551,,F,A,
M,MX,B,USD,_Z,B,,From January 1977 onwards: monthly financial statements. Before 1977: annual financial statements.,BIS-spliced,The data in billions of US dollars are calculated using market exchange rates.,,3,9,,"This series is adjusted for breaks. Break-adjustment calculations follow the methodology outlined in the BIS Quarterly Review (2013). For further detail, see https://www.bis.org/publ/qtrpdf/r_qt1303z.htm","Bank of Mexico, Bank for International Settlements.",5B0,"Mexico - Central bank, assets, total, BIS-spliced, USD",,E,1981-05,35.217780952381,,F,A,
M,MX,B,USD,_Z,B,,From January 1977 onwards: monthly financial statements. Before 1977: annual financial statements.,BIS-spliced,The data in billions of US dollars are calculated using market exchange rates.,,3,9,,"This series is adjusted for breaks. Break-adjustment calculations follow the methodology outlined in the BIS Quarterly Review (2013). For further detail, see https://www.bis.org/publ/qtrpdf/r_qt1303z.htm","Bank of Mexico, Bank for International Settlements.",5B0,"Mexico - Central bank, assets, total, BIS-spliced, USD",,E,1981-06,35.953500861009,,F,A,
M,MX,B,USD,_Z,B,,From January 1977 onwards: monthly financial statements. Before 1977: annual financial statements.,BIS-spliced,The data in billions of US dollars are calculated using market exchange rates.,,3,9,,"This series is adjusted for breaks. Break-adjustment calculations follow the methodology outlined in the BIS Quarterly Review (2013). For further detail, see https://www.bis.org/publ/qtrpdf/r_qt1303z.htm","Bank of Mexico, Bank for International Settlements.",5B0,"Mexico - Central bank, assets, total, BIS-spliced, USD",,E,1981-07,37.594712520325,,F,A,
M,MX,B,USD,_Z,B,,From January 1977 onwards: monthly financial statements. Before 1977: annual financial statements.,BIS-spliced,The data in billions of US dollars are calculated using market exchange rates.,,3,9,,"This series is adjusted for breaks. Break-adjustment calculations follow the methodology outlined in the BIS Quarterly Review (2013). For further detail, see https://www.bis.org/publ/qtrpdf/r_qt1303z.htm","Bank of Mexico, Bank for International Settlements.",5B0,"Mexico - Central bank, assets, total, BIS-spliced, USD",,E,1981-08,39.610168933602,,F,A,
M,MX,B,USD,_Z,B,,From January 1977 onwards: monthly financial statements. Before 1977: annual financial statements.,BIS-spliced,The data in billions of US dollars are calculated using market exchange rates.,,3,9,,"This series is adjusted for breaks. Break-adjustment calculations follow the methodology outlined in the BIS Quarterly Review (2013). For further detail, see https://www.bis.org/publ/qtrpdf/r_qt1303z.htm","Bank of Mexico, Bank for International Settlements.",5B0,"Mexico - Central bank, assets, total, BIS-spliced, USD",,E,1981-09,38.00327972973,,F,A,
M,MX,B,USD,_Z,B,,From January 1977 onwards: monthly financial statements. Before 1977: annual financial statements.,BIS-spliced,The data in billions of US dollars are calculated using market exchange rates.,,3,9,,"This series is adjusted for breaks. Break-adjustment calculations follow the methodology outlined in the BIS Quarterly Review (2013). For further detail, see https://www.bis.org/publ/qtrpdf/r_qt1303z.htm","Bank of Mexico, Bank for International Settlements.",5B0,"Mexico - Central bank, assets, total, BIS-spliced, USD",,E,1981-10,38.638041241163,,F,A,
M,MX,B,USD,_Z,B,,From January 1977 onwards: monthly financial statements. Before 1977: annual financial statements.,BIS-spliced,The data in billions of US dollars are calculated using market exchange rates.,,3,9,,"This series is adjusted for breaks. Break-adjustment calculations follow the methodology outlined in the BIS Quarterly Review (2013). For further detail, see https://www.bis.org/publ/qtrpdf/r_qt1303z.htm","Bank of Mexico, Bank for International Settlements.",5B0,"Mexico - Central bank, assets, total, BIS-spliced, USD",,E,1981-11,40.917652482545,,F,A,
M,MX,B,USD,_Z,B,,From January 1977 onwards: monthly financial statements. Before 1977: annual financial statements.,BIS-spliced,The data in billions of US dollars are calculated using market exchange rates.,,3,9,,"This series is adjusted for breaks. Break-adjustment calculations follow the methodology outlined in the BIS Quarterly Review (2013). For further detail, see https://www.bis.org/publ/qtrpdf/r_qt1303z.htm","Bank of Mexico, Bank for International Settlements.",5B0,"Mexico - Central bank, assets, total, BIS-spliced, USD",,E,1981-12,41.529559097859,,F,A,
M,MX,B,USD,_Z,B,,From January 1977 onwards: monthly financial statements. Before 1977: annual financial statements.,BIS-spliced,The data in billions of US dollars are calculated using market exchange rates.,,3,9,,"This series is adjusted for breaks. Break-adjustment calculations follow the methodology outlined in the BIS Quarterly Review (2013). For further detail, see https://www.bis.org/publ/qtrpdf/r_qt1303z.htm","Bank of Mexico, Bank for International Settlements.",5B0,"Mexico - Central bank, assets, total, BIS-spliced, USD",,E,1982-01,41.655506895252,,F,A,
M,MX,B,USD,_Z,B,,From January 1977 onwards: monthly financial statements. Before 1977: annual financial statements.,BIS-spliced,The data in billions of US dollars are calculated using market exchange rates.,,3,9,,"This series is adjusted for breaks. Break-adjustment calculations follow the methodology outlined in the BIS Quarterly Review (2013). For further detail, see https://www.bis.org/publ/qtrpdf/r_qt1303z.htm","Bank of Mexico, Bank for International Settlements.",5B0,"Mexico - Central bank, assets, total, BIS-spliced, USD",,E,1982-02,30.253182430108,,F,A,
M,MX,B,USD,_Z,B,,From January 1977 onwards: monthly financial statements. Before 1977: annual financial statements.,BIS-spliced,The data in billions of US dollars are calculated using market exchange rates.,,3,9,,"This series is adjusted for breaks. Break-adjustment calculations follow the methodology outlined in the BIS Quarterly Review (2013). For further detail, see https://www.bis.org/publ/qtrpdf/r_qt1303z.htm","Bank of Mexico, Bank for International Settlements.",5B0,"Mexico - Central bank, assets, total, BIS-spliced, USD",,E,1982-03,31.33177385159,,F,A,
M,MX,B,USD,_Z,B,,From January 1977 onwards: monthly financial statements. Before 1977: annual financial statements.,BIS-spliced,The data in billions of US dollars are calculated using market exchange rates.,,3,9,,"This series is adjusted for breaks. Break-adjustment calculations follow the methodology outlined in the BIS Quarterly Review (2013). For further detail, see https://www.bis.org/publ/qtrpdf/r_qt1303z.htm","Bank of Mexico, Bank for International Settlements.",5B0,"Mexico - Central bank, assets, total, BIS-spliced, USD",,E,1982-04,32.782133014977,,F,A,
M,MX,B,USD,_Z,B,,From January 1977 onwards: monthly financial statements. Before 1977: annual financial statements.,BIS-spliced,The data in billions of US dollars are calculated using market exchange rates.,,3,9,,"This series is adjusted for breaks. Break-adjustment calculations follow the methodology outlined in the BIS Quarterly Review (2013). For further detail, see https://www.bis.org/publ/qtrpdf/r_qt1303z.htm","Bank of Mexico, Bank for International Settlements.",5B0,"Mexico - Central bank, assets, total, BIS-spliced, USD",,E,1982-05,34.294812459996,,F,A,
M,MX,B,USD,_Z,B,,From January 1977 onwards: monthly financial statements. Before 1977: annual financial statements.,BIS-spliced,The data in billions of US dollars are calculated using market exchange rates.,,3,9,,"This series is adjusted for breaks. Break-adjustment calculations follow the methodology outlined in the BIS Quarterly Review (2013). For further detail, see https://www.bis.org/publ/qtrpdf/r_qt1303z.htm","Bank of Mexico, Bank for International Settlements.",5B0,"Mexico - Central bank, assets, total, BIS-spliced, USD",,E,1982-06,33.374165424084,,F,A,
M,MX,B,USD,_Z,B,,From January 1977 onwards: monthly financial statements. Before 1977: annual financial statements.,BIS-spliced,The data in billions of US dollars are calculated using market exchange rates.,,3,9,,"This series is adjusted for breaks. Break-adjustment calculations follow the methodology outlined in the BIS Quarterly Review (2013). For further detail, see https://www.bis.org/publ/qtrpdf/r_qt1303z.htm","Bank of Mexico, Bank for International Settlements.",5B0,"Mexico - Central bank, assets, total, BIS-spliced, USD",,E,1982-07,36.18832673247,,F,A,
M,MX,B,USD,_Z,B,,From January 1977 onwards: monthly financial statements. Before 1977: annual financial statements.,BIS-spliced,The data in billions of US dollars are calculated using market exchange rates.,,3,9,,"This series is adjusted for breaks. Break-adjustment calculations follow the methodology outlined in the BIS Quarterly Review (2013). For further detail, see https://www.bis.org/publ/qtrpdf/r_qt1303z.htm","Bank of Mexico, Bank for International Settlements.",5B0,"Mexico - Central bank, assets, total, BIS-spliced, USD",,E,1982-08,20.373224076923,,F,A,
M,MX,B,USD,_Z,B,,From January 1977 onwards: monthly financial statements. Before 1977: annual financial statements.,BIS-spliced,The data in billions of US dollars are calculated using market exchange rates.,,3,9,,"This series is adjusted for breaks. Break-adjustment calculations follow the methodology outlined in the BIS Quarterly Review (2013). For further detail, see https://www.bis.org/publ/qtrpdf/r_qt1303z.htm","Bank of Mexico, Bank for International Settlements.",5B0,"Mexico - Central bank, assets, total, BIS-spliced, USD",,E,1982-09,31.489541385714,,F,A,
M,MX,B,USD,_Z,B,,From January 1977 onwards: monthly financial statements. Before 1977: annual financial statements.,BIS-spliced,The data in billions of US dollars are calculated using market exchange rates.,,3,9,,"This series is adjusted for breaks. Break-adjustment calculations follow the methodology outlined in the BIS Quarterly Review (2013). For further detail, see https://www.bis.org/publ/qtrpdf/r_qt1303z.htm","Bank of Mexico, Bank for International Settlements.",5B0,"Mexico - Central bank, assets, total, BIS-spliced, USD",,E,1982-10,32.465581142857,,F,A,
M,MX,B,USD,_Z,B,,From January 1977 onwards: monthly financial statements. Before 1977: annual financial statements.,BIS-spliced,The data in billions of US dollars are calculated using market exchange rates.,,3,9,,"This series is adjusted for breaks. Break-adjustment calculations follow the methodology outlined in the BIS Quarterly Review (2013). For further detail, see https://www.bis.org/publ/qtrpdf/r_qt1303z.htm","Bank of Mexico, Bank for International Settlements.",5B0,"Mexico - Central bank, assets, total, BIS-spliced, USD",,E,1982-11,34.197062714286,,F,A,
M,MX,B,USD,_Z,B,,From January 1977 onwards: monthly financial statements. Before 1977: annual financial statements.,BIS-spliced,The data in billions of US dollars are calculated using market exchange rates.,,3,9,,"This series is adjusted for breaks. Break-adjustment calculations follow the methodology outlined in the BIS Quarterly Review (2013). For further detail, see https://www.bis.org/publ/qtrpdf/r_qt1303z.htm","Bank of Mexico, Bank for International Settlements.",5B0,"Mexico - Central bank, assets, total, BIS-spliced, USD",,E,1982-12,20.51831798995,,F,A,
M,MX,B,USD,_Z,B,,From January 1977 onwards: monthly financial statements. Before 1977: annual financial statements.,BIS-spliced,The data in billions of US dollars are calculated using market exchange rates.,,3,9,,"This series is adjusted for breaks. Break-adjustment calculations follow the methodology outlined in the BIS Quarterly Review (2013). For further detail, see https://www.bis.org/publ/qtrpdf/r_qt1303z.htm","Bank of Mexico, Bank for International Settlements.",5B0,"Mexico - Central bank, assets, total, BIS-spliced, USD",,E,1983-01,21.409077544568,,F,A,
M,MX,B,USD,_Z,B,,From January 1977 onwards: monthly financial statements. Before 1977: annual financial statements.,BIS-spliced,The data in billions of US dollars are calculated using market exchange rates.,,3,9,,"This series is adjusted for breaks. Break-adjustment calculations follow the methodology outlined in the BIS Quarterly Review (2013). For further detail, see https://www.bis.org/publ/qtrpdf/r_qt1303z.htm","Bank of Mexico, Bank for International Settlements.",5B0,"Mexico - Central bank, assets, total, BIS-spliced, USD",,E,1983-02,22.412090232089,,F,A,
M,MX,B,USD,_Z,B,,From January 1977 onwards: monthly financial statements. Before 1977: annual financial statements.,BIS-spliced,The data in billions of US dollars are calculated using market exchange rates.,,3,9,,"This series is adjusted for breaks. Break-adjustment calculations follow the methodology outlined in the BIS Quarterly Review (2013). For further detail, see https://www.bis.org/publ/qtrpdf/r_qt1303z.htm","Bank of Mexico, Bank for International Settlements.",5B0,"Mexico - Central bank, assets, total, BIS-spliced, USD",,E,1983-03,22.472245193407,,F,A,
M,MX,B,USD,_Z,B,,From January 1977 onwards: monthly financial statements. Before 1977: annual financial statements.,BIS-spliced,The data in billions of US dollars are calculated using market exchange rates.,,3,9,,"This series is adjusted for breaks. Break-adjustment calculations follow the methodology outlined in the BIS Quarterly Review (2013). For further detail, see https://www.bis.org/publ/qtrpdf/r_qt1303z.htm","Bank of Mexico, Bank for International Settlements.",5B0,"Mexico - Central bank, assets, total, BIS-spliced, USD",,E,1983-04,22.421057457114,,F,A,
M,MX,B,USD,_Z,B,,From January 1977 onwards: monthly financial statements. Before 1977: annual financial statements.,BIS-spliced,The data in billions of US dollars are calculated using market exchange rates.,,3,9,,"This series is adjusted for breaks. Break-adjustment calculations follow the methodology outlined in the BIS Quarterly Review (2013). For further detail, see https://www.bis.org/publ/qtrpdf/r_qt1303z.htm","Bank of Mexico, Bank for International Settlements.",5B0,"Mexico - Central bank, assets, total, BIS-spliced, USD",,E,1983-05,23.335150723175,,F,A,
M,MX,B,USD,_Z,B,,From January 1977 onwards: monthly financial statements. Before 1977: annual financial statements.,BIS-spliced,The data in billions of US dollars are calculated using market exchange rates.,,3,9,,"This series is adjusted for breaks. Break-adjustment calculations follow the methodology outlined in the BIS Quarterly Review (2013). For further detail, see https://www.bis.org/publ/qtrpdf/r_qt1303z.htm","Bank of Mexico, Bank for International Settlements.",5B0,"Mexico - Central bank, assets, total, BIS-spliced, USD",,E,1983-06,24.299197759839,,F,A,
M,MX,B,USD,_Z,B,,From January 1977 onwards: monthly financial statements. Before 1977: annual financial statements.,BIS-spliced,The data in billions of US dollars are calculated using market exchange rates.,,3,9,,"This series is adjusted for breaks. Break-adjustment calculations follow the methodology outlined in the BIS Quarterly Review (2013). For further detail, see https://www.bis.org/publ/qtrpdf/r_qt1303z.htm","Bank of Mexico, Bank for International Settlements.",5B0,"Mexico - Central bank, assets, total, BIS-spliced, USD",,E,1983-07,24.94481437816,,F,A,
M,MX,B,USD,_Z,B,,From January 1977 onwards: monthly financial statements. Before 1977: annual financial statements.,BIS-spliced,The data in billions of US dollars are calculated using market exchange rates.,,3,9,,"This series is adjusted for breaks. Break-adjustment calculations follow the methodology outlined in the BIS Quarterly Review (2013). For further detail, see https://www.bis.org/publ/qtrpdf/r_qt1303z.htm","Bank of Mexico, Bank for International Settlements.",5B0,"Mexico - Central bank, assets, total, BIS-spliced, USD",,E,1983-08,25.631162885069,,F,A,
M,MX,B,USD,_Z,B,,From January 1977 onwards: monthly financial statements. Before 1977: annual financial statements.,BIS-spliced,The data in billions of US dollars are calculated using market exchange rates.,,3,9,,"This series is adjusted for breaks. Break-adjustment calculations follow the methodology outlined in the BIS Quarterly Review (2013). For further detail, see https://www.bis.org/publ/qtrpdf/r_qt1303z.htm","Bank of Mexico, Bank for International Settlements.",5B0,"Mexico - Central bank, assets, total, BIS-spliced, USD",,E,1983-09,26.330669114399,,F,A,
M,MX,B,USD,_Z,B,,From January 1977 onwards: monthly financial statements. Before 1977: annual financial statements.,BIS-spliced,The data in billions of US dollars are calculated using market exchange rates.,,3,9,,"This series is adjusted for breaks. Break-adjustment calculations follow the methodology outlined in the BIS Quarterly Review (2013). For further detail, see https://www.bis.org/publ/qtrpdf/r_qt1303z.htm","Bank of Mexico, Bank for International Settlements.",5B0,"Mexico - Central bank, assets, total, BIS-spliced, USD",,E,1983-10,26.198265154478,,F,A,
M,MX,B,USD,_Z,B,,From January 1977 onwards: monthly financial statements. Before 1977: annual financial statements.,BIS-spliced,The data in billions of US dollars are calculated using market exchange rates.,,3,9,,"This series is adjusted for breaks. Break-adjustment calculations follow the methodology outlined in the BIS Quarterly Review (2013). For further detail, see https://www.bis.org/publ/qtrpdf/r_qt1303z.htm","Bank of Mexico, Bank for International Settlements.",5B0,"Mexico - Central bank, assets, total, BIS-spliced, USD",,E,1983-11,26.721848061276,,F,A,
M,MX,B,USD,_Z,B,,From January 1977 onwards: monthly financial statements. Before 1977: annual financial statements.,BIS-spliced,The data in billions of US dollars are calculated using market exchange rates.,,3,9,,"This series is adjusted for breaks. Break-adjustment calculations follow the methodology outlined in the BIS Quarterly Review (2013). For further detail, see https://www.bis.org/publ/qtrpdf/r_qt1303z.htm","Bank of Mexico, Bank for International Settlements.",5B0,"Mexico - Central bank, assets, total, BIS-spliced, USD",,E,1983-12,27.029177118224,,F,A,
M,MX,B,USD,_Z,B,,From January 1977 onwards: monthly financial statements. Before 1977: annual financial statements.,BIS-spliced,The data in billions of US dollars are calculated using market exchange rates.,,3,9,,"This series is adjusted for breaks. Break-adjustment calculations follow the methodology outlined in the BIS Quarterly Review (2013). For further detail, see https://www.bis.org/publ/qtrpdf/r_qt1303z.htm","Bank of Mexico, Bank for International Settlements.",5B0,"Mexico - Central bank, assets, total, BIS-spliced, USD",,E,1984-01,27.703788342,,F,A,
M,MX,B,USD,_Z,B,,From January 1977 onwards: monthly financial statements. Before 1977: annual financial statements.,BIS-spliced,The data in billions of US dollars are calculated using market exchange rates.,,3,9,,"This series is adjusted for breaks. Break-adjustment calculations follow the methodology outlined in the BIS Quarterly Review (2013). For further detail, see https://www.bis.org/publ/qtrpdf/r_qt1303z.htm","Bank of Mexico, Bank for International Settlements.",5B0,"Mexico - Central bank, assets, total, BIS-spliced, USD",,E,1984-02,28.265173083062,,F,A,
M,MX,B,USD,_Z,B,,From January 1977 onwards: monthly financial statements. Before 1977: annual financial statements.,BIS-spliced,The data in billions of US dollars are calculated using market exchange rates.,,3,9,,"This series is adjusted for breaks. Break-adjustment calculations follow the methodology outlined in the BIS Quarterly Review (2013). For further detail, see https://www.bis.org/publ/qtrpdf/r_qt1303z.htm","Bank of Mexico, Bank for International Settlements.",5B0,"Mexico - Central bank, assets, total, BIS-spliced, USD",,E,1984-03,28.981497775209,,F,A,
M,MX,B,USD,_Z,B,,From January 1977 onwards: monthly financial statements. Before 1977: annual financial statements.,BIS-spliced,The data in billions of US dollars are calculated using market exchange rates.,,3,9,,"This series is adjusted for breaks. Break-adjustment calculations follow the methodology outlined in the BIS Quarterly Review (2013). For further detail, see https://www.bis.org/publ/qtrpdf/r_qt1303z.htm","Bank of Mexico, Bank for International Settlements.",5B0,"Mexico - Central bank, assets, total, BIS-spliced, USD",,E,1984-04,29.326549390106,,F,A,
M,MX,B,USD,_Z,B,,From January 1977 onwards: monthly financial statements. Before 1977: annual financial statements.,BIS-spliced,The data in billions of US dollars are calculated using market exchange rates.,,3,9,,"This series is adjusted for breaks. Break-adjustment calculations follow the methodology outlined in the BIS Quarterly Review (2013). For further detail, see https://www.bis.org/publ/qtrpdf/r_qt1303z.htm","Bank of Mexico, Bank for International Settlements.",5B0,"Mexico - Central bank, assets, total, BIS-spliced, USD",,E,1984-05,29.375979956932,,F,A,
M,MX,B,USD,_Z,B,,From January 1977 onwards: monthly financial statements. Before 1977: annual financial statements.,BIS-spliced,The data in billions of US dollars are calculated using market exchange rates.,,3,9,,"This series is adjusted for breaks. Break-adjustment calculations follow the methodology outlined in the BIS Quarterly Review (2013). For further detail, see https://www.bis.org/publ/qtrpdf/r_qt1303z.htm","Bank of Mexico, Bank for International Settlements.",5B0,"Mexico - Central bank, assets, total, BIS-spliced, USD",,E,1984-06,29.540887884033,,F,A,
M,MX,B,USD,_Z,B,,From January 1977 onwards: monthly financial statements. Before 1977: annual financial statements.,BIS-spliced,The data in billions of US dollars are calculated using market exchange rates.,,3,9,,"This series is adjusted for breaks. Break-adjustment calculations follow the methodology outlined in the BIS Quarterly Review (2013). For further detail, see https://www.bis.org/publ/qtrpdf/r_qt1303z.htm","Bank of Mexico, Bank for International Settlements.",5B0,"Mexico - Central bank, assets, total, BIS-spliced, USD",,E,1984-07,29.794996831358,,F,A,
M,MX,B,USD,_Z,B,,From January 1977 onwards: monthly financial statements. Before 1977: annual financial statements.,BIS-spliced,The data in billions of US dollars are calculated using market exchange rates.,,3,9,,"This series is adjusted for breaks. Break-adjustment calculations follow the methodology outlined in the BIS Quarterly Review (2013). For further detail, see https://www.bis.org/publ/qtrpdf/r_qt1303z.htm","Bank of Mexico, Bank for International Settlements.",5B0,"Mexico - Central bank, assets, total, BIS-spliced, USD",,E,1984-08,30.317585450873,,F,A,
M,MX,B,USD,_Z,B,,From January 1977 onwards: monthly financial statements. Before 1977: annual financial statements.,BIS-spliced,The data in billions of US dollars are calculated using market exchange rates.,,3,9,,"This series is adjusted for breaks. Break-adjustment calculations follow the methodology outlined in the BIS Quarterly Review (2013). For further detail, see https://www.bis.org/publ/qtrpdf/r_qt1303z.htm","Bank of Mexico, Bank for International Settlements.",5B0,"Mexico - Central bank, assets, total, BIS-spliced, USD",,E,1984-09,30.06439199329,,F,A,
M,MX,B,USD,_Z,B,,From January 1977 onwards: monthly financial statements. Before 1977: annual financial statements.,BIS-spliced,The data in billions of US dollars are calculated using market exchange rates.,,3,9,,"This series is adjusted for breaks. Break-adjustment calculations follow the methodology outlined in the BIS Quarterly Review (2013). For further detail, see https://www.bis.org/publ/qtrpdf/r_qt1303z.htm","Bank of Mexico, Bank for International Settlements.",5B0,"Mexico - Central bank, assets, total, BIS-spliced, USD",,E,1984-10,30.708653487562,,F,A,
M,MX,B,USD,_Z,B,,From January 1977 onwards: monthly financial statements. Before 1977: annual financial statements.,BIS-spliced,The data in billions of US dollars are calculated using market exchange rates.,,3,9,,"This series is adjusted for breaks. Break-adjustment calculations follow the methodology outlined in the BIS Quarterly Review (2013). For further detail, see https://www.bis.org/publ/qtrpdf/r_qt1303z.htm","Bank of Mexico, Bank for International Settlements.",5B0,"Mexico - Central bank, assets, total, BIS-spliced, USD",,E,1984-11,30.809659306979,,F,A,
M,MX,B,USD,_Z,B,,From January 1977 onwards: monthly financial statements. Before 1977: annual financial statements.,BIS-spliced,The data in billions of US dollars are calculated using market exchange rates.,,3,9,,"This series is adjusted for breaks. Break-adjustment calculations follow the methodology outlined in the BIS Quarterly Review (2013). For further detail, see https://www.bis.org/publ/qtrpdf/r_qt1303z.htm","Bank of Mexico, Bank for International Settlements.",5B0,"Mexico - Central bank, assets, total, BIS-spliced, USD",,E,1984-12,32.40248198314,,F,A,
M,MX,B,USD,_Z,B,,From January 1977 onwards: monthly financial statements. Before 1977: annual financial statements.,BIS-spliced,The data in billions of US dollars are calculated using market exchange rates.,,3,9,,"This series is adjusted for breaks. Break-adjustment calculations follow the methodology outlined in the BIS Quarterly Review (2013). For further detail, see https://www.bis.org/publ/qtrpdf/r_qt1303z.htm","Bank of Mexico, Bank for International Settlements.",5B0,"Mexico - Central bank, assets, total, BIS-spliced, USD",,E,1985-01,32.526825971009,,F,A,
M,MX,B,USD,_Z,B,,From January 1977 onwards: monthly financial statements. Before 1977: annual financial statements.,BIS-spliced,The data in billions of US dollars are calculated using market exchange rates.,,3,9,,"This series is adjusted for breaks. Break-adjustment calculations follow the methodology outlined in the BIS Quarterly Review (2013). For further detail, see https://www.bis.org/publ/qtrpdf/r_qt1303z.htm","Bank of Mexico, Bank for International Settlements.",5B0,"Mexico - Central bank, assets, total, BIS-spliced, USD",,E,1985-02,32.065881818182,,F,A,
M,MX,B,USD,_Z,B,,From January 1977 onwards: monthly financial statements. Before 1977: annual financial statements.,BIS-spliced,The data in billions of US dollars are calculated using market exchange rates.,,3,9,,"This series is adjusted for breaks. Break-adjustment calculations follow the methodology outlined in the BIS Quarterly Review (2013). For further detail, see https://www.bis.org/publ/qtrpdf/r_qt1303z.htm","Bank of Mexico, Bank for International Settlements.",5B0,"Mexico - Central bank, assets, total, BIS-spliced, USD",,E,1985-03,33.110520536544,,F,A,
M,MX,B,USD,_Z,B,,From January 1977 onwards: monthly financial statements. Before 1977: annual financial statements.,BIS-spliced,The data in billions of US dollars are calculated using market exchange rates.,,3,9,,"This series is adjusted for breaks. Break-adjustment calculations follow the methodology outlined in the BIS Quarterly Review (2013). For further detail, see https://www.bis.org/publ/qtrpdf/r_qt1303z.htm","Bank of Mexico, Bank for International Settlements.",5B0,"Mexico - Central bank, assets, total, BIS-spliced, USD",,E,1985-04,32.407023017067,,F,A,
M,MX,B,USD,_Z,B,,From January 1977 onwards: monthly financial statements. Before 1977: annual financial statements.,BIS-spliced,The data in billions of US dollars are calculated using market exchange rates.,,3,9,,"This series is adjusted for breaks. Break-adjustment calculations follow the methodology outlined in the BIS Quarterly Review (2013). For further detail, see https://www.bis.org/publ/qtrpdf/r_qt1303z.htm","Bank of Mexico, Bank for International Settlements.",5B0,"Mexico - Central bank, assets, total, BIS-spliced, USD",,E,1985-05,31.962929738207,,F,A,
M,MX,B,USD,_Z,B,,From January 1977 onwards: monthly financial statements. Before 1977: annual financial statements.,BIS-spliced,The data in billions of US dollars are calculated using market exchange rates.,,3,9,,"This series is adjusted for breaks. Break-adjustment calculations follow the methodology outlined in the BIS Quarterly Review (2013). For further detail, see https://www.bis.org/publ/qtrpdf/r_qt1303z.htm","Bank of Mexico, Bank for International Settlements.",5B0,"Mexico - Central bank, assets, total, BIS-spliced, USD",,E,1985-06,31.235630836735,,F,A,
M,MX,B,USD,_Z,B,,From January 1977 onwards: monthly financial statements. Before 1977: annual financial statements.,BIS-spliced,The data in billions of US dollars are calculated using market exchange rates.,,3,9,,"This series is adjusted for breaks. Break-adjustment calculations follow the methodology outlined in the BIS Quarterly Review (2013). For further detail, see https://www.bis.org/publ/qtrpdf/r_qt1303z.htm","Bank of Mexico, Bank for International Settlements.",5B0,"Mexico - Central bank, assets, total, BIS-spliced, USD",,E,1985-07,22.356960592806,,F,A,
M,MX,B,USD,_Z,B,,From January 1977 onwards: monthly financial statements. Before 1977: annual financial statements.,BIS-spliced,The data in billions of US dollars are calculated using market exchange rates.,,3,9,,"This series is adjusted for breaks. Break-adjustment calculations follow the methodology outlined in the BIS Quarterly Review (2013). For further detail, see https://www.bis.org/publ/qtrpdf/r_qt1303z.htm","Bank of Mexico, Bank for International Settlements.",5B0,"Mexico - Central bank, assets, total, BIS-spliced, USD",,E,1985-08,22.926836090226,,F,A,
M,MX,B,USD,_Z,B,,From January 1977 onwards: monthly financial statements. Before 1977: annual financial statements.,BIS-spliced,The data in billions of US dollars are calculated using market exchange rates.,,3,9,,"This series is adjusted for breaks. Break-adjustment calculations follow the methodology outlined in the BIS Quarterly Review (2013). For further detail, see https://www.bis.org/publ/qtrpdf/r_qt1303z.htm","Bank of Mexico, Bank for International Settlements.",5B0,"Mexico - Central bank, assets, total, BIS-spliced, USD",,E,1985-09,21.024574496644,,F,A,
M,MX,B,USD,_Z,B,,From January 1977 onwards: monthly financial statements. Before 1977: annual financial statements.,BIS-spliced,The data in billions of US dollars are calculated using market exchange rates.,,3,9,,"This series is adjusted for breaks. Break-adjustment calculations follow the methodology outlined in the BIS Quarterly Review (2013). For further detail, see https://www.bis.org/publ/qtrpdf/r_qt1303z.htm","Bank of Mexico, Bank for International Settlements.",5B0,"Mexico - Central bank, assets, total, BIS-spliced, USD",,E,1985-10,17.130551871658,,F,A,
M,MX,B,USD,_Z,B,,From January 1977 onwards: monthly financial statements. Before 1977: annual financial statements.,BIS-spliced,The data in billions of US dollars are calculated using market exchange rates.,,3,9,,"This series is adjusted for breaks. Break-adjustment calculations follow the methodology outlined in the BIS Quarterly Review (2013). For further detail, see https://www.bis.org/publ/qtrpdf/r_qt1303z.htm","Bank of Mexico, Bank for International Settlements.",5B0,"Mexico - Central bank, assets, total, BIS-spliced, USD",,E,1985-11,17.318498429319,,F,A,
M,MX,B,USD,_Z,B,,From January 1977 onwards: monthly financial statements. Before 1977: annual financial statements.,BIS-spliced,The data in billions of US dollars are calculated using market exchange rates.,,3,9,,"This series is adjusted for breaks. Break-adjustment calculations follow the methodology outlined in the BIS Quarterly Review (2013). For further detail, see https://www.bis.org/publ/qtrpdf/r_qt1303z.htm","Bank of Mexico, Bank for International Settlements.",5B0,"Mexico - Central bank, assets, total, BIS-spliced, USD",,E,1985-12,20.915680264609,,F,A,
M,MX,B,USD,_Z,B,,From January 1977 onwards: monthly financial statements. Before 1977: annual financial statements.,BIS-spliced,The data in billions of US dollars are calculated using market exchange rates.,,3,9,,"This series is adjusted for breaks. Break-adjustment calculations follow the methodology outlined in the BIS Quarterly Review (2013). For further detail, see https://www.bis.org/publ/qtrpdf/r_qt1303z.htm","Bank of Mexico, Bank for International Settlements.",5B0,"Mexico - Central bank, assets, total, BIS-spliced, USD",,E,1986-01,22.070227477477,,F,A,
M,MX,B,USD,_Z,B,,From January 1977 onwards: monthly financial statements. Before 1977: annual financial statements.,BIS-spliced,The data in billions of US dollars are calculated using market exchange rates.,,3,9,,"This series is adjusted for breaks. Break-adjustment calculations follow the methodology outlined in the BIS Quarterly Review (2013). For further detail, see https://www.bis.org/publ/qtrpdf/r_qt1303z.htm","Bank of Mexico, Bank for International Settlements.",5B0,"Mexico - Central bank, assets, total, BIS-spliced, USD",,E,1986-02,22.394520218579,,F,A,
M,MX,B,USD,_Z,B,,From January 1977 onwards: monthly financial statements. Before 1977: annual financial statements.,BIS-spliced,The data in billions of US dollars are calculated using market exchange rates.,,3,9,,"This series is adjusted for breaks. Break-adjustment calculations follow the methodology outlined in the BIS Quarterly Review (2013). For further detail, see https://www.bis.org/publ/qtrpdf/r_qt1303z.htm","Bank of Mexico, Bank for International Settlements.",5B0,"Mexico - Central bank, assets, total, BIS-spliced, USD",,E,1986-03,22.316571134021,,F,A,
M,MX,B,USD,_Z,B,,From January 1977 onwards: monthly financial statements. Before 1977: annual financial statements.,BIS-spliced,The data in billions of US dollars are calculated using market exchange rates.,,3,9,,"This series is adjusted for breaks. Break-adjustment calculations follow the methodology outlined in the BIS Quarterly Review (2013). For further detail, see https://www.bis.org/publ/qtrpdf/r_qt1303z.htm","Bank of Mexico, Bank for International Settlements.",5B0,"Mexico - Central bank, assets, total, BIS-spliced, USD",,E,1986-04,21.401553831232,,F,A,
M,MX,B,USD,_Z,B,,From January 1977 onwards: monthly financial statements. Before 1977: annual financial statements.,BIS-spliced,The data in billions of US dollars are calculated using market exchange rates.,,3,9,,"This series is adjusted for breaks. Break-adjustment calculations follow the methodology outlined in the BIS Quarterly Review (2013). For further detail, see https://www.bis.org/publ/qtrpdf/r_qt1303z.htm","Bank of Mexico, Bank for International Settlements.",5B0,"Mexico - Central bank, assets, total, BIS-spliced, USD",,E,1986-05,21.64892475068,,F,A,
M,MX,B,USD,_Z,B,,From January 1977 onwards: monthly financial statements. Before 1977: annual financial statements.,BIS-spliced,The data in billions of US dollars are calculated using market exchange rates.,,3,9,,"This series is adjusted for breaks. Break-adjustment calculations follow the methodology outlined in the BIS Quarterly Review (2013). For further detail, see https://www.bis.org/publ/qtrpdf/r_qt1303z.htm","Bank of Mexico, Bank for International Settlements.",5B0,"Mexico - Central bank, assets, total, BIS-spliced, USD",,E,1986-06,19.226385277995,,F,A,
M,MX,B,USD,_Z,B,,From January 1977 onwards: monthly financial statements. Before 1977: annual financial statements.,BIS-spliced,The data in billions of US dollars are calculated using market exchange rates.,,3,9,,"This series is adjusted for breaks. Break-adjustment calculations follow the methodology outlined in the BIS Quarterly Review (2013). For further detail, see https://www.bis.org/publ/qtrpdf/r_qt1303z.htm","Bank of Mexico, Bank for International Settlements.",5B0,"Mexico - Central bank, assets, total, BIS-spliced, USD",,E,1986-07,20.096329976762,,F,A,
M,MX,B,USD,_Z,B,,From January 1977 onwards: monthly financial statements. Before 1977: annual financial statements.,BIS-spliced,The data in billions of US dollars are calculated using market exchange rates.,,3,9,,"This series is adjusted for breaks. Break-adjustment calculations follow the methodology outlined in the BIS Quarterly Review (2013). For further detail, see https://www.bis.org/publ/qtrpdf/r_qt1303z.htm","Bank of Mexico, Bank for International Settlements.",5B0,"Mexico - Central bank, assets, total, BIS-spliced, USD",,E,1986-08,19.067508081518,,F,A,
M,MX,B,USD,_Z,B,,From January 1977 onwards: monthly financial statements. Before 1977: annual financial statements.,BIS-spliced,The data in billions of US dollars are calculated using market exchange rates.,,3,9,,"This series is adjusted for breaks. Break-adjustment calculations follow the methodology outlined in the BIS Quarterly Review (2013). For further detail, see https://www.bis.org/publ/qtrpdf/r_qt1303z.htm","Bank of Mexico, Bank for International Settlements.",5B0,"Mexico - Central bank, assets, total, BIS-spliced, USD",,E,1986-09,18.328936890046,,F,A,
M,MX,B,USD,_Z,B,,From January 1977 onwards: monthly financial statements. Before 1977: annual financial statements.,BIS-spliced,The data in billions of US dollars are calculated using market exchange rates.,,3,9,,"This series is adjusted for breaks. Break-adjustment calculations follow the methodology outlined in the BIS Quarterly Review (2013). For further detail, see https://www.bis.org/publ/qtrpdf/r_qt1303z.htm","Bank of Mexico, Bank for International Settlements.",5B0,"Mexico - Central bank, assets, total, BIS-spliced, USD",,E,1986-10,18.388459574468,,F,A,
M,MX,B,USD,_Z,B,,From January 1977 onwards: monthly financial statements. Before 1977: annual financial statements.,BIS-spliced,The data in billions of US dollars are calculated using market exchange rates.,,3,9,,"This series is adjusted for breaks. Break-adjustment calculations follow the methodology outlined in the BIS Quarterly Review (2013). For further detail, see https://www.bis.org/publ/qtrpdf/r_qt1303z.htm","Bank of Mexico, Bank for International Settlements.",5B0,"Mexico - Central bank, assets, total, BIS-spliced, USD",,E,1986-11,18.626531572905,,F,A,
M,MX,B,USD,_Z,B,,From January 1977 onwards: monthly financial statements. Before 1977: annual financial statements.,BIS-spliced,The data in billions of US dollars are calculated using market exchange rates.,,3,9,,"This series is adjusted for breaks. Break-adjustment calculations follow the methodology outlined in the BIS Quarterly Review (2013). For further detail, see https://www.bis.org/publ/qtrpdf/r_qt1303z.htm","Bank of Mexico, Bank for International Settlements.",5B0,"Mexico - Central bank, assets, total, BIS-spliced, USD",,E,1986-12,19.851793103448,,F,A,
M,MX,B,USD,_Z,B,,From January 1977 onwards: monthly financial statements. Before 1977: annual financial statements.,BIS-spliced,The data in billions of US dollars are calculated using market exchange rates.,,3,9,,"This series is adjusted for breaks. Break-adjustment calculations follow the methodology outlined in the BIS Quarterly Review (2013). For further detail, see https://www.bis.org/publ/qtrpdf/r_qt1303z.htm","Bank of Mexico, Bank for International Settlements.",5B0,"Mexico - Central bank, assets, total, BIS-spliced, USD",,E,1987-01,19.262215746421,,F,A,
M,MX,B,USD,_Z,B,,From January 1977 onwards: monthly financial statements. Before 1977: annual financial statements.,BIS-spliced,The data in billions of US dollars are calculated using market exchange rates.,,3,9,,"This series is adjusted for breaks. Break-adjustment calculations follow the methodology outlined in the BIS Quarterly Review (2013). For further detail, see https://www.bis.org/publ/qtrpdf/r_qt1303z.htm","Bank of Mexico, Bank for International Settlements.",5B0,"Mexico - Central bank, assets, total, BIS-spliced, USD",,E,1987-02,19.449396153846,,F,A,
M,MX,B,USD,_Z,B,,From January 1977 onwards: monthly financial statements. Before 1977: annual financial statements.,BIS-spliced,The data in billions of US dollars are calculated using market exchange rates.,,3,9,,"This series is adjusted for breaks. Break-adjustment calculations follow the methodology outlined in the BIS Quarterly Review (2013). For further detail, see https://www.bis.org/publ/qtrpdf/r_qt1303z.htm","Bank of Mexico, Bank for International Settlements.",5B0,"Mexico - Central bank, assets, total, BIS-spliced, USD",,E,1987-03,19.827322003578,,F,A,
M,MX,B,USD,_Z,B,,From January 1977 onwards: monthly financial statements. Before 1977: annual financial statements.,BIS-spliced,The data in billions of US dollars are calculated using market exchange rates.,,3,9,,"This series is adjusted for breaks. Break-adjustment calculations follow the methodology outlined in the BIS Quarterly Review (2013). For further detail, see https://www.bis.org/publ/qtrpdf/r_qt1303z.htm","Bank of Mexico, Bank for International Settlements.",5B0,"Mexico - Central bank, assets, total, BIS-spliced, USD",,E,1987-04,23.514896872358,,F,A,
M,MX,B,USD,_Z,B,,From January 1977 onwards: monthly financial statements. Before 1977: annual financial statements.,BIS-spliced,The data in billions of US dollars are calculated using market exchange rates.,,3,9,,"This series is adjusted for breaks. Break-adjustment calculations follow the methodology outlined in the BIS Quarterly Review (2013). For further detail, see https://www.bis.org/publ/qtrpdf/r_qt1303z.htm","Bank of Mexico, Bank for International Settlements.",5B0,"Mexico - Central bank, assets, total, BIS-spliced, USD",,E,1987-05,23.808853861386,,F,A,
M,MX,B,USD,_Z,B,,From January 1977 onwards: monthly financial statements. Before 1977: annual financial statements.,BIS-spliced,The data in billions of US dollars are calculated using market exchange rates.,,3,9,,"This series is adjusted for breaks. Break-adjustment calculations follow the methodology outlined in the BIS Quarterly Review (2013). For further detail, see https://www.bis.org/publ/qtrpdf/r_qt1303z.htm","Bank of Mexico, Bank for International Settlements.",5B0,"Mexico - Central bank, assets, total, BIS-spliced, USD",,E,1987-06,23.376729910714,,F,A,
M,MX,B,USD,_Z,B,,From January 1977 onwards: monthly financial statements. Before 1977: annual financial statements.,BIS-spliced,The data in billions of US dollars are calculated using market exchange rates.,,3,9,,"This series is adjusted for breaks. Break-adjustment calculations follow the methodology outlined in the BIS Quarterly Review (2013). For further detail, see https://www.bis.org/publ/qtrpdf/r_qt1303z.htm","Bank of Mexico, Bank for International Settlements.",5B0,"Mexico - Central bank, assets, total, BIS-spliced, USD",,E,1987-07,24.254700248315,,F,A,
M,MX,B,USD,_Z,B,,From January 1977 onwards: monthly financial statements. Before 1977: annual financial statements.,BIS-spliced,The data in billions of US dollars are calculated using market exchange rates.,,3,9,,"This series is adjusted for breaks. Break-adjustment calculations follow the methodology outlined in the BIS Quarterly Review (2013). For further detail, see https://www.bis.org/publ/qtrpdf/r_qt1303z.htm","Bank of Mexico, Bank for International Settlements.",5B0,"Mexico - Central bank, assets, total, BIS-spliced, USD",,E,1987-08,23.993904503894,,F,A,
M,MX,B,USD,_Z,B,,From January 1977 onwards: monthly financial statements. Before 1977: annual financial statements.,BIS-spliced,The data in billions of US dollars are calculated using market exchange rates.,,3,9,,"This series is adjusted for breaks. Break-adjustment calculations follow the methodology outlined in the BIS Quarterly Review (2013). For further detail, see https://www.bis.org/publ/qtrpdf/r_qt1303z.htm","Bank of Mexico, Bank for International Settlements.",5B0,"Mexico - Central bank, assets, total, BIS-spliced, USD",,E,1987-09,23.957078795644,,F,A,
M,MX,B,USD,_Z,B,,From January 1977 onwards: monthly financial statements. Before 1977: annual financial statements.,BIS-spliced,The data in billions of US dollars are calculated using market exchange rates.,,3,9,,"This series is adjusted for breaks. Break-adjustment calculations follow the methodology outlined in the BIS Quarterly Review (2013). For further detail, see https://www.bis.org/publ/qtrpdf/r_qt1303z.htm","Bank of Mexico, Bank for International Settlements.",5B0,"Mexico - Central bank, assets, total, BIS-spliced, USD",,E,1987-10,23.598649892605,,F,A,
M,MX,B,USD,_Z,B,,From January 1977 onwards: monthly financial statements. Before 1977: annual financial statements.,BIS-spliced,The data in billions of US dollars are calculated using market exchange rates.,,3,9,,"This series is adjusted for breaks. Break-adjustment calculations follow the methodology outlined in the BIS Quarterly Review (2013). For further detail, see https://www.bis.org/publ/qtrpdf/r_qt1303z.htm","Bank of Mexico, Bank for International Settlements.",5B0,"Mexico - Central bank, assets, total, BIS-spliced, USD",,E,1987-11,18.104641350211,,F,A,
M,MX,B,USD,_Z,B,,From January 1977 onwards: monthly financial statements. Before 1977: annual financial statements.,BIS-spliced,The data in billions of US dollars are calculated using market exchange rates.,,3,9,,"This series is adjusted for breaks. Break-adjustment calculations follow the methodology outlined in the BIS Quarterly Review (2013). For further detail, see https://www.bis.org/publ/qtrpdf/r_qt1303z.htm","Bank of Mexico, Bank for International Settlements.",5B0,"Mexico - Central bank, assets, total, BIS-spliced, USD",,E,1987-12,23.037752808989,,F,A,
M,MX,B,USD,_Z,B,,From January 1977 onwards: monthly financial statements. Before 1977: annual financial statements.,BIS-spliced,The data in billions of US dollars are calculated using market exchange rates.,,3,9,,"This series is adjusted for breaks. Break-adjustment calculations follow the methodology outlined in the BIS Quarterly Review (2013). For further detail, see https://www.bis.org/publ/qtrpdf/r_qt1303z.htm","Bank of Mexico, Bank for International Settlements.",5B0,"Mexico - Central bank, assets, total, BIS-spliced, USD",,E,1988-01,23.437527989252,,F,A,
M,MX,B,USD,_Z,B,,From January 1977 onwards: monthly financial statements. Before 1977: annual financial statements.,BIS-spliced,The data in billions of US dollars are calculated using market exchange rates.,,3,9,,"This series is adjusted for breaks. Break-adjustment calculations follow the methodology outlined in the BIS Quarterly Review (2013). For further detail, see https://www.bis.org/publ/qtrpdf/r_qt1303z.htm","Bank of Mexico, Bank for International Settlements.",5B0,"Mexico - Central bank, assets, total, BIS-spliced, USD",,E,1988-02,23.339877835951,,F,A,
M,MX,B,USD,_Z,B,,From January 1977 onwards: monthly financial statements. Before 1977: annual financial statements.,BIS-spliced,The data in billions of US dollars are calculated using market exchange rates.,,3,9,,"This series is adjusted for breaks. Break-adjustment calculations follow the methodology outlined in the BIS Quarterly Review (2013). For further detail, see https://www.bis.org/publ/qtrpdf/r_qt1303z.htm","Bank of Mexico, Bank for International Settlements.",5B0,"Mexico - Central bank, assets, total, BIS-spliced, USD",,E,1988-03,25.841394335512,,F,A,
M,MX,B,USD,_Z,B,,From January 1977 onwards: monthly financial statements. Before 1977: annual financial statements.,BIS-spliced,The data in billions of US dollars are calculated using market exchange rates.,,3,9,,"This series is adjusted for breaks. Break-adjustment calculations follow the methodology outlined in the BIS Quarterly Review (2013). For further detail, see https://www.bis.org/publ/qtrpdf/r_qt1303z.htm","Bank of Mexico, Bank for International Settlements.",5B0,"Mexico - Central bank, assets, total, BIS-spliced, USD",,E,1988-04,25.827015250545,,F,A,
M,MX,B,USD,_Z,B,,From January 1977 onwards: monthly financial statements. Before 1977: annual financial statements.,BIS-spliced,The data in billions of US dollars are calculated using market exchange rates.,,3,9,,"This series is adjusted for breaks. Break-adjustment calculations follow the methodology outlined in the BIS Quarterly Review (2013). For further detail, see https://www.bis.org/publ/qtrpdf/r_qt1303z.htm","Bank of Mexico, Bank for International Settlements.",5B0,"Mexico - Central bank, assets, total, BIS-spliced, USD",,E,1988-05,25.146405228758,,F,A,
M,MX,B,USD,_Z,B,,From January 1977 onwards: monthly financial statements. Before 1977: annual financial statements.,BIS-spliced,The data in billions of US dollars are calculated using market exchange rates.,,3,9,,"This series is adjusted for breaks. Break-adjustment calculations follow the methodology outlined in the BIS Quarterly Review (2013). For further detail, see https://www.bis.org/publ/qtrpdf/r_qt1303z.htm","Bank of Mexico, Bank for International Settlements.",5B0,"Mexico - Central bank, assets, total, BIS-spliced, USD",,E,1988-06,25.336819172113,,F,A,
M,MX,B,USD,_Z,B,,From January 1977 onwards: monthly financial statements. Before 1977: annual financial statements.,BIS-spliced,The data in billions of US dollars are calculated using market exchange rates.,,3,9,,"This series is adjusted for breaks. Break-adjustment calculations follow the methodology outlined in the BIS Quarterly Review (2013). For further detail, see https://www.bis.org/publ/qtrpdf/r_qt1303z.htm","Bank of Mexico, Bank for International Settlements.",5B0,"Mexico - Central bank, assets, total, BIS-spliced, USD",,E,1988-07,24.696732026144,,F,A,
M,MX,B,USD,_Z,B,,From January 1977 onwards: monthly financial statements. Before 1977: annual financial statements.,BIS-spliced,The data in billions of US dollars are calculated using market exchange rates.,,3,9,,"This series is adjusted for breaks. Break-adjustment calculations follow the methodology outlined in the BIS Quarterly Review (2013). For further detail, see https://www.bis.org/publ/qtrpdf/r_qt1303z.htm","Bank of Mexico, Bank for International Settlements.",5B0,"Mexico - Central bank, assets, total, BIS-spliced, USD",,E,1988-08,25.379956427015,,F,A,
M,MX,B,USD,_Z,B,,From January 1977 onwards: monthly financial statements. Before 1977: annual financial statements.,BIS-spliced,The data in billions of US dollars are calculated using market exchange rates.,,3,9,,"This series is adjusted for breaks. Break-adjustment calculations follow the methodology outlined in the BIS Quarterly Review (2013). For further detail, see https://www.bis.org/publ/qtrpdf/r_qt1303z.htm","Bank of Mexico, Bank for International Settlements.",5B0,"Mexico - Central bank, assets, total, BIS-spliced, USD",,E,1988-09,23.550762527233,,F,A,
M,MX,B,USD,_Z,B,,From January 1977 onwards: monthly financial statements. Before 1977: annual financial statements.,BIS-spliced,The data in billions of US dollars are calculated using market exchange rates.,,3,9,,"This series is adjusted for breaks. Break-adjustment calculations follow the methodology outlined in the BIS Quarterly Review (2013). For further detail, see https://www.bis.org/publ/qtrpdf/r_qt1303z.htm","Bank of Mexico, Bank for International Settlements.",5B0,"Mexico - Central bank, assets, total, BIS-spliced, USD",,E,1988-10,22.525490196078,,F,A,
M,MX,B,USD,_Z,B,,From January 1977 onwards: monthly financial statements. Before 1977: annual financial statements.,BIS-spliced,The data in billions of US dollars are calculated using market exchange rates.,,3,9,,"This series is adjusted for breaks. Break-adjustment calculations follow the methodology outlined in the BIS Quarterly Review (2013). For further detail, see https://www.bis.org/publ/qtrpdf/r_qt1303z.htm","Bank of Mexico, Bank for International Settlements.",5B0,"Mexico - Central bank, assets, total, BIS-spliced, USD",,E,1988-11,26.325054466231,,F,A,
M,MX,B,USD,_Z,B,,From January 1977 onwards: monthly financial statements. Before 1977: annual financial statements.,BIS-spliced,The data in billions of US dollars are calculated using market exchange rates.,,3,9,,"This series is adjusted for breaks. Break-adjustment calculations follow the methodology outlined in the BIS Quarterly Review (2013). For further detail, see https://www.bis.org/publ/qtrpdf/r_qt1303z.htm","Bank of Mexico, Bank for International Settlements.",5B0,"Mexico - Central bank, assets, total, BIS-spliced, USD",,E,1988-12,25.496083550914,,F,A,
M,MX,B,USD,_Z,B,,From January 1977 onwards: monthly financial statements. Before 1977: annual financial statements.,BIS-spliced,The data in billions of US dollars are calculated using market exchange rates.,,3,9,,"This series is adjusted for breaks. Break-adjustment calculations follow the methodology outlined in the BIS Quarterly Review (2013). For further detail, see https://www.bis.org/publ/qtrpdf/r_qt1303z.htm","Bank of Mexico, Bank for International Settlements.",5B0,"Mexico - Central bank, assets, total, BIS-spliced, USD",,E,1989-01,25.240120274914,,F,A,
M,MX,B,USD,_Z,B,,From January 1977 onwards: monthly financial statements. Before 1977: annual financial statements.,BIS-spliced,The data in billions of US dollars are calculated using market exchange rates.,,3,9,,"This series is adjusted for breaks. Break-adjustment calculations follow the methodology outlined in the BIS Quarterly Review (2013). For further detail, see https://www.bis.org/publ/qtrpdf/r_qt1303z.htm","Bank of Mexico, Bank for International Settlements.",5B0,"Mexico - Central bank, assets, total, BIS-spliced, USD",,E,1989-02,25.251273344652,,F,A,
M,MX,B,USD,_Z,B,,From January 1977 onwards: monthly financial statements. Before 1977: annual financial statements.,BIS-spliced,The data in billions of US dollars are calculated using market exchange rates.,,3,9,,"This series is adjusted for breaks. Break-adjustment calculations follow the methodology outlined in the BIS Quarterly Review (2013). For further detail, see https://www.bis.org/publ/qtrpdf/r_qt1303z.htm","Bank of Mexico, Bank for International Settlements.",5B0,"Mexico - Central bank, assets, total, BIS-spliced, USD",,E,1989-03,25.717036416911,,F,A,
M,MX,B,USD,_Z,B,,From January 1977 onwards: monthly financial statements. Before 1977: annual financial statements.,BIS-spliced,The data in billions of US dollars are calculated using market exchange rates.,,3,9,,"This series is adjusted for breaks. Break-adjustment calculations follow the methodology outlined in the BIS Quarterly Review (2013). For further detail, see https://www.bis.org/publ/qtrpdf/r_qt1303z.htm","Bank of Mexico, Bank for International Settlements.",5B0,"Mexico - Central bank, assets, total, BIS-spliced, USD",,E,1989-04,24.493796526055,,F,A,
M,MX,B,USD,_Z,B,,From January 1977 onwards: monthly financial statements. Before 1977: annual financial statements.,BIS-spliced,The data in billions of US dollars are calculated using market exchange rates.,,3,9,,"This series is adjusted for breaks. Break-adjustment calculations follow the methodology outlined in the BIS Quarterly Review (2013). For further detail, see https://www.bis.org/publ/qtrpdf/r_qt1303z.htm","Bank of Mexico, Bank for International Settlements.",5B0,"Mexico - Central bank, assets, total, BIS-spliced, USD",,E,1989-05,22.46772875817,,F,A,
M,MX,B,USD,_Z,B,,From January 1977 onwards: monthly financial statements. Before 1977: annual financial statements.,BIS-spliced,The data in billions of US dollars are calculated using market exchange rates.,,3,9,,"This series is adjusted for breaks. Break-adjustment calculations follow the methodology outlined in the BIS Quarterly Review (2013). For further detail, see https://www.bis.org/publ/qtrpdf/r_qt1303z.htm","Bank of Mexico, Bank for International Settlements.",5B0,"Mexico - Central bank, assets, total, BIS-spliced, USD",,E,1989-06,24.640322580645,,F,A,
M,MX,B,USD,_Z,B,,From January 1977 onwards: monthly financial statements. Before 1977: annual financial statements.,BIS-spliced,The data in billions of US dollars are calculated using market exchange rates.,,3,9,,"This series is adjusted for breaks. Break-adjustment calculations follow the methodology outlined in the BIS Quarterly Review (2013). For further detail, see https://www.bis.org/publ/qtrpdf/r_qt1303z.htm","Bank of Mexico, Bank for International Settlements.",5B0,"Mexico - Central bank, assets, total, BIS-spliced, USD",,E,1989-07,23.706656038262,,F,A,
M,MX,B,USD,_Z,B,,From January 1977 onwards: monthly financial statements. Before 1977: annual financial statements.,BIS-spliced,The data in billions of US dollars are calculated using market exchange rates.,,3,9,,"This series is adjusted for breaks. Break-adjustment calculations follow the methodology outlined in the BIS Quarterly Review (2013). For further detail, see https://www.bis.org/publ/qtrpdf/r_qt1303z.htm","Bank of Mexico, Bank for International Settlements.",5B0,"Mexico - Central bank, assets, total, BIS-spliced, USD",,E,1989-08,24.84500393391,,F,A,
M,MX,B,USD,_Z,B,,From January 1977 onwards: monthly financial statements. Before 1977: annual financial statements.,BIS-spliced,The data in billions of US dollars are calculated using market exchange rates.,,3,9,,"This series is adjusted for breaks. Break-adjustment calculations follow the methodology outlined in the BIS Quarterly Review (2013). For further detail, see https://www.bis.org/publ/qtrpdf/r_qt1303z.htm","Bank of Mexico, Bank for International Settlements.",5B0,"Mexico - Central bank, assets, total, BIS-spliced, USD",,E,1989-09,28.326721120187,,F,A,
M,MX,B,USD,_Z,B,,From January 1977 onwards: monthly financial statements. Before 1977: annual financial statements.,BIS-spliced,The data in billions of US dollars are calculated using market exchange rates.,,3,9,,"This series is adjusted for breaks. Break-adjustment calculations follow the methodology outlined in the BIS Quarterly Review (2013). For further detail, see https://www.bis.org/publ/qtrpdf/r_qt1303z.htm","Bank of Mexico, Bank for International Settlements.",5B0,"Mexico - Central bank, assets, total, BIS-spliced, USD",,E,1989-10,28.260704091342,,F,A,
M,MX,B,USD,_Z,B,,From January 1977 onwards: monthly financial statements. Before 1977: annual financial statements.,BIS-spliced,The data in billions of US dollars are calculated using market exchange rates.,,3,9,,"This series is adjusted for breaks. Break-adjustment calculations follow the methodology outlined in the BIS Quarterly Review (2013). For further detail, see https://www.bis.org/publ/qtrpdf/r_qt1303z.htm","Bank of Mexico, Bank for International Settlements.",5B0,"Mexico - Central bank, assets, total, BIS-spliced, USD",,E,1989-11,26.377330069667,,F,A,
M,MX,B,USD,_Z,B,,From January 1977 onwards: monthly financial statements. Before 1977: annual financial statements.,BIS-spliced,The data in billions of US dollars are calculated using market exchange rates.,,3,9,,"This series is adjusted for breaks. Break-adjustment calculations follow the methodology outlined in the BIS Quarterly Review (2013). For further detail, see https://www.bis.org/publ/qtrpdf/r_qt1303z.htm","Bank of Mexico, Bank for International Settlements.",5B0,"Mexico - Central bank, assets, total, BIS-spliced, USD",,E,1989-12,28.840067026624,,F,A,
M,MX,B,USD,_Z,B,,From January 1977 onwards: monthly financial statements. Before 1977: annual financial statements.,BIS-spliced,The data in billions of US dollars are calculated using market exchange rates.,,3,9,,"This series is adjusted for breaks. Break-adjustment calculations follow the methodology outlined in the BIS Quarterly Review (2013). For further detail, see https://www.bis.org/publ/qtrpdf/r_qt1303z.htm","Bank of Mexico, Bank for International Settlements.",5B0,"Mexico - Central bank, assets, total, BIS-spliced, USD",,E,1990-01,30.910329589394,,F,A,
M,MX,B,USD,_Z,B,,From January 1977 onwards: monthly financial statements. Before 1977: annual financial statements.,BIS-spliced,The data in billions of US dollars are calculated using market exchange rates.,,3,9,,"This series is adjusted for breaks. Break-adjustment calculations follow the methodology outlined in the BIS Quarterly Review (2013). For further detail, see https://www.bis.org/publ/qtrpdf/r_qt1303z.htm","Bank of Mexico, Bank for International Settlements.",5B0,"Mexico - Central bank, assets, total, BIS-spliced, USD",,E,1990-02,31.700382722799,,F,A,
M,MX,B,USD,_Z,B,,From January 1977 onwards: monthly financial statements. Before 1977: annual financial statements.,BIS-spliced,The data in billions of US dollars are calculated using market exchange rates.,,3,9,,"This series is adjusted for breaks. Break-adjustment calculations follow the methodology outlined in the BIS Quarterly Review (2013). For further detail, see https://www.bis.org/publ/qtrpdf/r_qt1303z.htm","Bank of Mexico, Bank for International Settlements.",5B0,"Mexico - Central bank, assets, total, BIS-spliced, USD",,E,1990-03,27.04305530535,,F,A,
M,MX,B,USD,_Z,B,,From January 1977 onwards: monthly financial statements. Before 1977: annual financial statements.,BIS-spliced,The data in billions of US dollars are calculated using market exchange rates.,,3,9,,"This series is adjusted for breaks. Break-adjustment calculations follow the methodology outlined in the BIS Quarterly Review (2013). For further detail, see https://www.bis.org/publ/qtrpdf/r_qt1303z.htm","Bank of Mexico, Bank for International Settlements.",5B0,"Mexico - Central bank, assets, total, BIS-spliced, USD",,E,1990-04,28.771342006772,,F,A,
M,MX,B,USD,_Z,B,,From January 1977 onwards: monthly financial statements. Before 1977: annual financial statements.,BIS-spliced,The data in billions of US dollars are calculated using market exchange rates.,,3,9,,"This series is adjusted for breaks. Break-adjustment calculations follow the methodology outlined in the BIS Quarterly Review (2013). For further detail, see https://www.bis.org/publ/qtrpdf/r_qt1303z.htm","Bank of Mexico, Bank for International Settlements.",5B0,"Mexico - Central bank, assets, total, BIS-spliced, USD",,E,1990-05,27.453013152791,,F,A,
M,MX,B,USD,_Z,B,,From January 1977 onwards: monthly financial statements. Before 1977: annual financial statements.,BIS-spliced,The data in billions of US dollars are calculated using market exchange rates.,,3,9,,"This series is adjusted for breaks. Break-adjustment calculations follow the methodology outlined in the BIS Quarterly Review (2013). For further detail, see https://www.bis.org/publ/qtrpdf/r_qt1303z.htm","Bank of Mexico, Bank for International Settlements.",5B0,"Mexico - Central bank, assets, total, BIS-spliced, USD",,E,1990-06,28.077017243188,,F,A,
M,MX,B,USD,_Z,B,,From January 1977 onwards: monthly financial statements. Before 1977: annual financial statements.,BIS-spliced,The data in billions of US dollars are calculated using market exchange rates.,,3,9,,"This series is adjusted for breaks. Break-adjustment calculations follow the methodology outlined in the BIS Quarterly Review (2013). For further detail, see https://www.bis.org/publ/qtrpdf/r_qt1303z.htm","Bank of Mexico, Bank for International Settlements.",5B0,"Mexico - Central bank, assets, total, BIS-spliced, USD",,E,1990-07,27.707094935169,,F,A,
M,MX,B,USD,_Z,B,,From January 1977 onwards: monthly financial statements. Before 1977: annual financial statements.,BIS-spliced,The data in billions of US dollars are calculated using market exchange rates.,,3,9,,"This series is adjusted for breaks. Break-adjustment calculations follow the methodology outlined in the BIS Quarterly Review (2013). For further detail, see https://www.bis.org/publ/qtrpdf/r_qt1303z.htm","Bank of Mexico, Bank for International Settlements.",5B0,"Mexico - Central bank, assets, total, BIS-spliced, USD",,E,1990-08,26.719177370772,,F,A,
M,MX,B,USD,_Z,B,,From January 1977 onwards: monthly financial statements. Before 1977: annual financial statements.,BIS-spliced,The data in billions of US dollars are calculated using market exchange rates.,,3,9,,"This series is adjusted for breaks. Break-adjustment calculations follow the methodology outlined in the BIS Quarterly Review (2013). For further detail, see https://www.bis.org/publ/qtrpdf/r_qt1303z.htm","Bank of Mexico, Bank for International Settlements.",5B0,"Mexico - Central bank, assets, total, BIS-spliced, USD",,E,1990-09,27.31450471291,,F,A,
M,MX,B,USD,_Z,B,,From January 1977 onwards: monthly financial statements. Before 1977: annual financial statements.,BIS-spliced,The data in billions of US dollars are calculated using market exchange rates.,,3,9,,"This series is adjusted for breaks. Break-adjustment calculations follow the methodology outlined in the BIS Quarterly Review (2013). For further detail, see https://www.bis.org/publ/qtrpdf/r_qt1303z.htm","Bank of Mexico, Bank for International Settlements.",5B0,"Mexico - Central bank, assets, total, BIS-spliced, USD",,E,1990-10,28.135895064899,,F,A,
M,MX,B,USD,_Z,B,,From January 1977 onwards: monthly financial statements. Before 1977: annual financial statements.,BIS-spliced,The data in billions of US dollars are calculated using market exchange rates.,,3,9,,"This series is adjusted for breaks. Break-adjustment calculations follow the methodology outlined in the BIS Quarterly Review (2013). For further detail, see https://www.bis.org/publ/qtrpdf/r_qt1303z.htm","Bank of Mexico, Bank for International Settlements.",5B0,"Mexico - Central bank, assets, total, BIS-spliced, USD",,E,1990-11,28.616785458514,,F,A,
M,MX,B,USD,_Z,B,,From January 1977 onwards: monthly financial statements. Before 1977: annual financial statements.,BIS-spliced,The data in billions of US dollars are calculated using market exchange rates.,,3,9,,"This series is adjusted for breaks. Break-adjustment calculations follow the methodology outlined in the BIS Quarterly Review (2013). For further detail, see https://www.bis.org/publ/qtrpdf/r_qt1303z.htm","Bank of Mexico, Bank for International Settlements.",5B0,"Mexico - Central bank, assets, total, BIS-spliced, USD",,E,1990-12,31.553170532894,,F,A,
M,MX,B,USD,_Z,B,,From January 1977 onwards: monthly financial statements. Before 1977: annual financial statements.,BIS-spliced,The data in billions of US dollars are calculated using market exchange rates.,,3,9,,"This series is adjusted for breaks. Break-adjustment calculations follow the methodology outlined in the BIS Quarterly Review (2013). For further detail, see https://www.bis.org/publ/qtrpdf/r_qt1303z.htm","Bank of Mexico, Bank for International Settlements.",5B0,"Mexico - Central bank, assets, total, BIS-spliced, USD",,E,1991-01,29.923235602448,,F,A,
M,MX,B,USD,_Z,B,,From January 1977 onwards: monthly financial statements. Before 1977: annual financial statements.,BIS-spliced,The data in billions of US dollars are calculated using market exchange rates.,,3,9,,"This series is adjusted for breaks. Break-adjustment calculations follow the methodology outlined in the BIS Quarterly Review (2013). For further detail, see https://www.bis.org/publ/qtrpdf/r_qt1303z.htm","Bank of Mexico, Bank for International Settlements.",5B0,"Mexico - Central bank, assets, total, BIS-spliced, USD",,E,1991-02,30.830441666947,,F,A,
M,MX,B,USD,_Z,B,,From January 1977 onwards: monthly financial statements. Before 1977: annual financial statements.,BIS-spliced,The data in billions of US dollars are calculated using market exchange rates.,,3,9,,"This series is adjusted for breaks. Break-adjustment calculations follow the methodology outlined in the BIS Quarterly Review (2013). For further detail, see https://www.bis.org/publ/qtrpdf/r_qt1303z.htm","Bank of Mexico, Bank for International Settlements.",5B0,"Mexico - Central bank, assets, total, BIS-spliced, USD",,E,1991-03,30.585254538743,,F,A,
M,MX,B,USD,_Z,B,,From January 1977 onwards: monthly financial statements. Before 1977: annual financial statements.,BIS-spliced,The data in billions of US dollars are calculated using market exchange rates.,,3,9,,"This series is adjusted for breaks. Break-adjustment calculations follow the methodology outlined in the BIS Quarterly Review (2013). For further detail, see https://www.bis.org/publ/qtrpdf/r_qt1303z.htm","Bank of Mexico, Bank for International Settlements.",5B0,"Mexico - Central bank, assets, total, BIS-spliced, USD",,E,1991-04,30.025064331785,,F,A,
M,MX,B,USD,_Z,B,,From January 1977 onwards: monthly financial statements. Before 1977: annual financial statements.,BIS-spliced,The data in billions of US dollars are calculated using market exchange rates.,,3,9,,"This series is adjusted for breaks. Break-adjustment calculations follow the methodology outlined in the BIS Quarterly Review (2013). For further detail, see https://www.bis.org/publ/qtrpdf/r_qt1303z.htm","Bank of Mexico, Bank for International Settlements.",5B0,"Mexico - Central bank, assets, total, BIS-spliced, USD",,E,1991-05,30.555056404113,,F,A,
M,MX,B,USD,_Z,B,,From January 1977 onwards: monthly financial statements. Before 1977: annual financial statements.,BIS-spliced,The data in billions of US dollars are calculated using market exchange rates.,,3,9,,"This series is adjusted for breaks. Break-adjustment calculations follow the methodology outlined in the BIS Quarterly Review (2013). For further detail, see https://www.bis.org/publ/qtrpdf/r_qt1303z.htm","Bank of Mexico, Bank for International Settlements.",5B0,"Mexico - Central bank, assets, total, BIS-spliced, USD",,E,1991-06,32.742101249876,,F,A,
M,MX,B,USD,_Z,B,,From January 1977 onwards: monthly financial statements. Before 1977: annual financial statements.,BIS-spliced,The data in billions of US dollars are calculated using market exchange rates.,,3,9,,"This series is adjusted for breaks. Break-adjustment calculations follow the methodology outlined in the BIS Quarterly Review (2013). For further detail, see https://www.bis.org/publ/qtrpdf/r_qt1303z.htm","Bank of Mexico, Bank for International Settlements.",5B0,"Mexico - Central bank, assets, total, BIS-spliced, USD",,E,1991-07,33.464522732526,,F,A,
M,MX,B,USD,_Z,B,,From January 1977 onwards: monthly financial statements. Before 1977: annual financial statements.,BIS-spliced,The data in billions of US dollars are calculated using market exchange rates.,,3,9,,"This series is adjusted for breaks. Break-adjustment calculations follow the methodology outlined in the BIS Quarterly Review (2013). For further detail, see https://www.bis.org/publ/qtrpdf/r_qt1303z.htm","Bank of Mexico, Bank for International Settlements.",5B0,"Mexico - Central bank, assets, total, BIS-spliced, USD",,E,1991-08,35.406871609403,,F,A,
M,MX,B,USD,_Z,B,,From January 1977 onwards: monthly financial statements. Before 1977: annual financial statements.,BIS-spliced,The data in billions of US dollars are calculated using market exchange rates.,,3,9,,"This series is adjusted for breaks. Break-adjustment calculations follow the methodology outlined in the BIS Quarterly Review (2013). For further detail, see https://www.bis.org/publ/qtrpdf/r_qt1303z.htm","Bank of Mexico, Bank for International Settlements.",5B0,"Mexico - Central bank, assets, total, BIS-spliced, USD",,E,1991-09,38.554583865579,,F,A,
M,MX,B,USD,_Z,B,,From January 1977 onwards: monthly financial statements. Before 1977: annual financial statements.,BIS-spliced,The data in billions of US dollars are calculated using market exchange rates.,,3,9,,"This series is adjusted for breaks. Break-adjustment calculations follow the methodology outlined in the BIS Quarterly Review (2013). For further detail, see https://www.bis.org/publ/qtrpdf/r_qt1303z.htm","Bank of Mexico, Bank for International Settlements.",5B0,"Mexico - Central bank, assets, total, BIS-spliced, USD",,E,1991-10,35.309616199824,,F,A,
M,MX,B,USD,_Z,B,,From January 1977 onwards: monthly financial statements. Before 1977: annual financial statements.,BIS-spliced,The data in billions of US dollars are calculated using market exchange rates.,,3,9,,"This series is adjusted for breaks. Break-adjustment calculations follow the methodology outlined in the BIS Quarterly Review (2013). For further detail, see https://www.bis.org/publ/qtrpdf/r_qt1303z.htm","Bank of Mexico, Bank for International Settlements.",5B0,"Mexico - Central bank, assets, total, BIS-spliced, USD",,E,1991-11,32.146909233177,,F,A,
M,MX,B,USD,_Z,B,,From January 1977 onwards: monthly financial statements. Before 1977: annual financial statements.,BIS-spliced,The data in billions of US dollars are calculated using market exchange rates.,,3,9,,"This series is adjusted for breaks. Break-adjustment calculations follow the methodology outlined in the BIS Quarterly Review (2013). For further detail, see https://www.bis.org/publ/qtrpdf/r_qt1303z.htm","Bank of Mexico, Bank for International Settlements.",5B0,"Mexico - Central bank, assets, total, BIS-spliced, USD",,E,1991-12,35.110461338532,,F,A,
M,MX,B,USD,_Z,B,,From January 1977 onwards: monthly financial statements. Before 1977: annual financial statements.,BIS-spliced,The data in billions of US dollars are calculated using market exchange rates.,,3,9,,"This series is adjusted for breaks. Break-adjustment calculations follow the methodology outlined in the BIS Quarterly Review (2013). For further detail, see https://www.bis.org/publ/qtrpdf/r_qt1303z.htm","Bank of Mexico, Bank for International Settlements.",5B0,"Mexico - Central bank, assets, total, BIS-spliced, USD",,E,1992-01,35.411111111111,,F,A,
M,MX,B,USD,_Z,B,,From January 1977 onwards: monthly financial statements. Before 1977: annual financial statements.,BIS-spliced,The data in billions of US dollars are calculated using market exchange rates.,,3,9,,"This series is adjusted for breaks. Break-adjustment calculations follow the methodology outlined in the BIS Quarterly Review (2013). For further detail, see https://www.bis.org/publ/qtrpdf/r_qt1303z.htm","Bank of Mexico, Bank for International Settlements.",5B0,"Mexico - Central bank, assets, total, BIS-spliced, USD",,E,1992-02,35.394117647059,,F,A,
M,MX,B,USD,_Z,B,,From January 1977 onwards: monthly financial statements. Before 1977: annual financial statements.,BIS-spliced,The data in billions of US dollars are calculated using market exchange rates.,,3,9,,"This series is adjusted for breaks. Break-adjustment calculations follow the methodology outlined in the BIS Quarterly Review (2013). For further detail, see https://www.bis.org/publ/qtrpdf/r_qt1303z.htm","Bank of Mexico, Bank for International Settlements.",5B0,"Mexico - Central bank, assets, total, BIS-spliced, USD",,E,1992-03,34.536928104575,,F,A,
M,MX,B,USD,_Z,B,,From January 1977 onwards: monthly financial statements. Before 1977: annual financial statements.,BIS-spliced,The data in billions of US dollars are calculated using market exchange rates.,,3,9,,"This series is adjusted for breaks. Break-adjustment calculations follow the methodology outlined in the BIS Quarterly Review (2013). For further detail, see https://www.bis.org/publ/qtrpdf/r_qt1303z.htm","Bank of Mexico, Bank for International Settlements.",5B0,"Mexico - Central bank, assets, total, BIS-spliced, USD",,E,1992-04,33.064935064935,,F,A,
M,MX,B,USD,_Z,B,,From January 1977 onwards: monthly financial statements. Before 1977: annual financial statements.,BIS-spliced,The data in billions of US dollars are calculated using market exchange rates.,,3,9,,"This series is adjusted for breaks. Break-adjustment calculations follow the methodology outlined in the BIS Quarterly Review (2013). For further detail, see https://www.bis.org/publ/qtrpdf/r_qt1303z.htm","Bank of Mexico, Bank for International Settlements.",5B0,"Mexico - Central bank, assets, total, BIS-spliced, USD",,E,1992-05,32.762379421222,,F,A,
M,MX,B,USD,_Z,B,,From January 1977 onwards: monthly financial statements. Before 1977: annual financial statements.,BIS-spliced,The data in billions of US dollars are calculated using market exchange rates.,,3,9,,"This series is adjusted for breaks. Break-adjustment calculations follow the methodology outlined in the BIS Quarterly Review (2013). For further detail, see https://www.bis.org/publ/qtrpdf/r_qt1303z.htm","Bank of Mexico, Bank for International Settlements.",5B0,"Mexico - Central bank, assets, total, BIS-spliced, USD",,E,1992-06,38.877884615385,,F,A,
M,MX,B,USD,_Z,B,,From January 1977 onwards: monthly financial statements. Before 1977: annual financial statements.,BIS-spliced,The data in billions of US dollars are calculated using market exchange rates.,,3,9,,"This series is adjusted for breaks. Break-adjustment calculations follow the methodology outlined in the BIS Quarterly Review (2013). For further detail, see https://www.bis.org/publ/qtrpdf/r_qt1303z.htm","Bank of Mexico, Bank for International Settlements.",5B0,"Mexico - Central bank, assets, total, BIS-spliced, USD",,E,1992-07,35.240836012862,,F,A,
M,MX,B,USD,_Z,B,,From January 1977 onwards: monthly financial statements. Before 1977: annual financial statements.,BIS-spliced,The data in billions of US dollars are calculated using market exchange rates.,,3,9,,"This series is adjusted for breaks. Break-adjustment calculations follow the methodology outlined in the BIS Quarterly Review (2013). For further detail, see https://www.bis.org/publ/qtrpdf/r_qt1303z.htm","Bank of Mexico, Bank for International Settlements.",5B0,"Mexico - Central bank, assets, total, BIS-spliced, USD",,E,1992-08,34.08961038961,,F,A,
M,MX,B,USD,_Z,B,,From January 1977 onwards: monthly financial statements. Before 1977: annual financial statements.,BIS-spliced,The data in billions of US dollars are calculated using market exchange rates.,,3,9,,"This series is adjusted for breaks. Break-adjustment calculations follow the methodology outlined in the BIS Quarterly Review (2013). For further detail, see https://www.bis.org/publ/qtrpdf/r_qt1303z.htm","Bank of Mexico, Bank for International Settlements.",5B0,"Mexico - Central bank, assets, total, BIS-spliced, USD",,E,1992-09,31.720900321543,,F,A,
M,MX,B,USD,_Z,B,,From January 1977 onwards: monthly financial statements. Before 1977: annual financial statements.,BIS-spliced,The data in billions of US dollars are calculated using market exchange rates.,,3,9,,"This series is adjusted for breaks. Break-adjustment calculations follow the methodology outlined in the BIS Quarterly Review (2013). For further detail, see https://www.bis.org/publ/qtrpdf/r_qt1303z.htm","Bank of Mexico, Bank for International Settlements.",5B0,"Mexico - Central bank, assets, total, BIS-spliced, USD",,E,1992-10,31.983012820513,,F,A,
M,MX,B,USD,_Z,B,,From January 1977 onwards: monthly financial statements. Before 1977: annual financial statements.,BIS-spliced,The data in billions of US dollars are calculated using market exchange rates.,,3,9,,"This series is adjusted for breaks. Break-adjustment calculations follow the methodology outlined in the BIS Quarterly Review (2013). For further detail, see https://www.bis.org/publ/qtrpdf/r_qt1303z.htm","Bank of Mexico, Bank for International Settlements.",5B0,"Mexico - Central bank, assets, total, BIS-spliced, USD",,E,1992-11,34.426688102894,,F,A,
M,MX,B,USD,_Z,B,,From January 1977 onwards: monthly financial statements. Before 1977: annual financial statements.,BIS-spliced,The data in billions of US dollars are calculated using market exchange rates.,,3,9,,"This series is adjusted for breaks. Break-adjustment calculations follow the methodology outlined in the BIS Quarterly Review (2013). For further detail, see https://www.bis.org/publ/qtrpdf/r_qt1303z.htm","Bank of Mexico, Bank for International Settlements.",5B0,"Mexico - Central bank, assets, total, BIS-spliced, USD",,E,1992-12,36.128525641026,,F,A,
M,MX,B,USD,_Z,B,,From January 1977 onwards: monthly financial statements. Before 1977: annual financial statements.,BIS-spliced,The data in billions of US dollars are calculated using market exchange rates.,,3,9,,"This series is adjusted for breaks. Break-adjustment calculations follow the methodology outlined in the BIS Quarterly Review (2013). For further detail, see https://www.bis.org/publ/qtrpdf/r_qt1303z.htm","Bank of Mexico, Bank for International Settlements.",5B0,"Mexico - Central bank, assets, total, BIS-spliced, USD",,E,1993-01,34.036977491961,,F,A,
M,MX,B,USD,_Z,B,,From January 1977 onwards: monthly financial statements. Before 1977: annual financial statements.,BIS-spliced,The data in billions of US dollars are calculated using market exchange rates.,,3,9,,"This series is adjusted for breaks. Break-adjustment calculations follow the methodology outlined in the BIS Quarterly Review (2013). For further detail, see https://www.bis.org/publ/qtrpdf/r_qt1303z.htm","Bank of Mexico, Bank for International Settlements.",5B0,"Mexico - Central bank, assets, total, BIS-spliced, USD",,E,1993-02,32.840322580645,,F,A,
M,MX,B,USD,_Z,B,,From January 1977 onwards: monthly financial statements. Before 1977: annual financial statements.,BIS-spliced,The data in billions of US dollars are calculated using market exchange rates.,,3,9,,"This series is adjusted for breaks. Break-adjustment calculations follow the methodology outlined in the BIS Quarterly Review (2013). For further detail, see https://www.bis.org/publ/qtrpdf/r_qt1303z.htm","Bank of Mexico, Bank for International Settlements.",5B0,"Mexico - Central bank, assets, total, BIS-spliced, USD",,E,1993-03,34.681229773463,,F,A,
M,MX,B,USD,_Z,B,,From January 1977 onwards: monthly financial statements. Before 1977: annual financial statements.,BIS-spliced,The data in billions of US dollars are calculated using market exchange rates.,,3,9,,"This series is adjusted for breaks. Break-adjustment calculations follow the methodology outlined in the BIS Quarterly Review (2013). For further detail, see https://www.bis.org/publ/qtrpdf/r_qt1303z.htm","Bank of Mexico, Bank for International Settlements.",5B0,"Mexico - Central bank, assets, total, BIS-spliced, USD",,E,1993-04,36.688801495713,,F,A,
M,MX,B,USD,_Z,B,,From January 1977 onwards: monthly financial statements. Before 1977: annual financial statements.,BIS-spliced,The data in billions of US dollars are calculated using market exchange rates.,,3,9,,"This series is adjusted for breaks. Break-adjustment calculations follow the methodology outlined in the BIS Quarterly Review (2013). For further detail, see https://www.bis.org/publ/qtrpdf/r_qt1303z.htm","Bank of Mexico, Bank for International Settlements.",5B0,"Mexico - Central bank, assets, total, BIS-spliced, USD",,E,1993-05,38.951228103884,,F,A,
M,MX,B,USD,_Z,B,,From January 1977 onwards: monthly financial statements. Before 1977: annual financial statements.,BIS-spliced,The data in billions of US dollars are calculated using market exchange rates.,,3,9,,"This series is adjusted for breaks. Break-adjustment calculations follow the methodology outlined in the BIS Quarterly Review (2013). For further detail, see https://www.bis.org/publ/qtrpdf/r_qt1303z.htm","Bank of Mexico, Bank for International Settlements.",5B0,"Mexico - Central bank, assets, total, BIS-spliced, USD",,E,1993-06,35.737536844803,,F,A,
M,MX,B,USD,_Z,B,,From January 1977 onwards: monthly financial statements. Before 1977: annual financial statements.,BIS-spliced,The data in billions of US dollars are calculated using market exchange rates.,,3,9,,"This series is adjusted for breaks. Break-adjustment calculations follow the methodology outlined in the BIS Quarterly Review (2013). For further detail, see https://www.bis.org/publ/qtrpdf/r_qt1303z.htm","Bank of Mexico, Bank for International Settlements.",5B0,"Mexico - Central bank, assets, total, BIS-spliced, USD",,E,1993-07,37.238537992946,,F,A,
M,MX,B,USD,_Z,B,,From January 1977 onwards: monthly financial statements. Before 1977: annual financial statements.,BIS-spliced,The data in billions of US dollars are calculated using market exchange rates.,,3,9,,"This series is adjusted for breaks. Break-adjustment calculations follow the methodology outlined in the BIS Quarterly Review (2013). For further detail, see https://www.bis.org/publ/qtrpdf/r_qt1303z.htm","Bank of Mexico, Bank for International Settlements.",5B0,"Mexico - Central bank, assets, total, BIS-spliced, USD",,E,1993-08,36.952120822622,,F,A,
M,MX,B,USD,_Z,B,,From January 1977 onwards: monthly financial statements. Before 1977: annual financial statements.,BIS-spliced,The data in billions of US dollars are calculated using market exchange rates.,,3,9,,"This series is adjusted for breaks. Break-adjustment calculations follow the methodology outlined in the BIS Quarterly Review (2013). For further detail, see https://www.bis.org/publ/qtrpdf/r_qt1303z.htm","Bank of Mexico, Bank for International Settlements.",5B0,"Mexico - Central bank, assets, total, BIS-spliced, USD",,E,1993-09,37.307667629131,,F,A,
M,MX,B,USD,_Z,B,,From January 1977 onwards: monthly financial statements. Before 1977: annual financial statements.,BIS-spliced,The data in billions of US dollars are calculated using market exchange rates.,,3,9,,"This series is adjusted for breaks. Break-adjustment calculations follow the methodology outlined in the BIS Quarterly Review (2013). For further detail, see https://www.bis.org/publ/qtrpdf/r_qt1303z.htm","Bank of Mexico, Bank for International Settlements.",5B0,"Mexico - Central bank, assets, total, BIS-spliced, USD",,E,1993-10,36.362996158771,,F,A,
M,MX,B,USD,_Z,B,,From January 1977 onwards: monthly financial statements. Before 1977: annual financial statements.,BIS-spliced,The data in billions of US dollars are calculated using market exchange rates.,,3,9,,"This series is adjusted for breaks. Break-adjustment calculations follow the methodology outlined in the BIS Quarterly Review (2013). For further detail, see https://www.bis.org/publ/qtrpdf/r_qt1303z.htm","Bank of Mexico, Bank for International Settlements.",5B0,"Mexico - Central bank, assets, total, BIS-spliced, USD",,E,1993-11,49.28868137176,,F,A,
M,MX,B,USD,_Z,B,,From January 1977 onwards: monthly financial statements. Before 1977: annual financial statements.,BIS-spliced,The data in billions of US dollars are calculated using market exchange rates.,,3,9,,"This series is adjusted for breaks. Break-adjustment calculations follow the methodology outlined in the BIS Quarterly Review (2013). For further detail, see https://www.bis.org/publ/qtrpdf/r_qt1303z.htm","Bank of Mexico, Bank for International Settlements.",5B0,"Mexico - Central bank, assets, total, BIS-spliced, USD",,E,1993-12,49.198841698842,,F,A,
M,MX,B,USD,_Z,B,,From January 1977 onwards: monthly financial statements. Before 1977: annual financial statements.,BIS-spliced,The data in billions of US dollars are calculated using market exchange rates.,,3,9,,"This series is adjusted for breaks. Break-adjustment calculations follow the methodology outlined in the BIS Quarterly Review (2013). For further detail, see https://www.bis.org/publ/qtrpdf/r_qt1303z.htm","Bank of Mexico, Bank for International Settlements.",5B0,"Mexico - Central bank, assets, total, BIS-spliced, USD",,E,1994-01,48.680618158403,,F,A,
M,MX,B,USD,_Z,B,,From January 1977 onwards: monthly financial statements. Before 1977: annual financial statements.,BIS-spliced,The data in billions of US dollars are calculated using market exchange rates.,,3,9,,"This series is adjusted for breaks. Break-adjustment calculations follow the methodology outlined in the BIS Quarterly Review (2013). For further detail, see https://www.bis.org/publ/qtrpdf/r_qt1303z.htm","Bank of Mexico, Bank for International Settlements.",5B0,"Mexico - Central bank, assets, total, BIS-spliced, USD",,E,1994-02,48.90579029734,,F,A,
M,MX,B,USD,_Z,B,,From January 1977 onwards: monthly financial statements. Before 1977: annual financial statements.,BIS-spliced,The data in billions of US dollars are calculated using market exchange rates.,,3,9,,"This series is adjusted for breaks. Break-adjustment calculations follow the methodology outlined in the BIS Quarterly Review (2013). For further detail, see https://www.bis.org/publ/qtrpdf/r_qt1303z.htm","Bank of Mexico, Bank for International Settlements.",5B0,"Mexico - Central bank, assets, total, BIS-spliced, USD",,E,1994-03,58.978900445765,,F,A,
M,MX,B,USD,_Z,B,,From January 1977 onwards: monthly financial statements. Before 1977: annual financial statements.,BIS-spliced,The data in billions of US dollars are calculated using market exchange rates.,,3,9,,"This series is adjusted for breaks. Break-adjustment calculations follow the methodology outlined in the BIS Quarterly Review (2013). For further detail, see https://www.bis.org/publ/qtrpdf/r_qt1303z.htm","Bank of Mexico, Bank for International Settlements.",5B0,"Mexico - Central bank, assets, total, BIS-spliced, USD",,E,1994-04,29.889024390244,,F,A,
M,MX,B,USD,_Z,B,,From January 1977 onwards: monthly financial statements. Before 1977: annual financial statements.,BIS-spliced,The data in billions of US dollars are calculated using market exchange rates.,,3,9,,"This series is adjusted for breaks. Break-adjustment calculations follow the methodology outlined in the BIS Quarterly Review (2013). For further detail, see https://www.bis.org/publ/qtrpdf/r_qt1303z.htm","Bank of Mexico, Bank for International Settlements.",5B0,"Mexico - Central bank, assets, total, BIS-spliced, USD",,E,1994-05,31.095738295318,,F,A,
M,MX,B,USD,_Z,B,,From January 1977 onwards: monthly financial statements. Before 1977: annual financial statements.,BIS-spliced,The data in billions of US dollars are calculated using market exchange rates.,,3,9,,"This series is adjusted for breaks. Break-adjustment calculations follow the methodology outlined in the BIS Quarterly Review (2013). For further detail, see https://www.bis.org/publ/qtrpdf/r_qt1303z.htm","Bank of Mexico, Bank for International Settlements.",5B0,"Mexico - Central bank, assets, total, BIS-spliced, USD",,E,1994-06,30.732058823529,,F,A,
M,MX,B,USD,_Z,B,,From January 1977 onwards: monthly financial statements. Before 1977: annual financial statements.,BIS-spliced,The data in billions of US dollars are calculated using market exchange rates.,,3,9,,"This series is adjusted for breaks. Break-adjustment calculations follow the methodology outlined in the BIS Quarterly Review (2013). For further detail, see https://www.bis.org/publ/qtrpdf/r_qt1303z.htm","Bank of Mexico, Bank for International Settlements.",5B0,"Mexico - Central bank, assets, total, BIS-spliced, USD",,E,1994-07,34.883994126285,,F,A,
M,MX,B,USD,_Z,B,,From January 1977 onwards: monthly financial statements. Before 1977: annual financial statements.,BIS-spliced,The data in billions of US dollars are calculated using market exchange rates.,,3,9,,"This series is adjusted for breaks. Break-adjustment calculations follow the methodology outlined in the BIS Quarterly Review (2013). For further detail, see https://www.bis.org/publ/qtrpdf/r_qt1303z.htm","Bank of Mexico, Bank for International Settlements.",5B0,"Mexico - Central bank, assets, total, BIS-spliced, USD",,E,1994-08,34.418412511065,,F,A,
M,MX,B,USD,_Z,B,,From January 1977 onwards: monthly financial statements. Before 1977: annual financial statements.,BIS-spliced,The data in billions of US dollars are calculated using market exchange rates.,,3,9,,"This series is adjusted for breaks. Break-adjustment calculations follow the methodology outlined in the BIS Quarterly Review (2013). For further detail, see https://www.bis.org/publ/qtrpdf/r_qt1303z.htm","Bank of Mexico, Bank for International Settlements.",5B0,"Mexico - Central bank, assets, total, BIS-spliced, USD",,E,1994-09,33.226537216828,,F,A,
M,MX,B,USD,_Z,B,,From January 1977 onwards: monthly financial statements. Before 1977: annual financial statements.,BIS-spliced,The data in billions of US dollars are calculated using market exchange rates.,,3,9,,"This series is adjusted for breaks. Break-adjustment calculations follow the methodology outlined in the BIS Quarterly Review (2013). For further detail, see https://www.bis.org/publ/qtrpdf/r_qt1303z.htm","Bank of Mexico, Bank for International Settlements.",5B0,"Mexico - Central bank, assets, total, BIS-spliced, USD",,E,1994-10,33.84554973822,,F,A,
M,MX,B,USD,_Z,B,,From January 1977 onwards: monthly financial statements. Before 1977: annual financial statements.,BIS-spliced,The data in billions of US dollars are calculated using market exchange rates.,,3,9,,"This series is adjusted for breaks. Break-adjustment calculations follow the methodology outlined in the BIS Quarterly Review (2013). For further detail, see https://www.bis.org/publ/qtrpdf/r_qt1303z.htm","Bank of Mexico, Bank for International Settlements.",5B0,"Mexico - Central bank, assets, total, BIS-spliced, USD",,E,1994-11,33.028488372093,,F,A,
M,MX,B,USD,_Z,B,,From January 1977 onwards: monthly financial statements. Before 1977: annual financial statements.,BIS-spliced,The data in billions of US dollars are calculated using market exchange rates.,,3,9,,"This series is adjusted for breaks. Break-adjustment calculations follow the methodology outlined in the BIS Quarterly Review (2013). For further detail, see https://www.bis.org/publ/qtrpdf/r_qt1303z.htm","Bank of Mexico, Bank for International Settlements.",5B0,"Mexico - Central bank, assets, total, BIS-spliced, USD",,E,1994-12,37.396,,F,A,
M,MX,B,USD,_Z,B,,From January 1977 onwards: monthly financial statements. Before 1977: annual financial statements.,BIS-spliced,The data in billions of US dollars are calculated using market exchange rates.,,3,9,,"This series is adjusted for breaks. Break-adjustment calculations follow the methodology outlined in the BIS Quarterly Review (2013). For further detail, see https://www.bis.org/publ/qtrpdf/r_qt1303z.htm","Bank of Mexico, Bank for International Settlements.",5B0,"Mexico - Central bank, assets, total, BIS-spliced, USD",,E,1995-01,30.498453608247,,F,A,
M,MX,B,USD,_Z,B,,From January 1977 onwards: monthly financial statements. Before 1977: annual financial statements.,BIS-spliced,The data in billions of US dollars are calculated using market exchange rates.,,3,9,,"This series is adjusted for breaks. Break-adjustment calculations follow the methodology outlined in the BIS Quarterly Review (2013). For further detail, see https://www.bis.org/publ/qtrpdf/r_qt1303z.htm","Bank of Mexico, Bank for International Settlements.",5B0,"Mexico - Central bank, assets, total, BIS-spliced, USD",,E,1995-02,35.292964824121,,F,A,
M,MX,B,USD,_Z,B,,From January 1977 onwards: monthly financial statements. Before 1977: annual financial statements.,BIS-spliced,The data in billions of US dollars are calculated using market exchange rates.,,3,9,,"This series is adjusted for breaks. Break-adjustment calculations follow the methodology outlined in the BIS Quarterly Review (2013). For further detail, see https://www.bis.org/publ/qtrpdf/r_qt1303z.htm","Bank of Mexico, Bank for International Settlements.",5B0,"Mexico - Central bank, assets, total, BIS-spliced, USD",,E,1995-03,35.445161290323,,F,A,
M,MX,B,USD,_Z,B,,From January 1977 onwards: monthly financial statements. Before 1977: annual financial statements.,BIS-spliced,The data in billions of US dollars are calculated using market exchange rates.,,3,9,,"This series is adjusted for breaks. Break-adjustment calculations follow the methodology outlined in the BIS Quarterly Review (2013). For further detail, see https://www.bis.org/publ/qtrpdf/r_qt1303z.htm","Bank of Mexico, Bank for International Settlements.",5B0,"Mexico - Central bank, assets, total, BIS-spliced, USD",,E,1995-04,39.712892561983,,F,A,
M,MX,B,USD,_Z,B,,From January 1977 onwards: monthly financial statements. Before 1977: annual financial statements.,BIS-spliced,The data in billions of US dollars are calculated using market exchange rates.,,3,9,,"This series is adjusted for breaks. Break-adjustment calculations follow the methodology outlined in the BIS Quarterly Review (2013). For further detail, see https://www.bis.org/publ/qtrpdf/r_qt1303z.htm","Bank of Mexico, Bank for International Settlements.",5B0,"Mexico - Central bank, assets, total, BIS-spliced, USD",,E,1995-05,40.94788961039,,F,A,
M,MX,B,USD,_Z,B,,From January 1977 onwards: monthly financial statements. Before 1977: annual financial statements.,BIS-spliced,The data in billions of US dollars are calculated using market exchange rates.,,3,9,,"This series is adjusted for breaks. Break-adjustment calculations follow the methodology outlined in the BIS Quarterly Review (2013). For further detail, see https://www.bis.org/publ/qtrpdf/r_qt1303z.htm","Bank of Mexico, Bank for International Settlements.",5B0,"Mexico - Central bank, assets, total, BIS-spliced, USD",,E,1995-06,38.859952038369,,F,A,
M,MX,B,USD,_Z,B,,From January 1977 onwards: monthly financial statements. Before 1977: annual financial statements.,BIS-spliced,The data in billions of US dollars are calculated using market exchange rates.,,3,9,,"This series is adjusted for breaks. Break-adjustment calculations follow the methodology outlined in the BIS Quarterly Review (2013). For further detail, see https://www.bis.org/publ/qtrpdf/r_qt1303z.htm","Bank of Mexico, Bank for International Settlements.",5B0,"Mexico - Central bank, assets, total, BIS-spliced, USD",,E,1995-07,40.36206050695,,F,A,
M,MX,B,USD,_Z,B,,From January 1977 onwards: monthly financial statements. Before 1977: annual financial statements.,BIS-spliced,The data in billions of US dollars are calculated using market exchange rates.,,3,9,,"This series is adjusted for breaks. Break-adjustment calculations follow the methodology outlined in the BIS Quarterly Review (2013). For further detail, see https://www.bis.org/publ/qtrpdf/r_qt1303z.htm","Bank of Mexico, Bank for International Settlements.",5B0,"Mexico - Central bank, assets, total, BIS-spliced, USD",,E,1995-08,40.032380952381,,F,A,
M,MX,B,USD,_Z,B,,From January 1977 onwards: monthly financial statements. Before 1977: annual financial statements.,BIS-spliced,The data in billions of US dollars are calculated using market exchange rates.,,3,9,,"This series is adjusted for breaks. Break-adjustment calculations follow the methodology outlined in the BIS Quarterly Review (2013). For further detail, see https://www.bis.org/publ/qtrpdf/r_qt1303z.htm","Bank of Mexico, Bank for International Settlements.",5B0,"Mexico - Central bank, assets, total, BIS-spliced, USD",,E,1995-09,39.58386844166,,F,A,
M,MX,B,USD,_Z,B,,From January 1977 onwards: monthly financial statements. Before 1977: annual financial statements.,BIS-spliced,The data in billions of US dollars are calculated using market exchange rates.,,3,9,,"This series is adjusted for breaks. Break-adjustment calculations follow the methodology outlined in the BIS Quarterly Review (2013). For further detail, see https://www.bis.org/publ/qtrpdf/r_qt1303z.htm","Bank of Mexico, Bank for International Settlements.",5B0,"Mexico - Central bank, assets, total, BIS-spliced, USD",,E,1995-10,35.885594405594,,F,A,
M,MX,B,USD,_Z,B,,From January 1977 onwards: monthly financial statements. Before 1977: annual financial statements.,BIS-spliced,The data in billions of US dollars are calculated using market exchange rates.,,3,9,,"This series is adjusted for breaks. Break-adjustment calculations follow the methodology outlined in the BIS Quarterly Review (2013). For further detail, see https://www.bis.org/publ/qtrpdf/r_qt1303z.htm","Bank of Mexico, Bank for International Settlements.",5B0,"Mexico - Central bank, assets, total, BIS-spliced, USD",,E,1995-11,34.722251655629,,F,A,
M,MX,B,USD,_Z,B,,From January 1977 onwards: monthly financial statements. Before 1977: annual financial statements.,BIS-spliced,The data in billions of US dollars are calculated using market exchange rates.,,3,9,,"This series is adjusted for breaks. Break-adjustment calculations follow the methodology outlined in the BIS Quarterly Review (2013). For further detail, see https://www.bis.org/publ/qtrpdf/r_qt1303z.htm","Bank of Mexico, Bank for International Settlements.",5B0,"Mexico - Central bank, assets, total, BIS-spliced, USD",,E,1995-12,37.841214470284,,F,A,
M,MX,B,USD,_Z,B,,From January 1977 onwards: monthly financial statements. Before 1977: annual financial statements.,BIS-spliced,The data in billions of US dollars are calculated using market exchange rates.,,3,9,,"This series is adjusted for breaks. Break-adjustment calculations follow the methodology outlined in the BIS Quarterly Review (2013). For further detail, see https://www.bis.org/publ/qtrpdf/r_qt1303z.htm","Bank of Mexico, Bank for International Settlements.",5B0,"Mexico - Central bank, assets, total, BIS-spliced, USD",,E,1996-01,38.07964307099,,F,A,
M,MX,B,USD,_Z,B,,From January 1977 onwards: monthly financial statements. Before 1977: annual financial statements.,BIS-spliced,The data in billions of US dollars are calculated using market exchange rates.,,3,9,,"This series is adjusted for breaks. Break-adjustment calculations follow the methodology outlined in the BIS Quarterly Review (2013). For further detail, see https://www.bis.org/publ/qtrpdf/r_qt1303z.htm","Bank of Mexico, Bank for International Settlements.",5B0,"Mexico - Central bank, assets, total, BIS-spliced, USD",,E,1996-02,38.265819396472,,F,A,
M,MX,B,USD,_Z,B,,From January 1977 onwards: monthly financial statements. Before 1977: annual financial statements.,BIS-spliced,The data in billions of US dollars are calculated using market exchange rates.,,3,9,,"This series is adjusted for breaks. Break-adjustment calculations follow the methodology outlined in the BIS Quarterly Review (2013). For further detail, see https://www.bis.org/publ/qtrpdf/r_qt1303z.htm","Bank of Mexico, Bank for International Settlements.",5B0,"Mexico - Central bank, assets, total, BIS-spliced, USD",,E,1996-03,38.253453061815,,F,A,
M,MX,B,USD,_Z,B,,From January 1977 onwards: monthly financial statements. Before 1977: annual financial statements.,BIS-spliced,The data in billions of US dollars are calculated using market exchange rates.,,3,9,,"This series is adjusted for breaks. Break-adjustment calculations follow the methodology outlined in the BIS Quarterly Review (2013). For further detail, see https://www.bis.org/publ/qtrpdf/r_qt1303z.htm","Bank of Mexico, Bank for International Settlements.",5B0,"Mexico - Central bank, assets, total, BIS-spliced, USD",,E,1996-04,38.727014436471,,F,A,
M,MX,B,USD,_Z,B,,From January 1977 onwards: monthly financial statements. Before 1977: annual financial statements.,BIS-spliced,The data in billions of US dollars are calculated using market exchange rates.,,3,9,,"This series is adjusted for breaks. Break-adjustment calculations follow the methodology outlined in the BIS Quarterly Review (2013). For further detail, see https://www.bis.org/publ/qtrpdf/r_qt1303z.htm","Bank of Mexico, Bank for International Settlements.",5B0,"Mexico - Central bank, assets, total, BIS-spliced, USD",,E,1996-05,39.346296674971,,F,A,
M,MX,B,USD,_Z,B,,From January 1977 onwards: monthly financial statements. Before 1977: annual financial statements.,BIS-spliced,The data in billions of US dollars are calculated using market exchange rates.,,3,9,,"This series is adjusted for breaks. Break-adjustment calculations follow the methodology outlined in the BIS Quarterly Review (2013). For further detail, see https://www.bis.org/publ/qtrpdf/r_qt1303z.htm","Bank of Mexico, Bank for International Settlements.",5B0,"Mexico - Central bank, assets, total, BIS-spliced, USD",,E,1996-06,38.898521979635,,F,A,
M,MX,B,USD,_Z,B,,From January 1977 onwards: monthly financial statements. Before 1977: annual financial statements.,BIS-spliced,The data in billions of US dollars are calculated using market exchange rates.,,3,9,,"This series is adjusted for breaks. Break-adjustment calculations follow the methodology outlined in the BIS Quarterly Review (2013). For further detail, see https://www.bis.org/publ/qtrpdf/r_qt1303z.htm","Bank of Mexico, Bank for International Settlements.",5B0,"Mexico - Central bank, assets, total, BIS-spliced, USD",,E,1996-07,38.007536886498,,F,A,
M,MX,B,USD,_Z,B,,From January 1977 onwards: monthly financial statements. Before 1977: annual financial statements.,BIS-spliced,The data in billions of US dollars are calculated using market exchange rates.,,3,9,,"This series is adjusted for breaks. Break-adjustment calculations follow the methodology outlined in the BIS Quarterly Review (2013). For further detail, see https://www.bis.org/publ/qtrpdf/r_qt1303z.htm","Bank of Mexico, Bank for International Settlements.",5B0,"Mexico - Central bank, assets, total, BIS-spliced, USD",,E,1996-08,37.263528610326,,F,A,
M,MX,B,USD,_Z,B,,From January 1977 onwards: monthly financial statements. Before 1977: annual financial statements.,BIS-spliced,The data in billions of US dollars are calculated using market exchange rates.,,3,9,,"This series is adjusted for breaks. Break-adjustment calculations follow the methodology outlined in the BIS Quarterly Review (2013). For further detail, see https://www.bis.org/publ/qtrpdf/r_qt1303z.htm","Bank of Mexico, Bank for International Settlements.",5B0,"Mexico - Central bank, assets, total, BIS-spliced, USD",,E,1996-09,38.226300725096,,F,A,
M,MX,B,USD,_Z,B,,From January 1977 onwards: monthly financial statements. Before 1977: annual financial statements.,BIS-spliced,The data in billions of US dollars are calculated using market exchange rates.,,3,9,,"This series is adjusted for breaks. Break-adjustment calculations follow the methodology outlined in the BIS Quarterly Review (2013). For further detail, see https://www.bis.org/publ/qtrpdf/r_qt1303z.htm","Bank of Mexico, Bank for International Settlements.",5B0,"Mexico - Central bank, assets, total, BIS-spliced, USD",,E,1996-10,37.625661822566,,F,A,
M,MX,B,USD,_Z,B,,From January 1977 onwards: monthly financial statements. Before 1977: annual financial statements.,BIS-spliced,The data in billions of US dollars are calculated using market exchange rates.,,3,9,,"This series is adjusted for breaks. Break-adjustment calculations follow the methodology outlined in the BIS Quarterly Review (2013). For further detail, see https://www.bis.org/publ/qtrpdf/r_qt1303z.htm","Bank of Mexico, Bank for International Settlements.",5B0,"Mexico - Central bank, assets, total, BIS-spliced, USD",,E,1996-11,36.939885787683,,F,A,
M,MX,B,USD,_Z,B,,From January 1977 onwards: monthly financial statements. Before 1977: annual financial statements.,BIS-spliced,The data in billions of US dollars are calculated using market exchange rates.,,3,9,,"This series is adjusted for breaks. Break-adjustment calculations follow the methodology outlined in the BIS Quarterly Review (2013). For further detail, see https://www.bis.org/publ/qtrpdf/r_qt1303z.htm","Bank of Mexico, Bank for International Settlements.",5B0,"Mexico - Central bank, assets, total, BIS-spliced, USD",,E,1996-12,34.966079205001,,F,A,
M,MX,B,USD,_Z,B,,From January 1977 onwards: monthly financial statements. Before 1977: annual financial statements.,BIS-spliced,The data in billions of US dollars are calculated using market exchange rates.,,3,9,,"This series is adjusted for breaks. Break-adjustment calculations follow the methodology outlined in the BIS Quarterly Review (2013). For further detail, see https://www.bis.org/publ/qtrpdf/r_qt1303z.htm","Bank of Mexico, Bank for International Settlements.",5B0,"Mexico - Central bank, assets, total, BIS-spliced, USD",,E,1997-01,35.310388559267,,F,A,
M,MX,B,USD,_Z,B,,From January 1977 onwards: monthly financial statements. Before 1977: annual financial statements.,BIS-spliced,The data in billions of US dollars are calculated using market exchange rates.,,3,9,,"This series is adjusted for breaks. Break-adjustment calculations follow the methodology outlined in the BIS Quarterly Review (2013). For further detail, see https://www.bis.org/publ/qtrpdf/r_qt1303z.htm","Bank of Mexico, Bank for International Settlements.",5B0,"Mexico - Central bank, assets, total, BIS-spliced, USD",,E,1997-02,36.235467234713,,F,A,
M,MX,B,USD,_Z,B,,From January 1977 onwards: monthly financial statements. Before 1977: annual financial statements.,BIS-spliced,The data in billions of US dollars are calculated using market exchange rates.,,3,9,,"This series is adjusted for breaks. Break-adjustment calculations follow the methodology outlined in the BIS Quarterly Review (2013). For further detail, see https://www.bis.org/publ/qtrpdf/r_qt1303z.htm","Bank of Mexico, Bank for International Settlements.",5B0,"Mexico - Central bank, assets, total, BIS-spliced, USD",,E,1997-03,36.589166749873,,F,A,
M,MX,B,USD,_Z,B,,From January 1977 onwards: monthly financial statements. Before 1977: annual financial statements.,BIS-spliced,The data in billions of US dollars are calculated using market exchange rates.,,3,9,,"This series is adjusted for breaks. Break-adjustment calculations follow the methodology outlined in the BIS Quarterly Review (2013). For further detail, see https://www.bis.org/publ/qtrpdf/r_qt1303z.htm","Bank of Mexico, Bank for International Settlements.",5B0,"Mexico - Central bank, assets, total, BIS-spliced, USD",,E,1997-04,37.709567682628,,F,A,
M,MX,B,USD,_Z,B,,From January 1977 onwards: monthly financial statements. Before 1977: annual financial statements.,BIS-spliced,The data in billions of US dollars are calculated using market exchange rates.,,3,9,,"This series is adjusted for breaks. Break-adjustment calculations follow the methodology outlined in the BIS Quarterly Review (2013). For further detail, see https://www.bis.org/publ/qtrpdf/r_qt1303z.htm","Bank of Mexico, Bank for International Settlements.",5B0,"Mexico - Central bank, assets, total, BIS-spliced, USD",,E,1997-05,38.548945875354,,F,A,
M,MX,B,USD,_Z,B,,From January 1977 onwards: monthly financial statements. Before 1977: annual financial statements.,BIS-spliced,The data in billions of US dollars are calculated using market exchange rates.,,3,9,,"This series is adjusted for breaks. Break-adjustment calculations follow the methodology outlined in the BIS Quarterly Review (2013). For further detail, see https://www.bis.org/publ/qtrpdf/r_qt1303z.htm","Bank of Mexico, Bank for International Settlements.",5B0,"Mexico - Central bank, assets, total, BIS-spliced, USD",,E,1997-06,38.351450694004,,F,A,
M,MX,B,USD,_Z,B,,From January 1977 onwards: monthly financial statements. Before 1977: annual financial statements.,BIS-spliced,The data in billions of US dollars are calculated using market exchange rates.,,3,9,,"This series is adjusted for breaks. Break-adjustment calculations follow the methodology outlined in the BIS Quarterly Review (2013). For further detail, see https://www.bis.org/publ/qtrpdf/r_qt1303z.htm","Bank of Mexico, Bank for International Settlements.",5B0,"Mexico - Central bank, assets, total, BIS-spliced, USD",,E,1997-07,40.07180607166,,F,A,
M,MX,B,USD,_Z,B,,From January 1977 onwards: monthly financial statements. Before 1977: annual financial statements.,BIS-spliced,The data in billions of US dollars are calculated using market exchange rates.,,3,9,,"This series is adjusted for breaks. Break-adjustment calculations follow the methodology outlined in the BIS Quarterly Review (2013). For further detail, see https://www.bis.org/publ/qtrpdf/r_qt1303z.htm","Bank of Mexico, Bank for International Settlements.",5B0,"Mexico - Central bank, assets, total, BIS-spliced, USD",,E,1997-08,41.393710369052,,F,A,
M,MX,B,USD,_Z,B,,From January 1977 onwards: monthly financial statements. Before 1977: annual financial statements.,BIS-spliced,The data in billions of US dollars are calculated using market exchange rates.,,3,9,,"This series is adjusted for breaks. Break-adjustment calculations follow the methodology outlined in the BIS Quarterly Review (2013). For further detail, see https://www.bis.org/publ/qtrpdf/r_qt1303z.htm","Bank of Mexico, Bank for International Settlements.",5B0,"Mexico - Central bank, assets, total, BIS-spliced, USD",,E,1997-09,42.597959714596,,F,A,
M,MX,B,USD,_Z,B,,From January 1977 onwards: monthly financial statements. Before 1977: annual financial statements.,BIS-spliced,The data in billions of US dollars are calculated using market exchange rates.,,3,9,,"This series is adjusted for breaks. Break-adjustment calculations follow the methodology outlined in the BIS Quarterly Review (2013). For further detail, see https://www.bis.org/publ/qtrpdf/r_qt1303z.htm","Bank of Mexico, Bank for International Settlements.",5B0,"Mexico - Central bank, assets, total, BIS-spliced, USD",,E,1997-10,42.919583896028,,F,A,
M,MX,B,USD,_Z,B,,From January 1977 onwards: monthly financial statements. Before 1977: annual financial statements.,BIS-spliced,The data in billions of US dollars are calculated using market exchange rates.,,3,9,,"This series is adjusted for breaks. Break-adjustment calculations follow the methodology outlined in the BIS Quarterly Review (2013). For further detail, see https://www.bis.org/publ/qtrpdf/r_qt1303z.htm","Bank of Mexico, Bank for International Settlements.",5B0,"Mexico - Central bank, assets, total, BIS-spliced, USD",,E,1997-11,42.3593868972,,F,A,
M,MX,B,USD,_Z,B,,From January 1977 onwards: monthly financial statements. Before 1977: annual financial statements.,BIS-spliced,The data in billions of US dollars are calculated using market exchange rates.,,3,9,,"This series is adjusted for breaks. Break-adjustment calculations follow the methodology outlined in the BIS Quarterly Review (2013). For further detail, see https://www.bis.org/publ/qtrpdf/r_qt1303z.htm","Bank of Mexico, Bank for International Settlements.",5B0,"Mexico - Central bank, assets, total, BIS-spliced, USD",,E,1997-12,45.779396873371,,F,A,
M,MX,B,USD,_Z,B,,From January 1977 onwards: monthly financial statements. Before 1977: annual financial statements.,BIS-spliced,The data in billions of US dollars are calculated using market exchange rates.,,3,9,,"This series is adjusted for breaks. Break-adjustment calculations follow the methodology outlined in the BIS Quarterly Review (2013). For further detail, see https://www.bis.org/publ/qtrpdf/r_qt1303z.htm","Bank of Mexico, Bank for International Settlements.",5B0,"Mexico - Central bank, assets, total, BIS-spliced, USD",,E,1998-01,44.235294933529,,F,A,
M,MX,B,USD,_Z,B,,From January 1977 onwards: monthly financial statements. Before 1977: annual financial statements.,BIS-spliced,The data in billions of US dollars are calculated using market exchange rates.,,3,9,,"This series is adjusted for breaks. Break-adjustment calculations follow the methodology outlined in the BIS Quarterly Review (2013). For further detail, see https://www.bis.org/publ/qtrpdf/r_qt1303z.htm","Bank of Mexico, Bank for International Settlements.",5B0,"Mexico - Central bank, assets, total, BIS-spliced, USD",,E,1998-02,43.811607998549,,F,A,
M,MX,B,USD,_Z,B,,From January 1977 onwards: monthly financial statements. Before 1977: annual financial statements.,BIS-spliced,The data in billions of US dollars are calculated using market exchange rates.,,3,9,,"This series is adjusted for breaks. Break-adjustment calculations follow the methodology outlined in the BIS Quarterly Review (2013). For further detail, see https://www.bis.org/publ/qtrpdf/r_qt1303z.htm","Bank of Mexico, Bank for International Settlements.",5B0,"Mexico - Central bank, assets, total, BIS-spliced, USD",,E,1998-03,44.636060302045,,F,A,
M,MX,B,USD,_Z,B,,From January 1977 onwards: monthly financial statements. Before 1977: annual financial statements.,BIS-spliced,The data in billions of US dollars are calculated using market exchange rates.,,3,9,,"This series is adjusted for breaks. Break-adjustment calculations follow the methodology outlined in the BIS Quarterly Review (2013). For further detail, see https://www.bis.org/publ/qtrpdf/r_qt1303z.htm","Bank of Mexico, Bank for International Settlements.",5B0,"Mexico - Central bank, assets, total, BIS-spliced, USD",,E,1998-04,48.568425198704,,F,A,
M,MX,B,USD,_Z,B,,From January 1977 onwards: monthly financial statements. Before 1977: annual financial statements.,BIS-spliced,The data in billions of US dollars are calculated using market exchange rates.,,3,9,,"This series is adjusted for breaks. Break-adjustment calculations follow the methodology outlined in the BIS Quarterly Review (2013). For further detail, see https://www.bis.org/publ/qtrpdf/r_qt1303z.htm","Bank of Mexico, Bank for International Settlements.",5B0,"Mexico - Central bank, assets, total, BIS-spliced, USD",,E,1998-05,46.70080597337,,F,A,
M,MX,B,USD,_Z,B,,From January 1977 onwards: monthly financial statements. Before 1977: annual financial statements.,BIS-spliced,The data in billions of US dollars are calculated using market exchange rates.,,3,9,,"This series is adjusted for breaks. Break-adjustment calculations follow the methodology outlined in the BIS Quarterly Review (2013). For further detail, see https://www.bis.org/publ/qtrpdf/r_qt1303z.htm","Bank of Mexico, Bank for International Settlements.",5B0,"Mexico - Central bank, assets, total, BIS-spliced, USD",,E,1998-06,45.977485305359,,F,A,
M,MX,B,USD,_Z,B,,From January 1977 onwards: monthly financial statements. Before 1977: annual financial statements.,BIS-spliced,The data in billions of US dollars are calculated using market exchange rates.,,3,9,,"This series is adjusted for breaks. Break-adjustment calculations follow the methodology outlined in the BIS Quarterly Review (2013). For further detail, see https://www.bis.org/publ/qtrpdf/r_qt1303z.htm","Bank of Mexico, Bank for International Settlements.",5B0,"Mexico - Central bank, assets, total, BIS-spliced, USD",,E,1998-07,47.199703821479,,F,A,
M,MX,B,USD,_Z,B,,From January 1977 onwards: monthly financial statements. Before 1977: annual financial statements.,BIS-spliced,The data in billions of US dollars are calculated using market exchange rates.,,3,9,,"This series is adjusted for breaks. Break-adjustment calculations follow the methodology outlined in the BIS Quarterly Review (2013). For further detail, see https://www.bis.org/publ/qtrpdf/r_qt1303z.htm","Bank of Mexico, Bank for International Settlements.",5B0,"Mexico - Central bank, assets, total, BIS-spliced, USD",,E,1998-08,43.016394774623,,F,A,
M,MX,B,USD,_Z,B,,From January 1977 onwards: monthly financial statements. Before 1977: annual financial statements.,BIS-spliced,The data in billions of US dollars are calculated using market exchange rates.,,3,9,,"This series is adjusted for breaks. Break-adjustment calculations follow the methodology outlined in the BIS Quarterly Review (2013). For further detail, see https://www.bis.org/publ/qtrpdf/r_qt1303z.htm","Bank of Mexico, Bank for International Settlements.",5B0,"Mexico - Central bank, assets, total, BIS-spliced, USD",,E,1998-09,41.366035844017,,F,A,
M,MX,B,USD,_Z,B,,From January 1977 onwards: monthly financial statements. Before 1977: annual financial statements.,BIS-spliced,The data in billions of US dollars are calculated using market exchange rates.,,3,9,,"This series is adjusted for breaks. Break-adjustment calculations follow the methodology outlined in the BIS Quarterly Review (2013). For further detail, see https://www.bis.org/publ/qtrpdf/r_qt1303z.htm","Bank of Mexico, Bank for International Settlements.",5B0,"Mexico - Central bank, assets, total, BIS-spliced, USD",,E,1998-10,43.248232775011,,F,A,
M,MX,B,USD,_Z,B,,From January 1977 onwards: monthly financial statements. Before 1977: annual financial statements.,BIS-spliced,The data in billions of US dollars are calculated using market exchange rates.,,3,9,,"This series is adjusted for breaks. Break-adjustment calculations follow the methodology outlined in the BIS Quarterly Review (2013). For further detail, see https://www.bis.org/publ/qtrpdf/r_qt1303z.htm","Bank of Mexico, Bank for International Settlements.",5B0,"Mexico - Central bank, assets, total, BIS-spliced, USD",,E,1998-11,43.603618631149,,F,A,
M,MX,B,USD,_Z,B,,From January 1977 onwards: monthly financial statements. Before 1977: annual financial statements.,BIS-spliced,The data in billions of US dollars are calculated using market exchange rates.,,3,9,,"This series is adjusted for breaks. Break-adjustment calculations follow the methodology outlined in the BIS Quarterly Review (2013). For further detail, see https://www.bis.org/publ/qtrpdf/r_qt1303z.htm","Bank of Mexico, Bank for International Settlements.",5B0,"Mexico - Central bank, assets, total, BIS-spliced, USD",,E,1998-12,46.148060567457,,F,A,
M,MX,B,USD,_Z,B,,From January 1977 onwards: monthly financial statements. Before 1977: annual financial statements.,BIS-spliced,The data in billions of US dollars are calculated using market exchange rates.,,3,9,,"This series is adjusted for breaks. Break-adjustment calculations follow the methodology outlined in the BIS Quarterly Review (2013). For further detail, see https://www.bis.org/publ/qtrpdf/r_qt1303z.htm","Bank of Mexico, Bank for International Settlements.",5B0,"Mexico - Central bank, assets, total, BIS-spliced, USD",,E,1999-01,46.335686691623,,F,A,
M,MX,B,USD,_Z,B,,From January 1977 onwards: monthly financial statements. Before 1977: annual financial statements.,BIS-spliced,The data in billions of US dollars are calculated using market exchange rates.,,3,9,,"This series is adjusted for breaks. Break-adjustment calculations follow the methodology outlined in the BIS Quarterly Review (2013). For further detail, see https://www.bis.org/publ/qtrpdf/r_qt1303z.htm","Bank of Mexico, Bank for International Settlements.",5B0,"Mexico - Central bank, assets, total, BIS-spliced, USD",,E,1999-02,48.625511659234,,F,A,
M,MX,B,USD,_Z,B,,From January 1977 onwards: monthly financial statements. Before 1977: annual financial statements.,BIS-spliced,The data in billions of US dollars are calculated using market exchange rates.,,3,9,,"This series is adjusted for breaks. Break-adjustment calculations follow the methodology outlined in the BIS Quarterly Review (2013). For further detail, see https://www.bis.org/publ/qtrpdf/r_qt1303z.htm","Bank of Mexico, Bank for International Settlements.",5B0,"Mexico - Central bank, assets, total, BIS-spliced, USD",,E,1999-03,52.114127708118,,F,A,
M,MX,B,USD,_Z,B,,From January 1977 onwards: monthly financial statements. Before 1977: annual financial statements.,BIS-spliced,The data in billions of US dollars are calculated using market exchange rates.,,3,9,,"This series is adjusted for breaks. Break-adjustment calculations follow the methodology outlined in the BIS Quarterly Review (2013). For further detail, see https://www.bis.org/publ/qtrpdf/r_qt1303z.htm","Bank of Mexico, Bank for International Settlements.",5B0,"Mexico - Central bank, assets, total, BIS-spliced, USD",,E,1999-04,55.627837177844,,F,A,
M,MX,B,USD,_Z,B,,From January 1977 onwards: monthly financial statements. Before 1977: annual financial statements.,BIS-spliced,The data in billions of US dollars are calculated using market exchange rates.,,3,9,,"This series is adjusted for breaks. Break-adjustment calculations follow the methodology outlined in the BIS Quarterly Review (2013). For further detail, see https://www.bis.org/publ/qtrpdf/r_qt1303z.htm","Bank of Mexico, Bank for International Settlements.",5B0,"Mexico - Central bank, assets, total, BIS-spliced, USD",,E,1999-05,54.799423323569,,F,A,
M,MX,B,USD,_Z,B,,From January 1977 onwards: monthly financial statements. Before 1977: annual financial statements.,BIS-spliced,The data in billions of US dollars are calculated using market exchange rates.,,3,9,,"This series is adjusted for breaks. Break-adjustment calculations follow the methodology outlined in the BIS Quarterly Review (2013). For further detail, see https://www.bis.org/publ/qtrpdf/r_qt1303z.htm","Bank of Mexico, Bank for International Settlements.",5B0,"Mexico - Central bank, assets, total, BIS-spliced, USD",,E,1999-06,54.629343685173,,F,A,
M,MX,B,USD,_Z,B,,From January 1977 onwards: monthly financial statements. Before 1977: annual financial statements.,BIS-spliced,The data in billions of US dollars are calculated using market exchange rates.,,3,9,,"This series is adjusted for breaks. Break-adjustment calculations follow the methodology outlined in the BIS Quarterly Review (2013). For further detail, see https://www.bis.org/publ/qtrpdf/r_qt1303z.htm","Bank of Mexico, Bank for International Settlements.",5B0,"Mexico - Central bank, assets, total, BIS-spliced, USD",,E,1999-07,55.065338428099,,F,A,
M,MX,B,USD,_Z,B,,From January 1977 onwards: monthly financial statements. Before 1977: annual financial statements.,BIS-spliced,The data in billions of US dollars are calculated using market exchange rates.,,3,9,,"This series is adjusted for breaks. Break-adjustment calculations follow the methodology outlined in the BIS Quarterly Review (2013). For further detail, see https://www.bis.org/publ/qtrpdf/r_qt1303z.htm","Bank of Mexico, Bank for International Settlements.",5B0,"Mexico - Central bank, assets, total, BIS-spliced, USD",,E,1999-08,54.341879691915,,F,A,
M,MX,B,USD,_Z,B,,From January 1977 onwards: monthly financial statements. Before 1977: annual financial statements.,BIS-spliced,The data in billions of US dollars are calculated using market exchange rates.,,3,9,,"This series is adjusted for breaks. Break-adjustment calculations follow the methodology outlined in the BIS Quarterly Review (2013). For further detail, see https://www.bis.org/publ/qtrpdf/r_qt1303z.htm","Bank of Mexico, Bank for International Settlements.",5B0,"Mexico - Central bank, assets, total, BIS-spliced, USD",,E,1999-09,54.680580131509,,F,A,
M,MX,B,USD,_Z,B,,From January 1977 onwards: monthly financial statements. Before 1977: annual financial statements.,BIS-spliced,The data in billions of US dollars are calculated using market exchange rates.,,3,9,,"This series is adjusted for breaks. Break-adjustment calculations follow the methodology outlined in the BIS Quarterly Review (2013). For further detail, see https://www.bis.org/publ/qtrpdf/r_qt1303z.htm","Bank of Mexico, Bank for International Settlements.",5B0,"Mexico - Central bank, assets, total, BIS-spliced, USD",,E,1999-10,55.022335592648,,F,A,
M,MX,B,USD,_Z,B,,From January 1977 onwards: monthly financial statements. Before 1977: annual financial statements.,BIS-spliced,The data in billions of US dollars are calculated using market exchange rates.,,3,9,,"This series is adjusted for breaks. Break-adjustment calculations follow the methodology outlined in the BIS Quarterly Review (2013). For further detail, see https://www.bis.org/publ/qtrpdf/r_qt1303z.htm","Bank of Mexico, Bank for International Settlements.",5B0,"Mexico - Central bank, assets, total, BIS-spliced, USD",,E,1999-11,56.417653861091,,F,A,
M,MX,B,USD,_Z,B,,From January 1977 onwards: monthly financial statements. Before 1977: annual financial statements.,BIS-spliced,The data in billions of US dollars are calculated using market exchange rates.,,3,9,,"This series is adjusted for breaks. Break-adjustment calculations follow the methodology outlined in the BIS Quarterly Review (2013). For further detail, see https://www.bis.org/publ/qtrpdf/r_qt1303z.htm","Bank of Mexico, Bank for International Settlements.",5B0,"Mexico - Central bank, assets, total, BIS-spliced, USD",,E,1999-12,61.464088103231,,F,A,
M,MX,B,USD,_Z,B,,From January 1977 onwards: monthly financial statements. Before 1977: annual financial statements.,BIS-spliced,The data in billions of US dollars are calculated using market exchange rates.,,3,9,,"This series is adjusted for breaks. Break-adjustment calculations follow the methodology outlined in the BIS Quarterly Review (2013). For further detail, see https://www.bis.org/publ/qtrpdf/r_qt1303z.htm","Bank of Mexico, Bank for International Settlements.",5B0,"Mexico - Central bank, assets, total, BIS-spliced, USD",,E,2000-01,60.552636725636,,F,A,
M,MX,B,USD,_Z,B,,From January 1977 onwards: monthly financial statements. Before 1977: annual financial statements.,BIS-spliced,The data in billions of US dollars are calculated using market exchange rates.,,3,9,,"This series is adjusted for breaks. Break-adjustment calculations follow the methodology outlined in the BIS Quarterly Review (2013). For further detail, see https://www.bis.org/publ/qtrpdf/r_qt1303z.htm","Bank of Mexico, Bank for International Settlements.",5B0,"Mexico - Central bank, assets, total, BIS-spliced, USD",,E,2000-02,60.328636618541,,F,A,
M,MX,B,USD,_Z,B,,From January 1977 onwards: monthly financial statements. Before 1977: annual financial statements.,BIS-spliced,The data in billions of US dollars are calculated using market exchange rates.,,3,9,,"This series is adjusted for breaks. Break-adjustment calculations follow the methodology outlined in the BIS Quarterly Review (2013). For further detail, see https://www.bis.org/publ/qtrpdf/r_qt1303z.htm","Bank of Mexico, Bank for International Settlements.",5B0,"Mexico - Central bank, assets, total, BIS-spliced, USD",,E,2000-03,58.882349081365,,F,A,
M,MX,B,USD,_Z,B,,From January 1977 onwards: monthly financial statements. Before 1977: annual financial statements.,BIS-spliced,The data in billions of US dollars are calculated using market exchange rates.,,3,9,,"This series is adjusted for breaks. Break-adjustment calculations follow the methodology outlined in the BIS Quarterly Review (2013). For further detail, see https://www.bis.org/publ/qtrpdf/r_qt1303z.htm","Bank of Mexico, Bank for International Settlements.",5B0,"Mexico - Central bank, assets, total, BIS-spliced, USD",,E,2000-04,60.776885819025,,F,A,
M,MX,B,USD,_Z,B,,From January 1977 onwards: monthly financial statements. Before 1977: annual financial statements.,BIS-spliced,The data in billions of US dollars are calculated using market exchange rates.,,3,9,,"This series is adjusted for breaks. Break-adjustment calculations follow the methodology outlined in the BIS Quarterly Review (2013). For further detail, see https://www.bis.org/publ/qtrpdf/r_qt1303z.htm","Bank of Mexico, Bank for International Settlements.",5B0,"Mexico - Central bank, assets, total, BIS-spliced, USD",,E,2000-05,60.566062198955,,F,A,
M,MX,B,USD,_Z,B,,From January 1977 onwards: monthly financial statements. Before 1977: annual financial statements.,BIS-spliced,The data in billions of US dollars are calculated using market exchange rates.,,3,9,,"This series is adjusted for breaks. Break-adjustment calculations follow the methodology outlined in the BIS Quarterly Review (2013). For further detail, see https://www.bis.org/publ/qtrpdf/r_qt1303z.htm","Bank of Mexico, Bank for International Settlements.",5B0,"Mexico - Central bank, assets, total, BIS-spliced, USD",,E,2000-06,58.803088588254,,F,A,
M,MX,B,USD,_Z,B,,From January 1977 onwards: monthly financial statements. Before 1977: annual financial statements.,BIS-spliced,The data in billions of US dollars are calculated using market exchange rates.,,3,9,,"This series is adjusted for breaks. Break-adjustment calculations follow the methodology outlined in the BIS Quarterly Review (2013). For further detail, see https://www.bis.org/publ/qtrpdf/r_qt1303z.htm","Bank of Mexico, Bank for International Settlements.",5B0,"Mexico - Central bank, assets, total, BIS-spliced, USD",,E,2000-07,60.094238317273,,F,A,
M,MX,B,USD,_Z,B,,From January 1977 onwards: monthly financial statements. Before 1977: annual financial statements.,BIS-spliced,The data in billions of US dollars are calculated using market exchange rates.,,3,9,,"This series is adjusted for breaks. Break-adjustment calculations follow the methodology outlined in the BIS Quarterly Review (2013). For further detail, see https://www.bis.org/publ/qtrpdf/r_qt1303z.htm","Bank of Mexico, Bank for International Settlements.",5B0,"Mexico - Central bank, assets, total, BIS-spliced, USD",,E,2000-08,58.710484194332,,F,A,
M,MX,B,USD,_Z,B,,From January 1977 onwards: monthly financial statements. Before 1977: annual financial statements.,BIS-spliced,The data in billions of US dollars are calculated using market exchange rates.,,3,9,,"This series is adjusted for breaks. Break-adjustment calculations follow the methodology outlined in the BIS Quarterly Review (2013). For further detail, see https://www.bis.org/publ/qtrpdf/r_qt1303z.htm","Bank of Mexico, Bank for International Settlements.",5B0,"Mexico - Central bank, assets, total, BIS-spliced, USD",,E,2000-09,59.797440239284,,F,A,
M,MX,B,USD,_Z,B,,From January 1977 onwards: monthly financial statements. Before 1977: annual financial statements.,BIS-spliced,The data in billions of US dollars are calculated using market exchange rates.,,3,9,,"This series is adjusted for breaks. Break-adjustment calculations follow the methodology outlined in the BIS Quarterly Review (2013). For further detail, see https://www.bis.org/publ/qtrpdf/r_qt1303z.htm","Bank of Mexico, Bank for International Settlements.",5B0,"Mexico - Central bank, assets, total, BIS-spliced, USD",,E,2000-10,61.717320622433,,F,A,
M,MX,B,USD,_Z,B,,From January 1977 onwards: monthly financial statements. Before 1977: annual financial statements.,BIS-spliced,The data in billions of US dollars are calculated using market exchange rates.,,3,9,,"This series is adjusted for breaks. Break-adjustment calculations follow the methodology outlined in the BIS Quarterly Review (2013). For further detail, see https://www.bis.org/publ/qtrpdf/r_qt1303z.htm","Bank of Mexico, Bank for International Settlements.",5B0,"Mexico - Central bank, assets, total, BIS-spliced, USD",,E,2000-11,62.299250398021,,F,A,
M,MX,B,USD,_Z,B,,From January 1977 onwards: monthly financial statements. Before 1977: annual financial statements.,BIS-spliced,The data in billions of US dollars are calculated using market exchange rates.,,3,9,,"This series is adjusted for breaks. Break-adjustment calculations follow the methodology outlined in the BIS Quarterly Review (2013). For further detail, see https://www.bis.org/publ/qtrpdf/r_qt1303z.htm","Bank of Mexico, Bank for International Settlements.",5B0,"Mexico - Central bank, assets, total, BIS-spliced, USD",,E,2000-12,64.731232535992,,F,A,
M,MX,B,USD,_Z,B,,From January 1977 onwards: monthly financial statements. Before 1977: annual financial statements.,BIS-spliced,The data in billions of US dollars are calculated using market exchange rates.,,3,9,,"This series is adjusted for breaks. Break-adjustment calculations follow the methodology outlined in the BIS Quarterly Review (2013). For further detail, see https://www.bis.org/publ/qtrpdf/r_qt1303z.htm","Bank of Mexico, Bank for International Settlements.",5B0,"Mexico - Central bank, assets, total, BIS-spliced, USD",,E,2001-01,64.68007763806,,F,A,
M,MX,B,USD,_Z,B,,From January 1977 onwards: monthly financial statements. Before 1977: annual financial statements.,BIS-spliced,The data in billions of US dollars are calculated using market exchange rates.,,3,9,,"This series is adjusted for breaks. Break-adjustment calculations follow the methodology outlined in the BIS Quarterly Review (2013). For further detail, see https://www.bis.org/publ/qtrpdf/r_qt1303z.htm","Bank of Mexico, Bank for International Settlements.",5B0,"Mexico - Central bank, assets, total, BIS-spliced, USD",,E,2001-02,64.457298519948,,F,A,
M,MX,B,USD,_Z,B,,From January 1977 onwards: monthly financial statements. Before 1977: annual financial statements.,BIS-spliced,The data in billions of US dollars are calculated using market exchange rates.,,3,9,,"This series is adjusted for breaks. Break-adjustment calculations follow the methodology outlined in the BIS Quarterly Review (2013). For further detail, see https://www.bis.org/publ/qtrpdf/r_qt1303z.htm","Bank of Mexico, Bank for International Settlements.",5B0,"Mexico - Central bank, assets, total, BIS-spliced, USD",,E,2001-03,64.906449975575,,F,A,
M,MX,B,USD,_Z,B,,From January 1977 onwards: monthly financial statements. Before 1977: annual financial statements.,BIS-spliced,The data in billions of US dollars are calculated using market exchange rates.,,3,9,,"This series is adjusted for breaks. Break-adjustment calculations follow the methodology outlined in the BIS Quarterly Review (2013). For further detail, see https://www.bis.org/publ/qtrpdf/r_qt1303z.htm","Bank of Mexico, Bank for International Settlements.",5B0,"Mexico - Central bank, assets, total, BIS-spliced, USD",,E,2001-04,67.553605120295,,F,A,
M,MX,B,USD,_Z,B,,From January 1977 onwards: monthly financial statements. Before 1977: annual financial statements.,BIS-spliced,The data in billions of US dollars are calculated using market exchange rates.,,3,9,,"This series is adjusted for breaks. Break-adjustment calculations follow the methodology outlined in the BIS Quarterly Review (2013). For further detail, see https://www.bis.org/publ/qtrpdf/r_qt1303z.htm","Bank of Mexico, Bank for International Settlements.",5B0,"Mexico - Central bank, assets, total, BIS-spliced, USD",,E,2001-05,66.19245216095,,F,A,
M,MX,B,USD,_Z,B,,From January 1977 onwards: monthly financial statements. Before 1977: annual financial statements.,BIS-spliced,The data in billions of US dollars are calculated using market exchange rates.,,3,9,,"This series is adjusted for breaks. Break-adjustment calculations follow the methodology outlined in the BIS Quarterly Review (2013). For further detail, see https://www.bis.org/publ/qtrpdf/r_qt1303z.htm","Bank of Mexico, Bank for International Settlements.",5B0,"Mexico - Central bank, assets, total, BIS-spliced, USD",,E,2001-06,65.148884356039,,F,A,
M,MX,B,USD,_Z,B,,From January 1977 onwards: monthly financial statements. Before 1977: annual financial statements.,BIS-spliced,The data in billions of US dollars are calculated using market exchange rates.,,3,9,,"This series is adjusted for breaks. Break-adjustment calculations follow the methodology outlined in the BIS Quarterly Review (2013). For further detail, see https://www.bis.org/publ/qtrpdf/r_qt1303z.htm","Bank of Mexico, Bank for International Settlements.",5B0,"Mexico - Central bank, assets, total, BIS-spliced, USD",,E,2001-07,69.725959825317,,F,A,
M,MX,B,USD,_Z,B,,From January 1977 onwards: monthly financial statements. Before 1977: annual financial statements.,BIS-spliced,The data in billions of US dollars are calculated using market exchange rates.,,3,9,,"This series is adjusted for breaks. Break-adjustment calculations follow the methodology outlined in the BIS Quarterly Review (2013). For further detail, see https://www.bis.org/publ/qtrpdf/r_qt1303z.htm","Bank of Mexico, Bank for International Settlements.",5B0,"Mexico - Central bank, assets, total, BIS-spliced, USD",,E,2001-08,71.471457102872,,F,A,
M,MX,B,USD,_Z,B,,From January 1977 onwards: monthly financial statements. Before 1977: annual financial statements.,BIS-spliced,The data in billions of US dollars are calculated using market exchange rates.,,3,9,,"This series is adjusted for breaks. Break-adjustment calculations follow the methodology outlined in the BIS Quarterly Review (2013). For further detail, see https://www.bis.org/publ/qtrpdf/r_qt1303z.htm","Bank of Mexico, Bank for International Settlements.",5B0,"Mexico - Central bank, assets, total, BIS-spliced, USD",,E,2001-09,68.487286135591,,F,A,
M,MX,B,USD,_Z,B,,From January 1977 onwards: monthly financial statements. Before 1977: annual financial statements.,BIS-spliced,The data in billions of US dollars are calculated using market exchange rates.,,3,9,,"This series is adjusted for breaks. Break-adjustment calculations follow the methodology outlined in the BIS Quarterly Review (2013). For further detail, see https://www.bis.org/publ/qtrpdf/r_qt1303z.htm","Bank of Mexico, Bank for International Settlements.",5B0,"Mexico - Central bank, assets, total, BIS-spliced, USD",,E,2001-10,71.15397693496,,F,A,
M,MX,B,USD,_Z,B,,From January 1977 onwards: monthly financial statements. Before 1977: annual financial statements.,BIS-spliced,The data in billions of US dollars are calculated using market exchange rates.,,3,9,,"This series is adjusted for breaks. Break-adjustment calculations follow the methodology outlined in the BIS Quarterly Review (2013). For further detail, see https://www.bis.org/publ/qtrpdf/r_qt1303z.htm","Bank of Mexico, Bank for International Settlements.",5B0,"Mexico - Central bank, assets, total, BIS-spliced, USD",,E,2001-11,71.560455911642,,F,A,
M,MX,B,USD,_Z,B,,From January 1977 onwards: monthly financial statements. Before 1977: annual financial statements.,BIS-spliced,The data in billions of US dollars are calculated using market exchange rates.,,3,9,,"This series is adjusted for breaks. Break-adjustment calculations follow the methodology outlined in the BIS Quarterly Review (2013). For further detail, see https://www.bis.org/publ/qtrpdf/r_qt1303z.htm","Bank of Mexico, Bank for International Settlements.",5B0,"Mexico - Central bank, assets, total, BIS-spliced, USD",,E,2001-12,72.883529714414,,F,A,
M,MX,B,USD,_Z,B,,From January 1977 onwards: monthly financial statements. Before 1977: annual financial statements.,BIS-spliced,The data in billions of US dollars are calculated using market exchange rates.,,3,9,,"This series is adjusted for breaks. Break-adjustment calculations follow the methodology outlined in the BIS Quarterly Review (2013). For further detail, see https://www.bis.org/publ/qtrpdf/r_qt1303z.htm","Bank of Mexico, Bank for International Settlements.",5B0,"Mexico - Central bank, assets, total, BIS-spliced, USD",,E,2002-01,72.462649039923,,F,A,
M,MX,B,USD,_Z,B,,From January 1977 onwards: monthly financial statements. Before 1977: annual financial statements.,BIS-spliced,The data in billions of US dollars are calculated using market exchange rates.,,3,9,,"This series is adjusted for breaks. Break-adjustment calculations follow the methodology outlined in the BIS Quarterly Review (2013). For further detail, see https://www.bis.org/publ/qtrpdf/r_qt1303z.htm","Bank of Mexico, Bank for International Settlements.",5B0,"Mexico - Central bank, assets, total, BIS-spliced, USD",,E,2002-02,73.911209810822,,F,A,
M,MX,B,USD,_Z,B,,From January 1977 onwards: monthly financial statements. Before 1977: annual financial statements.,BIS-spliced,The data in billions of US dollars are calculated using market exchange rates.,,3,9,,"This series is adjusted for breaks. Break-adjustment calculations follow the methodology outlined in the BIS Quarterly Review (2013). For further detail, see https://www.bis.org/publ/qtrpdf/r_qt1303z.htm","Bank of Mexico, Bank for International Settlements.",5B0,"Mexico - Central bank, assets, total, BIS-spliced, USD",,E,2002-03,75.390457112984,,F,A,
M,MX,B,USD,_Z,B,,From January 1977 onwards: monthly financial statements. Before 1977: annual financial statements.,BIS-spliced,The data in billions of US dollars are calculated using market exchange rates.,,3,9,,"This series is adjusted for breaks. Break-adjustment calculations follow the methodology outlined in the BIS Quarterly Review (2013). For further detail, see https://www.bis.org/publ/qtrpdf/r_qt1303z.htm","Bank of Mexico, Bank for International Settlements.",5B0,"Mexico - Central bank, assets, total, BIS-spliced, USD",,E,2002-04,73.999796077872,,F,A,
M,MX,B,USD,_Z,B,,From January 1977 onwards: monthly financial statements. Before 1977: annual financial statements.,BIS-spliced,The data in billions of US dollars are calculated using market exchange rates.,,3,9,,"This series is adjusted for breaks. Break-adjustment calculations follow the methodology outlined in the BIS Quarterly Review (2013). For further detail, see https://www.bis.org/publ/qtrpdf/r_qt1303z.htm","Bank of Mexico, Bank for International Settlements.",5B0,"Mexico - Central bank, assets, total, BIS-spliced, USD",,E,2002-05,73.992333128086,,F,A,
M,MX,B,USD,_Z,B,,From January 1977 onwards: monthly financial statements. Before 1977: annual financial statements.,BIS-spliced,The data in billions of US dollars are calculated using market exchange rates.,,3,9,,"This series is adjusted for breaks. Break-adjustment calculations follow the methodology outlined in the BIS Quarterly Review (2013). For further detail, see https://www.bis.org/publ/qtrpdf/r_qt1303z.htm","Bank of Mexico, Bank for International Settlements.",5B0,"Mexico - Central bank, assets, total, BIS-spliced, USD",,E,2002-06,72.865290723925,,F,A,
M,MX,B,USD,_Z,B,,From January 1977 onwards: monthly financial statements. Before 1977: annual financial statements.,BIS-spliced,The data in billions of US dollars are calculated using market exchange rates.,,3,9,,"This series is adjusted for breaks. Break-adjustment calculations follow the methodology outlined in the BIS Quarterly Review (2013). For further detail, see https://www.bis.org/publ/qtrpdf/r_qt1303z.htm","Bank of Mexico, Bank for International Settlements.",5B0,"Mexico - Central bank, assets, total, BIS-spliced, USD",,E,2002-07,72.940122036598,,F,A,
M,MX,B,USD,_Z,B,,From January 1977 onwards: monthly financial statements. Before 1977: annual financial statements.,BIS-spliced,The data in billions of US dollars are calculated using market exchange rates.,,3,9,,"This series is adjusted for breaks. Break-adjustment calculations follow the methodology outlined in the BIS Quarterly Review (2013). For further detail, see https://www.bis.org/publ/qtrpdf/r_qt1303z.htm","Bank of Mexico, Bank for International Settlements.",5B0,"Mexico - Central bank, assets, total, BIS-spliced, USD",,E,2002-08,73.781280328978,,F,A,
M,MX,B,USD,_Z,B,,From January 1977 onwards: monthly financial statements. Before 1977: annual financial statements.,BIS-spliced,The data in billions of US dollars are calculated using market exchange rates.,,3,9,,"This series is adjusted for breaks. Break-adjustment calculations follow the methodology outlined in the BIS Quarterly Review (2013). For further detail, see https://www.bis.org/publ/qtrpdf/r_qt1303z.htm","Bank of Mexico, Bank for International Settlements.",5B0,"Mexico - Central bank, assets, total, BIS-spliced, USD",,E,2002-09,73.899196409108,,F,A,
M,MX,B,USD,_Z,B,,From January 1977 onwards: monthly financial statements. Before 1977: annual financial statements.,BIS-spliced,The data in billions of US dollars are calculated using market exchange rates.,,3,9,,"This series is adjusted for breaks. Break-adjustment calculations follow the methodology outlined in the BIS Quarterly Review (2013). For further detail, see https://www.bis.org/publ/qtrpdf/r_qt1303z.htm","Bank of Mexico, Bank for International Settlements.",5B0,"Mexico - Central bank, assets, total, BIS-spliced, USD",,E,2002-10,77.928471043241,,F,A,
M,MX,B,USD,_Z,B,,From January 1977 onwards: monthly financial statements. Before 1977: annual financial statements.,BIS-spliced,The data in billions of US dollars are calculated using market exchange rates.,,3,9,,"This series is adjusted for breaks. Break-adjustment calculations follow the methodology outlined in the BIS Quarterly Review (2013). For further detail, see https://www.bis.org/publ/qtrpdf/r_qt1303z.htm","Bank of Mexico, Bank for International Settlements.",5B0,"Mexico - Central bank, assets, total, BIS-spliced, USD",,E,2002-11,79.778126413932,,F,A,
M,MX,B,USD,_Z,B,,From January 1977 onwards: monthly financial statements. Before 1977: annual financial statements.,BIS-spliced,The data in billions of US dollars are calculated using market exchange rates.,,3,9,,"This series is adjusted for breaks. Break-adjustment calculations follow the methodology outlined in the BIS Quarterly Review (2013). For further detail, see https://www.bis.org/publ/qtrpdf/r_qt1303z.htm","Bank of Mexico, Bank for International Settlements.",5B0,"Mexico - Central bank, assets, total, BIS-spliced, USD",,E,2002-12,75.974466274349,,F,A,
M,MX,B,USD,_Z,B,,From January 1977 onwards: monthly financial statements. Before 1977: annual financial statements.,BIS-spliced,The data in billions of US dollars are calculated using market exchange rates.,,3,9,,"This series is adjusted for breaks. Break-adjustment calculations follow the methodology outlined in the BIS Quarterly Review (2013). For further detail, see https://www.bis.org/publ/qtrpdf/r_qt1303z.htm","Bank of Mexico, Bank for International Settlements.",5B0,"Mexico - Central bank, assets, total, BIS-spliced, USD",,E,2003-01,70.81111692344,,F,A,
M,MX,B,USD,_Z,B,,From January 1977 onwards: monthly financial statements. Before 1977: annual financial statements.,BIS-spliced,The data in billions of US dollars are calculated using market exchange rates.,,3,9,,"This series is adjusted for breaks. Break-adjustment calculations follow the methodology outlined in the BIS Quarterly Review (2013). For further detail, see https://www.bis.org/publ/qtrpdf/r_qt1303z.htm","Bank of Mexico, Bank for International Settlements.",5B0,"Mexico - Central bank, assets, total, BIS-spliced, USD",,E,2003-02,69.392241039171,,F,A,
M,MX,B,USD,_Z,B,,From January 1977 onwards: monthly financial statements. Before 1977: annual financial statements.,BIS-spliced,The data in billions of US dollars are calculated using market exchange rates.,,3,9,,"This series is adjusted for breaks. Break-adjustment calculations follow the methodology outlined in the BIS Quarterly Review (2013). For further detail, see https://www.bis.org/publ/qtrpdf/r_qt1303z.htm","Bank of Mexico, Bank for International Settlements.",5B0,"Mexico - Central bank, assets, total, BIS-spliced, USD",,E,2003-03,71.680199799051,,F,A,
M,MX,B,USD,_Z,B,,From January 1977 onwards: monthly financial statements. Before 1977: annual financial statements.,BIS-spliced,The data in billions of US dollars are calculated using market exchange rates.,,3,9,,"This series is adjusted for breaks. Break-adjustment calculations follow the methodology outlined in the BIS Quarterly Review (2013). For further detail, see https://www.bis.org/publ/qtrpdf/r_qt1303z.htm","Bank of Mexico, Bank for International Settlements.",5B0,"Mexico - Central bank, assets, total, BIS-spliced, USD",,E,2003-04,79.952168380317,,F,A,
M,MX,B,USD,_Z,B,,From January 1977 onwards: monthly financial statements. Before 1977: annual financial statements.,BIS-spliced,The data in billions of US dollars are calculated using market exchange rates.,,3,9,,"This series is adjusted for breaks. Break-adjustment calculations follow the methodology outlined in the BIS Quarterly Review (2013). For further detail, see https://www.bis.org/publ/qtrpdf/r_qt1303z.htm","Bank of Mexico, Bank for International Settlements.",5B0,"Mexico - Central bank, assets, total, BIS-spliced, USD",,E,2003-05,81.819806117593,,F,A,
M,MX,B,USD,_Z,B,,From January 1977 onwards: monthly financial statements. Before 1977: annual financial statements.,BIS-spliced,The data in billions of US dollars are calculated using market exchange rates.,,3,9,,"This series is adjusted for breaks. Break-adjustment calculations follow the methodology outlined in the BIS Quarterly Review (2013). For further detail, see https://www.bis.org/publ/qtrpdf/r_qt1303z.htm","Bank of Mexico, Bank for International Settlements.",5B0,"Mexico - Central bank, assets, total, BIS-spliced, USD",,E,2003-06,81.295189934833,,F,A,
M,MX,B,USD,_Z,B,,From January 1977 onwards: monthly financial statements. Before 1977: annual financial statements.,BIS-spliced,The data in billions of US dollars are calculated using market exchange rates.,,3,9,,"This series is adjusted for breaks. Break-adjustment calculations follow the methodology outlined in the BIS Quarterly Review (2013). For further detail, see https://www.bis.org/publ/qtrpdf/r_qt1303z.htm","Bank of Mexico, Bank for International Settlements.",5B0,"Mexico - Central bank, assets, total, BIS-spliced, USD",,E,2003-07,78.849512731365,,F,A,
M,MX,B,USD,_Z,B,,From January 1977 onwards: monthly financial statements. Before 1977: annual financial statements.,BIS-spliced,The data in billions of US dollars are calculated using market exchange rates.,,3,9,,"This series is adjusted for breaks. Break-adjustment calculations follow the methodology outlined in the BIS Quarterly Review (2013). For further detail, see https://www.bis.org/publ/qtrpdf/r_qt1303z.htm","Bank of Mexico, Bank for International Settlements.",5B0,"Mexico - Central bank, assets, total, BIS-spliced, USD",,E,2003-08,76.255633058508,,F,A,
M,MX,B,USD,_Z,B,,From January 1977 onwards: monthly financial statements. Before 1977: annual financial statements.,BIS-spliced,The data in billions of US dollars are calculated using market exchange rates.,,3,9,,"This series is adjusted for breaks. Break-adjustment calculations follow the methodology outlined in the BIS Quarterly Review (2013). For further detail, see https://www.bis.org/publ/qtrpdf/r_qt1303z.htm","Bank of Mexico, Bank for International Settlements.",5B0,"Mexico - Central bank, assets, total, BIS-spliced, USD",,E,2003-09,77.982633199266,,F,A,
M,MX,B,USD,_Z,B,,From January 1977 onwards: monthly financial statements. Before 1977: annual financial statements.,BIS-spliced,The data in billions of US dollars are calculated using market exchange rates.,,3,9,,"This series is adjusted for breaks. Break-adjustment calculations follow the methodology outlined in the BIS Quarterly Review (2013). For further detail, see https://www.bis.org/publ/qtrpdf/r_qt1303z.htm","Bank of Mexico, Bank for International Settlements.",5B0,"Mexico - Central bank, assets, total, BIS-spliced, USD",,E,2003-10,78.544708909316,,F,A,
M,MX,B,USD,_Z,B,,From January 1977 onwards: monthly financial statements. Before 1977: annual financial statements.,BIS-spliced,The data in billions of US dollars are calculated using market exchange rates.,,3,9,,"This series is adjusted for breaks. Break-adjustment calculations follow the methodology outlined in the BIS Quarterly Review (2013). For further detail, see https://www.bis.org/publ/qtrpdf/r_qt1303z.htm","Bank of Mexico, Bank for International Settlements.",5B0,"Mexico - Central bank, assets, total, BIS-spliced, USD",,E,2003-11,78.114149016857,,F,A,
M,MX,B,USD,_Z,B,,From January 1977 onwards: monthly financial statements. Before 1977: annual financial statements.,BIS-spliced,The data in billions of US dollars are calculated using market exchange rates.,,3,9,,"This series is adjusted for breaks. Break-adjustment calculations follow the methodology outlined in the BIS Quarterly Review (2013). For further detail, see https://www.bis.org/publ/qtrpdf/r_qt1303z.htm","Bank of Mexico, Bank for International Settlements.",5B0,"Mexico - Central bank, assets, total, BIS-spliced, USD",,E,2003-12,79.74703145825,,F,A,
M,MX,B,USD,_Z,B,,From January 1977 onwards: monthly financial statements. Before 1977: annual financial statements.,BIS-spliced,The data in billions of US dollars are calculated using market exchange rates.,,3,9,,"This series is adjusted for breaks. Break-adjustment calculations follow the methodology outlined in the BIS Quarterly Review (2013). For further detail, see https://www.bis.org/publ/qtrpdf/r_qt1303z.htm","Bank of Mexico, Bank for International Settlements.",5B0,"Mexico - Central bank, assets, total, BIS-spliced, USD",,E,2004-01,76.816081897584,,F,A,
M,MX,B,USD,_Z,B,,From January 1977 onwards: monthly financial statements. Before 1977: annual financial statements.,BIS-spliced,The data in billions of US dollars are calculated using market exchange rates.,,3,9,,"This series is adjusted for breaks. Break-adjustment calculations follow the methodology outlined in the BIS Quarterly Review (2013). For further detail, see https://www.bis.org/publ/qtrpdf/r_qt1303z.htm","Bank of Mexico, Bank for International Settlements.",5B0,"Mexico - Central bank, assets, total, BIS-spliced, USD",,E,2004-02,79.255099642808,,F,A,
M,MX,B,USD,_Z,B,,From January 1977 onwards: monthly financial statements. Before 1977: annual financial statements.,BIS-spliced,The data in billions of US dollars are calculated using market exchange rates.,,3,9,,"This series is adjusted for breaks. Break-adjustment calculations follow the methodology outlined in the BIS Quarterly Review (2013). For further detail, see https://www.bis.org/publ/qtrpdf/r_qt1303z.htm","Bank of Mexico, Bank for International Settlements.",5B0,"Mexico - Central bank, assets, total, BIS-spliced, USD",,E,2004-03,79.878189635744,,F,A,
M,MX,B,USD,_Z,B,,From January 1977 onwards: monthly financial statements. Before 1977: annual financial statements.,BIS-spliced,The data in billions of US dollars are calculated using market exchange rates.,,3,9,,"This series is adjusted for breaks. Break-adjustment calculations follow the methodology outlined in the BIS Quarterly Review (2013). For further detail, see https://www.bis.org/publ/qtrpdf/r_qt1303z.htm","Bank of Mexico, Bank for International Settlements.",5B0,"Mexico - Central bank, assets, total, BIS-spliced, USD",,E,2004-04,82.730324103279,,F,A,
M,MX,B,USD,_Z,B,,From January 1977 onwards: monthly financial statements. Before 1977: annual financial statements.,BIS-spliced,The data in billions of US dollars are calculated using market exchange rates.,,3,9,,"This series is adjusted for breaks. Break-adjustment calculations follow the methodology outlined in the BIS Quarterly Review (2013). For further detail, see https://www.bis.org/publ/qtrpdf/r_qt1303z.htm","Bank of Mexico, Bank for International Settlements.",5B0,"Mexico - Central bank, assets, total, BIS-spliced, USD",,E,2004-05,84.023484468571,,F,A,
M,MX,B,USD,_Z,B,,From January 1977 onwards: monthly financial statements. Before 1977: annual financial statements.,BIS-spliced,The data in billions of US dollars are calculated using market exchange rates.,,3,9,,"This series is adjusted for breaks. Break-adjustment calculations follow the methodology outlined in the BIS Quarterly Review (2013). For further detail, see https://www.bis.org/publ/qtrpdf/r_qt1303z.htm","Bank of Mexico, Bank for International Settlements.",5B0,"Mexico - Central bank, assets, total, BIS-spliced, USD",,E,2004-06,81.390671053851,,F,A,
M,MX,B,USD,_Z,B,,From January 1977 onwards: monthly financial statements. Before 1977: annual financial statements.,BIS-spliced,The data in billions of US dollars are calculated using market exchange rates.,,3,9,,"This series is adjusted for breaks. Break-adjustment calculations follow the methodology outlined in the BIS Quarterly Review (2013). For further detail, see https://www.bis.org/publ/qtrpdf/r_qt1303z.htm","Bank of Mexico, Bank for International Settlements.",5B0,"Mexico - Central bank, assets, total, BIS-spliced, USD",,E,2004-07,80.89856854469,,F,A,
M,MX,B,USD,_Z,B,,From January 1977 onwards: monthly financial statements. Before 1977: annual financial statements.,BIS-spliced,The data in billions of US dollars are calculated using market exchange rates.,,3,9,,"This series is adjusted for breaks. Break-adjustment calculations follow the methodology outlined in the BIS Quarterly Review (2013). For further detail, see https://www.bis.org/publ/qtrpdf/r_qt1303z.htm","Bank of Mexico, Bank for International Settlements.",5B0,"Mexico - Central bank, assets, total, BIS-spliced, USD",,E,2004-08,81.711754847977,,F,A,
M,MX,B,USD,_Z,B,,From January 1977 onwards: monthly financial statements. Before 1977: annual financial statements.,BIS-spliced,The data in billions of US dollars are calculated using market exchange rates.,,3,9,,"This series is adjusted for breaks. Break-adjustment calculations follow the methodology outlined in the BIS Quarterly Review (2013). For further detail, see https://www.bis.org/publ/qtrpdf/r_qt1303z.htm","Bank of Mexico, Bank for International Settlements.",5B0,"Mexico - Central bank, assets, total, BIS-spliced, USD",,E,2004-09,76.49628135021,,F,A,
M,MX,B,USD,_Z,B,,From January 1977 onwards: monthly financial statements. Before 1977: annual financial statements.,BIS-spliced,The data in billions of US dollars are calculated using market exchange rates.,,3,9,,"This series is adjusted for breaks. Break-adjustment calculations follow the methodology outlined in the BIS Quarterly Review (2013). For further detail, see https://www.bis.org/publ/qtrpdf/r_qt1303z.htm","Bank of Mexico, Bank for International Settlements.",5B0,"Mexico - Central bank, assets, total, BIS-spliced, USD",,E,2004-10,76.057193159831,,F,A,
M,MX,B,USD,_Z,B,,From January 1977 onwards: monthly financial statements. Before 1977: annual financial statements.,BIS-spliced,The data in billions of US dollars are calculated using market exchange rates.,,3,9,,"This series is adjusted for breaks. Break-adjustment calculations follow the methodology outlined in the BIS Quarterly Review (2013). For further detail, see https://www.bis.org/publ/qtrpdf/r_qt1303z.htm","Bank of Mexico, Bank for International Settlements.",5B0,"Mexico - Central bank, assets, total, BIS-spliced, USD",,E,2004-11,79.591666655511,,F,A,
M,MX,B,USD,_Z,B,,From January 1977 onwards: monthly financial statements. Before 1977: annual financial statements.,BIS-spliced,The data in billions of US dollars are calculated using market exchange rates.,,3,9,,"This series is adjusted for breaks. Break-adjustment calculations follow the methodology outlined in the BIS Quarterly Review (2013). For further detail, see https://www.bis.org/publ/qtrpdf/r_qt1303z.htm","Bank of Mexico, Bank for International Settlements.",5B0,"Mexico - Central bank, assets, total, BIS-spliced, USD",,E,2004-12,84.57438923375,,F,A,
M,MX,B,USD,_Z,B,,From January 1977 onwards: monthly financial statements. Before 1977: annual financial statements.,BIS-spliced,The data in billions of US dollars are calculated using market exchange rates.,,3,9,,"This series is adjusted for breaks. Break-adjustment calculations follow the methodology outlined in the BIS Quarterly Review (2013). For further detail, see https://www.bis.org/publ/qtrpdf/r_qt1303z.htm","Bank of Mexico, Bank for International Settlements.",5B0,"Mexico - Central bank, assets, total, BIS-spliced, USD",,E,2005-01,82.110550568542,,F,A,
M,MX,B,USD,_Z,B,,From January 1977 onwards: monthly financial statements. Before 1977: annual financial statements.,BIS-spliced,The data in billions of US dollars are calculated using market exchange rates.,,3,9,,"This series is adjusted for breaks. Break-adjustment calculations follow the methodology outlined in the BIS Quarterly Review (2013). For further detail, see https://www.bis.org/publ/qtrpdf/r_qt1303z.htm","Bank of Mexico, Bank for International Settlements.",5B0,"Mexico - Central bank, assets, total, BIS-spliced, USD",,E,2005-02,81.766646233126,,F,A,
M,MX,B,USD,_Z,B,,From January 1977 onwards: monthly financial statements. Before 1977: annual financial statements.,BIS-spliced,The data in billions of US dollars are calculated using market exchange rates.,,3,9,,"This series is adjusted for breaks. Break-adjustment calculations follow the methodology outlined in the BIS Quarterly Review (2013). For further detail, see https://www.bis.org/publ/qtrpdf/r_qt1303z.htm","Bank of Mexico, Bank for International Settlements.",5B0,"Mexico - Central bank, assets, total, BIS-spliced, USD",,E,2005-03,82.61831407579,,F,A,
M,MX,B,USD,_Z,B,,From January 1977 onwards: monthly financial statements. Before 1977: annual financial statements.,BIS-spliced,The data in billions of US dollars are calculated using market exchange rates.,,3,9,,"This series is adjusted for breaks. Break-adjustment calculations follow the methodology outlined in the BIS Quarterly Review (2013). For further detail, see https://www.bis.org/publ/qtrpdf/r_qt1303z.htm","Bank of Mexico, Bank for International Settlements.",5B0,"Mexico - Central bank, assets, total, BIS-spliced, USD",,E,2005-04,85.213404660486,,F,A,
M,MX,B,USD,_Z,B,,From January 1977 onwards: monthly financial statements. Before 1977: annual financial statements.,BIS-spliced,The data in billions of US dollars are calculated using market exchange rates.,,3,9,,"This series is adjusted for breaks. Break-adjustment calculations follow the methodology outlined in the BIS Quarterly Review (2013). For further detail, see https://www.bis.org/publ/qtrpdf/r_qt1303z.htm","Bank of Mexico, Bank for International Settlements.",5B0,"Mexico - Central bank, assets, total, BIS-spliced, USD",,E,2005-05,85.629148549214,,F,A,
M,MX,B,USD,_Z,B,,From January 1977 onwards: monthly financial statements. Before 1977: annual financial statements.,BIS-spliced,The data in billions of US dollars are calculated using market exchange rates.,,3,9,,"This series is adjusted for breaks. Break-adjustment calculations follow the methodology outlined in the BIS Quarterly Review (2013). For further detail, see https://www.bis.org/publ/qtrpdf/r_qt1303z.htm","Bank of Mexico, Bank for International Settlements.",5B0,"Mexico - Central bank, assets, total, BIS-spliced, USD",,E,2005-06,82.070078276923,,F,A,
M,MX,B,USD,_Z,B,,From January 1977 onwards: monthly financial statements. Before 1977: annual financial statements.,BIS-spliced,The data in billions of US dollars are calculated using market exchange rates.,,3,9,,"This series is adjusted for breaks. Break-adjustment calculations follow the methodology outlined in the BIS Quarterly Review (2013). For further detail, see https://www.bis.org/publ/qtrpdf/r_qt1303z.htm","Bank of Mexico, Bank for International Settlements.",5B0,"Mexico - Central bank, assets, total, BIS-spliced, USD",,E,2005-07,81.168090700559,,F,A,
M,MX,B,USD,_Z,B,,From January 1977 onwards: monthly financial statements. Before 1977: annual financial statements.,BIS-spliced,The data in billions of US dollars are calculated using market exchange rates.,,3,9,,"This series is adjusted for breaks. Break-adjustment calculations follow the methodology outlined in the BIS Quarterly Review (2013). For further detail, see https://www.bis.org/publ/qtrpdf/r_qt1303z.htm","Bank of Mexico, Bank for International Settlements.",5B0,"Mexico - Central bank, assets, total, BIS-spliced, USD",,E,2005-08,82.147665736937,,F,A,
M,MX,B,USD,_Z,B,,From January 1977 onwards: monthly financial statements. Before 1977: annual financial statements.,BIS-spliced,The data in billions of US dollars are calculated using market exchange rates.,,3,9,,"This series is adjusted for breaks. Break-adjustment calculations follow the methodology outlined in the BIS Quarterly Review (2013). For further detail, see https://www.bis.org/publ/qtrpdf/r_qt1303z.htm","Bank of Mexico, Bank for International Settlements.",5B0,"Mexico - Central bank, assets, total, BIS-spliced, USD",,E,2005-09,83.881220437641,,F,A,
M,MX,B,USD,_Z,B,,From January 1977 onwards: monthly financial statements. Before 1977: annual financial statements.,BIS-spliced,The data in billions of US dollars are calculated using market exchange rates.,,3,9,,"This series is adjusted for breaks. Break-adjustment calculations follow the methodology outlined in the BIS Quarterly Review (2013). For further detail, see https://www.bis.org/publ/qtrpdf/r_qt1303z.htm","Bank of Mexico, Bank for International Settlements.",5B0,"Mexico - Central bank, assets, total, BIS-spliced, USD",,E,2005-10,85.420774921837,,F,A,
M,MX,B,USD,_Z,B,,From January 1977 onwards: monthly financial statements. Before 1977: annual financial statements.,BIS-spliced,The data in billions of US dollars are calculated using market exchange rates.,,3,9,,"This series is adjusted for breaks. Break-adjustment calculations follow the methodology outlined in the BIS Quarterly Review (2013). For further detail, see https://www.bis.org/publ/qtrpdf/r_qt1303z.htm","Bank of Mexico, Bank for International Settlements.",5B0,"Mexico - Central bank, assets, total, BIS-spliced, USD",,E,2005-11,87.0362466966,,F,A,
M,MX,B,USD,_Z,B,,From January 1977 onwards: monthly financial statements. Before 1977: annual financial statements.,BIS-spliced,The data in billions of US dollars are calculated using market exchange rates.,,3,9,,"This series is adjusted for breaks. Break-adjustment calculations follow the methodology outlined in the BIS Quarterly Review (2013). For further detail, see https://www.bis.org/publ/qtrpdf/r_qt1303z.htm","Bank of Mexico, Bank for International Settlements.",5B0,"Mexico - Central bank, assets, total, BIS-spliced, USD",,E,2005-12,93.919556465124,,F,A,
M,MX,B,USD,_Z,B,,From January 1977 onwards: monthly financial statements. Before 1977: annual financial statements.,BIS-spliced,The data in billions of US dollars are calculated using market exchange rates.,,3,9,,"This series is adjusted for breaks. Break-adjustment calculations follow the methodology outlined in the BIS Quarterly Review (2013). For further detail, see https://www.bis.org/publ/qtrpdf/r_qt1303z.htm","Bank of Mexico, Bank for International Settlements.",5B0,"Mexico - Central bank, assets, total, BIS-spliced, USD",,E,2006-01,88.782622384144,,F,A,
M,MX,B,USD,_Z,B,,From January 1977 onwards: monthly financial statements. Before 1977: annual financial statements.,BIS-spliced,The data in billions of US dollars are calculated using market exchange rates.,,3,9,,"This series is adjusted for breaks. Break-adjustment calculations follow the methodology outlined in the BIS Quarterly Review (2013). For further detail, see https://www.bis.org/publ/qtrpdf/r_qt1303z.htm","Bank of Mexico, Bank for International Settlements.",5B0,"Mexico - Central bank, assets, total, BIS-spliced, USD",,E,2006-02,89.026834457936,,F,A,
M,MX,B,USD,_Z,B,,From January 1977 onwards: monthly financial statements. Before 1977: annual financial statements.,BIS-spliced,The data in billions of US dollars are calculated using market exchange rates.,,3,9,,"This series is adjusted for breaks. Break-adjustment calculations follow the methodology outlined in the BIS Quarterly Review (2013). For further detail, see https://www.bis.org/publ/qtrpdf/r_qt1303z.htm","Bank of Mexico, Bank for International Settlements.",5B0,"Mexico - Central bank, assets, total, BIS-spliced, USD",,E,2006-03,86.178952392482,,F,A,
M,MX,B,USD,_Z,B,,From January 1977 onwards: monthly financial statements. Before 1977: annual financial statements.,BIS-spliced,The data in billions of US dollars are calculated using market exchange rates.,,3,9,,"This series is adjusted for breaks. Break-adjustment calculations follow the methodology outlined in the BIS Quarterly Review (2013). For further detail, see https://www.bis.org/publ/qtrpdf/r_qt1303z.htm","Bank of Mexico, Bank for International Settlements.",5B0,"Mexico - Central bank, assets, total, BIS-spliced, USD",,E,2006-04,94.228000609861,,F,A,
M,MX,B,USD,_Z,B,,From January 1977 onwards: monthly financial statements. Before 1977: annual financial statements.,BIS-spliced,The data in billions of US dollars are calculated using market exchange rates.,,3,9,,"This series is adjusted for breaks. Break-adjustment calculations follow the methodology outlined in the BIS Quarterly Review (2013). For further detail, see https://www.bis.org/publ/qtrpdf/r_qt1303z.htm","Bank of Mexico, Bank for International Settlements.",5B0,"Mexico - Central bank, assets, total, BIS-spliced, USD",,E,2006-05,98.845793164375,,F,A,
M,MX,B,USD,_Z,B,,From January 1977 onwards: monthly financial statements. Before 1977: annual financial statements.,BIS-spliced,The data in billions of US dollars are calculated using market exchange rates.,,3,9,,"This series is adjusted for breaks. Break-adjustment calculations follow the methodology outlined in the BIS Quarterly Review (2013). For further detail, see https://www.bis.org/publ/qtrpdf/r_qt1303z.htm","Bank of Mexico, Bank for International Settlements.",5B0,"Mexico - Central bank, assets, total, BIS-spliced, USD",,E,2006-06,98.939666356089,,F,A,
M,MX,B,USD,_Z,B,,From January 1977 onwards: monthly financial statements. Before 1977: annual financial statements.,BIS-spliced,The data in billions of US dollars are calculated using market exchange rates.,,3,9,,"This series is adjusted for breaks. Break-adjustment calculations follow the methodology outlined in the BIS Quarterly Review (2013). For further detail, see https://www.bis.org/publ/qtrpdf/r_qt1303z.htm","Bank of Mexico, Bank for International Settlements.",5B0,"Mexico - Central bank, assets, total, BIS-spliced, USD",,E,2006-07,102.22103296307,,F,A,
M,MX,B,USD,_Z,B,,From January 1977 onwards: monthly financial statements. Before 1977: annual financial statements.,BIS-spliced,The data in billions of US dollars are calculated using market exchange rates.,,3,9,,"This series is adjusted for breaks. Break-adjustment calculations follow the methodology outlined in the BIS Quarterly Review (2013). For further detail, see https://www.bis.org/publ/qtrpdf/r_qt1303z.htm","Bank of Mexico, Bank for International Settlements.",5B0,"Mexico - Central bank, assets, total, BIS-spliced, USD",,E,2006-08,88.781315583561,,F,A,
M,MX,B,USD,_Z,B,,From January 1977 onwards: monthly financial statements. Before 1977: annual financial statements.,BIS-spliced,The data in billions of US dollars are calculated using market exchange rates.,,3,9,,"This series is adjusted for breaks. Break-adjustment calculations follow the methodology outlined in the BIS Quarterly Review (2013). For further detail, see https://www.bis.org/publ/qtrpdf/r_qt1303z.htm","Bank of Mexico, Bank for International Settlements.",5B0,"Mexico - Central bank, assets, total, BIS-spliced, USD",,E,2006-09,94.411498029192,,F,A,
M,MX,B,USD,_Z,B,,From January 1977 onwards: monthly financial statements. Before 1977: annual financial statements.,BIS-spliced,The data in billions of US dollars are calculated using market exchange rates.,,3,9,,"This series is adjusted for breaks. Break-adjustment calculations follow the methodology outlined in the BIS Quarterly Review (2013). For further detail, see https://www.bis.org/publ/qtrpdf/r_qt1303z.htm","Bank of Mexico, Bank for International Settlements.",5B0,"Mexico - Central bank, assets, total, BIS-spliced, USD",,E,2006-10,98.421886952702,,F,A,
M,MX,B,USD,_Z,B,,From January 1977 onwards: monthly financial statements. Before 1977: annual financial statements.,BIS-spliced,The data in billions of US dollars are calculated using market exchange rates.,,3,9,,"This series is adjusted for breaks. Break-adjustment calculations follow the methodology outlined in the BIS Quarterly Review (2013). For further detail, see https://www.bis.org/publ/qtrpdf/r_qt1303z.htm","Bank of Mexico, Bank for International Settlements.",5B0,"Mexico - Central bank, assets, total, BIS-spliced, USD",,E,2006-11,103.14594594595,,F,A,
M,MX,B,USD,_Z,B,,From January 1977 onwards: monthly financial statements. Before 1977: annual financial statements.,BIS-spliced,The data in billions of US dollars are calculated using market exchange rates.,,3,9,,"This series is adjusted for breaks. Break-adjustment calculations follow the methodology outlined in the BIS Quarterly Review (2013). For further detail, see https://www.bis.org/publ/qtrpdf/r_qt1303z.htm","Bank of Mexico, Bank for International Settlements.",5B0,"Mexico - Central bank, assets, total, BIS-spliced, USD",,E,2006-12,101.14446455189,,F,A,
M,MX,B,USD,_Z,B,,From January 1977 onwards: monthly financial statements. Before 1977: annual financial statements.,BIS-spliced,The data in billions of US dollars are calculated using market exchange rates.,,3,9,,"This series is adjusted for breaks. Break-adjustment calculations follow the methodology outlined in the BIS Quarterly Review (2013). For further detail, see https://www.bis.org/publ/qtrpdf/r_qt1303z.htm","Bank of Mexico, Bank for International Settlements.",5B0,"Mexico - Central bank, assets, total, BIS-spliced, USD",,E,2007-01,94.771105424298,,F,A,
M,MX,B,USD,_Z,B,,From January 1977 onwards: monthly financial statements. Before 1977: annual financial statements.,BIS-spliced,The data in billions of US dollars are calculated using market exchange rates.,,3,9,,"This series is adjusted for breaks. Break-adjustment calculations follow the methodology outlined in the BIS Quarterly Review (2013). For further detail, see https://www.bis.org/publ/qtrpdf/r_qt1303z.htm","Bank of Mexico, Bank for International Settlements.",5B0,"Mexico - Central bank, assets, total, BIS-spliced, USD",,E,2007-02,95.611895593473,,F,A,
M,MX,B,USD,_Z,B,,From January 1977 onwards: monthly financial statements. Before 1977: annual financial statements.,BIS-spliced,The data in billions of US dollars are calculated using market exchange rates.,,3,9,,"This series is adjusted for breaks. Break-adjustment calculations follow the methodology outlined in the BIS Quarterly Review (2013). For further detail, see https://www.bis.org/publ/qtrpdf/r_qt1303z.htm","Bank of Mexico, Bank for International Settlements.",5B0,"Mexico - Central bank, assets, total, BIS-spliced, USD",,E,2007-03,97.783066563869,,F,A,
M,MX,B,USD,_Z,B,,From January 1977 onwards: monthly financial statements. Before 1977: annual financial statements.,BIS-spliced,The data in billions of US dollars are calculated using market exchange rates.,,3,9,,"This series is adjusted for breaks. Break-adjustment calculations follow the methodology outlined in the BIS Quarterly Review (2013). For further detail, see https://www.bis.org/publ/qtrpdf/r_qt1303z.htm","Bank of Mexico, Bank for International Settlements.",5B0,"Mexico - Central bank, assets, total, BIS-spliced, USD",,E,2007-04,104.32253331675,,F,A,
M,MX,B,USD,_Z,B,,From January 1977 onwards: monthly financial statements. Before 1977: annual financial statements.,BIS-spliced,The data in billions of US dollars are calculated using market exchange rates.,,3,9,,"This series is adjusted for breaks. Break-adjustment calculations follow the methodology outlined in the BIS Quarterly Review (2013). For further detail, see https://www.bis.org/publ/qtrpdf/r_qt1303z.htm","Bank of Mexico, Bank for International Settlements.",5B0,"Mexico - Central bank, assets, total, BIS-spliced, USD",,E,2007-05,111.00289518576,,F,A,
M,MX,B,USD,_Z,B,,From January 1977 onwards: monthly financial statements. Before 1977: annual financial statements.,BIS-spliced,The data in billions of US dollars are calculated using market exchange rates.,,3,9,,"This series is adjusted for breaks. Break-adjustment calculations follow the methodology outlined in the BIS Quarterly Review (2013). For further detail, see https://www.bis.org/publ/qtrpdf/r_qt1303z.htm","Bank of Mexico, Bank for International Settlements.",5B0,"Mexico - Central bank, assets, total, BIS-spliced, USD",,E,2007-06,104.36016600893,,F,A,
M,MX,B,USD,_Z,B,,From January 1977 onwards: monthly financial statements. Before 1977: annual financial statements.,BIS-spliced,The data in billions of US dollars are calculated using market exchange rates.,,3,9,,"This series is adjusted for breaks. Break-adjustment calculations follow the methodology outlined in the BIS Quarterly Review (2013). For further detail, see https://www.bis.org/publ/qtrpdf/r_qt1303z.htm","Bank of Mexico, Bank for International Settlements.",5B0,"Mexico - Central bank, assets, total, BIS-spliced, USD",,E,2007-07,107.63241054351,,F,A,
M,MX,B,USD,_Z,B,,From January 1977 onwards: monthly financial statements. Before 1977: annual financial statements.,BIS-spliced,The data in billions of US dollars are calculated using market exchange rates.,,3,9,,"This series is adjusted for breaks. Break-adjustment calculations follow the methodology outlined in the BIS Quarterly Review (2013). For further detail, see https://www.bis.org/publ/qtrpdf/r_qt1303z.htm","Bank of Mexico, Bank for International Settlements.",5B0,"Mexico - Central bank, assets, total, BIS-spliced, USD",,E,2007-08,103.3608921292,,F,A,
M,MX,B,USD,_Z,B,,From January 1977 onwards: monthly financial statements. Before 1977: annual financial statements.,BIS-spliced,The data in billions of US dollars are calculated using market exchange rates.,,3,9,,"This series is adjusted for breaks. Break-adjustment calculations follow the methodology outlined in the BIS Quarterly Review (2013). For further detail, see https://www.bis.org/publ/qtrpdf/r_qt1303z.htm","Bank of Mexico, Bank for International Settlements.",5B0,"Mexico - Central bank, assets, total, BIS-spliced, USD",,E,2007-09,103.41513665502,,F,A,
M,MX,B,USD,_Z,B,,From January 1977 onwards: monthly financial statements. Before 1977: annual financial statements.,BIS-spliced,The data in billions of US dollars are calculated using market exchange rates.,,3,9,,"This series is adjusted for breaks. Break-adjustment calculations follow the methodology outlined in the BIS Quarterly Review (2013). For further detail, see https://www.bis.org/publ/qtrpdf/r_qt1303z.htm","Bank of Mexico, Bank for International Settlements.",5B0,"Mexico - Central bank, assets, total, BIS-spliced, USD",,E,2007-10,109.43402545882,,F,A,
M,MX,B,USD,_Z,B,,From January 1977 onwards: monthly financial statements. Before 1977: annual financial statements.,BIS-spliced,The data in billions of US dollars are calculated using market exchange rates.,,3,9,,"This series is adjusted for breaks. Break-adjustment calculations follow the methodology outlined in the BIS Quarterly Review (2013). For further detail, see https://www.bis.org/publ/qtrpdf/r_qt1303z.htm","Bank of Mexico, Bank for International Settlements.",5B0,"Mexico - Central bank, assets, total, BIS-spliced, USD",,E,2007-11,112.14647406537,,F,A,
M,MX,B,USD,_Z,B,,From January 1977 onwards: monthly financial statements. Before 1977: annual financial statements.,BIS-spliced,The data in billions of US dollars are calculated using market exchange rates.,,3,9,,"This series is adjusted for breaks. Break-adjustment calculations follow the methodology outlined in the BIS Quarterly Review (2013). For further detail, see https://www.bis.org/publ/qtrpdf/r_qt1303z.htm","Bank of Mexico, Bank for International Settlements.",5B0,"Mexico - Central bank, assets, total, BIS-spliced, USD",,E,2007-12,108.24823926785,,F,A,
M,MX,B,USD,_Z,B,,From January 1977 onwards: monthly financial statements. Before 1977: annual financial statements.,BIS-spliced,The data in billions of US dollars are calculated using market exchange rates.,,3,9,,"This series is adjusted for breaks. Break-adjustment calculations follow the methodology outlined in the BIS Quarterly Review (2013). For further detail, see https://www.bis.org/publ/qtrpdf/r_qt1303z.htm","Bank of Mexico, Bank for International Settlements.",5B0,"Mexico - Central bank, assets, total, BIS-spliced, USD",,E,2008-01,108.01189822891,,F,A,
M,MX,B,USD,_Z,B,,From January 1977 onwards: monthly financial statements. Before 1977: annual financial statements.,BIS-spliced,The data in billions of US dollars are calculated using market exchange rates.,,3,9,,"This series is adjusted for breaks. Break-adjustment calculations follow the methodology outlined in the BIS Quarterly Review (2013). For further detail, see https://www.bis.org/publ/qtrpdf/r_qt1303z.htm","Bank of Mexico, Bank for International Settlements.",5B0,"Mexico - Central bank, assets, total, BIS-spliced, USD",,E,2008-02,110.89033745989,,F,A,
M,MX,B,USD,_Z,B,,From January 1977 onwards: monthly financial statements. Before 1977: annual financial statements.,BIS-spliced,The data in billions of US dollars are calculated using market exchange rates.,,3,9,,"This series is adjusted for breaks. Break-adjustment calculations follow the methodology outlined in the BIS Quarterly Review (2013). For further detail, see https://www.bis.org/publ/qtrpdf/r_qt1303z.htm","Bank of Mexico, Bank for International Settlements.",5B0,"Mexico - Central bank, assets, total, BIS-spliced, USD",,E,2008-03,115.34330139718,,F,A,
M,MX,B,USD,_Z,B,,From January 1977 onwards: monthly financial statements. Before 1977: annual financial statements.,BIS-spliced,The data in billions of US dollars are calculated using market exchange rates.,,3,9,,"This series is adjusted for breaks. Break-adjustment calculations follow the methodology outlined in the BIS Quarterly Review (2013). For further detail, see https://www.bis.org/publ/qtrpdf/r_qt1303z.htm","Bank of Mexico, Bank for International Settlements.",5B0,"Mexico - Central bank, assets, total, BIS-spliced, USD",,E,2008-04,117.82547173848,,F,A,
M,MX,B,USD,_Z,B,,From January 1977 onwards: monthly financial statements. Before 1977: annual financial statements.,BIS-spliced,The data in billions of US dollars are calculated using market exchange rates.,,3,9,,"This series is adjusted for breaks. Break-adjustment calculations follow the methodology outlined in the BIS Quarterly Review (2013). For further detail, see https://www.bis.org/publ/qtrpdf/r_qt1303z.htm","Bank of Mexico, Bank for International Settlements.",5B0,"Mexico - Central bank, assets, total, BIS-spliced, USD",,E,2008-05,118.43460713906,,F,A,
M,MX,B,USD,_Z,B,,From January 1977 onwards: monthly financial statements. Before 1977: annual financial statements.,BIS-spliced,The data in billions of US dollars are calculated using market exchange rates.,,3,9,,"This series is adjusted for breaks. Break-adjustment calculations follow the methodology outlined in the BIS Quarterly Review (2013). For further detail, see https://www.bis.org/publ/qtrpdf/r_qt1303z.htm","Bank of Mexico, Bank for International Settlements.",5B0,"Mexico - Central bank, assets, total, BIS-spliced, USD",,E,2008-06,116.5209010339,,F,A,
M,MX,B,USD,_Z,B,,From January 1977 onwards: monthly financial statements. Before 1977: annual financial statements.,BIS-spliced,The data in billions of US dollars are calculated using market exchange rates.,,3,9,,"This series is adjusted for breaks. Break-adjustment calculations follow the methodology outlined in the BIS Quarterly Review (2013). For further detail, see https://www.bis.org/publ/qtrpdf/r_qt1303z.htm","Bank of Mexico, Bank for International Settlements.",5B0,"Mexico - Central bank, assets, total, BIS-spliced, USD",,E,2008-07,113.79183597122,,F,A,
M,MX,B,USD,_Z,B,,From January 1977 onwards: monthly financial statements. Before 1977: annual financial statements.,BIS-spliced,The data in billions of US dollars are calculated using market exchange rates.,,3,9,,"This series is adjusted for breaks. Break-adjustment calculations follow the methodology outlined in the BIS Quarterly Review (2013). For further detail, see https://www.bis.org/publ/qtrpdf/r_qt1303z.htm","Bank of Mexico, Bank for International Settlements.",5B0,"Mexico - Central bank, assets, total, BIS-spliced, USD",,E,2008-08,114.7126088683,,F,A,
M,MX,B,USD,_Z,B,,From January 1977 onwards: monthly financial statements. Before 1977: annual financial statements.,BIS-spliced,The data in billions of US dollars are calculated using market exchange rates.,,3,9,,"This series is adjusted for breaks. Break-adjustment calculations follow the methodology outlined in the BIS Quarterly Review (2013). For further detail, see https://www.bis.org/publ/qtrpdf/r_qt1303z.htm","Bank of Mexico, Bank for International Settlements.",5B0,"Mexico - Central bank, assets, total, BIS-spliced, USD",,E,2008-09,115.19501440882,,F,A,
M,MX,B,USD,_Z,B,,From January 1977 onwards: monthly financial statements. Before 1977: annual financial statements.,BIS-spliced,The data in billions of US dollars are calculated using market exchange rates.,,3,9,,"This series is adjusted for breaks. Break-adjustment calculations follow the methodology outlined in the BIS Quarterly Review (2013). For further detail, see https://www.bis.org/publ/qtrpdf/r_qt1303z.htm","Bank of Mexico, Bank for International Settlements.",5B0,"Mexico - Central bank, assets, total, BIS-spliced, USD",,E,2008-10,108.24361245555,,F,A,
M,MX,B,USD,_Z,B,,From January 1977 onwards: monthly financial statements. Before 1977: annual financial statements.,BIS-spliced,The data in billions of US dollars are calculated using market exchange rates.,,3,9,,"This series is adjusted for breaks. Break-adjustment calculations follow the methodology outlined in the BIS Quarterly Review (2013). For further detail, see https://www.bis.org/publ/qtrpdf/r_qt1303z.htm","Bank of Mexico, Bank for International Settlements.",5B0,"Mexico - Central bank, assets, total, BIS-spliced, USD",,E,2008-11,112.02037846954,,F,A,
M,MX,B,USD,_Z,B,,From January 1977 onwards: monthly financial statements. Before 1977: annual financial statements.,BIS-spliced,The data in billions of US dollars are calculated using market exchange rates.,,3,9,,"This series is adjusted for breaks. Break-adjustment calculations follow the methodology outlined in the BIS Quarterly Review (2013). For further detail, see https://www.bis.org/publ/qtrpdf/r_qt1303z.htm","Bank of Mexico, Bank for International Settlements.",5B0,"Mexico - Central bank, assets, total, BIS-spliced, USD",,E,2008-12,111.74613011808,,F,A,
M,MX,B,USD,_Z,B,,From January 1977 onwards: monthly financial statements. Before 1977: annual financial statements.,BIS-spliced,The data in billions of US dollars are calculated using market exchange rates.,,3,9,,"This series is adjusted for breaks. Break-adjustment calculations follow the methodology outlined in the BIS Quarterly Review (2013). For further detail, see https://www.bis.org/publ/qtrpdf/r_qt1303z.htm","Bank of Mexico, Bank for International Settlements.",5B0,"Mexico - Central bank, assets, total, BIS-spliced, USD",,E,2009-01,105.20459130435,,F,A,
M,MX,B,USD,_Z,B,,From January 1977 onwards: monthly financial statements. Before 1977: annual financial statements.,BIS-spliced,The data in billions of US dollars are calculated using market exchange rates.,,3,9,,"This series is adjusted for breaks. Break-adjustment calculations follow the methodology outlined in the BIS Quarterly Review (2013). For further detail, see https://www.bis.org/publ/qtrpdf/r_qt1303z.htm","Bank of Mexico, Bank for International Settlements.",5B0,"Mexico - Central bank, assets, total, BIS-spliced, USD",,E,2009-02,100.40207662891,,F,A,
M,MX,B,USD,_Z,B,,From January 1977 onwards: monthly financial statements. Before 1977: annual financial statements.,BIS-spliced,The data in billions of US dollars are calculated using market exchange rates.,,3,9,,"This series is adjusted for breaks. Break-adjustment calculations follow the methodology outlined in the BIS Quarterly Review (2013). For further detail, see https://www.bis.org/publ/qtrpdf/r_qt1303z.htm","Bank of Mexico, Bank for International Settlements.",5B0,"Mexico - Central bank, assets, total, BIS-spliced, USD",,E,2009-03,108.87049506724,,F,A,
M,MX,B,USD,_Z,B,,From January 1977 onwards: monthly financial statements. Before 1977: annual financial statements.,BIS-spliced,The data in billions of US dollars are calculated using market exchange rates.,,3,9,,"This series is adjusted for breaks. Break-adjustment calculations follow the methodology outlined in the BIS Quarterly Review (2013). For further detail, see https://www.bis.org/publ/qtrpdf/r_qt1303z.htm","Bank of Mexico, Bank for International Settlements.",5B0,"Mexico - Central bank, assets, total, BIS-spliced, USD",,E,2009-04,115.92155206341,,F,A,
M,MX,B,USD,_Z,B,,From January 1977 onwards: monthly financial statements. Before 1977: annual financial statements.,BIS-spliced,The data in billions of US dollars are calculated using market exchange rates.,,3,9,,"This series is adjusted for breaks. Break-adjustment calculations follow the methodology outlined in the BIS Quarterly Review (2013). For further detail, see https://www.bis.org/publ/qtrpdf/r_qt1303z.htm","Bank of Mexico, Bank for International Settlements.",5B0,"Mexico - Central bank, assets, total, BIS-spliced, USD",,E,2009-05,119.03579075621,,F,A,
M,MX,B,USD,_Z,B,,From January 1977 onwards: monthly financial statements. Before 1977: annual financial statements.,BIS-spliced,The data in billions of US dollars are calculated using market exchange rates.,,3,9,,"This series is adjusted for breaks. Break-adjustment calculations follow the methodology outlined in the BIS Quarterly Review (2013). For further detail, see https://www.bis.org/publ/qtrpdf/r_qt1303z.htm","Bank of Mexico, Bank for International Settlements.",5B0,"Mexico - Central bank, assets, total, BIS-spliced, USD",,E,2009-06,113.37092590696,,F,A,
M,MX,B,USD,_Z,B,,From January 1977 onwards: monthly financial statements. Before 1977: annual financial statements.,BIS-spliced,The data in billions of US dollars are calculated using market exchange rates.,,3,9,,"This series is adjusted for breaks. Break-adjustment calculations follow the methodology outlined in the BIS Quarterly Review (2013). For further detail, see https://www.bis.org/publ/qtrpdf/r_qt1303z.htm","Bank of Mexico, Bank for International Settlements.",5B0,"Mexico - Central bank, assets, total, BIS-spliced, USD",,E,2009-07,115.45359294614,,F,A,
M,MX,B,USD,_Z,B,,From January 1977 onwards: monthly financial statements. Before 1977: annual financial statements.,BIS-spliced,The data in billions of US dollars are calculated using market exchange rates.,,3,9,,"This series is adjusted for breaks. Break-adjustment calculations follow the methodology outlined in the BIS Quarterly Review (2013). For further detail, see https://www.bis.org/publ/qtrpdf/r_qt1303z.htm","Bank of Mexico, Bank for International Settlements.",5B0,"Mexico - Central bank, assets, total, BIS-spliced, USD",,E,2009-08,118.92663166637,,F,A,
M,MX,B,USD,_Z,B,,From January 1977 onwards: monthly financial statements. Before 1977: annual financial statements.,BIS-spliced,The data in billions of US dollars are calculated using market exchange rates.,,3,9,,"This series is adjusted for breaks. Break-adjustment calculations follow the methodology outlined in the BIS Quarterly Review (2013). For further detail, see https://www.bis.org/publ/qtrpdf/r_qt1303z.htm","Bank of Mexico, Bank for International Settlements.",5B0,"Mexico - Central bank, assets, total, BIS-spliced, USD",,E,2009-09,120.31444747637,,F,A,
M,MX,B,USD,_Z,B,,From January 1977 onwards: monthly financial statements. Before 1977: annual financial statements.,BIS-spliced,The data in billions of US dollars are calculated using market exchange rates.,,3,9,,"This series is adjusted for breaks. Break-adjustment calculations follow the methodology outlined in the BIS Quarterly Review (2013). For further detail, see https://www.bis.org/publ/qtrpdf/r_qt1303z.htm","Bank of Mexico, Bank for International Settlements.",5B0,"Mexico - Central bank, assets, total, BIS-spliced, USD",,E,2009-10,120.76430486404,,F,A,
M,MX,B,USD,_Z,B,,From January 1977 onwards: monthly financial statements. Before 1977: annual financial statements.,BIS-spliced,The data in billions of US dollars are calculated using market exchange rates.,,3,9,,"This series is adjusted for breaks. Break-adjustment calculations follow the methodology outlined in the BIS Quarterly Review (2013). For further detail, see https://www.bis.org/publ/qtrpdf/r_qt1303z.htm","Bank of Mexico, Bank for International Settlements.",5B0,"Mexico - Central bank, assets, total, BIS-spliced, USD",,E,2009-11,124.92197899311,,F,A,
M,MX,B,USD,_Z,B,,From January 1977 onwards: monthly financial statements. Before 1977: annual financial statements.,BIS-spliced,The data in billions of US dollars are calculated using market exchange rates.,,3,9,,"This series is adjusted for breaks. Break-adjustment calculations follow the methodology outlined in the BIS Quarterly Review (2013). For further detail, see https://www.bis.org/publ/qtrpdf/r_qt1303z.htm","Bank of Mexico, Bank for International Settlements.",5B0,"Mexico - Central bank, assets, total, BIS-spliced, USD",,E,2009-12,122.24319663043,,F,A,
M,MX,B,USD,_Z,B,,From January 1977 onwards: monthly financial statements. Before 1977: annual financial statements.,BIS-spliced,The data in billions of US dollars are calculated using market exchange rates.,,3,9,,"This series is adjusted for breaks. Break-adjustment calculations follow the methodology outlined in the BIS Quarterly Review (2013). For further detail, see https://www.bis.org/publ/qtrpdf/r_qt1303z.htm","Bank of Mexico, Bank for International Settlements.",5B0,"Mexico - Central bank, assets, total, BIS-spliced, USD",,E,2010-01,119.97629854816,,F,A,
M,MX,B,USD,_Z,B,,From January 1977 onwards: monthly financial statements. Before 1977: annual financial statements.,BIS-spliced,The data in billions of US dollars are calculated using market exchange rates.,,3,9,,"This series is adjusted for breaks. Break-adjustment calculations follow the methodology outlined in the BIS Quarterly Review (2013). For further detail, see https://www.bis.org/publ/qtrpdf/r_qt1303z.htm","Bank of Mexico, Bank for International Settlements.",5B0,"Mexico - Central bank, assets, total, BIS-spliced, USD",,E,2010-02,121.10647867451,,F,A,
M,MX,B,USD,_Z,B,,From January 1977 onwards: monthly financial statements. Before 1977: annual financial statements.,BIS-spliced,The data in billions of US dollars are calculated using market exchange rates.,,3,9,,"This series is adjusted for breaks. Break-adjustment calculations follow the methodology outlined in the BIS Quarterly Review (2013). For further detail, see https://www.bis.org/publ/qtrpdf/r_qt1303z.htm","Bank of Mexico, Bank for International Settlements.",5B0,"Mexico - Central bank, assets, total, BIS-spliced, USD",,E,2010-03,125.14658319776,,F,A,
M,MX,B,USD,_Z,B,,From January 1977 onwards: monthly financial statements. Before 1977: annual financial statements.,BIS-spliced,The data in billions of US dollars are calculated using market exchange rates.,,3,9,,"This series is adjusted for breaks. Break-adjustment calculations follow the methodology outlined in the BIS Quarterly Review (2013). For further detail, see https://www.bis.org/publ/qtrpdf/r_qt1303z.htm","Bank of Mexico, Bank for International Settlements.",5B0,"Mexico - Central bank, assets, total, BIS-spliced, USD",,E,2010-04,131.63188018589,,F,A,
M,MX,B,USD,_Z,B,,From January 1977 onwards: monthly financial statements. Before 1977: annual financial statements.,BIS-spliced,The data in billions of US dollars are calculated using market exchange rates.,,3,9,,"This series is adjusted for breaks. Break-adjustment calculations follow the methodology outlined in the BIS Quarterly Review (2013). For further detail, see https://www.bis.org/publ/qtrpdf/r_qt1303z.htm","Bank of Mexico, Bank for International Settlements.",5B0,"Mexico - Central bank, assets, total, BIS-spliced, USD",,E,2010-05,131.21892605558,,F,A,
M,MX,B,USD,_Z,B,,From January 1977 onwards: monthly financial statements. Before 1977: annual financial statements.,BIS-spliced,The data in billions of US dollars are calculated using market exchange rates.,,3,9,,"This series is adjusted for breaks. Break-adjustment calculations follow the methodology outlined in the BIS Quarterly Review (2013). For further detail, see https://www.bis.org/publ/qtrpdf/r_qt1303z.htm","Bank of Mexico, Bank for International Settlements.",5B0,"Mexico - Central bank, assets, total, BIS-spliced, USD",,E,2010-06,125.52620943297,,F,A,
M,MX,B,USD,_Z,B,,From January 1977 onwards: monthly financial statements. Before 1977: annual financial statements.,BIS-spliced,The data in billions of US dollars are calculated using market exchange rates.,,3,9,,"This series is adjusted for breaks. Break-adjustment calculations follow the methodology outlined in the BIS Quarterly Review (2013). For further detail, see https://www.bis.org/publ/qtrpdf/r_qt1303z.htm","Bank of Mexico, Bank for International Settlements.",5B0,"Mexico - Central bank, assets, total, BIS-spliced, USD",,E,2010-07,127.54045700495,,F,A,
M,MX,B,USD,_Z,B,,From January 1977 onwards: monthly financial statements. Before 1977: annual financial statements.,BIS-spliced,The data in billions of US dollars are calculated using market exchange rates.,,3,9,,"This series is adjusted for breaks. Break-adjustment calculations follow the methodology outlined in the BIS Quarterly Review (2013). For further detail, see https://www.bis.org/publ/qtrpdf/r_qt1303z.htm","Bank of Mexico, Bank for International Settlements.",5B0,"Mexico - Central bank, assets, total, BIS-spliced, USD",,E,2010-08,124.24480848528,,F,A,
M,MX,B,USD,_Z,B,,From January 1977 onwards: monthly financial statements. Before 1977: annual financial statements.,BIS-spliced,The data in billions of US dollars are calculated using market exchange rates.,,3,9,,"This series is adjusted for breaks. Break-adjustment calculations follow the methodology outlined in the BIS Quarterly Review (2013). For further detail, see https://www.bis.org/publ/qtrpdf/r_qt1303z.htm","Bank of Mexico, Bank for International Settlements.",5B0,"Mexico - Central bank, assets, total, BIS-spliced, USD",,E,2010-09,126.86444695138,,F,A,
M,MX,B,USD,_Z,B,,From January 1977 onwards: monthly financial statements. Before 1977: annual financial statements.,BIS-spliced,The data in billions of US dollars are calculated using market exchange rates.,,3,9,,"This series is adjusted for breaks. Break-adjustment calculations follow the methodology outlined in the BIS Quarterly Review (2013). For further detail, see https://www.bis.org/publ/qtrpdf/r_qt1303z.htm","Bank of Mexico, Bank for International Settlements.",5B0,"Mexico - Central bank, assets, total, BIS-spliced, USD",,E,2010-10,123.7958453458,,F,A,
M,MX,B,USD,_Z,B,,From January 1977 onwards: monthly financial statements. Before 1977: annual financial statements.,BIS-spliced,The data in billions of US dollars are calculated using market exchange rates.,,3,9,,"This series is adjusted for breaks. Break-adjustment calculations follow the methodology outlined in the BIS Quarterly Review (2013). For further detail, see https://www.bis.org/publ/qtrpdf/r_qt1303z.htm","Bank of Mexico, Bank for International Settlements.",5B0,"Mexico - Central bank, assets, total, BIS-spliced, USD",,E,2010-11,123.20350118267,,F,A,
M,MX,B,USD,_Z,B,,From January 1977 onwards: monthly financial statements. Before 1977: annual financial statements.,BIS-spliced,The data in billions of US dollars are calculated using market exchange rates.,,3,9,,"This series is adjusted for breaks. Break-adjustment calculations follow the methodology outlined in the BIS Quarterly Review (2013). For further detail, see https://www.bis.org/publ/qtrpdf/r_qt1303z.htm","Bank of Mexico, Bank for International Settlements.",5B0,"Mexico - Central bank, assets, total, BIS-spliced, USD",,E,2010-12,126.5466792446,,F,A,
M,MX,B,USD,_Z,B,,From January 1977 onwards: monthly financial statements. Before 1977: annual financial statements.,BIS-spliced,The data in billions of US dollars are calculated using market exchange rates.,,3,9,,"This series is adjusted for breaks. Break-adjustment calculations follow the methodology outlined in the BIS Quarterly Review (2013). For further detail, see https://www.bis.org/publ/qtrpdf/r_qt1303z.htm","Bank of Mexico, Bank for International Settlements.",5B0,"Mexico - Central bank, assets, total, BIS-spliced, USD",,E,2011-01,130.41178103199,,F,A,
M,MX,B,USD,_Z,B,,From January 1977 onwards: monthly financial statements. Before 1977: annual financial statements.,BIS-spliced,The data in billions of US dollars are calculated using market exchange rates.,,3,9,,"This series is adjusted for breaks. Break-adjustment calculations follow the methodology outlined in the BIS Quarterly Review (2013). For further detail, see https://www.bis.org/publ/qtrpdf/r_qt1303z.htm","Bank of Mexico, Bank for International Settlements.",5B0,"Mexico - Central bank, assets, total, BIS-spliced, USD",,E,2011-02,133.49268543771,,F,A,
M,MX,B,USD,_Z,B,,From January 1977 onwards: monthly financial statements. Before 1977: annual financial statements.,BIS-spliced,The data in billions of US dollars are calculated using market exchange rates.,,3,9,,"This series is adjusted for breaks. Break-adjustment calculations follow the methodology outlined in the BIS Quarterly Review (2013). For further detail, see https://www.bis.org/publ/qtrpdf/r_qt1303z.htm","Bank of Mexico, Bank for International Settlements.",5B0,"Mexico - Central bank, assets, total, BIS-spliced, USD",,E,2011-03,134.14073218294,,F,A,
M,MX,B,USD,_Z,B,,From January 1977 onwards: monthly financial statements. Before 1977: annual financial statements.,BIS-spliced,The data in billions of US dollars are calculated using market exchange rates.,,3,9,,"This series is adjusted for breaks. Break-adjustment calculations follow the methodology outlined in the BIS Quarterly Review (2013). For further detail, see https://www.bis.org/publ/qtrpdf/r_qt1303z.htm","Bank of Mexico, Bank for International Settlements.",5B0,"Mexico - Central bank, assets, total, BIS-spliced, USD",,E,2011-04,137.63290923323,,F,A,
M,MX,B,USD,_Z,B,,From January 1977 onwards: monthly financial statements. Before 1977: annual financial statements.,BIS-spliced,The data in billions of US dollars are calculated using market exchange rates.,,3,9,,"This series is adjusted for breaks. Break-adjustment calculations follow the methodology outlined in the BIS Quarterly Review (2013). For further detail, see https://www.bis.org/publ/qtrpdf/r_qt1303z.htm","Bank of Mexico, Bank for International Settlements.",5B0,"Mexico - Central bank, assets, total, BIS-spliced, USD",,E,2011-05,139.97604221089,,F,A,
M,MX,B,USD,_Z,B,,From January 1977 onwards: monthly financial statements. Before 1977: annual financial statements.,BIS-spliced,The data in billions of US dollars are calculated using market exchange rates.,,3,9,,"This series is adjusted for breaks. Break-adjustment calculations follow the methodology outlined in the BIS Quarterly Review (2013). For further detail, see https://www.bis.org/publ/qtrpdf/r_qt1303z.htm","Bank of Mexico, Bank for International Settlements.",5B0,"Mexico - Central bank, assets, total, BIS-spliced, USD",,E,2011-06,140.35624024387,,F,A,
M,MX,B,USD,_Z,B,,From January 1977 onwards: monthly financial statements. Before 1977: annual financial statements.,BIS-spliced,The data in billions of US dollars are calculated using market exchange rates.,,3,9,,"This series is adjusted for breaks. Break-adjustment calculations follow the methodology outlined in the BIS Quarterly Review (2013). For further detail, see https://www.bis.org/publ/qtrpdf/r_qt1303z.htm","Bank of Mexico, Bank for International Settlements.",5B0,"Mexico - Central bank, assets, total, BIS-spliced, USD",,E,2011-07,145.27207941833,,F,A,
M,MX,B,USD,_Z,B,,From January 1977 onwards: monthly financial statements. Before 1977: annual financial statements.,BIS-spliced,The data in billions of US dollars are calculated using market exchange rates.,,3,9,,"This series is adjusted for breaks. Break-adjustment calculations follow the methodology outlined in the BIS Quarterly Review (2013). For further detail, see https://www.bis.org/publ/qtrpdf/r_qt1303z.htm","Bank of Mexico, Bank for International Settlements.",5B0,"Mexico - Central bank, assets, total, BIS-spliced, USD",,E,2011-08,146.16583338883,,F,A,
M,MX,B,USD,_Z,B,,From January 1977 onwards: monthly financial statements. Before 1977: annual financial statements.,BIS-spliced,The data in billions of US dollars are calculated using market exchange rates.,,3,9,,"This series is adjusted for breaks. Break-adjustment calculations follow the methodology outlined in the BIS Quarterly Review (2013). For further detail, see https://www.bis.org/publ/qtrpdf/r_qt1303z.htm","Bank of Mexico, Bank for International Settlements.",5B0,"Mexico - Central bank, assets, total, BIS-spliced, USD",,E,2011-09,149.84338707943,,F,A,
M,MX,B,USD,_Z,B,,From January 1977 onwards: monthly financial statements. Before 1977: annual financial statements.,BIS-spliced,The data in billions of US dollars are calculated using market exchange rates.,,3,9,,"This series is adjusted for breaks. Break-adjustment calculations follow the methodology outlined in the BIS Quarterly Review (2013). For further detail, see https://www.bis.org/publ/qtrpdf/r_qt1303z.htm","Bank of Mexico, Bank for International Settlements.",5B0,"Mexico - Central bank, assets, total, BIS-spliced, USD",,E,2011-10,156.63628746199,,F,A,
M,MX,B,USD,_Z,B,,From January 1977 onwards: monthly financial statements. Before 1977: annual financial statements.,BIS-spliced,The data in billions of US dollars are calculated using market exchange rates.,,3,9,,"This series is adjusted for breaks. Break-adjustment calculations follow the methodology outlined in the BIS Quarterly Review (2013). For further detail, see https://www.bis.org/publ/qtrpdf/r_qt1303z.htm","Bank of Mexico, Bank for International Settlements.",5B0,"Mexico - Central bank, assets, total, BIS-spliced, USD",,E,2011-11,160.63536319457,,F,A,
M,MX,B,USD,_Z,B,,From January 1977 onwards: monthly financial statements. Before 1977: annual financial statements.,BIS-spliced,The data in billions of US dollars are calculated using market exchange rates.,,3,9,,"This series is adjusted for breaks. Break-adjustment calculations follow the methodology outlined in the BIS Quarterly Review (2013). For further detail, see https://www.bis.org/publ/qtrpdf/r_qt1303z.htm","Bank of Mexico, Bank for International Settlements.",5B0,"Mexico - Central bank, assets, total, BIS-spliced, USD",,E,2011-12,155.37480237325,,F,A,
M,MX,B,USD,_Z,B,,From January 1977 onwards: monthly financial statements. Before 1977: annual financial statements.,BIS-spliced,The data in billions of US dollars are calculated using market exchange rates.,,3,9,,"This series is adjusted for breaks. Break-adjustment calculations follow the methodology outlined in the BIS Quarterly Review (2013). For further detail, see https://www.bis.org/publ/qtrpdf/r_qt1303z.htm","Bank of Mexico, Bank for International Settlements.",5B0,"Mexico - Central bank, assets, total, BIS-spliced, USD",,E,2012-01,159.72500233796,,F,A,
M,MX,B,USD,_Z,B,,From January 1977 onwards: monthly financial statements. Before 1977: annual financial statements.,BIS-spliced,The data in billions of US dollars are calculated using market exchange rates.,,3,9,,"This series is adjusted for breaks. Break-adjustment calculations follow the methodology outlined in the BIS Quarterly Review (2013). For further detail, see https://www.bis.org/publ/qtrpdf/r_qt1303z.htm","Bank of Mexico, Bank for International Settlements.",5B0,"Mexico - Central bank, assets, total, BIS-spliced, USD",,E,2012-02,160.66382112138,,F,A,
M,MX,B,USD,_Z,B,,From January 1977 onwards: monthly financial statements. Before 1977: annual financial statements.,BIS-spliced,The data in billions of US dollars are calculated using market exchange rates.,,3,9,,"This series is adjusted for breaks. Break-adjustment calculations follow the methodology outlined in the BIS Quarterly Review (2013). For further detail, see https://www.bis.org/publ/qtrpdf/r_qt1303z.htm","Bank of Mexico, Bank for International Settlements.",5B0,"Mexico - Central bank, assets, total, BIS-spliced, USD",,E,2012-03,164.29774078556,,F,A,
M,MX,B,USD,_Z,B,,From January 1977 onwards: monthly financial statements. Before 1977: annual financial statements.,BIS-spliced,The data in billions of US dollars are calculated using market exchange rates.,,3,9,,"This series is adjusted for breaks. Break-adjustment calculations follow the methodology outlined in the BIS Quarterly Review (2013). For further detail, see https://www.bis.org/publ/qtrpdf/r_qt1303z.htm","Bank of Mexico, Bank for International Settlements.",5B0,"Mexico - Central bank, assets, total, BIS-spliced, USD",,E,2012-04,171.26641962428,,F,A,
M,MX,B,USD,_Z,B,,From January 1977 onwards: monthly financial statements. Before 1977: annual financial statements.,BIS-spliced,The data in billions of US dollars are calculated using market exchange rates.,,3,9,,"This series is adjusted for breaks. Break-adjustment calculations follow the methodology outlined in the BIS Quarterly Review (2013). For further detail, see https://www.bis.org/publ/qtrpdf/r_qt1303z.htm","Bank of Mexico, Bank for International Settlements.",5B0,"Mexico - Central bank, assets, total, BIS-spliced, USD",,E,2012-05,175.61650755419,,F,A,
M,MX,B,USD,_Z,B,,From January 1977 onwards: monthly financial statements. Before 1977: annual financial statements.,BIS-spliced,The data in billions of US dollars are calculated using market exchange rates.,,3,9,,"This series is adjusted for breaks. Break-adjustment calculations follow the methodology outlined in the BIS Quarterly Review (2013). For further detail, see https://www.bis.org/publ/qtrpdf/r_qt1303z.htm","Bank of Mexico, Bank for International Settlements.",5B0,"Mexico - Central bank, assets, total, BIS-spliced, USD",,E,2012-06,167.59274125211,,F,A,
M,MX,B,USD,_Z,B,,From January 1977 onwards: monthly financial statements. Before 1977: annual financial statements.,BIS-spliced,The data in billions of US dollars are calculated using market exchange rates.,,3,9,,"This series is adjusted for breaks. Break-adjustment calculations follow the methodology outlined in the BIS Quarterly Review (2013). For further detail, see https://www.bis.org/publ/qtrpdf/r_qt1303z.htm","Bank of Mexico, Bank for International Settlements.",5B0,"Mexico - Central bank, assets, total, BIS-spliced, USD",,E,2012-07,175.43085614285,,F,A,
M,MX,B,USD,_Z,B,,From January 1977 onwards: monthly financial statements. Before 1977: annual financial statements.,BIS-spliced,The data in billions of US dollars are calculated using market exchange rates.,,3,9,,"This series is adjusted for breaks. Break-adjustment calculations follow the methodology outlined in the BIS Quarterly Review (2013). For further detail, see https://www.bis.org/publ/qtrpdf/r_qt1303z.htm","Bank of Mexico, Bank for International Settlements.",5B0,"Mexico - Central bank, assets, total, BIS-spliced, USD",,E,2012-08,176.92255059307,,F,A,
M,MX,B,USD,_Z,B,,From January 1977 onwards: monthly financial statements. Before 1977: annual financial statements.,BIS-spliced,The data in billions of US dollars are calculated using market exchange rates.,,3,9,,"This series is adjusted for breaks. Break-adjustment calculations follow the methodology outlined in the BIS Quarterly Review (2013). For further detail, see https://www.bis.org/publ/qtrpdf/r_qt1303z.htm","Bank of Mexico, Bank for International Settlements.",5B0,"Mexico - Central bank, assets, total, BIS-spliced, USD",,E,2012-09,183.23167569813,,F,A,
M,MX,B,USD,_Z,B,,From January 1977 onwards: monthly financial statements. Before 1977: annual financial statements.,BIS-spliced,The data in billions of US dollars are calculated using market exchange rates.,,3,9,,"This series is adjusted for breaks. Break-adjustment calculations follow the methodology outlined in the BIS Quarterly Review (2013). For further detail, see https://www.bis.org/publ/qtrpdf/r_qt1303z.htm","Bank of Mexico, Bank for International Settlements.",5B0,"Mexico - Central bank, assets, total, BIS-spliced, USD",,E,2012-10,185.30000430798,,F,A,
M,MX,B,USD,_Z,B,,From January 1977 onwards: monthly financial statements. Before 1977: annual financial statements.,BIS-spliced,The data in billions of US dollars are calculated using market exchange rates.,,3,9,,"This series is adjusted for breaks. Break-adjustment calculations follow the methodology outlined in the BIS Quarterly Review (2013). For further detail, see https://www.bis.org/publ/qtrpdf/r_qt1303z.htm","Bank of Mexico, Bank for International Settlements.",5B0,"Mexico - Central bank, assets, total, BIS-spliced, USD",,E,2012-11,186.21479999761,,F,A,
M,MX,B,USD,_Z,B,,From January 1977 onwards: monthly financial statements. Before 1977: annual financial statements.,BIS-spliced,The data in billions of US dollars are calculated using market exchange rates.,,3,9,,"This series is adjusted for breaks. Break-adjustment calculations follow the methodology outlined in the BIS Quarterly Review (2013). For further detail, see https://www.bis.org/publ/qtrpdf/r_qt1303z.htm","Bank of Mexico, Bank for International Settlements.",5B0,"Mexico - Central bank, assets, total, BIS-spliced, USD",,E,2012-12,175.655984358,,F,A,
M,MX,B,USD,_Z,B,,From January 1977 onwards: monthly financial statements. Before 1977: annual financial statements.,BIS-spliced,The data in billions of US dollars are calculated using market exchange rates.,,3,9,,"This series is adjusted for breaks. Break-adjustment calculations follow the methodology outlined in the BIS Quarterly Review (2013). For further detail, see https://www.bis.org/publ/qtrpdf/r_qt1303z.htm","Bank of Mexico, Bank for International Settlements.",5B0,"Mexico - Central bank, assets, total, BIS-spliced, USD",,E,2013-01,178.21555789816,,F,A,
M,MX,B,USD,_Z,B,,From January 1977 onwards: monthly financial statements. Before 1977: annual financial statements.,BIS-spliced,The data in billions of US dollars are calculated using market exchange rates.,,3,9,,"This series is adjusted for breaks. Break-adjustment calculations follow the methodology outlined in the BIS Quarterly Review (2013). For further detail, see https://www.bis.org/publ/qtrpdf/r_qt1303z.htm","Bank of Mexico, Bank for International Settlements.",5B0,"Mexico - Central bank, assets, total, BIS-spliced, USD",,E,2013-02,181.27397745205,,F,A,
M,MX,B,USD,_Z,B,,From January 1977 onwards: monthly financial statements. Before 1977: annual financial statements.,BIS-spliced,The data in billions of US dollars are calculated using market exchange rates.,,3,9,,"This series is adjusted for breaks. Break-adjustment calculations follow the methodology outlined in the BIS Quarterly Review (2013). For further detail, see https://www.bis.org/publ/qtrpdf/r_qt1303z.htm","Bank of Mexico, Bank for International Settlements.",5B0,"Mexico - Central bank, assets, total, BIS-spliced, USD",,E,2013-03,187.23359164949,,F,A,
M,MX,B,USD,_Z,B,,From January 1977 onwards: monthly financial statements. Before 1977: annual financial statements.,BIS-spliced,The data in billions of US dollars are calculated using market exchange rates.,,3,9,,"This series is adjusted for breaks. Break-adjustment calculations follow the methodology outlined in the BIS Quarterly Review (2013). For further detail, see https://www.bis.org/publ/qtrpdf/r_qt1303z.htm","Bank of Mexico, Bank for International Settlements.",5B0,"Mexico - Central bank, assets, total, BIS-spliced, USD",,E,2013-04,189.83806423768,,F,A,
M,MX,B,USD,_Z,B,,From January 1977 onwards: monthly financial statements. Before 1977: annual financial statements.,BIS-spliced,The data in billions of US dollars are calculated using market exchange rates.,,3,9,,"This series is adjusted for breaks. Break-adjustment calculations follow the methodology outlined in the BIS Quarterly Review (2013). For further detail, see https://www.bis.org/publ/qtrpdf/r_qt1303z.htm","Bank of Mexico, Bank for International Settlements.",5B0,"Mexico - Central bank, assets, total, BIS-spliced, USD",,E,2013-05,191.3856230261,,F,A,
M,MX,B,USD,_Z,B,,From January 1977 onwards: monthly financial statements. Before 1977: annual financial statements.,BIS-spliced,The data in billions of US dollars are calculated using market exchange rates.,,3,9,,"This series is adjusted for breaks. Break-adjustment calculations follow the methodology outlined in the BIS Quarterly Review (2013). For further detail, see https://www.bis.org/publ/qtrpdf/r_qt1303z.htm","Bank of Mexico, Bank for International Settlements.",5B0,"Mexico - Central bank, assets, total, BIS-spliced, USD",,E,2013-06,181.44805220259,,F,A,
M,MX,B,USD,_Z,B,,From January 1977 onwards: monthly financial statements. Before 1977: annual financial statements.,BIS-spliced,The data in billions of US dollars are calculated using market exchange rates.,,3,9,,"This series is adjusted for breaks. Break-adjustment calculations follow the methodology outlined in the BIS Quarterly Review (2013). For further detail, see https://www.bis.org/publ/qtrpdf/r_qt1303z.htm","Bank of Mexico, Bank for International Settlements.",5B0,"Mexico - Central bank, assets, total, BIS-spliced, USD",,E,2013-07,184.10568844585,,F,A,
M,MX,B,USD,_Z,B,,From January 1977 onwards: monthly financial statements. Before 1977: annual financial statements.,BIS-spliced,The data in billions of US dollars are calculated using market exchange rates.,,3,9,,"This series is adjusted for breaks. Break-adjustment calculations follow the methodology outlined in the BIS Quarterly Review (2013). For further detail, see https://www.bis.org/publ/qtrpdf/r_qt1303z.htm","Bank of Mexico, Bank for International Settlements.",5B0,"Mexico - Central bank, assets, total, BIS-spliced, USD",,E,2013-08,188.54003479831,,F,A,
M,MX,B,USD,_Z,B,,From January 1977 onwards: monthly financial statements. Before 1977: annual financial statements.,BIS-spliced,The data in billions of US dollars are calculated using market exchange rates.,,3,9,,"This series is adjusted for breaks. Break-adjustment calculations follow the methodology outlined in the BIS Quarterly Review (2013). For further detail, see https://www.bis.org/publ/qtrpdf/r_qt1303z.htm","Bank of Mexico, Bank for International Settlements.",5B0,"Mexico - Central bank, assets, total, BIS-spliced, USD",,E,2013-09,187.90786864991,,F,A,
M,MX,B,USD,_Z,B,,From January 1977 onwards: monthly financial statements. Before 1977: annual financial statements.,BIS-spliced,The data in billions of US dollars are calculated using market exchange rates.,,3,9,,"This series is adjusted for breaks. Break-adjustment calculations follow the methodology outlined in the BIS Quarterly Review (2013). For further detail, see https://www.bis.org/publ/qtrpdf/r_qt1303z.htm","Bank of Mexico, Bank for International Settlements.",5B0,"Mexico - Central bank, assets, total, BIS-spliced, USD",,E,2013-10,192.31499876084,,F,A,
M,MX,B,USD,_Z,B,,From January 1977 onwards: monthly financial statements. Before 1977: annual financial statements.,BIS-spliced,The data in billions of US dollars are calculated using market exchange rates.,,3,9,,"This series is adjusted for breaks. Break-adjustment calculations follow the methodology outlined in the BIS Quarterly Review (2013). For further detail, see https://www.bis.org/publ/qtrpdf/r_qt1303z.htm","Bank of Mexico, Bank for International Settlements.",5B0,"Mexico - Central bank, assets, total, BIS-spliced, USD",,E,2013-11,195.93896104488,,F,A,
M,MX,B,USD,_Z,B,,From January 1977 onwards: monthly financial statements. Before 1977: annual financial statements.,BIS-spliced,The data in billions of US dollars are calculated using market exchange rates.,,3,9,,"This series is adjusted for breaks. Break-adjustment calculations follow the methodology outlined in the BIS Quarterly Review (2013). For further detail, see https://www.bis.org/publ/qtrpdf/r_qt1303z.htm","Bank of Mexico, Bank for International Settlements.",5B0,"Mexico - Central bank, assets, total, BIS-spliced, USD",,E,2013-12,195.14611051231,,F,A,
M,MX,B,USD,_Z,B,,From January 1977 onwards: monthly financial statements. Before 1977: annual financial statements.,BIS-spliced,The data in billions of US dollars are calculated using market exchange rates.,,3,9,,"This series is adjusted for breaks. Break-adjustment calculations follow the methodology outlined in the BIS Quarterly Review (2013). For further detail, see https://www.bis.org/publ/qtrpdf/r_qt1303z.htm","Bank of Mexico, Bank for International Settlements.",5B0,"Mexico - Central bank, assets, total, BIS-spliced, USD",,E,2014-01,193.67195429868,,F,A,
M,MX,B,USD,_Z,B,,From January 1977 onwards: monthly financial statements. Before 1977: annual financial statements.,BIS-spliced,The data in billions of US dollars are calculated using market exchange rates.,,3,9,,"This series is adjusted for breaks. Break-adjustment calculations follow the methodology outlined in the BIS Quarterly Review (2013). For further detail, see https://www.bis.org/publ/qtrpdf/r_qt1303z.htm","Bank of Mexico, Bank for International Settlements.",5B0,"Mexico - Central bank, assets, total, BIS-spliced, USD",,E,2014-02,197.30301768519,,F,A,
M,MX,B,USD,_Z,B,,From January 1977 onwards: monthly financial statements. Before 1977: annual financial statements.,BIS-spliced,The data in billions of US dollars are calculated using market exchange rates.,,3,9,,"This series is adjusted for breaks. Break-adjustment calculations follow the methodology outlined in the BIS Quarterly Review (2013). For further detail, see https://www.bis.org/publ/qtrpdf/r_qt1303z.htm","Bank of Mexico, Bank for International Settlements.",5B0,"Mexico - Central bank, assets, total, BIS-spliced, USD",,E,2014-03,199.07540055621,,F,A,
M,MX,B,USD,_Z,B,,From January 1977 onwards: monthly financial statements. Before 1977: annual financial statements.,BIS-spliced,The data in billions of US dollars are calculated using market exchange rates.,,3,9,,"This series is adjusted for breaks. Break-adjustment calculations follow the methodology outlined in the BIS Quarterly Review (2013). For further detail, see https://www.bis.org/publ/qtrpdf/r_qt1303z.htm","Bank of Mexico, Bank for International Settlements.",5B0,"Mexico - Central bank, assets, total, BIS-spliced, USD",,E,2014-04,205.28673677368,,F,A,
M,MX,B,USD,_Z,B,,From January 1977 onwards: monthly financial statements. Before 1977: annual financial statements.,BIS-spliced,The data in billions of US dollars are calculated using market exchange rates.,,3,9,,"This series is adjusted for breaks. Break-adjustment calculations follow the methodology outlined in the BIS Quarterly Review (2013). For further detail, see https://www.bis.org/publ/qtrpdf/r_qt1303z.htm","Bank of Mexico, Bank for International Settlements.",5B0,"Mexico - Central bank, assets, total, BIS-spliced, USD",,E,2014-05,211.29028798339,,F,A,
M,MX,B,USD,_Z,B,,From January 1977 onwards: monthly financial statements. Before 1977: annual financial statements.,BIS-spliced,The data in billions of US dollars are calculated using market exchange rates.,,3,9,,"This series is adjusted for breaks. Break-adjustment calculations follow the methodology outlined in the BIS Quarterly Review (2013). For further detail, see https://www.bis.org/publ/qtrpdf/r_qt1303z.htm","Bank of Mexico, Bank for International Settlements.",5B0,"Mexico - Central bank, assets, total, BIS-spliced, USD",,E,2014-06,202.21302688512,,F,A,
M,MX,B,USD,_Z,B,,From January 1977 onwards: monthly financial statements. Before 1977: annual financial statements.,BIS-spliced,The data in billions of US dollars are calculated using market exchange rates.,,3,9,,"This series is adjusted for breaks. Break-adjustment calculations follow the methodology outlined in the BIS Quarterly Review (2013). For further detail, see https://www.bis.org/publ/qtrpdf/r_qt1303z.htm","Bank of Mexico, Bank for International Settlements.",5B0,"Mexico - Central bank, assets, total, BIS-spliced, USD",,E,2014-07,206.26813700207,,F,A,
M,MX,B,USD,_Z,B,,From January 1977 onwards: monthly financial statements. Before 1977: annual financial statements.,BIS-spliced,The data in billions of US dollars are calculated using market exchange rates.,,3,9,,"This series is adjusted for breaks. Break-adjustment calculations follow the methodology outlined in the BIS Quarterly Review (2013). For further detail, see https://www.bis.org/publ/qtrpdf/r_qt1303z.htm","Bank of Mexico, Bank for International Settlements.",5B0,"Mexico - Central bank, assets, total, BIS-spliced, USD",,E,2014-08,204.93498496502,,F,A,
M,MX,B,USD,_Z,B,,From January 1977 onwards: monthly financial statements. Before 1977: annual financial statements.,BIS-spliced,The data in billions of US dollars are calculated using market exchange rates.,,3,9,,"This series is adjusted for breaks. Break-adjustment calculations follow the methodology outlined in the BIS Quarterly Review (2013). For further detail, see https://www.bis.org/publ/qtrpdf/r_qt1303z.htm","Bank of Mexico, Bank for International Settlements.",5B0,"Mexico - Central bank, assets, total, BIS-spliced, USD",,E,2014-09,203.68541091442,,F,A,
M,MX,B,USD,_Z,B,,From January 1977 onwards: monthly financial statements. Before 1977: annual financial statements.,BIS-spliced,The data in billions of US dollars are calculated using market exchange rates.,,3,9,,"This series is adjusted for breaks. Break-adjustment calculations follow the methodology outlined in the BIS Quarterly Review (2013). For further detail, see https://www.bis.org/publ/qtrpdf/r_qt1303z.htm","Bank of Mexico, Bank for International Settlements.",5B0,"Mexico - Central bank, assets, total, BIS-spliced, USD",,E,2014-10,211.06181403702,,F,A,
M,MX,B,USD,_Z,B,,From January 1977 onwards: monthly financial statements. Before 1977: annual financial statements.,BIS-spliced,The data in billions of US dollars are calculated using market exchange rates.,,3,9,,"This series is adjusted for breaks. Break-adjustment calculations follow the methodology outlined in the BIS Quarterly Review (2013). For further detail, see https://www.bis.org/publ/qtrpdf/r_qt1303z.htm","Bank of Mexico, Bank for International Settlements.",5B0,"Mexico - Central bank, assets, total, BIS-spliced, USD",,E,2014-11,220.27205360462,,F,A,
M,MX,B,USD,_Z,B,,From January 1977 onwards: monthly financial statements. Before 1977: annual financial statements.,BIS-spliced,The data in billions of US dollars are calculated using market exchange rates.,,3,9,,"This series is adjusted for breaks. Break-adjustment calculations follow the methodology outlined in the BIS Quarterly Review (2013). For further detail, see https://www.bis.org/publ/qtrpdf/r_qt1303z.htm","Bank of Mexico, Bank for International Settlements.",5B0,"Mexico - Central bank, assets, total, BIS-spliced, USD",,E,2014-12,211.68836660156,,F,A,
M,MX,B,USD,_Z,B,,From January 1977 onwards: monthly financial statements. Before 1977: annual financial statements.,BIS-spliced,The data in billions of US dollars are calculated using market exchange rates.,,3,9,,"This series is adjusted for breaks. Break-adjustment calculations follow the methodology outlined in the BIS Quarterly Review (2013). For further detail, see https://www.bis.org/publ/qtrpdf/r_qt1303z.htm","Bank of Mexico, Bank for International Settlements.",5B0,"Mexico - Central bank, assets, total, BIS-spliced, USD",,E,2015-01,211.07704330035,,F,A,
M,MX,B,USD,_Z,B,,From January 1977 onwards: monthly financial statements. Before 1977: annual financial statements.,BIS-spliced,The data in billions of US dollars are calculated using market exchange rates.,,3,9,,"This series is adjusted for breaks. Break-adjustment calculations follow the methodology outlined in the BIS Quarterly Review (2013). For further detail, see https://www.bis.org/publ/qtrpdf/r_qt1303z.htm","Bank of Mexico, Bank for International Settlements.",5B0,"Mexico - Central bank, assets, total, BIS-spliced, USD",,E,2015-02,208.84117589185,,F,A,
M,MX,B,USD,_Z,B,,From January 1977 onwards: monthly financial statements. Before 1977: annual financial statements.,BIS-spliced,The data in billions of US dollars are calculated using market exchange rates.,,3,9,,"This series is adjusted for breaks. Break-adjustment calculations follow the methodology outlined in the BIS Quarterly Review (2013). For further detail, see https://www.bis.org/publ/qtrpdf/r_qt1303z.htm","Bank of Mexico, Bank for International Settlements.",5B0,"Mexico - Central bank, assets, total, BIS-spliced, USD",,E,2015-03,214.58583245924,,F,A,
M,MX,B,USD,_Z,B,,From January 1977 onwards: monthly financial statements. Before 1977: annual financial statements.,BIS-spliced,The data in billions of US dollars are calculated using market exchange rates.,,3,9,,"This series is adjusted for breaks. Break-adjustment calculations follow the methodology outlined in the BIS Quarterly Review (2013). For further detail, see https://www.bis.org/publ/qtrpdf/r_qt1303z.htm","Bank of Mexico, Bank for International Settlements.",5B0,"Mexico - Central bank, assets, total, BIS-spliced, USD",,E,2015-04,224.38623187473,,F,A,
M,MX,B,USD,_Z,B,,From January 1977 onwards: monthly financial statements. Before 1977: annual financial statements.,BIS-spliced,The data in billions of US dollars are calculated using market exchange rates.,,3,9,,"This series is adjusted for breaks. Break-adjustment calculations follow the methodology outlined in the BIS Quarterly Review (2013). For further detail, see https://www.bis.org/publ/qtrpdf/r_qt1303z.htm","Bank of Mexico, Bank for International Settlements.",5B0,"Mexico - Central bank, assets, total, BIS-spliced, USD",,E,2015-05,223.8811225235,,F,A,
M,MX,B,USD,_Z,B,,From January 1977 onwards: monthly financial statements. Before 1977: annual financial statements.,BIS-spliced,The data in billions of US dollars are calculated using market exchange rates.,,3,9,,"This series is adjusted for breaks. Break-adjustment calculations follow the methodology outlined in the BIS Quarterly Review (2013). For further detail, see https://www.bis.org/publ/qtrpdf/r_qt1303z.htm","Bank of Mexico, Bank for International Settlements.",5B0,"Mexico - Central bank, assets, total, BIS-spliced, USD",,E,2015-06,211.42118753565,,F,A,
M,MX,B,USD,_Z,B,,From January 1977 onwards: monthly financial statements. Before 1977: annual financial statements.,BIS-spliced,The data in billions of US dollars are calculated using market exchange rates.,,3,9,,"This series is adjusted for breaks. Break-adjustment calculations follow the methodology outlined in the BIS Quarterly Review (2013). For further detail, see https://www.bis.org/publ/qtrpdf/r_qt1303z.htm","Bank of Mexico, Bank for International Settlements.",5B0,"Mexico - Central bank, assets, total, BIS-spliced, USD",,E,2015-07,212.84741339809,,F,A,
M,MX,B,USD,_Z,B,,From January 1977 onwards: monthly financial statements. Before 1977: annual financial statements.,BIS-spliced,The data in billions of US dollars are calculated using market exchange rates.,,3,9,,"This series is adjusted for breaks. Break-adjustment calculations follow the methodology outlined in the BIS Quarterly Review (2013). For further detail, see https://www.bis.org/publ/qtrpdf/r_qt1303z.htm","Bank of Mexico, Bank for International Settlements.",5B0,"Mexico - Central bank, assets, total, BIS-spliced, USD",,E,2015-08,211.0844688574,,F,A,
M,MX,B,USD,_Z,B,,From January 1977 onwards: monthly financial statements. Before 1977: annual financial statements.,BIS-spliced,The data in billions of US dollars are calculated using market exchange rates.,,3,9,,"This series is adjusted for breaks. Break-adjustment calculations follow the methodology outlined in the BIS Quarterly Review (2013). For further detail, see https://www.bis.org/publ/qtrpdf/r_qt1303z.htm","Bank of Mexico, Bank for International Settlements.",5B0,"Mexico - Central bank, assets, total, BIS-spliced, USD",,E,2015-09,211.21493471502,,F,A,
M,MX,B,USD,_Z,B,,From January 1977 onwards: monthly financial statements. Before 1977: annual financial statements.,BIS-spliced,The data in billions of US dollars are calculated using market exchange rates.,,3,9,,"This series is adjusted for breaks. Break-adjustment calculations follow the methodology outlined in the BIS Quarterly Review (2013). For further detail, see https://www.bis.org/publ/qtrpdf/r_qt1303z.htm","Bank of Mexico, Bank for International Settlements.",5B0,"Mexico - Central bank, assets, total, BIS-spliced, USD",,E,2015-10,207.96284598651,,F,A,
M,MX,B,USD,_Z,B,,From January 1977 onwards: monthly financial statements. Before 1977: annual financial statements.,BIS-spliced,The data in billions of US dollars are calculated using market exchange rates.,,3,9,,"This series is adjusted for breaks. Break-adjustment calculations follow the methodology outlined in the BIS Quarterly Review (2013). For further detail, see https://www.bis.org/publ/qtrpdf/r_qt1303z.htm","Bank of Mexico, Bank for International Settlements.",5B0,"Mexico - Central bank, assets, total, BIS-spliced, USD",,E,2015-11,208.85958414071,,F,A,
M,MX,B,USD,_Z,B,,From January 1977 onwards: monthly financial statements. Before 1977: annual financial statements.,BIS-spliced,The data in billions of US dollars are calculated using market exchange rates.,,3,9,,"This series is adjusted for breaks. Break-adjustment calculations follow the methodology outlined in the BIS Quarterly Review (2013). For further detail, see https://www.bis.org/publ/qtrpdf/r_qt1303z.htm","Bank of Mexico, Bank for International Settlements.",5B0,"Mexico - Central bank, assets, total, BIS-spliced, USD",,E,2015-12,211.79737699648,,F,A,
M,MX,B,USD,_Z,B,,From January 1977 onwards: monthly financial statements. Before 1977: annual financial statements.,BIS-spliced,The data in billions of US dollars are calculated using market exchange rates.,,3,9,,"This series is adjusted for breaks. Break-adjustment calculations follow the methodology outlined in the BIS Quarterly Review (2013). For further detail, see https://www.bis.org/publ/qtrpdf/r_qt1303z.htm","Bank of Mexico, Bank for International Settlements.",5B0,"Mexico - Central bank, assets, total, BIS-spliced, USD",,E,2016-01,203.11350655323,,F,A,
M,MX,B,USD,_Z,B,,From January 1977 onwards: monthly financial statements. Before 1977: annual financial statements.,BIS-spliced,The data in billions of US dollars are calculated using market exchange rates.,,3,9,,"This series is adjusted for breaks. Break-adjustment calculations follow the methodology outlined in the BIS Quarterly Review (2013). For further detail, see https://www.bis.org/publ/qtrpdf/r_qt1303z.htm","Bank of Mexico, Bank for International Settlements.",5B0,"Mexico - Central bank, assets, total, BIS-spliced, USD",,E,2016-02,208.28328011919,,F,A,
M,MX,B,USD,_Z,B,,From January 1977 onwards: monthly financial statements. Before 1977: annual financial statements.,BIS-spliced,The data in billions of US dollars are calculated using market exchange rates.,,3,9,,"This series is adjusted for breaks. Break-adjustment calculations follow the methodology outlined in the BIS Quarterly Review (2013). For further detail, see https://www.bis.org/publ/qtrpdf/r_qt1303z.htm","Bank of Mexico, Bank for International Settlements.",5B0,"Mexico - Central bank, assets, total, BIS-spliced, USD",,E,2016-03,208.52618688841,,F,A,
M,MX,B,USD,_Z,B,,From January 1977 onwards: monthly financial statements. Before 1977: annual financial statements.,BIS-spliced,The data in billions of US dollars are calculated using market exchange rates.,,3,9,,"This series is adjusted for breaks. Break-adjustment calculations follow the methodology outlined in the BIS Quarterly Review (2013). For further detail, see https://www.bis.org/publ/qtrpdf/r_qt1303z.htm","Bank of Mexico, Bank for International Settlements.",5B0,"Mexico - Central bank, assets, total, BIS-spliced, USD",,E,2016-04,208.14658490566,,F,A,
M,MX,B,USD,_Z,B,,From January 1977 onwards: monthly financial statements. Before 1977: annual financial statements.,BIS-spliced,The data in billions of US dollars are calculated using market exchange rates.,,3,9,,"This series is adjusted for breaks. Break-adjustment calculations follow the methodology outlined in the BIS Quarterly Review (2013). For further detail, see https://www.bis.org/publ/qtrpdf/r_qt1303z.htm","Bank of Mexico, Bank for International Settlements.",5B0,"Mexico - Central bank, assets, total, BIS-spliced, USD",,E,2016-05,199.23076546531,,F,A,
M,MX,B,USD,_Z,B,,From January 1977 onwards: monthly financial statements. Before 1977: annual financial statements.,BIS-spliced,The data in billions of US dollars are calculated using market exchange rates.,,3,9,,"This series is adjusted for breaks. Break-adjustment calculations follow the methodology outlined in the BIS Quarterly Review (2013). For further detail, see https://www.bis.org/publ/qtrpdf/r_qt1303z.htm","Bank of Mexico, Bank for International Settlements.",5B0,"Mexico - Central bank, assets, total, BIS-spliced, USD",,E,2016-06,184.56467703432,,F,A,
M,MX,B,USD,_Z,B,,From January 1977 onwards: monthly financial statements. Before 1977: annual financial statements.,BIS-spliced,The data in billions of US dollars are calculated using market exchange rates.,,3,9,,"This series is adjusted for breaks. Break-adjustment calculations follow the methodology outlined in the BIS Quarterly Review (2013). For further detail, see https://www.bis.org/publ/qtrpdf/r_qt1303z.htm","Bank of Mexico, Bank for International Settlements.",5B0,"Mexico - Central bank, assets, total, BIS-spliced, USD",,E,2016-07,187.28814660846,,F,A,
M,MX,B,USD,_Z,B,,From January 1977 onwards: monthly financial statements. Before 1977: annual financial statements.,BIS-spliced,The data in billions of US dollars are calculated using market exchange rates.,,3,9,,"This series is adjusted for breaks. Break-adjustment calculations follow the methodology outlined in the BIS Quarterly Review (2013). For further detail, see https://www.bis.org/publ/qtrpdf/r_qt1303z.htm","Bank of Mexico, Bank for International Settlements.",5B0,"Mexico - Central bank, assets, total, BIS-spliced, USD",,E,2016-08,189.78666267477,,F,A,
M,MX,B,USD,_Z,B,,From January 1977 onwards: monthly financial statements. Before 1977: annual financial statements.,BIS-spliced,The data in billions of US dollars are calculated using market exchange rates.,,3,9,,"This series is adjusted for breaks. Break-adjustment calculations follow the methodology outlined in the BIS Quarterly Review (2013). For further detail, see https://www.bis.org/publ/qtrpdf/r_qt1303z.htm","Bank of Mexico, Bank for International Settlements.",5B0,"Mexico - Central bank, assets, total, BIS-spliced, USD",,E,2016-09,186.62100327523,,F,A,
M,MX,B,USD,_Z,B,,From January 1977 onwards: monthly financial statements. Before 1977: annual financial statements.,BIS-spliced,The data in billions of US dollars are calculated using market exchange rates.,,3,9,,"This series is adjusted for breaks. Break-adjustment calculations follow the methodology outlined in the BIS Quarterly Review (2013). For further detail, see https://www.bis.org/publ/qtrpdf/r_qt1303z.htm","Bank of Mexico, Bank for International Settlements.",5B0,"Mexico - Central bank, assets, total, BIS-spliced, USD",,E,2016-10,185.17155066377,,F,A,
M,MX,B,USD,_Z,B,,From January 1977 onwards: monthly financial statements. Before 1977: annual financial statements.,BIS-spliced,The data in billions of US dollars are calculated using market exchange rates.,,3,9,,"This series is adjusted for breaks. Break-adjustment calculations follow the methodology outlined in the BIS Quarterly Review (2013). For further detail, see https://www.bis.org/publ/qtrpdf/r_qt1303z.htm","Bank of Mexico, Bank for International Settlements.",5B0,"Mexico - Central bank, assets, total, BIS-spliced, USD",,E,2016-11,187.69176894069,,F,A,
M,MX,B,USD,_Z,B,,From January 1977 onwards: monthly financial statements. Before 1977: annual financial statements.,BIS-spliced,The data in billions of US dollars are calculated using market exchange rates.,,3,9,,"This series is adjusted for breaks. Break-adjustment calculations follow the methodology outlined in the BIS Quarterly Review (2013). For further detail, see https://www.bis.org/publ/qtrpdf/r_qt1303z.htm","Bank of Mexico, Bank for International Settlements.",5B0,"Mexico - Central bank, assets, total, BIS-spliced, USD",,E,2016-12,187.72100534175,,F,A,
M,MX,B,USD,_Z,B,,From January 1977 onwards: monthly financial statements. Before 1977: annual financial statements.,BIS-spliced,The data in billions of US dollars are calculated using market exchange rates.,,3,9,,"This series is adjusted for breaks. Break-adjustment calculations follow the methodology outlined in the BIS Quarterly Review (2013). For further detail, see https://www.bis.org/publ/qtrpdf/r_qt1303z.htm","Bank of Mexico, Bank for International Settlements.",5B0,"Mexico - Central bank, assets, total, BIS-spliced, USD",,E,2017-01,186.31406912566,,F,A,
M,MX,B,USD,_Z,B,,From January 1977 onwards: monthly financial statements. Before 1977: annual financial statements.,BIS-spliced,The data in billions of US dollars are calculated using market exchange rates.,,3,9,,"This series is adjusted for breaks. Break-adjustment calculations follow the methodology outlined in the BIS Quarterly Review (2013). For further detail, see https://www.bis.org/publ/qtrpdf/r_qt1303z.htm","Bank of Mexico, Bank for International Settlements.",5B0,"Mexico - Central bank, assets, total, BIS-spliced, USD",,E,2017-02,188.68380771347,,F,A,
M,MX,B,USD,_Z,B,,From January 1977 onwards: monthly financial statements. Before 1977: annual financial statements.,BIS-spliced,The data in billions of US dollars are calculated using market exchange rates.,,3,9,,"This series is adjusted for breaks. Break-adjustment calculations follow the methodology outlined in the BIS Quarterly Review (2013). For further detail, see https://www.bis.org/publ/qtrpdf/r_qt1303z.htm","Bank of Mexico, Bank for International Settlements.",5B0,"Mexico - Central bank, assets, total, BIS-spliced, USD",,E,2017-03,191.26697032097,,F,A,
M,MX,B,USD,_Z,B,,From January 1977 onwards: monthly financial statements. Before 1977: annual financial statements.,BIS-spliced,The data in billions of US dollars are calculated using market exchange rates.,,3,9,,"This series is adjusted for breaks. Break-adjustment calculations follow the methodology outlined in the BIS Quarterly Review (2013). For further detail, see https://www.bis.org/publ/qtrpdf/r_qt1303z.htm","Bank of Mexico, Bank for International Settlements.",5B0,"Mexico - Central bank, assets, total, BIS-spliced, USD",,E,2017-04,200.70308631325,,F,A,
M,MX,B,USD,_Z,B,,From January 1977 onwards: monthly financial statements. Before 1977: annual financial statements.,BIS-spliced,The data in billions of US dollars are calculated using market exchange rates.,,3,9,,"This series is adjusted for breaks. Break-adjustment calculations follow the methodology outlined in the BIS Quarterly Review (2013). For further detail, see https://www.bis.org/publ/qtrpdf/r_qt1303z.htm","Bank of Mexico, Bank for International Settlements.",5B0,"Mexico - Central bank, assets, total, BIS-spliced, USD",,E,2017-05,199.4809745772,,F,A,
M,MX,B,USD,_Z,B,,From January 1977 onwards: monthly financial statements. Before 1977: annual financial statements.,BIS-spliced,The data in billions of US dollars are calculated using market exchange rates.,,3,9,,"This series is adjusted for breaks. Break-adjustment calculations follow the methodology outlined in the BIS Quarterly Review (2013). For further detail, see https://www.bis.org/publ/qtrpdf/r_qt1303z.htm","Bank of Mexico, Bank for International Settlements.",5B0,"Mexico - Central bank, assets, total, BIS-spliced, USD",,E,2017-06,192.78889108478,,F,A,
M,MX,B,USD,_Z,B,,From January 1977 onwards: monthly financial statements. Before 1977: annual financial statements.,BIS-spliced,The data in billions of US dollars are calculated using market exchange rates.,,3,9,,"This series is adjusted for breaks. Break-adjustment calculations follow the methodology outlined in the BIS Quarterly Review (2013). For further detail, see https://www.bis.org/publ/qtrpdf/r_qt1303z.htm","Bank of Mexico, Bank for International Settlements.",5B0,"Mexico - Central bank, assets, total, BIS-spliced, USD",,E,2017-07,197.27965258844,,F,A,
M,MX,B,USD,_Z,B,,From January 1977 onwards: monthly financial statements. Before 1977: annual financial statements.,BIS-spliced,The data in billions of US dollars are calculated using market exchange rates.,,3,9,,"This series is adjusted for breaks. Break-adjustment calculations follow the methodology outlined in the BIS Quarterly Review (2013). For further detail, see https://www.bis.org/publ/qtrpdf/r_qt1303z.htm","Bank of Mexico, Bank for International Settlements.",5B0,"Mexico - Central bank, assets, total, BIS-spliced, USD",,E,2017-08,198.50383863823,,F,A,
M,MX,B,USD,_Z,B,,From January 1977 onwards: monthly financial statements. Before 1977: annual financial statements.,BIS-spliced,The data in billions of US dollars are calculated using market exchange rates.,,3,9,,"This series is adjusted for breaks. Break-adjustment calculations follow the methodology outlined in the BIS Quarterly Review (2013). For further detail, see https://www.bis.org/publ/qtrpdf/r_qt1303z.htm","Bank of Mexico, Bank for International Settlements.",5B0,"Mexico - Central bank, assets, total, BIS-spliced, USD",,E,2017-09,200.11883484768,,F,A,
M,MX,B,USD,_Z,B,,From January 1977 onwards: monthly financial statements. Before 1977: annual financial statements.,BIS-spliced,The data in billions of US dollars are calculated using market exchange rates.,,3,9,,"This series is adjusted for breaks. Break-adjustment calculations follow the methodology outlined in the BIS Quarterly Review (2013). For further detail, see https://www.bis.org/publ/qtrpdf/r_qt1303z.htm","Bank of Mexico, Bank for International Settlements.",5B0,"Mexico - Central bank, assets, total, BIS-spliced, USD",,E,2017-10,197.40462017743,,F,A,
M,MX,B,USD,_Z,B,,From January 1977 onwards: monthly financial statements. Before 1977: annual financial statements.,BIS-spliced,The data in billions of US dollars are calculated using market exchange rates.,,3,9,,"This series is adjusted for breaks. Break-adjustment calculations follow the methodology outlined in the BIS Quarterly Review (2013). For further detail, see https://www.bis.org/publ/qtrpdf/r_qt1303z.htm","Bank of Mexico, Bank for International Settlements.",5B0,"Mexico - Central bank, assets, total, BIS-spliced, USD",,E,2017-11,200.31091663599,,F,A,
M,MX,B,USD,_Z,B,,From January 1977 onwards: monthly financial statements. Before 1977: annual financial statements.,BIS-spliced,The data in billions of US dollars are calculated using market exchange rates.,,3,9,,"This series is adjusted for breaks. Break-adjustment calculations follow the methodology outlined in the BIS Quarterly Review (2013). For further detail, see https://www.bis.org/publ/qtrpdf/r_qt1303z.htm","Bank of Mexico, Bank for International Settlements.",5B0,"Mexico - Central bank, assets, total, BIS-spliced, USD",,E,2017-12,189.10739721147,,F,A,
M,MX,B,USD,_Z,B,,From January 1977 onwards: monthly financial statements. Before 1977: annual financial statements.,BIS-spliced,The data in billions of US dollars are calculated using market exchange rates.,,3,9,,"This series is adjusted for breaks. Break-adjustment calculations follow the methodology outlined in the BIS Quarterly Review (2013). For further detail, see https://www.bis.org/publ/qtrpdf/r_qt1303z.htm","Bank of Mexico, Bank for International Settlements.",5B0,"Mexico - Central bank, assets, total, BIS-spliced, USD",,E,2018-01,189.13994360248,,F,A,
M,MX,B,USD,_Z,B,,From January 1977 onwards: monthly financial statements. Before 1977: annual financial statements.,BIS-spliced,The data in billions of US dollars are calculated using market exchange rates.,,3,9,,"This series is adjusted for breaks. Break-adjustment calculations follow the methodology outlined in the BIS Quarterly Review (2013). For further detail, see https://www.bis.org/publ/qtrpdf/r_qt1303z.htm","Bank of Mexico, Bank for International Settlements.",5B0,"Mexico - Central bank, assets, total, BIS-spliced, USD",,E,2018-02,188.5727528777,,F,A,
M,MX,B,USD,_Z,B,,From January 1977 onwards: monthly financial statements. Before 1977: annual financial statements.,BIS-spliced,The data in billions of US dollars are calculated using market exchange rates.,,3,9,,"This series is adjusted for breaks. Break-adjustment calculations follow the methodology outlined in the BIS Quarterly Review (2013). For further detail, see https://www.bis.org/publ/qtrpdf/r_qt1303z.htm","Bank of Mexico, Bank for International Settlements.",5B0,"Mexico - Central bank, assets, total, BIS-spliced, USD",,E,2018-03,190.30567769002,,F,A,
M,MX,B,USD,_Z,B,,From January 1977 onwards: monthly financial statements. Before 1977: annual financial statements.,BIS-spliced,The data in billions of US dollars are calculated using market exchange rates.,,3,9,,"This series is adjusted for breaks. Break-adjustment calculations follow the methodology outlined in the BIS Quarterly Review (2013). For further detail, see https://www.bis.org/publ/qtrpdf/r_qt1303z.htm","Bank of Mexico, Bank for International Settlements.",5B0,"Mexico - Central bank, assets, total, BIS-spliced, USD",,E,2018-04,189.21236589122,,F,A,
M,MX,B,USD,_Z,B,,From January 1977 onwards: monthly financial statements. Before 1977: annual financial statements.,BIS-spliced,The data in billions of US dollars are calculated using market exchange rates.,,3,9,,"This series is adjusted for breaks. Break-adjustment calculations follow the methodology outlined in the BIS Quarterly Review (2013). For further detail, see https://www.bis.org/publ/qtrpdf/r_qt1303z.htm","Bank of Mexico, Bank for International Settlements.",5B0,"Mexico - Central bank, assets, total, BIS-spliced, USD",,E,2018-05,194.45268838214,,F,A,
M,MX,B,USD,_Z,B,,From January 1977 onwards: monthly financial statements. Before 1977: annual financial statements.,BIS-spliced,The data in billions of US dollars are calculated using market exchange rates.,,3,9,,"This series is adjusted for breaks. Break-adjustment calculations follow the methodology outlined in the BIS Quarterly Review (2013). For further detail, see https://www.bis.org/publ/qtrpdf/r_qt1303z.htm","Bank of Mexico, Bank for International Settlements.",5B0,"Mexico - Central bank, assets, total, BIS-spliced, USD",,E,2018-06,181.84232129606,,F,A,
M,MX,B,USD,_Z,B,,From January 1977 onwards: monthly financial statements. Before 1977: annual financial statements.,BIS-spliced,The data in billions of US dollars are calculated using market exchange rates.,,3,9,,"This series is adjusted for breaks. Break-adjustment calculations follow the methodology outlined in the BIS Quarterly Review (2013). For further detail, see https://www.bis.org/publ/qtrpdf/r_qt1303z.htm","Bank of Mexico, Bank for International Settlements.",5B0,"Mexico - Central bank, assets, total, BIS-spliced, USD",,E,2018-07,193.93898944082,,F,A,
M,MX,B,USD,_Z,B,,From January 1977 onwards: monthly financial statements. Before 1977: annual financial statements.,BIS-spliced,The data in billions of US dollars are calculated using market exchange rates.,,3,9,,"This series is adjusted for breaks. Break-adjustment calculations follow the methodology outlined in the BIS Quarterly Review (2013). For further detail, see https://www.bis.org/publ/qtrpdf/r_qt1303z.htm","Bank of Mexico, Bank for International Settlements.",5B0,"Mexico - Central bank, assets, total, BIS-spliced, USD",,E,2018-08,191.78708453324,,F,A,
M,MX,B,USD,_Z,B,,From January 1977 onwards: monthly financial statements. Before 1977: annual financial statements.,BIS-spliced,The data in billions of US dollars are calculated using market exchange rates.,,3,9,,"This series is adjusted for breaks. Break-adjustment calculations follow the methodology outlined in the BIS Quarterly Review (2013). For further detail, see https://www.bis.org/publ/qtrpdf/r_qt1303z.htm","Bank of Mexico, Bank for International Settlements.",5B0,"Mexico - Central bank, assets, total, BIS-spliced, USD",,E,2018-09,194.96264121212,,F,A,
M,MX,B,USD,_Z,B,,From January 1977 onwards: monthly financial statements. Before 1977: annual financial statements.,BIS-spliced,The data in billions of US dollars are calculated using market exchange rates.,,3,9,,"This series is adjusted for breaks. Break-adjustment calculations follow the methodology outlined in the BIS Quarterly Review (2013). For further detail, see https://www.bis.org/publ/qtrpdf/r_qt1303z.htm","Bank of Mexico, Bank for International Settlements.",5B0,"Mexico - Central bank, assets, total, BIS-spliced, USD",,E,2018-10,195.69002817984,,F,A,
M,MX,B,USD,_Z,B,,From January 1977 onwards: monthly financial statements. Before 1977: annual financial statements.,BIS-spliced,The data in billions of US dollars are calculated using market exchange rates.,,3,9,,"This series is adjusted for breaks. Break-adjustment calculations follow the methodology outlined in the BIS Quarterly Review (2013). For further detail, see https://www.bis.org/publ/qtrpdf/r_qt1303z.htm","Bank of Mexico, Bank for International Settlements.",5B0,"Mexico - Central bank, assets, total, BIS-spliced, USD",,E,2018-11,199.56406767572,,F,A,
M,MX,B,USD,_Z,B,,From January 1977 onwards: monthly financial statements. Before 1977: annual financial statements.,BIS-spliced,The data in billions of US dollars are calculated using market exchange rates.,,3,9,,"This series is adjusted for breaks. Break-adjustment calculations follow the methodology outlined in the BIS Quarterly Review (2013). For further detail, see https://www.bis.org/publ/qtrpdf/r_qt1303z.htm","Bank of Mexico, Bank for International Settlements.",5B0,"Mexico - Central bank, assets, total, BIS-spliced, USD",,E,2018-12,195.99958918909,,F,A,
M,MX,B,USD,_Z,B,,From January 1977 onwards: monthly financial statements. Before 1977: annual financial statements.,BIS-spliced,The data in billions of US dollars are calculated using market exchange rates.,,3,9,,"This series is adjusted for breaks. Break-adjustment calculations follow the methodology outlined in the BIS Quarterly Review (2013). For further detail, see https://www.bis.org/publ/qtrpdf/r_qt1303z.htm","Bank of Mexico, Bank for International Settlements.",5B0,"Mexico - Central bank, assets, total, BIS-spliced, USD",,E,2019-01,191.70406893182,,F,A,
M,MX,B,USD,_Z,B,,From January 1977 onwards: monthly financial statements. Before 1977: annual financial statements.,BIS-spliced,The data in billions of US dollars are calculated using market exchange rates.,,3,9,,"This series is adjusted for breaks. Break-adjustment calculations follow the methodology outlined in the BIS Quarterly Review (2013). For further detail, see https://www.bis.org/publ/qtrpdf/r_qt1303z.htm","Bank of Mexico, Bank for International Settlements.",5B0,"Mexico - Central bank, assets, total, BIS-spliced, USD",,E,2019-02,189.99847137712,,F,A,
M,MX,B,USD,_Z,B,,From January 1977 onwards: monthly financial statements. Before 1977: annual financial statements.,BIS-spliced,The data in billions of US dollars are calculated using market exchange rates.,,3,9,,"This series is adjusted for breaks. Break-adjustment calculations follow the methodology outlined in the BIS Quarterly Review (2013). For further detail, see https://www.bis.org/publ/qtrpdf/r_qt1303z.htm","Bank of Mexico, Bank for International Settlements.",5B0,"Mexico - Central bank, assets, total, BIS-spliced, USD",,E,2019-03,188.11479786547,,F,A,
M,MX,B,USD,_Z,B,,From January 1977 onwards: monthly financial statements. Before 1977: annual financial statements.,BIS-spliced,The data in billions of US dollars are calculated using market exchange rates.,,3,9,,"This series is adjusted for breaks. Break-adjustment calculations follow the methodology outlined in the BIS Quarterly Review (2013). For further detail, see https://www.bis.org/publ/qtrpdf/r_qt1303z.htm","Bank of Mexico, Bank for International Settlements.",5B0,"Mexico - Central bank, assets, total, BIS-spliced, USD",,E,2019-04,197.85881973791,,F,A,
M,MX,B,USD,_Z,B,,From January 1977 onwards: monthly financial statements. Before 1977: annual financial statements.,BIS-spliced,The data in billions of US dollars are calculated using market exchange rates.,,3,9,,"This series is adjusted for breaks. Break-adjustment calculations follow the methodology outlined in the BIS Quarterly Review (2013). For further detail, see https://www.bis.org/publ/qtrpdf/r_qt1303z.htm","Bank of Mexico, Bank for International Settlements.",5B0,"Mexico - Central bank, assets, total, BIS-spliced, USD",,E,2019-05,200.41442173925,,F,A,
M,MX,B,USD,_Z,B,,From January 1977 onwards: monthly financial statements. Before 1977: annual financial statements.,BIS-spliced,The data in billions of US dollars are calculated using market exchange rates.,,3,9,,"This series is adjusted for breaks. Break-adjustment calculations follow the methodology outlined in the BIS Quarterly Review (2013). For further detail, see https://www.bis.org/publ/qtrpdf/r_qt1303z.htm","Bank of Mexico, Bank for International Settlements.",5B0,"Mexico - Central bank, assets, total, BIS-spliced, USD",,E,2019-06,190.6118316598,,F,A,
M,MX,B,USD,_Z,B,,From January 1977 onwards: monthly financial statements. Before 1977: annual financial statements.,BIS-spliced,The data in billions of US dollars are calculated using market exchange rates.,,3,9,,"This series is adjusted for breaks. Break-adjustment calculations follow the methodology outlined in the BIS Quarterly Review (2013). For further detail, see https://www.bis.org/publ/qtrpdf/r_qt1303z.htm","Bank of Mexico, Bank for International Settlements.",5B0,"Mexico - Central bank, assets, total, BIS-spliced, USD",,E,2019-07,192.99059184925,,F,A,
M,MX,B,USD,_Z,B,,From January 1977 onwards: monthly financial statements. Before 1977: annual financial statements.,BIS-spliced,The data in billions of US dollars are calculated using market exchange rates.,,3,9,,"This series is adjusted for breaks. Break-adjustment calculations follow the methodology outlined in the BIS Quarterly Review (2013). For further detail, see https://www.bis.org/publ/qtrpdf/r_qt1303z.htm","Bank of Mexico, Bank for International Settlements.",5B0,"Mexico - Central bank, assets, total, BIS-spliced, USD",,E,2019-08,197.734654908,,F,A,
M,MX,B,USD,_Z,B,,From January 1977 onwards: monthly financial statements. Before 1977: annual financial statements.,BIS-spliced,The data in billions of US dollars are calculated using market exchange rates.,,3,9,,"This series is adjusted for breaks. Break-adjustment calculations follow the methodology outlined in the BIS Quarterly Review (2013). For further detail, see https://www.bis.org/publ/qtrpdf/r_qt1303z.htm","Bank of Mexico, Bank for International Settlements.",5B0,"Mexico - Central bank, assets, total, BIS-spliced, USD",,E,2019-09,202.43645985027,,F,A,
M,MX,B,USD,_Z,B,,From January 1977 onwards: monthly financial statements. Before 1977: annual financial statements.,BIS-spliced,The data in billions of US dollars are calculated using market exchange rates.,,3,9,,"This series is adjusted for breaks. Break-adjustment calculations follow the methodology outlined in the BIS Quarterly Review (2013). For further detail, see https://www.bis.org/publ/qtrpdf/r_qt1303z.htm","Bank of Mexico, Bank for International Settlements.",5B0,"Mexico - Central bank, assets, total, BIS-spliced, USD",,E,2019-10,210.26135970741,,F,A,
M,MX,B,USD,_Z,B,,From January 1977 onwards: monthly financial statements. Before 1977: annual financial statements.,BIS-spliced,The data in billions of US dollars are calculated using market exchange rates.,,3,9,,"This series is adjusted for breaks. Break-adjustment calculations follow the methodology outlined in the BIS Quarterly Review (2013). For further detail, see https://www.bis.org/publ/qtrpdf/r_qt1303z.htm","Bank of Mexico, Bank for International Settlements.",5B0,"Mexico - Central bank, assets, total, BIS-spliced, USD",,E,2019-11,210.3331309521,,F,A,
M,MX,B,USD,_Z,B,,From January 1977 onwards: monthly financial statements. Before 1977: annual financial statements.,BIS-spliced,The data in billions of US dollars are calculated using market exchange rates.,,3,9,,"This series is adjusted for breaks. Break-adjustment calculations follow the methodology outlined in the BIS Quarterly Review (2013). For further detail, see https://www.bis.org/publ/qtrpdf/r_qt1303z.htm","Bank of Mexico, Bank for International Settlements.",5B0,"Mexico - Central bank, assets, total, BIS-spliced, USD",,E,2019-12,201.56110118661,,F,A,
M,MX,B,USD,_Z,B,,From January 1977 onwards: monthly financial statements. Before 1977: annual financial statements.,BIS-spliced,The data in billions of US dollars are calculated using market exchange rates.,,3,9,,"This series is adjusted for breaks. Break-adjustment calculations follow the methodology outlined in the BIS Quarterly Review (2013). For further detail, see https://www.bis.org/publ/qtrpdf/r_qt1303z.htm","Bank of Mexico, Bank for International Settlements.",5B0,"Mexico - Central bank, assets, total, BIS-spliced, USD",,E,2020-01,202.85087419969,,F,A,
M,MX,B,USD,_Z,B,,From January 1977 onwards: monthly financial statements. Before 1977: annual financial statements.,BIS-spliced,The data in billions of US dollars are calculated using market exchange rates.,,3,9,,"This series is adjusted for breaks. Break-adjustment calculations follow the methodology outlined in the BIS Quarterly Review (2013). For further detail, see https://www.bis.org/publ/qtrpdf/r_qt1303z.htm","Bank of Mexico, Bank for International Settlements.",5B0,"Mexico - Central bank, assets, total, BIS-spliced, USD",,E,2020-02,199.97286461155,,F,A,
M,MX,B,USD,_Z,B,,From January 1977 onwards: monthly financial statements. Before 1977: annual financial statements.,BIS-spliced,The data in billions of US dollars are calculated using market exchange rates.,,3,9,,"This series is adjusted for breaks. Break-adjustment calculations follow the methodology outlined in the BIS Quarterly Review (2013). For further detail, see https://www.bis.org/publ/qtrpdf/r_qt1303z.htm","Bank of Mexico, Bank for International Settlements.",5B0,"Mexico - Central bank, assets, total, BIS-spliced, USD",,E,2020-03,197.2674315664,,F,A,
M,MX,B,USD,_Z,B,,From January 1977 onwards: monthly financial statements. Before 1977: annual financial statements.,BIS-spliced,The data in billions of US dollars are calculated using market exchange rates.,,3,9,,"This series is adjusted for breaks. Break-adjustment calculations follow the methodology outlined in the BIS Quarterly Review (2013). For further detail, see https://www.bis.org/publ/qtrpdf/r_qt1303z.htm","Bank of Mexico, Bank for International Settlements.",5B0,"Mexico - Central bank, assets, total, BIS-spliced, USD",,E,2020-04,212.95946943823,,F,A,
M,MX,B,USD,_Z,B,,From January 1977 onwards: monthly financial statements. Before 1977: annual financial statements.,BIS-spliced,The data in billions of US dollars are calculated using market exchange rates.,,3,9,,"This series is adjusted for breaks. Break-adjustment calculations follow the methodology outlined in the BIS Quarterly Review (2013). For further detail, see https://www.bis.org/publ/qtrpdf/r_qt1303z.htm","Bank of Mexico, Bank for International Settlements.",5B0,"Mexico - Central bank, assets, total, BIS-spliced, USD",,E,2020-05,219.77206466422,,F,A,
M,MX,B,USD,_Z,B,,From January 1977 onwards: monthly financial statements. Before 1977: annual financial statements.,BIS-spliced,The data in billions of US dollars are calculated using market exchange rates.,,3,9,,"This series is adjusted for breaks. Break-adjustment calculations follow the methodology outlined in the BIS Quarterly Review (2013). For further detail, see https://www.bis.org/publ/qtrpdf/r_qt1303z.htm","Bank of Mexico, Bank for International Settlements.",5B0,"Mexico - Central bank, assets, total, BIS-spliced, USD",,E,2020-06,208.39034775504,,F,A,
M,MX,B,USD,_Z,B,,From January 1977 onwards: monthly financial statements. Before 1977: annual financial statements.,BIS-spliced,The data in billions of US dollars are calculated using market exchange rates.,,3,9,,"This series is adjusted for breaks. Break-adjustment calculations follow the methodology outlined in the BIS Quarterly Review (2013). For further detail, see https://www.bis.org/publ/qtrpdf/r_qt1303z.htm","Bank of Mexico, Bank for International Settlements.",5B0,"Mexico - Central bank, assets, total, BIS-spliced, USD",,E,2020-07,215.91814497298,,F,A,
M,MX,B,USD,_Z,B,,From January 1977 onwards: monthly financial statements. Before 1977: annual financial statements.,BIS-spliced,The data in billions of US dollars are calculated using market exchange rates.,,3,9,,"This series is adjusted for breaks. Break-adjustment calculations follow the methodology outlined in the BIS Quarterly Review (2013). For further detail, see https://www.bis.org/publ/qtrpdf/r_qt1303z.htm","Bank of Mexico, Bank for International Settlements.",5B0,"Mexico - Central bank, assets, total, BIS-spliced, USD",,E,2020-08,221.05059595533,,F,A,
M,MX,B,USD,_Z,B,,From January 1977 onwards: monthly financial statements. Before 1977: annual financial statements.,BIS-spliced,The data in billions of US dollars are calculated using market exchange rates.,,3,9,,"This series is adjusted for breaks. Break-adjustment calculations follow the methodology outlined in the BIS Quarterly Review (2013). For further detail, see https://www.bis.org/publ/qtrpdf/r_qt1303z.htm","Bank of Mexico, Bank for International Settlements.",5B0,"Mexico - Central bank, assets, total, BIS-spliced, USD",,E,2020-09,216.24914946076,,F,A,
M,MX,B,USD,_Z,B,,From January 1977 onwards: monthly financial statements. Before 1977: annual financial statements.,BIS-spliced,The data in billions of US dollars are calculated using market exchange rates.,,3,9,,"This series is adjusted for breaks. Break-adjustment calculations follow the methodology outlined in the BIS Quarterly Review (2013). For further detail, see https://www.bis.org/publ/qtrpdf/r_qt1303z.htm","Bank of Mexico, Bank for International Settlements.",5B0,"Mexico - Central bank, assets, total, BIS-spliced, USD",,E,2020-10,222.41334843166,,F,A,
M,MX,B,USD,_Z,B,,From January 1977 onwards: monthly financial statements. Before 1977: annual financial statements.,BIS-spliced,The data in billions of US dollars are calculated using market exchange rates.,,3,9,,"This series is adjusted for breaks. Break-adjustment calculations follow the methodology outlined in the BIS Quarterly Review (2013). For further detail, see https://www.bis.org/publ/qtrpdf/r_qt1303z.htm","Bank of Mexico, Bank for International Settlements.",5B0,"Mexico - Central bank, assets, total, BIS-spliced, USD",,E,2020-11,233.25650135759,,F,A,
M,MX,B,USD,_Z,B,,From January 1977 onwards: monthly financial statements. Before 1977: annual financial statements.,BIS-spliced,The data in billions of US dollars are calculated using market exchange rates.,,3,9,,"This series is adjusted for breaks. Break-adjustment calculations follow the methodology outlined in the BIS Quarterly Review (2013). For further detail, see https://www.bis.org/publ/qtrpdf/r_qt1303z.htm","Bank of Mexico, Bank for International Settlements.",5B0,"Mexico - Central bank, assets, total, BIS-spliced, USD",,E,2020-12,230.65238222477,,F,A,
M,MX,B,USD,_Z,B,,From January 1977 onwards: monthly financial statements. Before 1977: annual financial statements.,BIS-spliced,The data in billions of US dollars are calculated using market exchange rates.,,3,9,,"This series is adjusted for breaks. Break-adjustment calculations follow the methodology outlined in the BIS Quarterly Review (2013). For further detail, see https://www.bis.org/publ/qtrpdf/r_qt1303z.htm","Bank of Mexico, Bank for International Settlements.",5B0,"Mexico - Central bank, assets, total, BIS-spliced, USD",,E,2021-01,231.45210400258,,F,A,
M,MX,B,USD,_Z,B,,From January 1977 onwards: monthly financial statements. Before 1977: annual financial statements.,BIS-spliced,The data in billions of US dollars are calculated using market exchange rates.,,3,9,,"This series is adjusted for breaks. Break-adjustment calculations follow the methodology outlined in the BIS Quarterly Review (2013). For further detail, see https://www.bis.org/publ/qtrpdf/r_qt1303z.htm","Bank of Mexico, Bank for International Settlements.",5B0,"Mexico - Central bank, assets, total, BIS-spliced, USD",,E,2021-02,226.80734444141,,F,A,
M,MX,B,USD,_Z,B,,From January 1977 onwards: monthly financial statements. Before 1977: annual financial statements.,BIS-spliced,The data in billions of US dollars are calculated using market exchange rates.,,3,9,,"This series is adjusted for breaks. Break-adjustment calculations follow the methodology outlined in the BIS Quarterly Review (2013). For further detail, see https://www.bis.org/publ/qtrpdf/r_qt1303z.htm","Bank of Mexico, Bank for International Settlements.",5B0,"Mexico - Central bank, assets, total, BIS-spliced, USD",,E,2021-03,225.39563056639,,F,A,
M,MX,B,USD,_Z,B,,From January 1977 onwards: monthly financial statements. Before 1977: annual financial statements.,BIS-spliced,The data in billions of US dollars are calculated using market exchange rates.,,3,9,,"This series is adjusted for breaks. Break-adjustment calculations follow the methodology outlined in the BIS Quarterly Review (2013). For further detail, see https://www.bis.org/publ/qtrpdf/r_qt1303z.htm","Bank of Mexico, Bank for International Settlements.",5B0,"Mexico - Central bank, assets, total, BIS-spliced, USD",,E,2021-04,236.22011286389,,F,A,
M,MX,B,USD,_Z,B,,From January 1977 onwards: monthly financial statements. Before 1977: annual financial statements.,BIS-spliced,The data in billions of US dollars are calculated using market exchange rates.,,3,9,,"This series is adjusted for breaks. Break-adjustment calculations follow the methodology outlined in the BIS Quarterly Review (2013). For further detail, see https://www.bis.org/publ/qtrpdf/r_qt1303z.htm","Bank of Mexico, Bank for International Settlements.",5B0,"Mexico - Central bank, assets, total, BIS-spliced, USD",,E,2021-05,235.31483583336,,F,A,
M,MX,B,USD,_Z,B,,From January 1977 onwards: monthly financial statements. Before 1977: annual financial statements.,BIS-spliced,The data in billions of US dollars are calculated using market exchange rates.,,3,9,,"This series is adjusted for breaks. Break-adjustment calculations follow the methodology outlined in the BIS Quarterly Review (2013). For further detail, see https://www.bis.org/publ/qtrpdf/r_qt1303z.htm","Bank of Mexico, Bank for International Settlements.",5B0,"Mexico - Central bank, assets, total, BIS-spliced, USD",,E,2021-06,225.11824346012,,F,A,
M,MX,B,USD,_Z,B,,From January 1977 onwards: monthly financial statements. Before 1977: annual financial statements.,BIS-spliced,The data in billions of US dollars are calculated using market exchange rates.,,3,9,,"This series is adjusted for breaks. Break-adjustment calculations follow the methodology outlined in the BIS Quarterly Review (2013). For further detail, see https://www.bis.org/publ/qtrpdf/r_qt1303z.htm","Bank of Mexico, Bank for International Settlements.",5B0,"Mexico - Central bank, assets, total, BIS-spliced, USD",,E,2021-07,229.40012098088,,F,A,
M,MX,B,USD,_Z,B,,From January 1977 onwards: monthly financial statements. Before 1977: annual financial statements.,BIS-spliced,The data in billions of US dollars are calculated using market exchange rates.,,3,9,,"This series is adjusted for breaks. Break-adjustment calculations follow the methodology outlined in the BIS Quarterly Review (2013). For further detail, see https://www.bis.org/publ/qtrpdf/r_qt1303z.htm","Bank of Mexico, Bank for International Settlements.",5B0,"Mexico - Central bank, assets, total, BIS-spliced, USD",,E,2021-08,240.78655680557,,F,A,
M,MX,B,USD,_Z,B,,From January 1977 onwards: monthly financial statements. Before 1977: annual financial statements.,BIS-spliced,The data in billions of US dollars are calculated using market exchange rates.,,3,9,,"This series is adjusted for breaks. Break-adjustment calculations follow the methodology outlined in the BIS Quarterly Review (2013). For further detail, see https://www.bis.org/publ/qtrpdf/r_qt1303z.htm","Bank of Mexico, Bank for International Settlements.",5B0,"Mexico - Central bank, assets, total, BIS-spliced, USD",,E,2021-09,235.81939288407,,F,A,
M,MX,B,USD,_Z,B,,From January 1977 onwards: monthly financial statements. Before 1977: annual financial statements.,BIS-spliced,The data in billions of US dollars are calculated using market exchange rates.,,3,9,,"This series is adjusted for breaks. Break-adjustment calculations follow the methodology outlined in the BIS Quarterly Review (2013). For further detail, see https://www.bis.org/publ/qtrpdf/r_qt1303z.htm","Bank of Mexico, Bank for International Settlements.",5B0,"Mexico - Central bank, assets, total, BIS-spliced, USD",,E,2021-10,241.44081462562,,F,A,
M,MX,B,USD,_Z,B,,From January 1977 onwards: monthly financial statements. Before 1977: annual financial statements.,BIS-spliced,The data in billions of US dollars are calculated using market exchange rates.,,3,9,,"This series is adjusted for breaks. Break-adjustment calculations follow the methodology outlined in the BIS Quarterly Review (2013). For further detail, see https://www.bis.org/publ/qtrpdf/r_qt1303z.htm","Bank of Mexico, Bank for International Settlements.",5B0,"Mexico - Central bank, assets, total, BIS-spliced, USD",,E,2021-11,237.04434058329,,F,A,
M,MX,B,USD,_Z,B,,From January 1977 onwards: monthly financial statements. Before 1977: annual financial statements.,BIS-spliced,The data in billions of US dollars are calculated using market exchange rates.,,3,9,,"This series is adjusted for breaks. Break-adjustment calculations follow the methodology outlined in the BIS Quarterly Review (2013). For further detail, see https://www.bis.org/publ/qtrpdf/r_qt1303z.htm","Bank of Mexico, Bank for International Settlements.",5B0,"Mexico - Central bank, assets, total, BIS-spliced, USD",,E,2021-12,232.6210886112,,F,A,
M,MX,B,USD,_Z,B,,From January 1977 onwards: monthly financial statements. Before 1977: annual financial statements.,BIS-spliced,The data in billions of US dollars are calculated using market exchange rates.,,3,9,,"This series is adjusted for breaks. Break-adjustment calculations follow the methodology outlined in the BIS Quarterly Review (2013). For further detail, see https://www.bis.org/publ/qtrpdf/r_qt1303z.htm","Bank of Mexico, Bank for International Settlements.",5B0,"Mexico - Central bank, assets, total, BIS-spliced, USD",,E,2022-01,229.9585929715,,F,A,
M,MX,B,USD,_Z,B,,From January 1977 onwards: monthly financial statements. Before 1977: annual financial statements.,BIS-spliced,The data in billions of US dollars are calculated using market exchange rates.,,3,9,,"This series is adjusted for breaks. Break-adjustment calculations follow the methodology outlined in the BIS Quarterly Review (2013). For further detail, see https://www.bis.org/publ/qtrpdf/r_qt1303z.htm","Bank of Mexico, Bank for International Settlements.",5B0,"Mexico - Central bank, assets, total, BIS-spliced, USD",,E,2022-02,224.33448756173,,F,A,
M,MX,B,USD,_Z,B,,From January 1977 onwards: monthly financial statements. Before 1977: annual financial statements.,BIS-spliced,The data in billions of US dollars are calculated using market exchange rates.,,3,9,,"This series is adjusted for breaks. Break-adjustment calculations follow the methodology outlined in the BIS Quarterly Review (2013). For further detail, see https://www.bis.org/publ/qtrpdf/r_qt1303z.htm","Bank of Mexico, Bank for International Settlements.",5B0,"Mexico - Central bank, assets, total, BIS-spliced, USD",,E,2022-03,224.35464578571,,F,A,
M,MX,B,USD,_Z,B,,From January 1977 onwards: monthly financial statements. Before 1977: annual financial statements.,BIS-spliced,The data in billions of US dollars are calculated using market exchange rates.,,3,9,,"This series is adjusted for breaks. Break-adjustment calculations follow the methodology outlined in the BIS Quarterly Review (2013). For further detail, see https://www.bis.org/publ/qtrpdf/r_qt1303z.htm","Bank of Mexico, Bank for International Settlements.",5B0,"Mexico - Central bank, assets, total, BIS-spliced, USD",,E,2022-04,231.98383460718,,F,A,
M,MX,B,USD,_Z,B,,From January 1977 onwards: monthly financial statements. Before 1977: annual financial statements.,BIS-spliced,The data in billions of US dollars are calculated using market exchange rates.,,3,9,,"This series is adjusted for breaks. Break-adjustment calculations follow the methodology outlined in the BIS Quarterly Review (2013). For further detail, see https://www.bis.org/publ/qtrpdf/r_qt1303z.htm","Bank of Mexico, Bank for International Settlements.",5B0,"Mexico - Central bank, assets, total, BIS-spliced, USD",,E,2022-05,233.45345714966,,F,A,
M,MX,B,USD,_Z,B,,From January 1977 onwards: monthly financial statements. Before 1977: annual financial statements.,BIS-spliced,The data in billions of US dollars are calculated using market exchange rates.,,3,9,,"This series is adjusted for breaks. Break-adjustment calculations follow the methodology outlined in the BIS Quarterly Review (2013). For further detail, see https://www.bis.org/publ/qtrpdf/r_qt1303z.htm","Bank of Mexico, Bank for International Settlements.",5B0,"Mexico - Central bank, assets, total, BIS-spliced, USD",,E,2022-06,224.66601240215,,F,A,
M,MX,B,USD,_Z,B,,From January 1977 onwards: monthly financial statements. Before 1977: annual financial statements.,BIS-spliced,The data in billions of US dollars are calculated using market exchange rates.,,3,9,,"This series is adjusted for breaks. Break-adjustment calculations follow the methodology outlined in the BIS Quarterly Review (2013). For further detail, see https://www.bis.org/publ/qtrpdf/r_qt1303z.htm","Bank of Mexico, Bank for International Settlements.",5B0,"Mexico - Central bank, assets, total, BIS-spliced, USD",,E,2022-07,226.90765803284,,F,A,
M,MX,B,USD,_Z,B,,From January 1977 onwards: monthly financial statements. Before 1977: annual financial statements.,BIS-spliced,The data in billions of US dollars are calculated using market exchange rates.,,3,9,,"This series is adjusted for breaks. Break-adjustment calculations follow the methodology outlined in the BIS Quarterly Review (2013). For further detail, see https://www.bis.org/publ/qtrpdf/r_qt1303z.htm","Bank of Mexico, Bank for International Settlements.",5B0,"Mexico - Central bank, assets, total, BIS-spliced, USD",,E,2022-08,229.86641523629,,F,A,
M,MX,B,USD,_Z,B,,From January 1977 onwards: monthly financial statements. Before 1977: annual financial statements.,BIS-spliced,The data in billions of US dollars are calculated using market exchange rates.,,3,9,,"This series is adjusted for breaks. Break-adjustment calculations follow the methodology outlined in the BIS Quarterly Review (2013). For further detail, see https://www.bis.org/publ/qtrpdf/r_qt1303z.htm","Bank of Mexico, Bank for International Settlements.",5B0,"Mexico - Central bank, assets, total, BIS-spliced, USD",,E,2022-09,231.73444949667,,F,A,
M,MX,B,USD,_Z,B,,From January 1977 onwards: monthly financial statements. Before 1977: annual financial statements.,BIS-spliced,The data in billions of US dollars are calculated using market exchange rates.,,3,9,,"This series is adjusted for breaks. Break-adjustment calculations follow the methodology outlined in the BIS Quarterly Review (2013). For further detail, see https://www.bis.org/publ/qtrpdf/r_qt1303z.htm","Bank of Mexico, Bank for International Settlements.",5B0,"Mexico - Central bank, assets, total, BIS-spliced, USD",,E,2022-10,226.22460279421,,F,A,
M,MX,B,USD,_Z,B,,From January 1977 onwards: monthly financial statements. Before 1977: annual financial statements.,BIS-spliced,The data in billions of US dollars are calculated using market exchange rates.,,3,9,,"This series is adjusted for breaks. Break-adjustment calculations follow the methodology outlined in the BIS Quarterly Review (2013). For further detail, see https://www.bis.org/publ/qtrpdf/r_qt1303z.htm","Bank of Mexico, Bank for International Settlements.",5B0,"Mexico - Central bank, assets, total, BIS-spliced, USD",,E,2022-11,230.69075583051,,F,A,
M,MX,B,USD,_Z,B,,From January 1977 onwards: monthly financial statements. Before 1977: annual financial statements.,BIS-spliced,The data in billions of US dollars are calculated using market exchange rates.,,3,9,,"This series is adjusted for breaks. Break-adjustment calculations follow the methodology outlined in the BIS Quarterly Review (2013). For further detail, see https://www.bis.org/publ/qtrpdf/r_qt1303z.htm","Bank of Mexico, Bank for International Settlements.",5B0,"Mexico - Central bank, assets, total, BIS-spliced, USD",,E,2022-12,223.76261542002,,F,A,
M,MX,B,USD,_Z,B,,From January 1977 onwards: monthly financial statements. Before 1977: annual financial statements.,BIS-spliced,The data in billions of US dollars are calculated using market exchange rates.,,3,9,,"This series is adjusted for breaks. Break-adjustment calculations follow the methodology outlined in the BIS Quarterly Review (2013). For further detail, see https://www.bis.org/publ/qtrpdf/r_qt1303z.htm","Bank of Mexico, Bank for International Settlements.",5B0,"Mexico - Central bank, assets, total, BIS-spliced, USD",,E,2023-01,233.52712562696,,F,A,
M,MX,B,USD,_Z,B,,From January 1977 onwards: monthly financial statements. Before 1977: annual financial statements.,BIS-spliced,The data in billions of US dollars are calculated using market exchange rates.,,3,9,,"This series is adjusted for breaks. Break-adjustment calculations follow the methodology outlined in the BIS Quarterly Review (2013). For further detail, see https://www.bis.org/publ/qtrpdf/r_qt1303z.htm","Bank of Mexico, Bank for International Settlements.",5B0,"Mexico - Central bank, assets, total, BIS-spliced, USD",,E,2023-02,236.56891133278,,F,A,
M,MX,B,USD,_Z,B,,From January 1977 onwards: monthly financial statements. Before 1977: annual financial statements.,BIS-spliced,The data in billions of US dollars are calculated using market exchange rates.,,3,9,,"This series is adjusted for breaks. Break-adjustment calculations follow the methodology outlined in the BIS Quarterly Review (2013). For further detail, see https://www.bis.org/publ/qtrpdf/r_qt1303z.htm","Bank of Mexico, Bank for International Settlements.",5B0,"Mexico - Central bank, assets, total, BIS-spliced, USD",,E,2023-03,234.82025044299,,F,A,
M,MX,B,USD,_Z,B,,From January 1977 onwards: monthly financial statements. Before 1977: annual financial statements.,BIS-spliced,The data in billions of US dollars are calculated using market exchange rates.,,3,9,,"This series is adjusted for breaks. Break-adjustment calculations follow the methodology outlined in the BIS Quarterly Review (2013). For further detail, see https://www.bis.org/publ/qtrpdf/r_qt1303z.htm","Bank of Mexico, Bank for International Settlements.",5B0,"Mexico - Central bank, assets, total, BIS-spliced, USD",,E,2023-04,249.90953445318,,F,A,
M,MX,B,USD,_Z,B,,From January 1977 onwards: monthly financial statements. Before 1977: annual financial statements.,BIS-spliced,The data in billions of US dollars are calculated using market exchange rates.,,3,9,,"This series is adjusted for breaks. Break-adjustment calculations follow the methodology outlined in the BIS Quarterly Review (2013). For further detail, see https://www.bis.org/publ/qtrpdf/r_qt1303z.htm","Bank of Mexico, Bank for International Settlements.",5B0,"Mexico - Central bank, assets, total, BIS-spliced, USD",,E,2023-05,255.90843342333,,F,A,
M,MX,B,USD,_Z,B,,From January 1977 onwards: monthly financial statements. Before 1977: annual financial statements.,BIS-spliced,The data in billions of US dollars are calculated using market exchange rates.,,3,9,,"This series is adjusted for breaks. Break-adjustment calculations follow the methodology outlined in the BIS Quarterly Review (2013). For further detail, see https://www.bis.org/publ/qtrpdf/r_qt1303z.htm","Bank of Mexico, Bank for International Settlements.",5B0,"Mexico - Central bank, assets, total, BIS-spliced, USD",,E,2023-06,237.49873581734,,F,A,
M,MX,B,USD,_Z,B,,From January 1977 onwards: monthly financial statements. Before 1977: annual financial statements.,BIS-spliced,The data in billions of US dollars are calculated using market exchange rates.,,3,9,,"This series is adjusted for breaks. Break-adjustment calculations follow the methodology outlined in the BIS Quarterly Review (2013). For further detail, see https://www.bis.org/publ/qtrpdf/r_qt1303z.htm","Bank of Mexico, Bank for International Settlements.",5B0,"Mexico - Central bank, assets, total, BIS-spliced, USD",,E,2023-07,235.23184273282,,F,A,
M,MX,B,USD,_Z,B,,From January 1977 onwards: monthly financial statements. Before 1977: annual financial statements.,BIS-spliced,The data in billions of US dollars are calculated using market exchange rates.,,3,9,,"This series is adjusted for breaks. Break-adjustment calculations follow the methodology outlined in the BIS Quarterly Review (2013). For further detail, see https://www.bis.org/publ/qtrpdf/r_qt1303z.htm","Bank of Mexico, Bank for International Settlements.",5B0,"Mexico - Central bank, assets, total, BIS-spliced, USD",,E,2023-08,238.92078871257,,F,A,
M,MX,B,USD,_Z,B,,From January 1977 onwards: monthly financial statements. Before 1977: annual financial statements.,BIS-spliced,The data in billions of US dollars are calculated using market exchange rates.,,3,9,,"This series is adjusted for breaks. Break-adjustment calculations follow the methodology outlined in the BIS Quarterly Review (2013). For further detail, see https://www.bis.org/publ/qtrpdf/r_qt1303z.htm","Bank of Mexico, Bank for International Settlements.",5B0,"Mexico - Central bank, assets, total, BIS-spliced, USD",,E,2023-09,240.52960446414,,F,A,
M,MX,B,USD,_Z,B,,From January 1977 onwards: monthly financial statements. Before 1977: annual financial statements.,BIS-spliced,The data in billions of US dollars are calculated using market exchange rates.,,3,9,,"This series is adjusted for breaks. Break-adjustment calculations follow the methodology outlined in the BIS Quarterly Review (2013). For further detail, see https://www.bis.org/publ/qtrpdf/r_qt1303z.htm","Bank of Mexico, Bank for International Settlements.",5B0,"Mexico - Central bank, assets, total, BIS-spliced, USD",,E,2023-10,239.79306455722,,F,A,
M,MX,B,USD,_Z,B,,From January 1977 onwards: monthly financial statements. Before 1977: annual financial statements.,BIS-spliced,The data in billions of US dollars are calculated using market exchange rates.,,3,9,,"This series is adjusted for breaks. Break-adjustment calculations follow the methodology outlined in the BIS Quarterly Review (2013). For further detail, see https://www.bis.org/publ/qtrpdf/r_qt1303z.htm","Bank of Mexico, Bank for International Settlements.",5B0,"Mexico - Central bank, assets, total, BIS-spliced, USD",,E,2023-11,236.68340064657,,F,A,
M,MX,B,USD,_Z,B,,From January 1977 onwards: monthly financial statements. Before 1977: annual financial statements.,BIS-spliced,The data in billions of US dollars are calculated using market exchange rates.,,3,9,,"This series is adjusted for breaks. Break-adjustment calculations follow the methodology outlined in the BIS Quarterly Review (2013). For further detail, see https://www.bis.org/publ/qtrpdf/r_qt1303z.htm","Bank of Mexico, Bank for International Settlements.",5B0,"Mexico - Central bank, assets, total, BIS-spliced, USD",,E,2023-12,247.23155540482,,F,A,
M,MX,B,USD,_Z,B,,From January 1977 onwards: monthly financial statements. Before 1977: annual financial statements.,BIS-spliced,The data in billions of US dollars are calculated using market exchange rates.,,3,9,,"This series is adjusted for breaks. Break-adjustment calculations follow the methodology outlined in the BIS Quarterly Review (2013). For further detail, see https://www.bis.org/publ/qtrpdf/r_qt1303z.htm","Bank of Mexico, Bank for International Settlements.",5B0,"Mexico - Central bank, assets, total, BIS-spliced, USD",,E,2024-01,250.23563042133,,F,A,
M,MX,B,USD,_Z,B,,From January 1977 onwards: monthly financial statements. Before 1977: annual financial statements.,BIS-spliced,The data in billions of US dollars are calculated using market exchange rates.,,3,9,,"This series is adjusted for breaks. Break-adjustment calculations follow the methodology outlined in the BIS Quarterly Review (2013). For further detail, see https://www.bis.org/publ/qtrpdf/r_qt1303z.htm","Bank of Mexico, Bank for International Settlements.",5B0,"Mexico - Central bank, assets, total, BIS-spliced, USD",,E,2024-02,242.86781825063,,F,A,
M,MX,B,USD,_Z,B,,From January 1977 onwards: monthly financial statements. Before 1977: annual financial statements.,BIS-spliced,The data in billions of US dollars are calculated using market exchange rates.,,3,9,,"This series is adjusted for breaks. Break-adjustment calculations follow the methodology outlined in the BIS Quarterly Review (2013). For further detail, see https://www.bis.org/publ/qtrpdf/r_qt1303z.htm","Bank of Mexico, Bank for International Settlements.",5B0,"Mexico - Central bank, assets, total, BIS-spliced, USD",,E,2024-03,255.12352640655,,F,A,
M,MX,B,USD,_Z,B,,From January 1977 onwards: monthly financial statements. Before 1977: annual financial statements.,BIS-spliced,The data in billions of US dollars are calculated using market exchange rates.,,3,9,,"This series is adjusted for breaks. Break-adjustment calculations follow the methodology outlined in the BIS Quarterly Review (2013). For further detail, see https://www.bis.org/publ/qtrpdf/r_qt1303z.htm","Bank of Mexico, Bank for International Settlements.",5B0,"Mexico - Central bank, assets, total, BIS-spliced, USD",,E,2024-04,254.76101767503,,F,A,
M,MX,B,USD,_Z,B,,From January 1977 onwards: monthly financial statements. Before 1977: annual financial statements.,BIS-spliced,The data in billions of US dollars are calculated using market exchange rates.,,3,9,,"This series is adjusted for breaks. Break-adjustment calculations follow the methodology outlined in the BIS Quarterly Review (2013). For further detail, see https://www.bis.org/publ/qtrpdf/r_qt1303z.htm","Bank of Mexico, Bank for International Settlements.",5B0,"Mexico - Central bank, assets, total, BIS-spliced, USD",,E,2024-05,256.11325023998,,F,A,
M,MX,B,USD,_Z,B,,From January 1977 onwards: monthly financial statements. Before 1977: annual financial statements.,BIS-spliced,The data in billions of US dollars are calculated using market exchange rates.,,3,9,,"This series is adjusted for breaks. Break-adjustment calculations follow the methodology outlined in the BIS Quarterly Review (2013). For further detail, see https://www.bis.org/publ/qtrpdf/r_qt1303z.htm","Bank of Mexico, Bank for International Settlements.",5B0,"Mexico - Central bank, assets, total, BIS-spliced, USD",,E,2024-06,250.17957164178,,F,A,
M,MX,B,USD,_Z,B,,From January 1977 onwards: monthly financial statements. Before 1977: annual financial statements.,BIS-spliced,The data in billions of US dollars are calculated using market exchange rates.,,3,9,,"This series is adjusted for breaks. Break-adjustment calculations follow the methodology outlined in the BIS Quarterly Review (2013). For further detail, see https://www.bis.org/publ/qtrpdf/r_qt1303z.htm","Bank of Mexico, Bank for International Settlements.",5B0,"Mexico - Central bank, assets, total, BIS-spliced, USD",,E,2024-07,256.18184069212,,F,A,
M,MX,B,USD,_Z,B,,From January 1977 onwards: monthly financial statements. Before 1977: annual financial statements.,BIS-spliced,The data in billions of US dollars are calculated using market exchange rates.,,3,9,,"This series is adjusted for breaks. Break-adjustment calculations follow the methodology outlined in the BIS Quarterly Review (2013). For further detail, see https://www.bis.org/publ/qtrpdf/r_qt1303z.htm","Bank of Mexico, Bank for International Settlements.",5B0,"Mexico - Central bank, assets, total, BIS-spliced, USD",,E,2024-08,268.85708756279,,F,A,
M,MX,B,USD,_Z,B,,From January 1977 onwards: monthly financial statements. Before 1977: annual financial statements.,BIS-spliced,The data in billions of US dollars are calculated using market exchange rates.,,3,9,,"This series is adjusted for breaks. Break-adjustment calculations follow the methodology outlined in the BIS Quarterly Review (2013). For further detail, see https://www.bis.org/publ/qtrpdf/r_qt1303z.htm","Bank of Mexico, Bank for International Settlements.",5B0,"Mexico - Central bank, assets, total, BIS-spliced, USD",,E,2024-09,264.21469133287,,F,A,
M,MX,B,USD,_Z,B,,From January 1977 onwards: monthly financial statements. Before 1977: annual financial statements.,BIS-spliced,The data in billions of US dollars are calculated using market exchange rates.,,3,9,,"This series is adjusted for breaks. Break-adjustment calculations follow the methodology outlined in the BIS Quarterly Review (2013). For further detail, see https://www.bis.org/publ/qtrpdf/r_qt1303z.htm","Bank of Mexico, Bank for International Settlements.",5B0,"Mexico - Central bank, assets, total, BIS-spliced, USD",,E,2024-10,266.69305236901,,F,A,
M,MX,B,USD,_Z,B,,From January 1977 onwards: monthly financial statements. Before 1977: annual financial statements.,BIS-spliced,The data in billions of US dollars are calculated using market exchange rates.,,3,9,,"This series is adjusted for breaks. Break-adjustment calculations follow the methodology outlined in the BIS Quarterly Review (2013). For further detail, see https://www.bis.org/publ/qtrpdf/r_qt1303z.htm","Bank of Mexico, Bank for International Settlements.",5B0,"Mexico - Central bank, assets, total, BIS-spliced, USD",,E,2024-11,272.51774523843,,F,A,
M,MX,B,USD,_Z,B,,From January 1977 onwards: monthly financial statements. Before 1977: annual financial statements.,BIS-spliced,The data in billions of US dollars are calculated using market exchange rates.,,3,9,,"This series is adjusted for breaks. Break-adjustment calculations follow the methodology outlined in the BIS Quarterly Review (2013). For further detail, see https://www.bis.org/publ/qtrpdf/r_qt1303z.htm","Bank of Mexico, Bank for International Settlements.",5B0,"Mexico - Central bank, assets, total, BIS-spliced, USD",,E,2024-12,267.7818453625,,F,A,
M,MX,B,USD,_Z,B,,From January 1977 onwards: monthly financial statements. Before 1977: annual financial statements.,BIS-spliced,The data in billions of US dollars are calculated using market exchange rates.,,3,9,,"This series is adjusted for breaks. Break-adjustment calculations follow the methodology outlined in the BIS Quarterly Review (2013). For further detail, see https://www.bis.org/publ/qtrpdf/r_qt1303z.htm","Bank of Mexico, Bank for International Settlements.",5B0,"Mexico - Central bank, assets, total, BIS-spliced, USD",,E,2025-01,265.2255428763,,F,A,
M,MX,B,USD,_Z,B,,From January 1977 onwards: monthly financial statements. Before 1977: annual financial statements.,BIS-spliced,The data in billions of US dollars are calculated using market exchange rates.,,3,9,,"This series is adjusted for breaks. Break-adjustment calculations follow the methodology outlined in the BIS Quarterly Review (2013). For further detail, see https://www.bis.org/publ/qtrpdf/r_qt1303z.htm","Bank of Mexico, Bank for International Settlements.",5B0,"Mexico - Central bank, assets, total, BIS-spliced, USD",,E,2025-02,269.99517484719,,F,A,
M,MX,B,USD,_Z,B,,From January 1977 onwards: monthly financial statements. Before 1977: annual financial statements.,BIS-spliced,The data in billions of US dollars are calculated using market exchange rates.,,3,9,,"This series is adjusted for breaks. Break-adjustment calculations follow the methodology outlined in the BIS Quarterly Review (2013). For further detail, see https://www.bis.org/publ/qtrpdf/r_qt1303z.htm","Bank of Mexico, Bank for International Settlements.",5B0,"Mexico - Central bank, assets, total, BIS-spliced, USD",,E,2025-03,265.63247247617,,F,A,
M,MX,B,USD,_Z,B,,From January 1977 onwards: monthly financial statements. Before 1977: annual financial statements.,BIS-spliced,The data in billions of US dollars are calculated using market exchange rates.,,3,9,,"This series is adjusted for breaks. Break-adjustment calculations follow the methodology outlined in the BIS Quarterly Review (2013). For further detail, see https://www.bis.org/publ/qtrpdf/r_qt1303z.htm","Bank of Mexico, Bank for International Settlements.",5B0,"Mexico - Central bank, assets, total, BIS-spliced, USD",,E,2025-04,278.37894234303,,F,A,
M,MX,B,USD,_Z,B,,From January 1977 onwards: monthly financial statements. Before 1977: annual financial statements.,BIS-spliced,The data in billions of US dollars are calculated using market exchange rates.,,3,9,,"This series is adjusted for breaks. Break-adjustment calculations follow the methodology outlined in the BIS Quarterly Review (2013). For further detail, see https://www.bis.org/publ/qtrpdf/r_qt1303z.htm","Bank of Mexico, Bank for International Settlements.",5B0,"Mexico - Central bank, assets, total, BIS-spliced, USD",,E,2025-05,276.99148413373,,F,A,
M,MX,B,USD,_Z,B,,From January 1977 onwards: monthly financial statements. Before 1977: annual financial statements.,BIS-spliced,The data in billions of US dollars are calculated using market exchange rates.,,3,9,,"This series is adjusted for breaks. Break-adjustment calculations follow the methodology outlined in the BIS Quarterly Review (2013). For further detail, see https://www.bis.org/publ/qtrpdf/r_qt1303z.htm","Bank of Mexico, Bank for International Settlements.",5B0,"Mexico - Central bank, assets, total, BIS-spliced, USD",,E,2025-06,282.54209426027,,F,A,
M,MX,B,USD,_Z,B,,From January 1977 onwards: monthly financial statements. Before 1977: annual financial statements.,BIS-spliced,The data in billions of US dollars are calculated using market exchange rates.,,3,9,,"This series is adjusted for breaks. Break-adjustment calculations follow the methodology outlined in the BIS Quarterly Review (2013). For further detail, see https://www.bis.org/publ/qtrpdf/r_qt1303z.htm","Bank of Mexico, Bank for International Settlements.",5B0,"Mexico - Central bank, assets, total, BIS-spliced, USD",,E,2025-07,280.3892017173,,F,A,
M,MX,B,USD,_Z,B,,From January 1977 onwards: monthly financial statements. Before 1977: annual financial statements.,BIS-spliced,The data in billions of US dollars are calculated using market exchange rates.,,3,9,,"This series is adjusted for breaks. Break-adjustment calculations follow the methodology outlined in the BIS Quarterly Review (2013). For further detail, see https://www.bis.org/publ/qtrpdf/r_qt1303z.htm","Bank of Mexico, Bank for International Settlements.",5B0,"Mexico - Central bank, assets, total, BIS-spliced, USD",,E,2025-08,289.16697165669,,F,A,
M,MX,B,USD,_Z,B,,From January 1977 onwards: monthly financial statements. Before 1977: annual financial statements.,BIS-spliced,The data in billions of US dollars are calculated using market exchange rates.,,3,9,,"This series is adjusted for breaks. Break-adjustment calculations follow the methodology outlined in the BIS Quarterly Review (2013). For further detail, see https://www.bis.org/publ/qtrpdf/r_qt1303z.htm","Bank of Mexico, Bank for International Settlements.",5B0,"Mexico - Central bank, assets, total, BIS-spliced, USD",,E,2025-09,295.56113764084,,F,A,
M,MX,B,USD,_Z,B,,From January 1977 onwards: monthly financial statements. Before 1977: annual financial statements.,BIS-spliced,The data in billions of US dollars are calculated using market exchange rates.,,3,9,,"This series is adjusted for breaks. Break-adjustment calculations follow the methodology outlined in the BIS Quarterly Review (2013). For further detail, see https://www.bis.org/publ/qtrpdf/r_qt1303z.htm","Bank of Mexico, Bank for International Settlements.",5B0,"Mexico - Central bank, assets, total, BIS-spliced, USD",,E,2025-10,291.9294527034,,F,A,
M,MX,B,USD,_Z,B,,From January 1977 onwards: monthly financial statements. Before 1977: annual financial statements.,BIS-spliced,The data in billions of US dollars are calculated using market exchange rates.,,3,9,,"This series is adjusted for breaks. Break-adjustment calculations follow the methodology outlined in the BIS Quarterly Review (2013). For further detail, see https://www.bis.org/publ/qtrpdf/r_qt1303z.htm","Bank of Mexico, Bank for International Settlements.",5B0,"Mexico - Central bank, assets, total, BIS-spliced, USD",,E,2025-11,299.11924786961,,F,A,
M,MX,B,USD,_Z,B,,From January 1977 onwards: monthly financial statements. Before 1977: annual financial statements.,BIS-spliced,The data in billions of US dollars are calculated using market exchange rates.,,3,9,,"This series is adjusted for breaks. Break-adjustment calculations follow the methodology outlined in the BIS Quarterly Review (2013). For further detail, see https://www.bis.org/publ/qtrpdf/r_qt1303z.htm","Bank of Mexico, Bank for International Settlements.",5B0,"Mexico - Central bank, assets, total, BIS-spliced, USD",,E,2025-12,301.80618903305,,F,A,
M,MX,B,USD,_Z,B,,From January 1977 onwards: monthly financial statements. Before 1977: annual financial statements.,BIS-spliced,The data in billions of US dollars are calculated using market exchange rates.,,3,9,,"This series is adjusted for breaks. Break-adjustment calculations follow the methodology outlined in the BIS Quarterly Review (2013). For further detail, see https://www.bis.org/publ/qtrpdf/r_qt1303z.htm","Bank of Mexico, Bank for International Settlements.",5B0,"Mexico - Central bank, assets, total, BIS-spliced, USD",,E,2026-01,311.1730506605,,F,A,
M,MX,B,USD,_Z,B,,From January 1977 onwards: monthly financial statements. Before 1977: annual financial statements.,BIS-spliced,The data in billions of US dollars are calculated using market exchange rates.,,3,9,,"This series is adjusted for breaks. Break-adjustment calculations follow the methodology outlined in the BIS Quarterly Review (2013). For further detail, see https://www.bis.org/publ/qtrpdf/r_qt1303z.htm","Bank of Mexico, Bank for International Settlements.",5B0,"Mexico - Central bank, assets, total, BIS-spliced, USD",,E,2026-02,306.93511267834,,F,A,
M,MX,B,USD,_Z,B,,From January 1977 onwards: monthly financial statements. Before 1977: annual financial statements.,BIS-spliced,The data in billions of US dollars are calculated using market exchange rates.,,3,9,,"This series is adjusted for breaks. Break-adjustment calculations follow the methodology outlined in the BIS Quarterly Review (2013). For further detail, see https://www.bis.org/publ/qtrpdf/r_qt1303z.htm","Bank of Mexico, Bank for International Settlements.",5B0,"Mexico - Central bank, assets, total, BIS-spliced, USD",,E,2026-03,290.03728734289,,F,A,
M,MX,B,USD,_Z,B,,From January 1977 onwards: monthly financial statements. Before 1977: annual financial statements.,BIS-spliced,The data in billions of US dollars are calculated using market exchange rates.,,3,9,,"This series is adjusted for breaks. Break-adjustment calculations follow the methodology outlined in the BIS Quarterly Review (2013). For further detail, see https://www.bis.org/publ/qtrpdf/r_qt1303z.htm","Bank of Mexico, Bank for International Settlements.",5B0,"Mexico - Central bank, assets, total, BIS-spliced, USD",,E,2026-04,291.20003931249,,F,A,
M,MX,B,USD,_Z,B,,From January 1977 onwards: monthly financial statements. Before 1977: annual financial statements.,BIS-spliced,The data in billions of US dollars are calculated using market exchange rates.,,3,9,,"This series is adjusted for breaks. Break-adjustment calculations follow the methodology outlined in the BIS Quarterly Review (2013). For further detail, see https://www.bis.org/publ/qtrpdf/r_qt1303z.htm","Bank of Mexico, Bank for International Settlements.",5B0,"Mexico - Central bank, assets, total, BIS-spliced, USD",,E,2026-05,294.39236183354,,F,A,
M,MX,B,USD,_Z,B,,From January 1977 onwards: monthly financial statements. Before 1977: annual financial statements.,BIS-spliced,The data in billions of US dollars are calculated using market exchange rates.,,3,9,,"This series is adjusted for breaks. Break-adjustment calculations follow the methodology outlined in the BIS Quarterly Review (2013). For further detail, see https://www.bis.org/publ/qtrpdf/r_qt1303z.htm","Bank of Mexico, Bank for International Settlements.",5B0,"Mexico - Central bank, assets, total, BIS-spliced, USD",,E,2026-06,282.84959532734,,F,A,
M,MX,B,USD,_Z,B,,From January 1977 onwards: monthly financial statements. Before 1977: annual financial statements.,BIS-spliced,The data in billions of US dollars are calculated using market exchange rates.,,3,9,,"This series is adjusted for breaks. Break-adjustment calculations follow the methodology outlined in the BIS Quarterly Review (2013). For further detail, see https://www.bis.org/publ/qtrpdf/r_qt1303z.htm","Bank of Mexico, Bank for International Settlements.",5B0,"Mexico - Central bank, assets, total, BIS-spliced, USD",,E,2026-07,293.56300588436,,F,A,
M,MX,B,XDC,MXN,B,,From January 1977 onwards: monthly financial statements. Before 1977: annual financial statements.,BIS-spliced,-,,3,9,,"This series is adjusted for breaks. Break-adjustment calculations follow the methodology outlined in the BIS Quarterly Review (2013). For further detail, see https://www.bis.org/publ/qtrpdf/r_qt1303z.htm","Bank of Mexico, Bank for International Settlements.",5B0,"Mexico - Central bank, assets, total, BIS-spliced, break-adjusted",,E,1977-01,0.177083473,,F,A,
M,MX,B,XDC,MXN,B,,From January 1977 onwards: monthly financial statements. Before 1977: annual financial statements.,BIS-spliced,-,,3,9,,"This series is adjusted for breaks. Break-adjustment calculations follow the methodology outlined in the BIS Quarterly Review (2013). For further detail, see https://www.bis.org/publ/qtrpdf/r_qt1303z.htm","Bank of Mexico, Bank for International Settlements.",5B0,"Mexico - Central bank, assets, total, BIS-spliced, break-adjusted",,E,1977-02,0.174205055,,F,A,
M,MX,B,XDC,MXN,B,,From January 1977 onwards: monthly financial statements. Before 1977: annual financial statements.,BIS-spliced,-,,3,9,,"This series is adjusted for breaks. Break-adjustment calculations follow the methodology outlined in the BIS Quarterly Review (2013). For further detail, see https://www.bis.org/publ/qtrpdf/r_qt1303z.htm","Bank of Mexico, Bank for International Settlements.",5B0,"Mexico - Central bank, assets, total, BIS-spliced, break-adjusted",,E,1977-03,0.172671439,,F,A,
M,MX,B,XDC,MXN,B,,From January 1977 onwards: monthly financial statements. Before 1977: annual financial statements.,BIS-spliced,-,,3,9,,"This series is adjusted for breaks. Break-adjustment calculations follow the methodology outlined in the BIS Quarterly Review (2013). For further detail, see https://www.bis.org/publ/qtrpdf/r_qt1303z.htm","Bank of Mexico, Bank for International Settlements.",5B0,"Mexico - Central bank, assets, total, BIS-spliced, break-adjusted",,E,1977-04,0.184297675,,F,A,
M,MX,B,XDC,MXN,B,,From January 1977 onwards: monthly financial statements. Before 1977: annual financial statements.,BIS-spliced,-,,3,9,,"This series is adjusted for breaks. Break-adjustment calculations follow the methodology outlined in the BIS Quarterly Review (2013). For further detail, see https://www.bis.org/publ/qtrpdf/r_qt1303z.htm","Bank of Mexico, Bank for International Settlements.",5B0,"Mexico - Central bank, assets, total, BIS-spliced, break-adjusted",,E,1977-05,0.197748168,,F,A,
M,MX,B,XDC,MXN,B,,From January 1977 onwards: monthly financial statements. Before 1977: annual financial statements.,BIS-spliced,-,,3,9,,"This series is adjusted for breaks. Break-adjustment calculations follow the methodology outlined in the BIS Quarterly Review (2013). For further detail, see https://www.bis.org/publ/qtrpdf/r_qt1303z.htm","Bank of Mexico, Bank for International Settlements.",5B0,"Mexico - Central bank, assets, total, BIS-spliced, break-adjusted",,E,1977-06,0.202618284,,F,A,
M,MX,B,XDC,MXN,B,,From January 1977 onwards: monthly financial statements. Before 1977: annual financial statements.,BIS-spliced,-,,3,9,,"This series is adjusted for breaks. Break-adjustment calculations follow the methodology outlined in the BIS Quarterly Review (2013). For further detail, see https://www.bis.org/publ/qtrpdf/r_qt1303z.htm","Bank of Mexico, Bank for International Settlements.",5B0,"Mexico - Central bank, assets, total, BIS-spliced, break-adjusted",,E,1977-07,0.207788874,,F,A,
M,MX,B,XDC,MXN,B,,From January 1977 onwards: monthly financial statements. Before 1977: annual financial statements.,BIS-spliced,-,,3,9,,"This series is adjusted for breaks. Break-adjustment calculations follow the methodology outlined in the BIS Quarterly Review (2013). For further detail, see https://www.bis.org/publ/qtrpdf/r_qt1303z.htm","Bank of Mexico, Bank for International Settlements.",5B0,"Mexico - Central bank, assets, total, BIS-spliced, break-adjusted",,E,1977-08,0.211384676,,F,A,
M,MX,B,XDC,MXN,B,,From January 1977 onwards: monthly financial statements. Before 1977: annual financial statements.,BIS-spliced,-,,3,9,,"This series is adjusted for breaks. Break-adjustment calculations follow the methodology outlined in the BIS Quarterly Review (2013). For further detail, see https://www.bis.org/publ/qtrpdf/r_qt1303z.htm","Bank of Mexico, Bank for International Settlements.",5B0,"Mexico - Central bank, assets, total, BIS-spliced, break-adjusted",,E,1977-09,0.207332101,,F,A,
M,MX,B,XDC,MXN,B,,From January 1977 onwards: monthly financial statements. Before 1977: annual financial statements.,BIS-spliced,-,,3,9,,"This series is adjusted for breaks. Break-adjustment calculations follow the methodology outlined in the BIS Quarterly Review (2013). For further detail, see https://www.bis.org/publ/qtrpdf/r_qt1303z.htm","Bank of Mexico, Bank for International Settlements.",5B0,"Mexico - Central bank, assets, total, BIS-spliced, break-adjusted",,E,1977-10,0.214372977,,F,A,
M,MX,B,XDC,MXN,B,,From January 1977 onwards: monthly financial statements. Before 1977: annual financial statements.,BIS-spliced,-,,3,9,,"This series is adjusted for breaks. Break-adjustment calculations follow the methodology outlined in the BIS Quarterly Review (2013). For further detail, see https://www.bis.org/publ/qtrpdf/r_qt1303z.htm","Bank of Mexico, Bank for International Settlements.",5B0,"Mexico - Central bank, assets, total, BIS-spliced, break-adjusted",,E,1977-11,0.223161793,,F,A,
M,MX,B,XDC,MXN,B,,From January 1977 onwards: monthly financial statements. Before 1977: annual financial statements.,BIS-spliced,-,,3,9,,"This series is adjusted for breaks. Break-adjustment calculations follow the methodology outlined in the BIS Quarterly Review (2013). For further detail, see https://www.bis.org/publ/qtrpdf/r_qt1303z.htm","Bank of Mexico, Bank for International Settlements.",5B0,"Mexico - Central bank, assets, total, BIS-spliced, break-adjusted",,E,1977-12,0.246559023,,F,A,
M,MX,B,XDC,MXN,B,,From January 1977 onwards: monthly financial statements. Before 1977: annual financial statements.,BIS-spliced,-,,3,9,,"This series is adjusted for breaks. Break-adjustment calculations follow the methodology outlined in the BIS Quarterly Review (2013). For further detail, see https://www.bis.org/publ/qtrpdf/r_qt1303z.htm","Bank of Mexico, Bank for International Settlements.",5B0,"Mexico - Central bank, assets, total, BIS-spliced, break-adjusted",,E,1978-01,0.24441082,,F,A,
M,MX,B,XDC,MXN,B,,From January 1977 onwards: monthly financial statements. Before 1977: annual financial statements.,BIS-spliced,-,,3,9,,"This series is adjusted for breaks. Break-adjustment calculations follow the methodology outlined in the BIS Quarterly Review (2013). For further detail, see https://www.bis.org/publ/qtrpdf/r_qt1303z.htm","Bank of Mexico, Bank for International Settlements.",5B0,"Mexico - Central bank, assets, total, BIS-spliced, break-adjusted",,E,1978-02,0.249893102,,F,A,
M,MX,B,XDC,MXN,B,,From January 1977 onwards: monthly financial statements. Before 1977: annual financial statements.,BIS-spliced,-,,3,9,,"This series is adjusted for breaks. Break-adjustment calculations follow the methodology outlined in the BIS Quarterly Review (2013). For further detail, see https://www.bis.org/publ/qtrpdf/r_qt1303z.htm","Bank of Mexico, Bank for International Settlements.",5B0,"Mexico - Central bank, assets, total, BIS-spliced, break-adjusted",,E,1978-03,0.240603818,,F,A,
M,MX,B,XDC,MXN,B,,From January 1977 onwards: monthly financial statements. Before 1977: annual financial statements.,BIS-spliced,-,,3,9,,"This series is adjusted for breaks. Break-adjustment calculations follow the methodology outlined in the BIS Quarterly Review (2013). For further detail, see https://www.bis.org/publ/qtrpdf/r_qt1303z.htm","Bank of Mexico, Bank for International Settlements.",5B0,"Mexico - Central bank, assets, total, BIS-spliced, break-adjusted",,E,1978-04,0.251298852,,F,A,
M,MX,B,XDC,MXN,B,,From January 1977 onwards: monthly financial statements. Before 1977: annual financial statements.,BIS-spliced,-,,3,9,,"This series is adjusted for breaks. Break-adjustment calculations follow the methodology outlined in the BIS Quarterly Review (2013). For further detail, see https://www.bis.org/publ/qtrpdf/r_qt1303z.htm","Bank of Mexico, Bank for International Settlements.",5B0,"Mexico - Central bank, assets, total, BIS-spliced, break-adjusted",,E,1978-05,0.265366904,,F,A,
M,MX,B,XDC,MXN,B,,From January 1977 onwards: monthly financial statements. Before 1977: annual financial statements.,BIS-spliced,-,,3,9,,"This series is adjusted for breaks. Break-adjustment calculations follow the methodology outlined in the BIS Quarterly Review (2013). For further detail, see https://www.bis.org/publ/qtrpdf/r_qt1303z.htm","Bank of Mexico, Bank for International Settlements.",5B0,"Mexico - Central bank, assets, total, BIS-spliced, break-adjusted",,E,1978-06,0.260909162,,F,A,
M,MX,B,XDC,MXN,B,,From January 1977 onwards: monthly financial statements. Before 1977: annual financial statements.,BIS-spliced,-,,3,9,,"This series is adjusted for breaks. Break-adjustment calculations follow the methodology outlined in the BIS Quarterly Review (2013). For further detail, see https://www.bis.org/publ/qtrpdf/r_qt1303z.htm","Bank of Mexico, Bank for International Settlements.",5B0,"Mexico - Central bank, assets, total, BIS-spliced, break-adjusted",,E,1978-07,0.270434678,,F,A,
M,MX,B,XDC,MXN,B,,From January 1977 onwards: monthly financial statements. Before 1977: annual financial statements.,BIS-spliced,-,,3,9,,"This series is adjusted for breaks. Break-adjustment calculations follow the methodology outlined in the BIS Quarterly Review (2013). For further detail, see https://www.bis.org/publ/qtrpdf/r_qt1303z.htm","Bank of Mexico, Bank for International Settlements.",5B0,"Mexico - Central bank, assets, total, BIS-spliced, break-adjusted",,E,1978-08,0.28371265,,F,A,
M,MX,B,XDC,MXN,B,,From January 1977 onwards: monthly financial statements. Before 1977: annual financial statements.,BIS-spliced,-,,3,9,,"This series is adjusted for breaks. Break-adjustment calculations follow the methodology outlined in the BIS Quarterly Review (2013). For further detail, see https://www.bis.org/publ/qtrpdf/r_qt1303z.htm","Bank of Mexico, Bank for International Settlements.",5B0,"Mexico - Central bank, assets, total, BIS-spliced, break-adjusted",,E,1978-09,0.284826008,,F,A,
M,MX,B,XDC,MXN,B,,From January 1977 onwards: monthly financial statements. Before 1977: annual financial statements.,BIS-spliced,-,,3,9,,"This series is adjusted for breaks. Break-adjustment calculations follow the methodology outlined in the BIS Quarterly Review (2013). For further detail, see https://www.bis.org/publ/qtrpdf/r_qt1303z.htm","Bank of Mexico, Bank for International Settlements.",5B0,"Mexico - Central bank, assets, total, BIS-spliced, break-adjusted",,E,1978-10,0.287887028,,F,A,
M,MX,B,XDC,MXN,B,,From January 1977 onwards: monthly financial statements. Before 1977: annual financial statements.,BIS-spliced,-,,3,9,,"This series is adjusted for breaks. Break-adjustment calculations follow the methodology outlined in the BIS Quarterly Review (2013). For further detail, see https://www.bis.org/publ/qtrpdf/r_qt1303z.htm","Bank of Mexico, Bank for International Settlements.",5B0,"Mexico - Central bank, assets, total, BIS-spliced, break-adjusted",,E,1978-11,0.31514566,,F,A,
M,MX,B,XDC,MXN,B,,From January 1977 onwards: monthly financial statements. Before 1977: annual financial statements.,BIS-spliced,-,,3,9,,"This series is adjusted for breaks. Break-adjustment calculations follow the methodology outlined in the BIS Quarterly Review (2013). For further detail, see https://www.bis.org/publ/qtrpdf/r_qt1303z.htm","Bank of Mexico, Bank for International Settlements.",5B0,"Mexico - Central bank, assets, total, BIS-spliced, break-adjusted",,E,1978-12,0.356401116,,F,A,
M,MX,B,XDC,MXN,B,,From January 1977 onwards: monthly financial statements. Before 1977: annual financial statements.,BIS-spliced,-,,3,9,,"This series is adjusted for breaks. Break-adjustment calculations follow the methodology outlined in the BIS Quarterly Review (2013). For further detail, see https://www.bis.org/publ/qtrpdf/r_qt1303z.htm","Bank of Mexico, Bank for International Settlements.",5B0,"Mexico - Central bank, assets, total, BIS-spliced, break-adjusted",,E,1979-01,0.354721543,,F,A,
M,MX,B,XDC,MXN,B,,From January 1977 onwards: monthly financial statements. Before 1977: annual financial statements.,BIS-spliced,-,,3,9,,"This series is adjusted for breaks. Break-adjustment calculations follow the methodology outlined in the BIS Quarterly Review (2013). For further detail, see https://www.bis.org/publ/qtrpdf/r_qt1303z.htm","Bank of Mexico, Bank for International Settlements.",5B0,"Mexico - Central bank, assets, total, BIS-spliced, break-adjusted",,E,1979-02,0.378663236,,F,A,
M,MX,B,XDC,MXN,B,,From January 1977 onwards: monthly financial statements. Before 1977: annual financial statements.,BIS-spliced,-,,3,9,,"This series is adjusted for breaks. Break-adjustment calculations follow the methodology outlined in the BIS Quarterly Review (2013). For further detail, see https://www.bis.org/publ/qtrpdf/r_qt1303z.htm","Bank of Mexico, Bank for International Settlements.",5B0,"Mexico - Central bank, assets, total, BIS-spliced, break-adjusted",,E,1979-03,0.390029418,,F,A,
M,MX,B,XDC,MXN,B,,From January 1977 onwards: monthly financial statements. Before 1977: annual financial statements.,BIS-spliced,-,,3,9,,"This series is adjusted for breaks. Break-adjustment calculations follow the methodology outlined in the BIS Quarterly Review (2013). For further detail, see https://www.bis.org/publ/qtrpdf/r_qt1303z.htm","Bank of Mexico, Bank for International Settlements.",5B0,"Mexico - Central bank, assets, total, BIS-spliced, break-adjusted",,E,1979-04,0.39496889,,F,A,
M,MX,B,XDC,MXN,B,,From January 1977 onwards: monthly financial statements. Before 1977: annual financial statements.,BIS-spliced,-,,3,9,,"This series is adjusted for breaks. Break-adjustment calculations follow the methodology outlined in the BIS Quarterly Review (2013). For further detail, see https://www.bis.org/publ/qtrpdf/r_qt1303z.htm","Bank of Mexico, Bank for International Settlements.",5B0,"Mexico - Central bank, assets, total, BIS-spliced, break-adjusted",,E,1979-05,0.388753177,,F,A,
M,MX,B,XDC,MXN,B,,From January 1977 onwards: monthly financial statements. Before 1977: annual financial statements.,BIS-spliced,-,,3,9,,"This series is adjusted for breaks. Break-adjustment calculations follow the methodology outlined in the BIS Quarterly Review (2013). For further detail, see https://www.bis.org/publ/qtrpdf/r_qt1303z.htm","Bank of Mexico, Bank for International Settlements.",5B0,"Mexico - Central bank, assets, total, BIS-spliced, break-adjusted",,E,1979-06,0.379626605,,F,A,
M,MX,B,XDC,MXN,B,,From January 1977 onwards: monthly financial statements. Before 1977: annual financial statements.,BIS-spliced,-,,3,9,,"This series is adjusted for breaks. Break-adjustment calculations follow the methodology outlined in the BIS Quarterly Review (2013). For further detail, see https://www.bis.org/publ/qtrpdf/r_qt1303z.htm","Bank of Mexico, Bank for International Settlements.",5B0,"Mexico - Central bank, assets, total, BIS-spliced, break-adjusted",,E,1979-07,0.437945215,,F,A,
M,MX,B,XDC,MXN,B,,From January 1977 onwards: monthly financial statements. Before 1977: annual financial statements.,BIS-spliced,-,,3,9,,"This series is adjusted for breaks. Break-adjustment calculations follow the methodology outlined in the BIS Quarterly Review (2013). For further detail, see https://www.bis.org/publ/qtrpdf/r_qt1303z.htm","Bank of Mexico, Bank for International Settlements.",5B0,"Mexico - Central bank, assets, total, BIS-spliced, break-adjusted",,E,1979-08,0.431974685,,F,A,
M,MX,B,XDC,MXN,B,,From January 1977 onwards: monthly financial statements. Before 1977: annual financial statements.,BIS-spliced,-,,3,9,,"This series is adjusted for breaks. Break-adjustment calculations follow the methodology outlined in the BIS Quarterly Review (2013). For further detail, see https://www.bis.org/publ/qtrpdf/r_qt1303z.htm","Bank of Mexico, Bank for International Settlements.",5B0,"Mexico - Central bank, assets, total, BIS-spliced, break-adjusted",,E,1979-09,0.449278071,,F,A,
M,MX,B,XDC,MXN,B,,From January 1977 onwards: monthly financial statements. Before 1977: annual financial statements.,BIS-spliced,-,,3,9,,"This series is adjusted for breaks. Break-adjustment calculations follow the methodology outlined in the BIS Quarterly Review (2013). For further detail, see https://www.bis.org/publ/qtrpdf/r_qt1303z.htm","Bank of Mexico, Bank for International Settlements.",5B0,"Mexico - Central bank, assets, total, BIS-spliced, break-adjusted",,E,1979-10,0.458290933,,F,A,
M,MX,B,XDC,MXN,B,,From January 1977 onwards: monthly financial statements. Before 1977: annual financial statements.,BIS-spliced,-,,3,9,,"This series is adjusted for breaks. Break-adjustment calculations follow the methodology outlined in the BIS Quarterly Review (2013). For further detail, see https://www.bis.org/publ/qtrpdf/r_qt1303z.htm","Bank of Mexico, Bank for International Settlements.",5B0,"Mexico - Central bank, assets, total, BIS-spliced, break-adjusted",,E,1979-11,0.485564258,,F,A,
M,MX,B,XDC,MXN,B,,From January 1977 onwards: monthly financial statements. Before 1977: annual financial statements.,BIS-spliced,-,,3,9,,"This series is adjusted for breaks. Break-adjustment calculations follow the methodology outlined in the BIS Quarterly Review (2013). For further detail, see https://www.bis.org/publ/qtrpdf/r_qt1303z.htm","Bank of Mexico, Bank for International Settlements.",5B0,"Mexico - Central bank, assets, total, BIS-spliced, break-adjusted",,E,1979-12,0.51238471,,F,A,
M,MX,B,XDC,MXN,B,,From January 1977 onwards: monthly financial statements. Before 1977: annual financial statements.,BIS-spliced,-,,3,9,,"This series is adjusted for breaks. Break-adjustment calculations follow the methodology outlined in the BIS Quarterly Review (2013). For further detail, see https://www.bis.org/publ/qtrpdf/r_qt1303z.htm","Bank of Mexico, Bank for International Settlements.",5B0,"Mexico - Central bank, assets, total, BIS-spliced, break-adjusted",,E,1980-01,0.508137729,,F,A,
M,MX,B,XDC,MXN,B,,From January 1977 onwards: monthly financial statements. Before 1977: annual financial statements.,BIS-spliced,-,,3,9,,"This series is adjusted for breaks. Break-adjustment calculations follow the methodology outlined in the BIS Quarterly Review (2013). For further detail, see https://www.bis.org/publ/qtrpdf/r_qt1303z.htm","Bank of Mexico, Bank for International Settlements.",5B0,"Mexico - Central bank, assets, total, BIS-spliced, break-adjusted",,E,1980-02,0.512885049,,F,A,
M,MX,B,XDC,MXN,B,,From January 1977 onwards: monthly financial statements. Before 1977: annual financial statements.,BIS-spliced,-,,3,9,,"This series is adjusted for breaks. Break-adjustment calculations follow the methodology outlined in the BIS Quarterly Review (2013). For further detail, see https://www.bis.org/publ/qtrpdf/r_qt1303z.htm","Bank of Mexico, Bank for International Settlements.",5B0,"Mexico - Central bank, assets, total, BIS-spliced, break-adjusted",,E,1980-03,0.537877953,,F,A,
M,MX,B,XDC,MXN,B,,From January 1977 onwards: monthly financial statements. Before 1977: annual financial statements.,BIS-spliced,-,,3,9,,"This series is adjusted for breaks. Break-adjustment calculations follow the methodology outlined in the BIS Quarterly Review (2013). For further detail, see https://www.bis.org/publ/qtrpdf/r_qt1303z.htm","Bank of Mexico, Bank for International Settlements.",5B0,"Mexico - Central bank, assets, total, BIS-spliced, break-adjusted",,E,1980-04,0.545779437,,F,A,
M,MX,B,XDC,MXN,B,,From January 1977 onwards: monthly financial statements. Before 1977: annual financial statements.,BIS-spliced,-,,3,9,,"This series is adjusted for breaks. Break-adjustment calculations follow the methodology outlined in the BIS Quarterly Review (2013). For further detail, see https://www.bis.org/publ/qtrpdf/r_qt1303z.htm","Bank of Mexico, Bank for International Settlements.",5B0,"Mexico - Central bank, assets, total, BIS-spliced, break-adjusted",,E,1980-05,0.559294869,,F,A,
M,MX,B,XDC,MXN,B,,From January 1977 onwards: monthly financial statements. Before 1977: annual financial statements.,BIS-spliced,-,,3,9,,"This series is adjusted for breaks. Break-adjustment calculations follow the methodology outlined in the BIS Quarterly Review (2013). For further detail, see https://www.bis.org/publ/qtrpdf/r_qt1303z.htm","Bank of Mexico, Bank for International Settlements.",5B0,"Mexico - Central bank, assets, total, BIS-spliced, break-adjusted",,E,1980-06,0.575815701,,F,A,
M,MX,B,XDC,MXN,B,,From January 1977 onwards: monthly financial statements. Before 1977: annual financial statements.,BIS-spliced,-,,3,9,,"This series is adjusted for breaks. Break-adjustment calculations follow the methodology outlined in the BIS Quarterly Review (2013). For further detail, see https://www.bis.org/publ/qtrpdf/r_qt1303z.htm","Bank of Mexico, Bank for International Settlements.",5B0,"Mexico - Central bank, assets, total, BIS-spliced, break-adjusted",,E,1980-07,0.61100899,,F,A,
M,MX,B,XDC,MXN,B,,From January 1977 onwards: monthly financial statements. Before 1977: annual financial statements.,BIS-spliced,-,,3,9,,"This series is adjusted for breaks. Break-adjustment calculations follow the methodology outlined in the BIS Quarterly Review (2013). For further detail, see https://www.bis.org/publ/qtrpdf/r_qt1303z.htm","Bank of Mexico, Bank for International Settlements.",5B0,"Mexico - Central bank, assets, total, BIS-spliced, break-adjusted",,E,1980-08,0.615697667,,F,A,
M,MX,B,XDC,MXN,B,,From January 1977 onwards: monthly financial statements. Before 1977: annual financial statements.,BIS-spliced,-,,3,9,,"This series is adjusted for breaks. Break-adjustment calculations follow the methodology outlined in the BIS Quarterly Review (2013). For further detail, see https://www.bis.org/publ/qtrpdf/r_qt1303z.htm","Bank of Mexico, Bank for International Settlements.",5B0,"Mexico - Central bank, assets, total, BIS-spliced, break-adjusted",,E,1980-09,0.619258407,,F,A,
M,MX,B,XDC,MXN,B,,From January 1977 onwards: monthly financial statements. Before 1977: annual financial statements.,BIS-spliced,-,,3,9,,"This series is adjusted for breaks. Break-adjustment calculations follow the methodology outlined in the BIS Quarterly Review (2013). For further detail, see https://www.bis.org/publ/qtrpdf/r_qt1303z.htm","Bank of Mexico, Bank for International Settlements.",5B0,"Mexico - Central bank, assets, total, BIS-spliced, break-adjusted",,E,1980-10,0.638190727,,F,A,
M,MX,B,XDC,MXN,B,,From January 1977 onwards: monthly financial statements. Before 1977: annual financial statements.,BIS-spliced,-,,3,9,,"This series is adjusted for breaks. Break-adjustment calculations follow the methodology outlined in the BIS Quarterly Review (2013). For further detail, see https://www.bis.org/publ/qtrpdf/r_qt1303z.htm","Bank of Mexico, Bank for International Settlements.",5B0,"Mexico - Central bank, assets, total, BIS-spliced, break-adjusted",,E,1980-11,0.670339237,,F,A,
M,MX,B,XDC,MXN,B,,From January 1977 onwards: monthly financial statements. Before 1977: annual financial statements.,BIS-spliced,-,,3,9,,"This series is adjusted for breaks. Break-adjustment calculations follow the methodology outlined in the BIS Quarterly Review (2013). For further detail, see https://www.bis.org/publ/qtrpdf/r_qt1303z.htm","Bank of Mexico, Bank for International Settlements.",5B0,"Mexico - Central bank, assets, total, BIS-spliced, break-adjusted",,E,1980-12,0.722462561,,F,A,
M,MX,B,XDC,MXN,B,,From January 1977 onwards: monthly financial statements. Before 1977: annual financial statements.,BIS-spliced,-,,3,9,,"This series is adjusted for breaks. Break-adjustment calculations follow the methodology outlined in the BIS Quarterly Review (2013). For further detail, see https://www.bis.org/publ/qtrpdf/r_qt1303z.htm","Bank of Mexico, Bank for International Settlements.",5B0,"Mexico - Central bank, assets, total, BIS-spliced, break-adjusted",,E,1981-01,0.698912475,,F,A,
M,MX,B,XDC,MXN,B,,From January 1977 onwards: monthly financial statements. Before 1977: annual financial statements.,BIS-spliced,-,,3,9,,"This series is adjusted for breaks. Break-adjustment calculations follow the methodology outlined in the BIS Quarterly Review (2013). For further detail, see https://www.bis.org/publ/qtrpdf/r_qt1303z.htm","Bank of Mexico, Bank for International Settlements.",5B0,"Mexico - Central bank, assets, total, BIS-spliced, break-adjusted",,E,1981-02,0.73858933,,F,A,
M,MX,B,XDC,MXN,B,,From January 1977 onwards: monthly financial statements. Before 1977: annual financial statements.,BIS-spliced,-,,3,9,,"This series is adjusted for breaks. Break-adjustment calculations follow the methodology outlined in the BIS Quarterly Review (2013). For further detail, see https://www.bis.org/publ/qtrpdf/r_qt1303z.htm","Bank of Mexico, Bank for International Settlements.",5B0,"Mexico - Central bank, assets, total, BIS-spliced, break-adjusted",,E,1981-03,0.777205532,,F,A,
M,MX,B,XDC,MXN,B,,From January 1977 onwards: monthly financial statements. Before 1977: annual financial statements.,BIS-spliced,-,,3,9,,"This series is adjusted for breaks. Break-adjustment calculations follow the methodology outlined in the BIS Quarterly Review (2013). For further detail, see https://www.bis.org/publ/qtrpdf/r_qt1303z.htm","Bank of Mexico, Bank for International Settlements.",5B0,"Mexico - Central bank, assets, total, BIS-spliced, break-adjusted",,E,1981-04,0.80758156,,F,A,
M,MX,B,XDC,MXN,B,,From January 1977 onwards: monthly financial statements. Before 1977: annual financial statements.,BIS-spliced,-,,3,9,,"This series is adjusted for breaks. Break-adjustment calculations follow the methodology outlined in the BIS Quarterly Review (2013). For further detail, see https://www.bis.org/publ/qtrpdf/r_qt1303z.htm","Bank of Mexico, Bank for International Settlements.",5B0,"Mexico - Central bank, assets, total, BIS-spliced, break-adjusted",,E,1981-05,0.85050941,,F,A,
M,MX,B,XDC,MXN,B,,From January 1977 onwards: monthly financial statements. Before 1977: annual financial statements.,BIS-spliced,-,,3,9,,"This series is adjusted for breaks. Break-adjustment calculations follow the methodology outlined in the BIS Quarterly Review (2013). For further detail, see https://www.bis.org/publ/qtrpdf/r_qt1303z.htm","Bank of Mexico, Bank for International Settlements.",5B0,"Mexico - Central bank, assets, total, BIS-spliced, break-adjusted",,E,1981-06,0.876905886,,F,A,
M,MX,B,XDC,MXN,B,,From January 1977 onwards: monthly financial statements. Before 1977: annual financial statements.,BIS-spliced,-,,3,9,,"This series is adjusted for breaks. Break-adjustment calculations follow the methodology outlined in the BIS Quarterly Review (2013). For further detail, see https://www.bis.org/publ/qtrpdf/r_qt1303z.htm","Bank of Mexico, Bank for International Settlements.",5B0,"Mexico - Central bank, assets, total, BIS-spliced, break-adjusted",,E,1981-07,0.924829928,,F,A,
M,MX,B,XDC,MXN,B,,From January 1977 onwards: monthly financial statements. Before 1977: annual financial statements.,BIS-spliced,-,,3,9,,"This series is adjusted for breaks. Break-adjustment calculations follow the methodology outlined in the BIS Quarterly Review (2013). For further detail, see https://www.bis.org/publ/qtrpdf/r_qt1303z.htm","Bank of Mexico, Bank for International Settlements.",5B0,"Mexico - Central bank, assets, total, BIS-spliced, break-adjusted",,E,1981-08,0.984312698,,F,A,
M,MX,B,XDC,MXN,B,,From January 1977 onwards: monthly financial statements. Before 1977: annual financial statements.,BIS-spliced,-,,3,9,,"This series is adjusted for breaks. Break-adjustment calculations follow the methodology outlined in the BIS Quarterly Review (2013). For further detail, see https://www.bis.org/publ/qtrpdf/r_qt1303z.htm","Bank of Mexico, Bank for International Settlements.",5B0,"Mexico - Central bank, assets, total, BIS-spliced, break-adjusted",,E,1981-09,0.956162518,,F,A,
M,MX,B,XDC,MXN,B,,From January 1977 onwards: monthly financial statements. Before 1977: annual financial statements.,BIS-spliced,-,,3,9,,"This series is adjusted for breaks. Break-adjustment calculations follow the methodology outlined in the BIS Quarterly Review (2013). For further detail, see https://www.bis.org/publ/qtrpdf/r_qt1303z.htm","Bank of Mexico, Bank for International Settlements.",5B0,"Mexico - Central bank, assets, total, BIS-spliced, break-adjusted",,E,1981-10,0.98372453,,F,A,
M,MX,B,XDC,MXN,B,,From January 1977 onwards: monthly financial statements. Before 1977: annual financial statements.,BIS-spliced,-,,3,9,,"This series is adjusted for breaks. Break-adjustment calculations follow the methodology outlined in the BIS Quarterly Review (2013). For further detail, see https://www.bis.org/publ/qtrpdf/r_qt1303z.htm","Bank of Mexico, Bank for International Settlements.",5B0,"Mexico - Central bank, assets, total, BIS-spliced, break-adjusted",,E,1981-11,1.054857081,,F,A,
M,MX,B,XDC,MXN,B,,From January 1977 onwards: monthly financial statements. Before 1977: annual financial statements.,BIS-spliced,-,,3,9,,"This series is adjusted for breaks. Break-adjustment calculations follow the methodology outlined in the BIS Quarterly Review (2013). For further detail, see https://www.bis.org/publ/qtrpdf/r_qt1303z.htm","Bank of Mexico, Bank for International Settlements.",5B0,"Mexico - Central bank, assets, total, BIS-spliced, break-adjusted",,E,1981-12,1.086413266,,F,A,
M,MX,B,XDC,MXN,B,,From January 1977 onwards: monthly financial statements. Before 1977: annual financial statements.,BIS-spliced,-,,3,9,,"This series is adjusted for breaks. Break-adjustment calculations follow the methodology outlined in the BIS Quarterly Review (2013). For further detail, see https://www.bis.org/publ/qtrpdf/r_qt1303z.htm","Bank of Mexico, Bank for International Settlements.",5B0,"Mexico - Central bank, assets, total, BIS-spliced, break-adjusted",,E,1982-01,1.105537153,,F,A,
M,MX,B,XDC,MXN,B,,From January 1977 onwards: monthly financial statements. Before 1977: annual financial statements.,BIS-spliced,-,,3,9,,"This series is adjusted for breaks. Break-adjustment calculations follow the methodology outlined in the BIS Quarterly Review (2013). For further detail, see https://www.bis.org/publ/qtrpdf/r_qt1303z.htm","Bank of Mexico, Bank for International Settlements.",5B0,"Mexico - Central bank, assets, total, BIS-spliced, break-adjusted",,E,1982-02,1.406772983,,F,A,
M,MX,B,XDC,MXN,B,,From January 1977 onwards: monthly financial statements. Before 1977: annual financial statements.,BIS-spliced,-,,3,9,,"This series is adjusted for breaks. Break-adjustment calculations follow the methodology outlined in the BIS Quarterly Review (2013). For further detail, see https://www.bis.org/publ/qtrpdf/r_qt1303z.htm","Bank of Mexico, Bank for International Settlements.",5B0,"Mexico - Central bank, assets, total, BIS-spliced, break-adjusted",,E,1982-03,1.41870272,,F,A,
M,MX,B,XDC,MXN,B,,From January 1977 onwards: monthly financial statements. Before 1977: annual financial statements.,BIS-spliced,-,,3,9,,"This series is adjusted for breaks. Break-adjustment calculations follow the methodology outlined in the BIS Quarterly Review (2013). For further detail, see https://www.bis.org/publ/qtrpdf/r_qt1303z.htm","Bank of Mexico, Bank for International Settlements.",5B0,"Mexico - Central bank, assets, total, BIS-spliced, break-adjusted",,E,1982-04,1.510272868,,F,A,
M,MX,B,XDC,MXN,B,,From January 1977 onwards: monthly financial statements. Before 1977: annual financial statements.,BIS-spliced,-,,3,9,,"This series is adjusted for breaks. Break-adjustment calculations follow the methodology outlined in the BIS Quarterly Review (2013). For further detail, see https://www.bis.org/publ/qtrpdf/r_qt1303z.htm","Bank of Mexico, Bank for International Settlements.",5B0,"Mexico - Central bank, assets, total, BIS-spliced, break-adjusted",,E,1982-05,1.60739786,,F,A,
M,MX,B,XDC,MXN,B,,From January 1977 onwards: monthly financial statements. Before 1977: annual financial statements.,BIS-spliced,-,,3,9,,"This series is adjusted for breaks. Break-adjustment calculations follow the methodology outlined in the BIS Quarterly Review (2013). For further detail, see https://www.bis.org/publ/qtrpdf/r_qt1303z.htm","Bank of Mexico, Bank for International Settlements.",5B0,"Mexico - Central bank, assets, total, BIS-spliced, break-adjusted",,E,1982-06,1.593616399,,F,A,
M,MX,B,XDC,MXN,B,,From January 1977 onwards: monthly financial statements. Before 1977: annual financial statements.,BIS-spliced,-,,3,9,,"This series is adjusted for breaks. Break-adjustment calculations follow the methodology outlined in the BIS Quarterly Review (2013). For further detail, see https://www.bis.org/publ/qtrpdf/r_qt1303z.htm","Bank of Mexico, Bank for International Settlements.",5B0,"Mexico - Central bank, assets, total, BIS-spliced, break-adjusted",,E,1982-07,1.759838329,,F,A,
M,MX,B,XDC,MXN,B,,From January 1977 onwards: monthly financial statements. Before 1977: annual financial statements.,BIS-spliced,-,,3,9,,"This series is adjusted for breaks. Break-adjustment calculations follow the methodology outlined in the BIS Quarterly Review (2013). For further detail, see https://www.bis.org/publ/qtrpdf/r_qt1303z.htm","Bank of Mexico, Bank for International Settlements.",5B0,"Mexico - Central bank, assets, total, BIS-spliced, break-adjusted",,E,1982-08,2.118815304,,F,A,
M,MX,B,XDC,MXN,B,,From January 1977 onwards: monthly financial statements. Before 1977: annual financial statements.,BIS-spliced,-,,3,9,,"This series is adjusted for breaks. Break-adjustment calculations follow the methodology outlined in the BIS Quarterly Review (2013). For further detail, see https://www.bis.org/publ/qtrpdf/r_qt1303z.htm","Bank of Mexico, Bank for International Settlements.",5B0,"Mexico - Central bank, assets, total, BIS-spliced, break-adjusted",,E,1982-09,2.204267897,,F,A,
M,MX,B,XDC,MXN,B,,From January 1977 onwards: monthly financial statements. Before 1977: annual financial statements.,BIS-spliced,-,,3,9,,"This series is adjusted for breaks. Break-adjustment calculations follow the methodology outlined in the BIS Quarterly Review (2013). For further detail, see https://www.bis.org/publ/qtrpdf/r_qt1303z.htm","Bank of Mexico, Bank for International Settlements.",5B0,"Mexico - Central bank, assets, total, BIS-spliced, break-adjusted",,E,1982-10,2.27259068,,F,A,
M,MX,B,XDC,MXN,B,,From January 1977 onwards: monthly financial statements. Before 1977: annual financial statements.,BIS-spliced,-,,3,9,,"This series is adjusted for breaks. Break-adjustment calculations follow the methodology outlined in the BIS Quarterly Review (2013). For further detail, see https://www.bis.org/publ/qtrpdf/r_qt1303z.htm","Bank of Mexico, Bank for International Settlements.",5B0,"Mexico - Central bank, assets, total, BIS-spliced, break-adjusted",,E,1982-11,2.39379439,,F,A,
M,MX,B,XDC,MXN,B,,From January 1977 onwards: monthly financial statements. Before 1977: annual financial statements.,BIS-spliced,-,,3,9,,"This series is adjusted for breaks. Break-adjustment calculations follow the methodology outlined in the BIS Quarterly Review (2013). For further detail, see https://www.bis.org/publ/qtrpdf/r_qt1303z.htm","Bank of Mexico, Bank for International Settlements.",5B0,"Mexico - Central bank, assets, total, BIS-spliced, break-adjusted",,E,1982-12,3.06235896,,F,A,
M,MX,B,XDC,MXN,B,,From January 1977 onwards: monthly financial statements. Before 1977: annual financial statements.,BIS-spliced,-,,3,9,,"This series is adjusted for breaks. Break-adjustment calculations follow the methodology outlined in the BIS Quarterly Review (2013). For further detail, see https://www.bis.org/publ/qtrpdf/r_qt1303z.htm","Bank of Mexico, Bank for International Settlements.",5B0,"Mexico - Central bank, assets, total, BIS-spliced, break-adjusted",,E,1983-01,3.182459377,,F,A,
M,MX,B,XDC,MXN,B,,From January 1977 onwards: monthly financial statements. Before 1977: annual financial statements.,BIS-spliced,-,,3,9,,"This series is adjusted for breaks. Break-adjustment calculations follow the methodology outlined in the BIS Quarterly Review (2013). For further detail, see https://www.bis.org/publ/qtrpdf/r_qt1303z.htm","Bank of Mexico, Bank for International Settlements.",5B0,"Mexico - Central bank, assets, total, BIS-spliced, break-adjusted",,E,1983-02,3.331557213,,F,A,
M,MX,B,XDC,MXN,B,,From January 1977 onwards: monthly financial statements. Before 1977: annual financial statements.,BIS-spliced,-,,3,9,,"This series is adjusted for breaks. Break-adjustment calculations follow the methodology outlined in the BIS Quarterly Review (2013). For further detail, see https://www.bis.org/publ/qtrpdf/r_qt1303z.htm","Bank of Mexico, Bank for International Settlements.",5B0,"Mexico - Central bank, assets, total, BIS-spliced, break-adjusted",,E,1983-03,3.340499248,,F,A,
M,MX,B,XDC,MXN,B,,From January 1977 onwards: monthly financial statements. Before 1977: annual financial statements.,BIS-spliced,-,,3,9,,"This series is adjusted for breaks. Break-adjustment calculations follow the methodology outlined in the BIS Quarterly Review (2013). For further detail, see https://www.bis.org/publ/qtrpdf/r_qt1303z.htm","Bank of Mexico, Bank for International Settlements.",5B0,"Mexico - Central bank, assets, total, BIS-spliced, break-adjusted",,E,1983-04,3.332890191,,F,A,
M,MX,B,XDC,MXN,B,,From January 1977 onwards: monthly financial statements. Before 1977: annual financial statements.,BIS-spliced,-,,3,9,,"This series is adjusted for breaks. Break-adjustment calculations follow the methodology outlined in the BIS Quarterly Review (2013). For further detail, see https://www.bis.org/publ/qtrpdf/r_qt1303z.htm","Bank of Mexico, Bank for International Settlements.",5B0,"Mexico - Central bank, assets, total, BIS-spliced, break-adjusted",,E,1983-05,3.468770155,,F,A,
M,MX,B,XDC,MXN,B,,From January 1977 onwards: monthly financial statements. Before 1977: annual financial statements.,BIS-spliced,-,,3,9,,"This series is adjusted for breaks. Break-adjustment calculations follow the methodology outlined in the BIS Quarterly Review (2013). For further detail, see https://www.bis.org/publ/qtrpdf/r_qt1303z.htm","Bank of Mexico, Bank for International Settlements.",5B0,"Mexico - Central bank, assets, total, BIS-spliced, break-adjusted",,E,1983-06,3.612075747,,F,A,
M,MX,B,XDC,MXN,B,,From January 1977 onwards: monthly financial statements. Before 1977: annual financial statements.,BIS-spliced,-,,3,9,,"This series is adjusted for breaks. Break-adjustment calculations follow the methodology outlined in the BIS Quarterly Review (2013). For further detail, see https://www.bis.org/publ/qtrpdf/r_qt1303z.htm","Bank of Mexico, Bank for International Settlements.",5B0,"Mexico - Central bank, assets, total, BIS-spliced, break-adjusted",,E,1983-07,3.700563213,,F,A,
M,MX,B,XDC,MXN,B,,From January 1977 onwards: monthly financial statements. Before 1977: annual financial statements.,BIS-spliced,-,,3,9,,"This series is adjusted for breaks. Break-adjustment calculations follow the methodology outlined in the BIS Quarterly Review (2013). For further detail, see https://www.bis.org/publ/qtrpdf/r_qt1303z.htm","Bank of Mexico, Bank for International Settlements.",5B0,"Mexico - Central bank, assets, total, BIS-spliced, break-adjusted",,E,1983-08,3.802383014,,F,A,
M,MX,B,XDC,MXN,B,,From January 1977 onwards: monthly financial statements. Before 1977: annual financial statements.,BIS-spliced,-,,3,9,,"This series is adjusted for breaks. Break-adjustment calculations follow the methodology outlined in the BIS Quarterly Review (2013). For further detail, see https://www.bis.org/publ/qtrpdf/r_qt1303z.htm","Bank of Mexico, Bank for International Settlements.",5B0,"Mexico - Central bank, assets, total, BIS-spliced, break-adjusted",,E,1983-09,3.933538659,,F,A,
M,MX,B,XDC,MXN,B,,From January 1977 onwards: monthly financial statements. Before 1977: annual financial statements.,BIS-spliced,-,,3,9,,"This series is adjusted for breaks. Break-adjustment calculations follow the methodology outlined in the BIS Quarterly Review (2013). For further detail, see https://www.bis.org/publ/qtrpdf/r_qt1303z.htm","Bank of Mexico, Bank for International Settlements.",5B0,"Mexico - Central bank, assets, total, BIS-spliced, break-adjusted",,E,1983-10,4.01933784,,F,A,
M,MX,B,XDC,MXN,B,,From January 1977 onwards: monthly financial statements. Before 1977: annual financial statements.,BIS-spliced,-,,3,9,,"This series is adjusted for breaks. Break-adjustment calculations follow the methodology outlined in the BIS Quarterly Review (2013). For further detail, see https://www.bis.org/publ/qtrpdf/r_qt1303z.htm","Bank of Mexico, Bank for International Settlements.",5B0,"Mexico - Central bank, assets, total, BIS-spliced, break-adjusted",,E,1983-11,4.203881137,,F,A,
M,MX,B,XDC,MXN,B,,From January 1977 onwards: monthly financial statements. Before 1977: annual financial statements.,BIS-spliced,-,,3,9,,"This series is adjusted for breaks. Break-adjustment calculations follow the methodology outlined in the BIS Quarterly Review (2013). For further detail, see https://www.bis.org/publ/qtrpdf/r_qt1303z.htm","Bank of Mexico, Bank for International Settlements.",5B0,"Mexico - Central bank, assets, total, BIS-spliced, break-adjusted",,E,1983-12,4.357643935,,F,A,
M,MX,B,XDC,MXN,B,,From January 1977 onwards: monthly financial statements. Before 1977: annual financial statements.,BIS-spliced,-,,3,9,,"This series is adjusted for breaks. Break-adjustment calculations follow the methodology outlined in the BIS Quarterly Review (2013). For further detail, see https://www.bis.org/publ/qtrpdf/r_qt1303z.htm","Bank of Mexico, Bank for International Settlements.",5B0,"Mexico - Central bank, assets, total, BIS-spliced, break-adjusted",,E,1984-01,4.581652516,,F,A,
M,MX,B,XDC,MXN,B,,From January 1977 onwards: monthly financial statements. Before 1977: annual financial statements.,BIS-spliced,-,,3,9,,"This series is adjusted for breaks. Break-adjustment calculations follow the methodology outlined in the BIS Quarterly Review (2013). For further detail, see https://www.bis.org/publ/qtrpdf/r_qt1303z.htm","Bank of Mexico, Bank for International Settlements.",5B0,"Mexico - Central bank, assets, total, BIS-spliced, break-adjusted",,E,1984-02,4.781054027,,F,A,
M,MX,B,XDC,MXN,B,,From January 1977 onwards: monthly financial statements. Before 1977: annual financial statements.,BIS-spliced,-,,3,9,,"This series is adjusted for breaks. Break-adjustment calculations follow the methodology outlined in the BIS Quarterly Review (2013). For further detail, see https://www.bis.org/publ/qtrpdf/r_qt1303z.htm","Bank of Mexico, Bank for International Settlements.",5B0,"Mexico - Central bank, assets, total, BIS-spliced, break-adjusted",,E,1984-03,5.01524819,,F,A,
M,MX,B,XDC,MXN,B,,From January 1977 onwards: monthly financial statements. Before 1977: annual financial statements.,BIS-spliced,-,,3,9,,"This series is adjusted for breaks. Break-adjustment calculations follow the methodology outlined in the BIS Quarterly Review (2013). For further detail, see https://www.bis.org/publ/qtrpdf/r_qt1303z.htm","Bank of Mexico, Bank for International Settlements.",5B0,"Mexico - Central bank, assets, total, BIS-spliced, break-adjusted",,E,1984-04,5.193145366,,F,A,
M,MX,B,XDC,MXN,B,,From January 1977 onwards: monthly financial statements. Before 1977: annual financial statements.,BIS-spliced,-,,3,9,,"This series is adjusted for breaks. Break-adjustment calculations follow the methodology outlined in the BIS Quarterly Review (2013). For further detail, see https://www.bis.org/publ/qtrpdf/r_qt1303z.htm","Bank of Mexico, Bank for International Settlements.",5B0,"Mexico - Central bank, assets, total, BIS-spliced, break-adjusted",,E,1984-05,5.32028373,,F,A,
M,MX,B,XDC,MXN,B,,From January 1977 onwards: monthly financial statements. Before 1977: annual financial statements.,BIS-spliced,-,,3,9,,"This series is adjusted for breaks. Break-adjustment calculations follow the methodology outlined in the BIS Quarterly Review (2013). For further detail, see https://www.bis.org/publ/qtrpdf/r_qt1303z.htm","Bank of Mexico, Bank for International Settlements.",5B0,"Mexico - Central bank, assets, total, BIS-spliced, break-adjusted",,E,1984-06,5.461519352,,F,A,
M,MX,B,XDC,MXN,B,,From January 1977 onwards: monthly financial statements. Before 1977: annual financial statements.,BIS-spliced,-,,3,9,,"This series is adjusted for breaks. Break-adjustment calculations follow the methodology outlined in the BIS Quarterly Review (2013). For further detail, see https://www.bis.org/publ/qtrpdf/r_qt1303z.htm","Bank of Mexico, Bank for International Settlements.",5B0,"Mexico - Central bank, assets, total, BIS-spliced, break-adjusted",,E,1984-07,5.632446201,,F,A,
M,MX,B,XDC,MXN,B,,From January 1977 onwards: monthly financial statements. Before 1977: annual financial statements.,BIS-spliced,-,,3,9,,"This series is adjusted for breaks. Break-adjustment calculations follow the methodology outlined in the BIS Quarterly Review (2013). For further detail, see https://www.bis.org/publ/qtrpdf/r_qt1303z.htm","Bank of Mexico, Bank for International Settlements.",5B0,"Mexico - Central bank, assets, total, BIS-spliced, break-adjusted",,E,1984-08,5.853416223,,F,A,
M,MX,B,XDC,MXN,B,,From January 1977 onwards: monthly financial statements. Before 1977: annual financial statements.,BIS-spliced,-,,3,9,,"This series is adjusted for breaks. Break-adjustment calculations follow the methodology outlined in the BIS Quarterly Review (2013). For further detail, see https://www.bis.org/publ/qtrpdf/r_qt1303z.htm","Bank of Mexico, Bank for International Settlements.",5B0,"Mexico - Central bank, assets, total, BIS-spliced, break-adjusted",,E,1984-09,5.913966549,,F,A,
M,MX,B,XDC,MXN,B,,From January 1977 onwards: monthly financial statements. Before 1977: annual financial statements.,BIS-spliced,-,,3,9,,"This series is adjusted for breaks. Break-adjustment calculations follow the methodology outlined in the BIS Quarterly Review (2013). For further detail, see https://www.bis.org/publ/qtrpdf/r_qt1303z.htm","Bank of Mexico, Bank for International Settlements.",5B0,"Mexico - Central bank, assets, total, BIS-spliced, break-adjusted",,E,1984-10,6.172439351,,F,A,
M,MX,B,XDC,MXN,B,,From January 1977 onwards: monthly financial statements. Before 1977: annual financial statements.,BIS-spliced,-,,3,9,,"This series is adjusted for breaks. Break-adjustment calculations follow the methodology outlined in the BIS Quarterly Review (2013). For further detail, see https://www.bis.org/publ/qtrpdf/r_qt1303z.htm","Bank of Mexico, Bank for International Settlements.",5B0,"Mexico - Central bank, assets, total, BIS-spliced, break-adjusted",,E,1984-11,6.312899192,,F,A,
M,MX,B,XDC,MXN,B,,From January 1977 onwards: monthly financial statements. Before 1977: annual financial statements.,BIS-spliced,-,,3,9,,"This series is adjusted for breaks. Break-adjustment calculations follow the methodology outlined in the BIS Quarterly Review (2013). For further detail, see https://www.bis.org/publ/qtrpdf/r_qt1303z.htm","Bank of Mexico, Bank for International Settlements.",5B0,"Mexico - Central bank, assets, total, BIS-spliced, break-adjusted",,E,1984-12,6.803549142,,F,A,
M,MX,B,XDC,MXN,B,,From January 1977 onwards: monthly financial statements. Before 1977: annual financial statements.,BIS-spliced,-,,3,9,,"This series is adjusted for breaks. Break-adjustment calculations follow the methodology outlined in the BIS Quarterly Review (2013). For further detail, see https://www.bis.org/publ/qtrpdf/r_qt1303z.htm","Bank of Mexico, Bank for International Settlements.",5B0,"Mexico - Central bank, assets, total, BIS-spliced, break-adjusted",,E,1985-01,7.001074022,,F,A,
M,MX,B,XDC,MXN,B,,From January 1977 onwards: monthly financial statements. Before 1977: annual financial statements.,BIS-spliced,-,,3,9,,"This series is adjusted for breaks. Break-adjustment calculations follow the methodology outlined in the BIS Quarterly Review (2013). For further detail, see https://www.bis.org/publ/qtrpdf/r_qt1303z.htm","Bank of Mexico, Bank for International Settlements.",5B0,"Mexico - Central bank, assets, total, BIS-spliced, break-adjusted",,E,1985-02,7.054494,,F,A,
M,MX,B,XDC,MXN,B,,From January 1977 onwards: monthly financial statements. Before 1977: annual financial statements.,BIS-spliced,-,,3,9,,"This series is adjusted for breaks. Break-adjustment calculations follow the methodology outlined in the BIS Quarterly Review (2013). For further detail, see https://www.bis.org/publ/qtrpdf/r_qt1303z.htm","Bank of Mexico, Bank for International Settlements.",5B0,"Mexico - Central bank, assets, total, BIS-spliced, break-adjusted",,E,1985-03,7.479335484,,F,A,
M,MX,B,XDC,MXN,B,,From January 1977 onwards: monthly financial statements. Before 1977: annual financial statements.,BIS-spliced,-,,3,9,,"This series is adjusted for breaks. Break-adjustment calculations follow the methodology outlined in the BIS Quarterly Review (2013). For further detail, see https://www.bis.org/publ/qtrpdf/r_qt1303z.htm","Bank of Mexico, Bank for International Settlements.",5B0,"Mexico - Central bank, assets, total, BIS-spliced, break-adjusted",,E,1985-04,7.538197624,,F,A,
M,MX,B,XDC,MXN,B,,From January 1977 onwards: monthly financial statements. Before 1977: annual financial statements.,BIS-spliced,-,,3,9,,"This series is adjusted for breaks. Break-adjustment calculations follow the methodology outlined in the BIS Quarterly Review (2013). For further detail, see https://www.bis.org/publ/qtrpdf/r_qt1303z.htm","Bank of Mexico, Bank for International Settlements.",5B0,"Mexico - Central bank, assets, total, BIS-spliced, break-adjusted",,E,1985-05,7.642975759,,F,A,
M,MX,B,XDC,MXN,B,,From January 1977 onwards: monthly financial statements. Before 1977: annual financial statements.,BIS-spliced,-,,3,9,,"This series is adjusted for breaks. Break-adjustment calculations follow the methodology outlined in the BIS Quarterly Review (2013). For further detail, see https://www.bis.org/publ/qtrpdf/r_qt1303z.htm","Bank of Mexico, Bank for International Settlements.",5B0,"Mexico - Central bank, assets, total, BIS-spliced, break-adjusted",,E,1985-06,7.652729555,,F,A,
M,MX,B,XDC,MXN,B,,From January 1977 onwards: monthly financial statements. Before 1977: annual financial statements.,BIS-spliced,-,,3,9,,"This series is adjusted for breaks. Break-adjustment calculations follow the methodology outlined in the BIS Quarterly Review (2013). For further detail, see https://www.bis.org/publ/qtrpdf/r_qt1303z.htm","Bank of Mexico, Bank for International Settlements.",5B0,"Mexico - Central bank, assets, total, BIS-spliced, break-adjusted",,E,1985-07,7.769043806,,F,A,
M,MX,B,XDC,MXN,B,,From January 1977 onwards: monthly financial statements. Before 1977: annual financial statements.,BIS-spliced,-,,3,9,,"This series is adjusted for breaks. Break-adjustment calculations follow the methodology outlined in the BIS Quarterly Review (2013). For further detail, see https://www.bis.org/publ/qtrpdf/r_qt1303z.htm","Bank of Mexico, Bank for International Settlements.",5B0,"Mexico - Central bank, assets, total, BIS-spliced, break-adjusted",,E,1985-08,7.623173,,F,A,
M,MX,B,XDC,MXN,B,,From January 1977 onwards: monthly financial statements. Before 1977: annual financial statements.,BIS-spliced,-,,3,9,,"This series is adjusted for breaks. Break-adjustment calculations follow the methodology outlined in the BIS Quarterly Review (2013). For further detail, see https://www.bis.org/publ/qtrpdf/r_qt1303z.htm","Bank of Mexico, Bank for International Settlements.",5B0,"Mexico - Central bank, assets, total, BIS-spliced, break-adjusted",,E,1985-09,7.831654,,F,A,
M,MX,B,XDC,MXN,B,,From January 1977 onwards: monthly financial statements. Before 1977: annual financial statements.,BIS-spliced,-,,3,9,,"This series is adjusted for breaks. Break-adjustment calculations follow the methodology outlined in the BIS Quarterly Review (2013). For further detail, see https://www.bis.org/publ/qtrpdf/r_qt1303z.htm","Bank of Mexico, Bank for International Settlements.",5B0,"Mexico - Central bank, assets, total, BIS-spliced, break-adjusted",,E,1985-10,8.008533,,F,A,
M,MX,B,XDC,MXN,B,,From January 1977 onwards: monthly financial statements. Before 1977: annual financial statements.,BIS-spliced,-,,3,9,,"This series is adjusted for breaks. Break-adjustment calculations follow the methodology outlined in the BIS Quarterly Review (2013). For further detail, see https://www.bis.org/publ/qtrpdf/r_qt1303z.htm","Bank of Mexico, Bank for International Settlements.",5B0,"Mexico - Central bank, assets, total, BIS-spliced, break-adjusted",,E,1985-11,8.269583,,F,A,
M,MX,B,XDC,MXN,B,,From January 1977 onwards: monthly financial statements. Before 1977: annual financial statements.,BIS-spliced,-,,3,9,,"This series is adjusted for breaks. Break-adjustment calculations follow the methodology outlined in the BIS Quarterly Review (2013). For further detail, see https://www.bis.org/publ/qtrpdf/r_qt1303z.htm","Bank of Mexico, Bank for International Settlements.",5B0,"Mexico - Central bank, assets, total, BIS-spliced, break-adjusted",,E,1985-12,9.485261,,F,A,
M,MX,B,XDC,MXN,B,,From January 1977 onwards: monthly financial statements. Before 1977: annual financial statements.,BIS-spliced,-,,3,9,,"This series is adjusted for breaks. Break-adjustment calculations follow the methodology outlined in the BIS Quarterly Review (2013). For further detail, see https://www.bis.org/publ/qtrpdf/r_qt1303z.htm","Bank of Mexico, Bank for International Settlements.",5B0,"Mexico - Central bank, assets, total, BIS-spliced, break-adjusted",,E,1986-01,9.799181,,F,A,
M,MX,B,XDC,MXN,B,,From January 1977 onwards: monthly financial statements. Before 1977: annual financial statements.,BIS-spliced,-,,3,9,,"This series is adjusted for breaks. Break-adjustment calculations follow the methodology outlined in the BIS Quarterly Review (2013). For further detail, see https://www.bis.org/publ/qtrpdf/r_qt1303z.htm","Bank of Mexico, Bank for International Settlements.",5B0,"Mexico - Central bank, assets, total, BIS-spliced, break-adjusted",,E,1986-02,10.245493,,F,A,
M,MX,B,XDC,MXN,B,,From January 1977 onwards: monthly financial statements. Before 1977: annual financial statements.,BIS-spliced,-,,3,9,,"This series is adjusted for breaks. Break-adjustment calculations follow the methodology outlined in the BIS Quarterly Review (2013). For further detail, see https://www.bis.org/publ/qtrpdf/r_qt1303z.htm","Bank of Mexico, Bank for International Settlements.",5B0,"Mexico - Central bank, assets, total, BIS-spliced, break-adjusted",,E,1986-03,10.823537,,F,A,
M,MX,B,XDC,MXN,B,,From January 1977 onwards: monthly financial statements. Before 1977: annual financial statements.,BIS-spliced,-,,3,9,,"This series is adjusted for breaks. Break-adjustment calculations follow the methodology outlined in the BIS Quarterly Review (2013). For further detail, see https://www.bis.org/publ/qtrpdf/r_qt1303z.htm","Bank of Mexico, Bank for International Settlements.",5B0,"Mexico - Central bank, assets, total, BIS-spliced, break-adjusted",,E,1986-04,11.032501,,F,A,
M,MX,B,XDC,MXN,B,,From January 1977 onwards: monthly financial statements. Before 1977: annual financial statements.,BIS-spliced,-,,3,9,,"This series is adjusted for breaks. Break-adjustment calculations follow the methodology outlined in the BIS Quarterly Review (2013). For further detail, see https://www.bis.org/publ/qtrpdf/r_qt1303z.htm","Bank of Mexico, Bank for International Settlements.",5B0,"Mexico - Central bank, assets, total, BIS-spliced, break-adjusted",,E,1986-05,11.939382,,F,A,
M,MX,B,XDC,MXN,B,,From January 1977 onwards: monthly financial statements. Before 1977: annual financial statements.,BIS-spliced,-,,3,9,,"This series is adjusted for breaks. Break-adjustment calculations follow the methodology outlined in the BIS Quarterly Review (2013). For further detail, see https://www.bis.org/publ/qtrpdf/r_qt1303z.htm","Bank of Mexico, Bank for International Settlements.",5B0,"Mexico - Central bank, assets, total, BIS-spliced, break-adjusted",,E,1986-06,12.276047,,F,A,
M,MX,B,XDC,MXN,B,,From January 1977 onwards: monthly financial statements. Before 1977: annual financial statements.,BIS-spliced,-,,3,9,,"This series is adjusted for breaks. Break-adjustment calculations follow the methodology outlined in the BIS Quarterly Review (2013). For further detail, see https://www.bis.org/publ/qtrpdf/r_qt1303z.htm","Bank of Mexico, Bank for International Settlements.",5B0,"Mexico - Central bank, assets, total, BIS-spliced, break-adjusted",,E,1986-07,12.972181,,F,A,
M,MX,B,XDC,MXN,B,,From January 1977 onwards: monthly financial statements. Before 1977: annual financial statements.,BIS-spliced,-,,3,9,,"This series is adjusted for breaks. Break-adjustment calculations follow the methodology outlined in the BIS Quarterly Review (2013). For further detail, see https://www.bis.org/publ/qtrpdf/r_qt1303z.htm","Bank of Mexico, Bank for International Settlements.",5B0,"Mexico - Central bank, assets, total, BIS-spliced, break-adjusted",,E,1986-08,13.566532,,F,A,
M,MX,B,XDC,MXN,B,,From January 1977 onwards: monthly financial statements. Before 1977: annual financial statements.,BIS-spliced,-,,3,9,,"This series is adjusted for breaks. Break-adjustment calculations follow the methodology outlined in the BIS Quarterly Review (2013). For further detail, see https://www.bis.org/publ/qtrpdf/r_qt1303z.htm","Bank of Mexico, Bank for International Settlements.",5B0,"Mexico - Central bank, assets, total, BIS-spliced, break-adjusted",,E,1986-09,14.085788,,F,A,
M,MX,B,XDC,MXN,B,,From January 1977 onwards: monthly financial statements. Before 1977: annual financial statements.,BIS-spliced,-,,3,9,,"This series is adjusted for breaks. Break-adjustment calculations follow the methodology outlined in the BIS Quarterly Review (2013). For further detail, see https://www.bis.org/publ/qtrpdf/r_qt1303z.htm","Bank of Mexico, Bank for International Settlements.",5B0,"Mexico - Central bank, assets, total, BIS-spliced, break-adjusted",,E,1986-10,15.124508,,F,A,
M,MX,B,XDC,MXN,B,,From January 1977 onwards: monthly financial statements. Before 1977: annual financial statements.,BIS-spliced,-,,3,9,,"This series is adjusted for breaks. Break-adjustment calculations follow the methodology outlined in the BIS Quarterly Review (2013). For further detail, see https://www.bis.org/publ/qtrpdf/r_qt1303z.htm","Bank of Mexico, Bank for International Settlements.",5B0,"Mexico - Central bank, assets, total, BIS-spliced, break-adjusted",,E,1986-11,16.223709,,F,A,
M,MX,B,XDC,MXN,B,,From January 1977 onwards: monthly financial statements. Before 1977: annual financial statements.,BIS-spliced,-,,3,9,,"This series is adjusted for breaks. Break-adjustment calculations follow the methodology outlined in the BIS Quarterly Review (2013). For further detail, see https://www.bis.org/publ/qtrpdf/r_qt1303z.htm","Bank of Mexico, Bank for International Settlements.",5B0,"Mexico - Central bank, assets, total, BIS-spliced, break-adjusted",,E,1986-12,18.134613,,F,A,
M,MX,B,XDC,MXN,B,,From January 1977 onwards: monthly financial statements. Before 1977: annual financial statements.,BIS-spliced,-,,3,9,,"This series is adjusted for breaks. Break-adjustment calculations follow the methodology outlined in the BIS Quarterly Review (2013). For further detail, see https://www.bis.org/publ/qtrpdf/r_qt1303z.htm","Bank of Mexico, Bank for International Settlements.",5B0,"Mexico - Central bank, assets, total, BIS-spliced, break-adjusted",,E,1987-01,18.838447,,F,A,
M,MX,B,XDC,MXN,B,,From January 1977 onwards: monthly financial statements. Before 1977: annual financial statements.,BIS-spliced,-,,3,9,,"This series is adjusted for breaks. Break-adjustment calculations follow the methodology outlined in the BIS Quarterly Review (2013). For further detail, see https://www.bis.org/publ/qtrpdf/r_qt1303z.htm","Bank of Mexico, Bank for International Settlements.",5B0,"Mexico - Central bank, assets, total, BIS-spliced, break-adjusted",,E,1987-02,20.227372,,F,A,
M,MX,B,XDC,MXN,B,,From January 1977 onwards: monthly financial statements. Before 1977: annual financial statements.,BIS-spliced,-,,3,9,,"This series is adjusted for breaks. Break-adjustment calculations follow the methodology outlined in the BIS Quarterly Review (2013). For further detail, see https://www.bis.org/publ/qtrpdf/r_qt1303z.htm","Bank of Mexico, Bank for International Settlements.",5B0,"Mexico - Central bank, assets, total, BIS-spliced, break-adjusted",,E,1987-03,22.166946,,F,A,
M,MX,B,XDC,MXN,B,,From January 1977 onwards: monthly financial statements. Before 1977: annual financial statements.,BIS-spliced,-,,3,9,,"This series is adjusted for breaks. Break-adjustment calculations follow the methodology outlined in the BIS Quarterly Review (2013). For further detail, see https://www.bis.org/publ/qtrpdf/r_qt1303z.htm","Bank of Mexico, Bank for International Settlements.",5B0,"Mexico - Central bank, assets, total, BIS-spliced, break-adjusted",,E,1987-04,27.818123,,F,A,
M,MX,B,XDC,MXN,B,,From January 1977 onwards: monthly financial statements. Before 1977: annual financial statements.,BIS-spliced,-,,3,9,,"This series is adjusted for breaks. Break-adjustment calculations follow the methodology outlined in the BIS Quarterly Review (2013). For further detail, see https://www.bis.org/publ/qtrpdf/r_qt1303z.htm","Bank of Mexico, Bank for International Settlements.",5B0,"Mexico - Central bank, assets, total, BIS-spliced, break-adjusted",,E,1987-05,30.058678,,F,A,
M,MX,B,XDC,MXN,B,,From January 1977 onwards: monthly financial statements. Before 1977: annual financial statements.,BIS-spliced,-,,3,9,,"This series is adjusted for breaks. Break-adjustment calculations follow the methodology outlined in the BIS Quarterly Review (2013). For further detail, see https://www.bis.org/publ/qtrpdf/r_qt1303z.htm","Bank of Mexico, Bank for International Settlements.",5B0,"Mexico - Central bank, assets, total, BIS-spliced, break-adjusted",,E,1987-06,31.418325,,F,A,
M,MX,B,XDC,MXN,B,,From January 1977 onwards: monthly financial statements. Before 1977: annual financial statements.,BIS-spliced,-,,3,9,,"This series is adjusted for breaks. Break-adjustment calculations follow the methodology outlined in the BIS Quarterly Review (2013). For further detail, see https://www.bis.org/publ/qtrpdf/r_qt1303z.htm","Bank of Mexico, Bank for International Settlements.",5B0,"Mexico - Central bank, assets, total, BIS-spliced, break-adjusted",,E,1987-07,34.187,,F,A,
M,MX,B,XDC,MXN,B,,From January 1977 onwards: monthly financial statements. Before 1977: annual financial statements.,BIS-spliced,-,,3,9,,"This series is adjusted for breaks. Break-adjustment calculations follow the methodology outlined in the BIS Quarterly Review (2013). For further detail, see https://www.bis.org/publ/qtrpdf/r_qt1303z.htm","Bank of Mexico, Bank for International Settlements.",5B0,"Mexico - Central bank, assets, total, BIS-spliced, break-adjusted",,E,1987-08,35.427,,F,A,
M,MX,B,XDC,MXN,B,,From January 1977 onwards: monthly financial statements. Before 1977: annual financial statements.,BIS-spliced,-,,3,9,,"This series is adjusted for breaks. Break-adjustment calculations follow the methodology outlined in the BIS Quarterly Review (2013). For further detail, see https://www.bis.org/publ/qtrpdf/r_qt1303z.htm","Bank of Mexico, Bank for International Settlements.",5B0,"Mexico - Central bank, assets, total, BIS-spliced, break-adjusted",,E,1987-09,37.397,,F,A,
M,MX,B,XDC,MXN,B,,From January 1977 onwards: monthly financial statements. Before 1977: annual financial statements.,BIS-spliced,-,,3,9,,"This series is adjusted for breaks. Break-adjustment calculations follow the methodology outlined in the BIS Quarterly Review (2013). For further detail, see https://www.bis.org/publ/qtrpdf/r_qt1303z.htm","Bank of Mexico, Bank for International Settlements.",5B0,"Mexico - Central bank, assets, total, BIS-spliced, break-adjusted",,E,1987-10,38.454,,F,A,
M,MX,B,XDC,MXN,B,,From January 1977 onwards: monthly financial statements. Before 1977: annual financial statements.,BIS-spliced,-,,3,9,,"This series is adjusted for breaks. Break-adjustment calculations follow the methodology outlined in the BIS Quarterly Review (2013). For further detail, see https://www.bis.org/publ/qtrpdf/r_qt1303z.htm","Bank of Mexico, Bank for International Settlements.",5B0,"Mexico - Central bank, assets, total, BIS-spliced, break-adjusted",,E,1987-11,42.908,,F,A,
M,MX,B,XDC,MXN,B,,From January 1977 onwards: monthly financial statements. Before 1977: annual financial statements.,BIS-spliced,-,,3,9,,"This series is adjusted for breaks. Break-adjustment calculations follow the methodology outlined in the BIS Quarterly Review (2013). For further detail, see https://www.bis.org/publ/qtrpdf/r_qt1303z.htm","Bank of Mexico, Bank for International Settlements.",5B0,"Mexico - Central bank, assets, total, BIS-spliced, break-adjusted",,E,1987-12,51.259,,F,A,
M,MX,B,XDC,MXN,B,,From January 1977 onwards: monthly financial statements. Before 1977: annual financial statements.,BIS-spliced,-,,3,9,,"This series is adjusted for breaks. Break-adjustment calculations follow the methodology outlined in the BIS Quarterly Review (2013). For further detail, see https://www.bis.org/publ/qtrpdf/r_qt1303z.htm","Bank of Mexico, Bank for International Settlements.",5B0,"Mexico - Central bank, assets, total, BIS-spliced, break-adjusted",,E,1988-01,52.336,,F,A,
M,MX,B,XDC,MXN,B,,From January 1977 onwards: monthly financial statements. Before 1977: annual financial statements.,BIS-spliced,-,,3,9,,"This series is adjusted for breaks. Break-adjustment calculations follow the methodology outlined in the BIS Quarterly Review (2013). For further detail, see https://www.bis.org/publ/qtrpdf/r_qt1303z.htm","Bank of Mexico, Bank for International Settlements.",5B0,"Mexico - Central bank, assets, total, BIS-spliced, break-adjusted",,E,1988-02,53.495,,F,A,
M,MX,B,XDC,MXN,B,,From January 1977 onwards: monthly financial statements. Before 1977: annual financial statements.,BIS-spliced,-,,3,9,,"This series is adjusted for breaks. Break-adjustment calculations follow the methodology outlined in the BIS Quarterly Review (2013). For further detail, see https://www.bis.org/publ/qtrpdf/r_qt1303z.htm","Bank of Mexico, Bank for International Settlements.",5B0,"Mexico - Central bank, assets, total, BIS-spliced, break-adjusted",,E,1988-03,59.306,,F,A,
M,MX,B,XDC,MXN,B,,From January 1977 onwards: monthly financial statements. Before 1977: annual financial statements.,BIS-spliced,-,,3,9,,"This series is adjusted for breaks. Break-adjustment calculations follow the methodology outlined in the BIS Quarterly Review (2013). For further detail, see https://www.bis.org/publ/qtrpdf/r_qt1303z.htm","Bank of Mexico, Bank for International Settlements.",5B0,"Mexico - Central bank, assets, total, BIS-spliced, break-adjusted",,E,1988-04,59.273,,F,A,
M,MX,B,XDC,MXN,B,,From January 1977 onwards: monthly financial statements. Before 1977: annual financial statements.,BIS-spliced,-,,3,9,,"This series is adjusted for breaks. Break-adjustment calculations follow the methodology outlined in the BIS Quarterly Review (2013). For further detail, see https://www.bis.org/publ/qtrpdf/r_qt1303z.htm","Bank of Mexico, Bank for International Settlements.",5B0,"Mexico - Central bank, assets, total, BIS-spliced, break-adjusted",,E,1988-05,57.711,,F,A,
M,MX,B,XDC,MXN,B,,From January 1977 onwards: monthly financial statements. Before 1977: annual financial statements.,BIS-spliced,-,,3,9,,"This series is adjusted for breaks. Break-adjustment calculations follow the methodology outlined in the BIS Quarterly Review (2013). For further detail, see https://www.bis.org/publ/qtrpdf/r_qt1303z.htm","Bank of Mexico, Bank for International Settlements.",5B0,"Mexico - Central bank, assets, total, BIS-spliced, break-adjusted",,E,1988-06,58.148,,F,A,
M,MX,B,XDC,MXN,B,,From January 1977 onwards: monthly financial statements. Before 1977: annual financial statements.,BIS-spliced,-,,3,9,,"This series is adjusted for breaks. Break-adjustment calculations follow the methodology outlined in the BIS Quarterly Review (2013). For further detail, see https://www.bis.org/publ/qtrpdf/r_qt1303z.htm","Bank of Mexico, Bank for International Settlements.",5B0,"Mexico - Central bank, assets, total, BIS-spliced, break-adjusted",,E,1988-07,56.679,,F,A,
M,MX,B,XDC,MXN,B,,From January 1977 onwards: monthly financial statements. Before 1977: annual financial statements.,BIS-spliced,-,,3,9,,"This series is adjusted for breaks. Break-adjustment calculations follow the methodology outlined in the BIS Quarterly Review (2013). For further detail, see https://www.bis.org/publ/qtrpdf/r_qt1303z.htm","Bank of Mexico, Bank for International Settlements.",5B0,"Mexico - Central bank, assets, total, BIS-spliced, break-adjusted",,E,1988-08,58.247,,F,A,
M,MX,B,XDC,MXN,B,,From January 1977 onwards: monthly financial statements. Before 1977: annual financial statements.,BIS-spliced,-,,3,9,,"This series is adjusted for breaks. Break-adjustment calculations follow the methodology outlined in the BIS Quarterly Review (2013). For further detail, see https://www.bis.org/publ/qtrpdf/r_qt1303z.htm","Bank of Mexico, Bank for International Settlements.",5B0,"Mexico - Central bank, assets, total, BIS-spliced, break-adjusted",,E,1988-09,54.049,,F,A,
M,MX,B,XDC,MXN,B,,From January 1977 onwards: monthly financial statements. Before 1977: annual financial statements.,BIS-spliced,-,,3,9,,"This series is adjusted for breaks. Break-adjustment calculations follow the methodology outlined in the BIS Quarterly Review (2013). For further detail, see https://www.bis.org/publ/qtrpdf/r_qt1303z.htm","Bank of Mexico, Bank for International Settlements.",5B0,"Mexico - Central bank, assets, total, BIS-spliced, break-adjusted",,E,1988-10,51.696,,F,A,
M,MX,B,XDC,MXN,B,,From January 1977 onwards: monthly financial statements. Before 1977: annual financial statements.,BIS-spliced,-,,3,9,,"This series is adjusted for breaks. Break-adjustment calculations follow the methodology outlined in the BIS Quarterly Review (2013). For further detail, see https://www.bis.org/publ/qtrpdf/r_qt1303z.htm","Bank of Mexico, Bank for International Settlements.",5B0,"Mexico - Central bank, assets, total, BIS-spliced, break-adjusted",,E,1988-11,60.416,,F,A,
M,MX,B,XDC,MXN,B,,From January 1977 onwards: monthly financial statements. Before 1977: annual financial statements.,BIS-spliced,-,,3,9,,"This series is adjusted for breaks. Break-adjustment calculations follow the methodology outlined in the BIS Quarterly Review (2013). For further detail, see https://www.bis.org/publ/qtrpdf/r_qt1303z.htm","Bank of Mexico, Bank for International Settlements.",5B0,"Mexico - Central bank, assets, total, BIS-spliced, break-adjusted",,E,1988-12,58.59,,F,A,
M,MX,B,XDC,MXN,B,,From January 1977 onwards: monthly financial statements. Before 1977: annual financial statements.,BIS-spliced,-,,3,9,,"This series is adjusted for breaks. Break-adjustment calculations follow the methodology outlined in the BIS Quarterly Review (2013). For further detail, see https://www.bis.org/publ/qtrpdf/r_qt1303z.htm","Bank of Mexico, Bank for International Settlements.",5B0,"Mexico - Central bank, assets, total, BIS-spliced, break-adjusted",,E,1989-01,58.759,,F,A,
M,MX,B,XDC,MXN,B,,From January 1977 onwards: monthly financial statements. Before 1977: annual financial statements.,BIS-spliced,-,,3,9,,"This series is adjusted for breaks. Break-adjustment calculations follow the methodology outlined in the BIS Quarterly Review (2013). For further detail, see https://www.bis.org/publ/qtrpdf/r_qt1303z.htm","Bank of Mexico, Bank for International Settlements.",5B0,"Mexico - Central bank, assets, total, BIS-spliced, break-adjusted",,E,1989-02,59.492,,F,A,
M,MX,B,XDC,MXN,B,,From January 1977 onwards: monthly financial statements. Before 1977: annual financial statements.,BIS-spliced,-,,3,9,,"This series is adjusted for breaks. Break-adjustment calculations follow the methodology outlined in the BIS Quarterly Review (2013). For further detail, see https://www.bis.org/publ/qtrpdf/r_qt1303z.htm","Bank of Mexico, Bank for International Settlements.",5B0,"Mexico - Central bank, assets, total, BIS-spliced, break-adjusted",,E,1989-03,61.438,,F,A,
M,MX,B,XDC,MXN,B,,From January 1977 onwards: monthly financial statements. Before 1977: annual financial statements.,BIS-spliced,-,,3,9,,"This series is adjusted for breaks. Break-adjustment calculations follow the methodology outlined in the BIS Quarterly Review (2013). For further detail, see https://www.bis.org/publ/qtrpdf/r_qt1303z.htm","Bank of Mexico, Bank for International Settlements.",5B0,"Mexico - Central bank, assets, total, BIS-spliced, break-adjusted",,E,1989-04,59.226,,F,A,
M,MX,B,XDC,MXN,B,,From January 1977 onwards: monthly financial statements. Before 1977: annual financial statements.,BIS-spliced,-,,3,9,,"This series is adjusted for breaks. Break-adjustment calculations follow the methodology outlined in the BIS Quarterly Review (2013). For further detail, see https://www.bis.org/publ/qtrpdf/r_qt1303z.htm","Bank of Mexico, Bank for International Settlements.",5B0,"Mexico - Central bank, assets, total, BIS-spliced, break-adjusted",,E,1989-05,55.001,,F,A,
M,MX,B,XDC,MXN,B,,From January 1977 onwards: monthly financial statements. Before 1977: annual financial statements.,BIS-spliced,-,,3,9,,"This series is adjusted for breaks. Break-adjustment calculations follow the methodology outlined in the BIS Quarterly Review (2013). For further detail, see https://www.bis.org/publ/qtrpdf/r_qt1303z.htm","Bank of Mexico, Bank for International Settlements.",5B0,"Mexico - Central bank, assets, total, BIS-spliced, break-adjusted",,E,1989-06,61.108,,F,A,
M,MX,B,XDC,MXN,B,,From January 1977 onwards: monthly financial statements. Before 1977: annual financial statements.,BIS-spliced,-,,3,9,,"This series is adjusted for breaks. Break-adjustment calculations follow the methodology outlined in the BIS Quarterly Review (2013). For further detail, see https://www.bis.org/publ/qtrpdf/r_qt1303z.htm","Bank of Mexico, Bank for International Settlements.",5B0,"Mexico - Central bank, assets, total, BIS-spliced, break-adjusted",,E,1989-07,59.48,,F,A,
M,MX,B,XDC,MXN,B,,From January 1977 onwards: monthly financial statements. Before 1977: annual financial statements.,BIS-spliced,-,,3,9,,"This series is adjusted for breaks. Break-adjustment calculations follow the methodology outlined in the BIS Quarterly Review (2013). For further detail, see https://www.bis.org/publ/qtrpdf/r_qt1303z.htm","Bank of Mexico, Bank for International Settlements.",5B0,"Mexico - Central bank, assets, total, BIS-spliced, break-adjusted",,E,1989-08,63.156,,F,A,
M,MX,B,XDC,MXN,B,,From January 1977 onwards: monthly financial statements. Before 1977: annual financial statements.,BIS-spliced,-,,3,9,,"This series is adjusted for breaks. Break-adjustment calculations follow the methodology outlined in the BIS Quarterly Review (2013). For further detail, see https://www.bis.org/publ/qtrpdf/r_qt1303z.htm","Bank of Mexico, Bank for International Settlements.",5B0,"Mexico - Central bank, assets, total, BIS-spliced, break-adjusted",,E,1989-09,72.828,,F,A,
M,MX,B,XDC,MXN,B,,From January 1977 onwards: monthly financial statements. Before 1977: annual financial statements.,BIS-spliced,-,,3,9,,"This series is adjusted for breaks. Break-adjustment calculations follow the methodology outlined in the BIS Quarterly Review (2013). For further detail, see https://www.bis.org/publ/qtrpdf/r_qt1303z.htm","Bank of Mexico, Bank for International Settlements.",5B0,"Mexico - Central bank, assets, total, BIS-spliced, break-adjusted",,E,1989-10,74.255,,F,A,
M,MX,B,XDC,MXN,B,,From January 1977 onwards: monthly financial statements. Before 1977: annual financial statements.,BIS-spliced,-,,3,9,,"This series is adjusted for breaks. Break-adjustment calculations follow the methodology outlined in the BIS Quarterly Review (2013). For further detail, see https://www.bis.org/publ/qtrpdf/r_qt1303z.htm","Bank of Mexico, Bank for International Settlements.",5B0,"Mexico - Central bank, assets, total, BIS-spliced, break-adjusted",,E,1989-11,70.045,,F,A,
M,MX,B,XDC,MXN,B,,From January 1977 onwards: monthly financial statements. Before 1977: annual financial statements.,BIS-spliced,-,,3,9,,"This series is adjusted for breaks. Break-adjustment calculations follow the methodology outlined in the BIS Quarterly Review (2013). For further detail, see https://www.bis.org/publ/qtrpdf/r_qt1303z.htm","Bank of Mexico, Bank for International Settlements.",5B0,"Mexico - Central bank, assets, total, BIS-spliced, break-adjusted",,E,1989-12,77.45,,F,A,
M,MX,B,XDC,MXN,B,,From January 1977 onwards: monthly financial statements. Before 1977: annual financial statements.,BIS-spliced,-,,3,9,,"This series is adjusted for breaks. Break-adjustment calculations follow the methodology outlined in the BIS Quarterly Review (2013). For further detail, see https://www.bis.org/publ/qtrpdf/r_qt1303z.htm","Bank of Mexico, Bank for International Settlements.",5B0,"Mexico - Central bank, assets, total, BIS-spliced, break-adjusted",,E,1990-01,83.937,,F,A,
M,MX,B,XDC,MXN,B,,From January 1977 onwards: monthly financial statements. Before 1977: annual financial statements.,BIS-spliced,-,,3,9,,"This series is adjusted for breaks. Break-adjustment calculations follow the methodology outlined in the BIS Quarterly Review (2013). For further detail, see https://www.bis.org/publ/qtrpdf/r_qt1303z.htm","Bank of Mexico, Bank for International Settlements.",5B0,"Mexico - Central bank, assets, total, BIS-spliced, break-adjusted",,E,1990-02,86.97,,F,A,
M,MX,B,XDC,MXN,B,,From January 1977 onwards: monthly financial statements. Before 1977: annual financial statements.,BIS-spliced,-,,3,9,,"This series is adjusted for breaks. Break-adjustment calculations follow the methodology outlined in the BIS Quarterly Review (2013). For further detail, see https://www.bis.org/publ/qtrpdf/r_qt1303z.htm","Bank of Mexico, Bank for International Settlements.",5B0,"Mexico - Central bank, assets, total, BIS-spliced, break-adjusted",,E,1990-03,75.058,,F,A,
M,MX,B,XDC,MXN,B,,From January 1977 onwards: monthly financial statements. Before 1977: annual financial statements.,BIS-spliced,-,,3,9,,"This series is adjusted for breaks. Break-adjustment calculations follow the methodology outlined in the BIS Quarterly Review (2013). For further detail, see https://www.bis.org/publ/qtrpdf/r_qt1303z.htm","Bank of Mexico, Bank for International Settlements.",5B0,"Mexico - Central bank, assets, total, BIS-spliced, break-adjusted",,E,1990-04,80.718,,F,A,
M,MX,B,XDC,MXN,B,,From January 1977 onwards: monthly financial statements. Before 1977: annual financial statements.,BIS-spliced,-,,3,9,,"This series is adjusted for breaks. Break-adjustment calculations follow the methodology outlined in the BIS Quarterly Review (2013). For further detail, see https://www.bis.org/publ/qtrpdf/r_qt1303z.htm","Bank of Mexico, Bank for International Settlements.",5B0,"Mexico - Central bank, assets, total, BIS-spliced, break-adjusted",,E,1990-05,77.854,,F,A,
M,MX,B,XDC,MXN,B,,From January 1977 onwards: monthly financial statements. Before 1977: annual financial statements.,BIS-spliced,-,,3,9,,"This series is adjusted for breaks. Break-adjustment calculations follow the methodology outlined in the BIS Quarterly Review (2013). For further detail, see https://www.bis.org/publ/qtrpdf/r_qt1303z.htm","Bank of Mexico, Bank for International Settlements.",5B0,"Mexico - Central bank, assets, total, BIS-spliced, break-adjusted",,E,1990-06,80.275,,F,A,
M,MX,B,XDC,MXN,B,,From January 1977 onwards: monthly financial statements. Before 1977: annual financial statements.,BIS-spliced,-,,3,9,,"This series is adjusted for breaks. Break-adjustment calculations follow the methodology outlined in the BIS Quarterly Review (2013). For further detail, see https://www.bis.org/publ/qtrpdf/r_qt1303z.htm","Bank of Mexico, Bank for International Settlements.",5B0,"Mexico - Central bank, assets, total, BIS-spliced, break-adjusted",,E,1990-07,79.705,,F,A,
M,MX,B,XDC,MXN,B,,From January 1977 onwards: monthly financial statements. Before 1977: annual financial statements.,BIS-spliced,-,,3,9,,"This series is adjusted for breaks. Break-adjustment calculations follow the methodology outlined in the BIS Quarterly Review (2013). For further detail, see https://www.bis.org/publ/qtrpdf/r_qt1303z.htm","Bank of Mexico, Bank for International Settlements.",5B0,"Mexico - Central bank, assets, total, BIS-spliced, break-adjusted",,E,1990-08,77.173,,F,A,
M,MX,B,XDC,MXN,B,,From January 1977 onwards: monthly financial statements. Before 1977: annual financial statements.,BIS-spliced,-,,3,9,,"This series is adjusted for breaks. Break-adjustment calculations follow the methodology outlined in the BIS Quarterly Review (2013). For further detail, see https://www.bis.org/publ/qtrpdf/r_qt1303z.htm","Bank of Mexico, Bank for International Settlements.",5B0,"Mexico - Central bank, assets, total, BIS-spliced, break-adjusted",,E,1990-09,79.111,,F,A,
M,MX,B,XDC,MXN,B,,From January 1977 onwards: monthly financial statements. Before 1977: annual financial statements.,BIS-spliced,-,,3,9,,"This series is adjusted for breaks. Break-adjustment calculations follow the methodology outlined in the BIS Quarterly Review (2013). For further detail, see https://www.bis.org/publ/qtrpdf/r_qt1303z.htm","Bank of Mexico, Bank for International Settlements.",5B0,"Mexico - Central bank, assets, total, BIS-spliced, break-adjusted",,E,1990-10,82.154,,F,A,
M,MX,B,XDC,MXN,B,,From January 1977 onwards: monthly financial statements. Before 1977: annual financial statements.,BIS-spliced,-,,3,9,,"This series is adjusted for breaks. Break-adjustment calculations follow the methodology outlined in the BIS Quarterly Review (2013). For further detail, see https://www.bis.org/publ/qtrpdf/r_qt1303z.htm","Bank of Mexico, Bank for International Settlements.",5B0,"Mexico - Central bank, assets, total, BIS-spliced, break-adjusted",,E,1990-11,83.913,,F,A,
M,MX,B,XDC,MXN,B,,From January 1977 onwards: monthly financial statements. Before 1977: annual financial statements.,BIS-spliced,-,,3,9,,"This series is adjusted for breaks. Break-adjustment calculations follow the methodology outlined in the BIS Quarterly Review (2013). For further detail, see https://www.bis.org/publ/qtrpdf/r_qt1303z.htm","Bank of Mexico, Bank for International Settlements.",5B0,"Mexico - Central bank, assets, total, BIS-spliced, break-adjusted",,E,1990-12,92.902,,F,A,
M,MX,B,XDC,MXN,B,,From January 1977 onwards: monthly financial statements. Before 1977: annual financial statements.,BIS-spliced,-,,3,9,,"This series is adjusted for breaks. Break-adjustment calculations follow the methodology outlined in the BIS Quarterly Review (2013). For further detail, see https://www.bis.org/publ/qtrpdf/r_qt1303z.htm","Bank of Mexico, Bank for International Settlements.",5B0,"Mexico - Central bank, assets, total, BIS-spliced, break-adjusted",,E,1991-01,88.486,,F,A,
M,MX,B,XDC,MXN,B,,From January 1977 onwards: monthly financial statements. Before 1977: annual financial statements.,BIS-spliced,-,,3,9,,"This series is adjusted for breaks. Break-adjustment calculations follow the methodology outlined in the BIS Quarterly Review (2013). For further detail, see https://www.bis.org/publ/qtrpdf/r_qt1303z.htm","Bank of Mexico, Bank for International Settlements.",5B0,"Mexico - Central bank, assets, total, BIS-spliced, break-adjusted",,E,1991-02,91.514,,F,A,
M,MX,B,XDC,MXN,B,,From January 1977 onwards: monthly financial statements. Before 1977: annual financial statements.,BIS-spliced,-,,3,9,,"This series is adjusted for breaks. Break-adjustment calculations follow the methodology outlined in the BIS Quarterly Review (2013). For further detail, see https://www.bis.org/publ/qtrpdf/r_qt1303z.htm","Bank of Mexico, Bank for International Settlements.",5B0,"Mexico - Central bank, assets, total, BIS-spliced, break-adjusted",,E,1991-03,91.141,,F,A,
M,MX,B,XDC,MXN,B,,From January 1977 onwards: monthly financial statements. Before 1977: annual financial statements.,BIS-spliced,-,,3,9,,"This series is adjusted for breaks. Break-adjustment calculations follow the methodology outlined in the BIS Quarterly Review (2013). For further detail, see https://www.bis.org/publ/qtrpdf/r_qt1303z.htm","Bank of Mexico, Bank for International Settlements.",5B0,"Mexico - Central bank, assets, total, BIS-spliced, break-adjusted",,E,1991-04,89.844,,F,A,
M,MX,B,XDC,MXN,B,,From January 1977 onwards: monthly financial statements. Before 1977: annual financial statements.,BIS-spliced,-,,3,9,,"This series is adjusted for breaks. Break-adjustment calculations follow the methodology outlined in the BIS Quarterly Review (2013). For further detail, see https://www.bis.org/publ/qtrpdf/r_qt1303z.htm","Bank of Mexico, Bank for International Settlements.",5B0,"Mexico - Central bank, assets, total, BIS-spliced, break-adjusted",,E,1991-05,91.821,,F,A,
M,MX,B,XDC,MXN,B,,From January 1977 onwards: monthly financial statements. Before 1977: annual financial statements.,BIS-spliced,-,,3,9,,"This series is adjusted for breaks. Break-adjustment calculations follow the methodology outlined in the BIS Quarterly Review (2013). For further detail, see https://www.bis.org/publ/qtrpdf/r_qt1303z.htm","Bank of Mexico, Bank for International Settlements.",5B0,"Mexico - Central bank, assets, total, BIS-spliced, break-adjusted",,E,1991-06,98.76,,F,A,
M,MX,B,XDC,MXN,B,,From January 1977 onwards: monthly financial statements. Before 1977: annual financial statements.,BIS-spliced,-,,3,9,,"This series is adjusted for breaks. Break-adjustment calculations follow the methodology outlined in the BIS Quarterly Review (2013). For further detail, see https://www.bis.org/publ/qtrpdf/r_qt1303z.htm","Bank of Mexico, Bank for International Settlements.",5B0,"Mexico - Central bank, assets, total, BIS-spliced, break-adjusted",,E,1991-07,101.354,,F,A,
M,MX,B,XDC,MXN,B,,From January 1977 onwards: monthly financial statements. Before 1977: annual financial statements.,BIS-spliced,-,,3,9,,"This series is adjusted for breaks. Break-adjustment calculations follow the methodology outlined in the BIS Quarterly Review (2013). For further detail, see https://www.bis.org/publ/qtrpdf/r_qt1303z.htm","Bank of Mexico, Bank for International Settlements.",5B0,"Mexico - Central bank, assets, total, BIS-spliced, break-adjusted",,E,1991-08,107.69,,F,A,
M,MX,B,XDC,MXN,B,,From January 1977 onwards: monthly financial statements. Before 1977: annual financial statements.,BIS-spliced,-,,3,9,,"This series is adjusted for breaks. Break-adjustment calculations follow the methodology outlined in the BIS Quarterly Review (2013). For further detail, see https://www.bis.org/publ/qtrpdf/r_qt1303z.htm","Bank of Mexico, Bank for International Settlements.",5B0,"Mexico - Central bank, assets, total, BIS-spliced, break-adjusted",,E,1991-09,117.711,,F,A,
M,MX,B,XDC,MXN,B,,From January 1977 onwards: monthly financial statements. Before 1977: annual financial statements.,BIS-spliced,-,,3,9,,"This series is adjusted for breaks. Break-adjustment calculations follow the methodology outlined in the BIS Quarterly Review (2013). For further detail, see https://www.bis.org/publ/qtrpdf/r_qt1303z.htm","Bank of Mexico, Bank for International Settlements.",5B0,"Mexico - Central bank, assets, total, BIS-spliced, break-adjusted",,E,1991-10,108.284,,F,A,
M,MX,B,XDC,MXN,B,,From January 1977 onwards: monthly financial statements. Before 1977: annual financial statements.,BIS-spliced,-,,3,9,,"This series is adjusted for breaks. Break-adjustment calculations follow the methodology outlined in the BIS Quarterly Review (2013). For further detail, see https://www.bis.org/publ/qtrpdf/r_qt1303z.htm","Bank of Mexico, Bank for International Settlements.",5B0,"Mexico - Central bank, assets, total, BIS-spliced, break-adjusted",,E,1991-11,98.601,,F,A,
M,MX,B,XDC,MXN,B,,From January 1977 onwards: monthly financial statements. Before 1977: annual financial statements.,BIS-spliced,-,,3,9,,"This series is adjusted for breaks. Break-adjustment calculations follow the methodology outlined in the BIS Quarterly Review (2013). For further detail, see https://www.bis.org/publ/qtrpdf/r_qt1303z.htm","Bank of Mexico, Bank for International Settlements.",5B0,"Mexico - Central bank, assets, total, BIS-spliced, break-adjusted",,E,1991-12,108.07,,F,A,
M,MX,B,XDC,MXN,B,,From January 1977 onwards: monthly financial statements. Before 1977: annual financial statements.,BIS-spliced,-,,3,9,,"This series is adjusted for breaks. Break-adjustment calculations follow the methodology outlined in the BIS Quarterly Review (2013). For further detail, see https://www.bis.org/publ/qtrpdf/r_qt1303z.htm","Bank of Mexico, Bank for International Settlements.",5B0,"Mexico - Central bank, assets, total, BIS-spliced, break-adjusted",,E,1992-01,108.358,,F,A,
M,MX,B,XDC,MXN,B,,From January 1977 onwards: monthly financial statements. Before 1977: annual financial statements.,BIS-spliced,-,,3,9,,"This series is adjusted for breaks. Break-adjustment calculations follow the methodology outlined in the BIS Quarterly Review (2013). For further detail, see https://www.bis.org/publ/qtrpdf/r_qt1303z.htm","Bank of Mexico, Bank for International Settlements.",5B0,"Mexico - Central bank, assets, total, BIS-spliced, break-adjusted",,E,1992-02,108.306,,F,A,
M,MX,B,XDC,MXN,B,,From January 1977 onwards: monthly financial statements. Before 1977: annual financial statements.,BIS-spliced,-,,3,9,,"This series is adjusted for breaks. Break-adjustment calculations follow the methodology outlined in the BIS Quarterly Review (2013). For further detail, see https://www.bis.org/publ/qtrpdf/r_qt1303z.htm","Bank of Mexico, Bank for International Settlements.",5B0,"Mexico - Central bank, assets, total, BIS-spliced, break-adjusted",,E,1992-03,105.683,,F,A,
M,MX,B,XDC,MXN,B,,From January 1977 onwards: monthly financial statements. Before 1977: annual financial statements.,BIS-spliced,-,,3,9,,"This series is adjusted for breaks. Break-adjustment calculations follow the methodology outlined in the BIS Quarterly Review (2013). For further detail, see https://www.bis.org/publ/qtrpdf/r_qt1303z.htm","Bank of Mexico, Bank for International Settlements.",5B0,"Mexico - Central bank, assets, total, BIS-spliced, break-adjusted",,E,1992-04,101.84,,F,A,
M,MX,B,XDC,MXN,B,,From January 1977 onwards: monthly financial statements. Before 1977: annual financial statements.,BIS-spliced,-,,3,9,,"This series is adjusted for breaks. Break-adjustment calculations follow the methodology outlined in the BIS Quarterly Review (2013). For further detail, see https://www.bis.org/publ/qtrpdf/r_qt1303z.htm","Bank of Mexico, Bank for International Settlements.",5B0,"Mexico - Central bank, assets, total, BIS-spliced, break-adjusted",,E,1992-05,101.891,,F,A,
M,MX,B,XDC,MXN,B,,From January 1977 onwards: monthly financial statements. Before 1977: annual financial statements.,BIS-spliced,-,,3,9,,"This series is adjusted for breaks. Break-adjustment calculations follow the methodology outlined in the BIS Quarterly Review (2013). For further detail, see https://www.bis.org/publ/qtrpdf/r_qt1303z.htm","Bank of Mexico, Bank for International Settlements.",5B0,"Mexico - Central bank, assets, total, BIS-spliced, break-adjusted",,E,1992-06,121.299,,F,A,
M,MX,B,XDC,MXN,B,,From January 1977 onwards: monthly financial statements. Before 1977: annual financial statements.,BIS-spliced,-,,3,9,,"This series is adjusted for breaks. Break-adjustment calculations follow the methodology outlined in the BIS Quarterly Review (2013). For further detail, see https://www.bis.org/publ/qtrpdf/r_qt1303z.htm","Bank of Mexico, Bank for International Settlements.",5B0,"Mexico - Central bank, assets, total, BIS-spliced, break-adjusted",,E,1992-07,109.599,,F,A,
M,MX,B,XDC,MXN,B,,From January 1977 onwards: monthly financial statements. Before 1977: annual financial statements.,BIS-spliced,-,,3,9,,"This series is adjusted for breaks. Break-adjustment calculations follow the methodology outlined in the BIS Quarterly Review (2013). For further detail, see https://www.bis.org/publ/qtrpdf/r_qt1303z.htm","Bank of Mexico, Bank for International Settlements.",5B0,"Mexico - Central bank, assets, total, BIS-spliced, break-adjusted",,E,1992-08,104.996,,F,A,
M,MX,B,XDC,MXN,B,,From January 1977 onwards: monthly financial statements. Before 1977: annual financial statements.,BIS-spliced,-,,3,9,,"This series is adjusted for breaks. Break-adjustment calculations follow the methodology outlined in the BIS Quarterly Review (2013). For further detail, see https://www.bis.org/publ/qtrpdf/r_qt1303z.htm","Bank of Mexico, Bank for International Settlements.",5B0,"Mexico - Central bank, assets, total, BIS-spliced, break-adjusted",,E,1992-09,98.652,,F,A,
M,MX,B,XDC,MXN,B,,From January 1977 onwards: monthly financial statements. Before 1977: annual financial statements.,BIS-spliced,-,,3,9,,"This series is adjusted for breaks. Break-adjustment calculations follow the methodology outlined in the BIS Quarterly Review (2013). For further detail, see https://www.bis.org/publ/qtrpdf/r_qt1303z.htm","Bank of Mexico, Bank for International Settlements.",5B0,"Mexico - Central bank, assets, total, BIS-spliced, break-adjusted",,E,1992-10,99.787,,F,A,
M,MX,B,XDC,MXN,B,,From January 1977 onwards: monthly financial statements. Before 1977: annual financial statements.,BIS-spliced,-,,3,9,,"This series is adjusted for breaks. Break-adjustment calculations follow the methodology outlined in the BIS Quarterly Review (2013). For further detail, see https://www.bis.org/publ/qtrpdf/r_qt1303z.htm","Bank of Mexico, Bank for International Settlements.",5B0,"Mexico - Central bank, assets, total, BIS-spliced, break-adjusted",,E,1992-11,107.067,,F,A,
M,MX,B,XDC,MXN,B,,From January 1977 onwards: monthly financial statements. Before 1977: annual financial statements.,BIS-spliced,-,,3,9,,"This series is adjusted for breaks. Break-adjustment calculations follow the methodology outlined in the BIS Quarterly Review (2013). For further detail, see https://www.bis.org/publ/qtrpdf/r_qt1303z.htm","Bank of Mexico, Bank for International Settlements.",5B0,"Mexico - Central bank, assets, total, BIS-spliced, break-adjusted",,E,1992-12,112.721,,F,A,
M,MX,B,XDC,MXN,B,,From January 1977 onwards: monthly financial statements. Before 1977: annual financial statements.,BIS-spliced,-,,3,9,,"This series is adjusted for breaks. Break-adjustment calculations follow the methodology outlined in the BIS Quarterly Review (2013). For further detail, see https://www.bis.org/publ/qtrpdf/r_qt1303z.htm","Bank of Mexico, Bank for International Settlements.",5B0,"Mexico - Central bank, assets, total, BIS-spliced, break-adjusted",,E,1993-01,105.855,,F,A,
M,MX,B,XDC,MXN,B,,From January 1977 onwards: monthly financial statements. Before 1977: annual financial statements.,BIS-spliced,-,,3,9,,"This series is adjusted for breaks. Break-adjustment calculations follow the methodology outlined in the BIS Quarterly Review (2013). For further detail, see https://www.bis.org/publ/qtrpdf/r_qt1303z.htm","Bank of Mexico, Bank for International Settlements.",5B0,"Mexico - Central bank, assets, total, BIS-spliced, break-adjusted",,E,1993-02,101.805,,F,A,
M,MX,B,XDC,MXN,B,,From January 1977 onwards: monthly financial statements. Before 1977: annual financial statements.,BIS-spliced,-,,3,9,,"This series is adjusted for breaks. Break-adjustment calculations follow the methodology outlined in the BIS Quarterly Review (2013). For further detail, see https://www.bis.org/publ/qtrpdf/r_qt1303z.htm","Bank of Mexico, Bank for International Settlements.",5B0,"Mexico - Central bank, assets, total, BIS-spliced, break-adjusted",,E,1993-03,107.165,,F,A,
M,MX,B,XDC,MXN,B,,From January 1977 onwards: monthly financial statements. Before 1977: annual financial statements.,BIS-spliced,-,,3,9,,"This series is adjusted for breaks. Break-adjustment calculations follow the methodology outlined in the BIS Quarterly Review (2013). For further detail, see https://www.bis.org/publ/qtrpdf/r_qt1303z.htm","Bank of Mexico, Bank for International Settlements.",5B0,"Mexico - Central bank, assets, total, BIS-spliced, break-adjusted",,E,1993-04,113.816,,F,A,
M,MX,B,XDC,MXN,B,,From January 1977 onwards: monthly financial statements. Before 1977: annual financial statements.,BIS-spliced,-,,3,9,,"This series is adjusted for breaks. Break-adjustment calculations follow the methodology outlined in the BIS Quarterly Review (2013). For further detail, see https://www.bis.org/publ/qtrpdf/r_qt1303z.htm","Bank of Mexico, Bank for International Settlements.",5B0,"Mexico - Central bank, assets, total, BIS-spliced, break-adjusted",,E,1993-05,121.633,,F,A,
M,MX,B,XDC,MXN,B,,From January 1977 onwards: monthly financial statements. Before 1977: annual financial statements.,BIS-spliced,-,,3,9,,"This series is adjusted for breaks. Break-adjustment calculations follow the methodology outlined in the BIS Quarterly Review (2013). For further detail, see https://www.bis.org/publ/qtrpdf/r_qt1303z.htm","Bank of Mexico, Bank for International Settlements.",5B0,"Mexico - Central bank, assets, total, BIS-spliced, break-adjusted",,E,1993-06,111.544,,F,A,
M,MX,B,XDC,MXN,B,,From January 1977 onwards: monthly financial statements. Before 1977: annual financial statements.,BIS-spliced,-,,3,9,,"This series is adjusted for breaks. Break-adjustment calculations follow the methodology outlined in the BIS Quarterly Review (2013). For further detail, see https://www.bis.org/publ/qtrpdf/r_qt1303z.htm","Bank of Mexico, Bank for International Settlements.",5B0,"Mexico - Central bank, assets, total, BIS-spliced, break-adjusted",,E,1993-07,116.147,,F,A,
M,MX,B,XDC,MXN,B,,From January 1977 onwards: monthly financial statements. Before 1977: annual financial statements.,BIS-spliced,-,,3,9,,"This series is adjusted for breaks. Break-adjustment calculations follow the methodology outlined in the BIS Quarterly Review (2013). For further detail, see https://www.bis.org/publ/qtrpdf/r_qt1303z.htm","Bank of Mexico, Bank for International Settlements.",5B0,"Mexico - Central bank, assets, total, BIS-spliced, break-adjusted",,E,1993-08,114.995,,F,A,
M,MX,B,XDC,MXN,B,,From January 1977 onwards: monthly financial statements. Before 1977: annual financial statements.,BIS-spliced,-,,3,9,,"This series is adjusted for breaks. Break-adjustment calculations follow the methodology outlined in the BIS Quarterly Review (2013). For further detail, see https://www.bis.org/publ/qtrpdf/r_qt1303z.htm","Bank of Mexico, Bank for International Settlements.",5B0,"Mexico - Central bank, assets, total, BIS-spliced, break-adjusted",,E,1993-09,116.288,,F,A,
M,MX,B,XDC,MXN,B,,From January 1977 onwards: monthly financial statements. Before 1977: annual financial statements.,BIS-spliced,-,,3,9,,"This series is adjusted for breaks. Break-adjustment calculations follow the methodology outlined in the BIS Quarterly Review (2013). For further detail, see https://www.bis.org/publ/qtrpdf/r_qt1303z.htm","Bank of Mexico, Bank for International Settlements.",5B0,"Mexico - Central bank, assets, total, BIS-spliced, break-adjusted",,E,1993-10,113.598,,F,A,
M,MX,B,XDC,MXN,B,,From January 1977 onwards: monthly financial statements. Before 1977: annual financial statements.,BIS-spliced,-,,3,9,,"This series is adjusted for breaks. Break-adjustment calculations follow the methodology outlined in the BIS Quarterly Review (2013). For further detail, see https://www.bis.org/publ/qtrpdf/r_qt1303z.htm","Bank of Mexico, Bank for International Settlements.",5B0,"Mexico - Central bank, assets, total, BIS-spliced, break-adjusted",,E,1993-11,153.066,,F,A,
M,MX,B,XDC,MXN,B,,From January 1977 onwards: monthly financial statements. Before 1977: annual financial statements.,BIS-spliced,-,,3,9,,"This series is adjusted for breaks. Break-adjustment calculations follow the methodology outlined in the BIS Quarterly Review (2013). For further detail, see https://www.bis.org/publ/qtrpdf/r_qt1303z.htm","Bank of Mexico, Bank for International Settlements.",5B0,"Mexico - Central bank, assets, total, BIS-spliced, break-adjusted",,E,1993-12,152.91,,F,A,
M,MX,B,XDC,MXN,B,,From January 1977 onwards: monthly financial statements. Before 1977: annual financial statements.,BIS-spliced,-,,3,9,,"This series is adjusted for breaks. Break-adjustment calculations follow the methodology outlined in the BIS Quarterly Review (2013). For further detail, see https://www.bis.org/publ/qtrpdf/r_qt1303z.htm","Bank of Mexico, Bank for International Settlements.",5B0,"Mexico - Central bank, assets, total, BIS-spliced, break-adjusted",,E,1994-01,151.202,,F,A,
M,MX,B,XDC,MXN,B,,From January 1977 onwards: monthly financial statements. Before 1977: annual financial statements.,BIS-spliced,-,,3,9,,"This series is adjusted for breaks. Break-adjustment calculations follow the methodology outlined in the BIS Quarterly Review (2013). For further detail, see https://www.bis.org/publ/qtrpdf/r_qt1303z.htm","Bank of Mexico, Bank for International Settlements.",5B0,"Mexico - Central bank, assets, total, BIS-spliced, break-adjusted",,E,1994-02,156.254,,F,A,
M,MX,B,XDC,MXN,B,,From January 1977 onwards: monthly financial statements. Before 1977: annual financial statements.,BIS-spliced,-,,3,9,,"This series is adjusted for breaks. Break-adjustment calculations follow the methodology outlined in the BIS Quarterly Review (2013). For further detail, see https://www.bis.org/publ/qtrpdf/r_qt1303z.htm","Bank of Mexico, Bank for International Settlements.",5B0,"Mexico - Central bank, assets, total, BIS-spliced, break-adjusted",,E,1994-03,198.464,,F,A,
M,MX,B,XDC,MXN,B,,From January 1977 onwards: monthly financial statements. Before 1977: annual financial statements.,BIS-spliced,-,,3,9,,"This series is adjusted for breaks. Break-adjustment calculations follow the methodology outlined in the BIS Quarterly Review (2013). For further detail, see https://www.bis.org/publ/qtrpdf/r_qt1303z.htm","Bank of Mexico, Bank for International Settlements.",5B0,"Mexico - Central bank, assets, total, BIS-spliced, break-adjusted",,E,1994-04,98.036,,F,A,
M,MX,B,XDC,MXN,B,,From January 1977 onwards: monthly financial statements. Before 1977: annual financial statements.,BIS-spliced,-,,3,9,,"This series is adjusted for breaks. Break-adjustment calculations follow the methodology outlined in the BIS Quarterly Review (2013). For further detail, see https://www.bis.org/publ/qtrpdf/r_qt1303z.htm","Bank of Mexico, Bank for International Settlements.",5B0,"Mexico - Central bank, assets, total, BIS-spliced, break-adjusted",,E,1994-05,103.611,,F,A,
M,MX,B,XDC,MXN,B,,From January 1977 onwards: monthly financial statements. Before 1977: annual financial statements.,BIS-spliced,-,,3,9,,"This series is adjusted for breaks. Break-adjustment calculations follow the methodology outlined in the BIS Quarterly Review (2013). For further detail, see https://www.bis.org/publ/qtrpdf/r_qt1303z.htm","Bank of Mexico, Bank for International Settlements.",5B0,"Mexico - Central bank, assets, total, BIS-spliced, break-adjusted",,E,1994-06,104.489,,F,A,
M,MX,B,XDC,MXN,B,,From January 1977 onwards: monthly financial statements. Before 1977: annual financial statements.,BIS-spliced,-,,3,9,,"This series is adjusted for breaks. Break-adjustment calculations follow the methodology outlined in the BIS Quarterly Review (2013). For further detail, see https://www.bis.org/publ/qtrpdf/r_qt1303z.htm","Bank of Mexico, Bank for International Settlements.",5B0,"Mexico - Central bank, assets, total, BIS-spliced, break-adjusted",,E,1994-07,118.78,,F,A,
M,MX,B,XDC,MXN,B,,From January 1977 onwards: monthly financial statements. Before 1977: annual financial statements.,BIS-spliced,-,,3,9,,"This series is adjusted for breaks. Break-adjustment calculations follow the methodology outlined in the BIS Quarterly Review (2013). For further detail, see https://www.bis.org/publ/qtrpdf/r_qt1303z.htm","Bank of Mexico, Bank for International Settlements.",5B0,"Mexico - Central bank, assets, total, BIS-spliced, break-adjusted",,E,1994-08,116.644,,F,A,
M,MX,B,XDC,MXN,B,,From January 1977 onwards: monthly financial statements. Before 1977: annual financial statements.,BIS-spliced,-,,3,9,,"This series is adjusted for breaks. Break-adjustment calculations follow the methodology outlined in the BIS Quarterly Review (2013). For further detail, see https://www.bis.org/publ/qtrpdf/r_qt1303z.htm","Bank of Mexico, Bank for International Settlements.",5B0,"Mexico - Central bank, assets, total, BIS-spliced, break-adjusted",,E,1994-09,112.937,,F,A,
M,MX,B,XDC,MXN,B,,From January 1977 onwards: monthly financial statements. Before 1977: annual financial statements.,BIS-spliced,-,,3,9,,"This series is adjusted for breaks. Break-adjustment calculations follow the methodology outlined in the BIS Quarterly Review (2013). For further detail, see https://www.bis.org/publ/qtrpdf/r_qt1303z.htm","Bank of Mexico, Bank for International Settlements.",5B0,"Mexico - Central bank, assets, total, BIS-spliced, break-adjusted",,E,1994-10,116.361,,F,A,
M,MX,B,XDC,MXN,B,,From January 1977 onwards: monthly financial statements. Before 1977: annual financial statements.,BIS-spliced,-,,3,9,,"This series is adjusted for breaks. Break-adjustment calculations follow the methodology outlined in the BIS Quarterly Review (2013). For further detail, see https://www.bis.org/publ/qtrpdf/r_qt1303z.htm","Bank of Mexico, Bank for International Settlements.",5B0,"Mexico - Central bank, assets, total, BIS-spliced, break-adjusted",,E,1994-11,113.618,,F,A,
M,MX,B,XDC,MXN,B,,From January 1977 onwards: monthly financial statements. Before 1977: annual financial statements.,BIS-spliced,-,,3,9,,"This series is adjusted for breaks. Break-adjustment calculations follow the methodology outlined in the BIS Quarterly Review (2013). For further detail, see https://www.bis.org/publ/qtrpdf/r_qt1303z.htm","Bank of Mexico, Bank for International Settlements.",5B0,"Mexico - Central bank, assets, total, BIS-spliced, break-adjusted",,E,1994-12,186.98,,F,A,
M,MX,B,XDC,MXN,B,,From January 1977 onwards: monthly financial statements. Before 1977: annual financial statements.,BIS-spliced,-,,3,9,,"This series is adjusted for breaks. Break-adjustment calculations follow the methodology outlined in the BIS Quarterly Review (2013). For further detail, see https://www.bis.org/publ/qtrpdf/r_qt1303z.htm","Bank of Mexico, Bank for International Settlements.",5B0,"Mexico - Central bank, assets, total, BIS-spliced, break-adjusted",,E,1995-01,177.501,,F,A,
M,MX,B,XDC,MXN,B,,From January 1977 onwards: monthly financial statements. Before 1977: annual financial statements.,BIS-spliced,-,,3,9,,"This series is adjusted for breaks. Break-adjustment calculations follow the methodology outlined in the BIS Quarterly Review (2013). For further detail, see https://www.bis.org/publ/qtrpdf/r_qt1303z.htm","Bank of Mexico, Bank for International Settlements.",5B0,"Mexico - Central bank, assets, total, BIS-spliced, break-adjusted",,E,1995-02,210.699,,F,A,
M,MX,B,XDC,MXN,B,,From January 1977 onwards: monthly financial statements. Before 1977: annual financial statements.,BIS-spliced,-,,3,9,,"This series is adjusted for breaks. Break-adjustment calculations follow the methodology outlined in the BIS Quarterly Review (2013). For further detail, see https://www.bis.org/publ/qtrpdf/r_qt1303z.htm","Bank of Mexico, Bank for International Settlements.",5B0,"Mexico - Central bank, assets, total, BIS-spliced, break-adjusted",,E,1995-03,241.736,,F,A,
M,MX,B,XDC,MXN,B,,From January 1977 onwards: monthly financial statements. Before 1977: annual financial statements.,BIS-spliced,-,,3,9,,"This series is adjusted for breaks. Break-adjustment calculations follow the methodology outlined in the BIS Quarterly Review (2013). For further detail, see https://www.bis.org/publ/qtrpdf/r_qt1303z.htm","Bank of Mexico, Bank for International Settlements.",5B0,"Mexico - Central bank, assets, total, BIS-spliced, break-adjusted",,E,1995-04,240.263,,F,A,
M,MX,B,XDC,MXN,B,,From January 1977 onwards: monthly financial statements. Before 1977: annual financial statements.,BIS-spliced,-,,3,9,,"This series is adjusted for breaks. Break-adjustment calculations follow the methodology outlined in the BIS Quarterly Review (2013). For further detail, see https://www.bis.org/publ/qtrpdf/r_qt1303z.htm","Bank of Mexico, Bank for International Settlements.",5B0,"Mexico - Central bank, assets, total, BIS-spliced, break-adjusted",,E,1995-05,252.239,,F,A,
M,MX,B,XDC,MXN,B,,From January 1977 onwards: monthly financial statements. Before 1977: annual financial statements.,BIS-spliced,-,,3,9,,"This series is adjusted for breaks. Break-adjustment calculations follow the methodology outlined in the BIS Quarterly Review (2013). For further detail, see https://www.bis.org/publ/qtrpdf/r_qt1303z.htm","Bank of Mexico, Bank for International Settlements.",5B0,"Mexico - Central bank, assets, total, BIS-spliced, break-adjusted",,E,1995-06,243.069,,F,A,
M,MX,B,XDC,MXN,B,,From January 1977 onwards: monthly financial statements. Before 1977: annual financial statements.,BIS-spliced,-,,3,9,,"This series is adjusted for breaks. Break-adjustment calculations follow the methodology outlined in the BIS Quarterly Review (2013). For further detail, see https://www.bis.org/publ/qtrpdf/r_qt1303z.htm","Bank of Mexico, Bank for International Settlements.",5B0,"Mexico - Central bank, assets, total, BIS-spliced, break-adjusted",,E,1995-07,246.814,,F,A,
M,MX,B,XDC,MXN,B,,From January 1977 onwards: monthly financial statements. Before 1977: annual financial statements.,BIS-spliced,-,,3,9,,"This series is adjusted for breaks. Break-adjustment calculations follow the methodology outlined in the BIS Quarterly Review (2013). For further detail, see https://www.bis.org/publ/qtrpdf/r_qt1303z.htm","Bank of Mexico, Bank for International Settlements.",5B0,"Mexico - Central bank, assets, total, BIS-spliced, break-adjusted",,E,1995-08,252.204,,F,A,
M,MX,B,XDC,MXN,B,,From January 1977 onwards: monthly financial statements. Before 1977: annual financial statements.,BIS-spliced,-,,3,9,,"This series is adjusted for breaks. Break-adjustment calculations follow the methodology outlined in the BIS Quarterly Review (2013). For further detail, see https://www.bis.org/publ/qtrpdf/r_qt1303z.htm","Bank of Mexico, Bank for International Settlements.",5B0,"Mexico - Central bank, assets, total, BIS-spliced, break-adjusted",,E,1995-09,252.743,,F,A,
M,MX,B,XDC,MXN,B,,From January 1977 onwards: monthly financial statements. Before 1977: annual financial statements.,BIS-spliced,-,,3,9,,"This series is adjusted for breaks. Break-adjustment calculations follow the methodology outlined in the BIS Quarterly Review (2013). For further detail, see https://www.bis.org/publ/qtrpdf/r_qt1303z.htm","Bank of Mexico, Bank for International Settlements.",5B0,"Mexico - Central bank, assets, total, BIS-spliced, break-adjusted",,E,1995-10,256.582,,F,A,
M,MX,B,XDC,MXN,B,,From January 1977 onwards: monthly financial statements. Before 1977: annual financial statements.,BIS-spliced,-,,3,9,,"This series is adjusted for breaks. Break-adjustment calculations follow the methodology outlined in the BIS Quarterly Review (2013). For further detail, see https://www.bis.org/publ/qtrpdf/r_qt1303z.htm","Bank of Mexico, Bank for International Settlements.",5B0,"Mexico - Central bank, assets, total, BIS-spliced, break-adjusted",,E,1995-11,262.153,,F,A,
M,MX,B,XDC,MXN,B,,From January 1977 onwards: monthly financial statements. Before 1977: annual financial statements.,BIS-spliced,-,,3,9,,"This series is adjusted for breaks. Break-adjustment calculations follow the methodology outlined in the BIS Quarterly Review (2013). For further detail, see https://www.bis.org/publ/qtrpdf/r_qt1303z.htm","Bank of Mexico, Bank for International Settlements.",5B0,"Mexico - Central bank, assets, total, BIS-spliced, break-adjusted",,E,1995-12,292.891,,F,A,
M,MX,B,XDC,MXN,B,,From January 1977 onwards: monthly financial statements. Before 1977: annual financial statements.,BIS-spliced,-,,3,9,,"This series is adjusted for breaks. Break-adjustment calculations follow the methodology outlined in the BIS Quarterly Review (2013). For further detail, see https://www.bis.org/publ/qtrpdf/r_qt1303z.htm","Bank of Mexico, Bank for International Settlements.",5B0,"Mexico - Central bank, assets, total, BIS-spliced, break-adjusted",,E,1996-01,283.774,,F,A,
M,MX,B,XDC,MXN,B,,From January 1977 onwards: monthly financial statements. Before 1977: annual financial statements.,BIS-spliced,-,,3,9,,"This series is adjusted for breaks. Break-adjustment calculations follow the methodology outlined in the BIS Quarterly Review (2013). For further detail, see https://www.bis.org/publ/qtrpdf/r_qt1303z.htm","Bank of Mexico, Bank for International Settlements.",5B0,"Mexico - Central bank, assets, total, BIS-spliced, break-adjusted",,E,1996-02,290.676,,F,A,
M,MX,B,XDC,MXN,B,,From January 1977 onwards: monthly financial statements. Before 1977: annual financial statements.,BIS-spliced,-,,3,9,,"This series is adjusted for breaks. Break-adjustment calculations follow the methodology outlined in the BIS Quarterly Review (2013). For further detail, see https://www.bis.org/publ/qtrpdf/r_qt1303z.htm","Bank of Mexico, Bank for International Settlements.",5B0,"Mexico - Central bank, assets, total, BIS-spliced, break-adjusted",,E,1996-03,288.178,,F,A,
M,MX,B,XDC,MXN,B,,From January 1977 onwards: monthly financial statements. Before 1977: annual financial statements.,BIS-spliced,-,,3,9,,"This series is adjusted for breaks. Break-adjustment calculations follow the methodology outlined in the BIS Quarterly Review (2013). For further detail, see https://www.bis.org/publ/qtrpdf/r_qt1303z.htm","Bank of Mexico, Bank for International Settlements.",5B0,"Mexico - Central bank, assets, total, BIS-spliced, break-adjusted",,E,1996-04,286.343,,F,A,
M,MX,B,XDC,MXN,B,,From January 1977 onwards: monthly financial statements. Before 1977: annual financial statements.,BIS-spliced,-,,3,9,,"This series is adjusted for breaks. Break-adjustment calculations follow the methodology outlined in the BIS Quarterly Review (2013). For further detail, see https://www.bis.org/publ/qtrpdf/r_qt1303z.htm","Bank of Mexico, Bank for International Settlements.",5B0,"Mexico - Central bank, assets, total, BIS-spliced, break-adjusted",,E,1996-05,292.244,,F,A,
M,MX,B,XDC,MXN,B,,From January 1977 onwards: monthly financial statements. Before 1977: annual financial statements.,BIS-spliced,-,,3,9,,"This series is adjusted for breaks. Break-adjustment calculations follow the methodology outlined in the BIS Quarterly Review (2013). For further detail, see https://www.bis.org/publ/qtrpdf/r_qt1303z.htm","Bank of Mexico, Bank for International Settlements.",5B0,"Mexico - Central bank, assets, total, BIS-spliced, break-adjusted",,E,1996-06,295.055,,F,A,
M,MX,B,XDC,MXN,B,,From January 1977 onwards: monthly financial statements. Before 1977: annual financial statements.,BIS-spliced,-,,3,9,,"This series is adjusted for breaks. Break-adjustment calculations follow the methodology outlined in the BIS Quarterly Review (2013). For further detail, see https://www.bis.org/publ/qtrpdf/r_qt1303z.htm","Bank of Mexico, Bank for International Settlements.",5B0,"Mexico - Central bank, assets, total, BIS-spliced, break-adjusted",,E,1996-07,288.33,,F,A,
M,MX,B,XDC,MXN,B,,From January 1977 onwards: monthly financial statements. Before 1977: annual financial statements.,BIS-spliced,-,,3,9,,"This series is adjusted for breaks. Break-adjustment calculations follow the methodology outlined in the BIS Quarterly Review (2013). For further detail, see https://www.bis.org/publ/qtrpdf/r_qt1303z.htm","Bank of Mexico, Bank for International Settlements.",5B0,"Mexico - Central bank, assets, total, BIS-spliced, break-adjusted",,E,1996-08,282.57,,F,A,
M,MX,B,XDC,MXN,B,,From January 1977 onwards: monthly financial statements. Before 1977: annual financial statements.,BIS-spliced,-,,3,9,,"This series is adjusted for breaks. Break-adjustment calculations follow the methodology outlined in the BIS Quarterly Review (2013). For further detail, see https://www.bis.org/publ/qtrpdf/r_qt1303z.htm","Bank of Mexico, Bank for International Settlements.",5B0,"Mexico - Central bank, assets, total, BIS-spliced, break-adjusted",,E,1996-09,288.802,,F,A,
M,MX,B,XDC,MXN,B,,From January 1977 onwards: monthly financial statements. Before 1977: annual financial statements.,BIS-spliced,-,,3,9,,"This series is adjusted for breaks. Break-adjustment calculations follow the methodology outlined in the BIS Quarterly Review (2013). For further detail, see https://www.bis.org/publ/qtrpdf/r_qt1303z.htm","Bank of Mexico, Bank for International Settlements.",5B0,"Mexico - Central bank, assets, total, BIS-spliced, break-adjusted",,E,1996-10,300.253,,F,A,
M,MX,B,XDC,MXN,B,,From January 1977 onwards: monthly financial statements. Before 1977: annual financial statements.,BIS-spliced,-,,3,9,,"This series is adjusted for breaks. Break-adjustment calculations follow the methodology outlined in the BIS Quarterly Review (2013). For further detail, see https://www.bis.org/publ/qtrpdf/r_qt1303z.htm","Bank of Mexico, Bank for International Settlements.",5B0,"Mexico - Central bank, assets, total, BIS-spliced, break-adjusted",,E,1996-11,291.564,,F,A,
M,MX,B,XDC,MXN,B,,From January 1977 onwards: monthly financial statements. Before 1977: annual financial statements.,BIS-spliced,-,,3,9,,"This series is adjusted for breaks. Break-adjustment calculations follow the methodology outlined in the BIS Quarterly Review (2013). For further detail, see https://www.bis.org/publ/qtrpdf/r_qt1303z.htm","Bank of Mexico, Bank for International Settlements.",5B0,"Mexico - Central bank, assets, total, BIS-spliced, break-adjusted",,E,1996-12,275.411,,F,A,
M,MX,B,XDC,MXN,B,,From January 1977 onwards: monthly financial statements. Before 1977: annual financial statements.,BIS-spliced,-,,3,9,,"This series is adjusted for breaks. Break-adjustment calculations follow the methodology outlined in the BIS Quarterly Review (2013). For further detail, see https://www.bis.org/publ/qtrpdf/r_qt1303z.htm","Bank of Mexico, Bank for International Settlements.",5B0,"Mexico - Central bank, assets, total, BIS-spliced, break-adjusted",,E,1997-01,276.178,,F,A,
M,MX,B,XDC,MXN,B,,From January 1977 onwards: monthly financial statements. Before 1977: annual financial statements.,BIS-spliced,-,,3,9,,"This series is adjusted for breaks. Break-adjustment calculations follow the methodology outlined in the BIS Quarterly Review (2013). For further detail, see https://www.bis.org/publ/qtrpdf/r_qt1303z.htm","Bank of Mexico, Bank for International Settlements.",5B0,"Mexico - Central bank, assets, total, BIS-spliced, break-adjusted",,E,1997-02,288.941,,F,A,
M,MX,B,XDC,MXN,B,,From January 1977 onwards: monthly financial statements. Before 1977: annual financial statements.,BIS-spliced,-,,3,9,,"This series is adjusted for breaks. Break-adjustment calculations follow the methodology outlined in the BIS Quarterly Review (2013). For further detail, see https://www.bis.org/publ/qtrpdf/r_qt1303z.htm","Bank of Mexico, Bank for International Settlements.",5B0,"Mexico - Central bank, assets, total, BIS-spliced, break-adjusted",,E,1997-03,290.2,,F,A,
M,MX,B,XDC,MXN,B,,From January 1977 onwards: monthly financial statements. Before 1977: annual financial statements.,BIS-spliced,-,,3,9,,"This series is adjusted for breaks. Break-adjustment calculations follow the methodology outlined in the BIS Quarterly Review (2013). For further detail, see https://www.bis.org/publ/qtrpdf/r_qt1303z.htm","Bank of Mexico, Bank for International Settlements.",5B0,"Mexico - Central bank, assets, total, BIS-spliced, break-adjusted",,E,1997-04,299.863,,F,A,
M,MX,B,XDC,MXN,B,,From January 1977 onwards: monthly financial statements. Before 1977: annual financial statements.,BIS-spliced,-,,3,9,,"This series is adjusted for breaks. Break-adjustment calculations follow the methodology outlined in the BIS Quarterly Review (2013). For further detail, see https://www.bis.org/publ/qtrpdf/r_qt1303z.htm","Bank of Mexico, Bank for International Settlements.",5B0,"Mexico - Central bank, assets, total, BIS-spliced, break-adjusted",,E,1997-05,305.181,,F,A,
M,MX,B,XDC,MXN,B,,From January 1977 onwards: monthly financial statements. Before 1977: annual financial statements.,BIS-spliced,-,,3,9,,"This series is adjusted for breaks. Break-adjustment calculations follow the methodology outlined in the BIS Quarterly Review (2013). For further detail, see https://www.bis.org/publ/qtrpdf/r_qt1303z.htm","Bank of Mexico, Bank for International Settlements.",5B0,"Mexico - Central bank, assets, total, BIS-spliced, break-adjusted",,E,1997-06,304.909,,F,A,
M,MX,B,XDC,MXN,B,,From January 1977 onwards: monthly financial statements. Before 1977: annual financial statements.,BIS-spliced,-,,3,9,,"This series is adjusted for breaks. Break-adjustment calculations follow the methodology outlined in the BIS Quarterly Review (2013). For further detail, see https://www.bis.org/publ/qtrpdf/r_qt1303z.htm","Bank of Mexico, Bank for International Settlements.",5B0,"Mexico - Central bank, assets, total, BIS-spliced, break-adjusted",,E,1997-07,313.553,,F,A,
M,MX,B,XDC,MXN,B,,From January 1977 onwards: monthly financial statements. Before 1977: annual financial statements.,BIS-spliced,-,,3,9,,"This series is adjusted for breaks. Break-adjustment calculations follow the methodology outlined in the BIS Quarterly Review (2013). For further detail, see https://www.bis.org/publ/qtrpdf/r_qt1303z.htm","Bank of Mexico, Bank for International Settlements.",5B0,"Mexico - Central bank, assets, total, BIS-spliced, break-adjusted",,E,1997-08,322.263,,F,A,
M,MX,B,XDC,MXN,B,,From January 1977 onwards: monthly financial statements. Before 1977: annual financial statements.,BIS-spliced,-,,3,9,,"This series is adjusted for breaks. Break-adjustment calculations follow the methodology outlined in the BIS Quarterly Review (2013). For further detail, see https://www.bis.org/publ/qtrpdf/r_qt1303z.htm","Bank of Mexico, Bank for International Settlements.",5B0,"Mexico - Central bank, assets, total, BIS-spliced, break-adjusted",,E,1997-09,331.016,,F,A,
M,MX,B,XDC,MXN,B,,From January 1977 onwards: monthly financial statements. Before 1977: annual financial statements.,BIS-spliced,-,,3,9,,"This series is adjusted for breaks. Break-adjustment calculations follow the methodology outlined in the BIS Quarterly Review (2013). For further detail, see https://www.bis.org/publ/qtrpdf/r_qt1303z.htm","Bank of Mexico, Bank for International Settlements.",5B0,"Mexico - Central bank, assets, total, BIS-spliced, break-adjusted",,E,1997-10,351.083,,F,A,
M,MX,B,XDC,MXN,B,,From January 1977 onwards: monthly financial statements. Before 1977: annual financial statements.,BIS-spliced,-,,3,9,,"This series is adjusted for breaks. Break-adjustment calculations follow the methodology outlined in the BIS Quarterly Review (2013). For further detail, see https://www.bis.org/publ/qtrpdf/r_qt1303z.htm","Bank of Mexico, Bank for International Settlements.",5B0,"Mexico - Central bank, assets, total, BIS-spliced, break-adjusted",,E,1997-11,347.918,,F,A,
M,MX,B,XDC,MXN,B,,From January 1977 onwards: monthly financial statements. Before 1977: annual financial statements.,BIS-spliced,-,,3,9,,"This series is adjusted for breaks. Break-adjustment calculations follow the methodology outlined in the BIS Quarterly Review (2013). For further detail, see https://www.bis.org/publ/qtrpdf/r_qt1303z.htm","Bank of Mexico, Bank for International Settlements.",5B0,"Mexico - Central bank, assets, total, BIS-spliced, break-adjusted",,E,1997-12,368.998,,F,A,
M,MX,B,XDC,MXN,B,,From January 1977 onwards: monthly financial statements. Before 1977: annual financial statements.,BIS-spliced,-,,3,9,,"This series is adjusted for breaks. Break-adjustment calculations follow the methodology outlined in the BIS Quarterly Review (2013). For further detail, see https://www.bis.org/publ/qtrpdf/r_qt1303z.htm","Bank of Mexico, Bank for International Settlements.",5B0,"Mexico - Central bank, assets, total, BIS-spliced, break-adjusted",,E,1998-01,374.42,,F,A,
M,MX,B,XDC,MXN,B,,From January 1977 onwards: monthly financial statements. Before 1977: annual financial statements.,BIS-spliced,-,,3,9,,"This series is adjusted for breaks. Break-adjustment calculations follow the methodology outlined in the BIS Quarterly Review (2013). For further detail, see https://www.bis.org/publ/qtrpdf/r_qt1303z.htm","Bank of Mexico, Bank for International Settlements.",5B0,"Mexico - Central bank, assets, total, BIS-spliced, break-adjusted",,E,1998-02,372.426,,F,A,
M,MX,B,XDC,MXN,B,,From January 1977 onwards: monthly financial statements. Before 1977: annual financial statements.,BIS-spliced,-,,3,9,,"This series is adjusted for breaks. Break-adjustment calculations follow the methodology outlined in the BIS Quarterly Review (2013). For further detail, see https://www.bis.org/publ/qtrpdf/r_qt1303z.htm","Bank of Mexico, Bank for International Settlements.",5B0,"Mexico - Central bank, assets, total, BIS-spliced, break-adjusted",,E,1998-03,380.263,,F,A,
M,MX,B,XDC,MXN,B,,From January 1977 onwards: monthly financial statements. Before 1977: annual financial statements.,BIS-spliced,-,,3,9,,"This series is adjusted for breaks. Break-adjustment calculations follow the methodology outlined in the BIS Quarterly Review (2013). For further detail, see https://www.bis.org/publ/qtrpdf/r_qt1303z.htm","Bank of Mexico, Bank for International Settlements.",5B0,"Mexico - Central bank, assets, total, BIS-spliced, break-adjusted",,E,1998-04,412.336,,F,A,
M,MX,B,XDC,MXN,B,,From January 1977 onwards: monthly financial statements. Before 1977: annual financial statements.,BIS-spliced,-,,3,9,,"This series is adjusted for breaks. Break-adjustment calculations follow the methodology outlined in the BIS Quarterly Review (2013). For further detail, see https://www.bis.org/publ/qtrpdf/r_qt1303z.htm","Bank of Mexico, Bank for International Settlements.",5B0,"Mexico - Central bank, assets, total, BIS-spliced, break-adjusted",,E,1998-05,411.733,,F,A,
M,MX,B,XDC,MXN,B,,From January 1977 onwards: monthly financial statements. Before 1977: annual financial statements.,BIS-spliced,-,,3,9,,"This series is adjusted for breaks. Break-adjustment calculations follow the methodology outlined in the BIS Quarterly Review (2013). For further detail, see https://www.bis.org/publ/qtrpdf/r_qt1303z.htm","Bank of Mexico, Bank for International Settlements.",5B0,"Mexico - Central bank, assets, total, BIS-spliced, break-adjusted",,E,1998-06,413.841,,F,A,
M,MX,B,XDC,MXN,B,,From January 1977 onwards: monthly financial statements. Before 1977: annual financial statements.,BIS-spliced,-,,3,9,,"This series is adjusted for breaks. Break-adjustment calculations follow the methodology outlined in the BIS Quarterly Review (2013). For further detail, see https://www.bis.org/publ/qtrpdf/r_qt1303z.htm","Bank of Mexico, Bank for International Settlements.",5B0,"Mexico - Central bank, assets, total, BIS-spliced, break-adjusted",,E,1998-07,421.091,,F,A,
M,MX,B,XDC,MXN,B,,From January 1977 onwards: monthly financial statements. Before 1977: annual financial statements.,BIS-spliced,-,,3,9,,"This series is adjusted for breaks. Break-adjustment calculations follow the methodology outlined in the BIS Quarterly Review (2013). For further detail, see https://www.bis.org/publ/qtrpdf/r_qt1303z.htm","Bank of Mexico, Bank for International Settlements.",5B0,"Mexico - Central bank, assets, total, BIS-spliced, break-adjusted",,E,1998-08,431.326,,F,A,
M,MX,B,XDC,MXN,B,,From January 1977 onwards: monthly financial statements. Before 1977: annual financial statements.,BIS-spliced,-,,3,9,,"This series is adjusted for breaks. Break-adjustment calculations follow the methodology outlined in the BIS Quarterly Review (2013). For further detail, see https://www.bis.org/publ/qtrpdf/r_qt1303z.htm","Bank of Mexico, Bank for International Settlements.",5B0,"Mexico - Central bank, assets, total, BIS-spliced, break-adjusted",,E,1998-09,421.654,,F,A,
M,MX,B,XDC,MXN,B,,From January 1977 onwards: monthly financial statements. Before 1977: annual financial statements.,BIS-spliced,-,,3,9,,"This series is adjusted for breaks. Break-adjustment calculations follow the methodology outlined in the BIS Quarterly Review (2013). For further detail, see https://www.bis.org/publ/qtrpdf/r_qt1303z.htm","Bank of Mexico, Bank for International Settlements.",5B0,"Mexico - Central bank, assets, total, BIS-spliced, break-adjusted",,E,1998-10,435.726,,F,A,
M,MX,B,XDC,MXN,B,,From January 1977 onwards: monthly financial statements. Before 1977: annual financial statements.,BIS-spliced,-,,3,9,,"This series is adjusted for breaks. Break-adjustment calculations follow the methodology outlined in the BIS Quarterly Review (2013). For further detail, see https://www.bis.org/publ/qtrpdf/r_qt1303z.htm","Bank of Mexico, Bank for International Settlements.",5B0,"Mexico - Central bank, assets, total, BIS-spliced, break-adjusted",,E,1998-11,434.624,,F,A,
M,MX,B,XDC,MXN,B,,From January 1977 onwards: monthly financial statements. Before 1977: annual financial statements.,BIS-spliced,-,,3,9,,"This series is adjusted for breaks. Break-adjustment calculations follow the methodology outlined in the BIS Quarterly Review (2013). For further detail, see https://www.bis.org/publ/qtrpdf/r_qt1303z.htm","Bank of Mexico, Bank for International Settlements.",5B0,"Mexico - Central bank, assets, total, BIS-spliced, break-adjusted",,E,1998-12,456.406,,F,A,
M,MX,B,XDC,MXN,B,,From January 1977 onwards: monthly financial statements. Before 1977: annual financial statements.,BIS-spliced,-,,3,9,,"This series is adjusted for breaks. Break-adjustment calculations follow the methodology outlined in the BIS Quarterly Review (2013). For further detail, see https://www.bis.org/publ/qtrpdf/r_qt1303z.htm","Bank of Mexico, Bank for International Settlements.",5B0,"Mexico - Central bank, assets, total, BIS-spliced, break-adjusted",,E,1999-01,472.983,,F,A,
M,MX,B,XDC,MXN,B,,From January 1977 onwards: monthly financial statements. Before 1977: annual financial statements.,BIS-spliced,-,,3,9,,"This series is adjusted for breaks. Break-adjustment calculations follow the methodology outlined in the BIS Quarterly Review (2013). For further detail, see https://www.bis.org/publ/qtrpdf/r_qt1303z.htm","Bank of Mexico, Bank for International Settlements.",5B0,"Mexico - Central bank, assets, total, BIS-spliced, break-adjusted",,E,1999-02,484.887,,F,A,
M,MX,B,XDC,MXN,B,,From January 1977 onwards: monthly financial statements. Before 1977: annual financial statements.,BIS-spliced,-,,3,9,,"This series is adjusted for breaks. Break-adjustment calculations follow the methodology outlined in the BIS Quarterly Review (2013). For further detail, see https://www.bis.org/publ/qtrpdf/r_qt1303z.htm","Bank of Mexico, Bank for International Settlements.",5B0,"Mexico - Central bank, assets, total, BIS-spliced, break-adjusted",,E,1999-03,497.573,,F,A,
M,MX,B,XDC,MXN,B,,From January 1977 onwards: monthly financial statements. Before 1977: annual financial statements.,BIS-spliced,-,,3,9,,"This series is adjusted for breaks. Break-adjustment calculations follow the methodology outlined in the BIS Quarterly Review (2013). For further detail, see https://www.bis.org/publ/qtrpdf/r_qt1303z.htm","Bank of Mexico, Bank for International Settlements.",5B0,"Mexico - Central bank, assets, total, BIS-spliced, break-adjusted",,E,1999-04,516.131,,F,A,
M,MX,B,XDC,MXN,B,,From January 1977 onwards: monthly financial statements. Before 1977: annual financial statements.,BIS-spliced,-,,3,9,,"This series is adjusted for breaks. Break-adjustment calculations follow the methodology outlined in the BIS Quarterly Review (2013). For further detail, see https://www.bis.org/publ/qtrpdf/r_qt1303z.htm","Bank of Mexico, Bank for International Settlements.",5B0,"Mexico - Central bank, assets, total, BIS-spliced, break-adjusted",,E,1999-05,529.588,,F,A,
M,MX,B,XDC,MXN,B,,From January 1977 onwards: monthly financial statements. Before 1977: annual financial statements.,BIS-spliced,-,,3,9,,"This series is adjusted for breaks. Break-adjustment calculations follow the methodology outlined in the BIS Quarterly Review (2013). For further detail, see https://www.bis.org/publ/qtrpdf/r_qt1303z.htm","Bank of Mexico, Bank for International Settlements.",5B0,"Mexico - Central bank, assets, total, BIS-spliced, break-adjusted",,E,1999-06,515.054,,F,A,
M,MX,B,XDC,MXN,B,,From January 1977 onwards: monthly financial statements. Before 1977: annual financial statements.,BIS-spliced,-,,3,9,,"This series is adjusted for breaks. Break-adjustment calculations follow the methodology outlined in the BIS Quarterly Review (2013). For further detail, see https://www.bis.org/publ/qtrpdf/r_qt1303z.htm","Bank of Mexico, Bank for International Settlements.",5B0,"Mexico - Central bank, assets, total, BIS-spliced, break-adjusted",,E,1999-07,518.816,,F,A,
M,MX,B,XDC,MXN,B,,From January 1977 onwards: monthly financial statements. Before 1977: annual financial statements.,BIS-spliced,-,,3,9,,"This series is adjusted for breaks. Break-adjustment calculations follow the methodology outlined in the BIS Quarterly Review (2013). For further detail, see https://www.bis.org/publ/qtrpdf/r_qt1303z.htm","Bank of Mexico, Bank for International Settlements.",5B0,"Mexico - Central bank, assets, total, BIS-spliced, break-adjusted",,E,1999-08,511.157,,F,A,
M,MX,B,XDC,MXN,B,,From January 1977 onwards: monthly financial statements. Before 1977: annual financial statements.,BIS-spliced,-,,3,9,,"This series is adjusted for breaks. Break-adjustment calculations follow the methodology outlined in the BIS Quarterly Review (2013). For further detail, see https://www.bis.org/publ/qtrpdf/r_qt1303z.htm","Bank of Mexico, Bank for International Settlements.",5B0,"Mexico - Central bank, assets, total, BIS-spliced, break-adjusted",,E,1999-09,512.285,,F,A,
M,MX,B,XDC,MXN,B,,From January 1977 onwards: monthly financial statements. Before 1977: annual financial statements.,BIS-spliced,-,,3,9,,"This series is adjusted for breaks. Break-adjustment calculations follow the methodology outlined in the BIS Quarterly Review (2013). For further detail, see https://www.bis.org/publ/qtrpdf/r_qt1303z.htm","Bank of Mexico, Bank for International Settlements.",5B0,"Mexico - Central bank, assets, total, BIS-spliced, break-adjusted",,E,1999-10,530.421,,F,A,
M,MX,B,XDC,MXN,B,,From January 1977 onwards: monthly financial statements. Before 1977: annual financial statements.,BIS-spliced,-,,3,9,,"This series is adjusted for breaks. Break-adjustment calculations follow the methodology outlined in the BIS Quarterly Review (2013). For further detail, see https://www.bis.org/publ/qtrpdf/r_qt1303z.htm","Bank of Mexico, Bank for International Settlements.",5B0,"Mexico - Central bank, assets, total, BIS-spliced, break-adjusted",,E,1999-11,532.333,,F,A,
M,MX,B,XDC,MXN,B,,From January 1977 onwards: monthly financial statements. Before 1977: annual financial statements.,BIS-spliced,-,,3,9,,"This series is adjusted for breaks. Break-adjustment calculations follow the methodology outlined in the BIS Quarterly Review (2013). For further detail, see https://www.bis.org/publ/qtrpdf/r_qt1303z.htm","Bank of Mexico, Bank for International Settlements.",5B0,"Mexico - Central bank, assets, total, BIS-spliced, break-adjusted",,E,1999-12,583.193,,F,A,
M,MX,B,XDC,MXN,B,,From January 1977 onwards: monthly financial statements. Before 1977: annual financial statements.,BIS-spliced,-,,3,9,,"This series is adjusted for breaks. Break-adjustment calculations follow the methodology outlined in the BIS Quarterly Review (2013). For further detail, see https://www.bis.org/publ/qtrpdf/r_qt1303z.htm","Bank of Mexico, Bank for International Settlements.",5B0,"Mexico - Central bank, assets, total, BIS-spliced, break-adjusted",,E,2000-01,582.421,,F,A,
M,MX,B,XDC,MXN,B,,From January 1977 onwards: monthly financial statements. Before 1977: annual financial statements.,BIS-spliced,-,,3,9,,"This series is adjusted for breaks. Break-adjustment calculations follow the methodology outlined in the BIS Quarterly Review (2013). For further detail, see https://www.bis.org/publ/qtrpdf/r_qt1303z.htm","Bank of Mexico, Bank for International Settlements.",5B0,"Mexico - Central bank, assets, total, BIS-spliced, break-adjusted",,E,2000-02,564.8,,F,A,
M,MX,B,XDC,MXN,B,,From January 1977 onwards: monthly financial statements. Before 1977: annual financial statements.,BIS-spliced,-,,3,9,,"This series is adjusted for breaks. Break-adjustment calculations follow the methodology outlined in the BIS Quarterly Review (2013). For further detail, see https://www.bis.org/publ/qtrpdf/r_qt1303z.htm","Bank of Mexico, Bank for International Settlements.",5B0,"Mexico - Central bank, assets, total, BIS-spliced, break-adjusted",,E,2000-03,547.175,,F,A,
M,MX,B,XDC,MXN,B,,From January 1977 onwards: monthly financial statements. Before 1977: annual financial statements.,BIS-spliced,-,,3,9,,"This series is adjusted for breaks. Break-adjustment calculations follow the methodology outlined in the BIS Quarterly Review (2013). For further detail, see https://www.bis.org/publ/qtrpdf/r_qt1303z.htm","Bank of Mexico, Bank for International Settlements.",5B0,"Mexico - Central bank, assets, total, BIS-spliced, break-adjusted",,E,2000-04,571.189,,F,A,
M,MX,B,XDC,MXN,B,,From January 1977 onwards: monthly financial statements. Before 1977: annual financial statements.,BIS-spliced,-,,3,9,,"This series is adjusted for breaks. Break-adjustment calculations follow the methodology outlined in the BIS Quarterly Review (2013). For further detail, see https://www.bis.org/publ/qtrpdf/r_qt1303z.htm","Bank of Mexico, Bank for International Settlements.",5B0,"Mexico - Central bank, assets, total, BIS-spliced, break-adjusted",,E,2000-05,575.791,,F,A,
M,MX,B,XDC,MXN,B,,From January 1977 onwards: monthly financial statements. Before 1977: annual financial statements.,BIS-spliced,-,,3,9,,"This series is adjusted for breaks. Break-adjustment calculations follow the methodology outlined in the BIS Quarterly Review (2013). For further detail, see https://www.bis.org/publ/qtrpdf/r_qt1303z.htm","Bank of Mexico, Bank for International Settlements.",5B0,"Mexico - Central bank, assets, total, BIS-spliced, break-adjusted",,E,2000-06,579.939,,F,A,
M,MX,B,XDC,MXN,B,,From January 1977 onwards: monthly financial statements. Before 1977: annual financial statements.,BIS-spliced,-,,3,9,,"This series is adjusted for breaks. Break-adjustment calculations follow the methodology outlined in the BIS Quarterly Review (2013). For further detail, see https://www.bis.org/publ/qtrpdf/r_qt1303z.htm","Bank of Mexico, Bank for International Settlements.",5B0,"Mexico - Central bank, assets, total, BIS-spliced, break-adjusted",,E,2000-07,564.722,,F,A,
M,MX,B,XDC,MXN,B,,From January 1977 onwards: monthly financial statements. Before 1977: annual financial statements.,BIS-spliced,-,,3,9,,"This series is adjusted for breaks. Break-adjustment calculations follow the methodology outlined in the BIS Quarterly Review (2013). For further detail, see https://www.bis.org/publ/qtrpdf/r_qt1303z.htm","Bank of Mexico, Bank for International Settlements.",5B0,"Mexico - Central bank, assets, total, BIS-spliced, break-adjusted",,E,2000-08,539.911,,F,A,
M,MX,B,XDC,MXN,B,,From January 1977 onwards: monthly financial statements. Before 1977: annual financial statements.,BIS-spliced,-,,3,9,,"This series is adjusted for breaks. Break-adjustment calculations follow the methodology outlined in the BIS Quarterly Review (2013). For further detail, see https://www.bis.org/publ/qtrpdf/r_qt1303z.htm","Bank of Mexico, Bank for International Settlements.",5B0,"Mexico - Central bank, assets, total, BIS-spliced, break-adjusted",,E,2000-09,565.664,,F,A,
M,MX,B,XDC,MXN,B,,From January 1977 onwards: monthly financial statements. Before 1977: annual financial statements.,BIS-spliced,-,,3,9,,"This series is adjusted for breaks. Break-adjustment calculations follow the methodology outlined in the BIS Quarterly Review (2013). For further detail, see https://www.bis.org/publ/qtrpdf/r_qt1303z.htm","Bank of Mexico, Bank for International Settlements.",5B0,"Mexico - Central bank, assets, total, BIS-spliced, break-adjusted",,E,2000-10,590.901,,F,A,
M,MX,B,XDC,MXN,B,,From January 1977 onwards: monthly financial statements. Before 1977: annual financial statements.,BIS-spliced,-,,3,9,,"This series is adjusted for breaks. Break-adjustment calculations follow the methodology outlined in the BIS Quarterly Review (2013). For further detail, see https://www.bis.org/publ/qtrpdf/r_qt1303z.htm","Bank of Mexico, Bank for International Settlements.",5B0,"Mexico - Central bank, assets, total, BIS-spliced, break-adjusted",,E,2000-11,585.788,,F,A,
M,MX,B,XDC,MXN,B,,From January 1977 onwards: monthly financial statements. Before 1977: annual financial statements.,BIS-spliced,-,,3,9,,"This series is adjusted for breaks. Break-adjustment calculations follow the methodology outlined in the BIS Quarterly Review (2013). For further detail, see https://www.bis.org/publ/qtrpdf/r_qt1303z.htm","Bank of Mexico, Bank for International Settlements.",5B0,"Mexico - Central bank, assets, total, BIS-spliced, break-adjusted",,E,2000-12,620.912,,F,A,
M,MX,B,XDC,MXN,B,,From January 1977 onwards: monthly financial statements. Before 1977: annual financial statements.,BIS-spliced,-,,3,9,,"This series is adjusted for breaks. Break-adjustment calculations follow the methodology outlined in the BIS Quarterly Review (2013). For further detail, see https://www.bis.org/publ/qtrpdf/r_qt1303z.htm","Bank of Mexico, Bank for International Settlements.",5B0,"Mexico - Central bank, assets, total, BIS-spliced, break-adjusted",,E,2001-01,626.011,,F,A,
M,MX,B,XDC,MXN,B,,From January 1977 onwards: monthly financial statements. Before 1977: annual financial statements.,BIS-spliced,-,,3,9,,"This series is adjusted for breaks. Break-adjustment calculations follow the methodology outlined in the BIS Quarterly Review (2013). For further detail, see https://www.bis.org/publ/qtrpdf/r_qt1303z.htm","Bank of Mexico, Bank for International Settlements.",5B0,"Mexico - Central bank, assets, total, BIS-spliced, break-adjusted",,E,2001-02,624.911,,F,A,
M,MX,B,XDC,MXN,B,,From January 1977 onwards: monthly financial statements. Before 1977: annual financial statements.,BIS-spliced,-,,3,9,,"This series is adjusted for breaks. Break-adjustment calculations follow the methodology outlined in the BIS Quarterly Review (2013). For further detail, see https://www.bis.org/publ/qtrpdf/r_qt1303z.htm","Bank of Mexico, Bank for International Settlements.",5B0,"Mexico - Central bank, assets, total, BIS-spliced, break-adjusted",,E,2001-03,616.795,,F,A,
M,MX,B,XDC,MXN,B,,From January 1977 onwards: monthly financial statements. Before 1977: annual financial statements.,BIS-spliced,-,,3,9,,"This series is adjusted for breaks. Break-adjustment calculations follow the methodology outlined in the BIS Quarterly Review (2013). For further detail, see https://www.bis.org/publ/qtrpdf/r_qt1303z.htm","Bank of Mexico, Bank for International Settlements.",5B0,"Mexico - Central bank, assets, total, BIS-spliced, break-adjusted",,E,2001-04,626.667,,F,A,
M,MX,B,XDC,MXN,B,,From January 1977 onwards: monthly financial statements. Before 1977: annual financial statements.,BIS-spliced,-,,3,9,,"This series is adjusted for breaks. Break-adjustment calculations follow the methodology outlined in the BIS Quarterly Review (2013). For further detail, see https://www.bis.org/publ/qtrpdf/r_qt1303z.htm","Bank of Mexico, Bank for International Settlements.",5B0,"Mexico - Central bank, assets, total, BIS-spliced, break-adjusted",,E,2001-05,607.386,,F,A,
M,MX,B,XDC,MXN,B,,From January 1977 onwards: monthly financial statements. Before 1977: annual financial statements.,BIS-spliced,-,,3,9,,"This series is adjusted for breaks. Break-adjustment calculations follow the methodology outlined in the BIS Quarterly Review (2013). For further detail, see https://www.bis.org/publ/qtrpdf/r_qt1303z.htm","Bank of Mexico, Bank for International Settlements.",5B0,"Mexico - Central bank, assets, total, BIS-spliced, break-adjusted",,E,2001-06,591.326,,F,A,
M,MX,B,XDC,MXN,B,,From January 1977 onwards: monthly financial statements. Before 1977: annual financial statements.,BIS-spliced,-,,3,9,,"This series is adjusted for breaks. Break-adjustment calculations follow the methodology outlined in the BIS Quarterly Review (2013). For further detail, see https://www.bis.org/publ/qtrpdf/r_qt1303z.htm","Bank of Mexico, Bank for International Settlements.",5B0,"Mexico - Central bank, assets, total, BIS-spliced, break-adjusted",,E,2001-07,640.109,,F,A,
M,MX,B,XDC,MXN,B,,From January 1977 onwards: monthly financial statements. Before 1977: annual financial statements.,BIS-spliced,-,,3,9,,"This series is adjusted for breaks. Break-adjustment calculations follow the methodology outlined in the BIS Quarterly Review (2013). For further detail, see https://www.bis.org/publ/qtrpdf/r_qt1303z.htm","Bank of Mexico, Bank for International Settlements.",5B0,"Mexico - Central bank, assets, total, BIS-spliced, break-adjusted",,E,2001-08,658.04,,F,A,
M,MX,B,XDC,MXN,B,,From January 1977 onwards: monthly financial statements. Before 1977: annual financial statements.,BIS-spliced,-,,3,9,,"This series is adjusted for breaks. Break-adjustment calculations follow the methodology outlined in the BIS Quarterly Review (2013). For further detail, see https://www.bis.org/publ/qtrpdf/r_qt1303z.htm","Bank of Mexico, Bank for International Settlements.",5B0,"Mexico - Central bank, assets, total, BIS-spliced, break-adjusted",,E,2001-09,651.083,,F,A,
M,MX,B,XDC,MXN,B,,From January 1977 onwards: monthly financial statements. Before 1977: annual financial statements.,BIS-spliced,-,,3,9,,"This series is adjusted for breaks. Break-adjustment calculations follow the methodology outlined in the BIS Quarterly Review (2013). For further detail, see https://www.bis.org/publ/qtrpdf/r_qt1303z.htm","Bank of Mexico, Bank for International Settlements.",5B0,"Mexico - Central bank, assets, total, BIS-spliced, break-adjusted",,E,2001-10,657.108,,F,A,
M,MX,B,XDC,MXN,B,,From January 1977 onwards: monthly financial statements. Before 1977: annual financial statements.,BIS-spliced,-,,3,9,,"This series is adjusted for breaks. Break-adjustment calculations follow the methodology outlined in the BIS Quarterly Review (2013). For further detail, see https://www.bis.org/publ/qtrpdf/r_qt1303z.htm","Bank of Mexico, Bank for International Settlements.",5B0,"Mexico - Central bank, assets, total, BIS-spliced, break-adjusted",,E,2001-11,666.265,,F,A,
M,MX,B,XDC,MXN,B,,From January 1977 onwards: monthly financial statements. Before 1977: annual financial statements.,BIS-spliced,-,,3,9,,"This series is adjusted for breaks. Break-adjustment calculations follow the methodology outlined in the BIS Quarterly Review (2013). For further detail, see https://www.bis.org/publ/qtrpdf/r_qt1303z.htm","Bank of Mexico, Bank for International Settlements.",5B0,"Mexico - Central bank, assets, total, BIS-spliced, break-adjusted",,E,2001-12,665.454,,F,A,
M,MX,B,XDC,MXN,B,,From January 1977 onwards: monthly financial statements. Before 1977: annual financial statements.,BIS-spliced,-,,3,9,,"This series is adjusted for breaks. Break-adjustment calculations follow the methodology outlined in the BIS Quarterly Review (2013). For further detail, see https://www.bis.org/publ/qtrpdf/r_qt1303z.htm","Bank of Mexico, Bank for International Settlements.",5B0,"Mexico - Central bank, assets, total, BIS-spliced, break-adjusted",,E,2002-01,662.391,,F,A,
M,MX,B,XDC,MXN,B,,From January 1977 onwards: monthly financial statements. Before 1977: annual financial statements.,BIS-spliced,-,,3,9,,"This series is adjusted for breaks. Break-adjustment calculations follow the methodology outlined in the BIS Quarterly Review (2013). For further detail, see https://www.bis.org/publ/qtrpdf/r_qt1303z.htm","Bank of Mexico, Bank for International Settlements.",5B0,"Mexico - Central bank, assets, total, BIS-spliced, break-adjusted",,E,2002-02,672.463,,F,A,
M,MX,B,XDC,MXN,B,,From January 1977 onwards: monthly financial statements. Before 1977: annual financial statements.,BIS-spliced,-,,3,9,,"This series is adjusted for breaks. Break-adjustment calculations follow the methodology outlined in the BIS Quarterly Review (2013). For further detail, see https://www.bis.org/publ/qtrpdf/r_qt1303z.htm","Bank of Mexico, Bank for International Settlements.",5B0,"Mexico - Central bank, assets, total, BIS-spliced, break-adjusted",,E,2002-03,677.745,,F,A,
M,MX,B,XDC,MXN,B,,From January 1977 onwards: monthly financial statements. Before 1977: annual financial statements.,BIS-spliced,-,,3,9,,"This series is adjusted for breaks. Break-adjustment calculations follow the methodology outlined in the BIS Quarterly Review (2013). For further detail, see https://www.bis.org/publ/qtrpdf/r_qt1303z.htm","Bank of Mexico, Bank for International Settlements.",5B0,"Mexico - Central bank, assets, total, BIS-spliced, break-adjusted",,E,2002-04,691.604,,F,A,
M,MX,B,XDC,MXN,B,,From January 1977 onwards: monthly financial statements. Before 1977: annual financial statements.,BIS-spliced,-,,3,9,,"This series is adjusted for breaks. Break-adjustment calculations follow the methodology outlined in the BIS Quarterly Review (2013). For further detail, see https://www.bis.org/publ/qtrpdf/r_qt1303z.htm","Bank of Mexico, Bank for International Settlements.",5B0,"Mexico - Central bank, assets, total, BIS-spliced, break-adjusted",,E,2002-05,716.883,,F,A,
M,MX,B,XDC,MXN,B,,From January 1977 onwards: monthly financial statements. Before 1977: annual financial statements.,BIS-spliced,-,,3,9,,"This series is adjusted for breaks. Break-adjustment calculations follow the methodology outlined in the BIS Quarterly Review (2013). For further detail, see https://www.bis.org/publ/qtrpdf/r_qt1303z.htm","Bank of Mexico, Bank for International Settlements.",5B0,"Mexico - Central bank, assets, total, BIS-spliced, break-adjusted",,E,2002-06,728.032,,F,A,
M,MX,B,XDC,MXN,B,,From January 1977 onwards: monthly financial statements. Before 1977: annual financial statements.,BIS-spliced,-,,3,9,,"This series is adjusted for breaks. Break-adjustment calculations follow the methodology outlined in the BIS Quarterly Review (2013). For further detail, see https://www.bis.org/publ/qtrpdf/r_qt1303z.htm","Bank of Mexico, Bank for International Settlements.",5B0,"Mexico - Central bank, assets, total, BIS-spliced, break-adjusted",,E,2002-07,711.388,,F,A,
M,MX,B,XDC,MXN,B,,From January 1977 onwards: monthly financial statements. Before 1977: annual financial statements.,BIS-spliced,-,,3,9,,"This series is adjusted for breaks. Break-adjustment calculations follow the methodology outlined in the BIS Quarterly Review (2013). For further detail, see https://www.bis.org/publ/qtrpdf/r_qt1303z.htm","Bank of Mexico, Bank for International Settlements.",5B0,"Mexico - Central bank, assets, total, BIS-spliced, break-adjusted",,E,2002-08,731.69,,F,A,
M,MX,B,XDC,MXN,B,,From January 1977 onwards: monthly financial statements. Before 1977: annual financial statements.,BIS-spliced,-,,3,9,,"This series is adjusted for breaks. Break-adjustment calculations follow the methodology outlined in the BIS Quarterly Review (2013). For further detail, see https://www.bis.org/publ/qtrpdf/r_qt1303z.htm","Bank of Mexico, Bank for International Settlements.",5B0,"Mexico - Central bank, assets, total, BIS-spliced, break-adjusted",,E,2002-09,756.395,,F,A,
M,MX,B,XDC,MXN,B,,From January 1977 onwards: monthly financial statements. Before 1977: annual financial statements.,BIS-spliced,-,,3,9,,"This series is adjusted for breaks. Break-adjustment calculations follow the methodology outlined in the BIS Quarterly Review (2013). For further detail, see https://www.bis.org/publ/qtrpdf/r_qt1303z.htm","Bank of Mexico, Bank for International Settlements.",5B0,"Mexico - Central bank, assets, total, BIS-spliced, break-adjusted",,E,2002-10,792.573,,F,A,
M,MX,B,XDC,MXN,B,,From January 1977 onwards: monthly financial statements. Before 1977: annual financial statements.,BIS-spliced,-,,3,9,,"This series is adjusted for breaks. Break-adjustment calculations follow the methodology outlined in the BIS Quarterly Review (2013). For further detail, see https://www.bis.org/publ/qtrpdf/r_qt1303z.htm","Bank of Mexico, Bank for International Settlements.",5B0,"Mexico - Central bank, assets, total, BIS-spliced, break-adjusted",,E,2002-11,808.518,,F,A,
M,MX,B,XDC,MXN,B,,From January 1977 onwards: monthly financial statements. Before 1977: annual financial statements.,BIS-spliced,-,,3,9,,"This series is adjusted for breaks. Break-adjustment calculations follow the methodology outlined in the BIS Quarterly Review (2013). For further detail, see https://www.bis.org/publ/qtrpdf/r_qt1303z.htm","Bank of Mexico, Bank for International Settlements.",5B0,"Mexico - Central bank, assets, total, BIS-spliced, break-adjusted",,E,2002-12,794.048,,F,A,
M,MX,B,XDC,MXN,B,,From January 1977 onwards: monthly financial statements. Before 1977: annual financial statements.,BIS-spliced,-,,3,9,,"This series is adjusted for breaks. Break-adjustment calculations follow the methodology outlined in the BIS Quarterly Review (2013). For further detail, see https://www.bis.org/publ/qtrpdf/r_qt1303z.htm","Bank of Mexico, Bank for International Settlements.",5B0,"Mexico - Central bank, assets, total, BIS-spliced, break-adjusted",,E,2003-01,775.95,,F,A,
M,MX,B,XDC,MXN,B,,From January 1977 onwards: monthly financial statements. Before 1977: annual financial statements.,BIS-spliced,-,,3,9,,"This series is adjusted for breaks. Break-adjustment calculations follow the methodology outlined in the BIS Quarterly Review (2013). For further detail, see https://www.bis.org/publ/qtrpdf/r_qt1303z.htm","Bank of Mexico, Bank for International Settlements.",5B0,"Mexico - Central bank, assets, total, BIS-spliced, break-adjusted",,E,2003-02,765.992,,F,A,
M,MX,B,XDC,MXN,B,,From January 1977 onwards: monthly financial statements. Before 1977: annual financial statements.,BIS-spliced,-,,3,9,,"This series is adjusted for breaks. Break-adjustment calculations follow the methodology outlined in the BIS Quarterly Review (2013). For further detail, see https://www.bis.org/publ/qtrpdf/r_qt1303z.htm","Bank of Mexico, Bank for International Settlements.",5B0,"Mexico - Central bank, assets, total, BIS-spliced, break-adjusted",,E,2003-03,772.679,,F,A,
M,MX,B,XDC,MXN,B,,From January 1977 onwards: monthly financial statements. Before 1977: annual financial statements.,BIS-spliced,-,,3,9,,"This series is adjusted for breaks. Break-adjustment calculations follow the methodology outlined in the BIS Quarterly Review (2013). For further detail, see https://www.bis.org/publ/qtrpdf/r_qt1303z.htm","Bank of Mexico, Bank for International Settlements.",5B0,"Mexico - Central bank, assets, total, BIS-spliced, break-adjusted",,E,2003-04,822.241,,F,A,
M,MX,B,XDC,MXN,B,,From January 1977 onwards: monthly financial statements. Before 1977: annual financial statements.,BIS-spliced,-,,3,9,,"This series is adjusted for breaks. Break-adjustment calculations follow the methodology outlined in the BIS Quarterly Review (2013). For further detail, see https://www.bis.org/publ/qtrpdf/r_qt1303z.htm","Bank of Mexico, Bank for International Settlements.",5B0,"Mexico - Central bank, assets, total, BIS-spliced, break-adjusted",,E,2003-05,843.515,,F,A,
M,MX,B,XDC,MXN,B,,From January 1977 onwards: monthly financial statements. Before 1977: annual financial statements.,BIS-spliced,-,,3,9,,"This series is adjusted for breaks. Break-adjustment calculations follow the methodology outlined in the BIS Quarterly Review (2013). For further detail, see https://www.bis.org/publ/qtrpdf/r_qt1303z.htm","Bank of Mexico, Bank for International Settlements.",5B0,"Mexico - Central bank, assets, total, BIS-spliced, break-adjusted",,E,2003-06,846.069,,F,A,
M,MX,B,XDC,MXN,B,,From January 1977 onwards: monthly financial statements. Before 1977: annual financial statements.,BIS-spliced,-,,3,9,,"This series is adjusted for breaks. Break-adjustment calculations follow the methodology outlined in the BIS Quarterly Review (2013). For further detail, see https://www.bis.org/publ/qtrpdf/r_qt1303z.htm","Bank of Mexico, Bank for International Settlements.",5B0,"Mexico - Central bank, assets, total, BIS-spliced, break-adjusted",,E,2003-07,829.571,,F,A,
M,MX,B,XDC,MXN,B,,From January 1977 onwards: monthly financial statements. Before 1977: annual financial statements.,BIS-spliced,-,,3,9,,"This series is adjusted for breaks. Break-adjustment calculations follow the methodology outlined in the BIS Quarterly Review (2013). For further detail, see https://www.bis.org/publ/qtrpdf/r_qt1303z.htm","Bank of Mexico, Bank for International Settlements.",5B0,"Mexico - Central bank, assets, total, BIS-spliced, break-adjusted",,E,2003-08,843.048,,F,A,
M,MX,B,XDC,MXN,B,,From January 1977 onwards: monthly financial statements. Before 1977: annual financial statements.,BIS-spliced,-,,3,9,,"This series is adjusted for breaks. Break-adjustment calculations follow the methodology outlined in the BIS Quarterly Review (2013). For further detail, see https://www.bis.org/publ/qtrpdf/r_qt1303z.htm","Bank of Mexico, Bank for International Settlements.",5B0,"Mexico - Central bank, assets, total, BIS-spliced, break-adjusted",,E,2003-09,856.959,,F,A,
M,MX,B,XDC,MXN,B,,From January 1977 onwards: monthly financial statements. Before 1977: annual financial statements.,BIS-spliced,-,,3,9,,"This series is adjusted for breaks. Break-adjustment calculations follow the methodology outlined in the BIS Quarterly Review (2013). For further detail, see https://www.bis.org/publ/qtrpdf/r_qt1303z.htm","Bank of Mexico, Bank for International Settlements.",5B0,"Mexico - Central bank, assets, total, BIS-spliced, break-adjusted",,E,2003-10,866.81,,F,A,
M,MX,B,XDC,MXN,B,,From January 1977 onwards: monthly financial statements. Before 1977: annual financial statements.,BIS-spliced,-,,3,9,,"This series is adjusted for breaks. Break-adjustment calculations follow the methodology outlined in the BIS Quarterly Review (2013). For further detail, see https://www.bis.org/publ/qtrpdf/r_qt1303z.htm","Bank of Mexico, Bank for International Settlements.",5B0,"Mexico - Central bank, assets, total, BIS-spliced, break-adjusted",,E,2003-11,891.318,,F,A,
M,MX,B,XDC,MXN,B,,From January 1977 onwards: monthly financial statements. Before 1977: annual financial statements.,BIS-spliced,-,,3,9,,"This series is adjusted for breaks. Break-adjustment calculations follow the methodology outlined in the BIS Quarterly Review (2013). For further detail, see https://www.bis.org/publ/qtrpdf/r_qt1303z.htm","Bank of Mexico, Bank for International Settlements.",5B0,"Mexico - Central bank, assets, total, BIS-spliced, break-adjusted",,E,2003-12,895.383,,F,A,
M,MX,B,XDC,MXN,B,,From January 1977 onwards: monthly financial statements. Before 1977: annual financial statements.,BIS-spliced,-,,3,9,,"This series is adjusted for breaks. Break-adjustment calculations follow the methodology outlined in the BIS Quarterly Review (2013). For further detail, see https://www.bis.org/publ/qtrpdf/r_qt1303z.htm","Bank of Mexico, Bank for International Settlements.",5B0,"Mexico - Central bank, assets, total, BIS-spliced, break-adjusted",,E,2004-01,854.337,,F,A,
M,MX,B,XDC,MXN,B,,From January 1977 onwards: monthly financial statements. Before 1977: annual financial statements.,BIS-spliced,-,,3,9,,"This series is adjusted for breaks. Break-adjustment calculations follow the methodology outlined in the BIS Quarterly Review (2013). For further detail, see https://www.bis.org/publ/qtrpdf/r_qt1303z.htm","Bank of Mexico, Bank for International Settlements.",5B0,"Mexico - Central bank, assets, total, BIS-spliced, break-adjusted",,E,2004-02,877.314,,F,A,
M,MX,B,XDC,MXN,B,,From January 1977 onwards: monthly financial statements. Before 1977: annual financial statements.,BIS-spliced,-,,3,9,,"This series is adjusted for breaks. Break-adjustment calculations follow the methodology outlined in the BIS Quarterly Review (2013). For further detail, see https://www.bis.org/publ/qtrpdf/r_qt1303z.htm","Bank of Mexico, Bank for International Settlements.",5B0,"Mexico - Central bank, assets, total, BIS-spliced, break-adjusted",,E,2004-03,893.023,,F,A,
M,MX,B,XDC,MXN,B,,From January 1977 onwards: monthly financial statements. Before 1977: annual financial statements.,BIS-spliced,-,,3,9,,"This series is adjusted for breaks. Break-adjustment calculations follow the methodology outlined in the BIS Quarterly Review (2013). For further detail, see https://www.bis.org/publ/qtrpdf/r_qt1303z.htm","Bank of Mexico, Bank for International Settlements.",5B0,"Mexico - Central bank, assets, total, BIS-spliced, break-adjusted",,E,2004-04,944.055,,F,A,
M,MX,B,XDC,MXN,B,,From January 1977 onwards: monthly financial statements. Before 1977: annual financial statements.,BIS-spliced,-,,3,9,,"This series is adjusted for breaks. Break-adjustment calculations follow the methodology outlined in the BIS Quarterly Review (2013). For further detail, see https://www.bis.org/publ/qtrpdf/r_qt1303z.htm","Bank of Mexico, Bank for International Settlements.",5B0,"Mexico - Central bank, assets, total, BIS-spliced, break-adjusted",,E,2004-05,959.306,,F,A,
M,MX,B,XDC,MXN,B,,From January 1977 onwards: monthly financial statements. Before 1977: annual financial statements.,BIS-spliced,-,,3,9,,"This series is adjusted for breaks. Break-adjustment calculations follow the methodology outlined in the BIS Quarterly Review (2013). For further detail, see https://www.bis.org/publ/qtrpdf/r_qt1303z.htm","Bank of Mexico, Bank for International Settlements.",5B0,"Mexico - Central bank, assets, total, BIS-spliced, break-adjusted",,E,2004-06,939.17,,F,A,
M,MX,B,XDC,MXN,B,,From January 1977 onwards: monthly financial statements. Before 1977: annual financial statements.,BIS-spliced,-,,3,9,,"This series is adjusted for breaks. Break-adjustment calculations follow the methodology outlined in the BIS Quarterly Review (2013). For further detail, see https://www.bis.org/publ/qtrpdf/r_qt1303z.htm","Bank of Mexico, Bank for International Settlements.",5B0,"Mexico - Central bank, assets, total, BIS-spliced, break-adjusted",,E,2004-07,923.382,,F,A,
M,MX,B,XDC,MXN,B,,From January 1977 onwards: monthly financial statements. Before 1977: annual financial statements.,BIS-spliced,-,,3,9,,"This series is adjusted for breaks. Break-adjustment calculations follow the methodology outlined in the BIS Quarterly Review (2013). For further detail, see https://www.bis.org/publ/qtrpdf/r_qt1303z.htm","Bank of Mexico, Bank for International Settlements.",5B0,"Mexico - Central bank, assets, total, BIS-spliced, break-adjusted",,E,2004-08,930,,F,A,
M,MX,B,XDC,MXN,B,,From January 1977 onwards: monthly financial statements. Before 1977: annual financial statements.,BIS-spliced,-,,3,9,,"This series is adjusted for breaks. Break-adjustment calculations follow the methodology outlined in the BIS Quarterly Review (2013). For further detail, see https://www.bis.org/publ/qtrpdf/r_qt1303z.htm","Bank of Mexico, Bank for International Settlements.",5B0,"Mexico - Central bank, assets, total, BIS-spliced, break-adjusted",,E,2004-09,872.769,,F,A,
M,MX,B,XDC,MXN,B,,From January 1977 onwards: monthly financial statements. Before 1977: annual financial statements.,BIS-spliced,-,,3,9,,"This series is adjusted for breaks. Break-adjustment calculations follow the methodology outlined in the BIS Quarterly Review (2013). For further detail, see https://www.bis.org/publ/qtrpdf/r_qt1303z.htm","Bank of Mexico, Bank for International Settlements.",5B0,"Mexico - Central bank, assets, total, BIS-spliced, break-adjusted",,E,2004-10,876.476,,F,A,
M,MX,B,XDC,MXN,B,,From January 1977 onwards: monthly financial statements. Before 1977: annual financial statements.,BIS-spliced,-,,3,9,,"This series is adjusted for breaks. Break-adjustment calculations follow the methodology outlined in the BIS Quarterly Review (2013). For further detail, see https://www.bis.org/publ/qtrpdf/r_qt1303z.htm","Bank of Mexico, Bank for International Settlements.",5B0,"Mexico - Central bank, assets, total, BIS-spliced, break-adjusted",,E,2004-11,894.402,,F,A,
M,MX,B,XDC,MXN,B,,From January 1977 onwards: monthly financial statements. Before 1977: annual financial statements.,BIS-spliced,-,,3,9,,"This series is adjusted for breaks. Break-adjustment calculations follow the methodology outlined in the BIS Quarterly Review (2013). For further detail, see https://www.bis.org/publ/qtrpdf/r_qt1303z.htm","Bank of Mexico, Bank for International Settlements.",5B0,"Mexico - Central bank, assets, total, BIS-spliced, break-adjusted",,E,2004-12,945.245,,F,A,
M,MX,B,XDC,MXN,B,,From January 1977 onwards: monthly financial statements. Before 1977: annual financial statements.,BIS-spliced,-,,3,9,,"This series is adjusted for breaks. Break-adjustment calculations follow the methodology outlined in the BIS Quarterly Review (2013). For further detail, see https://www.bis.org/publ/qtrpdf/r_qt1303z.htm","Bank of Mexico, Bank for International Settlements.",5B0,"Mexico - Central bank, assets, total, BIS-spliced, break-adjusted",,E,2005-01,923.487,,F,A,
M,MX,B,XDC,MXN,B,,From January 1977 onwards: monthly financial statements. Before 1977: annual financial statements.,BIS-spliced,-,,3,9,,"This series is adjusted for breaks. Break-adjustment calculations follow the methodology outlined in the BIS Quarterly Review (2013). For further detail, see https://www.bis.org/publ/qtrpdf/r_qt1303z.htm","Bank of Mexico, Bank for International Settlements.",5B0,"Mexico - Central bank, assets, total, BIS-spliced, break-adjusted",,E,2005-02,906.045,,F,A,
M,MX,B,XDC,MXN,B,,From January 1977 onwards: monthly financial statements. Before 1977: annual financial statements.,BIS-spliced,-,,3,9,,"This series is adjusted for breaks. Break-adjustment calculations follow the methodology outlined in the BIS Quarterly Review (2013). For further detail, see https://www.bis.org/publ/qtrpdf/r_qt1303z.htm","Bank of Mexico, Bank for International Settlements.",5B0,"Mexico - Central bank, assets, total, BIS-spliced, break-adjusted",,E,2005-03,924.619,,F,A,
M,MX,B,XDC,MXN,B,,From January 1977 onwards: monthly financial statements. Before 1977: annual financial statements.,BIS-spliced,-,,3,9,,"This series is adjusted for breaks. Break-adjustment calculations follow the methodology outlined in the BIS Quarterly Review (2013). For further detail, see https://www.bis.org/publ/qtrpdf/r_qt1303z.htm","Bank of Mexico, Bank for International Settlements.",5B0,"Mexico - Central bank, assets, total, BIS-spliced, break-adjusted",,E,2005-04,944.904,,F,A,
M,MX,B,XDC,MXN,B,,From January 1977 onwards: monthly financial statements. Before 1977: annual financial statements.,BIS-spliced,-,,3,9,,"This series is adjusted for breaks. Break-adjustment calculations follow the methodology outlined in the BIS Quarterly Review (2013). For further detail, see https://www.bis.org/publ/qtrpdf/r_qt1303z.htm","Bank of Mexico, Bank for International Settlements.",5B0,"Mexico - Central bank, assets, total, BIS-spliced, break-adjusted",,E,2005-05,932.414,,F,A,
M,MX,B,XDC,MXN,B,,From January 1977 onwards: monthly financial statements. Before 1977: annual financial statements.,BIS-spliced,-,,3,9,,"This series is adjusted for breaks. Break-adjustment calculations follow the methodology outlined in the BIS Quarterly Review (2013). For further detail, see https://www.bis.org/publ/qtrpdf/r_qt1303z.htm","Bank of Mexico, Bank for International Settlements.",5B0,"Mexico - Central bank, assets, total, BIS-spliced, break-adjusted",,E,2005-06,882.328,,F,A,
M,MX,B,XDC,MXN,B,,From January 1977 onwards: monthly financial statements. Before 1977: annual financial statements.,BIS-spliced,-,,3,9,,"This series is adjusted for breaks. Break-adjustment calculations follow the methodology outlined in the BIS Quarterly Review (2013). For further detail, see https://www.bis.org/publ/qtrpdf/r_qt1303z.htm","Bank of Mexico, Bank for International Settlements.",5B0,"Mexico - Central bank, assets, total, BIS-spliced, break-adjusted",,E,2005-07,860.269,,F,A,
M,MX,B,XDC,MXN,B,,From January 1977 onwards: monthly financial statements. Before 1977: annual financial statements.,BIS-spliced,-,,3,9,,"This series is adjusted for breaks. Break-adjustment calculations follow the methodology outlined in the BIS Quarterly Review (2013). For further detail, see https://www.bis.org/publ/qtrpdf/r_qt1303z.htm","Bank of Mexico, Bank for International Settlements.",5B0,"Mexico - Central bank, assets, total, BIS-spliced, break-adjusted",,E,2005-08,888.539,,F,A,
M,MX,B,XDC,MXN,B,,From January 1977 onwards: monthly financial statements. Before 1977: annual financial statements.,BIS-spliced,-,,3,9,,"This series is adjusted for breaks. Break-adjustment calculations follow the methodology outlined in the BIS Quarterly Review (2013). For further detail, see https://www.bis.org/publ/qtrpdf/r_qt1303z.htm","Bank of Mexico, Bank for International Settlements.",5B0,"Mexico - Central bank, assets, total, BIS-spliced, break-adjusted",,E,2005-09,904.694,,F,A,
M,MX,B,XDC,MXN,B,,From January 1977 onwards: monthly financial statements. Before 1977: annual financial statements.,BIS-spliced,-,,3,9,,"This series is adjusted for breaks. Break-adjustment calculations follow the methodology outlined in the BIS Quarterly Review (2013). For further detail, see https://www.bis.org/publ/qtrpdf/r_qt1303z.htm","Bank of Mexico, Bank for International Settlements.",5B0,"Mexico - Central bank, assets, total, BIS-spliced, break-adjusted",,E,2005-10,924.879,,F,A,
M,MX,B,XDC,MXN,B,,From January 1977 onwards: monthly financial statements. Before 1977: annual financial statements.,BIS-spliced,-,,3,9,,"This series is adjusted for breaks. Break-adjustment calculations follow the methodology outlined in the BIS Quarterly Review (2013). For further detail, see https://www.bis.org/publ/qtrpdf/r_qt1303z.htm","Bank of Mexico, Bank for International Settlements.",5B0,"Mexico - Central bank, assets, total, BIS-spliced, break-adjusted",,E,2005-11,922.352,,F,A,
M,MX,B,XDC,MXN,B,,From January 1977 onwards: monthly financial statements. Before 1977: annual financial statements.,BIS-spliced,-,,3,9,,"This series is adjusted for breaks. Break-adjustment calculations follow the methodology outlined in the BIS Quarterly Review (2013). For further detail, see https://www.bis.org/publ/qtrpdf/r_qt1303z.htm","Bank of Mexico, Bank for International Settlements.",5B0,"Mexico - Central bank, assets, total, BIS-spliced, break-adjusted",,E,2005-12,1002.687,,F,A,
M,MX,B,XDC,MXN,B,,From January 1977 onwards: monthly financial statements. Before 1977: annual financial statements.,BIS-spliced,-,,3,9,,"This series is adjusted for breaks. Break-adjustment calculations follow the methodology outlined in the BIS Quarterly Review (2013). For further detail, see https://www.bis.org/publ/qtrpdf/r_qt1303z.htm","Bank of Mexico, Bank for International Settlements.",5B0,"Mexico - Central bank, assets, total, BIS-spliced, break-adjusted",,E,2006-01,927.067,,F,A,
M,MX,B,XDC,MXN,B,,From January 1977 onwards: monthly financial statements. Before 1977: annual financial statements.,BIS-spliced,-,,3,9,,"This series is adjusted for breaks. Break-adjustment calculations follow the methodology outlined in the BIS Quarterly Review (2013). For further detail, see https://www.bis.org/publ/qtrpdf/r_qt1303z.htm","Bank of Mexico, Bank for International Settlements.",5B0,"Mexico - Central bank, assets, total, BIS-spliced, break-adjusted",,E,2006-02,931.067,,F,A,
M,MX,B,XDC,MXN,B,,From January 1977 onwards: monthly financial statements. Before 1977: annual financial statements.,BIS-spliced,-,,3,9,,"This series is adjusted for breaks. Break-adjustment calculations follow the methodology outlined in the BIS Quarterly Review (2013). For further detail, see https://www.bis.org/publ/qtrpdf/r_qt1303z.htm","Bank of Mexico, Bank for International Settlements.",5B0,"Mexico - Central bank, assets, total, BIS-spliced, break-adjusted",,E,2006-03,940.991,,F,A,
M,MX,B,XDC,MXN,B,,From January 1977 onwards: monthly financial statements. Before 1977: annual financial statements.,BIS-spliced,-,,3,9,,"This series is adjusted for breaks. Break-adjustment calculations follow the methodology outlined in the BIS Quarterly Review (2013). For further detail, see https://www.bis.org/publ/qtrpdf/r_qt1303z.htm","Bank of Mexico, Bank for International Settlements.",5B0,"Mexico - Central bank, assets, total, BIS-spliced, break-adjusted",,E,2006-04,1047.549,,F,A,
M,MX,B,XDC,MXN,B,,From January 1977 onwards: monthly financial statements. Before 1977: annual financial statements.,BIS-spliced,-,,3,9,,"This series is adjusted for breaks. Break-adjustment calculations follow the methodology outlined in the BIS Quarterly Review (2013). For further detail, see https://www.bis.org/publ/qtrpdf/r_qt1303z.htm","Bank of Mexico, Bank for International Settlements.",5B0,"Mexico - Central bank, assets, total, BIS-spliced, break-adjusted",,E,2006-05,1112.96,,F,A,
M,MX,B,XDC,MXN,B,,From January 1977 onwards: monthly financial statements. Before 1977: annual financial statements.,BIS-spliced,-,,3,9,,"This series is adjusted for breaks. Break-adjustment calculations follow the methodology outlined in the BIS Quarterly Review (2013). For further detail, see https://www.bis.org/publ/qtrpdf/r_qt1303z.htm","Bank of Mexico, Bank for International Settlements.",5B0,"Mexico - Central bank, assets, total, BIS-spliced, break-adjusted",,E,2006-06,1119.272,,F,A,
M,MX,B,XDC,MXN,B,,From January 1977 onwards: monthly financial statements. Before 1977: annual financial statements.,BIS-spliced,-,,3,9,,"This series is adjusted for breaks. Break-adjustment calculations follow the methodology outlined in the BIS Quarterly Review (2013). For further detail, see https://www.bis.org/publ/qtrpdf/r_qt1303z.htm","Bank of Mexico, Bank for International Settlements.",5B0,"Mexico - Central bank, assets, total, BIS-spliced, break-adjusted",,E,2006-07,1110.772,,F,A,
M,MX,B,XDC,MXN,B,,From January 1977 onwards: monthly financial statements. Before 1977: annual financial statements.,BIS-spliced,-,,3,9,,"This series is adjusted for breaks. Break-adjustment calculations follow the methodology outlined in the BIS Quarterly Review (2013). For further detail, see https://www.bis.org/publ/qtrpdf/r_qt1303z.htm","Bank of Mexico, Bank for International Settlements.",5B0,"Mexico - Central bank, assets, total, BIS-spliced, break-adjusted",,E,2006-08,965.907,,F,A,
M,MX,B,XDC,MXN,B,,From January 1977 onwards: monthly financial statements. Before 1977: annual financial statements.,BIS-spliced,-,,3,9,,"This series is adjusted for breaks. Break-adjustment calculations follow the methodology outlined in the BIS Quarterly Review (2013). For further detail, see https://www.bis.org/publ/qtrpdf/r_qt1303z.htm","Bank of Mexico, Bank for International Settlements.",5B0,"Mexico - Central bank, assets, total, BIS-spliced, break-adjusted",,E,2006-09,1038.698,,F,A,
M,MX,B,XDC,MXN,B,,From January 1977 onwards: monthly financial statements. Before 1977: annual financial statements.,BIS-spliced,-,,3,9,,"This series is adjusted for breaks. Break-adjustment calculations follow the methodology outlined in the BIS Quarterly Review (2013). For further detail, see https://www.bis.org/publ/qtrpdf/r_qt1303z.htm","Bank of Mexico, Bank for International Settlements.",5B0,"Mexico - Central bank, assets, total, BIS-spliced, break-adjusted",,E,2006-10,1058.795,,F,A,
M,MX,B,XDC,MXN,B,,From January 1977 onwards: monthly financial statements. Before 1977: annual financial statements.,BIS-spliced,-,,3,9,,"This series is adjusted for breaks. Break-adjustment calculations follow the methodology outlined in the BIS Quarterly Review (2013). For further detail, see https://www.bis.org/publ/qtrpdf/r_qt1303z.htm","Bank of Mexico, Bank for International Settlements.",5B0,"Mexico - Central bank, assets, total, BIS-spliced, break-adjusted",,E,2006-11,1135.379,,F,A,
M,MX,B,XDC,MXN,B,,From January 1977 onwards: monthly financial statements. Before 1977: annual financial statements.,BIS-spliced,-,,3,9,,"This series is adjusted for breaks. Break-adjustment calculations follow the methodology outlined in the BIS Quarterly Review (2013). For further detail, see https://www.bis.org/publ/qtrpdf/r_qt1303z.htm","Bank of Mexico, Bank for International Settlements.",5B0,"Mexico - Central bank, assets, total, BIS-spliced, break-adjusted",,E,2006-12,1097.452,,F,A,
M,MX,B,XDC,MXN,B,,From January 1977 onwards: monthly financial statements. Before 1977: annual financial statements.,BIS-spliced,-,,3,9,,"This series is adjusted for breaks. Break-adjustment calculations follow the methodology outlined in the BIS Quarterly Review (2013). For further detail, see https://www.bis.org/publ/qtrpdf/r_qt1303z.htm","Bank of Mexico, Bank for International Settlements.",5B0,"Mexico - Central bank, assets, total, BIS-spliced, break-adjusted",,E,2007-01,1046.623,,F,A,
M,MX,B,XDC,MXN,B,,From January 1977 onwards: monthly financial statements. Before 1977: annual financial statements.,BIS-spliced,-,,3,9,,"This series is adjusted for breaks. Break-adjustment calculations follow the methodology outlined in the BIS Quarterly Review (2013). For further detail, see https://www.bis.org/publ/qtrpdf/r_qt1303z.htm","Bank of Mexico, Bank for International Settlements.",5B0,"Mexico - Central bank, assets, total, BIS-spliced, break-adjusted",,E,2007-02,1066.741,,F,A,
M,MX,B,XDC,MXN,B,,From January 1977 onwards: monthly financial statements. Before 1977: annual financial statements.,BIS-spliced,-,,3,9,,"This series is adjusted for breaks. Break-adjustment calculations follow the methodology outlined in the BIS Quarterly Review (2013). For further detail, see https://www.bis.org/publ/qtrpdf/r_qt1303z.htm","Bank of Mexico, Bank for International Settlements.",5B0,"Mexico - Central bank, assets, total, BIS-spliced, break-adjusted",,E,2007-03,1076.113,,F,A,
M,MX,B,XDC,MXN,B,,From January 1977 onwards: monthly financial statements. Before 1977: annual financial statements.,BIS-spliced,-,,3,9,,"This series is adjusted for breaks. Break-adjustment calculations follow the methodology outlined in the BIS Quarterly Review (2013). For further detail, see https://www.bis.org/publ/qtrpdf/r_qt1303z.htm","Bank of Mexico, Bank for International Settlements.",5B0,"Mexico - Central bank, assets, total, BIS-spliced, break-adjusted",,E,2007-04,1140.409,,F,A,
M,MX,B,XDC,MXN,B,,From January 1977 onwards: monthly financial statements. Before 1977: annual financial statements.,BIS-spliced,-,,3,9,,"This series is adjusted for breaks. Break-adjustment calculations follow the methodology outlined in the BIS Quarterly Review (2013). For further detail, see https://www.bis.org/publ/qtrpdf/r_qt1303z.htm","Bank of Mexico, Bank for International Settlements.",5B0,"Mexico - Central bank, assets, total, BIS-spliced, break-adjusted",,E,2007-05,1193.737,,F,A,
M,MX,B,XDC,MXN,B,,From January 1977 onwards: monthly financial statements. Before 1977: annual financial statements.,BIS-spliced,-,,3,9,,"This series is adjusted for breaks. Break-adjustment calculations follow the methodology outlined in the BIS Quarterly Review (2013). For further detail, see https://www.bis.org/publ/qtrpdf/r_qt1303z.htm","Bank of Mexico, Bank for International Settlements.",5B0,"Mexico - Central bank, assets, total, BIS-spliced, break-adjusted",,E,2007-06,1127.878,,F,A,
M,MX,B,XDC,MXN,B,,From January 1977 onwards: monthly financial statements. Before 1977: annual financial statements.,BIS-spliced,-,,3,9,,"This series is adjusted for breaks. Break-adjustment calculations follow the methodology outlined in the BIS Quarterly Review (2013). For further detail, see https://www.bis.org/publ/qtrpdf/r_qt1303z.htm","Bank of Mexico, Bank for International Settlements.",5B0,"Mexico - Central bank, assets, total, BIS-spliced, break-adjusted",,E,2007-07,1173.293,,F,A,
M,MX,B,XDC,MXN,B,,From January 1977 onwards: monthly financial statements. Before 1977: annual financial statements.,BIS-spliced,-,,3,9,,"This series is adjusted for breaks. Break-adjustment calculations follow the methodology outlined in the BIS Quarterly Review (2013). For further detail, see https://www.bis.org/publ/qtrpdf/r_qt1303z.htm","Bank of Mexico, Bank for International Settlements.",5B0,"Mexico - Central bank, assets, total, BIS-spliced, break-adjusted",,E,2007-08,1141.51,,F,A,
M,MX,B,XDC,MXN,B,,From January 1977 onwards: monthly financial statements. Before 1977: annual financial statements.,BIS-spliced,-,,3,9,,"This series is adjusted for breaks. Break-adjustment calculations follow the methodology outlined in the BIS Quarterly Review (2013). For further detail, see https://www.bis.org/publ/qtrpdf/r_qt1303z.htm","Bank of Mexico, Bank for International Settlements.",5B0,"Mexico - Central bank, assets, total, BIS-spliced, break-adjusted",,E,2007-09,1129.777,,F,A,
M,MX,B,XDC,MXN,B,,From January 1977 onwards: monthly financial statements. Before 1977: annual financial statements.,BIS-spliced,-,,3,9,,"This series is adjusted for breaks. Break-adjustment calculations follow the methodology outlined in the BIS Quarterly Review (2013). For further detail, see https://www.bis.org/publ/qtrpdf/r_qt1303z.htm","Bank of Mexico, Bank for International Settlements.",5B0,"Mexico - Central bank, assets, total, BIS-spliced, break-adjusted",,E,2007-10,1172.581,,F,A,
M,MX,B,XDC,MXN,B,,From January 1977 onwards: monthly financial statements. Before 1977: annual financial statements.,BIS-spliced,-,,3,9,,"This series is adjusted for breaks. Break-adjustment calculations follow the methodology outlined in the BIS Quarterly Review (2013). For further detail, see https://www.bis.org/publ/qtrpdf/r_qt1303z.htm","Bank of Mexico, Bank for International Settlements.",5B0,"Mexico - Central bank, assets, total, BIS-spliced, break-adjusted",,E,2007-11,1222.177,,F,A,
M,MX,B,XDC,MXN,B,,From January 1977 onwards: monthly financial statements. Before 1977: annual financial statements.,BIS-spliced,-,,3,9,,"This series is adjusted for breaks. Break-adjustment calculations follow the methodology outlined in the BIS Quarterly Review (2013). For further detail, see https://www.bis.org/publ/qtrpdf/r_qt1303z.htm","Bank of Mexico, Bank for International Settlements.",5B0,"Mexico - Central bank, assets, total, BIS-spliced, break-adjusted",,E,2007-12,1181.914,,F,A,
M,MX,B,XDC,MXN,B,,From January 1977 onwards: monthly financial statements. Before 1977: annual financial statements.,BIS-spliced,-,,3,9,,"This series is adjusted for breaks. Break-adjustment calculations follow the methodology outlined in the BIS Quarterly Review (2013). For further detail, see https://www.bis.org/publ/qtrpdf/r_qt1303z.htm","Bank of Mexico, Bank for International Settlements.",5B0,"Mexico - Central bank, assets, total, BIS-spliced, break-adjusted",,E,2008-01,1170.095,,F,A,
M,MX,B,XDC,MXN,B,,From January 1977 onwards: monthly financial statements. Before 1977: annual financial statements.,BIS-spliced,-,,3,9,,"This series is adjusted for breaks. Break-adjustment calculations follow the methodology outlined in the BIS Quarterly Review (2013). For further detail, see https://www.bis.org/publ/qtrpdf/r_qt1303z.htm","Bank of Mexico, Bank for International Settlements.",5B0,"Mexico - Central bank, assets, total, BIS-spliced, break-adjusted",,E,2008-02,1187.083,,F,A,
M,MX,B,XDC,MXN,B,,From January 1977 onwards: monthly financial statements. Before 1977: annual financial statements.,BIS-spliced,-,,3,9,,"This series is adjusted for breaks. Break-adjustment calculations follow the methodology outlined in the BIS Quarterly Review (2013). For further detail, see https://www.bis.org/publ/qtrpdf/r_qt1303z.htm","Bank of Mexico, Bank for International Settlements.",5B0,"Mexico - Central bank, assets, total, BIS-spliced, break-adjusted",,E,2008-03,1232.675,,F,A,
M,MX,B,XDC,MXN,B,,From January 1977 onwards: monthly financial statements. Before 1977: annual financial statements.,BIS-spliced,-,,3,9,,"This series is adjusted for breaks. Break-adjustment calculations follow the methodology outlined in the BIS Quarterly Review (2013). For further detail, see https://www.bis.org/publ/qtrpdf/r_qt1303z.htm","Bank of Mexico, Bank for International Settlements.",5B0,"Mexico - Central bank, assets, total, BIS-spliced, break-adjusted",,E,2008-04,1240.405,,F,A,
M,MX,B,XDC,MXN,B,,From January 1977 onwards: monthly financial statements. Before 1977: annual financial statements.,BIS-spliced,-,,3,9,,"This series is adjusted for breaks. Break-adjustment calculations follow the methodology outlined in the BIS Quarterly Review (2013). For further detail, see https://www.bis.org/publ/qtrpdf/r_qt1303z.htm","Bank of Mexico, Bank for International Settlements.",5B0,"Mexico - Central bank, assets, total, BIS-spliced, break-adjusted",,E,2008-05,1222.722,,F,A,
M,MX,B,XDC,MXN,B,,From January 1977 onwards: monthly financial statements. Before 1977: annual financial statements.,BIS-spliced,-,,3,9,,"This series is adjusted for breaks. Break-adjustment calculations follow the methodology outlined in the BIS Quarterly Review (2013). For further detail, see https://www.bis.org/publ/qtrpdf/r_qt1303z.htm","Bank of Mexico, Bank for International Settlements.",5B0,"Mexico - Central bank, assets, total, BIS-spliced, break-adjusted",,E,2008-06,1199.639,,F,A,
M,MX,B,XDC,MXN,B,,From January 1977 onwards: monthly financial statements. Before 1977: annual financial statements.,BIS-spliced,-,,3,9,,"This series is adjusted for breaks. Break-adjustment calculations follow the methodology outlined in the BIS Quarterly Review (2013). For further detail, see https://www.bis.org/publ/qtrpdf/r_qt1303z.htm","Bank of Mexico, Bank for International Settlements.",5B0,"Mexico - Central bank, assets, total, BIS-spliced, break-adjusted",,E,2008-07,1139.85,,F,A,
M,MX,B,XDC,MXN,B,,From January 1977 onwards: monthly financial statements. Before 1977: annual financial statements.,BIS-spliced,-,,3,9,,"This series is adjusted for breaks. Break-adjustment calculations follow the methodology outlined in the BIS Quarterly Review (2013). For further detail, see https://www.bis.org/publ/qtrpdf/r_qt1303z.htm","Bank of Mexico, Bank for International Settlements.",5B0,"Mexico - Central bank, assets, total, BIS-spliced, break-adjusted",,E,2008-08,1176.32,,F,A,
M,MX,B,XDC,MXN,B,,From January 1977 onwards: monthly financial statements. Before 1977: annual financial statements.,BIS-spliced,-,,3,9,,"This series is adjusted for breaks. Break-adjustment calculations follow the methodology outlined in the BIS Quarterly Review (2013). For further detail, see https://www.bis.org/publ/qtrpdf/r_qt1303z.htm","Bank of Mexico, Bank for International Settlements.",5B0,"Mexico - Central bank, assets, total, BIS-spliced, break-adjusted",,E,2008-09,1265.478,,F,A,
M,MX,B,XDC,MXN,B,,From January 1977 onwards: monthly financial statements. Before 1977: annual financial statements.,BIS-spliced,-,,3,9,,"This series is adjusted for breaks. Break-adjustment calculations follow the methodology outlined in the BIS Quarterly Review (2013). For further detail, see https://www.bis.org/publ/qtrpdf/r_qt1303z.htm","Bank of Mexico, Bank for International Settlements.",5B0,"Mexico - Central bank, assets, total, BIS-spliced, break-adjusted",,E,2008-10,1371.988,,F,A,
M,MX,B,XDC,MXN,B,,From January 1977 onwards: monthly financial statements. Before 1977: annual financial statements.,BIS-spliced,-,,3,9,,"This series is adjusted for breaks. Break-adjustment calculations follow the methodology outlined in the BIS Quarterly Review (2013). For further detail, see https://www.bis.org/publ/qtrpdf/r_qt1303z.htm","Bank of Mexico, Bank for International Settlements.",5B0,"Mexico - Central bank, assets, total, BIS-spliced, break-adjusted",,E,2008-11,1490.099,,F,A,
M,MX,B,XDC,MXN,B,,From January 1977 onwards: monthly financial statements. Before 1977: annual financial statements.,BIS-spliced,-,,3,9,,"This series is adjusted for breaks. Break-adjustment calculations follow the methodology outlined in the BIS Quarterly Review (2013). For further detail, see https://www.bis.org/publ/qtrpdf/r_qt1303z.htm","Bank of Mexico, Bank for International Settlements.",5B0,"Mexico - Central bank, assets, total, BIS-spliced, break-adjusted",,E,2008-12,1544.332,,F,A,
M,MX,B,XDC,MXN,B,,From January 1977 onwards: monthly financial statements. Before 1977: annual financial statements.,BIS-spliced,-,,3,9,,"This series is adjusted for breaks. Break-adjustment calculations follow the methodology outlined in the BIS Quarterly Review (2013). For further detail, see https://www.bis.org/publ/qtrpdf/r_qt1303z.htm","Bank of Mexico, Bank for International Settlements.",5B0,"Mexico - Central bank, assets, total, BIS-spliced, break-adjusted",,E,2009-01,1512.316,,F,A,
M,MX,B,XDC,MXN,B,,From January 1977 onwards: monthly financial statements. Before 1977: annual financial statements.,BIS-spliced,-,,3,9,,"This series is adjusted for breaks. Break-adjustment calculations follow the methodology outlined in the BIS Quarterly Review (2013). For further detail, see https://www.bis.org/publ/qtrpdf/r_qt1303z.htm","Bank of Mexico, Bank for International Settlements.",5B0,"Mexico - Central bank, assets, total, BIS-spliced, break-adjusted",,E,2009-02,1519.975,,F,A,
M,MX,B,XDC,MXN,B,,From January 1977 onwards: monthly financial statements. Before 1977: annual financial statements.,BIS-spliced,-,,3,9,,"This series is adjusted for breaks. Break-adjustment calculations follow the methodology outlined in the BIS Quarterly Review (2013). For further detail, see https://www.bis.org/publ/qtrpdf/r_qt1303z.htm","Bank of Mexico, Bank for International Settlements.",5B0,"Mexico - Central bank, assets, total, BIS-spliced, break-adjusted",,E,2009-03,1534.912,,F,A,
M,MX,B,XDC,MXN,B,,From January 1977 onwards: monthly financial statements. Before 1977: annual financial statements.,BIS-spliced,-,,3,9,,"This series is adjusted for breaks. Break-adjustment calculations follow the methodology outlined in the BIS Quarterly Review (2013). For further detail, see https://www.bis.org/publ/qtrpdf/r_qt1303z.htm","Bank of Mexico, Bank for International Settlements.",5B0,"Mexico - Central bank, assets, total, BIS-spliced, break-adjusted",,E,2009-04,1597.578,,F,A,
M,MX,B,XDC,MXN,B,,From January 1977 onwards: monthly financial statements. Before 1977: annual financial statements.,BIS-spliced,-,,3,9,,"This series is adjusted for breaks. Break-adjustment calculations follow the methodology outlined in the BIS Quarterly Review (2013). For further detail, see https://www.bis.org/publ/qtrpdf/r_qt1303z.htm","Bank of Mexico, Bank for International Settlements.",5B0,"Mexico - Central bank, assets, total, BIS-spliced, break-adjusted",,E,2009-05,1556.466,,F,A,
M,MX,B,XDC,MXN,B,,From January 1977 onwards: monthly financial statements. Before 1977: annual financial statements.,BIS-spliced,-,,3,9,,"This series is adjusted for breaks. Break-adjustment calculations follow the methodology outlined in the BIS Quarterly Review (2013). For further detail, see https://www.bis.org/publ/qtrpdf/r_qt1303z.htm","Bank of Mexico, Bank for International Settlements.",5B0,"Mexico - Central bank, assets, total, BIS-spliced, break-adjusted",,E,2009-06,1488.22,,F,A,
M,MX,B,XDC,MXN,B,,From January 1977 onwards: monthly financial statements. Before 1977: annual financial statements.,BIS-spliced,-,,3,9,,"This series is adjusted for breaks. Break-adjustment calculations follow the methodology outlined in the BIS Quarterly Review (2013). For further detail, see https://www.bis.org/publ/qtrpdf/r_qt1303z.htm","Bank of Mexico, Bank for International Settlements.",5B0,"Mexico - Central bank, assets, total, BIS-spliced, break-adjusted",,E,2009-07,1524.448,,F,A,
M,MX,B,XDC,MXN,B,,From January 1977 onwards: monthly financial statements. Before 1977: annual financial statements.,BIS-spliced,-,,3,9,,"This series is adjusted for breaks. Break-adjustment calculations follow the methodology outlined in the BIS Quarterly Review (2013). For further detail, see https://www.bis.org/publ/qtrpdf/r_qt1303z.htm","Bank of Mexico, Bank for International Settlements.",5B0,"Mexico - Central bank, assets, total, BIS-spliced, break-adjusted",,E,2009-08,1585.294,,F,A,
M,MX,B,XDC,MXN,B,,From January 1977 onwards: monthly financial statements. Before 1977: annual financial statements.,BIS-spliced,-,,3,9,,"This series is adjusted for breaks. Break-adjustment calculations follow the methodology outlined in the BIS Quarterly Review (2013). For further detail, see https://www.bis.org/publ/qtrpdf/r_qt1303z.htm","Bank of Mexico, Bank for International Settlements.",5B0,"Mexico - Central bank, assets, total, BIS-spliced, break-adjusted",,E,2009-09,1622.384,,F,A,
M,MX,B,XDC,MXN,B,,From January 1977 onwards: monthly financial statements. Before 1977: annual financial statements.,BIS-spliced,-,,3,9,,"This series is adjusted for breaks. Break-adjustment calculations follow the methodology outlined in the BIS Quarterly Review (2013). For further detail, see https://www.bis.org/publ/qtrpdf/r_qt1303z.htm","Bank of Mexico, Bank for International Settlements.",5B0,"Mexico - Central bank, assets, total, BIS-spliced, break-adjusted",,E,2009-10,1576.578,,F,A,
M,MX,B,XDC,MXN,B,,From January 1977 onwards: monthly financial statements. Before 1977: annual financial statements.,BIS-spliced,-,,3,9,,"This series is adjusted for breaks. Break-adjustment calculations follow the methodology outlined in the BIS Quarterly Review (2013). For further detail, see https://www.bis.org/publ/qtrpdf/r_qt1303z.htm","Bank of Mexico, Bank for International Settlements.",5B0,"Mexico - Central bank, assets, total, BIS-spliced, break-adjusted",,E,2009-11,1613.051,,F,A,
M,MX,B,XDC,MXN,B,,From January 1977 onwards: monthly financial statements. Before 1977: annual financial statements.,BIS-spliced,-,,3,9,,"This series is adjusted for breaks. Break-adjustment calculations follow the methodology outlined in the BIS Quarterly Review (2013). For further detail, see https://www.bis.org/publ/qtrpdf/r_qt1303z.htm","Bank of Mexico, Bank for International Settlements.",5B0,"Mexico - Central bank, assets, total, BIS-spliced, break-adjusted",,E,2009-12,1605.666,,F,A,
M,MX,B,XDC,MXN,B,,From January 1977 onwards: monthly financial statements. Before 1977: annual financial statements.,BIS-spliced,-,,3,9,,"This series is adjusted for breaks. Break-adjustment calculations follow the methodology outlined in the BIS Quarterly Review (2013). For further detail, see https://www.bis.org/publ/qtrpdf/r_qt1303z.htm","Bank of Mexico, Bank for International Settlements.",5B0,"Mexico - Central bank, assets, total, BIS-spliced, break-adjusted",,E,2010-01,1562.69,,F,A,
M,MX,B,XDC,MXN,B,,From January 1977 onwards: monthly financial statements. Before 1977: annual financial statements.,BIS-spliced,-,,3,9,,"This series is adjusted for breaks. Break-adjustment calculations follow the methodology outlined in the BIS Quarterly Review (2013). For further detail, see https://www.bis.org/publ/qtrpdf/r_qt1303z.htm","Bank of Mexico, Bank for International Settlements.",5B0,"Mexico - Central bank, assets, total, BIS-spliced, break-adjusted",,E,2010-02,1549.681,,F,A,
M,MX,B,XDC,MXN,B,,From January 1977 onwards: monthly financial statements. Before 1977: annual financial statements.,BIS-spliced,-,,3,9,,"This series is adjusted for breaks. Break-adjustment calculations follow the methodology outlined in the BIS Quarterly Review (2013). For further detail, see https://www.bis.org/publ/qtrpdf/r_qt1303z.htm","Bank of Mexico, Bank for International Settlements.",5B0,"Mexico - Central bank, assets, total, BIS-spliced, break-adjusted",,E,2010-03,1546.557,,F,A,
M,MX,B,XDC,MXN,B,,From January 1977 onwards: monthly financial statements. Before 1977: annual financial statements.,BIS-spliced,-,,3,9,,"This series is adjusted for breaks. Break-adjustment calculations follow the methodology outlined in the BIS Quarterly Review (2013). For further detail, see https://www.bis.org/publ/qtrpdf/r_qt1303z.htm","Bank of Mexico, Bank for International Settlements.",5B0,"Mexico - Central bank, assets, total, BIS-spliced, break-adjusted",,E,2010-04,1606.077,,F,A,
M,MX,B,XDC,MXN,B,,From January 1977 onwards: monthly financial statements. Before 1977: annual financial statements.,BIS-spliced,-,,3,9,,"This series is adjusted for breaks. Break-adjustment calculations follow the methodology outlined in the BIS Quarterly Review (2013). For further detail, see https://www.bis.org/publ/qtrpdf/r_qt1303z.htm","Bank of Mexico, Bank for International Settlements.",5B0,"Mexico - Central bank, assets, total, BIS-spliced, break-adjusted",,E,2010-05,1693.382,,F,A,
M,MX,B,XDC,MXN,B,,From January 1977 onwards: monthly financial statements. Before 1977: annual financial statements.,BIS-spliced,-,,3,9,,"This series is adjusted for breaks. Break-adjustment calculations follow the methodology outlined in the BIS Quarterly Review (2013). For further detail, see https://www.bis.org/publ/qtrpdf/r_qt1303z.htm","Bank of Mexico, Bank for International Settlements.",5B0,"Mexico - Central bank, assets, total, BIS-spliced, break-adjusted",,E,2010-06,1609.745,,F,A,
M,MX,B,XDC,MXN,B,,From January 1977 onwards: monthly financial statements. Before 1977: annual financial statements.,BIS-spliced,-,,3,9,,"This series is adjusted for breaks. Break-adjustment calculations follow the methodology outlined in the BIS Quarterly Review (2013). For further detail, see https://www.bis.org/publ/qtrpdf/r_qt1303z.htm","Bank of Mexico, Bank for International Settlements.",5B0,"Mexico - Central bank, assets, total, BIS-spliced, break-adjusted",,E,2010-07,1622.548,,F,A,
M,MX,B,XDC,MXN,B,,From January 1977 onwards: monthly financial statements. Before 1977: annual financial statements.,BIS-spliced,-,,3,9,,"This series is adjusted for breaks. Break-adjustment calculations follow the methodology outlined in the BIS Quarterly Review (2013). For further detail, see https://www.bis.org/publ/qtrpdf/r_qt1303z.htm","Bank of Mexico, Bank for International Settlements.",5B0,"Mexico - Central bank, assets, total, BIS-spliced, break-adjusted",,E,2010-08,1644.382,,F,A,
M,MX,B,XDC,MXN,B,,From January 1977 onwards: monthly financial statements. Before 1977: annual financial statements.,BIS-spliced,-,,3,9,,"This series is adjusted for breaks. Break-adjustment calculations follow the methodology outlined in the BIS Quarterly Review (2013). For further detail, see https://www.bis.org/publ/qtrpdf/r_qt1303z.htm","Bank of Mexico, Bank for International Settlements.",5B0,"Mexico - Central bank, assets, total, BIS-spliced, break-adjusted",,E,2010-09,1591.922,,F,A,
M,MX,B,XDC,MXN,B,,From January 1977 onwards: monthly financial statements. Before 1977: annual financial statements.,BIS-spliced,-,,3,9,,"This series is adjusted for breaks. Break-adjustment calculations follow the methodology outlined in the BIS Quarterly Review (2013). For further detail, see https://www.bis.org/publ/qtrpdf/r_qt1303z.htm","Bank of Mexico, Bank for International Settlements.",5B0,"Mexico - Central bank, assets, total, BIS-spliced, break-adjusted",,E,2010-10,1532.542,,F,A,
M,MX,B,XDC,MXN,B,,From January 1977 onwards: monthly financial statements. Before 1977: annual financial statements.,BIS-spliced,-,,3,9,,"This series is adjusted for breaks. Break-adjustment calculations follow the methodology outlined in the BIS Quarterly Review (2013). For further detail, see https://www.bis.org/publ/qtrpdf/r_qt1303z.htm","Bank of Mexico, Bank for International Settlements.",5B0,"Mexico - Central bank, assets, total, BIS-spliced, break-adjusted",,E,2010-11,1546.821,,F,A,
M,MX,B,XDC,MXN,B,,From January 1977 onwards: monthly financial statements. Before 1977: annual financial statements.,BIS-spliced,-,,3,9,,"This series is adjusted for breaks. Break-adjustment calculations follow the methodology outlined in the BIS Quarterly Review (2013). For further detail, see https://www.bis.org/publ/qtrpdf/r_qt1303z.htm","Bank of Mexico, Bank for International Settlements.",5B0,"Mexico - Central bank, assets, total, BIS-spliced, break-adjusted",,E,2010-12,1567.154,,F,A,
M,MX,B,XDC,MXN,B,,From January 1977 onwards: monthly financial statements. Before 1977: annual financial statements.,BIS-spliced,-,,3,9,,"This series is adjusted for breaks. Break-adjustment calculations follow the methodology outlined in the BIS Quarterly Review (2013). For further detail, see https://www.bis.org/publ/qtrpdf/r_qt1303z.htm","Bank of Mexico, Bank for International Settlements.",5B0,"Mexico - Central bank, assets, total, BIS-spliced, break-adjusted",,E,2011-01,1585.067,,F,A,
M,MX,B,XDC,MXN,B,,From January 1977 onwards: monthly financial statements. Before 1977: annual financial statements.,BIS-spliced,-,,3,9,,"This series is adjusted for breaks. Break-adjustment calculations follow the methodology outlined in the BIS Quarterly Review (2013). For further detail, see https://www.bis.org/publ/qtrpdf/r_qt1303z.htm","Bank of Mexico, Bank for International Settlements.",5B0,"Mexico - Central bank, assets, total, BIS-spliced, break-adjusted",,E,2011-02,1614.862,,F,A,
M,MX,B,XDC,MXN,B,,From January 1977 onwards: monthly financial statements. Before 1977: annual financial statements.,BIS-spliced,-,,3,9,,"This series is adjusted for breaks. Break-adjustment calculations follow the methodology outlined in the BIS Quarterly Review (2013). For further detail, see https://www.bis.org/publ/qtrpdf/r_qt1303z.htm","Bank of Mexico, Bank for International Settlements.",5B0,"Mexico - Central bank, assets, total, BIS-spliced, break-adjusted",,E,2011-03,1598.283,,F,A,
M,MX,B,XDC,MXN,B,,From January 1977 onwards: monthly financial statements. Before 1977: annual financial statements.,BIS-spliced,-,,3,9,,"This series is adjusted for breaks. Break-adjustment calculations follow the methodology outlined in the BIS Quarterly Review (2013). For further detail, see https://www.bis.org/publ/qtrpdf/r_qt1303z.htm","Bank of Mexico, Bank for International Settlements.",5B0,"Mexico - Central bank, assets, total, BIS-spliced, break-adjusted",,E,2011-04,1585.52,,F,A,
M,MX,B,XDC,MXN,B,,From January 1977 onwards: monthly financial statements. Before 1977: annual financial statements.,BIS-spliced,-,,3,9,,"This series is adjusted for breaks. Break-adjustment calculations follow the methodology outlined in the BIS Quarterly Review (2013). For further detail, see https://www.bis.org/publ/qtrpdf/r_qt1303z.htm","Bank of Mexico, Bank for International Settlements.",5B0,"Mexico - Central bank, assets, total, BIS-spliced, break-adjusted",,E,2011-05,1620.365,,F,A,
M,MX,B,XDC,MXN,B,,From January 1977 onwards: monthly financial statements. Before 1977: annual financial statements.,BIS-spliced,-,,3,9,,"This series is adjusted for breaks. Break-adjustment calculations follow the methodology outlined in the BIS Quarterly Review (2013). For further detail, see https://www.bis.org/publ/qtrpdf/r_qt1303z.htm","Bank of Mexico, Bank for International Settlements.",5B0,"Mexico - Central bank, assets, total, BIS-spliced, break-adjusted",,E,2011-06,1648.625,,F,A,
M,MX,B,XDC,MXN,B,,From January 1977 onwards: monthly financial statements. Before 1977: annual financial statements.,BIS-spliced,-,,3,9,,"This series is adjusted for breaks. Break-adjustment calculations follow the methodology outlined in the BIS Quarterly Review (2013). For further detail, see https://www.bis.org/publ/qtrpdf/r_qt1303z.htm","Bank of Mexico, Bank for International Settlements.",5B0,"Mexico - Central bank, assets, total, BIS-spliced, break-adjusted",,E,2011-07,1706.57,,F,A,
M,MX,B,XDC,MXN,B,,From January 1977 onwards: monthly financial statements. Before 1977: annual financial statements.,BIS-spliced,-,,3,9,,"This series is adjusted for breaks. Break-adjustment calculations follow the methodology outlined in the BIS Quarterly Review (2013). For further detail, see https://www.bis.org/publ/qtrpdf/r_qt1303z.htm","Bank of Mexico, Bank for International Settlements.",5B0,"Mexico - Central bank, assets, total, BIS-spliced, break-adjusted",,E,2011-08,1822.693,,F,A,
M,MX,B,XDC,MXN,B,,From January 1977 onwards: monthly financial statements. Before 1977: annual financial statements.,BIS-spliced,-,,3,9,,"This series is adjusted for breaks. Break-adjustment calculations follow the methodology outlined in the BIS Quarterly Review (2013). For further detail, see https://www.bis.org/publ/qtrpdf/r_qt1303z.htm","Bank of Mexico, Bank for International Settlements.",5B0,"Mexico - Central bank, assets, total, BIS-spliced, break-adjusted",,E,2011-09,2063.34,,F,A,
M,MX,B,XDC,MXN,B,,From January 1977 onwards: monthly financial statements. Before 1977: annual financial statements.,BIS-spliced,-,,3,9,,"This series is adjusted for breaks. Break-adjustment calculations follow the methodology outlined in the BIS Quarterly Review (2013). For further detail, see https://www.bis.org/publ/qtrpdf/r_qt1303z.htm","Bank of Mexico, Bank for International Settlements.",5B0,"Mexico - Central bank, assets, total, BIS-spliced, break-adjusted",,E,2011-10,2056.633,,F,A,
M,MX,B,XDC,MXN,B,,From January 1977 onwards: monthly financial statements. Before 1977: annual financial statements.,BIS-spliced,-,,3,9,,"This series is adjusted for breaks. Break-adjustment calculations follow the methodology outlined in the BIS Quarterly Review (2013). For further detail, see https://www.bis.org/publ/qtrpdf/r_qt1303z.htm","Bank of Mexico, Bank for International Settlements.",5B0,"Mexico - Central bank, assets, total, BIS-spliced, break-adjusted",,E,2011-11,2180.142,,F,A,
M,MX,B,XDC,MXN,B,,From January 1977 onwards: monthly financial statements. Before 1977: annual financial statements.,BIS-spliced,-,,3,9,,"This series is adjusted for breaks. Break-adjustment calculations follow the methodology outlined in the BIS Quarterly Review (2013). For further detail, see https://www.bis.org/publ/qtrpdf/r_qt1303z.htm","Bank of Mexico, Bank for International Settlements.",5B0,"Mexico - Central bank, assets, total, BIS-spliced, break-adjusted",,E,2011-12,2167.634,,F,A,
M,MX,B,XDC,MXN,B,,From January 1977 onwards: monthly financial statements. Before 1977: annual financial statements.,BIS-spliced,-,,3,9,,"This series is adjusted for breaks. Break-adjustment calculations follow the methodology outlined in the BIS Quarterly Review (2013). For further detail, see https://www.bis.org/publ/qtrpdf/r_qt1303z.htm","Bank of Mexico, Bank for International Settlements.",5B0,"Mexico - Central bank, assets, total, BIS-spliced, break-adjusted",,E,2012-01,2063.648,,F,A,
M,MX,B,XDC,MXN,B,,From January 1977 onwards: monthly financial statements. Before 1977: annual financial statements.,BIS-spliced,-,,3,9,,"This series is adjusted for breaks. Break-adjustment calculations follow the methodology outlined in the BIS Quarterly Review (2013). For further detail, see https://www.bis.org/publ/qtrpdf/r_qt1303z.htm","Bank of Mexico, Bank for International Settlements.",5B0,"Mexico - Central bank, assets, total, BIS-spliced, break-adjusted",,E,2012-02,2055.046,,F,A,
M,MX,B,XDC,MXN,B,,From January 1977 onwards: monthly financial statements. Before 1977: annual financial statements.,BIS-spliced,-,,3,9,,"This series is adjusted for breaks. Break-adjustment calculations follow the methodology outlined in the BIS Quarterly Review (2013). For further detail, see https://www.bis.org/publ/qtrpdf/r_qt1303z.htm","Bank of Mexico, Bank for International Settlements.",5B0,"Mexico - Central bank, assets, total, BIS-spliced, break-adjusted",,E,2012-03,2093.972,,F,A,
M,MX,B,XDC,MXN,B,,From January 1977 onwards: monthly financial statements. Before 1977: annual financial statements.,BIS-spliced,-,,3,9,,"This series is adjusted for breaks. Break-adjustment calculations follow the methodology outlined in the BIS Quarterly Review (2013). For further detail, see https://www.bis.org/publ/qtrpdf/r_qt1303z.htm","Bank of Mexico, Bank for International Settlements.",5B0,"Mexico - Central bank, assets, total, BIS-spliced, break-adjusted",,E,2012-04,2223.625,,F,A,
M,MX,B,XDC,MXN,B,,From January 1977 onwards: monthly financial statements. Before 1977: annual financial statements.,BIS-spliced,-,,3,9,,"This series is adjusted for breaks. Break-adjustment calculations follow the methodology outlined in the BIS Quarterly Review (2013). For further detail, see https://www.bis.org/publ/qtrpdf/r_qt1303z.htm","Bank of Mexico, Bank for International Settlements.",5B0,"Mexico - Central bank, assets, total, BIS-spliced, break-adjusted",,E,2012-05,2487.261,,F,A,
M,MX,B,XDC,MXN,B,,From January 1977 onwards: monthly financial statements. Before 1977: annual financial statements.,BIS-spliced,-,,3,9,,"This series is adjusted for breaks. Break-adjustment calculations follow the methodology outlined in the BIS Quarterly Review (2013). For further detail, see https://www.bis.org/publ/qtrpdf/r_qt1303z.htm","Bank of Mexico, Bank for International Settlements.",5B0,"Mexico - Central bank, assets, total, BIS-spliced, break-adjusted",,E,2012-06,2246.395,,F,A,
M,MX,B,XDC,MXN,B,,From January 1977 onwards: monthly financial statements. Before 1977: annual financial statements.,BIS-spliced,-,,3,9,,"This series is adjusted for breaks. Break-adjustment calculations follow the methodology outlined in the BIS Quarterly Review (2013). For further detail, see https://www.bis.org/publ/qtrpdf/r_qt1303z.htm","Bank of Mexico, Bank for International Settlements.",5B0,"Mexico - Central bank, assets, total, BIS-spliced, break-adjusted",,E,2012-07,2325.787,,F,A,
M,MX,B,XDC,MXN,B,,From January 1977 onwards: monthly financial statements. Before 1977: annual financial statements.,BIS-spliced,-,,3,9,,"This series is adjusted for breaks. Break-adjustment calculations follow the methodology outlined in the BIS Quarterly Review (2013). For further detail, see https://www.bis.org/publ/qtrpdf/r_qt1303z.htm","Bank of Mexico, Bank for International Settlements.",5B0,"Mexico - Central bank, assets, total, BIS-spliced, break-adjusted",,E,2012-08,2353.683,,F,A,
M,MX,B,XDC,MXN,B,,From January 1977 onwards: monthly financial statements. Before 1977: annual financial statements.,BIS-spliced,-,,3,9,,"This series is adjusted for breaks. Break-adjustment calculations follow the methodology outlined in the BIS Quarterly Review (2013). For further detail, see https://www.bis.org/publ/qtrpdf/r_qt1303z.htm","Bank of Mexico, Bank for International Settlements.",5B0,"Mexico - Central bank, assets, total, BIS-spliced, break-adjusted",,E,2012-09,2353.613,,F,A,
M,MX,B,XDC,MXN,B,,From January 1977 onwards: monthly financial statements. Before 1977: annual financial statements.,BIS-spliced,-,,3,9,,"This series is adjusted for breaks. Break-adjustment calculations follow the methodology outlined in the BIS Quarterly Review (2013). For further detail, see https://www.bis.org/publ/qtrpdf/r_qt1303z.htm","Bank of Mexico, Bank for International Settlements.",5B0,"Mexico - Central bank, assets, total, BIS-spliced, break-adjusted",,E,2012-10,2419.967,,F,A,
M,MX,B,XDC,MXN,B,,From January 1977 onwards: monthly financial statements. Before 1977: annual financial statements.,BIS-spliced,-,,3,9,,"This series is adjusted for breaks. Break-adjustment calculations follow the methodology outlined in the BIS Quarterly Review (2013). For further detail, see https://www.bis.org/publ/qtrpdf/r_qt1303z.htm","Bank of Mexico, Bank for International Settlements.",5B0,"Mexico - Central bank, assets, total, BIS-spliced, break-adjusted",,E,2012-11,2404.015,,F,A,
M,MX,B,XDC,MXN,B,,From January 1977 onwards: monthly financial statements. Before 1977: annual financial statements.,BIS-spliced,-,,3,9,,"This series is adjusted for breaks. Break-adjustment calculations follow the methodology outlined in the BIS Quarterly Review (2013). For further detail, see https://www.bis.org/publ/qtrpdf/r_qt1303z.htm","Bank of Mexico, Bank for International Settlements.",5B0,"Mexico - Central bank, assets, total, BIS-spliced, break-adjusted",,E,2012-12,2287.828,,F,A,
M,MX,B,XDC,MXN,B,,From January 1977 onwards: monthly financial statements. Before 1977: annual financial statements.,BIS-spliced,-,,3,9,,"This series is adjusted for breaks. Break-adjustment calculations follow the methodology outlined in the BIS Quarterly Review (2013). For further detail, see https://www.bis.org/publ/qtrpdf/r_qt1303z.htm","Bank of Mexico, Bank for International Settlements.",5B0,"Mexico - Central bank, assets, total, BIS-spliced, break-adjusted",,E,2013-01,2264.495,,F,A,
M,MX,B,XDC,MXN,B,,From January 1977 onwards: monthly financial statements. Before 1977: annual financial statements.,BIS-spliced,-,,3,9,,"This series is adjusted for breaks. Break-adjustment calculations follow the methodology outlined in the BIS Quarterly Review (2013). For further detail, see https://www.bis.org/publ/qtrpdf/r_qt1303z.htm","Bank of Mexico, Bank for International Settlements.",5B0,"Mexico - Central bank, assets, total, BIS-spliced, break-adjusted",,E,2013-02,2313.442,,F,A,
M,MX,B,XDC,MXN,B,,From January 1977 onwards: monthly financial statements. Before 1977: annual financial statements.,BIS-spliced,-,,3,9,,"This series is adjusted for breaks. Break-adjustment calculations follow the methodology outlined in the BIS Quarterly Review (2013). For further detail, see https://www.bis.org/publ/qtrpdf/r_qt1303z.htm","Bank of Mexico, Bank for International Settlements.",5B0,"Mexico - Central bank, assets, total, BIS-spliced, break-adjusted",,E,2013-03,2312.397,,F,A,
M,MX,B,XDC,MXN,B,,From January 1977 onwards: monthly financial statements. Before 1977: annual financial statements.,BIS-spliced,-,,3,9,,"This series is adjusted for breaks. Break-adjustment calculations follow the methodology outlined in the BIS Quarterly Review (2013). For further detail, see https://www.bis.org/publ/qtrpdf/r_qt1303z.htm","Bank of Mexico, Bank for International Settlements.",5B0,"Mexico - Central bank, assets, total, BIS-spliced, break-adjusted",,E,2013-04,2315.002,,F,A,
M,MX,B,XDC,MXN,B,,From January 1977 onwards: monthly financial statements. Before 1977: annual financial statements.,BIS-spliced,-,,3,9,,"This series is adjusted for breaks. Break-adjustment calculations follow the methodology outlined in the BIS Quarterly Review (2013). For further detail, see https://www.bis.org/publ/qtrpdf/r_qt1303z.htm","Bank of Mexico, Bank for International Settlements.",5B0,"Mexico - Central bank, assets, total, BIS-spliced, break-adjusted",,E,2013-05,2467.559,,F,A,
M,MX,B,XDC,MXN,B,,From January 1977 onwards: monthly financial statements. Before 1977: annual financial statements.,BIS-spliced,-,,3,9,,"This series is adjusted for breaks. Break-adjustment calculations follow the methodology outlined in the BIS Quarterly Review (2013). For further detail, see https://www.bis.org/publ/qtrpdf/r_qt1303z.htm","Bank of Mexico, Bank for International Settlements.",5B0,"Mexico - Central bank, assets, total, BIS-spliced, break-adjusted",,E,2013-06,2363.999,,F,A,
M,MX,B,XDC,MXN,B,,From January 1977 onwards: monthly financial statements. Before 1977: annual financial statements.,BIS-spliced,-,,3,9,,"This series is adjusted for breaks. Break-adjustment calculations follow the methodology outlined in the BIS Quarterly Review (2013). For further detail, see https://www.bis.org/publ/qtrpdf/r_qt1303z.htm","Bank of Mexico, Bank for International Settlements.",5B0,"Mexico - Central bank, assets, total, BIS-spliced, break-adjusted",,E,2013-07,2358.855,,F,A,
M,MX,B,XDC,MXN,B,,From January 1977 onwards: monthly financial statements. Before 1977: annual financial statements.,BIS-spliced,-,,3,9,,"This series is adjusted for breaks. Break-adjustment calculations follow the methodology outlined in the BIS Quarterly Review (2013). For further detail, see https://www.bis.org/publ/qtrpdf/r_qt1303z.htm","Bank of Mexico, Bank for International Settlements.",5B0,"Mexico - Central bank, assets, total, BIS-spliced, break-adjusted",,E,2013-08,2509.47,,F,A,
M,MX,B,XDC,MXN,B,,From January 1977 onwards: monthly financial statements. Before 1977: annual financial statements.,BIS-spliced,-,,3,9,,"This series is adjusted for breaks. Break-adjustment calculations follow the methodology outlined in the BIS Quarterly Review (2013). For further detail, see https://www.bis.org/publ/qtrpdf/r_qt1303z.htm","Bank of Mexico, Bank for International Settlements.",5B0,"Mexico - Central bank, assets, total, BIS-spliced, break-adjusted",,E,2013-09,2483.111,,F,A,
M,MX,B,XDC,MXN,B,,From January 1977 onwards: monthly financial statements. Before 1977: annual financial statements.,BIS-spliced,-,,3,9,,"This series is adjusted for breaks. Break-adjustment calculations follow the methodology outlined in the BIS Quarterly Review (2013). For further detail, see https://www.bis.org/publ/qtrpdf/r_qt1303z.htm","Bank of Mexico, Bank for International Settlements.",5B0,"Mexico - Central bank, assets, total, BIS-spliced, break-adjusted",,E,2013-10,2491.636,,F,A,
M,MX,B,XDC,MXN,B,,From January 1977 onwards: monthly financial statements. Before 1977: annual financial statements.,BIS-spliced,-,,3,9,,"This series is adjusted for breaks. Break-adjustment calculations follow the methodology outlined in the BIS Quarterly Review (2013). For further detail, see https://www.bis.org/publ/qtrpdf/r_qt1303z.htm","Bank of Mexico, Bank for International Settlements.",5B0,"Mexico - Central bank, assets, total, BIS-spliced, break-adjusted",,E,2013-11,2558.723,,F,A,
M,MX,B,XDC,MXN,B,,From January 1977 onwards: monthly financial statements. Before 1977: annual financial statements.,BIS-spliced,-,,3,9,,"This series is adjusted for breaks. Break-adjustment calculations follow the methodology outlined in the BIS Quarterly Review (2013). For further detail, see https://www.bis.org/publ/qtrpdf/r_qt1303z.htm","Bank of Mexico, Bank for International Settlements.",5B0,"Mexico - Central bank, assets, total, BIS-spliced, break-adjusted",,E,2013-12,2557.389,,F,A,
M,MX,B,XDC,MXN,B,,From January 1977 onwards: monthly financial statements. Before 1977: annual financial statements.,BIS-spliced,-,,3,9,,"This series is adjusted for breaks. Break-adjustment calculations follow the methodology outlined in the BIS Quarterly Review (2013). For further detail, see https://www.bis.org/publ/qtrpdf/r_qt1303z.htm","Bank of Mexico, Bank for International Settlements.",5B0,"Mexico - Central bank, assets, total, BIS-spliced, break-adjusted",,E,2014-01,2602.363,,F,A,
M,MX,B,XDC,MXN,B,,From January 1977 onwards: monthly financial statements. Before 1977: annual financial statements.,BIS-spliced,-,,3,9,,"This series is adjusted for breaks. Break-adjustment calculations follow the methodology outlined in the BIS Quarterly Review (2013). For further detail, see https://www.bis.org/publ/qtrpdf/r_qt1303z.htm","Bank of Mexico, Bank for International Settlements.",5B0,"Mexico - Central bank, assets, total, BIS-spliced, break-adjusted",,E,2014-02,2615.247,,F,A,
M,MX,B,XDC,MXN,B,,From January 1977 onwards: monthly financial statements. Before 1977: annual financial statements.,BIS-spliced,-,,3,9,,"This series is adjusted for breaks. Break-adjustment calculations follow the methodology outlined in the BIS Quarterly Review (2013). For further detail, see https://www.bis.org/publ/qtrpdf/r_qt1303z.htm","Bank of Mexico, Bank for International Settlements.",5B0,"Mexico - Central bank, assets, total, BIS-spliced, break-adjusted",,E,2014-03,2601.018,,F,A,
M,MX,B,XDC,MXN,B,,From January 1977 onwards: monthly financial statements. Before 1977: annual financial statements.,BIS-spliced,-,,3,9,,"This series is adjusted for breaks. Break-adjustment calculations follow the methodology outlined in the BIS Quarterly Review (2013). For further detail, see https://www.bis.org/publ/qtrpdf/r_qt1303z.htm","Bank of Mexico, Bank for International Settlements.",5B0,"Mexico - Central bank, assets, total, BIS-spliced, break-adjusted",,E,2014-04,2690.694,,F,A,
M,MX,B,XDC,MXN,B,,From January 1977 onwards: monthly financial statements. Before 1977: annual financial statements.,BIS-spliced,-,,3,9,,"This series is adjusted for breaks. Break-adjustment calculations follow the methodology outlined in the BIS Quarterly Review (2013). For further detail, see https://www.bis.org/publ/qtrpdf/r_qt1303z.htm","Bank of Mexico, Bank for International Settlements.",5B0,"Mexico - Central bank, assets, total, BIS-spliced, break-adjusted",,E,2014-05,2714.817,,F,A,
M,MX,B,XDC,MXN,B,,From January 1977 onwards: monthly financial statements. Before 1977: annual financial statements.,BIS-spliced,-,,3,9,,"This series is adjusted for breaks. Break-adjustment calculations follow the methodology outlined in the BIS Quarterly Review (2013). For further detail, see https://www.bis.org/publ/qtrpdf/r_qt1303z.htm","Bank of Mexico, Bank for International Settlements.",5B0,"Mexico - Central bank, assets, total, BIS-spliced, break-adjusted",,E,2014-06,2622.403,,F,A,
M,MX,B,XDC,MXN,B,,From January 1977 onwards: monthly financial statements. Before 1977: annual financial statements.,BIS-spliced,-,,3,9,,"This series is adjusted for breaks. Break-adjustment calculations follow the methodology outlined in the BIS Quarterly Review (2013). For further detail, see https://www.bis.org/publ/qtrpdf/r_qt1303z.htm","Bank of Mexico, Bank for International Settlements.",5B0,"Mexico - Central bank, assets, total, BIS-spliced, break-adjusted",,E,2014-07,2718.919,,F,A,
M,MX,B,XDC,MXN,B,,From January 1977 onwards: monthly financial statements. Before 1977: annual financial statements.,BIS-spliced,-,,3,9,,"This series is adjusted for breaks. Break-adjustment calculations follow the methodology outlined in the BIS Quarterly Review (2013). For further detail, see https://www.bis.org/publ/qtrpdf/r_qt1303z.htm","Bank of Mexico, Bank for International Settlements.",5B0,"Mexico - Central bank, assets, total, BIS-spliced, break-adjusted",,E,2014-08,2683.113,,F,A,
M,MX,B,XDC,MXN,B,,From January 1977 onwards: monthly financial statements. Before 1977: annual financial statements.,BIS-spliced,-,,3,9,,"This series is adjusted for breaks. Break-adjustment calculations follow the methodology outlined in the BIS Quarterly Review (2013). For further detail, see https://www.bis.org/publ/qtrpdf/r_qt1303z.htm","Bank of Mexico, Bank for International Settlements.",5B0,"Mexico - Central bank, assets, total, BIS-spliced, break-adjusted",,E,2014-09,2751.477,,F,A,
M,MX,B,XDC,MXN,B,,From January 1977 onwards: monthly financial statements. Before 1977: annual financial statements.,BIS-spliced,-,,3,9,,"This series is adjusted for breaks. Break-adjustment calculations follow the methodology outlined in the BIS Quarterly Review (2013). For further detail, see https://www.bis.org/publ/qtrpdf/r_qt1303z.htm","Bank of Mexico, Bank for International Settlements.",5B0,"Mexico - Central bank, assets, total, BIS-spliced, break-adjusted",,E,2014-10,2843.217,,F,A,
M,MX,B,XDC,MXN,B,,From January 1977 onwards: monthly financial statements. Before 1977: annual financial statements.,BIS-spliced,-,,3,9,,"This series is adjusted for breaks. Break-adjustment calculations follow the methodology outlined in the BIS Quarterly Review (2013). For further detail, see https://www.bis.org/publ/qtrpdf/r_qt1303z.htm","Bank of Mexico, Bank for International Settlements.",5B0,"Mexico - Central bank, assets, total, BIS-spliced, break-adjusted",,E,2014-11,3047.582,,F,A,
M,MX,B,XDC,MXN,B,,From January 1977 onwards: monthly financial statements. Before 1977: annual financial statements.,BIS-spliced,-,,3,9,,"This series is adjusted for breaks. Break-adjustment calculations follow the methodology outlined in the BIS Quarterly Review (2013). For further detail, see https://www.bis.org/publ/qtrpdf/r_qt1303z.htm","Bank of Mexico, Bank for International Settlements.",5B0,"Mexico - Central bank, assets, total, BIS-spliced, break-adjusted",,E,2014-12,3115.416,,F,A,
M,MX,B,XDC,MXN,B,,From January 1977 onwards: monthly financial statements. Before 1977: annual financial statements.,BIS-spliced,-,,3,9,,"This series is adjusted for breaks. Break-adjustment calculations follow the methodology outlined in the BIS Quarterly Review (2013). For further detail, see https://www.bis.org/publ/qtrpdf/r_qt1303z.htm","Bank of Mexico, Bank for International Settlements.",5B0,"Mexico - Central bank, assets, total, BIS-spliced, break-adjusted",,E,2015-01,3143.881,,F,A,
M,MX,B,XDC,MXN,B,,From January 1977 onwards: monthly financial statements. Before 1977: annual financial statements.,BIS-spliced,-,,3,9,,"This series is adjusted for breaks. Break-adjustment calculations follow the methodology outlined in the BIS Quarterly Review (2013). For further detail, see https://www.bis.org/publ/qtrpdf/r_qt1303z.htm","Bank of Mexico, Bank for International Settlements.",5B0,"Mexico - Central bank, assets, total, BIS-spliced, break-adjusted",,E,2015-02,3134.903,,F,A,
M,MX,B,XDC,MXN,B,,From January 1977 onwards: monthly financial statements. Before 1977: annual financial statements.,BIS-spliced,-,,3,9,,"This series is adjusted for breaks. Break-adjustment calculations follow the methodology outlined in the BIS Quarterly Review (2013). For further detail, see https://www.bis.org/publ/qtrpdf/r_qt1303z.htm","Bank of Mexico, Bank for International Settlements.",5B0,"Mexico - Central bank, assets, total, BIS-spliced, break-adjusted",,E,2015-03,3293.361,,F,A,
M,MX,B,XDC,MXN,B,,From January 1977 onwards: monthly financial statements. Before 1977: annual financial statements.,BIS-spliced,-,,3,9,,"This series is adjusted for breaks. Break-adjustment calculations follow the methodology outlined in the BIS Quarterly Review (2013). For further detail, see https://www.bis.org/publ/qtrpdf/r_qt1303z.htm","Bank of Mexico, Bank for International Settlements.",5B0,"Mexico - Central bank, assets, total, BIS-spliced, break-adjusted",,E,2015-04,3419.194,,F,A,
M,MX,B,XDC,MXN,B,,From January 1977 onwards: monthly financial statements. Before 1977: annual financial statements.,BIS-spliced,-,,3,9,,"This series is adjusted for breaks. Break-adjustment calculations follow the methodology outlined in the BIS Quarterly Review (2013). For further detail, see https://www.bis.org/publ/qtrpdf/r_qt1303z.htm","Bank of Mexico, Bank for International Settlements.",5B0,"Mexico - Central bank, assets, total, BIS-spliced, break-adjusted",,E,2015-05,3437.463,,F,A,
M,MX,B,XDC,MXN,B,,From January 1977 onwards: monthly financial statements. Before 1977: annual financial statements.,BIS-spliced,-,,3,9,,"This series is adjusted for breaks. Break-adjustment calculations follow the methodology outlined in the BIS Quarterly Review (2013). For further detail, see https://www.bis.org/publ/qtrpdf/r_qt1303z.htm","Bank of Mexico, Bank for International Settlements.",5B0,"Mexico - Central bank, assets, total, BIS-spliced, break-adjusted",,E,2015-06,3312.977,,F,A,
M,MX,B,XDC,MXN,B,,From January 1977 onwards: monthly financial statements. Before 1977: annual financial statements.,BIS-spliced,-,,3,9,,"This series is adjusted for breaks. Break-adjustment calculations follow the methodology outlined in the BIS Quarterly Review (2013). For further detail, see https://www.bis.org/publ/qtrpdf/r_qt1303z.htm","Bank of Mexico, Bank for International Settlements.",5B0,"Mexico - Central bank, assets, total, BIS-spliced, break-adjusted",,E,2015-07,3444.394,,F,A,
M,MX,B,XDC,MXN,B,,From January 1977 onwards: monthly financial statements. Before 1977: annual financial statements.,BIS-spliced,-,,3,9,,"This series is adjusted for breaks. Break-adjustment calculations follow the methodology outlined in the BIS Quarterly Review (2013). For further detail, see https://www.bis.org/publ/qtrpdf/r_qt1303z.htm","Bank of Mexico, Bank for International Settlements.",5B0,"Mexico - Central bank, assets, total, BIS-spliced, break-adjusted",,E,2015-08,3559.733,,F,A,
M,MX,B,XDC,MXN,B,,From January 1977 onwards: monthly financial statements. Before 1977: annual financial statements.,BIS-spliced,-,,3,9,,"This series is adjusted for breaks. Break-adjustment calculations follow the methodology outlined in the BIS Quarterly Review (2013). For further detail, see https://www.bis.org/publ/qtrpdf/r_qt1303z.htm","Bank of Mexico, Bank for International Settlements.",5B0,"Mexico - Central bank, assets, total, BIS-spliced, break-adjusted",,E,2015-09,3577.777,,F,A,
M,MX,B,XDC,MXN,B,,From January 1977 onwards: monthly financial statements. Before 1977: annual financial statements.,BIS-spliced,-,,3,9,,"This series is adjusted for breaks. Break-adjustment calculations follow the methodology outlined in the BIS Quarterly Review (2013). For further detail, see https://www.bis.org/publ/qtrpdf/r_qt1303z.htm","Bank of Mexico, Bank for International Settlements.",5B0,"Mexico - Central bank, assets, total, BIS-spliced, break-adjusted",,E,2015-10,3444.912,,F,A,
M,MX,B,XDC,MXN,B,,From January 1977 onwards: monthly financial statements. Before 1977: annual financial statements.,BIS-spliced,-,,3,9,,"This series is adjusted for breaks. Break-adjustment calculations follow the methodology outlined in the BIS Quarterly Review (2013). For further detail, see https://www.bis.org/publ/qtrpdf/r_qt1303z.htm","Bank of Mexico, Bank for International Settlements.",5B0,"Mexico - Central bank, assets, total, BIS-spliced, break-adjusted",,E,2015-11,3466.232,,F,A,
M,MX,B,XDC,MXN,B,,From January 1977 onwards: monthly financial statements. Before 1977: annual financial statements.,BIS-spliced,-,,3,9,,"This series is adjusted for breaks. Break-adjustment calculations follow the methodology outlined in the BIS Quarterly Review (2013). For further detail, see https://www.bis.org/publ/qtrpdf/r_qt1303z.htm","Bank of Mexico, Bank for International Settlements.",5B0,"Mexico - Central bank, assets, total, BIS-spliced, break-adjusted",,E,2015-12,3679.656,,F,A,
M,MX,B,XDC,MXN,B,,From January 1977 onwards: monthly financial statements. Before 1977: annual financial statements.,BIS-spliced,-,,3,9,,"This series is adjusted for breaks. Break-adjustment calculations follow the methodology outlined in the BIS Quarterly Review (2013). For further detail, see https://www.bis.org/publ/qtrpdf/r_qt1303z.htm","Bank of Mexico, Bank for International Settlements.",5B0,"Mexico - Central bank, assets, total, BIS-spliced, break-adjusted",,E,2016-01,3721.032,,F,A,
M,MX,B,XDC,MXN,B,,From January 1977 onwards: monthly financial statements. Before 1977: annual financial statements.,BIS-spliced,-,,3,9,,"This series is adjusted for breaks. Break-adjustment calculations follow the methodology outlined in the BIS Quarterly Review (2013). For further detail, see https://www.bis.org/publ/qtrpdf/r_qt1303z.htm","Bank of Mexico, Bank for International Settlements.",5B0,"Mexico - Central bank, assets, total, BIS-spliced, break-adjusted",,E,2016-02,3787.76,,F,A,
M,MX,B,XDC,MXN,B,,From January 1977 onwards: monthly financial statements. Before 1977: annual financial statements.,BIS-spliced,-,,3,9,,"This series is adjusted for breaks. Break-adjustment calculations follow the methodology outlined in the BIS Quarterly Review (2013). For further detail, see https://www.bis.org/publ/qtrpdf/r_qt1303z.htm","Bank of Mexico, Bank for International Settlements.",5B0,"Mexico - Central bank, assets, total, BIS-spliced, break-adjusted",,E,2016-03,3588.134,,F,A,
M,MX,B,XDC,MXN,B,,From January 1977 onwards: monthly financial statements. Before 1977: annual financial statements.,BIS-spliced,-,,3,9,,"This series is adjusted for breaks. Break-adjustment calculations follow the methodology outlined in the BIS Quarterly Review (2013). For further detail, see https://www.bis.org/publ/qtrpdf/r_qt1303z.htm","Bank of Mexico, Bank for International Settlements.",5B0,"Mexico - Central bank, assets, total, BIS-spliced, break-adjusted",,E,2016-04,3569.87,,F,A,
M,MX,B,XDC,MXN,B,,From January 1977 onwards: monthly financial statements. Before 1977: annual financial statements.,BIS-spliced,-,,3,9,,"This series is adjusted for breaks. Break-adjustment calculations follow the methodology outlined in the BIS Quarterly Review (2013). For further detail, see https://www.bis.org/publ/qtrpdf/r_qt1303z.htm","Bank of Mexico, Bank for International Settlements.",5B0,"Mexico - Central bank, assets, total, BIS-spliced, break-adjusted",,E,2016-05,3664.978,,F,A,
M,MX,B,XDC,MXN,B,,From January 1977 onwards: monthly financial statements. Before 1977: annual financial statements.,BIS-spliced,-,,3,9,,"This series is adjusted for breaks. Break-adjustment calculations follow the methodology outlined in the BIS Quarterly Review (2013). For further detail, see https://www.bis.org/publ/qtrpdf/r_qt1303z.htm","Bank of Mexico, Bank for International Settlements.",5B0,"Mexico - Central bank, assets, total, BIS-spliced, break-adjusted",,E,2016-06,3430.406,,F,A,
M,MX,B,XDC,MXN,B,,From January 1977 onwards: monthly financial statements. Before 1977: annual financial statements.,BIS-spliced,-,,3,9,,"This series is adjusted for breaks. Break-adjustment calculations follow the methodology outlined in the BIS Quarterly Review (2013). For further detail, see https://www.bis.org/publ/qtrpdf/r_qt1303z.htm","Bank of Mexico, Bank for International Settlements.",5B0,"Mexico - Central bank, assets, total, BIS-spliced, break-adjusted",,E,2016-07,3543.998,,F,A,
M,MX,B,XDC,MXN,B,,From January 1977 onwards: monthly financial statements. Before 1977: annual financial statements.,BIS-spliced,-,,3,9,,"This series is adjusted for breaks. Break-adjustment calculations follow the methodology outlined in the BIS Quarterly Review (2013). For further detail, see https://www.bis.org/publ/qtrpdf/r_qt1303z.htm","Bank of Mexico, Bank for International Settlements.",5B0,"Mexico - Central bank, assets, total, BIS-spliced, break-adjusted",,E,2016-08,3570.417,,F,A,
M,MX,B,XDC,MXN,B,,From January 1977 onwards: monthly financial statements. Before 1977: annual financial statements.,BIS-spliced,-,,3,9,,"This series is adjusted for breaks. Break-adjustment calculations follow the methodology outlined in the BIS Quarterly Review (2013). For further detail, see https://www.bis.org/publ/qtrpdf/r_qt1303z.htm","Bank of Mexico, Bank for International Settlements.",5B0,"Mexico - Central bank, assets, total, BIS-spliced, break-adjusted",,E,2016-09,3634.921,,F,A,
M,MX,B,XDC,MXN,B,,From January 1977 onwards: monthly financial statements. Before 1977: annual financial statements.,BIS-spliced,-,,3,9,,"This series is adjusted for breaks. Break-adjustment calculations follow the methodology outlined in the BIS Quarterly Review (2013). For further detail, see https://www.bis.org/publ/qtrpdf/r_qt1303z.htm","Bank of Mexico, Bank for International Settlements.",5B0,"Mexico - Central bank, assets, total, BIS-spliced, break-adjusted",,E,2016-10,3504.32,,F,A,
M,MX,B,XDC,MXN,B,,From January 1977 onwards: monthly financial statements. Before 1977: annual financial statements.,BIS-spliced,-,,3,9,,"This series is adjusted for breaks. Break-adjustment calculations follow the methodology outlined in the BIS Quarterly Review (2013). For further detail, see https://www.bis.org/publ/qtrpdf/r_qt1303z.htm","Bank of Mexico, Bank for International Settlements.",5B0,"Mexico - Central bank, assets, total, BIS-spliced, break-adjusted",,E,2016-11,3861.05,,F,A,
M,MX,B,XDC,MXN,B,,From January 1977 onwards: monthly financial statements. Before 1977: annual financial statements.,BIS-spliced,-,,3,9,,"This series is adjusted for breaks. Break-adjustment calculations follow the methodology outlined in the BIS Quarterly Review (2013). For further detail, see https://www.bis.org/publ/qtrpdf/r_qt1303z.htm","Bank of Mexico, Bank for International Settlements.",5B0,"Mexico - Central bank, assets, total, BIS-spliced, break-adjusted",,E,2016-12,3877.282,,F,A,
M,MX,B,XDC,MXN,B,,From January 1977 onwards: monthly financial statements. Before 1977: annual financial statements.,BIS-spliced,-,,3,9,,"This series is adjusted for breaks. Break-adjustment calculations follow the methodology outlined in the BIS Quarterly Review (2013). For further detail, see https://www.bis.org/publ/qtrpdf/r_qt1303z.htm","Bank of Mexico, Bank for International Settlements.",5B0,"Mexico - Central bank, assets, total, BIS-spliced, break-adjusted",,E,2017-01,3860.625,,F,A,
M,MX,B,XDC,MXN,B,,From January 1977 onwards: monthly financial statements. Before 1977: annual financial statements.,BIS-spliced,-,,3,9,,"This series is adjusted for breaks. Break-adjustment calculations follow the methodology outlined in the BIS Quarterly Review (2013). For further detail, see https://www.bis.org/publ/qtrpdf/r_qt1303z.htm","Bank of Mexico, Bank for International Settlements.",5B0,"Mexico - Central bank, assets, total, BIS-spliced, break-adjusted",,E,2017-02,3753.378,,F,A,
M,MX,B,XDC,MXN,B,,From January 1977 onwards: monthly financial statements. Before 1977: annual financial statements.,BIS-spliced,-,,3,9,,"This series is adjusted for breaks. Break-adjustment calculations follow the methodology outlined in the BIS Quarterly Review (2013). For further detail, see https://www.bis.org/publ/qtrpdf/r_qt1303z.htm","Bank of Mexico, Bank for International Settlements.",5B0,"Mexico - Central bank, assets, total, BIS-spliced, break-adjusted",,E,2017-03,3581.224,,F,A,
M,MX,B,XDC,MXN,B,,From January 1977 onwards: monthly financial statements. Before 1977: annual financial statements.,BIS-spliced,-,,3,9,,"This series is adjusted for breaks. Break-adjustment calculations follow the methodology outlined in the BIS Quarterly Review (2013). For further detail, see https://www.bis.org/publ/qtrpdf/r_qt1303z.htm","Bank of Mexico, Bank for International Settlements.",5B0,"Mexico - Central bank, assets, total, BIS-spliced, break-adjusted",,E,2017-04,3810.237,,F,A,
M,MX,B,XDC,MXN,B,,From January 1977 onwards: monthly financial statements. Before 1977: annual financial statements.,BIS-spliced,-,,3,9,,"This series is adjusted for breaks. Break-adjustment calculations follow the methodology outlined in the BIS Quarterly Review (2013). For further detail, see https://www.bis.org/publ/qtrpdf/r_qt1303z.htm","Bank of Mexico, Bank for International Settlements.",5B0,"Mexico - Central bank, assets, total, BIS-spliced, break-adjusted",,E,2017-05,3743.206,,F,A,
M,MX,B,XDC,MXN,B,,From January 1977 onwards: monthly financial statements. Before 1977: annual financial statements.,BIS-spliced,-,,3,9,,"This series is adjusted for breaks. Break-adjustment calculations follow the methodology outlined in the BIS Quarterly Review (2013). For further detail, see https://www.bis.org/publ/qtrpdf/r_qt1303z.htm","Bank of Mexico, Bank for International Settlements.",5B0,"Mexico - Central bank, assets, total, BIS-spliced, break-adjusted",,E,2017-06,3477.346,,F,A,
M,MX,B,XDC,MXN,B,,From January 1977 onwards: monthly financial statements. Before 1977: annual financial statements.,BIS-spliced,-,,3,9,,"This series is adjusted for breaks. Break-adjustment calculations follow the methodology outlined in the BIS Quarterly Review (2013). For further detail, see https://www.bis.org/publ/qtrpdf/r_qt1303z.htm","Bank of Mexico, Bank for International Settlements.",5B0,"Mexico - Central bank, assets, total, BIS-spliced, break-adjusted",,E,2017-07,3509.549,,F,A,
M,MX,B,XDC,MXN,B,,From January 1977 onwards: monthly financial statements. Before 1977: annual financial statements.,BIS-spliced,-,,3,9,,"This series is adjusted for breaks. Break-adjustment calculations follow the methodology outlined in the BIS Quarterly Review (2013). For further detail, see https://www.bis.org/publ/qtrpdf/r_qt1303z.htm","Bank of Mexico, Bank for International Settlements.",5B0,"Mexico - Central bank, assets, total, BIS-spliced, break-adjusted",,E,2017-08,3539.378,,F,A,
M,MX,B,XDC,MXN,B,,From January 1977 onwards: monthly financial statements. Before 1977: annual financial statements.,BIS-spliced,-,,3,9,,"This series is adjusted for breaks. Break-adjustment calculations follow the methodology outlined in the BIS Quarterly Review (2013). For further detail, see https://www.bis.org/publ/qtrpdf/r_qt1303z.htm","Bank of Mexico, Bank for International Settlements.",5B0,"Mexico - Central bank, assets, total, BIS-spliced, break-adjusted",,E,2017-09,3637.837,,F,A,
M,MX,B,XDC,MXN,B,,From January 1977 onwards: monthly financial statements. Before 1977: annual financial statements.,BIS-spliced,-,,3,9,,"This series is adjusted for breaks. Break-adjustment calculations follow the methodology outlined in the BIS Quarterly Review (2013). For further detail, see https://www.bis.org/publ/qtrpdf/r_qt1303z.htm","Bank of Mexico, Bank for International Settlements.",5B0,"Mexico - Central bank, assets, total, BIS-spliced, break-adjusted",,E,2017-10,3781.898,,F,A,
M,MX,B,XDC,MXN,B,,From January 1977 onwards: monthly financial statements. Before 1977: annual financial statements.,BIS-spliced,-,,3,9,,"This series is adjusted for breaks. Break-adjustment calculations follow the methodology outlined in the BIS Quarterly Review (2013). For further detail, see https://www.bis.org/publ/qtrpdf/r_qt1303z.htm","Bank of Mexico, Bank for International Settlements.",5B0,"Mexico - Central bank, assets, total, BIS-spliced, break-adjusted",,E,2017-11,3719.758,,F,A,
M,MX,B,XDC,MXN,B,,From January 1977 onwards: monthly financial statements. Before 1977: annual financial statements.,BIS-spliced,-,,3,9,,"This series is adjusted for breaks. Break-adjustment calculations follow the methodology outlined in the BIS Quarterly Review (2013). For further detail, see https://www.bis.org/publ/qtrpdf/r_qt1303z.htm","Bank of Mexico, Bank for International Settlements.",5B0,"Mexico - Central bank, assets, total, BIS-spliced, break-adjusted",,E,2017-12,3730.933,,F,A,
M,MX,B,XDC,MXN,B,,From January 1977 onwards: monthly financial statements. Before 1977: annual financial statements.,BIS-spliced,-,,3,9,,"This series is adjusted for breaks. Break-adjustment calculations follow the methodology outlined in the BIS Quarterly Review (2013). For further detail, see https://www.bis.org/publ/qtrpdf/r_qt1303z.htm","Bank of Mexico, Bank for International Settlements.",5B0,"Mexico - Central bank, assets, total, BIS-spliced, break-adjusted",,E,2018-01,3526.533,,F,A,
M,MX,B,XDC,MXN,B,,From January 1977 onwards: monthly financial statements. Before 1977: annual financial statements.,BIS-spliced,-,,3,9,,"This series is adjusted for breaks. Break-adjustment calculations follow the methodology outlined in the BIS Quarterly Review (2013). For further detail, see https://www.bis.org/publ/qtrpdf/r_qt1303z.htm","Bank of Mexico, Bank for International Settlements.",5B0,"Mexico - Central bank, assets, total, BIS-spliced, break-adjusted",,E,2018-02,3542.293,,F,A,
M,MX,B,XDC,MXN,B,,From January 1977 onwards: monthly financial statements. Before 1977: annual financial statements.,BIS-spliced,-,,3,9,,"This series is adjusted for breaks. Break-adjustment calculations follow the methodology outlined in the BIS Quarterly Review (2013). For further detail, see https://www.bis.org/publ/qtrpdf/r_qt1303z.htm","Bank of Mexico, Bank for International Settlements.",5B0,"Mexico - Central bank, assets, total, BIS-spliced, break-adjusted",,E,2018-03,3479.114,,F,A,
M,MX,B,XDC,MXN,B,,From January 1977 onwards: monthly financial statements. Before 1977: annual financial statements.,BIS-spliced,-,,3,9,,"This series is adjusted for breaks. Break-adjustment calculations follow the methodology outlined in the BIS Quarterly Review (2013). For further detail, see https://www.bis.org/publ/qtrpdf/r_qt1303z.htm","Bank of Mexico, Bank for International Settlements.",5B0,"Mexico - Central bank, assets, total, BIS-spliced, break-adjusted",,E,2018-04,3539.833,,F,A,
M,MX,B,XDC,MXN,B,,From January 1977 onwards: monthly financial statements. Before 1977: annual financial statements.,BIS-spliced,-,,3,9,,"This series is adjusted for breaks. Break-adjustment calculations follow the methodology outlined in the BIS Quarterly Review (2013). For further detail, see https://www.bis.org/publ/qtrpdf/r_qt1303z.htm","Bank of Mexico, Bank for International Settlements.",5B0,"Mexico - Central bank, assets, total, BIS-spliced, break-adjusted",,E,2018-05,3863.806,,F,A,
M,MX,B,XDC,MXN,B,,From January 1977 onwards: monthly financial statements. Before 1977: annual financial statements.,BIS-spliced,-,,3,9,,"This series is adjusted for breaks. Break-adjustment calculations follow the methodology outlined in the BIS Quarterly Review (2013). For further detail, see https://www.bis.org/publ/qtrpdf/r_qt1303z.htm","Bank of Mexico, Bank for International Settlements.",5B0,"Mexico - Central bank, assets, total, BIS-spliced, break-adjusted",,E,2018-06,3569.104,,F,A,
M,MX,B,XDC,MXN,B,,From January 1977 onwards: monthly financial statements. Before 1977: annual financial statements.,BIS-spliced,-,,3,9,,"This series is adjusted for breaks. Break-adjustment calculations follow the methodology outlined in the BIS Quarterly Review (2013). For further detail, see https://www.bis.org/publ/qtrpdf/r_qt1303z.htm","Bank of Mexico, Bank for International Settlements.",5B0,"Mexico - Central bank, assets, total, BIS-spliced, break-adjusted",,E,2018-07,3599.505,,F,A,
M,MX,B,XDC,MXN,B,,From January 1977 onwards: monthly financial statements. Before 1977: annual financial statements.,BIS-spliced,-,,3,9,,"This series is adjusted for breaks. Break-adjustment calculations follow the methodology outlined in the BIS Quarterly Review (2013). For further detail, see https://www.bis.org/publ/qtrpdf/r_qt1303z.htm","Bank of Mexico, Bank for International Settlements.",5B0,"Mexico - Central bank, assets, total, BIS-spliced, break-adjusted",,E,2018-08,3681.14,,F,A,
M,MX,B,XDC,MXN,B,,From January 1977 onwards: monthly financial statements. Before 1977: annual financial statements.,BIS-spliced,-,,3,9,,"This series is adjusted for breaks. Break-adjustment calculations follow the methodology outlined in the BIS Quarterly Review (2013). For further detail, see https://www.bis.org/publ/qtrpdf/r_qt1303z.htm","Bank of Mexico, Bank for International Settlements.",5B0,"Mexico - Central bank, assets, total, BIS-spliced, break-adjusted",,E,2018-09,3668.181,,F,A,
M,MX,B,XDC,MXN,B,,From January 1977 onwards: monthly financial statements. Before 1977: annual financial statements.,BIS-spliced,-,,3,9,,"This series is adjusted for breaks. Break-adjustment calculations follow the methodology outlined in the BIS Quarterly Review (2013). For further detail, see https://www.bis.org/publ/qtrpdf/r_qt1303z.htm","Bank of Mexico, Bank for International Settlements.",5B0,"Mexico - Central bank, assets, total, BIS-spliced, break-adjusted",,E,2018-10,3959.948,,F,A,
M,MX,B,XDC,MXN,B,,From January 1977 onwards: monthly financial statements. Before 1977: annual financial statements.,BIS-spliced,-,,3,9,,"This series is adjusted for breaks. Break-adjustment calculations follow the methodology outlined in the BIS Quarterly Review (2013). For further detail, see https://www.bis.org/publ/qtrpdf/r_qt1303z.htm","Bank of Mexico, Bank for International Settlements.",5B0,"Mexico - Central bank, assets, total, BIS-spliced, break-adjusted",,E,2018-11,4056.813,,F,A,
M,MX,B,XDC,MXN,B,,From January 1977 onwards: monthly financial statements. Before 1977: annual financial statements.,BIS-spliced,-,,3,9,,"This series is adjusted for breaks. Break-adjustment calculations follow the methodology outlined in the BIS Quarterly Review (2013). For further detail, see https://www.bis.org/publ/qtrpdf/r_qt1303z.htm","Bank of Mexico, Bank for International Settlements.",5B0,"Mexico - Central bank, assets, total, BIS-spliced, break-adjusted",,E,2018-12,3850.168,,F,A,
M,MX,B,XDC,MXN,B,,From January 1977 onwards: monthly financial statements. Before 1977: annual financial statements.,BIS-spliced,-,,3,9,,"This series is adjusted for breaks. Break-adjustment calculations follow the methodology outlined in the BIS Quarterly Review (2013). For further detail, see https://www.bis.org/publ/qtrpdf/r_qt1303z.htm","Bank of Mexico, Bank for International Settlements.",5B0,"Mexico - Central bank, assets, total, BIS-spliced, break-adjusted",,E,2019-01,3654.509,,F,A,
M,MX,B,XDC,MXN,B,,From January 1977 onwards: monthly financial statements. Before 1977: annual financial statements.,BIS-spliced,-,,3,9,,"This series is adjusted for breaks. Break-adjustment calculations follow the methodology outlined in the BIS Quarterly Review (2013). For further detail, see https://www.bis.org/publ/qtrpdf/r_qt1303z.htm","Bank of Mexico, Bank for International Settlements.",5B0,"Mexico - Central bank, assets, total, BIS-spliced, break-adjusted",,E,2019-02,3646.07,,F,A,
M,MX,B,XDC,MXN,B,,From January 1977 onwards: monthly financial statements. Before 1977: annual financial statements.,BIS-spliced,-,,3,9,,"This series is adjusted for breaks. Break-adjustment calculations follow the methodology outlined in the BIS Quarterly Review (2013). For further detail, see https://www.bis.org/publ/qtrpdf/r_qt1303z.htm","Bank of Mexico, Bank for International Settlements.",5B0,"Mexico - Central bank, assets, total, BIS-spliced, break-adjusted",,E,2019-03,3631.863,,F,A,
M,MX,B,XDC,MXN,B,,From January 1977 onwards: monthly financial statements. Before 1977: annual financial statements.,BIS-spliced,-,,3,9,,"This series is adjusted for breaks. Break-adjustment calculations follow the methodology outlined in the BIS Quarterly Review (2013). For further detail, see https://www.bis.org/publ/qtrpdf/r_qt1303z.htm","Bank of Mexico, Bank for International Settlements.",5B0,"Mexico - Central bank, assets, total, BIS-spliced, break-adjusted",,E,2019-04,3753.797,,F,A,
M,MX,B,XDC,MXN,B,,From January 1977 onwards: monthly financial statements. Before 1977: annual financial statements.,BIS-spliced,-,,3,9,,"This series is adjusted for breaks. Break-adjustment calculations follow the methodology outlined in the BIS Quarterly Review (2013). For further detail, see https://www.bis.org/publ/qtrpdf/r_qt1303z.htm","Bank of Mexico, Bank for International Settlements.",5B0,"Mexico - Central bank, assets, total, BIS-spliced, break-adjusted",,E,2019-05,3934.636,,F,A,
M,MX,B,XDC,MXN,B,,From January 1977 onwards: monthly financial statements. Before 1977: annual financial statements.,BIS-spliced,-,,3,9,,"This series is adjusted for breaks. Break-adjustment calculations follow the methodology outlined in the BIS Quarterly Review (2013). For further detail, see https://www.bis.org/publ/qtrpdf/r_qt1303z.htm","Bank of Mexico, Bank for International Settlements.",5B0,"Mexico - Central bank, assets, total, BIS-spliced, break-adjusted",,E,2019-06,3654.806,,F,A,
M,MX,B,XDC,MXN,B,,From January 1977 onwards: monthly financial statements. Before 1977: annual financial statements.,BIS-spliced,-,,3,9,,"This series is adjusted for breaks. Break-adjustment calculations follow the methodology outlined in the BIS Quarterly Review (2013). For further detail, see https://www.bis.org/publ/qtrpdf/r_qt1303z.htm","Bank of Mexico, Bank for International Settlements.",5B0,"Mexico - Central bank, assets, total, BIS-spliced, break-adjusted",,E,2019-07,3669.175,,F,A,
M,MX,B,XDC,MXN,B,,From January 1977 onwards: monthly financial statements. Before 1977: annual financial statements.,BIS-spliced,-,,3,9,,"This series is adjusted for breaks. Break-adjustment calculations follow the methodology outlined in the BIS Quarterly Review (2013). For further detail, see https://www.bis.org/publ/qtrpdf/r_qt1303z.htm","Bank of Mexico, Bank for International Settlements.",5B0,"Mexico - Central bank, assets, total, BIS-spliced, break-adjusted",,E,2019-08,3969.869,,F,A,
M,MX,B,XDC,MXN,B,,From January 1977 onwards: monthly financial statements. Before 1977: annual financial statements.,BIS-spliced,-,,3,9,,"This series is adjusted for breaks. Break-adjustment calculations follow the methodology outlined in the BIS Quarterly Review (2013). For further detail, see https://www.bis.org/publ/qtrpdf/r_qt1303z.htm","Bank of Mexico, Bank for International Settlements.",5B0,"Mexico - Central bank, assets, total, BIS-spliced, break-adjusted",,E,2019-09,3988.16,,F,A,
M,MX,B,XDC,MXN,B,,From January 1977 onwards: monthly financial statements. Before 1977: annual financial statements.,BIS-spliced,-,,3,9,,"This series is adjusted for breaks. Break-adjustment calculations follow the methodology outlined in the BIS Quarterly Review (2013). For further detail, see https://www.bis.org/publ/qtrpdf/r_qt1303z.htm","Bank of Mexico, Bank for International Settlements.",5B0,"Mexico - Central bank, assets, total, BIS-spliced, break-adjusted",,E,2019-10,4020.207,,F,A,
M,MX,B,XDC,MXN,B,,From January 1977 onwards: monthly financial statements. Before 1977: annual financial statements.,BIS-spliced,-,,3,9,,"This series is adjusted for breaks. Break-adjustment calculations follow the methodology outlined in the BIS Quarterly Review (2013). For further detail, see https://www.bis.org/publ/qtrpdf/r_qt1303z.htm","Bank of Mexico, Bank for International Settlements.",5B0,"Mexico - Central bank, assets, total, BIS-spliced, break-adjusted",,E,2019-11,4107.893,,F,A,
M,MX,B,XDC,MXN,B,,From January 1977 onwards: monthly financial statements. Before 1977: annual financial statements.,BIS-spliced,-,,3,9,,"This series is adjusted for breaks. Break-adjustment calculations follow the methodology outlined in the BIS Quarterly Review (2013). For further detail, see https://www.bis.org/publ/qtrpdf/r_qt1303z.htm","Bank of Mexico, Bank for International Settlements.",5B0,"Mexico - Central bank, assets, total, BIS-spliced, break-adjusted",,E,2019-12,3807.341,,F,A,
M,MX,B,XDC,MXN,B,,From January 1977 onwards: monthly financial statements. Before 1977: annual financial statements.,BIS-spliced,-,,3,9,,"This series is adjusted for breaks. Break-adjustment calculations follow the methodology outlined in the BIS Quarterly Review (2013). For further detail, see https://www.bis.org/publ/qtrpdf/r_qt1303z.htm","Bank of Mexico, Bank for International Settlements.",5B0,"Mexico - Central bank, assets, total, BIS-spliced, break-adjusted",,E,2020-01,3818.486,,F,A,
M,MX,B,XDC,MXN,B,,From January 1977 onwards: monthly financial statements. Before 1977: annual financial statements.,BIS-spliced,-,,3,9,,"This series is adjusted for breaks. Break-adjustment calculations follow the methodology outlined in the BIS Quarterly Review (2013). For further detail, see https://www.bis.org/publ/qtrpdf/r_qt1303z.htm","Bank of Mexico, Bank for International Settlements.",5B0,"Mexico - Central bank, assets, total, BIS-spliced, break-adjusted",,E,2020-02,3941.708,,F,A,
M,MX,B,XDC,MXN,B,,From January 1977 onwards: monthly financial statements. Before 1977: annual financial statements.,BIS-spliced,-,,3,9,,"This series is adjusted for breaks. Break-adjustment calculations follow the methodology outlined in the BIS Quarterly Review (2013). For further detail, see https://www.bis.org/publ/qtrpdf/r_qt1303z.htm","Bank of Mexico, Bank for International Settlements.",5B0,"Mexico - Central bank, assets, total, BIS-spliced, break-adjusted",,E,2020-03,4713.316,,F,A,
M,MX,B,XDC,MXN,B,,From January 1977 onwards: monthly financial statements. Before 1977: annual financial statements.,BIS-spliced,-,,3,9,,"This series is adjusted for breaks. Break-adjustment calculations follow the methodology outlined in the BIS Quarterly Review (2013). For further detail, see https://www.bis.org/publ/qtrpdf/r_qt1303z.htm","Bank of Mexico, Bank for International Settlements.",5B0,"Mexico - Central bank, assets, total, BIS-spliced, break-adjusted",,E,2020-04,5050.895,,F,A,
M,MX,B,XDC,MXN,B,,From January 1977 onwards: monthly financial statements. Before 1977: annual financial statements.,BIS-spliced,-,,3,9,,"This series is adjusted for breaks. Break-adjustment calculations follow the methodology outlined in the BIS Quarterly Review (2013). For further detail, see https://www.bis.org/publ/qtrpdf/r_qt1303z.htm","Bank of Mexico, Bank for International Settlements.",5B0,"Mexico - Central bank, assets, total, BIS-spliced, break-adjusted",,E,2020-05,4848.958,,F,A,
M,MX,B,XDC,MXN,B,,From January 1977 onwards: monthly financial statements. Before 1977: annual financial statements.,BIS-spliced,-,,3,9,,"This series is adjusted for breaks. Break-adjustment calculations follow the methodology outlined in the BIS Quarterly Review (2013). For further detail, see https://www.bis.org/publ/qtrpdf/r_qt1303z.htm","Bank of Mexico, Bank for International Settlements.",5B0,"Mexico - Central bank, assets, total, BIS-spliced, break-adjusted",,E,2020-06,4828.634,,F,A,
M,MX,B,XDC,MXN,B,,From January 1977 onwards: monthly financial statements. Before 1977: annual financial statements.,BIS-spliced,-,,3,9,,"This series is adjusted for breaks. Break-adjustment calculations follow the methodology outlined in the BIS Quarterly Review (2013). For further detail, see https://www.bis.org/publ/qtrpdf/r_qt1303z.htm","Bank of Mexico, Bank for International Settlements.",5B0,"Mexico - Central bank, assets, total, BIS-spliced, break-adjusted",,E,2020-07,4788.907,,F,A,
M,MX,B,XDC,MXN,B,,From January 1977 onwards: monthly financial statements. Before 1977: annual financial statements.,BIS-spliced,-,,3,9,,"This series is adjusted for breaks. Break-adjustment calculations follow the methodology outlined in the BIS Quarterly Review (2013). For further detail, see https://www.bis.org/publ/qtrpdf/r_qt1303z.htm","Bank of Mexico, Bank for International Settlements.",5B0,"Mexico - Central bank, assets, total, BIS-spliced, break-adjusted",,E,2020-08,4824.42,,F,A,
M,MX,B,XDC,MXN,B,,From January 1977 onwards: monthly financial statements. Before 1977: annual financial statements.,BIS-spliced,-,,3,9,,"This series is adjusted for breaks. Break-adjustment calculations follow the methodology outlined in the BIS Quarterly Review (2013). For further detail, see https://www.bis.org/publ/qtrpdf/r_qt1303z.htm","Bank of Mexico, Bank for International Settlements.",5B0,"Mexico - Central bank, assets, total, BIS-spliced, break-adjusted",,E,2020-09,4836.386,,F,A,
M,MX,B,XDC,MXN,B,,From January 1977 onwards: monthly financial statements. Before 1977: annual financial statements.,BIS-spliced,-,,3,9,,"This series is adjusted for breaks. Break-adjustment calculations follow the methodology outlined in the BIS Quarterly Review (2013). For further detail, see https://www.bis.org/publ/qtrpdf/r_qt1303z.htm","Bank of Mexico, Bank for International Settlements.",5B0,"Mexico - Central bank, assets, total, BIS-spliced, break-adjusted",,E,2020-10,4723.118,,F,A,
M,MX,B,XDC,MXN,B,,From January 1977 onwards: monthly financial statements. Before 1977: annual financial statements.,BIS-spliced,-,,3,9,,"This series is adjusted for breaks. Break-adjustment calculations follow the methodology outlined in the BIS Quarterly Review (2013). For further detail, see https://www.bis.org/publ/qtrpdf/r_qt1303z.htm","Bank of Mexico, Bank for International Settlements.",5B0,"Mexico - Central bank, assets, total, BIS-spliced, break-adjusted",,E,2020-11,4682.634,,F,A,
M,MX,B,XDC,MXN,B,,From January 1977 onwards: monthly financial statements. Before 1977: annual financial statements.,BIS-spliced,-,,3,9,,"This series is adjusted for breaks. Break-adjustment calculations follow the methodology outlined in the BIS Quarterly Review (2013). For further detail, see https://www.bis.org/publ/qtrpdf/r_qt1303z.htm","Bank of Mexico, Bank for International Settlements.",5B0,"Mexico - Central bank, assets, total, BIS-spliced, break-adjusted",,E,2020-12,4589.364,,F,A,
M,MX,B,XDC,MXN,B,,From January 1977 onwards: monthly financial statements. Before 1977: annual financial statements.,BIS-spliced,-,,3,9,,"This series is adjusted for breaks. Break-adjustment calculations follow the methodology outlined in the BIS Quarterly Review (2013). For further detail, see https://www.bis.org/publ/qtrpdf/r_qt1303z.htm","Bank of Mexico, Bank for International Settlements.",5B0,"Mexico - Central bank, assets, total, BIS-spliced, break-adjusted",,E,2021-01,4680.478,,F,A,
M,MX,B,XDC,MXN,B,,From January 1977 onwards: monthly financial statements. Before 1977: annual financial statements.,BIS-spliced,-,,3,9,,"This series is adjusted for breaks. Break-adjustment calculations follow the methodology outlined in the BIS Quarterly Review (2013). For further detail, see https://www.bis.org/publ/qtrpdf/r_qt1303z.htm","Bank of Mexico, Bank for International Settlements.",5B0,"Mexico - Central bank, assets, total, BIS-spliced, break-adjusted",,E,2021-02,4731.855,,F,A,
M,MX,B,XDC,MXN,B,,From January 1977 onwards: monthly financial statements. Before 1977: annual financial statements.,BIS-spliced,-,,3,9,,"This series is adjusted for breaks. Break-adjustment calculations follow the methodology outlined in the BIS Quarterly Review (2013). For further detail, see https://www.bis.org/publ/qtrpdf/r_qt1303z.htm","Bank of Mexico, Bank for International Settlements.",5B0,"Mexico - Central bank, assets, total, BIS-spliced, break-adjusted",,E,2021-03,4623.369,,F,A,
M,MX,B,XDC,MXN,B,,From January 1977 onwards: monthly financial statements. Before 1977: annual financial statements.,BIS-spliced,-,,3,9,,"This series is adjusted for breaks. Break-adjustment calculations follow the methodology outlined in the BIS Quarterly Review (2013). For further detail, see https://www.bis.org/publ/qtrpdf/r_qt1303z.htm","Bank of Mexico, Bank for International Settlements.",5B0,"Mexico - Central bank, assets, total, BIS-spliced, break-adjusted",,E,2021-04,4738.186,,F,A,
M,MX,B,XDC,MXN,B,,From January 1977 onwards: monthly financial statements. Before 1977: annual financial statements.,BIS-spliced,-,,3,9,,"This series is adjusted for breaks. Break-adjustment calculations follow the methodology outlined in the BIS Quarterly Review (2013). For further detail, see https://www.bis.org/publ/qtrpdf/r_qt1303z.htm","Bank of Mexico, Bank for International Settlements.",5B0,"Mexico - Central bank, assets, total, BIS-spliced, break-adjusted",,E,2021-05,4689.151,,F,A,
M,MX,B,XDC,MXN,B,,From January 1977 onwards: monthly financial statements. Before 1977: annual financial statements.,BIS-spliced,-,,3,9,,"This series is adjusted for breaks. Break-adjustment calculations follow the methodology outlined in the BIS Quarterly Review (2013). For further detail, see https://www.bis.org/publ/qtrpdf/r_qt1303z.htm","Bank of Mexico, Bank for International Settlements.",5B0,"Mexico - Central bank, assets, total, BIS-spliced, break-adjusted",,E,2021-06,4466.449,,F,A,
M,MX,B,XDC,MXN,B,,From January 1977 onwards: monthly financial statements. Before 1977: annual financial statements.,BIS-spliced,-,,3,9,,"This series is adjusted for breaks. Break-adjustment calculations follow the methodology outlined in the BIS Quarterly Review (2013). For further detail, see https://www.bis.org/publ/qtrpdf/r_qt1303z.htm","Bank of Mexico, Bank for International Settlements.",5B0,"Mexico - Central bank, assets, total, BIS-spliced, break-adjusted",,E,2021-07,4558.235,,F,A,
M,MX,B,XDC,MXN,B,,From January 1977 onwards: monthly financial statements. Before 1977: annual financial statements.,BIS-spliced,-,,3,9,,"This series is adjusted for breaks. Break-adjustment calculations follow the methodology outlined in the BIS Quarterly Review (2013). For further detail, see https://www.bis.org/publ/qtrpdf/r_qt1303z.htm","Bank of Mexico, Bank for International Settlements.",5B0,"Mexico - Central bank, assets, total, BIS-spliced, break-adjusted",,E,2021-08,4839.822,,F,A,
M,MX,B,XDC,MXN,B,,From January 1977 onwards: monthly financial statements. Before 1977: annual financial statements.,BIS-spliced,-,,3,9,,"This series is adjusted for breaks. Break-adjustment calculations follow the methodology outlined in the BIS Quarterly Review (2013). For further detail, see https://www.bis.org/publ/qtrpdf/r_qt1303z.htm","Bank of Mexico, Bank for International Settlements.",5B0,"Mexico - Central bank, assets, total, BIS-spliced, break-adjusted",,E,2021-09,4835.713,,F,A,
M,MX,B,XDC,MXN,B,,From January 1977 onwards: monthly financial statements. Before 1977: annual financial statements.,BIS-spliced,-,,3,9,,"This series is adjusted for breaks. Break-adjustment calculations follow the methodology outlined in the BIS Quarterly Review (2013). For further detail, see https://www.bis.org/publ/qtrpdf/r_qt1303z.htm","Bank of Mexico, Bank for International Settlements.",5B0,"Mexico - Central bank, assets, total, BIS-spliced, break-adjusted",,E,2021-10,4935.552,,F,A,
M,MX,B,XDC,MXN,B,,From January 1977 onwards: monthly financial statements. Before 1977: annual financial statements.,BIS-spliced,-,,3,9,,"This series is adjusted for breaks. Break-adjustment calculations follow the methodology outlined in the BIS Quarterly Review (2013). For further detail, see https://www.bis.org/publ/qtrpdf/r_qt1303z.htm","Bank of Mexico, Bank for International Settlements.",5B0,"Mexico - Central bank, assets, total, BIS-spliced, break-adjusted",,E,2021-11,5112.193,,F,A,
M,MX,B,XDC,MXN,B,,From January 1977 onwards: monthly financial statements. Before 1977: annual financial statements.,BIS-spliced,-,,3,9,,"This series is adjusted for breaks. Break-adjustment calculations follow the methodology outlined in the BIS Quarterly Review (2013). For further detail, see https://www.bis.org/publ/qtrpdf/r_qt1303z.htm","Bank of Mexico, Bank for International Settlements.",5B0,"Mexico - Central bank, assets, total, BIS-spliced, break-adjusted",,E,2021-12,4753.431,,F,A,
M,MX,B,XDC,MXN,B,,From January 1977 onwards: monthly financial statements. Before 1977: annual financial statements.,BIS-spliced,-,,3,9,,"This series is adjusted for breaks. Break-adjustment calculations follow the methodology outlined in the BIS Quarterly Review (2013). For further detail, see https://www.bis.org/publ/qtrpdf/r_qt1303z.htm","Bank of Mexico, Bank for International Settlements.",5B0,"Mexico - Central bank, assets, total, BIS-spliced, break-adjusted",,E,2022-01,4779.247,,F,A,
M,MX,B,XDC,MXN,B,,From January 1977 onwards: monthly financial statements. Before 1977: annual financial statements.,BIS-spliced,-,,3,9,,"This series is adjusted for breaks. Break-adjustment calculations follow the methodology outlined in the BIS Quarterly Review (2013). For further detail, see https://www.bis.org/publ/qtrpdf/r_qt1303z.htm","Bank of Mexico, Bank for International Settlements.",5B0,"Mexico - Central bank, assets, total, BIS-spliced, break-adjusted",,E,2022-02,4587.469,,F,A,
M,MX,B,XDC,MXN,B,,From January 1977 onwards: monthly financial statements. Before 1977: annual financial statements.,BIS-spliced,-,,3,9,,"This series is adjusted for breaks. Break-adjustment calculations follow the methodology outlined in the BIS Quarterly Review (2013). For further detail, see https://www.bis.org/publ/qtrpdf/r_qt1303z.htm","Bank of Mexico, Bank for International Settlements.",5B0,"Mexico - Central bank, assets, total, BIS-spliced, break-adjusted",,E,2022-03,4464.518,,F,A,
M,MX,B,XDC,MXN,B,,From January 1977 onwards: monthly financial statements. Before 1977: annual financial statements.,BIS-spliced,-,,3,9,,"This series is adjusted for breaks. Break-adjustment calculations follow the methodology outlined in the BIS Quarterly Review (2013). For further detail, see https://www.bis.org/publ/qtrpdf/r_qt1303z.htm","Bank of Mexico, Bank for International Settlements.",5B0,"Mexico - Central bank, assets, total, BIS-spliced, break-adjusted",,E,2022-04,4714.092,,F,A,
M,MX,B,XDC,MXN,B,,From January 1977 onwards: monthly financial statements. Before 1977: annual financial statements.,BIS-spliced,-,,3,9,,"This series is adjusted for breaks. Break-adjustment calculations follow the methodology outlined in the BIS Quarterly Review (2013). For further detail, see https://www.bis.org/publ/qtrpdf/r_qt1303z.htm","Bank of Mexico, Bank for International Settlements.",5B0,"Mexico - Central bank, assets, total, BIS-spliced, break-adjusted",,E,2022-05,4573.404,,F,A,
M,MX,B,XDC,MXN,B,,From January 1977 onwards: monthly financial statements. Before 1977: annual financial statements.,BIS-spliced,-,,3,9,,"This series is adjusted for breaks. Break-adjustment calculations follow the methodology outlined in the BIS Quarterly Review (2013). For further detail, see https://www.bis.org/publ/qtrpdf/r_qt1303z.htm","Bank of Mexico, Bank for International Settlements.",5B0,"Mexico - Central bank, assets, total, BIS-spliced, break-adjusted",,E,2022-06,4534.438,,F,A,
M,MX,B,XDC,MXN,B,,From January 1977 onwards: monthly financial statements. Before 1977: annual financial statements.,BIS-spliced,-,,3,9,,"This series is adjusted for breaks. Break-adjustment calculations follow the methodology outlined in the BIS Quarterly Review (2013). For further detail, see https://www.bis.org/publ/qtrpdf/r_qt1303z.htm","Bank of Mexico, Bank for International Settlements.",5B0,"Mexico - Central bank, assets, total, BIS-spliced, break-adjusted",,E,2022-07,4600.12,,F,A,
M,MX,B,XDC,MXN,B,,From January 1977 onwards: monthly financial statements. Before 1977: annual financial statements.,BIS-spliced,-,,3,9,,"This series is adjusted for breaks. Break-adjustment calculations follow the methodology outlined in the BIS Quarterly Review (2013). For further detail, see https://www.bis.org/publ/qtrpdf/r_qt1303z.htm","Bank of Mexico, Bank for International Settlements.",5B0,"Mexico - Central bank, assets, total, BIS-spliced, break-adjusted",,E,2022-08,4644.313,,F,A,
M,MX,B,XDC,MXN,B,,From January 1977 onwards: monthly financial statements. Before 1977: annual financial statements.,BIS-spliced,-,,3,9,,"This series is adjusted for breaks. Break-adjustment calculations follow the methodology outlined in the BIS Quarterly Review (2013). For further detail, see https://www.bis.org/publ/qtrpdf/r_qt1303z.htm","Bank of Mexico, Bank for International Settlements.",5B0,"Mexico - Central bank, assets, total, BIS-spliced, break-adjusted",,E,2022-09,4668.755,,F,A,
M,MX,B,XDC,MXN,B,,From January 1977 onwards: monthly financial statements. Before 1977: annual financial statements.,BIS-spliced,-,,3,9,,"This series is adjusted for breaks. Break-adjustment calculations follow the methodology outlined in the BIS Quarterly Review (2013). For further detail, see https://www.bis.org/publ/qtrpdf/r_qt1303z.htm","Bank of Mexico, Bank for International Settlements.",5B0,"Mexico - Central bank, assets, total, BIS-spliced, break-adjusted",,E,2022-10,4498.068,,F,A,
M,MX,B,XDC,MXN,B,,From January 1977 onwards: monthly financial statements. Before 1977: annual financial statements.,BIS-spliced,-,,3,9,,"This series is adjusted for breaks. Break-adjustment calculations follow the methodology outlined in the BIS Quarterly Review (2013). For further detail, see https://www.bis.org/publ/qtrpdf/r_qt1303z.htm","Bank of Mexico, Bank for International Settlements.",5B0,"Mexico - Central bank, assets, total, BIS-spliced, break-adjusted",,E,2022-11,4449.09,,F,A,
M,MX,B,XDC,MXN,B,,From January 1977 onwards: monthly financial statements. Before 1977: annual financial statements.,BIS-spliced,-,,3,9,,"This series is adjusted for breaks. Break-adjustment calculations follow the methodology outlined in the BIS Quarterly Review (2013). For further detail, see https://www.bis.org/publ/qtrpdf/r_qt1303z.htm","Bank of Mexico, Bank for International Settlements.",5B0,"Mexico - Central bank, assets, total, BIS-spliced, break-adjusted",,E,2022-12,4375.392,,F,A,
M,MX,B,XDC,MXN,B,,From January 1977 onwards: monthly financial statements. Before 1977: annual financial statements.,BIS-spliced,-,,3,9,,"This series is adjusted for breaks. Break-adjustment calculations follow the methodology outlined in the BIS Quarterly Review (2013). For further detail, see https://www.bis.org/publ/qtrpdf/r_qt1303z.htm","Bank of Mexico, Bank for International Settlements.",5B0,"Mexico - Central bank, assets, total, BIS-spliced, break-adjusted",,E,2023-01,4396.79,,F,A,
M,MX,B,XDC,MXN,B,,From January 1977 onwards: monthly financial statements. Before 1977: annual financial statements.,BIS-spliced,-,,3,9,,"This series is adjusted for breaks. Break-adjustment calculations follow the methodology outlined in the BIS Quarterly Review (2013). For further detail, see https://www.bis.org/publ/qtrpdf/r_qt1303z.htm","Bank of Mexico, Bank for International Settlements.",5B0,"Mexico - Central bank, assets, total, BIS-spliced, break-adjusted",,E,2023-02,4332.604,,F,A,
M,MX,B,XDC,MXN,B,,From January 1977 onwards: monthly financial statements. Before 1977: annual financial statements.,BIS-spliced,-,,3,9,,"This series is adjusted for breaks. Break-adjustment calculations follow the methodology outlined in the BIS Quarterly Review (2013). For further detail, see https://www.bis.org/publ/qtrpdf/r_qt1303z.htm","Bank of Mexico, Bank for International Settlements.",5B0,"Mexico - Central bank, assets, total, BIS-spliced, break-adjusted",,E,2023-03,4240.627,,F,A,
M,MX,B,XDC,MXN,B,,From January 1977 onwards: monthly financial statements. Before 1977: annual financial statements.,BIS-spliced,-,,3,9,,"This series is adjusted for breaks. Break-adjustment calculations follow the methodology outlined in the BIS Quarterly Review (2013). For further detail, see https://www.bis.org/publ/qtrpdf/r_qt1303z.htm","Bank of Mexico, Bank for International Settlements.",5B0,"Mexico - Central bank, assets, total, BIS-spliced, break-adjusted",,E,2023-04,4510.297,,F,A,
M,MX,B,XDC,MXN,B,,From January 1977 onwards: monthly financial statements. Before 1977: annual financial statements.,BIS-spliced,-,,3,9,,"This series is adjusted for breaks. Break-adjustment calculations follow the methodology outlined in the BIS Quarterly Review (2013). For further detail, see https://www.bis.org/publ/qtrpdf/r_qt1303z.htm","Bank of Mexico, Bank for International Settlements.",5B0,"Mexico - Central bank, assets, total, BIS-spliced, break-adjusted",,E,2023-05,4533.745,,F,A,
M,MX,B,XDC,MXN,B,,From January 1977 onwards: monthly financial statements. Before 1977: annual financial statements.,BIS-spliced,-,,3,9,,"This series is adjusted for breaks. Break-adjustment calculations follow the methodology outlined in the BIS Quarterly Review (2013). For further detail, see https://www.bis.org/publ/qtrpdf/r_qt1303z.htm","Bank of Mexico, Bank for International Settlements.",5B0,"Mexico - Central bank, assets, total, BIS-spliced, break-adjusted",,E,2023-06,4056.975,,F,A,
M,MX,B,XDC,MXN,B,,From January 1977 onwards: monthly financial statements. Before 1977: annual financial statements.,BIS-spliced,-,,3,9,,"This series is adjusted for breaks. Break-adjustment calculations follow the methodology outlined in the BIS Quarterly Review (2013). For further detail, see https://www.bis.org/publ/qtrpdf/r_qt1303z.htm","Bank of Mexico, Bank for International Settlements.",5B0,"Mexico - Central bank, assets, total, BIS-spliced, break-adjusted",,E,2023-07,3928.455,,F,A,
M,MX,B,XDC,MXN,B,,From January 1977 onwards: monthly financial statements. Before 1977: annual financial statements.,BIS-spliced,-,,3,9,,"This series is adjusted for breaks. Break-adjustment calculations follow the methodology outlined in the BIS Quarterly Review (2013). For further detail, see https://www.bis.org/publ/qtrpdf/r_qt1303z.htm","Bank of Mexico, Bank for International Settlements.",5B0,"Mexico - Central bank, assets, total, BIS-spliced, break-adjusted",,E,2023-08,3998.12,,F,A,
M,MX,B,XDC,MXN,B,,From January 1977 onwards: monthly financial statements. Before 1977: annual financial statements.,BIS-spliced,-,,3,9,,"This series is adjusted for breaks. Break-adjustment calculations follow the methodology outlined in the BIS Quarterly Review (2013). For further detail, see https://www.bis.org/publ/qtrpdf/r_qt1303z.htm","Bank of Mexico, Bank for International Settlements.",5B0,"Mexico - Central bank, assets, total, BIS-spliced, break-adjusted",,E,2023-09,4200.981,,F,A,
M,MX,B,XDC,MXN,B,,From January 1977 onwards: monthly financial statements. Before 1977: annual financial statements.,BIS-spliced,-,,3,9,,"This series is adjusted for breaks. Break-adjustment calculations follow the methodology outlined in the BIS Quarterly Review (2013). For further detail, see https://www.bis.org/publ/qtrpdf/r_qt1303z.htm","Bank of Mexico, Bank for International Settlements.",5B0,"Mexico - Central bank, assets, total, BIS-spliced, break-adjusted",,E,2023-10,4325.511,,F,A,
M,MX,B,XDC,MXN,B,,From January 1977 onwards: monthly financial statements. Before 1977: annual financial statements.,BIS-spliced,-,,3,9,,"This series is adjusted for breaks. Break-adjustment calculations follow the methodology outlined in the BIS Quarterly Review (2013). For further detail, see https://www.bis.org/publ/qtrpdf/r_qt1303z.htm","Bank of Mexico, Bank for International Settlements.",5B0,"Mexico - Central bank, assets, total, BIS-spliced, break-adjusted",,E,2023-11,4119.062,,F,A,
M,MX,B,XDC,MXN,B,,From January 1977 onwards: monthly financial statements. Before 1977: annual financial statements.,BIS-spliced,-,,3,9,,"This series is adjusted for breaks. Break-adjustment calculations follow the methodology outlined in the BIS Quarterly Review (2013). For further detail, see https://www.bis.org/publ/qtrpdf/r_qt1303z.htm","Bank of Mexico, Bank for International Settlements.",5B0,"Mexico - Central bank, assets, total, BIS-spliced, break-adjusted",,E,2023-12,4189.087,,F,A,
M,MX,B,XDC,MXN,B,,From January 1977 onwards: monthly financial statements. Before 1977: annual financial statements.,BIS-spliced,-,,3,9,,"This series is adjusted for breaks. Break-adjustment calculations follow the methodology outlined in the BIS Quarterly Review (2013). For further detail, see https://www.bis.org/publ/qtrpdf/r_qt1303z.htm","Bank of Mexico, Bank for International Settlements.",5B0,"Mexico - Central bank, assets, total, BIS-spliced, break-adjusted",,E,2024-01,4290.674,,F,A,
M,MX,B,XDC,MXN,B,,From January 1977 onwards: monthly financial statements. Before 1977: annual financial statements.,BIS-spliced,-,,3,9,,"This series is adjusted for breaks. Break-adjustment calculations follow the methodology outlined in the BIS Quarterly Review (2013). For further detail, see https://www.bis.org/publ/qtrpdf/r_qt1303z.htm","Bank of Mexico, Bank for International Settlements.",5B0,"Mexico - Central bank, assets, total, BIS-spliced, break-adjusted",,E,2024-02,4149.549,,F,A,
M,MX,B,XDC,MXN,B,,From January 1977 onwards: monthly financial statements. Before 1977: annual financial statements.,BIS-spliced,-,,3,9,,"This series is adjusted for breaks. Break-adjustment calculations follow the methodology outlined in the BIS Quarterly Review (2013). For further detail, see https://www.bis.org/publ/qtrpdf/r_qt1303z.htm","Bank of Mexico, Bank for International Settlements.",5B0,"Mexico - Central bank, assets, total, BIS-spliced, break-adjusted",,E,2024-03,4228.358,,F,A,
M,MX,B,XDC,MXN,B,,From January 1977 onwards: monthly financial statements. Before 1977: annual financial statements.,BIS-spliced,-,,3,9,,"This series is adjusted for breaks. Break-adjustment calculations follow the methodology outlined in the BIS Quarterly Review (2013). For further detail, see https://www.bis.org/publ/qtrpdf/r_qt1303z.htm","Bank of Mexico, Bank for International Settlements.",5B0,"Mexico - Central bank, assets, total, BIS-spliced, break-adjusted",,E,2024-04,4323.545,,F,A,
M,MX,B,XDC,MXN,B,,From January 1977 onwards: monthly financial statements. Before 1977: annual financial statements.,BIS-spliced,-,,3,9,,"This series is adjusted for breaks. Break-adjustment calculations follow the methodology outlined in the BIS Quarterly Review (2013). For further detail, see https://www.bis.org/publ/qtrpdf/r_qt1303z.htm","Bank of Mexico, Bank for International Settlements.",5B0,"Mexico - Central bank, assets, total, BIS-spliced, break-adjusted",,E,2024-05,4351.636,,F,A,
M,MX,B,XDC,MXN,B,,From January 1977 onwards: monthly financial statements. Before 1977: annual financial statements.,BIS-spliced,-,,3,9,,"This series is adjusted for breaks. Break-adjustment calculations follow the methodology outlined in the BIS Quarterly Review (2013). For further detail, see https://www.bis.org/publ/qtrpdf/r_qt1303z.htm","Bank of Mexico, Bank for International Settlements.",5B0,"Mexico - Central bank, assets, total, BIS-spliced, break-adjusted",,E,2024-06,4572.502,,F,A,
M,MX,B,XDC,MXN,B,,From January 1977 onwards: monthly financial statements. Before 1977: annual financial statements.,BIS-spliced,-,,3,9,,"This series is adjusted for breaks. Break-adjustment calculations follow the methodology outlined in the BIS Quarterly Review (2013). For further detail, see https://www.bis.org/publ/qtrpdf/r_qt1303z.htm","Bank of Mexico, Bank for International Settlements.",5B0,"Mexico - Central bank, assets, total, BIS-spliced, break-adjusted",,E,2024-07,4810.318,,F,A,
M,MX,B,XDC,MXN,B,,From January 1977 onwards: monthly financial statements. Before 1977: annual financial statements.,BIS-spliced,-,,3,9,,"This series is adjusted for breaks. Break-adjustment calculations follow the methodology outlined in the BIS Quarterly Review (2013). For further detail, see https://www.bis.org/publ/qtrpdf/r_qt1303z.htm","Bank of Mexico, Bank for International Settlements.",5B0,"Mexico - Central bank, assets, total, BIS-spliced, break-adjusted",,E,2024-08,5276.287,,F,A,
M,MX,B,XDC,MXN,B,,From January 1977 onwards: monthly financial statements. Before 1977: annual financial statements.,BIS-spliced,-,,3,9,,"This series is adjusted for breaks. Break-adjustment calculations follow the methodology outlined in the BIS Quarterly Review (2013). For further detail, see https://www.bis.org/publ/qtrpdf/r_qt1303z.htm","Bank of Mexico, Bank for International Settlements.",5B0,"Mexico - Central bank, assets, total, BIS-spliced, break-adjusted",,E,2024-09,5188.057,,F,A,
M,MX,B,XDC,MXN,B,,From January 1977 onwards: monthly financial statements. Before 1977: annual financial statements.,BIS-spliced,-,,3,9,,"This series is adjusted for breaks. Break-adjustment calculations follow the methodology outlined in the BIS Quarterly Review (2013). For further detail, see https://www.bis.org/publ/qtrpdf/r_qt1303z.htm","Bank of Mexico, Bank for International Settlements.",5B0,"Mexico - Central bank, assets, total, BIS-spliced, break-adjusted",,E,2024-10,5344.816,,F,A,
M,MX,B,XDC,MXN,B,,From January 1977 onwards: monthly financial statements. Before 1977: annual financial statements.,BIS-spliced,-,,3,9,,"This series is adjusted for breaks. Break-adjustment calculations follow the methodology outlined in the BIS Quarterly Review (2013). For further detail, see https://www.bis.org/publ/qtrpdf/r_qt1303z.htm","Bank of Mexico, Bank for International Settlements.",5B0,"Mexico - Central bank, assets, total, BIS-spliced, break-adjusted",,E,2024-11,5556.916,,F,A,
M,MX,B,XDC,MXN,B,,From January 1977 onwards: monthly financial statements. Before 1977: annual financial statements.,BIS-spliced,-,,3,9,,"This series is adjusted for breaks. Break-adjustment calculations follow the methodology outlined in the BIS Quarterly Review (2013). For further detail, see https://www.bis.org/publ/qtrpdf/r_qt1303z.htm","Bank of Mexico, Bank for International Settlements.",5B0,"Mexico - Central bank, assets, total, BIS-spliced, break-adjusted",,E,2024-12,5554.727,,F,A,
M,MX,B,XDC,MXN,B,,From January 1977 onwards: monthly financial statements. Before 1977: annual financial statements.,BIS-spliced,-,,3,9,,"This series is adjusted for breaks. Break-adjustment calculations follow the methodology outlined in the BIS Quarterly Review (2013). For further detail, see https://www.bis.org/publ/qtrpdf/r_qt1303z.htm","Bank of Mexico, Bank for International Settlements.",5B0,"Mexico - Central bank, assets, total, BIS-spliced, break-adjusted",,E,2025-01,5480.826,,F,A,
M,MX,B,XDC,MXN,B,,From January 1977 onwards: monthly financial statements. Before 1977: annual financial statements.,BIS-spliced,-,,3,9,,"This series is adjusted for breaks. Break-adjustment calculations follow the methodology outlined in the BIS Quarterly Review (2013). For further detail, see https://www.bis.org/publ/qtrpdf/r_qt1303z.htm","Bank of Mexico, Bank for International Settlements.",5B0,"Mexico - Central bank, assets, total, BIS-spliced, break-adjusted",,E,2025-02,5502.886,,F,A,
M,MX,B,XDC,MXN,B,,From January 1977 onwards: monthly financial statements. Before 1977: annual financial statements.,BIS-spliced,-,,3,9,,"This series is adjusted for breaks. Break-adjustment calculations follow the methodology outlined in the BIS Quarterly Review (2013). For further detail, see https://www.bis.org/publ/qtrpdf/r_qt1303z.htm","Bank of Mexico, Bank for International Settlements.",5B0,"Mexico - Central bank, assets, total, BIS-spliced, break-adjusted",,E,2025-03,5418.927,,F,A,
M,MX,B,XDC,MXN,B,,From January 1977 onwards: monthly financial statements. Before 1977: annual financial statements.,BIS-spliced,-,,3,9,,"This series is adjusted for breaks. Break-adjustment calculations follow the methodology outlined in the BIS Quarterly Review (2013). For further detail, see https://www.bis.org/publ/qtrpdf/r_qt1303z.htm","Bank of Mexico, Bank for International Settlements.",5B0,"Mexico - Central bank, assets, total, BIS-spliced, break-adjusted",,E,2025-04,5434.423,,F,A,
M,MX,B,XDC,MXN,B,,From January 1977 onwards: monthly financial statements. Before 1977: annual financial statements.,BIS-spliced,-,,3,9,,"This series is adjusted for breaks. Break-adjustment calculations follow the methodology outlined in the BIS Quarterly Review (2013). For further detail, see https://www.bis.org/publ/qtrpdf/r_qt1303z.htm","Bank of Mexico, Bank for International Settlements.",5B0,"Mexico - Central bank, assets, total, BIS-spliced, break-adjusted",,E,2025-05,5344.062,,F,A,
M,MX,B,XDC,MXN,B,,From January 1977 onwards: monthly financial statements. Before 1977: annual financial statements.,BIS-spliced,-,,3,9,,"This series is adjusted for breaks. Break-adjustment calculations follow the methodology outlined in the BIS Quarterly Review (2013). For further detail, see https://www.bis.org/publ/qtrpdf/r_qt1303z.htm","Bank of Mexico, Bank for International Settlements.",5B0,"Mexico - Central bank, assets, total, BIS-spliced, break-adjusted",,E,2025-06,5325.364,,F,A,
M,MX,B,XDC,MXN,B,,From January 1977 onwards: monthly financial statements. Before 1977: annual financial statements.,BIS-spliced,-,,3,9,,"This series is adjusted for breaks. Break-adjustment calculations follow the methodology outlined in the BIS Quarterly Review (2013). For further detail, see https://www.bis.org/publ/qtrpdf/r_qt1303z.htm","Bank of Mexico, Bank for International Settlements.",5B0,"Mexico - Central bank, assets, total, BIS-spliced, break-adjusted",,E,2025-07,5277.936,,F,A,
M,MX,B,XDC,MXN,B,,From January 1977 onwards: monthly financial statements. Before 1977: annual financial statements.,BIS-spliced,-,,3,9,,"This series is adjusted for breaks. Break-adjustment calculations follow the methodology outlined in the BIS Quarterly Review (2013). For further detail, see https://www.bis.org/publ/qtrpdf/r_qt1303z.htm","Bank of Mexico, Bank for International Settlements.",5B0,"Mexico - Central bank, assets, total, BIS-spliced, break-adjusted",,E,2025-08,5405.696,,F,A,
M,MX,B,XDC,MXN,B,,From January 1977 onwards: monthly financial statements. Before 1977: annual financial statements.,BIS-spliced,-,,3,9,,"This series is adjusted for breaks. Break-adjustment calculations follow the methodology outlined in the BIS Quarterly Review (2013). For further detail, see https://www.bis.org/publ/qtrpdf/r_qt1303z.htm","Bank of Mexico, Bank for International Settlements.",5B0,"Mexico - Central bank, assets, total, BIS-spliced, break-adjusted",,E,2025-09,5420.19,,F,A,
M,MX,B,XDC,MXN,B,,From January 1977 onwards: monthly financial statements. Before 1977: annual financial statements.,BIS-spliced,-,,3,9,,"This series is adjusted for breaks. Break-adjustment calculations follow the methodology outlined in the BIS Quarterly Review (2013). For further detail, see https://www.bis.org/publ/qtrpdf/r_qt1303z.htm","Bank of Mexico, Bank for International Settlements.",5B0,"Mexico - Central bank, assets, total, BIS-spliced, break-adjusted",,E,2025-10,5414.263,,F,A,
M,MX,B,XDC,MXN,B,,From January 1977 onwards: monthly financial statements. Before 1977: annual financial statements.,BIS-spliced,-,,3,9,,"This series is adjusted for breaks. Break-adjustment calculations follow the methodology outlined in the BIS Quarterly Review (2013). For further detail, see https://www.bis.org/publ/qtrpdf/r_qt1303z.htm","Bank of Mexico, Bank for International Settlements.",5B0,"Mexico - Central bank, assets, total, BIS-spliced, break-adjusted",,E,2025-11,5487.077,,F,A,
M,MX,B,XDC,MXN,B,,From January 1977 onwards: monthly financial statements. Before 1977: annual financial statements.,BIS-spliced,-,,3,9,,"This series is adjusted for breaks. Break-adjustment calculations follow the methodology outlined in the BIS Quarterly Review (2013). For further detail, see https://www.bis.org/publ/qtrpdf/r_qt1303z.htm","Bank of Mexico, Bank for International Settlements.",5B0,"Mexico - Central bank, assets, total, BIS-spliced, break-adjusted",,E,2025-12,5424.292,,F,A,
M,MX,B,XDC,MXN,B,,From January 1977 onwards: monthly financial statements. Before 1977: annual financial statements.,BIS-spliced,-,,3,9,,"This series is adjusted for breaks. Break-adjustment calculations follow the methodology outlined in the BIS Quarterly Review (2013). For further detail, see https://www.bis.org/publ/qtrpdf/r_qt1303z.htm","Bank of Mexico, Bank for International Settlements.",5B0,"Mexico - Central bank, assets, total, BIS-spliced, break-adjusted",,E,2026-01,5377.558,,F,A,
M,MX,B,XDC,MXN,B,,From January 1977 onwards: monthly financial statements. Before 1977: annual financial statements.,BIS-spliced,-,,3,9,,"This series is adjusted for breaks. Break-adjustment calculations follow the methodology outlined in the BIS Quarterly Review (2013). For further detail, see https://www.bis.org/publ/qtrpdf/r_qt1303z.htm","Bank of Mexico, Bank for International Settlements.",5B0,"Mexico - Central bank, assets, total, BIS-spliced, break-adjusted",,E,2026-02,5283.002,,F,A,
M,MX,B,XDC,MXN,B,,From January 1977 onwards: monthly financial statements. Before 1977: annual financial statements.,BIS-spliced,-,,3,9,,"This series is adjusted for breaks. Break-adjustment calculations follow the methodology outlined in the BIS Quarterly Review (2013). For further detail, see https://www.bis.org/publ/qtrpdf/r_qt1303z.htm","Bank of Mexico, Bank for International Settlements.",5B0,"Mexico - Central bank, assets, total, BIS-spliced, break-adjusted",,E,2026-03,5224.127,,F,A,
M,MX,B,XDC,MXN,B,,From January 1977 onwards: monthly financial statements. Before 1977: annual financial statements.,BIS-spliced,-,,3,9,,"This series is adjusted for breaks. Break-adjustment calculations follow the methodology outlined in the BIS Quarterly Review (2013). For further detail, see https://www.bis.org/publ/qtrpdf/r_qt1303z.htm","Bank of Mexico, Bank for International Settlements.",5B0,"Mexico - Central bank, assets, total, BIS-spliced, break-adjusted",,E,2026-04,5100.679,,F,A,
M,MX,B,XDC,MXN,B,,From January 1977 onwards: monthly financial statements. Before 1977: annual financial statements.,BIS-spliced,-,,3,9,,"This series is adjusted for breaks. Break-adjustment calculations follow the methodology outlined in the BIS Quarterly Review (2013). For further detail, see https://www.bis.org/publ/qtrpdf/r_qt1303z.htm","Bank of Mexico, Bank for International Settlements.",5B0,"Mexico - Central bank, assets, total, BIS-spliced, break-adjusted",,E,2026-05,5104.714,,F,A,
M,MX,B,XDC,MXN,B,,From January 1977 onwards: monthly financial statements. Before 1977: annual financial statements.,BIS-spliced,-,,3,9,,"This series is adjusted for breaks. Break-adjustment calculations follow the methodology outlined in the BIS Quarterly Review (2013). For further detail, see https://www.bis.org/publ/qtrpdf/r_qt1303z.htm","Bank of Mexico, Bank for International Settlements.",5B0,"Mexico - Central bank, assets, total, BIS-spliced, break-adjusted",,E,2026-06,4940.807,,F,A,
M,MX,B,XDC,MXN,B,,From January 1977 onwards: monthly financial statements. Before 1977: annual financial statements.,BIS-spliced,-,,3,9,,"This series is adjusted for breaks. Break-adjustment calculations follow the methodology outlined in the BIS Quarterly Review (2013). For further detail, see https://www.bis.org/publ/qtrpdf/r_qt1303z.htm","Bank of Mexico, Bank for International Settlements.",5B0,"Mexico - Central bank, assets, total, BIS-spliced, break-adjusted",,E,2026-07,5099.638,,F,A,
M,MX,B,XDC,MXN,N,,From January 1977 onwards: monthly financial statements. Before 1977: annual financial statements.,BIS-spliced,,,3,9,,Annual: 1977.,"Bank of Mexico, Bank for International Settlements.",5B0,"Mexico - Central bank, assets, total, BIS-spliced",,E,1977-01,0.177083473,,F,A,
M,MX,B,XDC,MXN,N,,From January 1977 onwards: monthly financial statements. Before 1977: annual financial statements.,BIS-spliced,,,3,9,,Annual: 1977.,"Bank of Mexico, Bank for International Settlements.",5B0,"Mexico - Central bank, assets, total, BIS-spliced",,E,1977-02,0.174205055,,F,A,
M,MX,B,XDC,MXN,N,,From January 1977 onwards: monthly financial statements. Before 1977: annual financial statements.,BIS-spliced,,,3,9,,Annual: 1977.,"Bank of Mexico, Bank for International Settlements.",5B0,"Mexico - Central bank, assets, total, BIS-spliced",,E,1977-03,0.172671439,,F,A,
M,MX,B,XDC,MXN,N,,From January 1977 onwards: monthly financial statements. Before 1977: annual financial statements.,BIS-spliced,,,3,9,,Annual: 1977.,"Bank of Mexico, Bank for International Settlements.",5B0,"Mexico - Central bank, assets, total, BIS-spliced",,E,1977-04,0.184297675,,F,A,
M,MX,B,XDC,MXN,N,,From January 1977 onwards: monthly financial statements. Before 1977: annual financial statements.,BIS-spliced,,,3,9,,Annual: 1977.,"Bank of Mexico, Bank for International Settlements.",5B0,"Mexico - Central bank, assets, total, BIS-spliced",,E,1977-05,0.197748168,,F,A,
M,MX,B,XDC,MXN,N,,From January 1977 onwards: monthly financial statements. Before 1977: annual financial statements.,BIS-spliced,,,3,9,,Annual: 1977.,"Bank of Mexico, Bank for International Settlements.",5B0,"Mexico - Central bank, assets, total, BIS-spliced",,E,1977-06,0.202618284,,F,A,
M,MX,B,XDC,MXN,N,,From January 1977 onwards: monthly financial statements. Before 1977: annual financial statements.,BIS-spliced,,,3,9,,Annual: 1977.,"Bank of Mexico, Bank for International Settlements.",5B0,"Mexico - Central bank, assets, total, BIS-spliced",,E,1977-07,0.207788874,,F,A,
M,MX,B,XDC,MXN,N,,From January 1977 onwards: monthly financial statements. Before 1977: annual financial statements.,BIS-spliced,,,3,9,,Annual: 1977.,"Bank of Mexico, Bank for International Settlements.",5B0,"Mexico - Central bank, assets, total, BIS-spliced",,E,1977-08,0.211384676,,F,A,
M,MX,B,XDC,MXN,N,,From January 1977 onwards: monthly financial statements. Before 1977: annual financial statements.,BIS-spliced,,,3,9,,Annual: 1977.,"Bank of Mexico, Bank for International Settlements.",5B0,"Mexico - Central bank, assets, total, BIS-spliced",,E,1977-09,0.207332101,,F,A,
M,MX,B,XDC,MXN,N,,From January 1977 onwards: monthly financial statements. Before 1977: annual financial statements.,BIS-spliced,,,3,9,,Annual: 1977.,"Bank of Mexico, Bank for International Settlements.",5B0,"Mexico - Central bank, assets, total, BIS-spliced",,E,1977-10,0.214372977,,F,A,
M,MX,B,XDC,MXN,N,,From January 1977 onwards: monthly financial statements. Before 1977: annual financial statements.,BIS-spliced,,,3,9,,Annual: 1977.,"Bank of Mexico, Bank for International Settlements.",5B0,"Mexico - Central bank, assets, total, BIS-spliced",,E,1977-11,0.223161793,,F,A,
M,MX,B,XDC,MXN,N,,From January 1977 onwards: monthly financial statements. Before 1977: annual financial statements.,BIS-spliced,,,3,9,,Annual: 1977.,"Bank of Mexico, Bank for International Settlements.",5B0,"Mexico - Central bank, assets, total, BIS-spliced",,E,1977-12,0.246559023,,F,A,
M,MX,B,XDC,MXN,N,,From January 1977 onwards: monthly financial statements. Before 1977: annual financial statements.,BIS-spliced,,,3,9,,Annual: 1977.,"Bank of Mexico, Bank for International Settlements.",5B0,"Mexico - Central bank, assets, total, BIS-spliced",,E,1978-01,0.24441082,,F,A,
M,MX,B,XDC,MXN,N,,From January 1977 onwards: monthly financial statements. Before 1977: annual financial statements.,BIS-spliced,,,3,9,,Annual: 1977.,"Bank of Mexico, Bank for International Settlements.",5B0,"Mexico - Central bank, assets, total, BIS-spliced",,E,1978-02,0.249893102,,F,A,
M,MX,B,XDC,MXN,N,,From January 1977 onwards: monthly financial statements. Before 1977: annual financial statements.,BIS-spliced,,,3,9,,Annual: 1977.,"Bank of Mexico, Bank for International Settlements.",5B0,"Mexico - Central bank, assets, total, BIS-spliced",,E,1978-03,0.240603818,,F,A,
M,MX,B,XDC,MXN,N,,From January 1977 onwards: monthly financial statements. Before 1977: annual financial statements.,BIS-spliced,,,3,9,,Annual: 1977.,"Bank of Mexico, Bank for International Settlements.",5B0,"Mexico - Central bank, assets, total, BIS-spliced",,E,1978-04,0.251298852,,F,A,
M,MX,B,XDC,MXN,N,,From January 1977 onwards: monthly financial statements. Before 1977: annual financial statements.,BIS-spliced,,,3,9,,Annual: 1977.,"Bank of Mexico, Bank for International Settlements.",5B0,"Mexico - Central bank, assets, total, BIS-spliced",,E,1978-05,0.265366904,,F,A,
M,MX,B,XDC,MXN,N,,From January 1977 onwards: monthly financial statements. Before 1977: annual financial statements.,BIS-spliced,,,3,9,,Annual: 1977.,"Bank of Mexico, Bank for International Settlements.",5B0,"Mexico - Central bank, assets, total, BIS-spliced",,E,1978-06,0.260909162,,F,A,
M,MX,B,XDC,MXN,N,,From January 1977 onwards: monthly financial statements. Before 1977: annual financial statements.,BIS-spliced,,,3,9,,Annual: 1977.,"Bank of Mexico, Bank for International Settlements.",5B0,"Mexico - Central bank, assets, total, BIS-spliced",,E,1978-07,0.270434678,,F,A,
M,MX,B,XDC,MXN,N,,From January 1977 onwards: monthly financial statements. Before 1977: annual financial statements.,BIS-spliced,,,3,9,,Annual: 1977.,"Bank of Mexico, Bank for International Settlements.",5B0,"Mexico - Central bank, assets, total, BIS-spliced",,E,1978-08,0.28371265,,F,A,
M,MX,B,XDC,MXN,N,,From January 1977 onwards: monthly financial statements. Before 1977: annual financial statements.,BIS-spliced,,,3,9,,Annual: 1977.,"Bank of Mexico, Bank for International Settlements.",5B0,"Mexico - Central bank, assets, total, BIS-spliced",,E,1978-09,0.284826008,,F,A,
M,MX,B,XDC,MXN,N,,From January 1977 onwards: monthly financial statements. Before 1977: annual financial statements.,BIS-spliced,,,3,9,,Annual: 1977.,"Bank of Mexico, Bank for International Settlements.",5B0,"Mexico - Central bank, assets, total, BIS-spliced",,E,1978-10,0.287887028,,F,A,
M,MX,B,XDC,MXN,N,,From January 1977 onwards: monthly financial statements. Before 1977: annual financial statements.,BIS-spliced,,,3,9,,Annual: 1977.,"Bank of Mexico, Bank for International Settlements.",5B0,"Mexico - Central bank, assets, total, BIS-spliced",,E,1978-11,0.31514566,,F,A,
M,MX,B,XDC,MXN,N,,From January 1977 onwards: monthly financial statements. Before 1977: annual financial statements.,BIS-spliced,,,3,9,,Annual: 1977.,"Bank of Mexico, Bank for International Settlements.",5B0,"Mexico - Central bank, assets, total, BIS-spliced",,E,1978-12,0.356401116,,F,A,
M,MX,B,XDC,MXN,N,,From January 1977 onwards: monthly financial statements. Before 1977: annual financial statements.,BIS-spliced,,,3,9,,Annual: 1977.,"Bank of Mexico, Bank for International Settlements.",5B0,"Mexico - Central bank, assets, total, BIS-spliced",,E,1979-01,0.354721543,,F,A,
M,MX,B,XDC,MXN,N,,From January 1977 onwards: monthly financial statements. Before 1977: annual financial statements.,BIS-spliced,,,3,9,,Annual: 1977.,"Bank of Mexico, Bank for International Settlements.",5B0,"Mexico - Central bank, assets, total, BIS-spliced",,E,1979-02,0.378663236,,F,A,
M,MX,B,XDC,MXN,N,,From January 1977 onwards: monthly financial statements. Before 1977: annual financial statements.,BIS-spliced,,,3,9,,Annual: 1977.,"Bank of Mexico, Bank for International Settlements.",5B0,"Mexico - Central bank, assets, total, BIS-spliced",,E,1979-03,0.390029418,,F,A,
M,MX,B,XDC,MXN,N,,From January 1977 onwards: monthly financial statements. Before 1977: annual financial statements.,BIS-spliced,,,3,9,,Annual: 1977.,"Bank of Mexico, Bank for International Settlements.",5B0,"Mexico - Central bank, assets, total, BIS-spliced",,E,1979-04,0.39496889,,F,A,
M,MX,B,XDC,MXN,N,,From January 1977 onwards: monthly financial statements. Before 1977: annual financial statements.,BIS-spliced,,,3,9,,Annual: 1977.,"Bank of Mexico, Bank for International Settlements.",5B0,"Mexico - Central bank, assets, total, BIS-spliced",,E,1979-05,0.388753177,,F,A,
M,MX,B,XDC,MXN,N,,From January 1977 onwards: monthly financial statements. Before 1977: annual financial statements.,BIS-spliced,,,3,9,,Annual: 1977.,"Bank of Mexico, Bank for International Settlements.",5B0,"Mexico - Central bank, assets, total, BIS-spliced",,E,1979-06,0.379626605,,F,A,
M,MX,B,XDC,MXN,N,,From January 1977 onwards: monthly financial statements. Before 1977: annual financial statements.,BIS-spliced,,,3,9,,Annual: 1977.,"Bank of Mexico, Bank for International Settlements.",5B0,"Mexico - Central bank, assets, total, BIS-spliced",,E,1979-07,0.437945215,,F,A,
M,MX,B,XDC,MXN,N,,From January 1977 onwards: monthly financial statements. Before 1977: annual financial statements.,BIS-spliced,,,3,9,,Annual: 1977.,"Bank of Mexico, Bank for International Settlements.",5B0,"Mexico - Central bank, assets, total, BIS-spliced",,E,1979-08,0.431974685,,F,A,
M,MX,B,XDC,MXN,N,,From January 1977 onwards: monthly financial statements. Before 1977: annual financial statements.,BIS-spliced,,,3,9,,Annual: 1977.,"Bank of Mexico, Bank for International Settlements.",5B0,"Mexico - Central bank, assets, total, BIS-spliced",,E,1979-09,0.449278071,,F,A,
M,MX,B,XDC,MXN,N,,From January 1977 onwards: monthly financial statements. Before 1977: annual financial statements.,BIS-spliced,,,3,9,,Annual: 1977.,"Bank of Mexico, Bank for International Settlements.",5B0,"Mexico - Central bank, assets, total, BIS-spliced",,E,1979-10,0.458290933,,F,A,
M,MX,B,XDC,MXN,N,,From January 1977 onwards: monthly financial statements. Before 1977: annual financial statements.,BIS-spliced,,,3,9,,Annual: 1977.,"Bank of Mexico, Bank for International Settlements.",5B0,"Mexico - Central bank, assets, total, BIS-spliced",,E,1979-11,0.485564258,,F,A,
M,MX,B,XDC,MXN,N,,From January 1977 onwards: monthly financial statements. Before 1977: annual financial statements.,BIS-spliced,,,3,9,,Annual: 1977.,"Bank of Mexico, Bank for International Settlements.",5B0,"Mexico - Central bank, assets, total, BIS-spliced",,E,1979-12,0.51238471,,F,A,
M,MX,B,XDC,MXN,N,,From January 1977 onwards: monthly financial statements. Before 1977: annual financial statements.,BIS-spliced,,,3,9,,Annual: 1977.,"Bank of Mexico, Bank for International Settlements.",5B0,"Mexico - Central bank, assets, total, BIS-spliced",,E,1980-01,0.508137729,,F,A,
M,MX,B,XDC,MXN,N,,From January 1977 onwards: monthly financial statements. Before 1977: annual financial statements.,BIS-spliced,,,3,9,,Annual: 1977.,"Bank of Mexico, Bank for International Settlements.",5B0,"Mexico - Central bank, assets, total, BIS-spliced",,E,1980-02,0.512885049,,F,A,
M,MX,B,XDC,MXN,N,,From January 1977 onwards: monthly financial statements. Before 1977: annual financial statements.,BIS-spliced,,,3,9,,Annual: 1977.,"Bank of Mexico, Bank for International Settlements.",5B0,"Mexico - Central bank, assets, total, BIS-spliced",,E,1980-03,0.537877953,,F,A,
M,MX,B,XDC,MXN,N,,From January 1977 onwards: monthly financial statements. Before 1977: annual financial statements.,BIS-spliced,,,3,9,,Annual: 1977.,"Bank of Mexico, Bank for International Settlements.",5B0,"Mexico - Central bank, assets, total, BIS-spliced",,E,1980-04,0.545779437,,F,A,
M,MX,B,XDC,MXN,N,,From January 1977 onwards: monthly financial statements. Before 1977: annual financial statements.,BIS-spliced,,,3,9,,Annual: 1977.,"Bank of Mexico, Bank for International Settlements.",5B0,"Mexico - Central bank, assets, total, BIS-spliced",,E,1980-05,0.559294869,,F,A,
M,MX,B,XDC,MXN,N,,From January 1977 onwards: monthly financial statements. Before 1977: annual financial statements.,BIS-spliced,,,3,9,,Annual: 1977.,"Bank of Mexico, Bank for International Settlements.",5B0,"Mexico - Central bank, assets, total, BIS-spliced",,E,1980-06,0.575815701,,F,A,
M,MX,B,XDC,MXN,N,,From January 1977 onwards: monthly financial statements. Before 1977: annual financial statements.,BIS-spliced,,,3,9,,Annual: 1977.,"Bank of Mexico, Bank for International Settlements.",5B0,"Mexico - Central bank, assets, total, BIS-spliced",,E,1980-07,0.61100899,,F,A,
M,MX,B,XDC,MXN,N,,From January 1977 onwards: monthly financial statements. Before 1977: annual financial statements.,BIS-spliced,,,3,9,,Annual: 1977.,"Bank of Mexico, Bank for International Settlements.",5B0,"Mexico - Central bank, assets, total, BIS-spliced",,E,1980-08,0.615697667,,F,A,
M,MX,B,XDC,MXN,N,,From January 1977 onwards: monthly financial statements. Before 1977: annual financial statements.,BIS-spliced,,,3,9,,Annual: 1977.,"Bank of Mexico, Bank for International Settlements.",5B0,"Mexico - Central bank, assets, total, BIS-spliced",,E,1980-09,0.619258407,,F,A,
M,MX,B,XDC,MXN,N,,From January 1977 onwards: monthly financial statements. Before 1977: annual financial statements.,BIS-spliced,,,3,9,,Annual: 1977.,"Bank of Mexico, Bank for International Settlements.",5B0,"Mexico - Central bank, assets, total, BIS-spliced",,E,1980-10,0.638190727,,F,A,
M,MX,B,XDC,MXN,N,,From January 1977 onwards: monthly financial statements. Before 1977: annual financial statements.,BIS-spliced,,,3,9,,Annual: 1977.,"Bank of Mexico, Bank for International Settlements.",5B0,"Mexico - Central bank, assets, total, BIS-spliced",,E,1980-11,0.670339237,,F,A,
M,MX,B,XDC,MXN,N,,From January 1977 onwards: monthly financial statements. Before 1977: annual financial statements.,BIS-spliced,,,3,9,,Annual: 1977.,"Bank of Mexico, Bank for International Settlements.",5B0,"Mexico - Central bank, assets, total, BIS-spliced",,E,1980-12,0.722462561,,F,A,
M,MX,B,XDC,MXN,N,,From January 1977 onwards: monthly financial statements. Before 1977: annual financial statements.,BIS-spliced,,,3,9,,Annual: 1977.,"Bank of Mexico, Bank for International Settlements.",5B0,"Mexico - Central bank, assets, total, BIS-spliced",,E,1981-01,0.698912475,,F,A,
M,MX,B,XDC,MXN,N,,From January 1977 onwards: monthly financial statements. Before 1977: annual financial statements.,BIS-spliced,,,3,9,,Annual: 1977.,"Bank of Mexico, Bank for International Settlements.",5B0,"Mexico - Central bank, assets, total, BIS-spliced",,E,1981-02,0.73858933,,F,A,
M,MX,B,XDC,MXN,N,,From January 1977 onwards: monthly financial statements. Before 1977: annual financial statements.,BIS-spliced,,,3,9,,Annual: 1977.,"Bank of Mexico, Bank for International Settlements.",5B0,"Mexico - Central bank, assets, total, BIS-spliced",,E,1981-03,0.777205532,,F,A,
M,MX,B,XDC,MXN,N,,From January 1977 onwards: monthly financial statements. Before 1977: annual financial statements.,BIS-spliced,,,3,9,,Annual: 1977.,"Bank of Mexico, Bank for International Settlements.",5B0,"Mexico - Central bank, assets, total, BIS-spliced",,E,1981-04,0.80758156,,F,A,
M,MX,B,XDC,MXN,N,,From January 1977 onwards: monthly financial statements. Before 1977: annual financial statements.,BIS-spliced,,,3,9,,Annual: 1977.,"Bank of Mexico, Bank for International Settlements.",5B0,"Mexico - Central bank, assets, total, BIS-spliced",,E,1981-05,0.85050941,,F,A,
M,MX,B,XDC,MXN,N,,From January 1977 onwards: monthly financial statements. Before 1977: annual financial statements.,BIS-spliced,,,3,9,,Annual: 1977.,"Bank of Mexico, Bank for International Settlements.",5B0,"Mexico - Central bank, assets, total, BIS-spliced",,E,1981-06,0.876905886,,F,A,
M,MX,B,XDC,MXN,N,,From January 1977 onwards: monthly financial statements. Before 1977: annual financial statements.,BIS-spliced,,,3,9,,Annual: 1977.,"Bank of Mexico, Bank for International Settlements.",5B0,"Mexico - Central bank, assets, total, BIS-spliced",,E,1981-07,0.924829928,,F,A,
M,MX,B,XDC,MXN,N,,From January 1977 onwards: monthly financial statements. Before 1977: annual financial statements.,BIS-spliced,,,3,9,,Annual: 1977.,"Bank of Mexico, Bank for International Settlements.",5B0,"Mexico - Central bank, assets, total, BIS-spliced",,E,1981-08,0.984312698,,F,A,
M,MX,B,XDC,MXN,N,,From January 1977 onwards: monthly financial statements. Before 1977: annual financial statements.,BIS-spliced,,,3,9,,Annual: 1977.,"Bank of Mexico, Bank for International Settlements.",5B0,"Mexico - Central bank, assets, total, BIS-spliced",,E,1981-09,0.956162518,,F,A,
M,MX,B,XDC,MXN,N,,From January 1977 onwards: monthly financial statements. Before 1977: annual financial statements.,BIS-spliced,,,3,9,,Annual: 1977.,"Bank of Mexico, Bank for International Settlements.",5B0,"Mexico - Central bank, assets, total, BIS-spliced",,E,1981-10,0.98372453,,F,A,
M,MX,B,XDC,MXN,N,,From January 1977 onwards: monthly financial statements. Before 1977: annual financial statements.,BIS-spliced,,,3,9,,Annual: 1977.,"Bank of Mexico, Bank for International Settlements.",5B0,"Mexico - Central bank, assets, total, BIS-spliced",,E,1981-11,1.054857081,,F,A,
M,MX,B,XDC,MXN,N,,From January 1977 onwards: monthly financial statements. Before 1977: annual financial statements.,BIS-spliced,,,3,9,,Annual: 1977.,"Bank of Mexico, Bank for International Settlements.",5B0,"Mexico - Central bank, assets, total, BIS-spliced",,E,1981-12,1.086413266,,F,A,
M,MX,B,XDC,MXN,N,,From January 1977 onwards: monthly financial statements. Before 1977: annual financial statements.,BIS-spliced,,,3,9,,Annual: 1977.,"Bank of Mexico, Bank for International Settlements.",5B0,"Mexico - Central bank, assets, total, BIS-spliced",,E,1982-01,1.105537153,,F,A,
M,MX,B,XDC,MXN,N,,From January 1977 onwards: monthly financial statements. Before 1977: annual financial statements.,BIS-spliced,,,3,9,,Annual: 1977.,"Bank of Mexico, Bank for International Settlements.",5B0,"Mexico - Central bank, assets, total, BIS-spliced",,E,1982-02,1.406772983,,F,A,
M,MX,B,XDC,MXN,N,,From January 1977 onwards: monthly financial statements. Before 1977: annual financial statements.,BIS-spliced,,,3,9,,Annual: 1977.,"Bank of Mexico, Bank for International Settlements.",5B0,"Mexico - Central bank, assets, total, BIS-spliced",,E,1982-03,1.41870272,,F,A,
M,MX,B,XDC,MXN,N,,From January 1977 onwards: monthly financial statements. Before 1977: annual financial statements.,BIS-spliced,,,3,9,,Annual: 1977.,"Bank of Mexico, Bank for International Settlements.",5B0,"Mexico - Central bank, assets, total, BIS-spliced",,E,1982-04,1.510272868,,F,A,
M,MX,B,XDC,MXN,N,,From January 1977 onwards: monthly financial statements. Before 1977: annual financial statements.,BIS-spliced,,,3,9,,Annual: 1977.,"Bank of Mexico, Bank for International Settlements.",5B0,"Mexico - Central bank, assets, total, BIS-spliced",,E,1982-05,1.60739786,,F,A,
M,MX,B,XDC,MXN,N,,From January 1977 onwards: monthly financial statements. Before 1977: annual financial statements.,BIS-spliced,,,3,9,,Annual: 1977.,"Bank of Mexico, Bank for International Settlements.",5B0,"Mexico - Central bank, assets, total, BIS-spliced",,E,1982-06,1.593616399,,F,A,
M,MX,B,XDC,MXN,N,,From January 1977 onwards: monthly financial statements. Before 1977: annual financial statements.,BIS-spliced,,,3,9,,Annual: 1977.,"Bank of Mexico, Bank for International Settlements.",5B0,"Mexico - Central bank, assets, total, BIS-spliced",,E,1982-07,1.759838329,,F,A,
M,MX,B,XDC,MXN,N,,From January 1977 onwards: monthly financial statements. Before 1977: annual financial statements.,BIS-spliced,,,3,9,,Annual: 1977.,"Bank of Mexico, Bank for International Settlements.",5B0,"Mexico - Central bank, assets, total, BIS-spliced",,E,1982-08,2.118815304,,F,A,
M,MX,B,XDC,MXN,N,,From January 1977 onwards: monthly financial statements. Before 1977: annual financial statements.,BIS-spliced,,,3,9,,Annual: 1977.,"Bank of Mexico, Bank for International Settlements.",5B0,"Mexico - Central bank, assets, total, BIS-spliced",,E,1982-09,2.204267897,,F,A,
M,MX,B,XDC,MXN,N,,From January 1977 onwards: monthly financial statements. Before 1977: annual financial statements.,BIS-spliced,,,3,9,,Annual: 1977.,"Bank of Mexico, Bank for International Settlements.",5B0,"Mexico - Central bank, assets, total, BIS-spliced",,E,1982-10,2.27259068,,F,A,
M,MX,B,XDC,MXN,N,,From January 1977 onwards: monthly financial statements. Before 1977: annual financial statements.,BIS-spliced,,,3,9,,Annual: 1977.,"Bank of Mexico, Bank for International Settlements.",5B0,"Mexico - Central bank, assets, total, BIS-spliced",,E,1982-11,2.39379439,,F,A,
M,MX,B,XDC,MXN,N,,From January 1977 onwards: monthly financial statements. Before 1977: annual financial statements.,BIS-spliced,,,3,9,,Annual: 1977.,"Bank of Mexico, Bank for International Settlements.",5B0,"Mexico - Central bank, assets, total, BIS-spliced",,E,1982-12,3.06235896,,F,A,
M,MX,B,XDC,MXN,N,,From January 1977 onwards: monthly financial statements. Before 1977: annual financial statements.,BIS-spliced,,,3,9,,Annual: 1977.,"Bank of Mexico, Bank for International Settlements.",5B0,"Mexico - Central bank, assets, total, BIS-spliced",,E,1983-01,3.182459377,,F,A,
M,MX,B,XDC,MXN,N,,From January 1977 onwards: monthly financial statements. Before 1977: annual financial statements.,BIS-spliced,,,3,9,,Annual: 1977.,"Bank of Mexico, Bank for International Settlements.",5B0,"Mexico - Central bank, assets, total, BIS-spliced",,E,1983-02,3.331557213,,F,A,
M,MX,B,XDC,MXN,N,,From January 1977 onwards: monthly financial statements. Before 1977: annual financial statements.,BIS-spliced,,,3,9,,Annual: 1977.,"Bank of Mexico, Bank for International Settlements.",5B0,"Mexico - Central bank, assets, total, BIS-spliced",,E,1983-03,3.340499248,,F,A,
M,MX,B,XDC,MXN,N,,From January 1977 onwards: monthly financial statements. Before 1977: annual financial statements.,BIS-spliced,,,3,9,,Annual: 1977.,"Bank of Mexico, Bank for International Settlements.",5B0,"Mexico - Central bank, assets, total, BIS-spliced",,E,1983-04,3.332890191,,F,A,
M,MX,B,XDC,MXN,N,,From January 1977 onwards: monthly financial statements. Before 1977: annual financial statements.,BIS-spliced,,,3,9,,Annual: 1977.,"Bank of Mexico, Bank for International Settlements.",5B0,"Mexico - Central bank, assets, total, BIS-spliced",,E,1983-05,3.468770155,,F,A,
M,MX,B,XDC,MXN,N,,From January 1977 onwards: monthly financial statements. Before 1977: annual financial statements.,BIS-spliced,,,3,9,,Annual: 1977.,"Bank of Mexico, Bank for International Settlements.",5B0,"Mexico - Central bank, assets, total, BIS-spliced",,E,1983-06,3.612075747,,F,A,
M,MX,B,XDC,MXN,N,,From January 1977 onwards: monthly financial statements. Before 1977: annual financial statements.,BIS-spliced,,,3,9,,Annual: 1977.,"Bank of Mexico, Bank for International Settlements.",5B0,"Mexico - Central bank, assets, total, BIS-spliced",,E,1983-07,3.700563213,,F,A,
M,MX,B,XDC,MXN,N,,From January 1977 onwards: monthly financial statements. Before 1977: annual financial statements.,BIS-spliced,,,3,9,,Annual: 1977.,"Bank of Mexico, Bank for International Settlements.",5B0,"Mexico - Central bank, assets, total, BIS-spliced",,E,1983-08,3.802383014,,F,A,
M,MX,B,XDC,MXN,N,,From January 1977 onwards: monthly financial statements. Before 1977: annual financial statements.,BIS-spliced,,,3,9,,Annual: 1977.,"Bank of Mexico, Bank for International Settlements.",5B0,"Mexico - Central bank, assets, total, BIS-spliced",,E,1983-09,3.933538659,,F,A,
M,MX,B,XDC,MXN,N,,From January 1977 onwards: monthly financial statements. Before 1977: annual financial statements.,BIS-spliced,,,3,9,,Annual: 1977.,"Bank of Mexico, Bank for International Settlements.",5B0,"Mexico - Central bank, assets, total, BIS-spliced",,E,1983-10,4.01933784,,F,A,
M,MX,B,XDC,MXN,N,,From January 1977 onwards: monthly financial statements. Before 1977: annual financial statements.,BIS-spliced,,,3,9,,Annual: 1977.,"Bank of Mexico, Bank for International Settlements.",5B0,"Mexico - Central bank, assets, total, BIS-spliced",,E,1983-11,4.203881137,,F,A,
M,MX,B,XDC,MXN,N,,From January 1977 onwards: monthly financial statements. Before 1977: annual financial statements.,BIS-spliced,,,3,9,,Annual: 1977.,"Bank of Mexico, Bank for International Settlements.",5B0,"Mexico - Central bank, assets, total, BIS-spliced",,E,1983-12,4.357643935,,F,A,
M,MX,B,XDC,MXN,N,,From January 1977 onwards: monthly financial statements. Before 1977: annual financial statements.,BIS-spliced,,,3,9,,Annual: 1977.,"Bank of Mexico, Bank for International Settlements.",5B0,"Mexico - Central bank, assets, total, BIS-spliced",,E,1984-01,4.581652516,,F,A,
M,MX,B,XDC,MXN,N,,From January 1977 onwards: monthly financial statements. Before 1977: annual financial statements.,BIS-spliced,,,3,9,,Annual: 1977.,"Bank of Mexico, Bank for International Settlements.",5B0,"Mexico - Central bank, assets, total, BIS-spliced",,E,1984-02,4.781054027,,F,A,
M,MX,B,XDC,MXN,N,,From January 1977 onwards: monthly financial statements. Before 1977: annual financial statements.,BIS-spliced,,,3,9,,Annual: 1977.,"Bank of Mexico, Bank for International Settlements.",5B0,"Mexico - Central bank, assets, total, BIS-spliced",,E,1984-03,5.01524819,,F,A,
M,MX,B,XDC,MXN,N,,From January 1977 onwards: monthly financial statements. Before 1977: annual financial statements.,BIS-spliced,,,3,9,,Annual: 1977.,"Bank of Mexico, Bank for International Settlements.",5B0,"Mexico - Central bank, assets, total, BIS-spliced",,E,1984-04,5.193145366,,F,A,
M,MX,B,XDC,MXN,N,,From January 1977 onwards: monthly financial statements. Before 1977: annual financial statements.,BIS-spliced,,,3,9,,Annual: 1977.,"Bank of Mexico, Bank for International Settlements.",5B0,"Mexico - Central bank, assets, total, BIS-spliced",,E,1984-05,5.32028373,,F,A,
M,MX,B,XDC,MXN,N,,From January 1977 onwards: monthly financial statements. Before 1977: annual financial statements.,BIS-spliced,,,3,9,,Annual: 1977.,"Bank of Mexico, Bank for International Settlements.",5B0,"Mexico - Central bank, assets, total, BIS-spliced",,E,1984-06,5.461519352,,F,A,
M,MX,B,XDC,MXN,N,,From January 1977 onwards: monthly financial statements. Before 1977: annual financial statements.,BIS-spliced,,,3,9,,Annual: 1977.,"Bank of Mexico, Bank for International Settlements.",5B0,"Mexico - Central bank, assets, total, BIS-spliced",,E,1984-07,5.632446201,,F,A,
M,MX,B,XDC,MXN,N,,From January 1977 onwards: monthly financial statements. Before 1977: annual financial statements.,BIS-spliced,,,3,9,,Annual: 1977.,"Bank of Mexico, Bank for International Settlements.",5B0,"Mexico - Central bank, assets, total, BIS-spliced",,E,1984-08,5.853416223,,F,A,
M,MX,B,XDC,MXN,N,,From January 1977 onwards: monthly financial statements. Before 1977: annual financial statements.,BIS-spliced,,,3,9,,Annual: 1977.,"Bank of Mexico, Bank for International Settlements.",5B0,"Mexico - Central bank, assets, total, BIS-spliced",,E,1984-09,5.913966549,,F,A,
M,MX,B,XDC,MXN,N,,From January 1977 onwards: monthly financial statements. Before 1977: annual financial statements.,BIS-spliced,,,3,9,,Annual: 1977.,"Bank of Mexico, Bank for International Settlements.",5B0,"Mexico - Central bank, assets, total, BIS-spliced",,E,1984-10,6.172439351,,F,A,
M,MX,B,XDC,MXN,N,,From January 1977 onwards: monthly financial statements. Before 1977: annual financial statements.,BIS-spliced,,,3,9,,Annual: 1977.,"Bank of Mexico, Bank for International Settlements.",5B0,"Mexico - Central bank, assets, total, BIS-spliced",,E,1984-11,6.312899192,,F,A,
M,MX,B,XDC,MXN,N,,From January 1977 onwards: monthly financial statements. Before 1977: annual financial statements.,BIS-spliced,,,3,9,,Annual: 1977.,"Bank of Mexico, Bank for International Settlements.",5B0,"Mexico - Central bank, assets, total, BIS-spliced",,E,1984-12,6.803549142,,F,A,
M,MX,B,XDC,MXN,N,,From January 1977 onwards: monthly financial statements. Before 1977: annual financial statements.,BIS-spliced,,,3,9,,Annual: 1977.,"Bank of Mexico, Bank for International Settlements.",5B0,"Mexico - Central bank, assets, total, BIS-spliced",,E,1985-01,7.001074022,,F,A,
M,MX,B,XDC,MXN,N,,From January 1977 onwards: monthly financial statements. Before 1977: annual financial statements.,BIS-spliced,,,3,9,,Annual: 1977.,"Bank of Mexico, Bank for International Settlements.",5B0,"Mexico - Central bank, assets, total, BIS-spliced",,E,1985-02,7.054494,,F,A,
M,MX,B,XDC,MXN,N,,From January 1977 onwards: monthly financial statements. Before 1977: annual financial statements.,BIS-spliced,,,3,9,,Annual: 1977.,"Bank of Mexico, Bank for International Settlements.",5B0,"Mexico - Central bank, assets, total, BIS-spliced",,E,1985-03,7.479335484,,F,A,
M,MX,B,XDC,MXN,N,,From January 1977 onwards: monthly financial statements. Before 1977: annual financial statements.,BIS-spliced,,,3,9,,Annual: 1977.,"Bank of Mexico, Bank for International Settlements.",5B0,"Mexico - Central bank, assets, total, BIS-spliced",,E,1985-04,7.538197624,,F,A,
M,MX,B,XDC,MXN,N,,From January 1977 onwards: monthly financial statements. Before 1977: annual financial statements.,BIS-spliced,,,3,9,,Annual: 1977.,"Bank of Mexico, Bank for International Settlements.",5B0,"Mexico - Central bank, assets, total, BIS-spliced",,E,1985-05,7.642975759,,F,A,
M,MX,B,XDC,MXN,N,,From January 1977 onwards: monthly financial statements. Before 1977: annual financial statements.,BIS-spliced,,,3,9,,Annual: 1977.,"Bank of Mexico, Bank for International Settlements.",5B0,"Mexico - Central bank, assets, total, BIS-spliced",,E,1985-06,7.652729555,,F,A,
M,MX,B,XDC,MXN,N,,From January 1977 onwards: monthly financial statements. Before 1977: annual financial statements.,BIS-spliced,,,3,9,,Annual: 1977.,"Bank of Mexico, Bank for International Settlements.",5B0,"Mexico - Central bank, assets, total, BIS-spliced",,E,1985-07,7.769043806,,F,A,
M,MX,B,XDC,MXN,N,,From January 1977 onwards: monthly financial statements. Before 1977: annual financial statements.,BIS-spliced,,,3,9,,Annual: 1977.,"Bank of Mexico, Bank for International Settlements.",5B0,"Mexico - Central bank, assets, total, BIS-spliced",,E,1985-08,7.623173,,F,A,
M,MX,B,XDC,MXN,N,,From January 1977 onwards: monthly financial statements. Before 1977: annual financial statements.,BIS-spliced,,,3,9,,Annual: 1977.,"Bank of Mexico, Bank for International Settlements.",5B0,"Mexico - Central bank, assets, total, BIS-spliced",,E,1985-09,7.831654,,F,A,
M,MX,B,XDC,MXN,N,,From January 1977 onwards: monthly financial statements. Before 1977: annual financial statements.,BIS-spliced,,,3,9,,Annual: 1977.,"Bank of Mexico, Bank for International Settlements.",5B0,"Mexico - Central bank, assets, total, BIS-spliced",,E,1985-10,8.008533,,F,A,
M,MX,B,XDC,MXN,N,,From January 1977 onwards: monthly financial statements. Before 1977: annual financial statements.,BIS-spliced,,,3,9,,Annual: 1977.,"Bank of Mexico, Bank for International Settlements.",5B0,"Mexico - Central bank, assets, total, BIS-spliced",,E,1985-11,8.269583,,F,A,
M,MX,B,XDC,MXN,N,,From January 1977 onwards: monthly financial statements. Before 1977: annual financial statements.,BIS-spliced,,,3,9,,Annual: 1977.,"Bank of Mexico, Bank for International Settlements.",5B0,"Mexico - Central bank, assets, total, BIS-spliced",,E,1985-12,9.485261,,F,A,
M,MX,B,XDC,MXN,N,,From January 1977 onwards: monthly financial statements. Before 1977: annual financial statements.,BIS-spliced,,,3,9,,Annual: 1977.,"Bank of Mexico, Bank for International Settlements.",5B0,"Mexico - Central bank, assets, total, BIS-spliced",,E,1986-01,9.799181,,F,A,
M,MX,B,XDC,MXN,N,,From January 1977 onwards: monthly financial statements. Before 1977: annual financial statements.,BIS-spliced,,,3,9,,Annual: 1977.,"Bank of Mexico, Bank for International Settlements.",5B0,"Mexico - Central bank, assets, total, BIS-spliced",,E,1986-02,10.245493,,F,A,
M,MX,B,XDC,MXN,N,,From January 1977 onwards: monthly financial statements. Before 1977: annual financial statements.,BIS-spliced,,,3,9,,Annual: 1977.,"Bank of Mexico, Bank for International Settlements.",5B0,"Mexico - Central bank, assets, total, BIS-spliced",,E,1986-03,10.823537,,F,A,
M,MX,B,XDC,MXN,N,,From January 1977 onwards: monthly financial statements. Before 1977: annual financial statements.,BIS-spliced,,,3,9,,Annual: 1977.,"Bank of Mexico, Bank for International Settlements.",5B0,"Mexico - Central bank, assets, total, BIS-spliced",,E,1986-04,11.032501,,F,A,
M,MX,B,XDC,MXN,N,,From January 1977 onwards: monthly financial statements. Before 1977: annual financial statements.,BIS-spliced,,,3,9,,Annual: 1977.,"Bank of Mexico, Bank for International Settlements.",5B0,"Mexico - Central bank, assets, total, BIS-spliced",,E,1986-05,11.939382,,F,A,
M,MX,B,XDC,MXN,N,,From January 1977 onwards: monthly financial statements. Before 1977: annual financial statements.,BIS-spliced,,,3,9,,Annual: 1977.,"Bank of Mexico, Bank for International Settlements.",5B0,"Mexico - Central bank, assets, total, BIS-spliced",,E,1986-06,12.276047,,F,A,
M,MX,B,XDC,MXN,N,,From January 1977 onwards: monthly financial statements. Before 1977: annual financial statements.,BIS-spliced,,,3,9,,Annual: 1977.,"Bank of Mexico, Bank for International Settlements.",5B0,"Mexico - Central bank, assets, total, BIS-spliced",,E,1986-07,12.972181,,F,A,
M,MX,B,XDC,MXN,N,,From January 1977 onwards: monthly financial statements. Before 1977: annual financial statements.,BIS-spliced,,,3,9,,Annual: 1977.,"Bank of Mexico, Bank for International Settlements.",5B0,"Mexico - Central bank, assets, total, BIS-spliced",,E,1986-08,13.566532,,F,A,
M,MX,B,XDC,MXN,N,,From January 1977 onwards: monthly financial statements. Before 1977: annual financial statements.,BIS-spliced,,,3,9,,Annual: 1977.,"Bank of Mexico, Bank for International Settlements.",5B0,"Mexico - Central bank, assets, total, BIS-spliced",,E,1986-09,14.085788,,F,A,
M,MX,B,XDC,MXN,N,,From January 1977 onwards: monthly financial statements. Before 1977: annual financial statements.,BIS-spliced,,,3,9,,Annual: 1977.,"Bank of Mexico, Bank for International Settlements.",5B0,"Mexico - Central bank, assets, total, BIS-spliced",,E,1986-10,15.124508,,F,A,
M,MX,B,XDC,MXN,N,,From January 1977 onwards: monthly financial statements. Before 1977: annual financial statements.,BIS-spliced,,,3,9,,Annual: 1977.,"Bank of Mexico, Bank for International Settlements.",5B0,"Mexico - Central bank, assets, total, BIS-spliced",,E,1986-11,16.223709,,F,A,
M,MX,B,XDC,MXN,N,,From January 1977 onwards: monthly financial statements. Before 1977: annual financial statements.,BIS-spliced,,,3,9,,Annual: 1977.,"Bank of Mexico, Bank for International Settlements.",5B0,"Mexico - Central bank, assets, total, BIS-spliced",,E,1986-12,18.134613,,F,A,
M,MX,B,XDC,MXN,N,,From January 1977 onwards: monthly financial statements. Before 1977: annual financial statements.,BIS-spliced,,,3,9,,Annual: 1977.,"Bank of Mexico, Bank for International Settlements.",5B0,"Mexico - Central bank, assets, total, BIS-spliced",,E,1987-01,18.838447,,F,A,
M,MX,B,XDC,MXN,N,,From January 1977 onwards: monthly financial statements. Before 1977: annual financial statements.,BIS-spliced,,,3,9,,Annual: 1977.,"Bank of Mexico, Bank for International Settlements.",5B0,"Mexico - Central bank, assets, total, BIS-spliced",,E,1987-02,20.227372,,F,A,
M,MX,B,XDC,MXN,N,,From January 1977 onwards: monthly financial statements. Before 1977: annual financial statements.,BIS-spliced,,,3,9,,Annual: 1977.,"Bank of Mexico, Bank for International Settlements.",5B0,"Mexico - Central bank, assets, total, BIS-spliced",,E,1987-03,22.166946,,F,A,
M,MX,B,XDC,MXN,N,,From January 1977 onwards: monthly financial statements. Before 1977: annual financial statements.,BIS-spliced,,,3,9,,Annual: 1977.,"Bank of Mexico, Bank for International Settlements.",5B0,"Mexico - Central bank, assets, total, BIS-spliced",,E,1987-04,27.818123,,F,A,
M,MX,B,XDC,MXN,N,,From January 1977 onwards: monthly financial statements. Before 1977: annual financial statements.,BIS-spliced,,,3,9,,Annual: 1977.,"Bank of Mexico, Bank for International Settlements.",5B0,"Mexico - Central bank, assets, total, BIS-spliced",,E,1987-05,30.058678,,F,A,
M,MX,B,XDC,MXN,N,,From January 1977 onwards: monthly financial statements. Before 1977: annual financial statements.,BIS-spliced,,,3,9,,Annual: 1977.,"Bank of Mexico, Bank for International Settlements.",5B0,"Mexico - Central bank, assets, total, BIS-spliced",,E,1987-06,31.418325,,F,A,
M,MX,B,XDC,MXN,N,,From January 1977 onwards: monthly financial statements. Before 1977: annual financial statements.,BIS-spliced,,,3,9,,Annual: 1977.,"Bank of Mexico, Bank for International Settlements.",5B0,"Mexico - Central bank, assets, total, BIS-spliced",,E,1987-07,34.187,,F,A,
M,MX,B,XDC,MXN,N,,From January 1977 onwards: monthly financial statements. Before 1977: annual financial statements.,BIS-spliced,,,3,9,,Annual: 1977.,"Bank of Mexico, Bank for International Settlements.",5B0,"Mexico - Central bank, assets, total, BIS-spliced",,E,1987-08,35.427,,F,A,
M,MX,B,XDC,MXN,N,,From January 1977 onwards: monthly financial statements. Before 1977: annual financial statements.,BIS-spliced,,,3,9,,Annual: 1977.,"Bank of Mexico, Bank for International Settlements.",5B0,"Mexico - Central bank, assets, total, BIS-spliced",,E,1987-09,37.397,,F,A,
M,MX,B,XDC,MXN,N,,From January 1977 onwards: monthly financial statements. Before 1977: annual financial statements.,BIS-spliced,,,3,9,,Annual: 1977.,"Bank of Mexico, Bank for International Settlements.",5B0,"Mexico - Central bank, assets, total, BIS-spliced",,E,1987-10,38.454,,F,A,
M,MX,B,XDC,MXN,N,,From January 1977 onwards: monthly financial statements. Before 1977: annual financial statements.,BIS-spliced,,,3,9,,Annual: 1977.,"Bank of Mexico, Bank for International Settlements.",5B0,"Mexico - Central bank, assets, total, BIS-spliced",,E,1987-11,42.908,,F,A,
M,MX,B,XDC,MXN,N,,From January 1977 onwards: monthly financial statements. Before 1977: annual financial statements.,BIS-spliced,,,3,9,,Annual: 1977.,"Bank of Mexico, Bank for International Settlements.",5B0,"Mexico - Central bank, assets, total, BIS-spliced",,E,1987-12,51.259,,F,A,
M,MX,B,XDC,MXN,N,,From January 1977 onwards: monthly financial statements. Before 1977: annual financial statements.,BIS-spliced,,,3,9,,Annual: 1977.,"Bank of Mexico, Bank for International Settlements.",5B0,"Mexico - Central bank, assets, total, BIS-spliced",,E,1988-01,52.336,,F,A,
M,MX,B,XDC,MXN,N,,From January 1977 onwards: monthly financial statements. Before 1977: annual financial statements.,BIS-spliced,,,3,9,,Annual: 1977.,"Bank of Mexico, Bank for International Settlements.",5B0,"Mexico - Central bank, assets, total, BIS-spliced",,E,1988-02,53.495,,F,A,
M,MX,B,XDC,MXN,N,,From January 1977 onwards: monthly financial statements. Before 1977: annual financial statements.,BIS-spliced,,,3,9,,Annual: 1977.,"Bank of Mexico, Bank for International Settlements.",5B0,"Mexico - Central bank, assets, total, BIS-spliced",,E,1988-03,59.306,,F,A,
M,MX,B,XDC,MXN,N,,From January 1977 onwards: monthly financial statements. Before 1977: annual financial statements.,BIS-spliced,,,3,9,,Annual: 1977.,"Bank of Mexico, Bank for International Settlements.",5B0,"Mexico - Central bank, assets, total, BIS-spliced",,E,1988-04,59.273,,F,A,
M,MX,B,XDC,MXN,N,,From January 1977 onwards: monthly financial statements. Before 1977: annual financial statements.,BIS-spliced,,,3,9,,Annual: 1977.,"Bank of Mexico, Bank for International Settlements.",5B0,"Mexico - Central bank, assets, total, BIS-spliced",,E,1988-05,57.711,,F,A,
M,MX,B,XDC,MXN,N,,From January 1977 onwards: monthly financial statements. Before 1977: annual financial statements.,BIS-spliced,,,3,9,,Annual: 1977.,"Bank of Mexico, Bank for International Settlements.",5B0,"Mexico - Central bank, assets, total, BIS-spliced",,E,1988-06,58.148,,F,A,
M,MX,B,XDC,MXN,N,,From January 1977 onwards: monthly financial statements. Before 1977: annual financial statements.,BIS-spliced,,,3,9,,Annual: 1977.,"Bank of Mexico, Bank for International Settlements.",5B0,"Mexico - Central bank, assets, total, BIS-spliced",,E,1988-07,56.679,,F,A,
M,MX,B,XDC,MXN,N,,From January 1977 onwards: monthly financial statements. Before 1977: annual financial statements.,BIS-spliced,,,3,9,,Annual: 1977.,"Bank of Mexico, Bank for International Settlements.",5B0,"Mexico - Central bank, assets, total, BIS-spliced",,E,1988-08,58.247,,F,A,
M,MX,B,XDC,MXN,N,,From January 1977 onwards: monthly financial statements. Before 1977: annual financial statements.,BIS-spliced,,,3,9,,Annual: 1977.,"Bank of Mexico, Bank for International Settlements.",5B0,"Mexico - Central bank, assets, total, BIS-spliced",,E,1988-09,54.049,,F,A,
M,MX,B,XDC,MXN,N,,From January 1977 onwards: monthly financial statements. Before 1977: annual financial statements.,BIS-spliced,,,3,9,,Annual: 1977.,"Bank of Mexico, Bank for International Settlements.",5B0,"Mexico - Central bank, assets, total, BIS-spliced",,E,1988-10,51.696,,F,A,
M,MX,B,XDC,MXN,N,,From January 1977 onwards: monthly financial statements. Before 1977: annual financial statements.,BIS-spliced,,,3,9,,Annual: 1977.,"Bank of Mexico, Bank for International Settlements.",5B0,"Mexico - Central bank, assets, total, BIS-spliced",,E,1988-11,60.416,,F,A,
M,MX,B,XDC,MXN,N,,From January 1977 onwards: monthly financial statements. Before 1977: annual financial statements.,BIS-spliced,,,3,9,,Annual: 1977.,"Bank of Mexico, Bank for International Settlements.",5B0,"Mexico - Central bank, assets, total, BIS-spliced",,E,1988-12,58.59,,F,A,
M,MX,B,XDC,MXN,N,,From January 1977 onwards: monthly financial statements. Before 1977: annual financial statements.,BIS-spliced,,,3,9,,Annual: 1977.,"Bank of Mexico, Bank for International Settlements.",5B0,"Mexico - Central bank, assets, total, BIS-spliced",,E,1989-01,58.759,,F,A,
M,MX,B,XDC,MXN,N,,From January 1977 onwards: monthly financial statements. Before 1977: annual financial statements.,BIS-spliced,,,3,9,,Annual: 1977.,"Bank of Mexico, Bank for International Settlements.",5B0,"Mexico - Central bank, assets, total, BIS-spliced",,E,1989-02,59.492,,F,A,
M,MX,B,XDC,MXN,N,,From January 1977 onwards: monthly financial statements. Before 1977: annual financial statements.,BIS-spliced,,,3,9,,Annual: 1977.,"Bank of Mexico, Bank for International Settlements.",5B0,"Mexico - Central bank, assets, total, BIS-spliced",,E,1989-03,61.438,,F,A,
M,MX,B,XDC,MXN,N,,From January 1977 onwards: monthly financial statements. Before 1977: annual financial statements.,BIS-spliced,,,3,9,,Annual: 1977.,"Bank of Mexico, Bank for International Settlements.",5B0,"Mexico - Central bank, assets, total, BIS-spliced",,E,1989-04,59.226,,F,A,
M,MX,B,XDC,MXN,N,,From January 1977 onwards: monthly financial statements. Before 1977: annual financial statements.,BIS-spliced,,,3,9,,Annual: 1977.,"Bank of Mexico, Bank for International Settlements.",5B0,"Mexico - Central bank, assets, total, BIS-spliced",,E,1989-05,55.001,,F,A,
M,MX,B,XDC,MXN,N,,From January 1977 onwards: monthly financial statements. Before 1977: annual financial statements.,BIS-spliced,,,3,9,,Annual: 1977.,"Bank of Mexico, Bank for International Settlements.",5B0,"Mexico - Central bank, assets, total, BIS-spliced",,E,1989-06,61.108,,F,A,
M,MX,B,XDC,MXN,N,,From January 1977 onwards: monthly financial statements. Before 1977: annual financial statements.,BIS-spliced,,,3,9,,Annual: 1977.,"Bank of Mexico, Bank for International Settlements.",5B0,"Mexico - Central bank, assets, total, BIS-spliced",,E,1989-07,59.48,,F,A,
M,MX,B,XDC,MXN,N,,From January 1977 onwards: monthly financial statements. Before 1977: annual financial statements.,BIS-spliced,,,3,9,,Annual: 1977.,"Bank of Mexico, Bank for International Settlements.",5B0,"Mexico - Central bank, assets, total, BIS-spliced",,E,1989-08,63.156,,F,A,
M,MX,B,XDC,MXN,N,,From January 1977 onwards: monthly financial statements. Before 1977: annual financial statements.,BIS-spliced,,,3,9,,Annual: 1977.,"Bank of Mexico, Bank for International Settlements.",5B0,"Mexico - Central bank, assets, total, BIS-spliced",,E,1989-09,72.828,,F,A,
M,MX,B,XDC,MXN,N,,From January 1977 onwards: monthly financial statements. Before 1977: annual financial statements.,BIS-spliced,,,3,9,,Annual: 1977.,"Bank of Mexico, Bank for International Settlements.",5B0,"Mexico - Central bank, assets, total, BIS-spliced",,E,1989-10,74.255,,F,A,
M,MX,B,XDC,MXN,N,,From January 1977 onwards: monthly financial statements. Before 1977: annual financial statements.,BIS-spliced,,,3,9,,Annual: 1977.,"Bank of Mexico, Bank for International Settlements.",5B0,"Mexico - Central bank, assets, total, BIS-spliced",,E,1989-11,70.045,,F,A,
M,MX,B,XDC,MXN,N,,From January 1977 onwards: monthly financial statements. Before 1977: annual financial statements.,BIS-spliced,,,3,9,,Annual: 1977.,"Bank of Mexico, Bank for International Settlements.",5B0,"Mexico - Central bank, assets, total, BIS-spliced",,E,1989-12,77.45,,F,A,
M,MX,B,XDC,MXN,N,,From January 1977 onwards: monthly financial statements. Before 1977: annual financial statements.,BIS-spliced,,,3,9,,Annual: 1977.,"Bank of Mexico, Bank for International Settlements.",5B0,"Mexico - Central bank, assets, total, BIS-spliced",,E,1990-01,83.937,,F,A,
M,MX,B,XDC,MXN,N,,From January 1977 onwards: monthly financial statements. Before 1977: annual financial statements.,BIS-spliced,,,3,9,,Annual: 1977.,"Bank of Mexico, Bank for International Settlements.",5B0,"Mexico - Central bank, assets, total, BIS-spliced",,E,1990-02,86.97,,F,A,
M,MX,B,XDC,MXN,N,,From January 1977 onwards: monthly financial statements. Before 1977: annual financial statements.,BIS-spliced,,,3,9,,Annual: 1977.,"Bank of Mexico, Bank for International Settlements.",5B0,"Mexico - Central bank, assets, total, BIS-spliced",,E,1990-03,75.058,,F,A,
M,MX,B,XDC,MXN,N,,From January 1977 onwards: monthly financial statements. Before 1977: annual financial statements.,BIS-spliced,,,3,9,,Annual: 1977.,"Bank of Mexico, Bank for International Settlements.",5B0,"Mexico - Central bank, assets, total, BIS-spliced",,E,1990-04,80.718,,F,A,
M,MX,B,XDC,MXN,N,,From January 1977 onwards: monthly financial statements. Before 1977: annual financial statements.,BIS-spliced,,,3,9,,Annual: 1977.,"Bank of Mexico, Bank for International Settlements.",5B0,"Mexico - Central bank, assets, total, BIS-spliced",,E,1990-05,77.854,,F,A,
M,MX,B,XDC,MXN,N,,From January 1977 onwards: monthly financial statements. Before 1977: annual financial statements.,BIS-spliced,,,3,9,,Annual: 1977.,"Bank of Mexico, Bank for International Settlements.",5B0,"Mexico - Central bank, assets, total, BIS-spliced",,E,1990-06,80.275,,F,A,
M,MX,B,XDC,MXN,N,,From January 1977 onwards: monthly financial statements. Before 1977: annual financial statements.,BIS-spliced,,,3,9,,Annual: 1977.,"Bank of Mexico, Bank for International Settlements.",5B0,"Mexico - Central bank, assets, total, BIS-spliced",,E,1990-07,79.705,,F,A,
M,MX,B,XDC,MXN,N,,From January 1977 onwards: monthly financial statements. Before 1977: annual financial statements.,BIS-spliced,,,3,9,,Annual: 1977.,"Bank of Mexico, Bank for International Settlements.",5B0,"Mexico - Central bank, assets, total, BIS-spliced",,E,1990-08,77.173,,F,A,
M,MX,B,XDC,MXN,N,,From January 1977 onwards: monthly financial statements. Before 1977: annual financial statements.,BIS-spliced,,,3,9,,Annual: 1977.,"Bank of Mexico, Bank for International Settlements.",5B0,"Mexico - Central bank, assets, total, BIS-spliced",,E,1990-09,79.111,,F,A,
M,MX,B,XDC,MXN,N,,From January 1977 onwards: monthly financial statements. Before 1977: annual financial statements.,BIS-spliced,,,3,9,,Annual: 1977.,"Bank of Mexico, Bank for International Settlements.",5B0,"Mexico - Central bank, assets, total, BIS-spliced",,E,1990-10,82.154,,F,A,
M,MX,B,XDC,MXN,N,,From January 1977 onwards: monthly financial statements. Before 1977: annual financial statements.,BIS-spliced,,,3,9,,Annual: 1977.,"Bank of Mexico, Bank for International Settlements.",5B0,"Mexico - Central bank, assets, total, BIS-spliced",,E,1990-11,83.913,,F,A,
M,MX,B,XDC,MXN,N,,From January 1977 onwards: monthly financial statements. Before 1977: annual financial statements.,BIS-spliced,,,3,9,,Annual: 1977.,"Bank of Mexico, Bank for International Settlements.",5B0,"Mexico - Central bank, assets, total, BIS-spliced",,E,1990-12,92.902,,F,A,
M,MX,B,XDC,MXN,N,,From January 1977 onwards: monthly financial statements. Before 1977: annual financial statements.,BIS-spliced,,,3,9,,Annual: 1977.,"Bank of Mexico, Bank for International Settlements.",5B0,"Mexico - Central bank, assets, total, BIS-spliced",,E,1991-01,88.486,,F,A,
M,MX,B,XDC,MXN,N,,From January 1977 onwards: monthly financial statements. Before 1977: annual financial statements.,BIS-spliced,,,3,9,,Annual: 1977.,"Bank of Mexico, Bank for International Settlements.",5B0,"Mexico - Central bank, assets, total, BIS-spliced",,E,1991-02,91.514,,F,A,
M,MX,B,XDC,MXN,N,,From January 1977 onwards: monthly financial statements. Before 1977: annual financial statements.,BIS-spliced,,,3,9,,Annual: 1977.,"Bank of Mexico, Bank for International Settlements.",5B0,"Mexico - Central bank, assets, total, BIS-spliced",,E,1991-03,91.141,,F,A,
M,MX,B,XDC,MXN,N,,From January 1977 onwards: monthly financial statements. Before 1977: annual financial statements.,BIS-spliced,,,3,9,,Annual: 1977.,"Bank of Mexico, Bank for International Settlements.",5B0,"Mexico - Central bank, assets, total, BIS-spliced",,E,1991-04,89.844,,F,A,
M,MX,B,XDC,MXN,N,,From January 1977 onwards: monthly financial statements. Before 1977: annual financial statements.,BIS-spliced,,,3,9,,Annual: 1977.,"Bank of Mexico, Bank for International Settlements.",5B0,"Mexico - Central bank, assets, total, BIS-spliced",,E,1991-05,91.821,,F,A,
M,MX,B,XDC,MXN,N,,From January 1977 onwards: monthly financial statements. Before 1977: annual financial statements.,BIS-spliced,,,3,9,,Annual: 1977.,"Bank of Mexico, Bank for International Settlements.",5B0,"Mexico - Central bank, assets, total, BIS-spliced",,E,1991-06,98.76,,F,A,
M,MX,B,XDC,MXN,N,,From January 1977 onwards: monthly financial statements. Before 1977: annual financial statements.,BIS-spliced,,,3,9,,Annual: 1977.,"Bank of Mexico, Bank for International Settlements.",5B0,"Mexico - Central bank, assets, total, BIS-spliced",,E,1991-07,101.354,,F,A,
M,MX,B,XDC,MXN,N,,From January 1977 onwards: monthly financial statements. Before 1977: annual financial statements.,BIS-spliced,,,3,9,,Annual: 1977.,"Bank of Mexico, Bank for International Settlements.",5B0,"Mexico - Central bank, assets, total, BIS-spliced",,E,1991-08,107.69,,F,A,
M,MX,B,XDC,MXN,N,,From January 1977 onwards: monthly financial statements. Before 1977: annual financial statements.,BIS-spliced,,,3,9,,Annual: 1977.,"Bank of Mexico, Bank for International Settlements.",5B0,"Mexico - Central bank, assets, total, BIS-spliced",,E,1991-09,117.711,,F,A,
M,MX,B,XDC,MXN,N,,From January 1977 onwards: monthly financial statements. Before 1977: annual financial statements.,BIS-spliced,,,3,9,,Annual: 1977.,"Bank of Mexico, Bank for International Settlements.",5B0,"Mexico - Central bank, assets, total, BIS-spliced",,E,1991-10,108.284,,F,A,
M,MX,B,XDC,MXN,N,,From January 1977 onwards: monthly financial statements. Before 1977: annual financial statements.,BIS-spliced,,,3,9,,Annual: 1977.,"Bank of Mexico, Bank for International Settlements.",5B0,"Mexico - Central bank, assets, total, BIS-spliced",,E,1991-11,98.601,,F,A,
M,MX,B,XDC,MXN,N,,From January 1977 onwards: monthly financial statements. Before 1977: annual financial statements.,BIS-spliced,,,3,9,,Annual: 1977.,"Bank of Mexico, Bank for International Settlements.",5B0,"Mexico - Central bank, assets, total, BIS-spliced",,E,1991-12,108.07,,F,A,
M,MX,B,XDC,MXN,N,,From January 1977 onwards: monthly financial statements. Before 1977: annual financial statements.,BIS-spliced,,,3,9,,Annual: 1977.,"Bank of Mexico, Bank for International Settlements.",5B0,"Mexico - Central bank, assets, total, BIS-spliced",,E,1992-01,108.358,,F,A,
M,MX,B,XDC,MXN,N,,From January 1977 onwards: monthly financial statements. Before 1977: annual financial statements.,BIS-spliced,,,3,9,,Annual: 1977.,"Bank of Mexico, Bank for International Settlements.",5B0,"Mexico - Central bank, assets, total, BIS-spliced",,E,1992-02,108.306,,F,A,
M,MX,B,XDC,MXN,N,,From January 1977 onwards: monthly financial statements. Before 1977: annual financial statements.,BIS-spliced,,,3,9,,Annual: 1977.,"Bank of Mexico, Bank for International Settlements.",5B0,"Mexico - Central bank, assets, total, BIS-spliced",,E,1992-03,105.683,,F,A,
M,MX,B,XDC,MXN,N,,From January 1977 onwards: monthly financial statements. Before 1977: annual financial statements.,BIS-spliced,,,3,9,,Annual: 1977.,"Bank of Mexico, Bank for International Settlements.",5B0,"Mexico - Central bank, assets, total, BIS-spliced",,E,1992-04,101.84,,F,A,
M,MX,B,XDC,MXN,N,,From January 1977 onwards: monthly financial statements. Before 1977: annual financial statements.,BIS-spliced,,,3,9,,Annual: 1977.,"Bank of Mexico, Bank for International Settlements.",5B0,"Mexico - Central bank, assets, total, BIS-spliced",,E,1992-05,101.891,,F,A,
M,MX,B,XDC,MXN,N,,From January 1977 onwards: monthly financial statements. Before 1977: annual financial statements.,BIS-spliced,,,3,9,,Annual: 1977.,"Bank of Mexico, Bank for International Settlements.",5B0,"Mexico - Central bank, assets, total, BIS-spliced",,E,1992-06,121.299,,F,A,
M,MX,B,XDC,MXN,N,,From January 1977 onwards: monthly financial statements. Before 1977: annual financial statements.,BIS-spliced,,,3,9,,Annual: 1977.,"Bank of Mexico, Bank for International Settlements.",5B0,"Mexico - Central bank, assets, total, BIS-spliced",,E,1992-07,109.599,,F,A,
M,MX,B,XDC,MXN,N,,From January 1977 onwards: monthly financial statements. Before 1977: annual financial statements.,BIS-spliced,,,3,9,,Annual: 1977.,"Bank of Mexico, Bank for International Settlements.",5B0,"Mexico - Central bank, assets, total, BIS-spliced",,E,1992-08,104.996,,F,A,
M,MX,B,XDC,MXN,N,,From January 1977 onwards: monthly financial statements. Before 1977: annual financial statements.,BIS-spliced,,,3,9,,Annual: 1977.,"Bank of Mexico, Bank for International Settlements.",5B0,"Mexico - Central bank, assets, total, BIS-spliced",,E,1992-09,98.652,,F,A,
M,MX,B,XDC,MXN,N,,From January 1977 onwards: monthly financial statements. Before 1977: annual financial statements.,BIS-spliced,,,3,9,,Annual: 1977.,"Bank of Mexico, Bank for International Settlements.",5B0,"Mexico - Central bank, assets, total, BIS-spliced",,E,1992-10,99.787,,F,A,
M,MX,B,XDC,MXN,N,,From January 1977 onwards: monthly financial statements. Before 1977: annual financial statements.,BIS-spliced,,,3,9,,Annual: 1977.,"Bank of Mexico, Bank for International Settlements.",5B0,"Mexico - Central bank, assets, total, BIS-spliced",,E,1992-11,107.067,,F,A,
M,MX,B,XDC,MXN,N,,From January 1977 onwards: monthly financial statements. Before 1977: annual financial statements.,BIS-spliced,,,3,9,,Annual: 1977.,"Bank of Mexico, Bank for International Settlements.",5B0,"Mexico - Central bank, assets, total, BIS-spliced",,E,1992-12,112.721,,F,A,
M,MX,B,XDC,MXN,N,,From January 1977 onwards: monthly financial statements. Before 1977: annual financial statements.,BIS-spliced,,,3,9,,Annual: 1977.,"Bank of Mexico, Bank for International Settlements.",5B0,"Mexico - Central bank, assets, total, BIS-spliced",,E,1993-01,105.855,,F,A,
M,MX,B,XDC,MXN,N,,From January 1977 onwards: monthly financial statements. Before 1977: annual financial statements.,BIS-spliced,,,3,9,,Annual: 1977.,"Bank of Mexico, Bank for International Settlements.",5B0,"Mexico - Central bank, assets, total, BIS-spliced",,E,1993-02,101.805,,F,A,
M,MX,B,XDC,MXN,N,,From January 1977 onwards: monthly financial statements. Before 1977: annual financial statements.,BIS-spliced,,,3,9,,Annual: 1977.,"Bank of Mexico, Bank for International Settlements.",5B0,"Mexico - Central bank, assets, total, BIS-spliced",,E,1993-03,107.165,,F,A,
M,MX,B,XDC,MXN,N,,From January 1977 onwards: monthly financial statements. Before 1977: annual financial statements.,BIS-spliced,,,3,9,,Annual: 1977.,"Bank of Mexico, Bank for International Settlements.",5B0,"Mexico - Central bank, assets, total, BIS-spliced",,E,1993-04,113.816,,F,A,
M,MX,B,XDC,MXN,N,,From January 1977 onwards: monthly financial statements. Before 1977: annual financial statements.,BIS-spliced,,,3,9,,Annual: 1977.,"Bank of Mexico, Bank for International Settlements.",5B0,"Mexico - Central bank, assets, total, BIS-spliced",,E,1993-05,121.633,,F,A,
M,MX,B,XDC,MXN,N,,From January 1977 onwards: monthly financial statements. Before 1977: annual financial statements.,BIS-spliced,,,3,9,,Annual: 1977.,"Bank of Mexico, Bank for International Settlements.",5B0,"Mexico - Central bank, assets, total, BIS-spliced",,E,1993-06,111.544,,F,A,
M,MX,B,XDC,MXN,N,,From January 1977 onwards: monthly financial statements. Before 1977: annual financial statements.,BIS-spliced,,,3,9,,Annual: 1977.,"Bank of Mexico, Bank for International Settlements.",5B0,"Mexico - Central bank, assets, total, BIS-spliced",,E,1993-07,116.147,,F,A,
M,MX,B,XDC,MXN,N,,From January 1977 onwards: monthly financial statements. Before 1977: annual financial statements.,BIS-spliced,,,3,9,,Annual: 1977.,"Bank of Mexico, Bank for International Settlements.",5B0,"Mexico - Central bank, assets, total, BIS-spliced",,E,1993-08,114.995,,F,A,
M,MX,B,XDC,MXN,N,,From January 1977 onwards: monthly financial statements. Before 1977: annual financial statements.,BIS-spliced,,,3,9,,Annual: 1977.,"Bank of Mexico, Bank for International Settlements.",5B0,"Mexico - Central bank, assets, total, BIS-spliced",,E,1993-09,116.288,,F,A,
M,MX,B,XDC,MXN,N,,From January 1977 onwards: monthly financial statements. Before 1977: annual financial statements.,BIS-spliced,,,3,9,,Annual: 1977.,"Bank of Mexico, Bank for International Settlements.",5B0,"Mexico - Central bank, assets, total, BIS-spliced",,E,1993-10,113.598,,F,A,
M,MX,B,XDC,MXN,N,,From January 1977 onwards: monthly financial statements. Before 1977: annual financial statements.,BIS-spliced,,,3,9,,Annual: 1977.,"Bank of Mexico, Bank for International Settlements.",5B0,"Mexico - Central bank, assets, total, BIS-spliced",,E,1993-11,153.066,,F,A,
M,MX,B,XDC,MXN,N,,From January 1977 onwards: monthly financial statements. Before 1977: annual financial statements.,BIS-spliced,,,3,9,,Annual: 1977.,"Bank of Mexico, Bank for International Settlements.",5B0,"Mexico - Central bank, assets, total, BIS-spliced",,E,1993-12,152.91,,F,A,
M,MX,B,XDC,MXN,N,,From January 1977 onwards: monthly financial statements. Before 1977: annual financial statements.,BIS-spliced,,,3,9,,Annual: 1977.,"Bank of Mexico, Bank for International Settlements.",5B0,"Mexico - Central bank, assets, total, BIS-spliced",,E,1994-01,151.202,,F,A,
M,MX,B,XDC,MXN,N,,From January 1977 onwards: monthly financial statements. Before 1977: annual financial statements.,BIS-spliced,,,3,9,,Annual: 1977.,"Bank of Mexico, Bank for International Settlements.",5B0,"Mexico - Central bank, assets, total, BIS-spliced",,E,1994-02,156.254,,F,A,
M,MX,B,XDC,MXN,N,,From January 1977 onwards: monthly financial statements. Before 1977: annual financial statements.,BIS-spliced,,,3,9,,Annual: 1977.,"Bank of Mexico, Bank for International Settlements.",5B0,"Mexico - Central bank, assets, total, BIS-spliced",,E,1994-03,198.464,,F,A,
M,MX,B,XDC,MXN,N,,From January 1977 onwards: monthly financial statements. Before 1977: annual financial statements.,BIS-spliced,,,3,9,,Annual: 1977.,"Bank of Mexico, Bank for International Settlements.",5B0,"Mexico - Central bank, assets, total, BIS-spliced",,E,1994-04,98.036,,F,A,
M,MX,B,XDC,MXN,N,,From January 1977 onwards: monthly financial statements. Before 1977: annual financial statements.,BIS-spliced,,,3,9,,Annual: 1977.,"Bank of Mexico, Bank for International Settlements.",5B0,"Mexico - Central bank, assets, total, BIS-spliced",,E,1994-05,103.611,,F,A,
M,MX,B,XDC,MXN,N,,From January 1977 onwards: monthly financial statements. Before 1977: annual financial statements.,BIS-spliced,,,3,9,,Annual: 1977.,"Bank of Mexico, Bank for International Settlements.",5B0,"Mexico - Central bank, assets, total, BIS-spliced",,E,1994-06,104.489,,F,A,
M,MX,B,XDC,MXN,N,,From January 1977 onwards: monthly financial statements. Before 1977: annual financial statements.,BIS-spliced,,,3,9,,Annual: 1977.,"Bank of Mexico, Bank for International Settlements.",5B0,"Mexico - Central bank, assets, total, BIS-spliced",,E,1994-07,118.78,,F,A,
M,MX,B,XDC,MXN,N,,From January 1977 onwards: monthly financial statements. Before 1977: annual financial statements.,BIS-spliced,,,3,9,,Annual: 1977.,"Bank of Mexico, Bank for International Settlements.",5B0,"Mexico - Central bank, assets, total, BIS-spliced",,E,1994-08,116.644,,F,A,
M,MX,B,XDC,MXN,N,,From January 1977 onwards: monthly financial statements. Before 1977: annual financial statements.,BIS-spliced,,,3,9,,Annual: 1977.,"Bank of Mexico, Bank for International Settlements.",5B0,"Mexico - Central bank, assets, total, BIS-spliced",,E,1994-09,112.937,,F,A,
M,MX,B,XDC,MXN,N,,From January 1977 onwards: monthly financial statements. Before 1977: annual financial statements.,BIS-spliced,,,3,9,,Annual: 1977.,"Bank of Mexico, Bank for International Settlements.",5B0,"Mexico - Central bank, assets, total, BIS-spliced",,E,1994-10,116.361,,F,A,
M,MX,B,XDC,MXN,N,,From January 1977 onwards: monthly financial statements. Before 1977: annual financial statements.,BIS-spliced,,,3,9,,Annual: 1977.,"Bank of Mexico, Bank for International Settlements.",5B0,"Mexico - Central bank, assets, total, BIS-spliced",,E,1994-11,113.618,,F,A,
M,MX,B,XDC,MXN,N,,From January 1977 onwards: monthly financial statements. Before 1977: annual financial statements.,BIS-spliced,,,3,9,,Annual: 1977.,"Bank of Mexico, Bank for International Settlements.",5B0,"Mexico - Central bank, assets, total, BIS-spliced",,E,1994-12,186.98,,F,A,
M,MX,B,XDC,MXN,N,,From January 1977 onwards: monthly financial statements. Before 1977: annual financial statements.,BIS-spliced,,,3,9,,Annual: 1977.,"Bank of Mexico, Bank for International Settlements.",5B0,"Mexico - Central bank, assets, total, BIS-spliced",,E,1995-01,177.501,,F,A,
M,MX,B,XDC,MXN,N,,From January 1977 onwards: monthly financial statements. Before 1977: annual financial statements.,BIS-spliced,,,3,9,,Annual: 1977.,"Bank of Mexico, Bank for International Settlements.",5B0,"Mexico - Central bank, assets, total, BIS-spliced",,E,1995-02,210.699,,F,A,
M,MX,B,XDC,MXN,N,,From January 1977 onwards: monthly financial statements. Before 1977: annual financial statements.,BIS-spliced,,,3,9,,Annual: 1977.,"Bank of Mexico, Bank for International Settlements.",5B0,"Mexico - Central bank, assets, total, BIS-spliced",,E,1995-03,241.736,,F,A,
M,MX,B,XDC,MXN,N,,From January 1977 onwards: monthly financial statements. Before 1977: annual financial statements.,BIS-spliced,,,3,9,,Annual: 1977.,"Bank of Mexico, Bank for International Settlements.",5B0,"Mexico - Central bank, assets, total, BIS-spliced",,E,1995-04,240.263,,F,A,
M,MX,B,XDC,MXN,N,,From January 1977 onwards: monthly financial statements. Before 1977: annual financial statements.,BIS-spliced,,,3,9,,Annual: 1977.,"Bank of Mexico, Bank for International Settlements.",5B0,"Mexico - Central bank, assets, total, BIS-spliced",,E,1995-05,252.239,,F,A,
M,MX,B,XDC,MXN,N,,From January 1977 onwards: monthly financial statements. Before 1977: annual financial statements.,BIS-spliced,,,3,9,,Annual: 1977.,"Bank of Mexico, Bank for International Settlements.",5B0,"Mexico - Central bank, assets, total, BIS-spliced",,E,1995-06,243.069,,F,A,
M,MX,B,XDC,MXN,N,,From January 1977 onwards: monthly financial statements. Before 1977: annual financial statements.,BIS-spliced,,,3,9,,Annual: 1977.,"Bank of Mexico, Bank for International Settlements.",5B0,"Mexico - Central bank, assets, total, BIS-spliced",,E,1995-07,246.814,,F,A,
M,MX,B,XDC,MXN,N,,From January 1977 onwards: monthly financial statements. Before 1977: annual financial statements.,BIS-spliced,,,3,9,,Annual: 1977.,"Bank of Mexico, Bank for International Settlements.",5B0,"Mexico - Central bank, assets, total, BIS-spliced",,E,1995-08,252.204,,F,A,
M,MX,B,XDC,MXN,N,,From January 1977 onwards: monthly financial statements. Before 1977: annual financial statements.,BIS-spliced,,,3,9,,Annual: 1977.,"Bank of Mexico, Bank for International Settlements.",5B0,"Mexico - Central bank, assets, total, BIS-spliced",,E,1995-09,252.743,,F,A,
M,MX,B,XDC,MXN,N,,From January 1977 onwards: monthly financial statements. Before 1977: annual financial statements.,BIS-spliced,,,3,9,,Annual: 1977.,"Bank of Mexico, Bank for International Settlements.",5B0,"Mexico - Central bank, assets, total, BIS-spliced",,E,1995-10,256.582,,F,A,
M,MX,B,XDC,MXN,N,,From January 1977 onwards: monthly financial statements. Before 1977: annual financial statements.,BIS-spliced,,,3,9,,Annual: 1977.,"Bank of Mexico, Bank for International Settlements.",5B0,"Mexico - Central bank, assets, total, BIS-spliced",,E,1995-11,262.153,,F,A,
M,MX,B,XDC,MXN,N,,From January 1977 onwards: monthly financial statements. Before 1977: annual financial statements.,BIS-spliced,,,3,9,,Annual: 1977.,"Bank of Mexico, Bank for International Settlements.",5B0,"Mexico - Central bank, assets, total, BIS-spliced",,E,1995-12,292.891,,F,A,
M,MX,B,XDC,MXN,N,,From January 1977 onwards: monthly financial statements. Before 1977: annual financial statements.,BIS-spliced,,,3,9,,Annual: 1977.,"Bank of Mexico, Bank for International Settlements.",5B0,"Mexico - Central bank, assets, total, BIS-spliced",,E,1996-01,283.774,,F,A,
M,MX,B,XDC,MXN,N,,From January 1977 onwards: monthly financial statements. Before 1977: annual financial statements.,BIS-spliced,,,3,9,,Annual: 1977.,"Bank of Mexico, Bank for International Settlements.",5B0,"Mexico - Central bank, assets, total, BIS-spliced",,E,1996-02,290.676,,F,A,
M,MX,B,XDC,MXN,N,,From January 1977 onwards: monthly financial statements. Before 1977: annual financial statements.,BIS-spliced,,,3,9,,Annual: 1977.,"Bank of Mexico, Bank for International Settlements.",5B0,"Mexico - Central bank, assets, total, BIS-spliced",,E,1996-03,288.178,,F,A,
M,MX,B,XDC,MXN,N,,From January 1977 onwards: monthly financial statements. Before 1977: annual financial statements.,BIS-spliced,,,3,9,,Annual: 1977.,"Bank of Mexico, Bank for International Settlements.",5B0,"Mexico - Central bank, assets, total, BIS-spliced",,E,1996-04,286.343,,F,A,
M,MX,B,XDC,MXN,N,,From January 1977 onwards: monthly financial statements. Before 1977: annual financial statements.,BIS-spliced,,,3,9,,Annual: 1977.,"Bank of Mexico, Bank for International Settlements.",5B0,"Mexico - Central bank, assets, total, BIS-spliced",,E,1996-05,292.244,,F,A,
M,MX,B,XDC,MXN,N,,From January 1977 onwards: monthly financial statements. Before 1977: annual financial statements.,BIS-spliced,,,3,9,,Annual: 1977.,"Bank of Mexico, Bank for International Settlements.",5B0,"Mexico - Central bank, assets, total, BIS-spliced",,E,1996-06,295.055,,F,A,
M,MX,B,XDC,MXN,N,,From January 1977 onwards: monthly financial statements. Before 1977: annual financial statements.,BIS-spliced,,,3,9,,Annual: 1977.,"Bank of Mexico, Bank for International Settlements.",5B0,"Mexico - Central bank, assets, total, BIS-spliced",,E,1996-07,288.33,,F,A,
M,MX,B,XDC,MXN,N,,From January 1977 onwards: monthly financial statements. Before 1977: annual financial statements.,BIS-spliced,,,3,9,,Annual: 1977.,"Bank of Mexico, Bank for International Settlements.",5B0,"Mexico - Central bank, assets, total, BIS-spliced",,E,1996-08,282.57,,F,A,
M,MX,B,XDC,MXN,N,,From January 1977 onwards: monthly financial statements. Before 1977: annual financial statements.,BIS-spliced,,,3,9,,Annual: 1977.,"Bank of Mexico, Bank for International Settlements.",5B0,"Mexico - Central bank, assets, total, BIS-spliced",,E,1996-09,288.802,,F,A,
M,MX,B,XDC,MXN,N,,From January 1977 onwards: monthly financial statements. Before 1977: annual financial statements.,BIS-spliced,,,3,9,,Annual: 1977.,"Bank of Mexico, Bank for International Settlements.",5B0,"Mexico - Central bank, assets, total, BIS-spliced",,E,1996-10,300.253,,F,A,
M,MX,B,XDC,MXN,N,,From January 1977 onwards: monthly financial statements. Before 1977: annual financial statements.,BIS-spliced,,,3,9,,Annual: 1977.,"Bank of Mexico, Bank for International Settlements.",5B0,"Mexico - Central bank, assets, total, BIS-spliced",,E,1996-11,291.564,,F,A,
M,MX,B,XDC,MXN,N,,From January 1977 onwards: monthly financial statements. Before 1977: annual financial statements.,BIS-spliced,,,3,9,,Annual: 1977.,"Bank of Mexico, Bank for International Settlements.",5B0,"Mexico - Central bank, assets, total, BIS-spliced",,E,1996-12,275.411,,F,A,
M,MX,B,XDC,MXN,N,,From January 1977 onwards: monthly financial statements. Before 1977: annual financial statements.,BIS-spliced,,,3,9,,Annual: 1977.,"Bank of Mexico, Bank for International Settlements.",5B0,"Mexico - Central bank, assets, total, BIS-spliced",,E,1997-01,276.178,,F,A,
M,MX,B,XDC,MXN,N,,From January 1977 onwards: monthly financial statements. Before 1977: annual financial statements.,BIS-spliced,,,3,9,,Annual: 1977.,"Bank of Mexico, Bank for International Settlements.",5B0,"Mexico - Central bank, assets, total, BIS-spliced",,E,1997-02,288.941,,F,A,
M,MX,B,XDC,MXN,N,,From January 1977 onwards: monthly financial statements. Before 1977: annual financial statements.,BIS-spliced,,,3,9,,Annual: 1977.,"Bank of Mexico, Bank for International Settlements.",5B0,"Mexico - Central bank, assets, total, BIS-spliced",,E,1997-03,290.2,,F,A,
M,MX,B,XDC,MXN,N,,From January 1977 onwards: monthly financial statements. Before 1977: annual financial statements.,BIS-spliced,,,3,9,,Annual: 1977.,"Bank of Mexico, Bank for International Settlements.",5B0,"Mexico - Central bank, assets, total, BIS-spliced",,E,1997-04,299.863,,F,A,
M,MX,B,XDC,MXN,N,,From January 1977 onwards: monthly financial statements. Before 1977: annual financial statements.,BIS-spliced,,,3,9,,Annual: 1977.,"Bank of Mexico, Bank for International Settlements.",5B0,"Mexico - Central bank, assets, total, BIS-spliced",,E,1997-05,305.181,,F,A,
M,MX,B,XDC,MXN,N,,From January 1977 onwards: monthly financial statements. Before 1977: annual financial statements.,BIS-spliced,,,3,9,,Annual: 1977.,"Bank of Mexico, Bank for International Settlements.",5B0,"Mexico - Central bank, assets, total, BIS-spliced",,E,1997-06,304.909,,F,A,
M,MX,B,XDC,MXN,N,,From January 1977 onwards: monthly financial statements. Before 1977: annual financial statements.,BIS-spliced,,,3,9,,Annual: 1977.,"Bank of Mexico, Bank for International Settlements.",5B0,"Mexico - Central bank, assets, total, BIS-spliced",,E,1997-07,313.553,,F,A,
M,MX,B,XDC,MXN,N,,From January 1977 onwards: monthly financial statements. Before 1977: annual financial statements.,BIS-spliced,,,3,9,,Annual: 1977.,"Bank of Mexico, Bank for International Settlements.",5B0,"Mexico - Central bank, assets, total, BIS-spliced",,E,1997-08,322.263,,F,A,
M,MX,B,XDC,MXN,N,,From January 1977 onwards: monthly financial statements. Before 1977: annual financial statements.,BIS-spliced,,,3,9,,Annual: 1977.,"Bank of Mexico, Bank for International Settlements.",5B0,"Mexico - Central bank, assets, total, BIS-spliced",,E,1997-09,331.016,,F,A,
M,MX,B,XDC,MXN,N,,From January 1977 onwards: monthly financial statements. Before 1977: annual financial statements.,BIS-spliced,,,3,9,,Annual: 1977.,"Bank of Mexico, Bank for International Settlements.",5B0,"Mexico - Central bank, assets, total, BIS-spliced",,E,1997-10,351.083,,F,A,
M,MX,B,XDC,MXN,N,,From January 1977 onwards: monthly financial statements. Before 1977: annual financial statements.,BIS-spliced,,,3,9,,Annual: 1977.,"Bank of Mexico, Bank for International Settlements.",5B0,"Mexico - Central bank, assets, total, BIS-spliced",,E,1997-11,347.918,,F,A,
M,MX,B,XDC,MXN,N,,From January 1977 onwards: monthly financial statements. Before 1977: annual financial statements.,BIS-spliced,,,3,9,,Annual: 1977.,"Bank of Mexico, Bank for International Settlements.",5B0,"Mexico - Central bank, assets, total, BIS-spliced",,E,1997-12,368.998,,F,A,
M,MX,B,XDC,MXN,N,,From January 1977 onwards: monthly financial statements. Before 1977: annual financial statements.,BIS-spliced,,,3,9,,Annual: 1977.,"Bank of Mexico, Bank for International Settlements.",5B0,"Mexico - Central bank, assets, total, BIS-spliced",,E,1998-01,374.42,,F,A,
M,MX,B,XDC,MXN,N,,From January 1977 onwards: monthly financial statements. Before 1977: annual financial statements.,BIS-spliced,,,3,9,,Annual: 1977.,"Bank of Mexico, Bank for International Settlements.",5B0,"Mexico - Central bank, assets, total, BIS-spliced",,E,1998-02,372.426,,F,A,
M,MX,B,XDC,MXN,N,,From January 1977 onwards: monthly financial statements. Before 1977: annual financial statements.,BIS-spliced,,,3,9,,Annual: 1977.,"Bank of Mexico, Bank for International Settlements.",5B0,"Mexico - Central bank, assets, total, BIS-spliced",,E,1998-03,380.263,,F,A,
M,MX,B,XDC,MXN,N,,From January 1977 onwards: monthly financial statements. Before 1977: annual financial statements.,BIS-spliced,,,3,9,,Annual: 1977.,"Bank of Mexico, Bank for International Settlements.",5B0,"Mexico - Central bank, assets, total, BIS-spliced",,E,1998-04,412.336,,F,A,
M,MX,B,XDC,MXN,N,,From January 1977 onwards: monthly financial statements. Before 1977: annual financial statements.,BIS-spliced,,,3,9,,Annual: 1977.,"Bank of Mexico, Bank for International Settlements.",5B0,"Mexico - Central bank, assets, total, BIS-spliced",,E,1998-05,411.733,,F,A,
M,MX,B,XDC,MXN,N,,From January 1977 onwards: monthly financial statements. Before 1977: annual financial statements.,BIS-spliced,,,3,9,,Annual: 1977.,"Bank of Mexico, Bank for International Settlements.",5B0,"Mexico - Central bank, assets, total, BIS-spliced",,E,1998-06,413.841,,F,A,
M,MX,B,XDC,MXN,N,,From January 1977 onwards: monthly financial statements. Before 1977: annual financial statements.,BIS-spliced,,,3,9,,Annual: 1977.,"Bank of Mexico, Bank for International Settlements.",5B0,"Mexico - Central bank, assets, total, BIS-spliced",,E,1998-07,421.091,,F,A,
M,MX,B,XDC,MXN,N,,From January 1977 onwards: monthly financial statements. Before 1977: annual financial statements.,BIS-spliced,,,3,9,,Annual: 1977.,"Bank of Mexico, Bank for International Settlements.",5B0,"Mexico - Central bank, assets, total, BIS-spliced",,E,1998-08,431.326,,F,A,
M,MX,B,XDC,MXN,N,,From January 1977 onwards: monthly financial statements. Before 1977: annual financial statements.,BIS-spliced,,,3,9,,Annual: 1977.,"Bank of Mexico, Bank for International Settlements.",5B0,"Mexico - Central bank, assets, total, BIS-spliced",,E,1998-09,421.654,,F,A,
M,MX,B,XDC,MXN,N,,From January 1977 onwards: monthly financial statements. Before 1977: annual financial statements.,BIS-spliced,,,3,9,,Annual: 1977.,"Bank of Mexico, Bank for International Settlements.",5B0,"Mexico - Central bank, assets, total, BIS-spliced",,E,1998-10,435.726,,F,A,
M,MX,B,XDC,MXN,N,,From January 1977 onwards: monthly financial statements. Before 1977: annual financial statements.,BIS-spliced,,,3,9,,Annual: 1977.,"Bank of Mexico, Bank for International Settlements.",5B0,"Mexico - Central bank, assets, total, BIS-spliced",,E,1998-11,434.624,,F,A,
M,MX,B,XDC,MXN,N,,From January 1977 onwards: monthly financial statements. Before 1977: annual financial statements.,BIS-spliced,,,3,9,,Annual: 1977.,"Bank of Mexico, Bank for International Settlements.",5B0,"Mexico - Central bank, assets, total, BIS-spliced",,E,1998-12,456.406,,F,A,
M,MX,B,XDC,MXN,N,,From January 1977 onwards: monthly financial statements. Before 1977: annual financial statements.,BIS-spliced,,,3,9,,Annual: 1977.,"Bank of Mexico, Bank for International Settlements.",5B0,"Mexico - Central bank, assets, total, BIS-spliced",,E,1999-01,472.983,,F,A,
M,MX,B,XDC,MXN,N,,From January 1977 onwards: monthly financial statements. Before 1977: annual financial statements.,BIS-spliced,,,3,9,,Annual: 1977.,"Bank of Mexico, Bank for International Settlements.",5B0,"Mexico - Central bank, assets, total, BIS-spliced",,E,1999-02,484.887,,F,A,
M,MX,B,XDC,MXN,N,,From January 1977 onwards: monthly financial statements. Before 1977: annual financial statements.,BIS-spliced,,,3,9,,Annual: 1977.,"Bank of Mexico, Bank for International Settlements.",5B0,"Mexico - Central bank, assets, total, BIS-spliced",,E,1999-03,497.573,,F,A,
M,MX,B,XDC,MXN,N,,From January 1977 onwards: monthly financial statements. Before 1977: annual financial statements.,BIS-spliced,,,3,9,,Annual: 1977.,"Bank of Mexico, Bank for International Settlements.",5B0,"Mexico - Central bank, assets, total, BIS-spliced",,E,1999-04,516.131,,F,A,
M,MX,B,XDC,MXN,N,,From January 1977 onwards: monthly financial statements. Before 1977: annual financial statements.,BIS-spliced,,,3,9,,Annual: 1977.,"Bank of Mexico, Bank for International Settlements.",5B0,"Mexico - Central bank, assets, total, BIS-spliced",,E,1999-05,529.588,,F,A,
M,MX,B,XDC,MXN,N,,From January 1977 onwards: monthly financial statements. Before 1977: annual financial statements.,BIS-spliced,,,3,9,,Annual: 1977.,"Bank of Mexico, Bank for International Settlements.",5B0,"Mexico - Central bank, assets, total, BIS-spliced",,E,1999-06,515.054,,F,A,
M,MX,B,XDC,MXN,N,,From January 1977 onwards: monthly financial statements. Before 1977: annual financial statements.,BIS-spliced,,,3,9,,Annual: 1977.,"Bank of Mexico, Bank for International Settlements.",5B0,"Mexico - Central bank, assets, total, BIS-spliced",,E,1999-07,518.816,,F,A,
M,MX,B,XDC,MXN,N,,From January 1977 onwards: monthly financial statements. Before 1977: annual financial statements.,BIS-spliced,,,3,9,,Annual: 1977.,"Bank of Mexico, Bank for International Settlements.",5B0,"Mexico - Central bank, assets, total, BIS-spliced",,E,1999-08,511.157,,F,A,
M,MX,B,XDC,MXN,N,,From January 1977 onwards: monthly financial statements. Before 1977: annual financial statements.,BIS-spliced,,,3,9,,Annual: 1977.,"Bank of Mexico, Bank for International Settlements.",5B0,"Mexico - Central bank, assets, total, BIS-spliced",,E,1999-09,512.285,,F,A,
M,MX,B,XDC,MXN,N,,From January 1977 onwards: monthly financial statements. Before 1977: annual financial statements.,BIS-spliced,,,3,9,,Annual: 1977.,"Bank of Mexico, Bank for International Settlements.",5B0,"Mexico - Central bank, assets, total, BIS-spliced",,E,1999-10,530.421,,F,A,
M,MX,B,XDC,MXN,N,,From January 1977 onwards: monthly financial statements. Before 1977: annual financial statements.,BIS-spliced,,,3,9,,Annual: 1977.,"Bank of Mexico, Bank for International Settlements.",5B0,"Mexico - Central bank, assets, total, BIS-spliced",,E,1999-11,532.333,,F,A,
M,MX,B,XDC,MXN,N,,From January 1977 onwards: monthly financial statements. Before 1977: annual financial statements.,BIS-spliced,,,3,9,,Annual: 1977.,"Bank of Mexico, Bank for International Settlements.",5B0,"Mexico - Central bank, assets, total, BIS-spliced",,E,1999-12,583.193,,F,A,
M,MX,B,XDC,MXN,N,,From January 1977 onwards: monthly financial statements. Before 1977: annual financial statements.,BIS-spliced,,,3,9,,Annual: 1977.,"Bank of Mexico, Bank for International Settlements.",5B0,"Mexico - Central bank, assets, total, BIS-spliced",,E,2000-01,582.421,,F,A,
M,MX,B,XDC,MXN,N,,From January 1977 onwards: monthly financial statements. Before 1977: annual financial statements.,BIS-spliced,,,3,9,,Annual: 1977.,"Bank of Mexico, Bank for International Settlements.",5B0,"Mexico - Central bank, assets, total, BIS-spliced",,E,2000-02,564.8,,F,A,
M,MX,B,XDC,MXN,N,,From January 1977 onwards: monthly financial statements. Before 1977: annual financial statements.,BIS-spliced,,,3,9,,Annual: 1977.,"Bank of Mexico, Bank for International Settlements.",5B0,"Mexico - Central bank, assets, total, BIS-spliced",,E,2000-03,547.175,,F,A,
M,MX,B,XDC,MXN,N,,From January 1977 onwards: monthly financial statements. Before 1977: annual financial statements.,BIS-spliced,,,3,9,,Annual: 1977.,"Bank of Mexico, Bank for International Settlements.",5B0,"Mexico - Central bank, assets, total, BIS-spliced",,E,2000-04,571.189,,F,A,
M,MX,B,XDC,MXN,N,,From January 1977 onwards: monthly financial statements. Before 1977: annual financial statements.,BIS-spliced,,,3,9,,Annual: 1977.,"Bank of Mexico, Bank for International Settlements.",5B0,"Mexico - Central bank, assets, total, BIS-spliced",,E,2000-05,575.791,,F,A,
M,MX,B,XDC,MXN,N,,From January 1977 onwards: monthly financial statements. Before 1977: annual financial statements.,BIS-spliced,,,3,9,,Annual: 1977.,"Bank of Mexico, Bank for International Settlements.",5B0,"Mexico - Central bank, assets, total, BIS-spliced",,E,2000-06,579.939,,F,A,
M,MX,B,XDC,MXN,N,,From January 1977 onwards: monthly financial statements. Before 1977: annual financial statements.,BIS-spliced,,,3,9,,Annual: 1977.,"Bank of Mexico, Bank for International Settlements.",5B0,"Mexico - Central bank, assets, total, BIS-spliced",,E,2000-07,564.722,,F,A,
M,MX,B,XDC,MXN,N,,From January 1977 onwards: monthly financial statements. Before 1977: annual financial statements.,BIS-spliced,,,3,9,,Annual: 1977.,"Bank of Mexico, Bank for International Settlements.",5B0,"Mexico - Central bank, assets, total, BIS-spliced",,E,2000-08,539.911,,F,A,
M,MX,B,XDC,MXN,N,,From January 1977 onwards: monthly financial statements. Before 1977: annual financial statements.,BIS-spliced,,,3,9,,Annual: 1977.,"Bank of Mexico, Bank for International Settlements.",5B0,"Mexico - Central bank, assets, total, BIS-spliced",,E,2000-09,565.664,,F,A,
M,MX,B,XDC,MXN,N,,From January 1977 onwards: monthly financial statements. Before 1977: annual financial statements.,BIS-spliced,,,3,9,,Annual: 1977.,"Bank of Mexico, Bank for International Settlements.",5B0,"Mexico - Central bank, assets, total, BIS-spliced",,E,2000-10,590.901,,F,A,
M,MX,B,XDC,MXN,N,,From January 1977 onwards: monthly financial statements. Before 1977: annual financial statements.,BIS-spliced,,,3,9,,Annual: 1977.,"Bank of Mexico, Bank for International Settlements.",5B0,"Mexico - Central bank, assets, total, BIS-spliced",,E,2000-11,585.788,,F,A,
M,MX,B,XDC,MXN,N,,From January 1977 onwards: monthly financial statements. Before 1977: annual financial statements.,BIS-spliced,,,3,9,,Annual: 1977.,"Bank of Mexico, Bank for International Settlements.",5B0,"Mexico - Central bank, assets, total, BIS-spliced",,E,2000-12,620.912,,F,A,
M,MX,B,XDC,MXN,N,,From January 1977 onwards: monthly financial statements. Before 1977: annual financial statements.,BIS-spliced,,,3,9,,Annual: 1977.,"Bank of Mexico, Bank for International Settlements.",5B0,"Mexico - Central bank, assets, total, BIS-spliced",,E,2001-01,626.011,,F,A,
M,MX,B,XDC,MXN,N,,From January 1977 onwards: monthly financial statements. Before 1977: annual financial statements.,BIS-spliced,,,3,9,,Annual: 1977.,"Bank of Mexico, Bank for International Settlements.",5B0,"Mexico - Central bank, assets, total, BIS-spliced",,E,2001-02,624.911,,F,A,
M,MX,B,XDC,MXN,N,,From January 1977 onwards: monthly financial statements. Before 1977: annual financial statements.,BIS-spliced,,,3,9,,Annual: 1977.,"Bank of Mexico, Bank for International Settlements.",5B0,"Mexico - Central bank, assets, total, BIS-spliced",,E,2001-03,616.795,,F,A,
M,MX,B,XDC,MXN,N,,From January 1977 onwards: monthly financial statements. Before 1977: annual financial statements.,BIS-spliced,,,3,9,,Annual: 1977.,"Bank of Mexico, Bank for International Settlements.",5B0,"Mexico - Central bank, assets, total, BIS-spliced",,E,2001-04,626.667,,F,A,
M,MX,B,XDC,MXN,N,,From January 1977 onwards: monthly financial statements. Before 1977: annual financial statements.,BIS-spliced,,,3,9,,Annual: 1977.,"Bank of Mexico, Bank for International Settlements.",5B0,"Mexico - Central bank, assets, total, BIS-spliced",,E,2001-05,607.386,,F,A,
M,MX,B,XDC,MXN,N,,From January 1977 onwards: monthly financial statements. Before 1977: annual financial statements.,BIS-spliced,,,3,9,,Annual: 1977.,"Bank of Mexico, Bank for International Settlements.",5B0,"Mexico - Central bank, assets, total, BIS-spliced",,E,2001-06,591.326,,F,A,
M,MX,B,XDC,MXN,N,,From January 1977 onwards: monthly financial statements. Before 1977: annual financial statements.,BIS-spliced,,,3,9,,Annual: 1977.,"Bank of Mexico, Bank for International Settlements.",5B0,"Mexico - Central bank, assets, total, BIS-spliced",,E,2001-07,640.109,,F,A,
M,MX,B,XDC,MXN,N,,From January 1977 onwards: monthly financial statements. Before 1977: annual financial statements.,BIS-spliced,,,3,9,,Annual: 1977.,"Bank of Mexico, Bank for International Settlements.",5B0,"Mexico - Central bank, assets, total, BIS-spliced",,E,2001-08,658.04,,F,A,
M,MX,B,XDC,MXN,N,,From January 1977 onwards: monthly financial statements. Before 1977: annual financial statements.,BIS-spliced,,,3,9,,Annual: 1977.,"Bank of Mexico, Bank for International Settlements.",5B0,"Mexico - Central bank, assets, total, BIS-spliced",,E,2001-09,651.083,,F,A,
M,MX,B,XDC,MXN,N,,From January 1977 onwards: monthly financial statements. Before 1977: annual financial statements.,BIS-spliced,,,3,9,,Annual: 1977.,"Bank of Mexico, Bank for International Settlements.",5B0,"Mexico - Central bank, assets, total, BIS-spliced",,E,2001-10,657.108,,F,A,
M,MX,B,XDC,MXN,N,,From January 1977 onwards: monthly financial statements. Before 1977: annual financial statements.,BIS-spliced,,,3,9,,Annual: 1977.,"Bank of Mexico, Bank for International Settlements.",5B0,"Mexico - Central bank, assets, total, BIS-spliced",,E,2001-11,666.265,,F,A,
M,MX,B,XDC,MXN,N,,From January 1977 onwards: monthly financial statements. Before 1977: annual financial statements.,BIS-spliced,,,3,9,,Annual: 1977.,"Bank of Mexico, Bank for International Settlements.",5B0,"Mexico - Central bank, assets, total, BIS-spliced",,E,2001-12,665.454,,F,A,
M,MX,B,XDC,MXN,N,,From January 1977 onwards: monthly financial statements. Before 1977: annual financial statements.,BIS-spliced,,,3,9,,Annual: 1977.,"Bank of Mexico, Bank for International Settlements.",5B0,"Mexico - Central bank, assets, total, BIS-spliced",,E,2002-01,662.391,,F,A,
M,MX,B,XDC,MXN,N,,From January 1977 onwards: monthly financial statements. Before 1977: annual financial statements.,BIS-spliced,,,3,9,,Annual: 1977.,"Bank of Mexico, Bank for International Settlements.",5B0,"Mexico - Central bank, assets, total, BIS-spliced",,E,2002-02,672.463,,F,A,
M,MX,B,XDC,MXN,N,,From January 1977 onwards: monthly financial statements. Before 1977: annual financial statements.,BIS-spliced,,,3,9,,Annual: 1977.,"Bank of Mexico, Bank for International Settlements.",5B0,"Mexico - Central bank, assets, total, BIS-spliced",,E,2002-03,677.745,,F,A,
M,MX,B,XDC,MXN,N,,From January 1977 onwards: monthly financial statements. Before 1977: annual financial statements.,BIS-spliced,,,3,9,,Annual: 1977.,"Bank of Mexico, Bank for International Settlements.",5B0,"Mexico - Central bank, assets, total, BIS-spliced",,E,2002-04,691.604,,F,A,
M,MX,B,XDC,MXN,N,,From January 1977 onwards: monthly financial statements. Before 1977: annual financial statements.,BIS-spliced,,,3,9,,Annual: 1977.,"Bank of Mexico, Bank for International Settlements.",5B0,"Mexico - Central bank, assets, total, BIS-spliced",,E,2002-05,716.883,,F,A,
M,MX,B,XDC,MXN,N,,From January 1977 onwards: monthly financial statements. Before 1977: annual financial statements.,BIS-spliced,,,3,9,,Annual: 1977.,"Bank of Mexico, Bank for International Settlements.",5B0,"Mexico - Central bank, assets, total, BIS-spliced",,E,2002-06,728.032,,F,A,
M,MX,B,XDC,MXN,N,,From January 1977 onwards: monthly financial statements. Before 1977: annual financial statements.,BIS-spliced,,,3,9,,Annual: 1977.,"Bank of Mexico, Bank for International Settlements.",5B0,"Mexico - Central bank, assets, total, BIS-spliced",,E,2002-07,711.388,,F,A,
M,MX,B,XDC,MXN,N,,From January 1977 onwards: monthly financial statements. Before 1977: annual financial statements.,BIS-spliced,,,3,9,,Annual: 1977.,"Bank of Mexico, Bank for International Settlements.",5B0,"Mexico - Central bank, assets, total, BIS-spliced",,E,2002-08,731.69,,F,A,
M,MX,B,XDC,MXN,N,,From January 1977 onwards: monthly financial statements. Before 1977: annual financial statements.,BIS-spliced,,,3,9,,Annual: 1977.,"Bank of Mexico, Bank for International Settlements.",5B0,"Mexico - Central bank, assets, total, BIS-spliced",,E,2002-09,756.395,,F,A,
M,MX,B,XDC,MXN,N,,From January 1977 onwards: monthly financial statements. Before 1977: annual financial statements.,BIS-spliced,,,3,9,,Annual: 1977.,"Bank of Mexico, Bank for International Settlements.",5B0,"Mexico - Central bank, assets, total, BIS-spliced",,E,2002-10,792.573,,F,A,
M,MX,B,XDC,MXN,N,,From January 1977 onwards: monthly financial statements. Before 1977: annual financial statements.,BIS-spliced,,,3,9,,Annual: 1977.,"Bank of Mexico, Bank for International Settlements.",5B0,"Mexico - Central bank, assets, total, BIS-spliced",,E,2002-11,808.518,,F,A,
M,MX,B,XDC,MXN,N,,From January 1977 onwards: monthly financial statements. Before 1977: annual financial statements.,BIS-spliced,,,3,9,,Annual: 1977.,"Bank of Mexico, Bank for International Settlements.",5B0,"Mexico - Central bank, assets, total, BIS-spliced",,E,2002-12,794.048,,F,A,
M,MX,B,XDC,MXN,N,,From January 1977 onwards: monthly financial statements. Before 1977: annual financial statements.,BIS-spliced,,,3,9,,Annual: 1977.,"Bank of Mexico, Bank for International Settlements.",5B0,"Mexico - Central bank, assets, total, BIS-spliced",,E,2003-01,775.95,,F,A,
M,MX,B,XDC,MXN,N,,From January 1977 onwards: monthly financial statements. Before 1977: annual financial statements.,BIS-spliced,,,3,9,,Annual: 1977.,"Bank of Mexico, Bank for International Settlements.",5B0,"Mexico - Central bank, assets, total, BIS-spliced",,E,2003-02,765.992,,F,A,
M,MX,B,XDC,MXN,N,,From January 1977 onwards: monthly financial statements. Before 1977: annual financial statements.,BIS-spliced,,,3,9,,Annual: 1977.,"Bank of Mexico, Bank for International Settlements.",5B0,"Mexico - Central bank, assets, total, BIS-spliced",,E,2003-03,772.679,,F,A,
M,MX,B,XDC,MXN,N,,From January 1977 onwards: monthly financial statements. Before 1977: annual financial statements.,BIS-spliced,,,3,9,,Annual: 1977.,"Bank of Mexico, Bank for International Settlements.",5B0,"Mexico - Central bank, assets, total, BIS-spliced",,E,2003-04,822.241,,F,A,
M,MX,B,XDC,MXN,N,,From January 1977 onwards: monthly financial statements. Before 1977: annual financial statements.,BIS-spliced,,,3,9,,Annual: 1977.,"Bank of Mexico, Bank for International Settlements.",5B0,"Mexico - Central bank, assets, total, BIS-spliced",,E,2003-05,843.515,,F,A,
M,MX,B,XDC,MXN,N,,From January 1977 onwards: monthly financial statements. Before 1977: annual financial statements.,BIS-spliced,,,3,9,,Annual: 1977.,"Bank of Mexico, Bank for International Settlements.",5B0,"Mexico - Central bank, assets, total, BIS-spliced",,E,2003-06,846.069,,F,A,
M,MX,B,XDC,MXN,N,,From January 1977 onwards: monthly financial statements. Before 1977: annual financial statements.,BIS-spliced,,,3,9,,Annual: 1977.,"Bank of Mexico, Bank for International Settlements.",5B0,"Mexico - Central bank, assets, total, BIS-spliced",,E,2003-07,829.571,,F,A,
M,MX,B,XDC,MXN,N,,From January 1977 onwards: monthly financial statements. Before 1977: annual financial statements.,BIS-spliced,,,3,9,,Annual: 1977.,"Bank of Mexico, Bank for International Settlements.",5B0,"Mexico - Central bank, assets, total, BIS-spliced",,E,2003-08,843.048,,F,A,
M,MX,B,XDC,MXN,N,,From January 1977 onwards: monthly financial statements. Before 1977: annual financial statements.,BIS-spliced,,,3,9,,Annual: 1977.,"Bank of Mexico, Bank for International Settlements.",5B0,"Mexico - Central bank, assets, total, BIS-spliced",,E,2003-09,856.959,,F,A,
M,MX,B,XDC,MXN,N,,From January 1977 onwards: monthly financial statements. Before 1977: annual financial statements.,BIS-spliced,,,3,9,,Annual: 1977.,"Bank of Mexico, Bank for International Settlements.",5B0,"Mexico - Central bank, assets, total, BIS-spliced",,E,2003-10,866.81,,F,A,
M,MX,B,XDC,MXN,N,,From January 1977 onwards: monthly financial statements. Before 1977: annual financial statements.,BIS-spliced,,,3,9,,Annual: 1977.,"Bank of Mexico, Bank for International Settlements.",5B0,"Mexico - Central bank, assets, total, BIS-spliced",,E,2003-11,891.318,,F,A,
M,MX,B,XDC,MXN,N,,From January 1977 onwards: monthly financial statements. Before 1977: annual financial statements.,BIS-spliced,,,3,9,,Annual: 1977.,"Bank of Mexico, Bank for International Settlements.",5B0,"Mexico - Central bank, assets, total, BIS-spliced",,E,2003-12,895.383,,F,A,
M,MX,B,XDC,MXN,N,,From January 1977 onwards: monthly financial statements. Before 1977: annual financial statements.,BIS-spliced,,,3,9,,Annual: 1977.,"Bank of Mexico, Bank for International Settlements.",5B0,"Mexico - Central bank, assets, total, BIS-spliced",,E,2004-01,854.337,,F,A,
M,MX,B,XDC,MXN,N,,From January 1977 onwards: monthly financial statements. Before 1977: annual financial statements.,BIS-spliced,,,3,9,,Annual: 1977.,"Bank of Mexico, Bank for International Settlements.",5B0,"Mexico - Central bank, assets, total, BIS-spliced",,E,2004-02,877.314,,F,A,
M,MX,B,XDC,MXN,N,,From January 1977 onwards: monthly financial statements. Before 1977: annual financial statements.,BIS-spliced,,,3,9,,Annual: 1977.,"Bank of Mexico, Bank for International Settlements.",5B0,"Mexico - Central bank, assets, total, BIS-spliced",,E,2004-03,893.023,,F,A,
M,MX,B,XDC,MXN,N,,From January 1977 onwards: monthly financial statements. Before 1977: annual financial statements.,BIS-spliced,,,3,9,,Annual: 1977.,"Bank of Mexico, Bank for International Settlements.",5B0,"Mexico - Central bank, assets, total, BIS-spliced",,E,2004-04,944.055,,F,A,
M,MX,B,XDC,MXN,N,,From January 1977 onwards: monthly financial statements. Before 1977: annual financial statements.,BIS-spliced,,,3,9,,Annual: 1977.,"Bank of Mexico, Bank for International Settlements.",5B0,"Mexico - Central bank, assets, total, BIS-spliced",,E,2004-05,959.306,,F,A,
M,MX,B,XDC,MXN,N,,From January 1977 onwards: monthly financial statements. Before 1977: annual financial statements.,BIS-spliced,,,3,9,,Annual: 1977.,"Bank of Mexico, Bank for International Settlements.",5B0,"Mexico - Central bank, assets, total, BIS-spliced",,E,2004-06,939.17,,F,A,
M,MX,B,XDC,MXN,N,,From January 1977 onwards: monthly financial statements. Before 1977: annual financial statements.,BIS-spliced,,,3,9,,Annual: 1977.,"Bank of Mexico, Bank for International Settlements.",5B0,"Mexico - Central bank, assets, total, BIS-spliced",,E,2004-07,923.382,,F,A,
M,MX,B,XDC,MXN,N,,From January 1977 onwards: monthly financial statements. Before 1977: annual financial statements.,BIS-spliced,,,3,9,,Annual: 1977.,"Bank of Mexico, Bank for International Settlements.",5B0,"Mexico - Central bank, assets, total, BIS-spliced",,E,2004-08,930,,F,A,
M,MX,B,XDC,MXN,N,,From January 1977 onwards: monthly financial statements. Before 1977: annual financial statements.,BIS-spliced,,,3,9,,Annual: 1977.,"Bank of Mexico, Bank for International Settlements.",5B0,"Mexico - Central bank, assets, total, BIS-spliced",,E,2004-09,872.769,,F,A,
M,MX,B,XDC,MXN,N,,From January 1977 onwards: monthly financial statements. Before 1977: annual financial statements.,BIS-spliced,,,3,9,,Annual: 1977.,"Bank of Mexico, Bank for International Settlements.",5B0,"Mexico - Central bank, assets, total, BIS-spliced",,E,2004-10,876.476,,F,A,
M,MX,B,XDC,MXN,N,,From January 1977 onwards: monthly financial statements. Before 1977: annual financial statements.,BIS-spliced,,,3,9,,Annual: 1977.,"Bank of Mexico, Bank for International Settlements.",5B0,"Mexico - Central bank, assets, total, BIS-spliced",,E,2004-11,894.402,,F,A,
M,MX,B,XDC,MXN,N,,From January 1977 onwards: monthly financial statements. Before 1977: annual financial statements.,BIS-spliced,,,3,9,,Annual: 1977.,"Bank of Mexico, Bank for International Settlements.",5B0,"Mexico - Central bank, assets, total, BIS-spliced",,E,2004-12,945.245,,F,A,
M,MX,B,XDC,MXN,N,,From January 1977 onwards: monthly financial statements. Before 1977: annual financial statements.,BIS-spliced,,,3,9,,Annual: 1977.,"Bank of Mexico, Bank for International Settlements.",5B0,"Mexico - Central bank, assets, total, BIS-spliced",,E,2005-01,923.487,,F,A,
M,MX,B,XDC,MXN,N,,From January 1977 onwards: monthly financial statements. Before 1977: annual financial statements.,BIS-spliced,,,3,9,,Annual: 1977.,"Bank of Mexico, Bank for International Settlements.",5B0,"Mexico - Central bank, assets, total, BIS-spliced",,E,2005-02,906.045,,F,A,
M,MX,B,XDC,MXN,N,,From January 1977 onwards: monthly financial statements. Before 1977: annual financial statements.,BIS-spliced,,,3,9,,Annual: 1977.,"Bank of Mexico, Bank for International Settlements.",5B0,"Mexico - Central bank, assets, total, BIS-spliced",,E,2005-03,924.619,,F,A,
M,MX,B,XDC,MXN,N,,From January 1977 onwards: monthly financial statements. Before 1977: annual financial statements.,BIS-spliced,,,3,9,,Annual: 1977.,"Bank of Mexico, Bank for International Settlements.",5B0,"Mexico - Central bank, assets, total, BIS-spliced",,E,2005-04,944.904,,F,A,
M,MX,B,XDC,MXN,N,,From January 1977 onwards: monthly financial statements. Before 1977: annual financial statements.,BIS-spliced,,,3,9,,Annual: 1977.,"Bank of Mexico, Bank for International Settlements.",5B0,"Mexico - Central bank, assets, total, BIS-spliced",,E,2005-05,932.414,,F,A,
M,MX,B,XDC,MXN,N,,From January 1977 onwards: monthly financial statements. Before 1977: annual financial statements.,BIS-spliced,,,3,9,,Annual: 1977.,"Bank of Mexico, Bank for International Settlements.",5B0,"Mexico - Central bank, assets, total, BIS-spliced",,E,2005-06,882.328,,F,A,
M,MX,B,XDC,MXN,N,,From January 1977 onwards: monthly financial statements. Before 1977: annual financial statements.,BIS-spliced,,,3,9,,Annual: 1977.,"Bank of Mexico, Bank for International Settlements.",5B0,"Mexico - Central bank, assets, total, BIS-spliced",,E,2005-07,860.269,,F,A,
M,MX,B,XDC,MXN,N,,From January 1977 onwards: monthly financial statements. Before 1977: annual financial statements.,BIS-spliced,,,3,9,,Annual: 1977.,"Bank of Mexico, Bank for International Settlements.",5B0,"Mexico - Central bank, assets, total, BIS-spliced",,E,2005-08,888.539,,F,A,
M,MX,B,XDC,MXN,N,,From January 1977 onwards: monthly financial statements. Before 1977: annual financial statements.,BIS-spliced,,,3,9,,Annual: 1977.,"Bank of Mexico, Bank for International Settlements.",5B0,"Mexico - Central bank, assets, total, BIS-spliced",,E,2005-09,904.694,,F,A,
M,MX,B,XDC,MXN,N,,From January 1977 onwards: monthly financial statements. Before 1977: annual financial statements.,BIS-spliced,,,3,9,,Annual: 1977.,"Bank of Mexico, Bank for International Settlements.",5B0,"Mexico - Central bank, assets, total, BIS-spliced",,E,2005-10,924.879,,F,A,
M,MX,B,XDC,MXN,N,,From January 1977 onwards: monthly financial statements. Before 1977: annual financial statements.,BIS-spliced,,,3,9,,Annual: 1977.,"Bank of Mexico, Bank for International Settlements.",5B0,"Mexico - Central bank, assets, total, BIS-spliced",,E,2005-11,922.352,,F,A,
M,MX,B,XDC,MXN,N,,From January 1977 onwards: monthly financial statements. Before 1977: annual financial statements.,BIS-spliced,,,3,9,,Annual: 1977.,"Bank of Mexico, Bank for International Settlements.",5B0,"Mexico - Central bank, assets, total, BIS-spliced",,E,2005-12,1002.687,,F,A,
M,MX,B,XDC,MXN,N,,From January 1977 onwards: monthly financial statements. Before 1977: annual financial statements.,BIS-spliced,,,3,9,,Annual: 1977.,"Bank of Mexico, Bank for International Settlements.",5B0,"Mexico - Central bank, assets, total, BIS-spliced",,E,2006-01,927.067,,F,A,
M,MX,B,XDC,MXN,N,,From January 1977 onwards: monthly financial statements. Before 1977: annual financial statements.,BIS-spliced,,,3,9,,Annual: 1977.,"Bank of Mexico, Bank for International Settlements.",5B0,"Mexico - Central bank, assets, total, BIS-spliced",,E,2006-02,931.067,,F,A,
M,MX,B,XDC,MXN,N,,From January 1977 onwards: monthly financial statements. Before 1977: annual financial statements.,BIS-spliced,,,3,9,,Annual: 1977.,"Bank of Mexico, Bank for International Settlements.",5B0,"Mexico - Central bank, assets, total, BIS-spliced",,E,2006-03,940.991,,F,A,
M,MX,B,XDC,MXN,N,,From January 1977 onwards: monthly financial statements. Before 1977: annual financial statements.,BIS-spliced,,,3,9,,Annual: 1977.,"Bank of Mexico, Bank for International Settlements.",5B0,"Mexico - Central bank, assets, total, BIS-spliced",,E,2006-04,1047.549,,F,A,
M,MX,B,XDC,MXN,N,,From January 1977 onwards: monthly financial statements. Before 1977: annual financial statements.,BIS-spliced,,,3,9,,Annual: 1977.,"Bank of Mexico, Bank for International Settlements.",5B0,"Mexico - Central bank, assets, total, BIS-spliced",,E,2006-05,1112.96,,F,A,
M,MX,B,XDC,MXN,N,,From January 1977 onwards: monthly financial statements. Before 1977: annual financial statements.,BIS-spliced,,,3,9,,Annual: 1977.,"Bank of Mexico, Bank for International Settlements.",5B0,"Mexico - Central bank, assets, total, BIS-spliced",,E,2006-06,1119.272,,F,A,
M,MX,B,XDC,MXN,N,,From January 1977 onwards: monthly financial statements. Before 1977: annual financial statements.,BIS-spliced,,,3,9,,Annual: 1977.,"Bank of Mexico, Bank for International Settlements.",5B0,"Mexico - Central bank, assets, total, BIS-spliced",,E,2006-07,1110.772,,F,A,
M,MX,B,XDC,MXN,N,,From January 1977 onwards: monthly financial statements. Before 1977: annual financial statements.,BIS-spliced,,,3,9,,Annual: 1977.,"Bank of Mexico, Bank for International Settlements.",5B0,"Mexico - Central bank, assets, total, BIS-spliced",,E,2006-08,965.907,,F,A,
M,MX,B,XDC,MXN,N,,From January 1977 onwards: monthly financial statements. Before 1977: annual financial statements.,BIS-spliced,,,3,9,,Annual: 1977.,"Bank of Mexico, Bank for International Settlements.",5B0,"Mexico - Central bank, assets, total, BIS-spliced",,E,2006-09,1038.698,,F,A,
M,MX,B,XDC,MXN,N,,From January 1977 onwards: monthly financial statements. Before 1977: annual financial statements.,BIS-spliced,,,3,9,,Annual: 1977.,"Bank of Mexico, Bank for International Settlements.",5B0,"Mexico - Central bank, assets, total, BIS-spliced",,E,2006-10,1058.795,,F,A,
M,MX,B,XDC,MXN,N,,From January 1977 onwards: monthly financial statements. Before 1977: annual financial statements.,BIS-spliced,,,3,9,,Annual: 1977.,"Bank of Mexico, Bank for International Settlements.",5B0,"Mexico - Central bank, assets, total, BIS-spliced",,E,2006-11,1135.379,,F,A,
M,MX,B,XDC,MXN,N,,From January 1977 onwards: monthly financial statements. Before 1977: annual financial statements.,BIS-spliced,,,3,9,,Annual: 1977.,"Bank of Mexico, Bank for International Settlements.",5B0,"Mexico - Central bank, assets, total, BIS-spliced",,E,2006-12,1097.452,,F,A,
M,MX,B,XDC,MXN,N,,From January 1977 onwards: monthly financial statements. Before 1977: annual financial statements.,BIS-spliced,,,3,9,,Annual: 1977.,"Bank of Mexico, Bank for International Settlements.",5B0,"Mexico - Central bank, assets, total, BIS-spliced",,E,2007-01,1046.623,,F,A,
M,MX,B,XDC,MXN,N,,From January 1977 onwards: monthly financial statements. Before 1977: annual financial statements.,BIS-spliced,,,3,9,,Annual: 1977.,"Bank of Mexico, Bank for International Settlements.",5B0,"Mexico - Central bank, assets, total, BIS-spliced",,E,2007-02,1066.741,,F,A,
M,MX,B,XDC,MXN,N,,From January 1977 onwards: monthly financial statements. Before 1977: annual financial statements.,BIS-spliced,,,3,9,,Annual: 1977.,"Bank of Mexico, Bank for International Settlements.",5B0,"Mexico - Central bank, assets, total, BIS-spliced",,E,2007-03,1076.113,,F,A,
M,MX,B,XDC,MXN,N,,From January 1977 onwards: monthly financial statements. Before 1977: annual financial statements.,BIS-spliced,,,3,9,,Annual: 1977.,"Bank of Mexico, Bank for International Settlements.",5B0,"Mexico - Central bank, assets, total, BIS-spliced",,E,2007-04,1140.409,,F,A,
M,MX,B,XDC,MXN,N,,From January 1977 onwards: monthly financial statements. Before 1977: annual financial statements.,BIS-spliced,,,3,9,,Annual: 1977.,"Bank of Mexico, Bank for International Settlements.",5B0,"Mexico - Central bank, assets, total, BIS-spliced",,E,2007-05,1193.737,,F,A,
M,MX,B,XDC,MXN,N,,From January 1977 onwards: monthly financial statements. Before 1977: annual financial statements.,BIS-spliced,,,3,9,,Annual: 1977.,"Bank of Mexico, Bank for International Settlements.",5B0,"Mexico - Central bank, assets, total, BIS-spliced",,E,2007-06,1127.878,,F,A,
M,MX,B,XDC,MXN,N,,From January 1977 onwards: monthly financial statements. Before 1977: annual financial statements.,BIS-spliced,,,3,9,,Annual: 1977.,"Bank of Mexico, Bank for International Settlements.",5B0,"Mexico - Central bank, assets, total, BIS-spliced",,E,2007-07,1173.293,,F,A,
M,MX,B,XDC,MXN,N,,From January 1977 onwards: monthly financial statements. Before 1977: annual financial statements.,BIS-spliced,,,3,9,,Annual: 1977.,"Bank of Mexico, Bank for International Settlements.",5B0,"Mexico - Central bank, assets, total, BIS-spliced",,E,2007-08,1141.51,,F,A,
M,MX,B,XDC,MXN,N,,From January 1977 onwards: monthly financial statements. Before 1977: annual financial statements.,BIS-spliced,,,3,9,,Annual: 1977.,"Bank of Mexico, Bank for International Settlements.",5B0,"Mexico - Central bank, assets, total, BIS-spliced",,E,2007-09,1129.777,,F,A,
M,MX,B,XDC,MXN,N,,From January 1977 onwards: monthly financial statements. Before 1977: annual financial statements.,BIS-spliced,,,3,9,,Annual: 1977.,"Bank of Mexico, Bank for International Settlements.",5B0,"Mexico - Central bank, assets, total, BIS-spliced",,E,2007-10,1172.581,,F,A,
M,MX,B,XDC,MXN,N,,From January 1977 onwards: monthly financial statements. Before 1977: annual financial statements.,BIS-spliced,,,3,9,,Annual: 1977.,"Bank of Mexico, Bank for International Settlements.",5B0,"Mexico - Central bank, assets, total, BIS-spliced",,E,2007-11,1222.177,,F,A,
M,MX,B,XDC,MXN,N,,From January 1977 onwards: monthly financial statements. Before 1977: annual financial statements.,BIS-spliced,,,3,9,,Annual: 1977.,"Bank of Mexico, Bank for International Settlements.",5B0,"Mexico - Central bank, assets, total, BIS-spliced",,E,2007-12,1181.914,,F,A,
M,MX,B,XDC,MXN,N,,From January 1977 onwards: monthly financial statements. Before 1977: annual financial statements.,BIS-spliced,,,3,9,,Annual: 1977.,"Bank of Mexico, Bank for International Settlements.",5B0,"Mexico - Central bank, assets, total, BIS-spliced",,E,2008-01,1170.095,,F,A,
M,MX,B,XDC,MXN,N,,From January 1977 onwards: monthly financial statements. Before 1977: annual financial statements.,BIS-spliced,,,3,9,,Annual: 1977.,"Bank of Mexico, Bank for International Settlements.",5B0,"Mexico - Central bank, assets, total, BIS-spliced",,E,2008-02,1187.083,,F,A,
M,MX,B,XDC,MXN,N,,From January 1977 onwards: monthly financial statements. Before 1977: annual financial statements.,BIS-spliced,,,3,9,,Annual: 1977.,"Bank of Mexico, Bank for International Settlements.",5B0,"Mexico - Central bank, assets, total, BIS-spliced",,E,2008-03,1232.675,,F,A,
M,MX,B,XDC,MXN,N,,From January 1977 onwards: monthly financial statements. Before 1977: annual financial statements.,BIS-spliced,,,3,9,,Annual: 1977.,"Bank of Mexico, Bank for International Settlements.",5B0,"Mexico - Central bank, assets, total, BIS-spliced",,E,2008-04,1240.405,,F,A,
M,MX,B,XDC,MXN,N,,From January 1977 onwards: monthly financial statements. Before 1977: annual financial statements.,BIS-spliced,,,3,9,,Annual: 1977.,"Bank of Mexico, Bank for International Settlements.",5B0,"Mexico - Central bank, assets, total, BIS-spliced",,E,2008-05,1222.722,,F,A,
M,MX,B,XDC,MXN,N,,From January 1977 onwards: monthly financial statements. Before 1977: annual financial statements.,BIS-spliced,,,3,9,,Annual: 1977.,"Bank of Mexico, Bank for International Settlements.",5B0,"Mexico - Central bank, assets, total, BIS-spliced",,E,2008-06,1199.639,,F,A,
M,MX,B,XDC,MXN,N,,From January 1977 onwards: monthly financial statements. Before 1977: annual financial statements.,BIS-spliced,,,3,9,,Annual: 1977.,"Bank of Mexico, Bank for International Settlements.",5B0,"Mexico - Central bank, assets, total, BIS-spliced",,E,2008-07,1139.85,,F,A,
M,MX,B,XDC,MXN,N,,From January 1977 onwards: monthly financial statements. Before 1977: annual financial statements.,BIS-spliced,,,3,9,,Annual: 1977.,"Bank of Mexico, Bank for International Settlements.",5B0,"Mexico - Central bank, assets, total, BIS-spliced",,E,2008-08,1176.32,,F,A,
M,MX,B,XDC,MXN,N,,From January 1977 onwards: monthly financial statements. Before 1977: annual financial statements.,BIS-spliced,,,3,9,,Annual: 1977.,"Bank of Mexico, Bank for International Settlements.",5B0,"Mexico - Central bank, assets, total, BIS-spliced",,E,2008-09,1265.478,,F,A,
M,MX,B,XDC,MXN,N,,From January 1977 onwards: monthly financial statements. Before 1977: annual financial statements.,BIS-spliced,,,3,9,,Annual: 1977.,"Bank of Mexico, Bank for International Settlements.",5B0,"Mexico - Central bank, assets, total, BIS-spliced",,E,2008-10,1371.988,,F,A,
M,MX,B,XDC,MXN,N,,From January 1977 onwards: monthly financial statements. Before 1977: annual financial statements.,BIS-spliced,,,3,9,,Annual: 1977.,"Bank of Mexico, Bank for International Settlements.",5B0,"Mexico - Central bank, assets, total, BIS-spliced",,E,2008-11,1490.099,,F,A,
M,MX,B,XDC,MXN,N,,From January 1977 onwards: monthly financial statements. Before 1977: annual financial statements.,BIS-spliced,,,3,9,,Annual: 1977.,"Bank of Mexico, Bank for International Settlements.",5B0,"Mexico - Central bank, assets, total, BIS-spliced",,E,2008-12,1544.332,,F,A,
M,MX,B,XDC,MXN,N,,From January 1977 onwards: monthly financial statements. Before 1977: annual financial statements.,BIS-spliced,,,3,9,,Annual: 1977.,"Bank of Mexico, Bank for International Settlements.",5B0,"Mexico - Central bank, assets, total, BIS-spliced",,E,2009-01,1512.316,,F,A,
M,MX,B,XDC,MXN,N,,From January 1977 onwards: monthly financial statements. Before 1977: annual financial statements.,BIS-spliced,,,3,9,,Annual: 1977.,"Bank of Mexico, Bank for International Settlements.",5B0,"Mexico - Central bank, assets, total, BIS-spliced",,E,2009-02,1519.975,,F,A,
M,MX,B,XDC,MXN,N,,From January 1977 onwards: monthly financial statements. Before 1977: annual financial statements.,BIS-spliced,,,3,9,,Annual: 1977.,"Bank of Mexico, Bank for International Settlements.",5B0,"Mexico - Central bank, assets, total, BIS-spliced",,E,2009-03,1534.912,,F,A,
M,MX,B,XDC,MXN,N,,From January 1977 onwards: monthly financial statements. Before 1977: annual financial statements.,BIS-spliced,,,3,9,,Annual: 1977.,"Bank of Mexico, Bank for International Settlements.",5B0,"Mexico - Central bank, assets, total, BIS-spliced",,E,2009-04,1597.578,,F,A,
M,MX,B,XDC,MXN,N,,From January 1977 onwards: monthly financial statements. Before 1977: annual financial statements.,BIS-spliced,,,3,9,,Annual: 1977.,"Bank of Mexico, Bank for International Settlements.",5B0,"Mexico - Central bank, assets, total, BIS-spliced",,E,2009-05,1556.466,,F,A,
M,MX,B,XDC,MXN,N,,From January 1977 onwards: monthly financial statements. Before 1977: annual financial statements.,BIS-spliced,,,3,9,,Annual: 1977.,"Bank of Mexico, Bank for International Settlements.",5B0,"Mexico - Central bank, assets, total, BIS-spliced",,E,2009-06,1488.22,,F,A,
M,MX,B,XDC,MXN,N,,From January 1977 onwards: monthly financial statements. Before 1977: annual financial statements.,BIS-spliced,,,3,9,,Annual: 1977.,"Bank of Mexico, Bank for International Settlements.",5B0,"Mexico - Central bank, assets, total, BIS-spliced",,E,2009-07,1524.448,,F,A,
M,MX,B,XDC,MXN,N,,From January 1977 onwards: monthly financial statements. Before 1977: annual financial statements.,BIS-spliced,,,3,9,,Annual: 1977.,"Bank of Mexico, Bank for International Settlements.",5B0,"Mexico - Central bank, assets, total, BIS-spliced",,E,2009-08,1585.294,,F,A,
M,MX,B,XDC,MXN,N,,From January 1977 onwards: monthly financial statements. Before 1977: annual financial statements.,BIS-spliced,,,3,9,,Annual: 1977.,"Bank of Mexico, Bank for International Settlements.",5B0,"Mexico - Central bank, assets, total, BIS-spliced",,E,2009-09,1622.384,,F,A,
M,MX,B,XDC,MXN,N,,From January 1977 onwards: monthly financial statements. Before 1977: annual financial statements.,BIS-spliced,,,3,9,,Annual: 1977.,"Bank of Mexico, Bank for International Settlements.",5B0,"Mexico - Central bank, assets, total, BIS-spliced",,E,2009-10,1576.578,,F,A,
M,MX,B,XDC,MXN,N,,From January 1977 onwards: monthly financial statements. Before 1977: annual financial statements.,BIS-spliced,,,3,9,,Annual: 1977.,"Bank of Mexico, Bank for International Settlements.",5B0,"Mexico - Central bank, assets, total, BIS-spliced",,E,2009-11,1613.051,,F,A,
M,MX,B,XDC,MXN,N,,From January 1977 onwards: monthly financial statements. Before 1977: annual financial statements.,BIS-spliced,,,3,9,,Annual: 1977.,"Bank of Mexico, Bank for International Settlements.",5B0,"Mexico - Central bank, assets, total, BIS-spliced",,E,2009-12,1605.666,,F,A,
M,MX,B,XDC,MXN,N,,From January 1977 onwards: monthly financial statements. Before 1977: annual financial statements.,BIS-spliced,,,3,9,,Annual: 1977.,"Bank of Mexico, Bank for International Settlements.",5B0,"Mexico - Central bank, assets, total, BIS-spliced",,E,2010-01,1562.69,,F,A,
M,MX,B,XDC,MXN,N,,From January 1977 onwards: monthly financial statements. Before 1977: annual financial statements.,BIS-spliced,,,3,9,,Annual: 1977.,"Bank of Mexico, Bank for International Settlements.",5B0,"Mexico - Central bank, assets, total, BIS-spliced",,E,2010-02,1549.681,,F,A,
M,MX,B,XDC,MXN,N,,From January 1977 onwards: monthly financial statements. Before 1977: annual financial statements.,BIS-spliced,,,3,9,,Annual: 1977.,"Bank of Mexico, Bank for International Settlements.",5B0,"Mexico - Central bank, assets, total, BIS-spliced",,E,2010-03,1546.557,,F,A,
M,MX,B,XDC,MXN,N,,From January 1977 onwards: monthly financial statements. Before 1977: annual financial statements.,BIS-spliced,,,3,9,,Annual: 1977.,"Bank of Mexico, Bank for International Settlements.",5B0,"Mexico - Central bank, assets, total, BIS-spliced",,E,2010-04,1606.077,,F,A,
M,MX,B,XDC,MXN,N,,From January 1977 onwards: monthly financial statements. Before 1977: annual financial statements.,BIS-spliced,,,3,9,,Annual: 1977.,"Bank of Mexico, Bank for International Settlements.",5B0,"Mexico - Central bank, assets, total, BIS-spliced",,E,2010-05,1693.382,,F,A,
M,MX,B,XDC,MXN,N,,From January 1977 onwards: monthly financial statements. Before 1977: annual financial statements.,BIS-spliced,,,3,9,,Annual: 1977.,"Bank of Mexico, Bank for International Settlements.",5B0,"Mexico - Central bank, assets, total, BIS-spliced",,E,2010-06,1609.745,,F,A,
M,MX,B,XDC,MXN,N,,From January 1977 onwards: monthly financial statements. Before 1977: annual financial statements.,BIS-spliced,,,3,9,,Annual: 1977.,"Bank of Mexico, Bank for International Settlements.",5B0,"Mexico - Central bank, assets, total, BIS-spliced",,E,2010-07,1622.548,,F,A,
M,MX,B,XDC,MXN,N,,From January 1977 onwards: monthly financial statements. Before 1977: annual financial statements.,BIS-spliced,,,3,9,,Annual: 1977.,"Bank of Mexico, Bank for International Settlements.",5B0,"Mexico - Central bank, assets, total, BIS-spliced",,E,2010-08,1644.382,,F,A,
M,MX,B,XDC,MXN,N,,From January 1977 onwards: monthly financial statements. Before 1977: annual financial statements.,BIS-spliced,,,3,9,,Annual: 1977.,"Bank of Mexico, Bank for International Settlements.",5B0,"Mexico - Central bank, assets, total, BIS-spliced",,E,2010-09,1591.922,,F,A,
M,MX,B,XDC,MXN,N,,From January 1977 onwards: monthly financial statements. Before 1977: annual financial statements.,BIS-spliced,,,3,9,,Annual: 1977.,"Bank of Mexico, Bank for International Settlements.",5B0,"Mexico - Central bank, assets, total, BIS-spliced",,E,2010-10,1532.542,,F,A,
M,MX,B,XDC,MXN,N,,From January 1977 onwards: monthly financial statements. Before 1977: annual financial statements.,BIS-spliced,,,3,9,,Annual: 1977.,"Bank of Mexico, Bank for International Settlements.",5B0,"Mexico - Central bank, assets, total, BIS-spliced",,E,2010-11,1546.821,,F,A,
M,MX,B,XDC,MXN,N,,From January 1977 onwards: monthly financial statements. Before 1977: annual financial statements.,BIS-spliced,,,3,9,,Annual: 1977.,"Bank of Mexico, Bank for International Settlements.",5B0,"Mexico - Central bank, assets, total, BIS-spliced",,E,2010-12,1567.154,,F,A,
M,MX,B,XDC,MXN,N,,From January 1977 onwards: monthly financial statements. Before 1977: annual financial statements.,BIS-spliced,,,3,9,,Annual: 1977.,"Bank of Mexico, Bank for International Settlements.",5B0,"Mexico - Central bank, assets, total, BIS-spliced",,E,2011-01,1585.067,,F,A,
M,MX,B,XDC,MXN,N,,From January 1977 onwards: monthly financial statements. Before 1977: annual financial statements.,BIS-spliced,,,3,9,,Annual: 1977.,"Bank of Mexico, Bank for International Settlements.",5B0,"Mexico - Central bank, assets, total, BIS-spliced",,E,2011-02,1614.862,,F,A,
M,MX,B,XDC,MXN,N,,From January 1977 onwards: monthly financial statements. Before 1977: annual financial statements.,BIS-spliced,,,3,9,,Annual: 1977.,"Bank of Mexico, Bank for International Settlements.",5B0,"Mexico - Central bank, assets, total, BIS-spliced",,E,2011-03,1598.283,,F,A,
M,MX,B,XDC,MXN,N,,From January 1977 onwards: monthly financial statements. Before 1977: annual financial statements.,BIS-spliced,,,3,9,,Annual: 1977.,"Bank of Mexico, Bank for International Settlements.",5B0,"Mexico - Central bank, assets, total, BIS-spliced",,E,2011-04,1585.52,,F,A,
M,MX,B,XDC,MXN,N,,From January 1977 onwards: monthly financial statements. Before 1977: annual financial statements.,BIS-spliced,,,3,9,,Annual: 1977.,"Bank of Mexico, Bank for International Settlements.",5B0,"Mexico - Central bank, assets, total, BIS-spliced",,E,2011-05,1620.365,,F,A,
M,MX,B,XDC,MXN,N,,From January 1977 onwards: monthly financial statements. Before 1977: annual financial statements.,BIS-spliced,,,3,9,,Annual: 1977.,"Bank of Mexico, Bank for International Settlements.",5B0,"Mexico - Central bank, assets, total, BIS-spliced",,E,2011-06,1648.625,,F,A,
M,MX,B,XDC,MXN,N,,From January 1977 onwards: monthly financial statements. Before 1977: annual financial statements.,BIS-spliced,,,3,9,,Annual: 1977.,"Bank of Mexico, Bank for International Settlements.",5B0,"Mexico - Central bank, assets, total, BIS-spliced",,E,2011-07,1706.57,,F,A,
M,MX,B,XDC,MXN,N,,From January 1977 onwards: monthly financial statements. Before 1977: annual financial statements.,BIS-spliced,,,3,9,,Annual: 1977.,"Bank of Mexico, Bank for International Settlements.",5B0,"Mexico - Central bank, assets, total, BIS-spliced",,E,2011-08,1822.693,,F,A,
M,MX,B,XDC,MXN,N,,From January 1977 onwards: monthly financial statements. Before 1977: annual financial statements.,BIS-spliced,,,3,9,,Annual: 1977.,"Bank of Mexico, Bank for International Settlements.",5B0,"Mexico - Central bank, assets, total, BIS-spliced",,E,2011-09,2063.34,,F,A,
M,MX,B,XDC,MXN,N,,From January 1977 onwards: monthly financial statements. Before 1977: annual financial statements.,BIS-spliced,,,3,9,,Annual: 1977.,"Bank of Mexico, Bank for International Settlements.",5B0,"Mexico - Central bank, assets, total, BIS-spliced",,E,2011-10,2056.633,,F,A,
M,MX,B,XDC,MXN,N,,From January 1977 onwards: monthly financial statements. Before 1977: annual financial statements.,BIS-spliced,,,3,9,,Annual: 1977.,"Bank of Mexico, Bank for International Settlements.",5B0,"Mexico - Central bank, assets, total, BIS-spliced",,E,2011-11,2180.142,,F,A,
M,MX,B,XDC,MXN,N,,From January 1977 onwards: monthly financial statements. Before 1977: annual financial statements.,BIS-spliced,,,3,9,,Annual: 1977.,"Bank of Mexico, Bank for International Settlements.",5B0,"Mexico - Central bank, assets, total, BIS-spliced",,E,2011-12,2167.634,,F,A,
M,MX,B,XDC,MXN,N,,From January 1977 onwards: monthly financial statements. Before 1977: annual financial statements.,BIS-spliced,,,3,9,,Annual: 1977.,"Bank of Mexico, Bank for International Settlements.",5B0,"Mexico - Central bank, assets, total, BIS-spliced",,E,2012-01,2063.648,,F,A,
M,MX,B,XDC,MXN,N,,From January 1977 onwards: monthly financial statements. Before 1977: annual financial statements.,BIS-spliced,,,3,9,,Annual: 1977.,"Bank of Mexico, Bank for International Settlements.",5B0,"Mexico - Central bank, assets, total, BIS-spliced",,E,2012-02,2055.046,,F,A,
M,MX,B,XDC,MXN,N,,From January 1977 onwards: monthly financial statements. Before 1977: annual financial statements.,BIS-spliced,,,3,9,,Annual: 1977.,"Bank of Mexico, Bank for International Settlements.",5B0,"Mexico - Central bank, assets, total, BIS-spliced",,E,2012-03,2093.972,,F,A,
M,MX,B,XDC,MXN,N,,From January 1977 onwards: monthly financial statements. Before 1977: annual financial statements.,BIS-spliced,,,3,9,,Annual: 1977.,"Bank of Mexico, Bank for International Settlements.",5B0,"Mexico - Central bank, assets, total, BIS-spliced",,E,2012-04,2223.625,,F,A,
M,MX,B,XDC,MXN,N,,From January 1977 onwards: monthly financial statements. Before 1977: annual financial statements.,BIS-spliced,,,3,9,,Annual: 1977.,"Bank of Mexico, Bank for International Settlements.",5B0,"Mexico - Central bank, assets, total, BIS-spliced",,E,2012-05,2487.261,,F,A,
M,MX,B,XDC,MXN,N,,From January 1977 onwards: monthly financial statements. Before 1977: annual financial statements.,BIS-spliced,,,3,9,,Annual: 1977.,"Bank of Mexico, Bank for International Settlements.",5B0,"Mexico - Central bank, assets, total, BIS-spliced",,E,2012-06,2246.395,,F,A,
M,MX,B,XDC,MXN,N,,From January 1977 onwards: monthly financial statements. Before 1977: annual financial statements.,BIS-spliced,,,3,9,,Annual: 1977.,"Bank of Mexico, Bank for International Settlements.",5B0,"Mexico - Central bank, assets, total, BIS-spliced",,E,2012-07,2325.787,,F,A,
M,MX,B,XDC,MXN,N,,From January 1977 onwards: monthly financial statements. Before 1977: annual financial statements.,BIS-spliced,,,3,9,,Annual: 1977.,"Bank of Mexico, Bank for International Settlements.",5B0,"Mexico - Central bank, assets, total, BIS-spliced",,E,2012-08,2353.683,,F,A,
M,MX,B,XDC,MXN,N,,From January 1977 onwards: monthly financial statements. Before 1977: annual financial statements.,BIS-spliced,,,3,9,,Annual: 1977.,"Bank of Mexico, Bank for International Settlements.",5B0,"Mexico - Central bank, assets, total, BIS-spliced",,E,2012-09,2353.613,,F,A,
M,MX,B,XDC,MXN,N,,From January 1977 onwards: monthly financial statements. Before 1977: annual financial statements.,BIS-spliced,,,3,9,,Annual: 1977.,"Bank of Mexico, Bank for International Settlements.",5B0,"Mexico - Central bank, assets, total, BIS-spliced",,E,2012-10,2419.967,,F,A,
M,MX,B,XDC,MXN,N,,From January 1977 onwards: monthly financial statements. Before 1977: annual financial statements.,BIS-spliced,,,3,9,,Annual: 1977.,"Bank of Mexico, Bank for International Settlements.",5B0,"Mexico - Central bank, assets, total, BIS-spliced",,E,2012-11,2404.015,,F,A,
M,MX,B,XDC,MXN,N,,From January 1977 onwards: monthly financial statements. Before 1977: annual financial statements.,BIS-spliced,,,3,9,,Annual: 1977.,"Bank of Mexico, Bank for International Settlements.",5B0,"Mexico - Central bank, assets, total, BIS-spliced",,E,2012-12,2287.828,,F,A,
M,MX,B,XDC,MXN,N,,From January 1977 onwards: monthly financial statements. Before 1977: annual financial statements.,BIS-spliced,,,3,9,,Annual: 1977.,"Bank of Mexico, Bank for International Settlements.",5B0,"Mexico - Central bank, assets, total, BIS-spliced",,E,2013-01,2264.495,,F,A,
M,MX,B,XDC,MXN,N,,From January 1977 onwards: monthly financial statements. Before 1977: annual financial statements.,BIS-spliced,,,3,9,,Annual: 1977.,"Bank of Mexico, Bank for International Settlements.",5B0,"Mexico - Central bank, assets, total, BIS-spliced",,E,2013-02,2313.442,,F,A,
M,MX,B,XDC,MXN,N,,From January 1977 onwards: monthly financial statements. Before 1977: annual financial statements.,BIS-spliced,,,3,9,,Annual: 1977.,"Bank of Mexico, Bank for International Settlements.",5B0,"Mexico - Central bank, assets, total, BIS-spliced",,E,2013-03,2312.397,,F,A,
M,MX,B,XDC,MXN,N,,From January 1977 onwards: monthly financial statements. Before 1977: annual financial statements.,BIS-spliced,,,3,9,,Annual: 1977.,"Bank of Mexico, Bank for International Settlements.",5B0,"Mexico - Central bank, assets, total, BIS-spliced",,E,2013-04,2315.002,,F,A,
M,MX,B,XDC,MXN,N,,From January 1977 onwards: monthly financial statements. Before 1977: annual financial statements.,BIS-spliced,,,3,9,,Annual: 1977.,"Bank of Mexico, Bank for International Settlements.",5B0,"Mexico - Central bank, assets, total, BIS-spliced",,E,2013-05,2467.559,,F,A,
M,MX,B,XDC,MXN,N,,From January 1977 onwards: monthly financial statements. Before 1977: annual financial statements.,BIS-spliced,,,3,9,,Annual: 1977.,"Bank of Mexico, Bank for International Settlements.",5B0,"Mexico - Central bank, assets, total, BIS-spliced",,E,2013-06,2363.999,,F,A,
M,MX,B,XDC,MXN,N,,From January 1977 onwards: monthly financial statements. Before 1977: annual financial statements.,BIS-spliced,,,3,9,,Annual: 1977.,"Bank of Mexico, Bank for International Settlements.",5B0,"Mexico - Central bank, assets, total, BIS-spliced",,E,2013-07,2358.855,,F,A,
M,MX,B,XDC,MXN,N,,From January 1977 onwards: monthly financial statements. Before 1977: annual financial statements.,BIS-spliced,,,3,9,,Annual: 1977.,"Bank of Mexico, Bank for International Settlements.",5B0,"Mexico - Central bank, assets, total, BIS-spliced",,E,2013-08,2509.47,,F,A,
M,MX,B,XDC,MXN,N,,From January 1977 onwards: monthly financial statements. Before 1977: annual financial statements.,BIS-spliced,,,3,9,,Annual: 1977.,"Bank of Mexico, Bank for International Settlements.",5B0,"Mexico - Central bank, assets, total, BIS-spliced",,E,2013-09,2483.111,,F,A,
M,MX,B,XDC,MXN,N,,From January 1977 onwards: monthly financial statements. Before 1977: annual financial statements.,BIS-spliced,,,3,9,,Annual: 1977.,"Bank of Mexico, Bank for International Settlements.",5B0,"Mexico - Central bank, assets, total, BIS-spliced",,E,2013-10,2491.636,,F,A,
M,MX,B,XDC,MXN,N,,From January 1977 onwards: monthly financial statements. Before 1977: annual financial statements.,BIS-spliced,,,3,9,,Annual: 1977.,"Bank of Mexico, Bank for International Settlements.",5B0,"Mexico - Central bank, assets, total, BIS-spliced",,E,2013-11,2558.723,,F,A,
M,MX,B,XDC,MXN,N,,From January 1977 onwards: monthly financial statements. Before 1977: annual financial statements.,BIS-spliced,,,3,9,,Annual: 1977.,"Bank of Mexico, Bank for International Settlements.",5B0,"Mexico - Central bank, assets, total, BIS-spliced",,E,2013-12,2557.389,,F,A,
M,MX,B,XDC,MXN,N,,From January 1977 onwards: monthly financial statements. Before 1977: annual financial statements.,BIS-spliced,,,3,9,,Annual: 1977.,"Bank of Mexico, Bank for International Settlements.",5B0,"Mexico - Central bank, assets, total, BIS-spliced",,E,2014-01,2602.363,,F,A,
M,MX,B,XDC,MXN,N,,From January 1977 onwards: monthly financial statements. Before 1977: annual financial statements.,BIS-spliced,,,3,9,,Annual: 1977.,"Bank of Mexico, Bank for International Settlements.",5B0,"Mexico - Central bank, assets, total, BIS-spliced",,E,2014-02,2615.247,,F,A,
M,MX,B,XDC,MXN,N,,From January 1977 onwards: monthly financial statements. Before 1977: annual financial statements.,BIS-spliced,,,3,9,,Annual: 1977.,"Bank of Mexico, Bank for International Settlements.",5B0,"Mexico - Central bank, assets, total, BIS-spliced",,E,2014-03,2601.018,,F,A,
M,MX,B,XDC,MXN,N,,From January 1977 onwards: monthly financial statements. Before 1977: annual financial statements.,BIS-spliced,,,3,9,,Annual: 1977.,"Bank of Mexico, Bank for International Settlements.",5B0,"Mexico - Central bank, assets, total, BIS-spliced",,E,2014-04,2690.694,,F,A,
M,MX,B,XDC,MXN,N,,From January 1977 onwards: monthly financial statements. Before 1977: annual financial statements.,BIS-spliced,,,3,9,,Annual: 1977.,"Bank of Mexico, Bank for International Settlements.",5B0,"Mexico - Central bank, assets, total, BIS-spliced",,E,2014-05,2714.817,,F,A,
M,MX,B,XDC,MXN,N,,From January 1977 onwards: monthly financial statements. Before 1977: annual financial statements.,BIS-spliced,,,3,9,,Annual: 1977.,"Bank of Mexico, Bank for International Settlements.",5B0,"Mexico - Central bank, assets, total, BIS-spliced",,E,2014-06,2622.403,,F,A,
M,MX,B,XDC,MXN,N,,From January 1977 onwards: monthly financial statements. Before 1977: annual financial statements.,BIS-spliced,,,3,9,,Annual: 1977.,"Bank of Mexico, Bank for International Settlements.",5B0,"Mexico - Central bank, assets, total, BIS-spliced",,E,2014-07,2718.919,,F,A,
M,MX,B,XDC,MXN,N,,From January 1977 onwards: monthly financial statements. Before 1977: annual financial statements.,BIS-spliced,,,3,9,,Annual: 1977.,"Bank of Mexico, Bank for International Settlements.",5B0,"Mexico - Central bank, assets, total, BIS-spliced",,E,2014-08,2683.113,,F,A,
M,MX,B,XDC,MXN,N,,From January 1977 onwards: monthly financial statements. Before 1977: annual financial statements.,BIS-spliced,,,3,9,,Annual: 1977.,"Bank of Mexico, Bank for International Settlements.",5B0,"Mexico - Central bank, assets, total, BIS-spliced",,E,2014-09,2751.477,,F,A,
M,MX,B,XDC,MXN,N,,From January 1977 onwards: monthly financial statements. Before 1977: annual financial statements.,BIS-spliced,,,3,9,,Annual: 1977.,"Bank of Mexico, Bank for International Settlements.",5B0,"Mexico - Central bank, assets, total, BIS-spliced",,E,2014-10,2843.217,,F,A,
M,MX,B,XDC,MXN,N,,From January 1977 onwards: monthly financial statements. Before 1977: annual financial statements.,BIS-spliced,,,3,9,,Annual: 1977.,"Bank of Mexico, Bank for International Settlements.",5B0,"Mexico - Central bank, assets, total, BIS-spliced",,E,2014-11,3047.582,,F,A,
M,MX,B,XDC,MXN,N,,From January 1977 onwards: monthly financial statements. Before 1977: annual financial statements.,BIS-spliced,,,3,9,,Annual: 1977.,"Bank of Mexico, Bank for International Settlements.",5B0,"Mexico - Central bank, assets, total, BIS-spliced",,E,2014-12,3115.416,,F,A,
M,MX,B,XDC,MXN,N,,From January 1977 onwards: monthly financial statements. Before 1977: annual financial statements.,BIS-spliced,,,3,9,,Annual: 1977.,"Bank of Mexico, Bank for International Settlements.",5B0,"Mexico - Central bank, assets, total, BIS-spliced",,E,2015-01,3143.881,,F,A,
M,MX,B,XDC,MXN,N,,From January 1977 onwards: monthly financial statements. Before 1977: annual financial statements.,BIS-spliced,,,3,9,,Annual: 1977.,"Bank of Mexico, Bank for International Settlements.",5B0,"Mexico - Central bank, assets, total, BIS-spliced",,E,2015-02,3134.903,,F,A,
M,MX,B,XDC,MXN,N,,From January 1977 onwards: monthly financial statements. Before 1977: annual financial statements.,BIS-spliced,,,3,9,,Annual: 1977.,"Bank of Mexico, Bank for International Settlements.",5B0,"Mexico - Central bank, assets, total, BIS-spliced",,E,2015-03,3293.361,,F,A,
M,MX,B,XDC,MXN,N,,From January 1977 onwards: monthly financial statements. Before 1977: annual financial statements.,BIS-spliced,,,3,9,,Annual: 1977.,"Bank of Mexico, Bank for International Settlements.",5B0,"Mexico - Central bank, assets, total, BIS-spliced",,E,2015-04,3419.194,,F,A,
M,MX,B,XDC,MXN,N,,From January 1977 onwards: monthly financial statements. Before 1977: annual financial statements.,BIS-spliced,,,3,9,,Annual: 1977.,"Bank of Mexico, Bank for International Settlements.",5B0,"Mexico - Central bank, assets, total, BIS-spliced",,E,2015-05,3437.463,,F,A,
M,MX,B,XDC,MXN,N,,From January 1977 onwards: monthly financial statements. Before 1977: annual financial statements.,BIS-spliced,,,3,9,,Annual: 1977.,"Bank of Mexico, Bank for International Settlements.",5B0,"Mexico - Central bank, assets, total, BIS-spliced",,E,2015-06,3312.977,,F,A,
M,MX,B,XDC,MXN,N,,From January 1977 onwards: monthly financial statements. Before 1977: annual financial statements.,BIS-spliced,,,3,9,,Annual: 1977.,"Bank of Mexico, Bank for International Settlements.",5B0,"Mexico - Central bank, assets, total, BIS-spliced",,E,2015-07,3444.394,,F,A,
M,MX,B,XDC,MXN,N,,From January 1977 onwards: monthly financial statements. Before 1977: annual financial statements.,BIS-spliced,,,3,9,,Annual: 1977.,"Bank of Mexico, Bank for International Settlements.",5B0,"Mexico - Central bank, assets, total, BIS-spliced",,E,2015-08,3559.733,,F,A,
M,MX,B,XDC,MXN,N,,From January 1977 onwards: monthly financial statements. Before 1977: annual financial statements.,BIS-spliced,,,3,9,,Annual: 1977.,"Bank of Mexico, Bank for International Settlements.",5B0,"Mexico - Central bank, assets, total, BIS-spliced",,E,2015-09,3577.777,,F,A,
M,MX,B,XDC,MXN,N,,From January 1977 onwards: monthly financial statements. Before 1977: annual financial statements.,BIS-spliced,,,3,9,,Annual: 1977.,"Bank of Mexico, Bank for International Settlements.",5B0,"Mexico - Central bank, assets, total, BIS-spliced",,E,2015-10,3444.912,,F,A,
M,MX,B,XDC,MXN,N,,From January 1977 onwards: monthly financial statements. Before 1977: annual financial statements.,BIS-spliced,,,3,9,,Annual: 1977.,"Bank of Mexico, Bank for International Settlements.",5B0,"Mexico - Central bank, assets, total, BIS-spliced",,E,2015-11,3466.232,,F,A,
M,MX,B,XDC,MXN,N,,From January 1977 onwards: monthly financial statements. Before 1977: annual financial statements.,BIS-spliced,,,3,9,,Annual: 1977.,"Bank of Mexico, Bank for International Settlements.",5B0,"Mexico - Central bank, assets, total, BIS-spliced",,E,2015-12,3679.656,,F,A,
M,MX,B,XDC,MXN,N,,From January 1977 onwards: monthly financial statements. Before 1977: annual financial statements.,BIS-spliced,,,3,9,,Annual: 1977.,"Bank of Mexico, Bank for International Settlements.",5B0,"Mexico - Central bank, assets, total, BIS-spliced",,E,2016-01,3721.032,,F,A,
M,MX,B,XDC,MXN,N,,From January 1977 onwards: monthly financial statements. Before 1977: annual financial statements.,BIS-spliced,,,3,9,,Annual: 1977.,"Bank of Mexico, Bank for International Settlements.",5B0,"Mexico - Central bank, assets, total, BIS-spliced",,E,2016-02,3787.76,,F,A,
M,MX,B,XDC,MXN,N,,From January 1977 onwards: monthly financial statements. Before 1977: annual financial statements.,BIS-spliced,,,3,9,,Annual: 1977.,"Bank of Mexico, Bank for International Settlements.",5B0,"Mexico - Central bank, assets, total, BIS-spliced",,E,2016-03,3588.134,,F,A,
M,MX,B,XDC,MXN,N,,From January 1977 onwards: monthly financial statements. Before 1977: annual financial statements.,BIS-spliced,,,3,9,,Annual: 1977.,"Bank of Mexico, Bank for International Settlements.",5B0,"Mexico - Central bank, assets, total, BIS-spliced",,E,2016-04,3569.87,,F,A,
M,MX,B,XDC,MXN,N,,From January 1977 onwards: monthly financial statements. Before 1977: annual financial statements.,BIS-spliced,,,3,9,,Annual: 1977.,"Bank of Mexico, Bank for International Settlements.",5B0,"Mexico - Central bank, assets, total, BIS-spliced",,E,2016-05,3664.978,,F,A,
M,MX,B,XDC,MXN,N,,From January 1977 onwards: monthly financial statements. Before 1977: annual financial statements.,BIS-spliced,,,3,9,,Annual: 1977.,"Bank of Mexico, Bank for International Settlements.",5B0,"Mexico - Central bank, assets, total, BIS-spliced",,E,2016-06,3430.406,,F,A,
M,MX,B,XDC,MXN,N,,From January 1977 onwards: monthly financial statements. Before 1977: annual financial statements.,BIS-spliced,,,3,9,,Annual: 1977.,"Bank of Mexico, Bank for International Settlements.",5B0,"Mexico - Central bank, assets, total, BIS-spliced",,E,2016-07,3543.998,,F,A,
M,MX,B,XDC,MXN,N,,From January 1977 onwards: monthly financial statements. Before 1977: annual financial statements.,BIS-spliced,,,3,9,,Annual: 1977.,"Bank of Mexico, Bank for International Settlements.",5B0,"Mexico - Central bank, assets, total, BIS-spliced",,E,2016-08,3570.417,,F,A,
M,MX,B,XDC,MXN,N,,From January 1977 onwards: monthly financial statements. Before 1977: annual financial statements.,BIS-spliced,,,3,9,,Annual: 1977.,"Bank of Mexico, Bank for International Settlements.",5B0,"Mexico - Central bank, assets, total, BIS-spliced",,E,2016-09,3634.921,,F,A,
M,MX,B,XDC,MXN,N,,From January 1977 onwards: monthly financial statements. Before 1977: annual financial statements.,BIS-spliced,,,3,9,,Annual: 1977.,"Bank of Mexico, Bank for International Settlements.",5B0,"Mexico - Central bank, assets, total, BIS-spliced",,E,2016-10,3504.32,,F,A,
M,MX,B,XDC,MXN,N,,From January 1977 onwards: monthly financial statements. Before 1977: annual financial statements.,BIS-spliced,,,3,9,,Annual: 1977.,"Bank of Mexico, Bank for International Settlements.",5B0,"Mexico - Central bank, assets, total, BIS-spliced",,E,2016-11,3861.05,,F,A,
M,MX,B,XDC,MXN,N,,From January 1977 onwards: monthly financial statements. Before 1977: annual financial statements.,BIS-spliced,,,3,9,,Annual: 1977.,"Bank of Mexico, Bank for International Settlements.",5B0,"Mexico - Central bank, assets, total, BIS-spliced",,E,2016-12,3877.282,,F,A,
M,MX,B,XDC,MXN,N,,From January 1977 onwards: monthly financial statements. Before 1977: annual financial statements.,BIS-spliced,,,3,9,,Annual: 1977.,"Bank of Mexico, Bank for International Settlements.",5B0,"Mexico - Central bank, assets, total, BIS-spliced",,E,2017-01,3860.625,,F,A,
M,MX,B,XDC,MXN,N,,From January 1977 onwards: monthly financial statements. Before 1977: annual financial statements.,BIS-spliced,,,3,9,,Annual: 1977.,"Bank of Mexico, Bank for International Settlements.",5B0,"Mexico - Central bank, assets, total, BIS-spliced",,E,2017-02,3753.378,,F,A,
M,MX,B,XDC,MXN,N,,From January 1977 onwards: monthly financial statements. Before 1977: annual financial statements.,BIS-spliced,,,3,9,,Annual: 1977.,"Bank of Mexico, Bank for International Settlements.",5B0,"Mexico - Central bank, assets, total, BIS-spliced",,E,2017-03,3581.224,,F,A,
M,MX,B,XDC,MXN,N,,From January 1977 onwards: monthly financial statements. Before 1977: annual financial statements.,BIS-spliced,,,3,9,,Annual: 1977.,"Bank of Mexico, Bank for International Settlements.",5B0,"Mexico - Central bank, assets, total, BIS-spliced",,E,2017-04,3810.237,,F,A,
M,MX,B,XDC,MXN,N,,From January 1977 onwards: monthly financial statements. Before 1977: annual financial statements.,BIS-spliced,,,3,9,,Annual: 1977.,"Bank of Mexico, Bank for International Settlements.",5B0,"Mexico - Central bank, assets, total, BIS-spliced",,E,2017-05,3743.206,,F,A,
M,MX,B,XDC,MXN,N,,From January 1977 onwards: monthly financial statements. Before 1977: annual financial statements.,BIS-spliced,,,3,9,,Annual: 1977.,"Bank of Mexico, Bank for International Settlements.",5B0,"Mexico - Central bank, assets, total, BIS-spliced",,E,2017-06,3477.346,,F,A,
M,MX,B,XDC,MXN,N,,From January 1977 onwards: monthly financial statements. Before 1977: annual financial statements.,BIS-spliced,,,3,9,,Annual: 1977.,"Bank of Mexico, Bank for International Settlements.",5B0,"Mexico - Central bank, assets, total, BIS-spliced",,E,2017-07,3509.549,,F,A,
M,MX,B,XDC,MXN,N,,From January 1977 onwards: monthly financial statements. Before 1977: annual financial statements.,BIS-spliced,,,3,9,,Annual: 1977.,"Bank of Mexico, Bank for International Settlements.",5B0,"Mexico - Central bank, assets, total, BIS-spliced",,E,2017-08,3539.378,,F,A,
M,MX,B,XDC,MXN,N,,From January 1977 onwards: monthly financial statements. Before 1977: annual financial statements.,BIS-spliced,,,3,9,,Annual: 1977.,"Bank of Mexico, Bank for International Settlements.",5B0,"Mexico - Central bank, assets, total, BIS-spliced",,E,2017-09,3637.837,,F,A,
M,MX,B,XDC,MXN,N,,From January 1977 onwards: monthly financial statements. Before 1977: annual financial statements.,BIS-spliced,,,3,9,,Annual: 1977.,"Bank of Mexico, Bank for International Settlements.",5B0,"Mexico - Central bank, assets, total, BIS-spliced",,E,2017-10,3781.898,,F,A,
M,MX,B,XDC,MXN,N,,From January 1977 onwards: monthly financial statements. Before 1977: annual financial statements.,BIS-spliced,,,3,9,,Annual: 1977.,"Bank of Mexico, Bank for International Settlements.",5B0,"Mexico - Central bank, assets, total, BIS-spliced",,E,2017-11,3719.758,,F,A,
M,MX,B,XDC,MXN,N,,From January 1977 onwards: monthly financial statements. Before 1977: annual financial statements.,BIS-spliced,,,3,9,,Annual: 1977.,"Bank of Mexico, Bank for International Settlements.",5B0,"Mexico - Central bank, assets, total, BIS-spliced",,E,2017-12,3730.933,,F,A,
M,MX,B,XDC,MXN,N,,From January 1977 onwards: monthly financial statements. Before 1977: annual financial statements.,BIS-spliced,,,3,9,,Annual: 1977.,"Bank of Mexico, Bank for International Settlements.",5B0,"Mexico - Central bank, assets, total, BIS-spliced",,E,2018-01,3526.533,,F,A,
M,MX,B,XDC,MXN,N,,From January 1977 onwards: monthly financial statements. Before 1977: annual financial statements.,BIS-spliced,,,3,9,,Annual: 1977.,"Bank of Mexico, Bank for International Settlements.",5B0,"Mexico - Central bank, assets, total, BIS-spliced",,E,2018-02,3542.293,,F,A,
M,MX,B,XDC,MXN,N,,From January 1977 onwards: monthly financial statements. Before 1977: annual financial statements.,BIS-spliced,,,3,9,,Annual: 1977.,"Bank of Mexico, Bank for International Settlements.",5B0,"Mexico - Central bank, assets, total, BIS-spliced",,E,2018-03,3479.114,,F,A,
M,MX,B,XDC,MXN,N,,From January 1977 onwards: monthly financial statements. Before 1977: annual financial statements.,BIS-spliced,,,3,9,,Annual: 1977.,"Bank of Mexico, Bank for International Settlements.",5B0,"Mexico - Central bank, assets, total, BIS-spliced",,E,2018-04,3539.833,,F,A,
M,MX,B,XDC,MXN,N,,From January 1977 onwards: monthly financial statements. Before 1977: annual financial statements.,BIS-spliced,,,3,9,,Annual: 1977.,"Bank of Mexico, Bank for International Settlements.",5B0,"Mexico - Central bank, assets, total, BIS-spliced",,E,2018-05,3863.806,,F,A,
M,MX,B,XDC,MXN,N,,From January 1977 onwards: monthly financial statements. Before 1977: annual financial statements.,BIS-spliced,,,3,9,,Annual: 1977.,"Bank of Mexico, Bank for International Settlements.",5B0,"Mexico - Central bank, assets, total, BIS-spliced",,E,2018-06,3569.104,,F,A,
M,MX,B,XDC,MXN,N,,From January 1977 onwards: monthly financial statements. Before 1977: annual financial statements.,BIS-spliced,,,3,9,,Annual: 1977.,"Bank of Mexico, Bank for International Settlements.",5B0,"Mexico - Central bank, assets, total, BIS-spliced",,E,2018-07,3599.505,,F,A,
M,MX,B,XDC,MXN,N,,From January 1977 onwards: monthly financial statements. Before 1977: annual financial statements.,BIS-spliced,,,3,9,,Annual: 1977.,"Bank of Mexico, Bank for International Settlements.",5B0,"Mexico - Central bank, assets, total, BIS-spliced",,E,2018-08,3681.14,,F,A,
M,MX,B,XDC,MXN,N,,From January 1977 onwards: monthly financial statements. Before 1977: annual financial statements.,BIS-spliced,,,3,9,,Annual: 1977.,"Bank of Mexico, Bank for International Settlements.",5B0,"Mexico - Central bank, assets, total, BIS-spliced",,E,2018-09,3668.181,,F,A,
M,MX,B,XDC,MXN,N,,From January 1977 onwards: monthly financial statements. Before 1977: annual financial statements.,BIS-spliced,,,3,9,,Annual: 1977.,"Bank of Mexico, Bank for International Settlements.",5B0,"Mexico - Central bank, assets, total, BIS-spliced",,E,2018-10,3959.948,,F,A,
M,MX,B,XDC,MXN,N,,From January 1977 onwards: monthly financial statements. Before 1977: annual financial statements.,BIS-spliced,,,3,9,,Annual: 1977.,"Bank of Mexico, Bank for International Settlements.",5B0,"Mexico - Central bank, assets, total, BIS-spliced",,E,2018-11,4056.813,,F,A,
M,MX,B,XDC,MXN,N,,From January 1977 onwards: monthly financial statements. Before 1977: annual financial statements.,BIS-spliced,,,3,9,,Annual: 1977.,"Bank of Mexico, Bank for International Settlements.",5B0,"Mexico - Central bank, assets, total, BIS-spliced",,E,2018-12,3850.168,,F,A,
M,MX,B,XDC,MXN,N,,From January 1977 onwards: monthly financial statements. Before 1977: annual financial statements.,BIS-spliced,,,3,9,,Annual: 1977.,"Bank of Mexico, Bank for International Settlements.",5B0,"Mexico - Central bank, assets, total, BIS-spliced",,E,2019-01,3654.509,,F,A,
M,MX,B,XDC,MXN,N,,From January 1977 onwards: monthly financial statements. Before 1977: annual financial statements.,BIS-spliced,,,3,9,,Annual: 1977.,"Bank of Mexico, Bank for International Settlements.",5B0,"Mexico - Central bank, assets, total, BIS-spliced",,E,2019-02,3646.07,,F,A,
M,MX,B,XDC,MXN,N,,From January 1977 onwards: monthly financial statements. Before 1977: annual financial statements.,BIS-spliced,,,3,9,,Annual: 1977.,"Bank of Mexico, Bank for International Settlements.",5B0,"Mexico - Central bank, assets, total, BIS-spliced",,E,2019-03,3631.863,,F,A,
M,MX,B,XDC,MXN,N,,From January 1977 onwards: monthly financial statements. Before 1977: annual financial statements.,BIS-spliced,,,3,9,,Annual: 1977.,"Bank of Mexico, Bank for International Settlements.",5B0,"Mexico - Central bank, assets, total, BIS-spliced",,E,2019-04,3753.797,,F,A,
M,MX,B,XDC,MXN,N,,From January 1977 onwards: monthly financial statements. Before 1977: annual financial statements.,BIS-spliced,,,3,9,,Annual: 1977.,"Bank of Mexico, Bank for International Settlements.",5B0,"Mexico - Central bank, assets, total, BIS-spliced",,E,2019-05,3934.636,,F,A,
M,MX,B,XDC,MXN,N,,From January 1977 onwards: monthly financial statements. Before 1977: annual financial statements.,BIS-spliced,,,3,9,,Annual: 1977.,"Bank of Mexico, Bank for International Settlements.",5B0,"Mexico - Central bank, assets, total, BIS-spliced",,E,2019-06,3654.806,,F,A,
M,MX,B,XDC,MXN,N,,From January 1977 onwards: monthly financial statements. Before 1977: annual financial statements.,BIS-spliced,,,3,9,,Annual: 1977.,"Bank of Mexico, Bank for International Settlements.",5B0,"Mexico - Central bank, assets, total, BIS-spliced",,E,2019-07,3669.175,,F,A,
M,MX,B,XDC,MXN,N,,From January 1977 onwards: monthly financial statements. Before 1977: annual financial statements.,BIS-spliced,,,3,9,,Annual: 1977.,"Bank of Mexico, Bank for International Settlements.",5B0,"Mexico - Central bank, assets, total, BIS-spliced",,E,2019-08,3969.869,,F,A,
M,MX,B,XDC,MXN,N,,From January 1977 onwards: monthly financial statements. Before 1977: annual financial statements.,BIS-spliced,,,3,9,,Annual: 1977.,"Bank of Mexico, Bank for International Settlements.",5B0,"Mexico - Central bank, assets, total, BIS-spliced",,E,2019-09,3988.16,,F,A,
M,MX,B,XDC,MXN,N,,From January 1977 onwards: monthly financial statements. Before 1977: annual financial statements.,BIS-spliced,,,3,9,,Annual: 1977.,"Bank of Mexico, Bank for International Settlements.",5B0,"Mexico - Central bank, assets, total, BIS-spliced",,E,2019-10,4020.207,,F,A,
M,MX,B,XDC,MXN,N,,From January 1977 onwards: monthly financial statements. Before 1977: annual financial statements.,BIS-spliced,,,3,9,,Annual: 1977.,"Bank of Mexico, Bank for International Settlements.",5B0,"Mexico - Central bank, assets, total, BIS-spliced",,E,2019-11,4107.893,,F,A,
M,MX,B,XDC,MXN,N,,From January 1977 onwards: monthly financial statements. Before 1977: annual financial statements.,BIS-spliced,,,3,9,,Annual: 1977.,"Bank of Mexico, Bank for International Settlements.",5B0,"Mexico - Central bank, assets, total, BIS-spliced",,E,2019-12,3807.341,,F,A,
M,MX,B,XDC,MXN,N,,From January 1977 onwards: monthly financial statements. Before 1977: annual financial statements.,BIS-spliced,,,3,9,,Annual: 1977.,"Bank of Mexico, Bank for International Settlements.",5B0,"Mexico - Central bank, assets, total, BIS-spliced",,E,2020-01,3818.486,,F,A,
M,MX,B,XDC,MXN,N,,From January 1977 onwards: monthly financial statements. Before 1977: annual financial statements.,BIS-spliced,,,3,9,,Annual: 1977.,"Bank of Mexico, Bank for International Settlements.",5B0,"Mexico - Central bank, assets, total, BIS-spliced",,E,2020-02,3941.708,,F,A,
M,MX,B,XDC,MXN,N,,From January 1977 onwards: monthly financial statements. Before 1977: annual financial statements.,BIS-spliced,,,3,9,,Annual: 1977.,"Bank of Mexico, Bank for International Settlements.",5B0,"Mexico - Central bank, assets, total, BIS-spliced",,E,2020-03,4713.316,,F,A,
M,MX,B,XDC,MXN,N,,From January 1977 onwards: monthly financial statements. Before 1977: annual financial statements.,BIS-spliced,,,3,9,,Annual: 1977.,"Bank of Mexico, Bank for International Settlements.",5B0,"Mexico - Central bank, assets, total, BIS-spliced",,E,2020-04,5050.895,,F,A,
M,MX,B,XDC,MXN,N,,From January 1977 onwards: monthly financial statements. Before 1977: annual financial statements.,BIS-spliced,,,3,9,,Annual: 1977.,"Bank of Mexico, Bank for International Settlements.",5B0,"Mexico - Central bank, assets, total, BIS-spliced",,E,2020-05,4848.958,,F,A,
M,MX,B,XDC,MXN,N,,From January 1977 onwards: monthly financial statements. Before 1977: annual financial statements.,BIS-spliced,,,3,9,,Annual: 1977.,"Bank of Mexico, Bank for International Settlements.",5B0,"Mexico - Central bank, assets, total, BIS-spliced",,E,2020-06,4828.634,,F,A,
M,MX,B,XDC,MXN,N,,From January 1977 onwards: monthly financial statements. Before 1977: annual financial statements.,BIS-spliced,,,3,9,,Annual: 1977.,"Bank of Mexico, Bank for International Settlements.",5B0,"Mexico - Central bank, assets, total, BIS-spliced",,E,2020-07,4788.907,,F,A,
M,MX,B,XDC,MXN,N,,From January 1977 onwards: monthly financial statements. Before 1977: annual financial statements.,BIS-spliced,,,3,9,,Annual: 1977.,"Bank of Mexico, Bank for International Settlements.",5B0,"Mexico - Central bank, assets, total, BIS-spliced",,E,2020-08,4824.42,,F,A,
M,MX,B,XDC,MXN,N,,From January 1977 onwards: monthly financial statements. Before 1977: annual financial statements.,BIS-spliced,,,3,9,,Annual: 1977.,"Bank of Mexico, Bank for International Settlements.",5B0,"Mexico - Central bank, assets, total, BIS-spliced",,E,2020-09,4836.386,,F,A,
M,MX,B,XDC,MXN,N,,From January 1977 onwards: monthly financial statements. Before 1977: annual financial statements.,BIS-spliced,,,3,9,,Annual: 1977.,"Bank of Mexico, Bank for International Settlements.",5B0,"Mexico - Central bank, assets, total, BIS-spliced",,E,2020-10,4723.118,,F,A,
M,MX,B,XDC,MXN,N,,From January 1977 onwards: monthly financial statements. Before 1977: annual financial statements.,BIS-spliced,,,3,9,,Annual: 1977.,"Bank of Mexico, Bank for International Settlements.",5B0,"Mexico - Central bank, assets, total, BIS-spliced",,E,2020-11,4682.634,,F,A,
M,MX,B,XDC,MXN,N,,From January 1977 onwards: monthly financial statements. Before 1977: annual financial statements.,BIS-spliced,,,3,9,,Annual: 1977.,"Bank of Mexico, Bank for International Settlements.",5B0,"Mexico - Central bank, assets, total, BIS-spliced",,E,2020-12,4589.364,,F,A,
M,MX,B,XDC,MXN,N,,From January 1977 onwards: monthly financial statements. Before 1977: annual financial statements.,BIS-spliced,,,3,9,,Annual: 1977.,"Bank of Mexico, Bank for International Settlements.",5B0,"Mexico - Central bank, assets, total, BIS-spliced",,E,2021-01,4680.478,,F,A,
M,MX,B,XDC,MXN,N,,From January 1977 onwards: monthly financial statements. Before 1977: annual financial statements.,BIS-spliced,,,3,9,,Annual: 1977.,"Bank of Mexico, Bank for International Settlements.",5B0,"Mexico - Central bank, assets, total, BIS-spliced",,E,2021-02,4731.855,,F,A,
M,MX,B,XDC,MXN,N,,From January 1977 onwards: monthly financial statements. Before 1977: annual financial statements.,BIS-spliced,,,3,9,,Annual: 1977.,"Bank of Mexico, Bank for International Settlements.",5B0,"Mexico - Central bank, assets, total, BIS-spliced",,E,2021-03,4623.369,,F,A,
M,MX,B,XDC,MXN,N,,From January 1977 onwards: monthly financial statements. Before 1977: annual financial statements.,BIS-spliced,,,3,9,,Annual: 1977.,"Bank of Mexico, Bank for International Settlements.",5B0,"Mexico - Central bank, assets, total, BIS-spliced",,E,2021-04,4738.186,,F,A,
M,MX,B,XDC,MXN,N,,From January 1977 onwards: monthly financial statements. Before 1977: annual financial statements.,BIS-spliced,,,3,9,,Annual: 1977.,"Bank of Mexico, Bank for International Settlements.",5B0,"Mexico - Central bank, assets, total, BIS-spliced",,E,2021-05,4689.151,,F,A,
M,MX,B,XDC,MXN,N,,From January 1977 onwards: monthly financial statements. Before 1977: annual financial statements.,BIS-spliced,,,3,9,,Annual: 1977.,"Bank of Mexico, Bank for International Settlements.",5B0,"Mexico - Central bank, assets, total, BIS-spliced",,E,2021-06,4466.449,,F,A,
M,MX,B,XDC,MXN,N,,From January 1977 onwards: monthly financial statements. Before 1977: annual financial statements.,BIS-spliced,,,3,9,,Annual: 1977.,"Bank of Mexico, Bank for International Settlements.",5B0,"Mexico - Central bank, assets, total, BIS-spliced",,E,2021-07,4558.235,,F,A,
M,MX,B,XDC,MXN,N,,From January 1977 onwards: monthly financial statements. Before 1977: annual financial statements.,BIS-spliced,,,3,9,,Annual: 1977.,"Bank of Mexico, Bank for International Settlements.",5B0,"Mexico - Central bank, assets, total, BIS-spliced",,E,2021-08,4839.822,,F,A,
M,MX,B,XDC,MXN,N,,From January 1977 onwards: monthly financial statements. Before 1977: annual financial statements.,BIS-spliced,,,3,9,,Annual: 1977.,"Bank of Mexico, Bank for International Settlements.",5B0,"Mexico - Central bank, assets, total, BIS-spliced",,E,2021-09,4835.713,,F,A,
M,MX,B,XDC,MXN,N,,From January 1977 onwards: monthly financial statements. Before 1977: annual financial statements.,BIS-spliced,,,3,9,,Annual: 1977.,"Bank of Mexico, Bank for International Settlements.",5B0,"Mexico - Central bank, assets, total, BIS-spliced",,E,2021-10,4935.552,,F,A,
M,MX,B,XDC,MXN,N,,From January 1977 onwards: monthly financial statements. Before 1977: annual financial statements.,BIS-spliced,,,3,9,,Annual: 1977.,"Bank of Mexico, Bank for International Settlements.",5B0,"Mexico - Central bank, assets, total, BIS-spliced",,E,2021-11,5112.193,,F,A,
M,MX,B,XDC,MXN,N,,From January 1977 onwards: monthly financial statements. Before 1977: annual financial statements.,BIS-spliced,,,3,9,,Annual: 1977.,"Bank of Mexico, Bank for International Settlements.",5B0,"Mexico - Central bank, assets, total, BIS-spliced",,E,2021-12,4753.431,,F,A,
M,MX,B,XDC,MXN,N,,From January 1977 onwards: monthly financial statements. Before 1977: annual financial statements.,BIS-spliced,,,3,9,,Annual: 1977.,"Bank of Mexico, Bank for International Settlements.",5B0,"Mexico - Central bank, assets, total, BIS-spliced",,E,2022-01,4779.247,,F,A,
M,MX,B,XDC,MXN,N,,From January 1977 onwards: monthly financial statements. Before 1977: annual financial statements.,BIS-spliced,,,3,9,,Annual: 1977.,"Bank of Mexico, Bank for International Settlements.",5B0,"Mexico - Central bank, assets, total, BIS-spliced",,E,2022-02,4587.469,,F,A,
M,MX,B,XDC,MXN,N,,From January 1977 onwards: monthly financial statements. Before 1977: annual financial statements.,BIS-spliced,,,3,9,,Annual: 1977.,"Bank of Mexico, Bank for International Settlements.",5B0,"Mexico - Central bank, assets, total, BIS-spliced",,E,2022-03,4464.518,,F,A,
M,MX,B,XDC,MXN,N,,From January 1977 onwards: monthly financial statements. Before 1977: annual financial statements.,BIS-spliced,,,3,9,,Annual: 1977.,"Bank of Mexico, Bank for International Settlements.",5B0,"Mexico - Central bank, assets, total, BIS-spliced",,E,2022-04,4714.092,,F,A,
M,MX,B,XDC,MXN,N,,From January 1977 onwards: monthly financial statements. Before 1977: annual financial statements.,BIS-spliced,,,3,9,,Annual: 1977.,"Bank of Mexico, Bank for International Settlements.",5B0,"Mexico - Central bank, assets, total, BIS-spliced",,E,2022-05,4573.404,,F,A,
M,MX,B,XDC,MXN,N,,From January 1977 onwards: monthly financial statements. Before 1977: annual financial statements.,BIS-spliced,,,3,9,,Annual: 1977.,"Bank of Mexico, Bank for International Settlements.",5B0,"Mexico - Central bank, assets, total, BIS-spliced",,E,2022-06,4534.438,,F,A,
M,MX,B,XDC,MXN,N,,From January 1977 onwards: monthly financial statements. Before 1977: annual financial statements.,BIS-spliced,,,3,9,,Annual: 1977.,"Bank of Mexico, Bank for International Settlements.",5B0,"Mexico - Central bank, assets, total, BIS-spliced",,E,2022-07,4600.12,,F,A,
M,MX,B,XDC,MXN,N,,From January 1977 onwards: monthly financial statements. Before 1977: annual financial statements.,BIS-spliced,,,3,9,,Annual: 1977.,"Bank of Mexico, Bank for International Settlements.",5B0,"Mexico - Central bank, assets, total, BIS-spliced",,E,2022-08,4644.313,,F,A,
M,MX,B,XDC,MXN,N,,From January 1977 onwards: monthly financial statements. Before 1977: annual financial statements.,BIS-spliced,,,3,9,,Annual: 1977.,"Bank of Mexico, Bank for International Settlements.",5B0,"Mexico - Central bank, assets, total, BIS-spliced",,E,2022-09,4668.755,,F,A,
M,MX,B,XDC,MXN,N,,From January 1977 onwards: monthly financial statements. Before 1977: annual financial statements.,BIS-spliced,,,3,9,,Annual: 1977.,"Bank of Mexico, Bank for International Settlements.",5B0,"Mexico - Central bank, assets, total, BIS-spliced",,E,2022-10,4498.068,,F,A,
M,MX,B,XDC,MXN,N,,From January 1977 onwards: monthly financial statements. Before 1977: annual financial statements.,BIS-spliced,,,3,9,,Annual: 1977.,"Bank of Mexico, Bank for International Settlements.",5B0,"Mexico - Central bank, assets, total, BIS-spliced",,E,2022-11,4449.09,,F,A,
M,MX,B,XDC,MXN,N,,From January 1977 onwards: monthly financial statements. Before 1977: annual financial statements.,BIS-spliced,,,3,9,,Annual: 1977.,"Bank of Mexico, Bank for International Settlements.",5B0,"Mexico - Central bank, assets, total, BIS-spliced",,E,2022-12,4375.392,,F,A,
M,MX,B,XDC,MXN,N,,From January 1977 onwards: monthly financial statements. Before 1977: annual financial statements.,BIS-spliced,,,3,9,,Annual: 1977.,"Bank of Mexico, Bank for International Settlements.",5B0,"Mexico - Central bank, assets, total, BIS-spliced",,E,2023-01,4396.79,,F,A,
M,MX,B,XDC,MXN,N,,From January 1977 onwards: monthly financial statements. Before 1977: annual financial statements.,BIS-spliced,,,3,9,,Annual: 1977.,"Bank of Mexico, Bank for International Settlements.",5B0,"Mexico - Central bank, assets, total, BIS-spliced",,E,2023-02,4332.604,,F,A,
M,MX,B,XDC,MXN,N,,From January 1977 onwards: monthly financial statements. Before 1977: annual financial statements.,BIS-spliced,,,3,9,,Annual: 1977.,"Bank of Mexico, Bank for International Settlements.",5B0,"Mexico - Central bank, assets, total, BIS-spliced",,E,2023-03,4240.627,,F,A,
M,MX,B,XDC,MXN,N,,From January 1977 onwards: monthly financial statements. Before 1977: annual financial statements.,BIS-spliced,,,3,9,,Annual: 1977.,"Bank of Mexico, Bank for International Settlements.",5B0,"Mexico - Central bank, assets, total, BIS-spliced",,E,2023-04,4510.297,,F,A,
M,MX,B,XDC,MXN,N,,From January 1977 onwards: monthly financial statements. Before 1977: annual financial statements.,BIS-spliced,,,3,9,,Annual: 1977.,"Bank of Mexico, Bank for International Settlements.",5B0,"Mexico - Central bank, assets, total, BIS-spliced",,E,2023-05,4533.745,,F,A,
M,MX,B,XDC,MXN,N,,From January 1977 onwards: monthly financial statements. Before 1977: annual financial statements.,BIS-spliced,,,3,9,,Annual: 1977.,"Bank of Mexico, Bank for International Settlements.",5B0,"Mexico - Central bank, assets, total, BIS-spliced",,E,2023-06,4056.975,,F,A,
M,MX,B,XDC,MXN,N,,From January 1977 onwards: monthly financial statements. Before 1977: annual financial statements.,BIS-spliced,,,3,9,,Annual: 1977.,"Bank of Mexico, Bank for International Settlements.",5B0,"Mexico - Central bank, assets, total, BIS-spliced",,E,2023-07,3928.455,,F,A,
M,MX,B,XDC,MXN,N,,From January 1977 onwards: monthly financial statements. Before 1977: annual financial statements.,BIS-spliced,,,3,9,,Annual: 1977.,"Bank of Mexico, Bank for International Settlements.",5B0,"Mexico - Central bank, assets, total, BIS-spliced",,E,2023-08,3998.12,,F,A,
M,MX,B,XDC,MXN,N,,From January 1977 onwards: monthly financial statements. Before 1977: annual financial statements.,BIS-spliced,,,3,9,,Annual: 1977.,"Bank of Mexico, Bank for International Settlements.",5B0,"Mexico - Central bank, assets, total, BIS-spliced",,E,2023-09,4200.981,,F,A,
M,MX,B,XDC,MXN,N,,From January 1977 onwards: monthly financial statements. Before 1977: annual financial statements.,BIS-spliced,,,3,9,,Annual: 1977.,"Bank of Mexico, Bank for International Settlements.",5B0,"Mexico - Central bank, assets, total, BIS-spliced",,E,2023-10,4325.511,,F,A,
M,MX,B,XDC,MXN,N,,From January 1977 onwards: monthly financial statements. Before 1977: annual financial statements.,BIS-spliced,,,3,9,,Annual: 1977.,"Bank of Mexico, Bank for International Settlements.",5B0,"Mexico - Central bank, assets, total, BIS-spliced",,E,2023-11,4119.062,,F,A,
M,MX,B,XDC,MXN,N,,From January 1977 onwards: monthly financial statements. Before 1977: annual financial statements.,BIS-spliced,,,3,9,,Annual: 1977.,"Bank of Mexico, Bank for International Settlements.",5B0,"Mexico - Central bank, assets, total, BIS-spliced",,E,2023-12,4189.087,,F,A,
M,MX,B,XDC,MXN,N,,From January 1977 onwards: monthly financial statements. Before 1977: annual financial statements.,BIS-spliced,,,3,9,,Annual: 1977.,"Bank of Mexico, Bank for International Settlements.",5B0,"Mexico - Central bank, assets, total, BIS-spliced",,E,2024-01,4290.674,,F,A,
M,MX,B,XDC,MXN,N,,From January 1977 onwards: monthly financial statements. Before 1977: annual financial statements.,BIS-spliced,,,3,9,,Annual: 1977.,"Bank of Mexico, Bank for International Settlements.",5B0,"Mexico - Central bank, assets, total, BIS-spliced",,E,2024-02,4149.549,,F,A,
M,MX,B,XDC,MXN,N,,From January 1977 onwards: monthly financial statements. Before 1977: annual financial statements.,BIS-spliced,,,3,9,,Annual: 1977.,"Bank of Mexico, Bank for International Settlements.",5B0,"Mexico - Central bank, assets, total, BIS-spliced",,E,2024-03,4228.358,,F,A,
M,MX,B,XDC,MXN,N,,From January 1977 onwards: monthly financial statements. Before 1977: annual financial statements.,BIS-spliced,,,3,9,,Annual: 1977.,"Bank of Mexico, Bank for International Settlements.",5B0,"Mexico - Central bank, assets, total, BIS-spliced",,E,2024-04,4323.545,,F,A,
M,MX,B,XDC,MXN,N,,From January 1977 onwards: monthly financial statements. Before 1977: annual financial statements.,BIS-spliced,,,3,9,,Annual: 1977.,"Bank of Mexico, Bank for International Settlements.",5B0,"Mexico - Central bank, assets, total, BIS-spliced",,E,2024-05,4351.636,,F,A,
M,MX,B,XDC,MXN,N,,From January 1977 onwards: monthly financial statements. Before 1977: annual financial statements.,BIS-spliced,,,3,9,,Annual: 1977.,"Bank of Mexico, Bank for International Settlements.",5B0,"Mexico - Central bank, assets, total, BIS-spliced",,E,2024-06,4572.502,,F,A,
M,MX,B,XDC,MXN,N,,From January 1977 onwards: monthly financial statements. Before 1977: annual financial statements.,BIS-spliced,,,3,9,,Annual: 1977.,"Bank of Mexico, Bank for International Settlements.",5B0,"Mexico - Central bank, assets, total, BIS-spliced",,E,2024-07,4810.318,,F,A,
M,MX,B,XDC,MXN,N,,From January 1977 onwards: monthly financial statements. Before 1977: annual financial statements.,BIS-spliced,,,3,9,,Annual: 1977.,"Bank of Mexico, Bank for International Settlements.",5B0,"Mexico - Central bank, assets, total, BIS-spliced",,E,2024-08,5276.287,,F,A,
M,MX,B,XDC,MXN,N,,From January 1977 onwards: monthly financial statements. Before 1977: annual financial statements.,BIS-spliced,,,3,9,,Annual: 1977.,"Bank of Mexico, Bank for International Settlements.",5B0,"Mexico - Central bank, assets, total, BIS-spliced",,E,2024-09,5188.057,,F,A,
M,MX,B,XDC,MXN,N,,From January 1977 onwards: monthly financial statements. Before 1977: annual financial statements.,BIS-spliced,,,3,9,,Annual: 1977.,"Bank of Mexico, Bank for International Settlements.",5B0,"Mexico - Central bank, assets, total, BIS-spliced",,E,2024-10,5344.816,,F,A,
M,MX,B,XDC,MXN,N,,From January 1977 onwards: monthly financial statements. Before 1977: annual financial statements.,BIS-spliced,,,3,9,,Annual: 1977.,"Bank of Mexico, Bank for International Settlements.",5B0,"Mexico - Central bank, assets, total, BIS-spliced",,E,2024-11,5556.916,,F,A,
M,MX,B,XDC,MXN,N,,From January 1977 onwards: monthly financial statements. Before 1977: annual financial statements.,BIS-spliced,,,3,9,,Annual: 1977.,"Bank of Mexico, Bank for International Settlements.",5B0,"Mexico - Central bank, assets, total, BIS-spliced",,E,2024-12,5554.727,,F,A,
M,MX,B,XDC,MXN,N,,From January 1977 onwards: monthly financial statements. Before 1977: annual financial statements.,BIS-spliced,,,3,9,,Annual: 1977.,"Bank of Mexico, Bank for International Settlements.",5B0,"Mexico - Central bank, assets, total, BIS-spliced",,E,2025-01,5480.826,,F,A,
M,MX,B,XDC,MXN,N,,From January 1977 onwards: monthly financial statements. Before 1977: annual financial statements.,BIS-spliced,,,3,9,,Annual: 1977.,"Bank of Mexico, Bank for International Settlements.",5B0,"Mexico - Central bank, assets, total, BIS-spliced",,E,2025-02,5502.886,,F,A,
M,MX,B,XDC,MXN,N,,From January 1977 onwards: monthly financial statements. Before 1977: annual financial statements.,BIS-spliced,,,3,9,,Annual: 1977.,"Bank of Mexico, Bank for International Settlements.",5B0,"Mexico - Central bank, assets, total, BIS-spliced",,E,2025-03,5418.927,,F,A,
M,MX,B,XDC,MXN,N,,From January 1977 onwards: monthly financial statements. Before 1977: annual financial statements.,BIS-spliced,,,3,9,,Annual: 1977.,"Bank of Mexico, Bank for International Settlements.",5B0,"Mexico - Central bank, assets, total, BIS-spliced",,E,2025-04,5434.423,,F,A,
M,MX,B,XDC,MXN,N,,From January 1977 onwards: monthly financial statements. Before 1977: annual financial statements.,BIS-spliced,,,3,9,,Annual: 1977.,"Bank of Mexico, Bank for International Settlements.",5B0,"Mexico - Central bank, assets, total, BIS-spliced",,E,2025-05,5344.062,,F,A,
M,MX,B,XDC,MXN,N,,From January 1977 onwards: monthly financial statements. Before 1977: annual financial statements.,BIS-spliced,,,3,9,,Annual: 1977.,"Bank of Mexico, Bank for International Settlements.",5B0,"Mexico - Central bank, assets, total, BIS-spliced",,E,2025-06,5325.364,,F,A,
M,MX,B,XDC,MXN,N,,From January 1977 onwards: monthly financial statements. Before 1977: annual financial statements.,BIS-spliced,,,3,9,,Annual: 1977.,"Bank of Mexico, Bank for International Settlements.",5B0,"Mexico - Central bank, assets, total, BIS-spliced",,E,2025-07,5277.936,,F,A,
M,MX,B,XDC,MXN,N,,From January 1977 onwards: monthly financial statements. Before 1977: annual financial statements.,BIS-spliced,,,3,9,,Annual: 1977.,"Bank of Mexico, Bank for International Settlements.",5B0,"Mexico - Central bank, assets, total, BIS-spliced",,E,2025-08,5405.696,,F,A,
M,MX,B,XDC,MXN,N,,From January 1977 onwards: monthly financial statements. Before 1977: annual financial statements.,BIS-spliced,,,3,9,,Annual: 1977.,"Bank of Mexico, Bank for International Settlements.",5B0,"Mexico - Central bank, assets, total, BIS-spliced",,E,2025-09,5420.19,,F,A,
M,MX,B,XDC,MXN,N,,From January 1977 onwards: monthly financial statements. Before 1977: annual financial statements.,BIS-spliced,,,3,9,,Annual: 1977.,"Bank of Mexico, Bank for International Settlements.",5B0,"Mexico - Central bank, assets, total, BIS-spliced",,E,2025-10,5414.263,,F,A,
M,MX,B,XDC,MXN,N,,From January 1977 onwards: monthly financial statements. Before 1977: annual financial statements.,BIS-spliced,,,3,9,,Annual: 1977.,"Bank of Mexico, Bank for International Settlements.",5B0,"Mexico - Central bank, assets, total, BIS-spliced",,E,2025-11,5487.077,,F,A,
M,MX,B,XDC,MXN,N,,From January 1977 onwards: monthly financial statements. Before 1977: annual financial statements.,BIS-spliced,,,3,9,,Annual: 1977.,"Bank of Mexico, Bank for International Settlements.",5B0,"Mexico - Central bank, assets, total, BIS-spliced",,E,2025-12,5424.292,,F,A,
M,MX,B,XDC,MXN,N,,From January 1977 onwards: monthly financial statements. Before 1977: annual financial statements.,BIS-spliced,,,3,9,,Annual: 1977.,"Bank of Mexico, Bank for International Settlements.",5B0,"Mexico - Central bank, assets, total, BIS-spliced",,E,2026-01,5377.558,,F,A,
M,MX,B,XDC,MXN,N,,From January 1977 onwards: monthly financial statements. Before 1977: annual financial statements.,BIS-spliced,,,3,9,,Annual: 1977.,"Bank of Mexico, Bank for International Settlements.",5B0,"Mexico - Central bank, assets, total, BIS-spliced",,E,2026-02,5283.002,,F,A,
M,MX,B,XDC,MXN,N,,From January 1977 onwards: monthly financial statements. Before 1977: annual financial statements.,BIS-spliced,,,3,9,,Annual: 1977.,"Bank of Mexico, Bank for International Settlements.",5B0,"Mexico - Central bank, assets, total, BIS-spliced",,E,2026-03,5224.127,,F,A,
M,MX,B,XDC,MXN,N,,From January 1977 onwards: monthly financial statements. Before 1977: annual financial statements.,BIS-spliced,,,3,9,,Annual: 1977.,"Bank of Mexico, Bank for International Settlements.",5B0,"Mexico - Central bank, assets, total, BIS-spliced",,E,2026-04,5100.679,,F,A,
M,MX,B,XDC,MXN,N,,From January 1977 onwards: monthly financial statements. Before 1977: annual financial statements.,BIS-spliced,,,3,9,,Annual: 1977.,"Bank of Mexico, Bank for International Settlements.",5B0,"Mexico - Central bank, assets, total, BIS-spliced",,E,2026-05,5104.714,,F,A,
M,MX,B,XDC,MXN,N,,From January 1977 onwards: monthly financial statements. Before 1977: annual financial statements.,BIS-spliced,,,3,9,,Annual: 1977.,"Bank of Mexico, Bank for International Settlements.",5B0,"Mexico - Central bank, assets, total, BIS-spliced",,E,2026-06,4940.807,,F,A,
M,MX,B,XDC,MXN,N,,From January 1977 onwards: monthly financial statements. Before 1977: annual financial statements.,BIS-spliced,,,3,9,,Annual: 1977.,"Bank of Mexico, Bank for International Settlements.",5B0,"Mexico - Central bank, assets, total, BIS-spliced",,E,2026-07,5099.638,,F,A,
