FREQ,REF_AREA,UNIT_MEASURE,UNIT_MULT,TIME_FORMAT,COMPILATION,DECIMALS,SOURCE_REF,SUPP_INFO_BREAKS,TITLE,TIME_PERIOD,OBS_VALUE,OBS_STATUS,OBS_CONF,OBS_PRE_BREAK
M,MX,368,0,,"From 21 Jan 2008 onwards: Central Bank target, money-market overnight rate; from 3 Nov 1998 to 20 Jan 2008: bank funding rate.",4,Bank of Mexico,"As from 21 Jan 2008, the central bank target rate is used, which can be considered the official policy rate. From 3 Nov 1998 until 20 Jan 2008: the bank funding rate. ", Central bank policy rates - Mexico - Monthly - End of period,1998-11,34.37,A,F,
M,MX,368,0,,"From 21 Jan 2008 onwards: Central Bank target, money-market overnight rate; from 3 Nov 1998 to 20 Jan 2008: bank funding rate.",4,Bank of Mexico,"As from 21 Jan 2008, the central bank target rate is used, which can be considered the official policy rate. From 3 Nov 1998 until 20 Jan 2008: the bank funding rate. ", Central bank policy rates - Mexico - Monthly - End of period,1998-12,33.14,A,F,
M,MX,368,0,,"From 21 Jan 2008 onwards: Central Bank target, money-market overnight rate; from 3 Nov 1998 to 20 Jan 2008: bank funding rate.",4,Bank of Mexico,"As from 21 Jan 2008, the central bank target rate is used, which can be considered the official policy rate. From 3 Nov 1998 until 20 Jan 2008: the bank funding rate. ", Central bank policy rates - Mexico - Monthly - End of period,1999-01,35.85,A,F,
M,MX,368,0,,"From 21 Jan 2008 onwards: Central Bank target, money-market overnight rate; from 3 Nov 1998 to 20 Jan 2008: bank funding rate.",4,Bank of Mexico,"As from 21 Jan 2008, the central bank target rate is used, which can be considered the official policy rate. From 3 Nov 1998 until 20 Jan 2008: the bank funding rate. ", Central bank policy rates - Mexico - Monthly - End of period,1999-02,28.46,A,F,
M,MX,368,0,,"From 21 Jan 2008 onwards: Central Bank target, money-market overnight rate; from 3 Nov 1998 to 20 Jan 2008: bank funding rate.",4,Bank of Mexico,"As from 21 Jan 2008, the central bank target rate is used, which can be considered the official policy rate. From 3 Nov 1998 until 20 Jan 2008: the bank funding rate. ", Central bank policy rates - Mexico - Monthly - End of period,1999-03,22.96,A,F,
M,MX,368,0,,"From 21 Jan 2008 onwards: Central Bank target, money-market overnight rate; from 3 Nov 1998 to 20 Jan 2008: bank funding rate.",4,Bank of Mexico,"As from 21 Jan 2008, the central bank target rate is used, which can be considered the official policy rate. From 3 Nov 1998 until 20 Jan 2008: the bank funding rate. ", Central bank policy rates - Mexico - Monthly - End of period,1999-04,20.24,A,F,
M,MX,368,0,,"From 21 Jan 2008 onwards: Central Bank target, money-market overnight rate; from 3 Nov 1998 to 20 Jan 2008: bank funding rate.",4,Bank of Mexico,"As from 21 Jan 2008, the central bank target rate is used, which can be considered the official policy rate. From 3 Nov 1998 until 20 Jan 2008: the bank funding rate. ", Central bank policy rates - Mexico - Monthly - End of period,1999-05,21.78,A,F,
M,MX,368,0,,"From 21 Jan 2008 onwards: Central Bank target, money-market overnight rate; from 3 Nov 1998 to 20 Jan 2008: bank funding rate.",4,Bank of Mexico,"As from 21 Jan 2008, the central bank target rate is used, which can be considered the official policy rate. From 3 Nov 1998 until 20 Jan 2008: the bank funding rate. ", Central bank policy rates - Mexico - Monthly - End of period,1999-06,21.01,A,F,
M,MX,368,0,,"From 21 Jan 2008 onwards: Central Bank target, money-market overnight rate; from 3 Nov 1998 to 20 Jan 2008: bank funding rate.",4,Bank of Mexico,"As from 21 Jan 2008, the central bank target rate is used, which can be considered the official policy rate. From 3 Nov 1998 until 20 Jan 2008: the bank funding rate. ", Central bank policy rates - Mexico - Monthly - End of period,1999-07,21.9,A,F,
M,MX,368,0,,"From 21 Jan 2008 onwards: Central Bank target, money-market overnight rate; from 3 Nov 1998 to 20 Jan 2008: bank funding rate.",4,Bank of Mexico,"As from 21 Jan 2008, the central bank target rate is used, which can be considered the official policy rate. From 3 Nov 1998 until 20 Jan 2008: the bank funding rate. ", Central bank policy rates - Mexico - Monthly - End of period,1999-08,19.51,A,F,
M,MX,368,0,,"From 21 Jan 2008 onwards: Central Bank target, money-market overnight rate; from 3 Nov 1998 to 20 Jan 2008: bank funding rate.",4,Bank of Mexico,"As from 21 Jan 2008, the central bank target rate is used, which can be considered the official policy rate. From 3 Nov 1998 until 20 Jan 2008: the bank funding rate. ", Central bank policy rates - Mexico - Monthly - End of period,1999-09,18.9,A,F,
M,MX,368,0,,"From 21 Jan 2008 onwards: Central Bank target, money-market overnight rate; from 3 Nov 1998 to 20 Jan 2008: bank funding rate.",4,Bank of Mexico,"As from 21 Jan 2008, the central bank target rate is used, which can be considered the official policy rate. From 3 Nov 1998 until 20 Jan 2008: the bank funding rate. ", Central bank policy rates - Mexico - Monthly - End of period,1999-10,17.78,A,F,
M,MX,368,0,,"From 21 Jan 2008 onwards: Central Bank target, money-market overnight rate; from 3 Nov 1998 to 20 Jan 2008: bank funding rate.",4,Bank of Mexico,"As from 21 Jan 2008, the central bank target rate is used, which can be considered the official policy rate. From 3 Nov 1998 until 20 Jan 2008: the bank funding rate. ", Central bank policy rates - Mexico - Monthly - End of period,1999-11,19.97,A,F,
M,MX,368,0,,"From 21 Jan 2008 onwards: Central Bank target, money-market overnight rate; from 3 Nov 1998 to 20 Jan 2008: bank funding rate.",4,Bank of Mexico,"As from 21 Jan 2008, the central bank target rate is used, which can be considered the official policy rate. From 3 Nov 1998 until 20 Jan 2008: the bank funding rate. ", Central bank policy rates - Mexico - Monthly - End of period,1999-12,18.39,A,F,
M,MX,368,0,,"From 21 Jan 2008 onwards: Central Bank target, money-market overnight rate; from 3 Nov 1998 to 20 Jan 2008: bank funding rate.",4,Bank of Mexico,"As from 21 Jan 2008, the central bank target rate is used, which can be considered the official policy rate. From 3 Nov 1998 until 20 Jan 2008: the bank funding rate. ", Central bank policy rates - Mexico - Monthly - End of period,2000-01,19.25,A,F,
M,MX,368,0,,"From 21 Jan 2008 onwards: Central Bank target, money-market overnight rate; from 3 Nov 1998 to 20 Jan 2008: bank funding rate.",4,Bank of Mexico,"As from 21 Jan 2008, the central bank target rate is used, which can be considered the official policy rate. From 3 Nov 1998 until 20 Jan 2008: the bank funding rate. ", Central bank policy rates - Mexico - Monthly - End of period,2000-02,17.38,A,F,
M,MX,368,0,,"From 21 Jan 2008 onwards: Central Bank target, money-market overnight rate; from 3 Nov 1998 to 20 Jan 2008: bank funding rate.",4,Bank of Mexico,"As from 21 Jan 2008, the central bank target rate is used, which can be considered the official policy rate. From 3 Nov 1998 until 20 Jan 2008: the bank funding rate. ", Central bank policy rates - Mexico - Monthly - End of period,2000-03,13.87,A,F,
M,MX,368,0,,"From 21 Jan 2008 onwards: Central Bank target, money-market overnight rate; from 3 Nov 1998 to 20 Jan 2008: bank funding rate.",4,Bank of Mexico,"As from 21 Jan 2008, the central bank target rate is used, which can be considered the official policy rate. From 3 Nov 1998 until 20 Jan 2008: the bank funding rate. ", Central bank policy rates - Mexico - Monthly - End of period,2000-04,14.46,A,F,
M,MX,368,0,,"From 21 Jan 2008 onwards: Central Bank target, money-market overnight rate; from 3 Nov 1998 to 20 Jan 2008: bank funding rate.",4,Bank of Mexico,"As from 21 Jan 2008, the central bank target rate is used, which can be considered the official policy rate. From 3 Nov 1998 until 20 Jan 2008: the bank funding rate. ", Central bank policy rates - Mexico - Monthly - End of period,2000-05,16.23,A,F,
M,MX,368,0,,"From 21 Jan 2008 onwards: Central Bank target, money-market overnight rate; from 3 Nov 1998 to 20 Jan 2008: bank funding rate.",4,Bank of Mexico,"As from 21 Jan 2008, the central bank target rate is used, which can be considered the official policy rate. From 3 Nov 1998 until 20 Jan 2008: the bank funding rate. ", Central bank policy rates - Mexico - Monthly - End of period,2000-06,18.06,A,F,
M,MX,368,0,,"From 21 Jan 2008 onwards: Central Bank target, money-market overnight rate; from 3 Nov 1998 to 20 Jan 2008: bank funding rate.",4,Bank of Mexico,"As from 21 Jan 2008, the central bank target rate is used, which can be considered the official policy rate. From 3 Nov 1998 until 20 Jan 2008: the bank funding rate. ", Central bank policy rates - Mexico - Monthly - End of period,2000-07,13.75,A,F,
M,MX,368,0,,"From 21 Jan 2008 onwards: Central Bank target, money-market overnight rate; from 3 Nov 1998 to 20 Jan 2008: bank funding rate.",4,Bank of Mexico,"As from 21 Jan 2008, the central bank target rate is used, which can be considered the official policy rate. From 3 Nov 1998 until 20 Jan 2008: the bank funding rate. ", Central bank policy rates - Mexico - Monthly - End of period,2000-08,15.51,A,F,
M,MX,368,0,,"From 21 Jan 2008 onwards: Central Bank target, money-market overnight rate; from 3 Nov 1998 to 20 Jan 2008: bank funding rate.",4,Bank of Mexico,"As from 21 Jan 2008, the central bank target rate is used, which can be considered the official policy rate. From 3 Nov 1998 until 20 Jan 2008: the bank funding rate. ", Central bank policy rates - Mexico - Monthly - End of period,2000-09,15.89,A,F,
M,MX,368,0,,"From 21 Jan 2008 onwards: Central Bank target, money-market overnight rate; from 3 Nov 1998 to 20 Jan 2008: bank funding rate.",4,Bank of Mexico,"As from 21 Jan 2008, the central bank target rate is used, which can be considered the official policy rate. From 3 Nov 1998 until 20 Jan 2008: the bank funding rate. ", Central bank policy rates - Mexico - Monthly - End of period,2000-10,17.09,A,F,
M,MX,368,0,,"From 21 Jan 2008 onwards: Central Bank target, money-market overnight rate; from 3 Nov 1998 to 20 Jan 2008: bank funding rate.",4,Bank of Mexico,"As from 21 Jan 2008, the central bank target rate is used, which can be considered the official policy rate. From 3 Nov 1998 until 20 Jan 2008: the bank funding rate. ", Central bank policy rates - Mexico - Monthly - End of period,2000-11,17.9,A,F,
M,MX,368,0,,"From 21 Jan 2008 onwards: Central Bank target, money-market overnight rate; from 3 Nov 1998 to 20 Jan 2008: bank funding rate.",4,Bank of Mexico,"As from 21 Jan 2008, the central bank target rate is used, which can be considered the official policy rate. From 3 Nov 1998 until 20 Jan 2008: the bank funding rate. ", Central bank policy rates - Mexico - Monthly - End of period,2000-12,18.79,A,F,
M,MX,368,0,,"From 21 Jan 2008 onwards: Central Bank target, money-market overnight rate; from 3 Nov 1998 to 20 Jan 2008: bank funding rate.",4,Bank of Mexico,"As from 21 Jan 2008, the central bank target rate is used, which can be considered the official policy rate. From 3 Nov 1998 until 20 Jan 2008: the bank funding rate. ", Central bank policy rates - Mexico - Monthly - End of period,2001-01,17.72,A,F,
M,MX,368,0,,"From 21 Jan 2008 onwards: Central Bank target, money-market overnight rate; from 3 Nov 1998 to 20 Jan 2008: bank funding rate.",4,Bank of Mexico,"As from 21 Jan 2008, the central bank target rate is used, which can be considered the official policy rate. From 3 Nov 1998 until 20 Jan 2008: the bank funding rate. ", Central bank policy rates - Mexico - Monthly - End of period,2001-02,16.86,A,F,
M,MX,368,0,,"From 21 Jan 2008 onwards: Central Bank target, money-market overnight rate; from 3 Nov 1998 to 20 Jan 2008: bank funding rate.",4,Bank of Mexico,"As from 21 Jan 2008, the central bank target rate is used, which can be considered the official policy rate. From 3 Nov 1998 until 20 Jan 2008: the bank funding rate. ", Central bank policy rates - Mexico - Monthly - End of period,2001-03,16.32,A,F,
M,MX,368,0,,"From 21 Jan 2008 onwards: Central Bank target, money-market overnight rate; from 3 Nov 1998 to 20 Jan 2008: bank funding rate.",4,Bank of Mexico,"As from 21 Jan 2008, the central bank target rate is used, which can be considered the official policy rate. From 3 Nov 1998 until 20 Jan 2008: the bank funding rate. ", Central bank policy rates - Mexico - Monthly - End of period,2001-04,15,A,F,
M,MX,368,0,,"From 21 Jan 2008 onwards: Central Bank target, money-market overnight rate; from 3 Nov 1998 to 20 Jan 2008: bank funding rate.",4,Bank of Mexico,"As from 21 Jan 2008, the central bank target rate is used, which can be considered the official policy rate. From 3 Nov 1998 until 20 Jan 2008: the bank funding rate. ", Central bank policy rates - Mexico - Monthly - End of period,2001-05,11.47,A,F,
M,MX,368,0,,"From 21 Jan 2008 onwards: Central Bank target, money-market overnight rate; from 3 Nov 1998 to 20 Jan 2008: bank funding rate.",4,Bank of Mexico,"As from 21 Jan 2008, the central bank target rate is used, which can be considered the official policy rate. From 3 Nov 1998 until 20 Jan 2008: the bank funding rate. ", Central bank policy rates - Mexico - Monthly - End of period,2001-06,10.25,A,F,
M,MX,368,0,,"From 21 Jan 2008 onwards: Central Bank target, money-market overnight rate; from 3 Nov 1998 to 20 Jan 2008: bank funding rate.",4,Bank of Mexico,"As from 21 Jan 2008, the central bank target rate is used, which can be considered the official policy rate. From 3 Nov 1998 until 20 Jan 2008: the bank funding rate. ", Central bank policy rates - Mexico - Monthly - End of period,2001-07,9.27,A,F,
M,MX,368,0,,"From 21 Jan 2008 onwards: Central Bank target, money-market overnight rate; from 3 Nov 1998 to 20 Jan 2008: bank funding rate.",4,Bank of Mexico,"As from 21 Jan 2008, the central bank target rate is used, which can be considered the official policy rate. From 3 Nov 1998 until 20 Jan 2008: the bank funding rate. ", Central bank policy rates - Mexico - Monthly - End of period,2001-08,8.94,A,F,
M,MX,368,0,,"From 21 Jan 2008 onwards: Central Bank target, money-market overnight rate; from 3 Nov 1998 to 20 Jan 2008: bank funding rate.",4,Bank of Mexico,"As from 21 Jan 2008, the central bank target rate is used, which can be considered the official policy rate. From 3 Nov 1998 until 20 Jan 2008: the bank funding rate. ", Central bank policy rates - Mexico - Monthly - End of period,2001-09,10.36,A,F,
M,MX,368,0,,"From 21 Jan 2008 onwards: Central Bank target, money-market overnight rate; from 3 Nov 1998 to 20 Jan 2008: bank funding rate.",4,Bank of Mexico,"As from 21 Jan 2008, the central bank target rate is used, which can be considered the official policy rate. From 3 Nov 1998 until 20 Jan 2008: the bank funding rate. ", Central bank policy rates - Mexico - Monthly - End of period,2001-10,8.08,A,F,
M,MX,368,0,,"From 21 Jan 2008 onwards: Central Bank target, money-market overnight rate; from 3 Nov 1998 to 20 Jan 2008: bank funding rate.",4,Bank of Mexico,"As from 21 Jan 2008, the central bank target rate is used, which can be considered the official policy rate. From 3 Nov 1998 until 20 Jan 2008: the bank funding rate. ", Central bank policy rates - Mexico - Monthly - End of period,2001-11,7.24,A,F,
M,MX,368,0,,"From 21 Jan 2008 onwards: Central Bank target, money-market overnight rate; from 3 Nov 1998 to 20 Jan 2008: bank funding rate.",4,Bank of Mexico,"As from 21 Jan 2008, the central bank target rate is used, which can be considered the official policy rate. From 3 Nov 1998 until 20 Jan 2008: the bank funding rate. ", Central bank policy rates - Mexico - Monthly - End of period,2001-12,8.04,A,F,
M,MX,368,0,,"From 21 Jan 2008 onwards: Central Bank target, money-market overnight rate; from 3 Nov 1998 to 20 Jan 2008: bank funding rate.",4,Bank of Mexico,"As from 21 Jan 2008, the central bank target rate is used, which can be considered the official policy rate. From 3 Nov 1998 until 20 Jan 2008: the bank funding rate. ", Central bank policy rates - Mexico - Monthly - End of period,2002-01,8.08,A,F,
M,MX,368,0,,"From 21 Jan 2008 onwards: Central Bank target, money-market overnight rate; from 3 Nov 1998 to 20 Jan 2008: bank funding rate.",4,Bank of Mexico,"As from 21 Jan 2008, the central bank target rate is used, which can be considered the official policy rate. From 3 Nov 1998 until 20 Jan 2008: the bank funding rate. ", Central bank policy rates - Mexico - Monthly - End of period,2002-02,7.63,A,F,
M,MX,368,0,,"From 21 Jan 2008 onwards: Central Bank target, money-market overnight rate; from 3 Nov 1998 to 20 Jan 2008: bank funding rate.",4,Bank of Mexico,"As from 21 Jan 2008, the central bank target rate is used, which can be considered the official policy rate. From 3 Nov 1998 until 20 Jan 2008: the bank funding rate. ", Central bank policy rates - Mexico - Monthly - End of period,2002-03,7.11,A,F,
M,MX,368,0,,"From 21 Jan 2008 onwards: Central Bank target, money-market overnight rate; from 3 Nov 1998 to 20 Jan 2008: bank funding rate.",4,Bank of Mexico,"As from 21 Jan 2008, the central bank target rate is used, which can be considered the official policy rate. From 3 Nov 1998 until 20 Jan 2008: the bank funding rate. ", Central bank policy rates - Mexico - Monthly - End of period,2002-04,5.47,A,F,
M,MX,368,0,,"From 21 Jan 2008 onwards: Central Bank target, money-market overnight rate; from 3 Nov 1998 to 20 Jan 2008: bank funding rate.",4,Bank of Mexico,"As from 21 Jan 2008, the central bank target rate is used, which can be considered the official policy rate. From 3 Nov 1998 until 20 Jan 2008: the bank funding rate. ", Central bank policy rates - Mexico - Monthly - End of period,2002-05,7.33,A,F,
M,MX,368,0,,"From 21 Jan 2008 onwards: Central Bank target, money-market overnight rate; from 3 Nov 1998 to 20 Jan 2008: bank funding rate.",4,Bank of Mexico,"As from 21 Jan 2008, the central bank target rate is used, which can be considered the official policy rate. From 3 Nov 1998 until 20 Jan 2008: the bank funding rate. ", Central bank policy rates - Mexico - Monthly - End of period,2002-06,8.13,A,F,
M,MX,368,0,,"From 21 Jan 2008 onwards: Central Bank target, money-market overnight rate; from 3 Nov 1998 to 20 Jan 2008: bank funding rate.",4,Bank of Mexico,"As from 21 Jan 2008, the central bank target rate is used, which can be considered the official policy rate. From 3 Nov 1998 until 20 Jan 2008: the bank funding rate. ", Central bank policy rates - Mexico - Monthly - End of period,2002-07,5.37,A,F,
M,MX,368,0,,"From 21 Jan 2008 onwards: Central Bank target, money-market overnight rate; from 3 Nov 1998 to 20 Jan 2008: bank funding rate.",4,Bank of Mexico,"As from 21 Jan 2008, the central bank target rate is used, which can be considered the official policy rate. From 3 Nov 1998 until 20 Jan 2008: the bank funding rate. ", Central bank policy rates - Mexico - Monthly - End of period,2002-08,6.64,A,F,
M,MX,368,0,,"From 21 Jan 2008 onwards: Central Bank target, money-market overnight rate; from 3 Nov 1998 to 20 Jan 2008: bank funding rate.",4,Bank of Mexico,"As from 21 Jan 2008, the central bank target rate is used, which can be considered the official policy rate. From 3 Nov 1998 until 20 Jan 2008: the bank funding rate. ", Central bank policy rates - Mexico - Monthly - End of period,2002-09,8.05,A,F,
M,MX,368,0,,"From 21 Jan 2008 onwards: Central Bank target, money-market overnight rate; from 3 Nov 1998 to 20 Jan 2008: bank funding rate.",4,Bank of Mexico,"As from 21 Jan 2008, the central bank target rate is used, which can be considered the official policy rate. From 3 Nov 1998 until 20 Jan 2008: the bank funding rate. ", Central bank policy rates - Mexico - Monthly - End of period,2002-10,7.72,A,F,
M,MX,368,0,,"From 21 Jan 2008 onwards: Central Bank target, money-market overnight rate; from 3 Nov 1998 to 20 Jan 2008: bank funding rate.",4,Bank of Mexico,"As from 21 Jan 2008, the central bank target rate is used, which can be considered the official policy rate. From 3 Nov 1998 until 20 Jan 2008: the bank funding rate. ", Central bank policy rates - Mexico - Monthly - End of period,2002-11,7,A,F,
M,MX,368,0,,"From 21 Jan 2008 onwards: Central Bank target, money-market overnight rate; from 3 Nov 1998 to 20 Jan 2008: bank funding rate.",4,Bank of Mexico,"As from 21 Jan 2008, the central bank target rate is used, which can be considered the official policy rate. From 3 Nov 1998 until 20 Jan 2008: the bank funding rate. ", Central bank policy rates - Mexico - Monthly - End of period,2002-12,8.25,A,F,
M,MX,368,0,,"From 21 Jan 2008 onwards: Central Bank target, money-market overnight rate; from 3 Nov 1998 to 20 Jan 2008: bank funding rate.",4,Bank of Mexico,"As from 21 Jan 2008, the central bank target rate is used, which can be considered the official policy rate. From 3 Nov 1998 until 20 Jan 2008: the bank funding rate. ", Central bank policy rates - Mexico - Monthly - End of period,2003-01,9.01,A,F,
M,MX,368,0,,"From 21 Jan 2008 onwards: Central Bank target, money-market overnight rate; from 3 Nov 1998 to 20 Jan 2008: bank funding rate.",4,Bank of Mexico,"As from 21 Jan 2008, the central bank target rate is used, which can be considered the official policy rate. From 3 Nov 1998 until 20 Jan 2008: the bank funding rate. ", Central bank policy rates - Mexico - Monthly - End of period,2003-02,9.27,A,F,
M,MX,368,0,,"From 21 Jan 2008 onwards: Central Bank target, money-market overnight rate; from 3 Nov 1998 to 20 Jan 2008: bank funding rate.",4,Bank of Mexico,"As from 21 Jan 2008, the central bank target rate is used, which can be considered the official policy rate. From 3 Nov 1998 until 20 Jan 2008: the bank funding rate. ", Central bank policy rates - Mexico - Monthly - End of period,2003-03,8.92,A,F,
M,MX,368,0,,"From 21 Jan 2008 onwards: Central Bank target, money-market overnight rate; from 3 Nov 1998 to 20 Jan 2008: bank funding rate.",4,Bank of Mexico,"As from 21 Jan 2008, the central bank target rate is used, which can be considered the official policy rate. From 3 Nov 1998 until 20 Jan 2008: the bank funding rate. ", Central bank policy rates - Mexico - Monthly - End of period,2003-04,5.85,A,F,
M,MX,368,0,,"From 21 Jan 2008 onwards: Central Bank target, money-market overnight rate; from 3 Nov 1998 to 20 Jan 2008: bank funding rate.",4,Bank of Mexico,"As from 21 Jan 2008, the central bank target rate is used, which can be considered the official policy rate. From 3 Nov 1998 until 20 Jan 2008: the bank funding rate. ", Central bank policy rates - Mexico - Monthly - End of period,2003-05,4.79,A,F,
M,MX,368,0,,"From 21 Jan 2008 onwards: Central Bank target, money-market overnight rate; from 3 Nov 1998 to 20 Jan 2008: bank funding rate.",4,Bank of Mexico,"As from 21 Jan 2008, the central bank target rate is used, which can be considered the official policy rate. From 3 Nov 1998 until 20 Jan 2008: the bank funding rate. ", Central bank policy rates - Mexico - Monthly - End of period,2003-06,4.36,A,F,
M,MX,368,0,,"From 21 Jan 2008 onwards: Central Bank target, money-market overnight rate; from 3 Nov 1998 to 20 Jan 2008: bank funding rate.",4,Bank of Mexico,"As from 21 Jan 2008, the central bank target rate is used, which can be considered the official policy rate. From 3 Nov 1998 until 20 Jan 2008: the bank funding rate. ", Central bank policy rates - Mexico - Monthly - End of period,2003-07,4.07,A,F,
M,MX,368,0,,"From 21 Jan 2008 onwards: Central Bank target, money-market overnight rate; from 3 Nov 1998 to 20 Jan 2008: bank funding rate.",4,Bank of Mexico,"As from 21 Jan 2008, the central bank target rate is used, which can be considered the official policy rate. From 3 Nov 1998 until 20 Jan 2008: the bank funding rate. ", Central bank policy rates - Mexico - Monthly - End of period,2003-08,4.57,A,F,
M,MX,368,0,,"From 21 Jan 2008 onwards: Central Bank target, money-market overnight rate; from 3 Nov 1998 to 20 Jan 2008: bank funding rate.",4,Bank of Mexico,"As from 21 Jan 2008, the central bank target rate is used, which can be considered the official policy rate. From 3 Nov 1998 until 20 Jan 2008: the bank funding rate. ", Central bank policy rates - Mexico - Monthly - End of period,2003-09,4.3,A,F,
M,MX,368,0,,"From 21 Jan 2008 onwards: Central Bank target, money-market overnight rate; from 3 Nov 1998 to 20 Jan 2008: bank funding rate.",4,Bank of Mexico,"As from 21 Jan 2008, the central bank target rate is used, which can be considered the official policy rate. From 3 Nov 1998 until 20 Jan 2008: the bank funding rate. ", Central bank policy rates - Mexico - Monthly - End of period,2003-10,4.73,A,F,
M,MX,368,0,,"From 21 Jan 2008 onwards: Central Bank target, money-market overnight rate; from 3 Nov 1998 to 20 Jan 2008: bank funding rate.",4,Bank of Mexico,"As from 21 Jan 2008, the central bank target rate is used, which can be considered the official policy rate. From 3 Nov 1998 until 20 Jan 2008: the bank funding rate. ", Central bank policy rates - Mexico - Monthly - End of period,2003-11,6.26,A,F,
M,MX,368,0,,"From 21 Jan 2008 onwards: Central Bank target, money-market overnight rate; from 3 Nov 1998 to 20 Jan 2008: bank funding rate.",4,Bank of Mexico,"As from 21 Jan 2008, the central bank target rate is used, which can be considered the official policy rate. From 3 Nov 1998 until 20 Jan 2008: the bank funding rate. ", Central bank policy rates - Mexico - Monthly - End of period,2003-12,6.12,A,F,
M,MX,368,0,,"From 21 Jan 2008 onwards: Central Bank target, money-market overnight rate; from 3 Nov 1998 to 20 Jan 2008: bank funding rate.",4,Bank of Mexico,"As from 21 Jan 2008, the central bank target rate is used, which can be considered the official policy rate. From 3 Nov 1998 until 20 Jan 2008: the bank funding rate. ", Central bank policy rates - Mexico - Monthly - End of period,2004-01,5.2,A,F,
M,MX,368,0,,"From 21 Jan 2008 onwards: Central Bank target, money-market overnight rate; from 3 Nov 1998 to 20 Jan 2008: bank funding rate.",4,Bank of Mexico,"As from 21 Jan 2008, the central bank target rate is used, which can be considered the official policy rate. From 3 Nov 1998 until 20 Jan 2008: the bank funding rate. ", Central bank policy rates - Mexico - Monthly - End of period,2004-02,6.71,A,F,
M,MX,368,0,,"From 21 Jan 2008 onwards: Central Bank target, money-market overnight rate; from 3 Nov 1998 to 20 Jan 2008: bank funding rate.",4,Bank of Mexico,"As from 21 Jan 2008, the central bank target rate is used, which can be considered the official policy rate. From 3 Nov 1998 until 20 Jan 2008: the bank funding rate. ", Central bank policy rates - Mexico - Monthly - End of period,2004-03,6.13,A,F,
M,MX,368,0,,"From 21 Jan 2008 onwards: Central Bank target, money-market overnight rate; from 3 Nov 1998 to 20 Jan 2008: bank funding rate.",4,Bank of Mexico,"As from 21 Jan 2008, the central bank target rate is used, which can be considered the official policy rate. From 3 Nov 1998 until 20 Jan 2008: the bank funding rate. ", Central bank policy rates - Mexico - Monthly - End of period,2004-04,6.26,A,F,
M,MX,368,0,,"From 21 Jan 2008 onwards: Central Bank target, money-market overnight rate; from 3 Nov 1998 to 20 Jan 2008: bank funding rate.",4,Bank of Mexico,"As from 21 Jan 2008, the central bank target rate is used, which can be considered the official policy rate. From 3 Nov 1998 until 20 Jan 2008: the bank funding rate. ", Central bank policy rates - Mexico - Monthly - End of period,2004-05,6.35,A,F,
M,MX,368,0,,"From 21 Jan 2008 onwards: Central Bank target, money-market overnight rate; from 3 Nov 1998 to 20 Jan 2008: bank funding rate.",4,Bank of Mexico,"As from 21 Jan 2008, the central bank target rate is used, which can be considered the official policy rate. From 3 Nov 1998 until 20 Jan 2008: the bank funding rate. ", Central bank policy rates - Mexico - Monthly - End of period,2004-06,6.53,A,F,
M,MX,368,0,,"From 21 Jan 2008 onwards: Central Bank target, money-market overnight rate; from 3 Nov 1998 to 20 Jan 2008: bank funding rate.",4,Bank of Mexico,"As from 21 Jan 2008, the central bank target rate is used, which can be considered the official policy rate. From 3 Nov 1998 until 20 Jan 2008: the bank funding rate. ", Central bank policy rates - Mexico - Monthly - End of period,2004-07,6.76,A,F,
M,MX,368,0,,"From 21 Jan 2008 onwards: Central Bank target, money-market overnight rate; from 3 Nov 1998 to 20 Jan 2008: bank funding rate.",4,Bank of Mexico,"As from 21 Jan 2008, the central bank target rate is used, which can be considered the official policy rate. From 3 Nov 1998 until 20 Jan 2008: the bank funding rate. ", Central bank policy rates - Mexico - Monthly - End of period,2004-08,7.17,A,F,
M,MX,368,0,,"From 21 Jan 2008 onwards: Central Bank target, money-market overnight rate; from 3 Nov 1998 to 20 Jan 2008: bank funding rate.",4,Bank of Mexico,"As from 21 Jan 2008, the central bank target rate is used, which can be considered the official policy rate. From 3 Nov 1998 until 20 Jan 2008: the bank funding rate. ", Central bank policy rates - Mexico - Monthly - End of period,2004-09,7.62,A,F,
M,MX,368,0,,"From 21 Jan 2008 onwards: Central Bank target, money-market overnight rate; from 3 Nov 1998 to 20 Jan 2008: bank funding rate.",4,Bank of Mexico,"As from 21 Jan 2008, the central bank target rate is used, which can be considered the official policy rate. From 3 Nov 1998 until 20 Jan 2008: the bank funding rate. ", Central bank policy rates - Mexico - Monthly - End of period,2004-10,7.81,A,F,
M,MX,368,0,,"From 21 Jan 2008 onwards: Central Bank target, money-market overnight rate; from 3 Nov 1998 to 20 Jan 2008: bank funding rate.",4,Bank of Mexico,"As from 21 Jan 2008, the central bank target rate is used, which can be considered the official policy rate. From 3 Nov 1998 until 20 Jan 2008: the bank funding rate. ", Central bank policy rates - Mexico - Monthly - End of period,2004-11,8.27,A,F,
M,MX,368,0,,"From 21 Jan 2008 onwards: Central Bank target, money-market overnight rate; from 3 Nov 1998 to 20 Jan 2008: bank funding rate.",4,Bank of Mexico,"As from 21 Jan 2008, the central bank target rate is used, which can be considered the official policy rate. From 3 Nov 1998 until 20 Jan 2008: the bank funding rate. ", Central bank policy rates - Mexico - Monthly - End of period,2004-12,8.75,A,F,
M,MX,368,0,,"From 21 Jan 2008 onwards: Central Bank target, money-market overnight rate; from 3 Nov 1998 to 20 Jan 2008: bank funding rate.",4,Bank of Mexico,"As from 21 Jan 2008, the central bank target rate is used, which can be considered the official policy rate. From 3 Nov 1998 until 20 Jan 2008: the bank funding rate. ", Central bank policy rates - Mexico - Monthly - End of period,2005-01,8.82,A,F,
M,MX,368,0,,"From 21 Jan 2008 onwards: Central Bank target, money-market overnight rate; from 3 Nov 1998 to 20 Jan 2008: bank funding rate.",4,Bank of Mexico,"As from 21 Jan 2008, the central bank target rate is used, which can be considered the official policy rate. From 3 Nov 1998 until 20 Jan 2008: the bank funding rate. ", Central bank policy rates - Mexico - Monthly - End of period,2005-02,9.21,A,F,
M,MX,368,0,,"From 21 Jan 2008 onwards: Central Bank target, money-market overnight rate; from 3 Nov 1998 to 20 Jan 2008: bank funding rate.",4,Bank of Mexico,"As from 21 Jan 2008, the central bank target rate is used, which can be considered the official policy rate. From 3 Nov 1998 until 20 Jan 2008: the bank funding rate. ", Central bank policy rates - Mexico - Monthly - End of period,2005-03,9.51,A,F,
M,MX,368,0,,"From 21 Jan 2008 onwards: Central Bank target, money-market overnight rate; from 3 Nov 1998 to 20 Jan 2008: bank funding rate.",4,Bank of Mexico,"As from 21 Jan 2008, the central bank target rate is used, which can be considered the official policy rate. From 3 Nov 1998 until 20 Jan 2008: the bank funding rate. ", Central bank policy rates - Mexico - Monthly - End of period,2005-04,9.6,A,F,
M,MX,368,0,,"From 21 Jan 2008 onwards: Central Bank target, money-market overnight rate; from 3 Nov 1998 to 20 Jan 2008: bank funding rate.",4,Bank of Mexico,"As from 21 Jan 2008, the central bank target rate is used, which can be considered the official policy rate. From 3 Nov 1998 until 20 Jan 2008: the bank funding rate. ", Central bank policy rates - Mexico - Monthly - End of period,2005-05,9.75,A,F,
M,MX,368,0,,"From 21 Jan 2008 onwards: Central Bank target, money-market overnight rate; from 3 Nov 1998 to 20 Jan 2008: bank funding rate.",4,Bank of Mexico,"As from 21 Jan 2008, the central bank target rate is used, which can be considered the official policy rate. From 3 Nov 1998 until 20 Jan 2008: the bank funding rate. ", Central bank policy rates - Mexico - Monthly - End of period,2005-06,9.76,A,F,
M,MX,368,0,,"From 21 Jan 2008 onwards: Central Bank target, money-market overnight rate; from 3 Nov 1998 to 20 Jan 2008: bank funding rate.",4,Bank of Mexico,"As from 21 Jan 2008, the central bank target rate is used, which can be considered the official policy rate. From 3 Nov 1998 until 20 Jan 2008: the bank funding rate. ", Central bank policy rates - Mexico - Monthly - End of period,2005-07,9.75,A,F,
M,MX,368,0,,"From 21 Jan 2008 onwards: Central Bank target, money-market overnight rate; from 3 Nov 1998 to 20 Jan 2008: bank funding rate.",4,Bank of Mexico,"As from 21 Jan 2008, the central bank target rate is used, which can be considered the official policy rate. From 3 Nov 1998 until 20 Jan 2008: the bank funding rate. ", Central bank policy rates - Mexico - Monthly - End of period,2005-08,9.51,A,F,
M,MX,368,0,,"From 21 Jan 2008 onwards: Central Bank target, money-market overnight rate; from 3 Nov 1998 to 20 Jan 2008: bank funding rate.",4,Bank of Mexico,"As from 21 Jan 2008, the central bank target rate is used, which can be considered the official policy rate. From 3 Nov 1998 until 20 Jan 2008: the bank funding rate. ", Central bank policy rates - Mexico - Monthly - End of period,2005-09,9.26,A,F,
M,MX,368,0,,"From 21 Jan 2008 onwards: Central Bank target, money-market overnight rate; from 3 Nov 1998 to 20 Jan 2008: bank funding rate.",4,Bank of Mexico,"As from 21 Jan 2008, the central bank target rate is used, which can be considered the official policy rate. From 3 Nov 1998 until 20 Jan 2008: the bank funding rate. ", Central bank policy rates - Mexico - Monthly - End of period,2005-10,9.01,A,F,
M,MX,368,0,,"From 21 Jan 2008 onwards: Central Bank target, money-market overnight rate; from 3 Nov 1998 to 20 Jan 2008: bank funding rate.",4,Bank of Mexico,"As from 21 Jan 2008, the central bank target rate is used, which can be considered the official policy rate. From 3 Nov 1998 until 20 Jan 2008: the bank funding rate. ", Central bank policy rates - Mexico - Monthly - End of period,2005-11,8.76,A,F,
M,MX,368,0,,"From 21 Jan 2008 onwards: Central Bank target, money-market overnight rate; from 3 Nov 1998 to 20 Jan 2008: bank funding rate.",4,Bank of Mexico,"As from 21 Jan 2008, the central bank target rate is used, which can be considered the official policy rate. From 3 Nov 1998 until 20 Jan 2008: the bank funding rate. ", Central bank policy rates - Mexico - Monthly - End of period,2005-12,8.27,A,F,
M,MX,368,0,,"From 21 Jan 2008 onwards: Central Bank target, money-market overnight rate; from 3 Nov 1998 to 20 Jan 2008: bank funding rate.",4,Bank of Mexico,"As from 21 Jan 2008, the central bank target rate is used, which can be considered the official policy rate. From 3 Nov 1998 until 20 Jan 2008: the bank funding rate. ", Central bank policy rates - Mexico - Monthly - End of period,2006-01,7.77,A,F,
M,MX,368,0,,"From 21 Jan 2008 onwards: Central Bank target, money-market overnight rate; from 3 Nov 1998 to 20 Jan 2008: bank funding rate.",4,Bank of Mexico,"As from 21 Jan 2008, the central bank target rate is used, which can be considered the official policy rate. From 3 Nov 1998 until 20 Jan 2008: the bank funding rate. ", Central bank policy rates - Mexico - Monthly - End of period,2006-02,7.51,A,F,
M,MX,368,0,,"From 21 Jan 2008 onwards: Central Bank target, money-market overnight rate; from 3 Nov 1998 to 20 Jan 2008: bank funding rate.",4,Bank of Mexico,"As from 21 Jan 2008, the central bank target rate is used, which can be considered the official policy rate. From 3 Nov 1998 until 20 Jan 2008: the bank funding rate. ", Central bank policy rates - Mexico - Monthly - End of period,2006-03,7.27,A,F,
M,MX,368,0,,"From 21 Jan 2008 onwards: Central Bank target, money-market overnight rate; from 3 Nov 1998 to 20 Jan 2008: bank funding rate.",4,Bank of Mexico,"As from 21 Jan 2008, the central bank target rate is used, which can be considered the official policy rate. From 3 Nov 1998 until 20 Jan 2008: the bank funding rate. ", Central bank policy rates - Mexico - Monthly - End of period,2006-04,7.05,A,F,
M,MX,368,0,,"From 21 Jan 2008 onwards: Central Bank target, money-market overnight rate; from 3 Nov 1998 to 20 Jan 2008: bank funding rate.",4,Bank of Mexico,"As from 21 Jan 2008, the central bank target rate is used, which can be considered the official policy rate. From 3 Nov 1998 until 20 Jan 2008: the bank funding rate. ", Central bank policy rates - Mexico - Monthly - End of period,2006-05,7.02,A,F,
M,MX,368,0,,"From 21 Jan 2008 onwards: Central Bank target, money-market overnight rate; from 3 Nov 1998 to 20 Jan 2008: bank funding rate.",4,Bank of Mexico,"As from 21 Jan 2008, the central bank target rate is used, which can be considered the official policy rate. From 3 Nov 1998 until 20 Jan 2008: the bank funding rate. ", Central bank policy rates - Mexico - Monthly - End of period,2006-06,7.03,A,F,
M,MX,368,0,,"From 21 Jan 2008 onwards: Central Bank target, money-market overnight rate; from 3 Nov 1998 to 20 Jan 2008: bank funding rate.",4,Bank of Mexico,"As from 21 Jan 2008, the central bank target rate is used, which can be considered the official policy rate. From 3 Nov 1998 until 20 Jan 2008: the bank funding rate. ", Central bank policy rates - Mexico - Monthly - End of period,2006-07,7.03,A,F,
M,MX,368,0,,"From 21 Jan 2008 onwards: Central Bank target, money-market overnight rate; from 3 Nov 1998 to 20 Jan 2008: bank funding rate.",4,Bank of Mexico,"As from 21 Jan 2008, the central bank target rate is used, which can be considered the official policy rate. From 3 Nov 1998 until 20 Jan 2008: the bank funding rate. ", Central bank policy rates - Mexico - Monthly - End of period,2006-08,7.03,A,F,
M,MX,368,0,,"From 21 Jan 2008 onwards: Central Bank target, money-market overnight rate; from 3 Nov 1998 to 20 Jan 2008: bank funding rate.",4,Bank of Mexico,"As from 21 Jan 2008, the central bank target rate is used, which can be considered the official policy rate. From 3 Nov 1998 until 20 Jan 2008: the bank funding rate. ", Central bank policy rates - Mexico - Monthly - End of period,2006-09,7.05,A,F,
M,MX,368,0,,"From 21 Jan 2008 onwards: Central Bank target, money-market overnight rate; from 3 Nov 1998 to 20 Jan 2008: bank funding rate.",4,Bank of Mexico,"As from 21 Jan 2008, the central bank target rate is used, which can be considered the official policy rate. From 3 Nov 1998 until 20 Jan 2008: the bank funding rate. ", Central bank policy rates - Mexico - Monthly - End of period,2006-10,7.04,A,F,
M,MX,368,0,,"From 21 Jan 2008 onwards: Central Bank target, money-market overnight rate; from 3 Nov 1998 to 20 Jan 2008: bank funding rate.",4,Bank of Mexico,"As from 21 Jan 2008, the central bank target rate is used, which can be considered the official policy rate. From 3 Nov 1998 until 20 Jan 2008: the bank funding rate. ", Central bank policy rates - Mexico - Monthly - End of period,2006-11,7.05,A,F,
M,MX,368,0,,"From 21 Jan 2008 onwards: Central Bank target, money-market overnight rate; from 3 Nov 1998 to 20 Jan 2008: bank funding rate.",4,Bank of Mexico,"As from 21 Jan 2008, the central bank target rate is used, which can be considered the official policy rate. From 3 Nov 1998 until 20 Jan 2008: the bank funding rate. ", Central bank policy rates - Mexico - Monthly - End of period,2006-12,7.02,A,F,
M,MX,368,0,,"From 21 Jan 2008 onwards: Central Bank target, money-market overnight rate; from 3 Nov 1998 to 20 Jan 2008: bank funding rate.",4,Bank of Mexico,"As from 21 Jan 2008, the central bank target rate is used, which can be considered the official policy rate. From 3 Nov 1998 until 20 Jan 2008: the bank funding rate. ", Central bank policy rates - Mexico - Monthly - End of period,2007-01,7.02,A,F,
M,MX,368,0,,"From 21 Jan 2008 onwards: Central Bank target, money-market overnight rate; from 3 Nov 1998 to 20 Jan 2008: bank funding rate.",4,Bank of Mexico,"As from 21 Jan 2008, the central bank target rate is used, which can be considered the official policy rate. From 3 Nov 1998 until 20 Jan 2008: the bank funding rate. ", Central bank policy rates - Mexico - Monthly - End of period,2007-02,7.08,A,F,
M,MX,368,0,,"From 21 Jan 2008 onwards: Central Bank target, money-market overnight rate; from 3 Nov 1998 to 20 Jan 2008: bank funding rate.",4,Bank of Mexico,"As from 21 Jan 2008, the central bank target rate is used, which can be considered the official policy rate. From 3 Nov 1998 until 20 Jan 2008: the bank funding rate. ", Central bank policy rates - Mexico - Monthly - End of period,2007-03,7.04,A,F,
M,MX,368,0,,"From 21 Jan 2008 onwards: Central Bank target, money-market overnight rate; from 3 Nov 1998 to 20 Jan 2008: bank funding rate.",4,Bank of Mexico,"As from 21 Jan 2008, the central bank target rate is used, which can be considered the official policy rate. From 3 Nov 1998 until 20 Jan 2008: the bank funding rate. ", Central bank policy rates - Mexico - Monthly - End of period,2007-04,7.26,A,F,
M,MX,368,0,,"From 21 Jan 2008 onwards: Central Bank target, money-market overnight rate; from 3 Nov 1998 to 20 Jan 2008: bank funding rate.",4,Bank of Mexico,"As from 21 Jan 2008, the central bank target rate is used, which can be considered the official policy rate. From 3 Nov 1998 until 20 Jan 2008: the bank funding rate. ", Central bank policy rates - Mexico - Monthly - End of period,2007-05,7.3,A,F,
M,MX,368,0,,"From 21 Jan 2008 onwards: Central Bank target, money-market overnight rate; from 3 Nov 1998 to 20 Jan 2008: bank funding rate.",4,Bank of Mexico,"As from 21 Jan 2008, the central bank target rate is used, which can be considered the official policy rate. From 3 Nov 1998 until 20 Jan 2008: the bank funding rate. ", Central bank policy rates - Mexico - Monthly - End of period,2007-06,7.3,A,F,
M,MX,368,0,,"From 21 Jan 2008 onwards: Central Bank target, money-market overnight rate; from 3 Nov 1998 to 20 Jan 2008: bank funding rate.",4,Bank of Mexico,"As from 21 Jan 2008, the central bank target rate is used, which can be considered the official policy rate. From 3 Nov 1998 until 20 Jan 2008: the bank funding rate. ", Central bank policy rates - Mexico - Monthly - End of period,2007-07,7.29,A,F,
M,MX,368,0,,"From 21 Jan 2008 onwards: Central Bank target, money-market overnight rate; from 3 Nov 1998 to 20 Jan 2008: bank funding rate.",4,Bank of Mexico,"As from 21 Jan 2008, the central bank target rate is used, which can be considered the official policy rate. From 3 Nov 1998 until 20 Jan 2008: the bank funding rate. ", Central bank policy rates - Mexico - Monthly - End of period,2007-08,7.29,A,F,
M,MX,368,0,,"From 21 Jan 2008 onwards: Central Bank target, money-market overnight rate; from 3 Nov 1998 to 20 Jan 2008: bank funding rate.",4,Bank of Mexico,"As from 21 Jan 2008, the central bank target rate is used, which can be considered the official policy rate. From 3 Nov 1998 until 20 Jan 2008: the bank funding rate. ", Central bank policy rates - Mexico - Monthly - End of period,2007-09,7.28,A,F,
M,MX,368,0,,"From 21 Jan 2008 onwards: Central Bank target, money-market overnight rate; from 3 Nov 1998 to 20 Jan 2008: bank funding rate.",4,Bank of Mexico,"As from 21 Jan 2008, the central bank target rate is used, which can be considered the official policy rate. From 3 Nov 1998 until 20 Jan 2008: the bank funding rate. ", Central bank policy rates - Mexico - Monthly - End of period,2007-10,7.49,A,F,
M,MX,368,0,,"From 21 Jan 2008 onwards: Central Bank target, money-market overnight rate; from 3 Nov 1998 to 20 Jan 2008: bank funding rate.",4,Bank of Mexico,"As from 21 Jan 2008, the central bank target rate is used, which can be considered the official policy rate. From 3 Nov 1998 until 20 Jan 2008: the bank funding rate. ", Central bank policy rates - Mexico - Monthly - End of period,2007-11,7.51,A,F,
M,MX,368,0,,"From 21 Jan 2008 onwards: Central Bank target, money-market overnight rate; from 3 Nov 1998 to 20 Jan 2008: bank funding rate.",4,Bank of Mexico,"As from 21 Jan 2008, the central bank target rate is used, which can be considered the official policy rate. From 3 Nov 1998 until 20 Jan 2008: the bank funding rate. ", Central bank policy rates - Mexico - Monthly - End of period,2007-12,7.57,A,F,
M,MX,368,0,,"From 21 Jan 2008 onwards: Central Bank target, money-market overnight rate; from 3 Nov 1998 to 20 Jan 2008: bank funding rate.",4,Bank of Mexico,"As from 21 Jan 2008, the central bank target rate is used, which can be considered the official policy rate. From 3 Nov 1998 until 20 Jan 2008: the bank funding rate. ", Central bank policy rates - Mexico - Monthly - End of period,2008-01,7.5,A,F,
M,MX,368,0,,"From 21 Jan 2008 onwards: Central Bank target, money-market overnight rate; from 3 Nov 1998 to 20 Jan 2008: bank funding rate.",4,Bank of Mexico,"As from 21 Jan 2008, the central bank target rate is used, which can be considered the official policy rate. From 3 Nov 1998 until 20 Jan 2008: the bank funding rate. ", Central bank policy rates - Mexico - Monthly - End of period,2008-02,7.5,A,F,
M,MX,368,0,,"From 21 Jan 2008 onwards: Central Bank target, money-market overnight rate; from 3 Nov 1998 to 20 Jan 2008: bank funding rate.",4,Bank of Mexico,"As from 21 Jan 2008, the central bank target rate is used, which can be considered the official policy rate. From 3 Nov 1998 until 20 Jan 2008: the bank funding rate. ", Central bank policy rates - Mexico - Monthly - End of period,2008-03,7.5,A,F,
M,MX,368,0,,"From 21 Jan 2008 onwards: Central Bank target, money-market overnight rate; from 3 Nov 1998 to 20 Jan 2008: bank funding rate.",4,Bank of Mexico,"As from 21 Jan 2008, the central bank target rate is used, which can be considered the official policy rate. From 3 Nov 1998 until 20 Jan 2008: the bank funding rate. ", Central bank policy rates - Mexico - Monthly - End of period,2008-04,7.5,A,F,
M,MX,368,0,,"From 21 Jan 2008 onwards: Central Bank target, money-market overnight rate; from 3 Nov 1998 to 20 Jan 2008: bank funding rate.",4,Bank of Mexico,"As from 21 Jan 2008, the central bank target rate is used, which can be considered the official policy rate. From 3 Nov 1998 until 20 Jan 2008: the bank funding rate. ", Central bank policy rates - Mexico - Monthly - End of period,2008-05,7.5,A,F,
M,MX,368,0,,"From 21 Jan 2008 onwards: Central Bank target, money-market overnight rate; from 3 Nov 1998 to 20 Jan 2008: bank funding rate.",4,Bank of Mexico,"As from 21 Jan 2008, the central bank target rate is used, which can be considered the official policy rate. From 3 Nov 1998 until 20 Jan 2008: the bank funding rate. ", Central bank policy rates - Mexico - Monthly - End of period,2008-06,7.75,A,F,
M,MX,368,0,,"From 21 Jan 2008 onwards: Central Bank target, money-market overnight rate; from 3 Nov 1998 to 20 Jan 2008: bank funding rate.",4,Bank of Mexico,"As from 21 Jan 2008, the central bank target rate is used, which can be considered the official policy rate. From 3 Nov 1998 until 20 Jan 2008: the bank funding rate. ", Central bank policy rates - Mexico - Monthly - End of period,2008-07,8,A,F,
M,MX,368,0,,"From 21 Jan 2008 onwards: Central Bank target, money-market overnight rate; from 3 Nov 1998 to 20 Jan 2008: bank funding rate.",4,Bank of Mexico,"As from 21 Jan 2008, the central bank target rate is used, which can be considered the official policy rate. From 3 Nov 1998 until 20 Jan 2008: the bank funding rate. ", Central bank policy rates - Mexico - Monthly - End of period,2008-08,8.25,A,F,
M,MX,368,0,,"From 21 Jan 2008 onwards: Central Bank target, money-market overnight rate; from 3 Nov 1998 to 20 Jan 2008: bank funding rate.",4,Bank of Mexico,"As from 21 Jan 2008, the central bank target rate is used, which can be considered the official policy rate. From 3 Nov 1998 until 20 Jan 2008: the bank funding rate. ", Central bank policy rates - Mexico - Monthly - End of period,2008-09,8.25,A,F,
M,MX,368,0,,"From 21 Jan 2008 onwards: Central Bank target, money-market overnight rate; from 3 Nov 1998 to 20 Jan 2008: bank funding rate.",4,Bank of Mexico,"As from 21 Jan 2008, the central bank target rate is used, which can be considered the official policy rate. From 3 Nov 1998 until 20 Jan 2008: the bank funding rate. ", Central bank policy rates - Mexico - Monthly - End of period,2008-10,8.25,A,F,
M,MX,368,0,,"From 21 Jan 2008 onwards: Central Bank target, money-market overnight rate; from 3 Nov 1998 to 20 Jan 2008: bank funding rate.",4,Bank of Mexico,"As from 21 Jan 2008, the central bank target rate is used, which can be considered the official policy rate. From 3 Nov 1998 until 20 Jan 2008: the bank funding rate. ", Central bank policy rates - Mexico - Monthly - End of period,2008-11,8.25,A,F,
M,MX,368,0,,"From 21 Jan 2008 onwards: Central Bank target, money-market overnight rate; from 3 Nov 1998 to 20 Jan 2008: bank funding rate.",4,Bank of Mexico,"As from 21 Jan 2008, the central bank target rate is used, which can be considered the official policy rate. From 3 Nov 1998 until 20 Jan 2008: the bank funding rate. ", Central bank policy rates - Mexico - Monthly - End of period,2008-12,8.25,A,F,
M,MX,368,0,,"From 21 Jan 2008 onwards: Central Bank target, money-market overnight rate; from 3 Nov 1998 to 20 Jan 2008: bank funding rate.",4,Bank of Mexico,"As from 21 Jan 2008, the central bank target rate is used, which can be considered the official policy rate. From 3 Nov 1998 until 20 Jan 2008: the bank funding rate. ", Central bank policy rates - Mexico - Monthly - End of period,2009-01,7.75,A,F,
M,MX,368,0,,"From 21 Jan 2008 onwards: Central Bank target, money-market overnight rate; from 3 Nov 1998 to 20 Jan 2008: bank funding rate.",4,Bank of Mexico,"As from 21 Jan 2008, the central bank target rate is used, which can be considered the official policy rate. From 3 Nov 1998 until 20 Jan 2008: the bank funding rate. ", Central bank policy rates - Mexico - Monthly - End of period,2009-02,7.5,A,F,
M,MX,368,0,,"From 21 Jan 2008 onwards: Central Bank target, money-market overnight rate; from 3 Nov 1998 to 20 Jan 2008: bank funding rate.",4,Bank of Mexico,"As from 21 Jan 2008, the central bank target rate is used, which can be considered the official policy rate. From 3 Nov 1998 until 20 Jan 2008: the bank funding rate. ", Central bank policy rates - Mexico - Monthly - End of period,2009-03,6.75,A,F,
M,MX,368,0,,"From 21 Jan 2008 onwards: Central Bank target, money-market overnight rate; from 3 Nov 1998 to 20 Jan 2008: bank funding rate.",4,Bank of Mexico,"As from 21 Jan 2008, the central bank target rate is used, which can be considered the official policy rate. From 3 Nov 1998 until 20 Jan 2008: the bank funding rate. ", Central bank policy rates - Mexico - Monthly - End of period,2009-04,6,A,F,
M,MX,368,0,,"From 21 Jan 2008 onwards: Central Bank target, money-market overnight rate; from 3 Nov 1998 to 20 Jan 2008: bank funding rate.",4,Bank of Mexico,"As from 21 Jan 2008, the central bank target rate is used, which can be considered the official policy rate. From 3 Nov 1998 until 20 Jan 2008: the bank funding rate. ", Central bank policy rates - Mexico - Monthly - End of period,2009-05,5.25,A,F,
M,MX,368,0,,"From 21 Jan 2008 onwards: Central Bank target, money-market overnight rate; from 3 Nov 1998 to 20 Jan 2008: bank funding rate.",4,Bank of Mexico,"As from 21 Jan 2008, the central bank target rate is used, which can be considered the official policy rate. From 3 Nov 1998 until 20 Jan 2008: the bank funding rate. ", Central bank policy rates - Mexico - Monthly - End of period,2009-06,4.75,A,F,
M,MX,368,0,,"From 21 Jan 2008 onwards: Central Bank target, money-market overnight rate; from 3 Nov 1998 to 20 Jan 2008: bank funding rate.",4,Bank of Mexico,"As from 21 Jan 2008, the central bank target rate is used, which can be considered the official policy rate. From 3 Nov 1998 until 20 Jan 2008: the bank funding rate. ", Central bank policy rates - Mexico - Monthly - End of period,2009-07,4.5,A,F,
M,MX,368,0,,"From 21 Jan 2008 onwards: Central Bank target, money-market overnight rate; from 3 Nov 1998 to 20 Jan 2008: bank funding rate.",4,Bank of Mexico,"As from 21 Jan 2008, the central bank target rate is used, which can be considered the official policy rate. From 3 Nov 1998 until 20 Jan 2008: the bank funding rate. ", Central bank policy rates - Mexico - Monthly - End of period,2009-08,4.5,A,F,
M,MX,368,0,,"From 21 Jan 2008 onwards: Central Bank target, money-market overnight rate; from 3 Nov 1998 to 20 Jan 2008: bank funding rate.",4,Bank of Mexico,"As from 21 Jan 2008, the central bank target rate is used, which can be considered the official policy rate. From 3 Nov 1998 until 20 Jan 2008: the bank funding rate. ", Central bank policy rates - Mexico - Monthly - End of period,2009-09,4.5,A,F,
M,MX,368,0,,"From 21 Jan 2008 onwards: Central Bank target, money-market overnight rate; from 3 Nov 1998 to 20 Jan 2008: bank funding rate.",4,Bank of Mexico,"As from 21 Jan 2008, the central bank target rate is used, which can be considered the official policy rate. From 3 Nov 1998 until 20 Jan 2008: the bank funding rate. ", Central bank policy rates - Mexico - Monthly - End of period,2009-10,4.5,A,F,
M,MX,368,0,,"From 21 Jan 2008 onwards: Central Bank target, money-market overnight rate; from 3 Nov 1998 to 20 Jan 2008: bank funding rate.",4,Bank of Mexico,"As from 21 Jan 2008, the central bank target rate is used, which can be considered the official policy rate. From 3 Nov 1998 until 20 Jan 2008: the bank funding rate. ", Central bank policy rates - Mexico - Monthly - End of period,2009-11,4.5,A,F,
M,MX,368,0,,"From 21 Jan 2008 onwards: Central Bank target, money-market overnight rate; from 3 Nov 1998 to 20 Jan 2008: bank funding rate.",4,Bank of Mexico,"As from 21 Jan 2008, the central bank target rate is used, which can be considered the official policy rate. From 3 Nov 1998 until 20 Jan 2008: the bank funding rate. ", Central bank policy rates - Mexico - Monthly - End of period,2009-12,4.5,A,F,
M,MX,368,0,,"From 21 Jan 2008 onwards: Central Bank target, money-market overnight rate; from 3 Nov 1998 to 20 Jan 2008: bank funding rate.",4,Bank of Mexico,"As from 21 Jan 2008, the central bank target rate is used, which can be considered the official policy rate. From 3 Nov 1998 until 20 Jan 2008: the bank funding rate. ", Central bank policy rates - Mexico - Monthly - End of period,2010-01,4.5,A,F,
M,MX,368,0,,"From 21 Jan 2008 onwards: Central Bank target, money-market overnight rate; from 3 Nov 1998 to 20 Jan 2008: bank funding rate.",4,Bank of Mexico,"As from 21 Jan 2008, the central bank target rate is used, which can be considered the official policy rate. From 3 Nov 1998 until 20 Jan 2008: the bank funding rate. ", Central bank policy rates - Mexico - Monthly - End of period,2010-02,4.5,A,F,
M,MX,368,0,,"From 21 Jan 2008 onwards: Central Bank target, money-market overnight rate; from 3 Nov 1998 to 20 Jan 2008: bank funding rate.",4,Bank of Mexico,"As from 21 Jan 2008, the central bank target rate is used, which can be considered the official policy rate. From 3 Nov 1998 until 20 Jan 2008: the bank funding rate. ", Central bank policy rates - Mexico - Monthly - End of period,2010-03,4.5,A,F,
M,MX,368,0,,"From 21 Jan 2008 onwards: Central Bank target, money-market overnight rate; from 3 Nov 1998 to 20 Jan 2008: bank funding rate.",4,Bank of Mexico,"As from 21 Jan 2008, the central bank target rate is used, which can be considered the official policy rate. From 3 Nov 1998 until 20 Jan 2008: the bank funding rate. ", Central bank policy rates - Mexico - Monthly - End of period,2010-04,4.5,A,F,
M,MX,368,0,,"From 21 Jan 2008 onwards: Central Bank target, money-market overnight rate; from 3 Nov 1998 to 20 Jan 2008: bank funding rate.",4,Bank of Mexico,"As from 21 Jan 2008, the central bank target rate is used, which can be considered the official policy rate. From 3 Nov 1998 until 20 Jan 2008: the bank funding rate. ", Central bank policy rates - Mexico - Monthly - End of period,2010-05,4.5,A,F,
M,MX,368,0,,"From 21 Jan 2008 onwards: Central Bank target, money-market overnight rate; from 3 Nov 1998 to 20 Jan 2008: bank funding rate.",4,Bank of Mexico,"As from 21 Jan 2008, the central bank target rate is used, which can be considered the official policy rate. From 3 Nov 1998 until 20 Jan 2008: the bank funding rate. ", Central bank policy rates - Mexico - Monthly - End of period,2010-06,4.5,A,F,
M,MX,368,0,,"From 21 Jan 2008 onwards: Central Bank target, money-market overnight rate; from 3 Nov 1998 to 20 Jan 2008: bank funding rate.",4,Bank of Mexico,"As from 21 Jan 2008, the central bank target rate is used, which can be considered the official policy rate. From 3 Nov 1998 until 20 Jan 2008: the bank funding rate. ", Central bank policy rates - Mexico - Monthly - End of period,2010-07,4.5,A,F,
M,MX,368,0,,"From 21 Jan 2008 onwards: Central Bank target, money-market overnight rate; from 3 Nov 1998 to 20 Jan 2008: bank funding rate.",4,Bank of Mexico,"As from 21 Jan 2008, the central bank target rate is used, which can be considered the official policy rate. From 3 Nov 1998 until 20 Jan 2008: the bank funding rate. ", Central bank policy rates - Mexico - Monthly - End of period,2010-08,4.5,A,F,
M,MX,368,0,,"From 21 Jan 2008 onwards: Central Bank target, money-market overnight rate; from 3 Nov 1998 to 20 Jan 2008: bank funding rate.",4,Bank of Mexico,"As from 21 Jan 2008, the central bank target rate is used, which can be considered the official policy rate. From 3 Nov 1998 until 20 Jan 2008: the bank funding rate. ", Central bank policy rates - Mexico - Monthly - End of period,2010-09,4.5,A,F,
M,MX,368,0,,"From 21 Jan 2008 onwards: Central Bank target, money-market overnight rate; from 3 Nov 1998 to 20 Jan 2008: bank funding rate.",4,Bank of Mexico,"As from 21 Jan 2008, the central bank target rate is used, which can be considered the official policy rate. From 3 Nov 1998 until 20 Jan 2008: the bank funding rate. ", Central bank policy rates - Mexico - Monthly - End of period,2010-10,4.5,A,F,
M,MX,368,0,,"From 21 Jan 2008 onwards: Central Bank target, money-market overnight rate; from 3 Nov 1998 to 20 Jan 2008: bank funding rate.",4,Bank of Mexico,"As from 21 Jan 2008, the central bank target rate is used, which can be considered the official policy rate. From 3 Nov 1998 until 20 Jan 2008: the bank funding rate. ", Central bank policy rates - Mexico - Monthly - End of period,2010-11,4.5,A,F,
M,MX,368,0,,"From 21 Jan 2008 onwards: Central Bank target, money-market overnight rate; from 3 Nov 1998 to 20 Jan 2008: bank funding rate.",4,Bank of Mexico,"As from 21 Jan 2008, the central bank target rate is used, which can be considered the official policy rate. From 3 Nov 1998 until 20 Jan 2008: the bank funding rate. ", Central bank policy rates - Mexico - Monthly - End of period,2010-12,4.5,A,F,
M,MX,368,0,,"From 21 Jan 2008 onwards: Central Bank target, money-market overnight rate; from 3 Nov 1998 to 20 Jan 2008: bank funding rate.",4,Bank of Mexico,"As from 21 Jan 2008, the central bank target rate is used, which can be considered the official policy rate. From 3 Nov 1998 until 20 Jan 2008: the bank funding rate. ", Central bank policy rates - Mexico - Monthly - End of period,2011-01,4.5,A,F,
M,MX,368,0,,"From 21 Jan 2008 onwards: Central Bank target, money-market overnight rate; from 3 Nov 1998 to 20 Jan 2008: bank funding rate.",4,Bank of Mexico,"As from 21 Jan 2008, the central bank target rate is used, which can be considered the official policy rate. From 3 Nov 1998 until 20 Jan 2008: the bank funding rate. ", Central bank policy rates - Mexico - Monthly - End of period,2011-02,4.5,A,F,
M,MX,368,0,,"From 21 Jan 2008 onwards: Central Bank target, money-market overnight rate; from 3 Nov 1998 to 20 Jan 2008: bank funding rate.",4,Bank of Mexico,"As from 21 Jan 2008, the central bank target rate is used, which can be considered the official policy rate. From 3 Nov 1998 until 20 Jan 2008: the bank funding rate. ", Central bank policy rates - Mexico - Monthly - End of period,2011-03,4.5,A,F,
M,MX,368,0,,"From 21 Jan 2008 onwards: Central Bank target, money-market overnight rate; from 3 Nov 1998 to 20 Jan 2008: bank funding rate.",4,Bank of Mexico,"As from 21 Jan 2008, the central bank target rate is used, which can be considered the official policy rate. From 3 Nov 1998 until 20 Jan 2008: the bank funding rate. ", Central bank policy rates - Mexico - Monthly - End of period,2011-04,4.5,A,F,
M,MX,368,0,,"From 21 Jan 2008 onwards: Central Bank target, money-market overnight rate; from 3 Nov 1998 to 20 Jan 2008: bank funding rate.",4,Bank of Mexico,"As from 21 Jan 2008, the central bank target rate is used, which can be considered the official policy rate. From 3 Nov 1998 until 20 Jan 2008: the bank funding rate. ", Central bank policy rates - Mexico - Monthly - End of period,2011-05,4.5,A,F,
M,MX,368,0,,"From 21 Jan 2008 onwards: Central Bank target, money-market overnight rate; from 3 Nov 1998 to 20 Jan 2008: bank funding rate.",4,Bank of Mexico,"As from 21 Jan 2008, the central bank target rate is used, which can be considered the official policy rate. From 3 Nov 1998 until 20 Jan 2008: the bank funding rate. ", Central bank policy rates - Mexico - Monthly - End of period,2011-06,4.5,A,F,
M,MX,368,0,,"From 21 Jan 2008 onwards: Central Bank target, money-market overnight rate; from 3 Nov 1998 to 20 Jan 2008: bank funding rate.",4,Bank of Mexico,"As from 21 Jan 2008, the central bank target rate is used, which can be considered the official policy rate. From 3 Nov 1998 until 20 Jan 2008: the bank funding rate. ", Central bank policy rates - Mexico - Monthly - End of period,2011-07,4.5,A,F,
M,MX,368,0,,"From 21 Jan 2008 onwards: Central Bank target, money-market overnight rate; from 3 Nov 1998 to 20 Jan 2008: bank funding rate.",4,Bank of Mexico,"As from 21 Jan 2008, the central bank target rate is used, which can be considered the official policy rate. From 3 Nov 1998 until 20 Jan 2008: the bank funding rate. ", Central bank policy rates - Mexico - Monthly - End of period,2011-08,4.5,A,F,
M,MX,368,0,,"From 21 Jan 2008 onwards: Central Bank target, money-market overnight rate; from 3 Nov 1998 to 20 Jan 2008: bank funding rate.",4,Bank of Mexico,"As from 21 Jan 2008, the central bank target rate is used, which can be considered the official policy rate. From 3 Nov 1998 until 20 Jan 2008: the bank funding rate. ", Central bank policy rates - Mexico - Monthly - End of period,2011-09,4.5,A,F,
M,MX,368,0,,"From 21 Jan 2008 onwards: Central Bank target, money-market overnight rate; from 3 Nov 1998 to 20 Jan 2008: bank funding rate.",4,Bank of Mexico,"As from 21 Jan 2008, the central bank target rate is used, which can be considered the official policy rate. From 3 Nov 1998 until 20 Jan 2008: the bank funding rate. ", Central bank policy rates - Mexico - Monthly - End of period,2011-10,4.5,A,F,
M,MX,368,0,,"From 21 Jan 2008 onwards: Central Bank target, money-market overnight rate; from 3 Nov 1998 to 20 Jan 2008: bank funding rate.",4,Bank of Mexico,"As from 21 Jan 2008, the central bank target rate is used, which can be considered the official policy rate. From 3 Nov 1998 until 20 Jan 2008: the bank funding rate. ", Central bank policy rates - Mexico - Monthly - End of period,2011-11,4.5,A,F,
M,MX,368,0,,"From 21 Jan 2008 onwards: Central Bank target, money-market overnight rate; from 3 Nov 1998 to 20 Jan 2008: bank funding rate.",4,Bank of Mexico,"As from 21 Jan 2008, the central bank target rate is used, which can be considered the official policy rate. From 3 Nov 1998 until 20 Jan 2008: the bank funding rate. ", Central bank policy rates - Mexico - Monthly - End of period,2011-12,4.5,A,F,
M,MX,368,0,,"From 21 Jan 2008 onwards: Central Bank target, money-market overnight rate; from 3 Nov 1998 to 20 Jan 2008: bank funding rate.",4,Bank of Mexico,"As from 21 Jan 2008, the central bank target rate is used, which can be considered the official policy rate. From 3 Nov 1998 until 20 Jan 2008: the bank funding rate. ", Central bank policy rates - Mexico - Monthly - End of period,2012-01,4.5,A,F,
M,MX,368,0,,"From 21 Jan 2008 onwards: Central Bank target, money-market overnight rate; from 3 Nov 1998 to 20 Jan 2008: bank funding rate.",4,Bank of Mexico,"As from 21 Jan 2008, the central bank target rate is used, which can be considered the official policy rate. From 3 Nov 1998 until 20 Jan 2008: the bank funding rate. ", Central bank policy rates - Mexico - Monthly - End of period,2012-02,4.5,A,F,
M,MX,368,0,,"From 21 Jan 2008 onwards: Central Bank target, money-market overnight rate; from 3 Nov 1998 to 20 Jan 2008: bank funding rate.",4,Bank of Mexico,"As from 21 Jan 2008, the central bank target rate is used, which can be considered the official policy rate. From 3 Nov 1998 until 20 Jan 2008: the bank funding rate. ", Central bank policy rates - Mexico - Monthly - End of period,2012-03,4.5,A,F,
M,MX,368,0,,"From 21 Jan 2008 onwards: Central Bank target, money-market overnight rate; from 3 Nov 1998 to 20 Jan 2008: bank funding rate.",4,Bank of Mexico,"As from 21 Jan 2008, the central bank target rate is used, which can be considered the official policy rate. From 3 Nov 1998 until 20 Jan 2008: the bank funding rate. ", Central bank policy rates - Mexico - Monthly - End of period,2012-04,4.5,A,F,
M,MX,368,0,,"From 21 Jan 2008 onwards: Central Bank target, money-market overnight rate; from 3 Nov 1998 to 20 Jan 2008: bank funding rate.",4,Bank of Mexico,"As from 21 Jan 2008, the central bank target rate is used, which can be considered the official policy rate. From 3 Nov 1998 until 20 Jan 2008: the bank funding rate. ", Central bank policy rates - Mexico - Monthly - End of period,2012-05,4.5,A,F,
M,MX,368,0,,"From 21 Jan 2008 onwards: Central Bank target, money-market overnight rate; from 3 Nov 1998 to 20 Jan 2008: bank funding rate.",4,Bank of Mexico,"As from 21 Jan 2008, the central bank target rate is used, which can be considered the official policy rate. From 3 Nov 1998 until 20 Jan 2008: the bank funding rate. ", Central bank policy rates - Mexico - Monthly - End of period,2012-06,4.5,A,F,
M,MX,368,0,,"From 21 Jan 2008 onwards: Central Bank target, money-market overnight rate; from 3 Nov 1998 to 20 Jan 2008: bank funding rate.",4,Bank of Mexico,"As from 21 Jan 2008, the central bank target rate is used, which can be considered the official policy rate. From 3 Nov 1998 until 20 Jan 2008: the bank funding rate. ", Central bank policy rates - Mexico - Monthly - End of period,2012-07,4.5,A,F,
M,MX,368,0,,"From 21 Jan 2008 onwards: Central Bank target, money-market overnight rate; from 3 Nov 1998 to 20 Jan 2008: bank funding rate.",4,Bank of Mexico,"As from 21 Jan 2008, the central bank target rate is used, which can be considered the official policy rate. From 3 Nov 1998 until 20 Jan 2008: the bank funding rate. ", Central bank policy rates - Mexico - Monthly - End of period,2012-08,4.5,A,F,
M,MX,368,0,,"From 21 Jan 2008 onwards: Central Bank target, money-market overnight rate; from 3 Nov 1998 to 20 Jan 2008: bank funding rate.",4,Bank of Mexico,"As from 21 Jan 2008, the central bank target rate is used, which can be considered the official policy rate. From 3 Nov 1998 until 20 Jan 2008: the bank funding rate. ", Central bank policy rates - Mexico - Monthly - End of period,2012-09,4.5,A,F,
M,MX,368,0,,"From 21 Jan 2008 onwards: Central Bank target, money-market overnight rate; from 3 Nov 1998 to 20 Jan 2008: bank funding rate.",4,Bank of Mexico,"As from 21 Jan 2008, the central bank target rate is used, which can be considered the official policy rate. From 3 Nov 1998 until 20 Jan 2008: the bank funding rate. ", Central bank policy rates - Mexico - Monthly - End of period,2012-10,4.5,A,F,
M,MX,368,0,,"From 21 Jan 2008 onwards: Central Bank target, money-market overnight rate; from 3 Nov 1998 to 20 Jan 2008: bank funding rate.",4,Bank of Mexico,"As from 21 Jan 2008, the central bank target rate is used, which can be considered the official policy rate. From 3 Nov 1998 until 20 Jan 2008: the bank funding rate. ", Central bank policy rates - Mexico - Monthly - End of period,2012-11,4.5,A,F,
M,MX,368,0,,"From 21 Jan 2008 onwards: Central Bank target, money-market overnight rate; from 3 Nov 1998 to 20 Jan 2008: bank funding rate.",4,Bank of Mexico,"As from 21 Jan 2008, the central bank target rate is used, which can be considered the official policy rate. From 3 Nov 1998 until 20 Jan 2008: the bank funding rate. ", Central bank policy rates - Mexico - Monthly - End of period,2012-12,4.5,A,F,
M,MX,368,0,,"From 21 Jan 2008 onwards: Central Bank target, money-market overnight rate; from 3 Nov 1998 to 20 Jan 2008: bank funding rate.",4,Bank of Mexico,"As from 21 Jan 2008, the central bank target rate is used, which can be considered the official policy rate. From 3 Nov 1998 until 20 Jan 2008: the bank funding rate. ", Central bank policy rates - Mexico - Monthly - End of period,2013-01,4.5,A,F,
M,MX,368,0,,"From 21 Jan 2008 onwards: Central Bank target, money-market overnight rate; from 3 Nov 1998 to 20 Jan 2008: bank funding rate.",4,Bank of Mexico,"As from 21 Jan 2008, the central bank target rate is used, which can be considered the official policy rate. From 3 Nov 1998 until 20 Jan 2008: the bank funding rate. ", Central bank policy rates - Mexico - Monthly - End of period,2013-02,4.5,A,F,
M,MX,368,0,,"From 21 Jan 2008 onwards: Central Bank target, money-market overnight rate; from 3 Nov 1998 to 20 Jan 2008: bank funding rate.",4,Bank of Mexico,"As from 21 Jan 2008, the central bank target rate is used, which can be considered the official policy rate. From 3 Nov 1998 until 20 Jan 2008: the bank funding rate. ", Central bank policy rates - Mexico - Monthly - End of period,2013-03,4,A,F,
M,MX,368,0,,"From 21 Jan 2008 onwards: Central Bank target, money-market overnight rate; from 3 Nov 1998 to 20 Jan 2008: bank funding rate.",4,Bank of Mexico,"As from 21 Jan 2008, the central bank target rate is used, which can be considered the official policy rate. From 3 Nov 1998 until 20 Jan 2008: the bank funding rate. ", Central bank policy rates - Mexico - Monthly - End of period,2013-04,4,A,F,
M,MX,368,0,,"From 21 Jan 2008 onwards: Central Bank target, money-market overnight rate; from 3 Nov 1998 to 20 Jan 2008: bank funding rate.",4,Bank of Mexico,"As from 21 Jan 2008, the central bank target rate is used, which can be considered the official policy rate. From 3 Nov 1998 until 20 Jan 2008: the bank funding rate. ", Central bank policy rates - Mexico - Monthly - End of period,2013-05,4,A,F,
M,MX,368,0,,"From 21 Jan 2008 onwards: Central Bank target, money-market overnight rate; from 3 Nov 1998 to 20 Jan 2008: bank funding rate.",4,Bank of Mexico,"As from 21 Jan 2008, the central bank target rate is used, which can be considered the official policy rate. From 3 Nov 1998 until 20 Jan 2008: the bank funding rate. ", Central bank policy rates - Mexico - Monthly - End of period,2013-06,4,A,F,
M,MX,368,0,,"From 21 Jan 2008 onwards: Central Bank target, money-market overnight rate; from 3 Nov 1998 to 20 Jan 2008: bank funding rate.",4,Bank of Mexico,"As from 21 Jan 2008, the central bank target rate is used, which can be considered the official policy rate. From 3 Nov 1998 until 20 Jan 2008: the bank funding rate. ", Central bank policy rates - Mexico - Monthly - End of period,2013-07,4,A,F,
M,MX,368,0,,"From 21 Jan 2008 onwards: Central Bank target, money-market overnight rate; from 3 Nov 1998 to 20 Jan 2008: bank funding rate.",4,Bank of Mexico,"As from 21 Jan 2008, the central bank target rate is used, which can be considered the official policy rate. From 3 Nov 1998 until 20 Jan 2008: the bank funding rate. ", Central bank policy rates - Mexico - Monthly - End of period,2013-08,4,A,F,
M,MX,368,0,,"From 21 Jan 2008 onwards: Central Bank target, money-market overnight rate; from 3 Nov 1998 to 20 Jan 2008: bank funding rate.",4,Bank of Mexico,"As from 21 Jan 2008, the central bank target rate is used, which can be considered the official policy rate. From 3 Nov 1998 until 20 Jan 2008: the bank funding rate. ", Central bank policy rates - Mexico - Monthly - End of period,2013-09,3.75,A,F,
M,MX,368,0,,"From 21 Jan 2008 onwards: Central Bank target, money-market overnight rate; from 3 Nov 1998 to 20 Jan 2008: bank funding rate.",4,Bank of Mexico,"As from 21 Jan 2008, the central bank target rate is used, which can be considered the official policy rate. From 3 Nov 1998 until 20 Jan 2008: the bank funding rate. ", Central bank policy rates - Mexico - Monthly - End of period,2013-10,3.5,A,F,
M,MX,368,0,,"From 21 Jan 2008 onwards: Central Bank target, money-market overnight rate; from 3 Nov 1998 to 20 Jan 2008: bank funding rate.",4,Bank of Mexico,"As from 21 Jan 2008, the central bank target rate is used, which can be considered the official policy rate. From 3 Nov 1998 until 20 Jan 2008: the bank funding rate. ", Central bank policy rates - Mexico - Monthly - End of period,2013-11,3.5,A,F,
M,MX,368,0,,"From 21 Jan 2008 onwards: Central Bank target, money-market overnight rate; from 3 Nov 1998 to 20 Jan 2008: bank funding rate.",4,Bank of Mexico,"As from 21 Jan 2008, the central bank target rate is used, which can be considered the official policy rate. From 3 Nov 1998 until 20 Jan 2008: the bank funding rate. ", Central bank policy rates - Mexico - Monthly - End of period,2013-12,3.5,A,F,
M,MX,368,0,,"From 21 Jan 2008 onwards: Central Bank target, money-market overnight rate; from 3 Nov 1998 to 20 Jan 2008: bank funding rate.",4,Bank of Mexico,"As from 21 Jan 2008, the central bank target rate is used, which can be considered the official policy rate. From 3 Nov 1998 until 20 Jan 2008: the bank funding rate. ", Central bank policy rates - Mexico - Monthly - End of period,2014-01,3.5,A,F,
M,MX,368,0,,"From 21 Jan 2008 onwards: Central Bank target, money-market overnight rate; from 3 Nov 1998 to 20 Jan 2008: bank funding rate.",4,Bank of Mexico,"As from 21 Jan 2008, the central bank target rate is used, which can be considered the official policy rate. From 3 Nov 1998 until 20 Jan 2008: the bank funding rate. ", Central bank policy rates - Mexico - Monthly - End of period,2014-02,3.5,A,F,
M,MX,368,0,,"From 21 Jan 2008 onwards: Central Bank target, money-market overnight rate; from 3 Nov 1998 to 20 Jan 2008: bank funding rate.",4,Bank of Mexico,"As from 21 Jan 2008, the central bank target rate is used, which can be considered the official policy rate. From 3 Nov 1998 until 20 Jan 2008: the bank funding rate. ", Central bank policy rates - Mexico - Monthly - End of period,2014-03,3.5,A,F,
M,MX,368,0,,"From 21 Jan 2008 onwards: Central Bank target, money-market overnight rate; from 3 Nov 1998 to 20 Jan 2008: bank funding rate.",4,Bank of Mexico,"As from 21 Jan 2008, the central bank target rate is used, which can be considered the official policy rate. From 3 Nov 1998 until 20 Jan 2008: the bank funding rate. ", Central bank policy rates - Mexico - Monthly - End of period,2014-04,3.5,A,F,
M,MX,368,0,,"From 21 Jan 2008 onwards: Central Bank target, money-market overnight rate; from 3 Nov 1998 to 20 Jan 2008: bank funding rate.",4,Bank of Mexico,"As from 21 Jan 2008, the central bank target rate is used, which can be considered the official policy rate. From 3 Nov 1998 until 20 Jan 2008: the bank funding rate. ", Central bank policy rates - Mexico - Monthly - End of period,2014-05,3.5,A,F,
M,MX,368,0,,"From 21 Jan 2008 onwards: Central Bank target, money-market overnight rate; from 3 Nov 1998 to 20 Jan 2008: bank funding rate.",4,Bank of Mexico,"As from 21 Jan 2008, the central bank target rate is used, which can be considered the official policy rate. From 3 Nov 1998 until 20 Jan 2008: the bank funding rate. ", Central bank policy rates - Mexico - Monthly - End of period,2014-06,3,A,F,
M,MX,368,0,,"From 21 Jan 2008 onwards: Central Bank target, money-market overnight rate; from 3 Nov 1998 to 20 Jan 2008: bank funding rate.",4,Bank of Mexico,"As from 21 Jan 2008, the central bank target rate is used, which can be considered the official policy rate. From 3 Nov 1998 until 20 Jan 2008: the bank funding rate. ", Central bank policy rates - Mexico - Monthly - End of period,2014-07,3,A,F,
M,MX,368,0,,"From 21 Jan 2008 onwards: Central Bank target, money-market overnight rate; from 3 Nov 1998 to 20 Jan 2008: bank funding rate.",4,Bank of Mexico,"As from 21 Jan 2008, the central bank target rate is used, which can be considered the official policy rate. From 3 Nov 1998 until 20 Jan 2008: the bank funding rate. ", Central bank policy rates - Mexico - Monthly - End of period,2014-08,3,A,F,
M,MX,368,0,,"From 21 Jan 2008 onwards: Central Bank target, money-market overnight rate; from 3 Nov 1998 to 20 Jan 2008: bank funding rate.",4,Bank of Mexico,"As from 21 Jan 2008, the central bank target rate is used, which can be considered the official policy rate. From 3 Nov 1998 until 20 Jan 2008: the bank funding rate. ", Central bank policy rates - Mexico - Monthly - End of period,2014-09,3,A,F,
M,MX,368,0,,"From 21 Jan 2008 onwards: Central Bank target, money-market overnight rate; from 3 Nov 1998 to 20 Jan 2008: bank funding rate.",4,Bank of Mexico,"As from 21 Jan 2008, the central bank target rate is used, which can be considered the official policy rate. From 3 Nov 1998 until 20 Jan 2008: the bank funding rate. ", Central bank policy rates - Mexico - Monthly - End of period,2014-10,3,A,F,
M,MX,368,0,,"From 21 Jan 2008 onwards: Central Bank target, money-market overnight rate; from 3 Nov 1998 to 20 Jan 2008: bank funding rate.",4,Bank of Mexico,"As from 21 Jan 2008, the central bank target rate is used, which can be considered the official policy rate. From 3 Nov 1998 until 20 Jan 2008: the bank funding rate. ", Central bank policy rates - Mexico - Monthly - End of period,2014-11,3,A,F,
M,MX,368,0,,"From 21 Jan 2008 onwards: Central Bank target, money-market overnight rate; from 3 Nov 1998 to 20 Jan 2008: bank funding rate.",4,Bank of Mexico,"As from 21 Jan 2008, the central bank target rate is used, which can be considered the official policy rate. From 3 Nov 1998 until 20 Jan 2008: the bank funding rate. ", Central bank policy rates - Mexico - Monthly - End of period,2014-12,3,A,F,
M,MX,368,0,,"From 21 Jan 2008 onwards: Central Bank target, money-market overnight rate; from 3 Nov 1998 to 20 Jan 2008: bank funding rate.",4,Bank of Mexico,"As from 21 Jan 2008, the central bank target rate is used, which can be considered the official policy rate. From 3 Nov 1998 until 20 Jan 2008: the bank funding rate. ", Central bank policy rates - Mexico - Monthly - End of period,2015-01,3,A,F,
M,MX,368,0,,"From 21 Jan 2008 onwards: Central Bank target, money-market overnight rate; from 3 Nov 1998 to 20 Jan 2008: bank funding rate.",4,Bank of Mexico,"As from 21 Jan 2008, the central bank target rate is used, which can be considered the official policy rate. From 3 Nov 1998 until 20 Jan 2008: the bank funding rate. ", Central bank policy rates - Mexico - Monthly - End of period,2015-02,3,A,F,
M,MX,368,0,,"From 21 Jan 2008 onwards: Central Bank target, money-market overnight rate; from 3 Nov 1998 to 20 Jan 2008: bank funding rate.",4,Bank of Mexico,"As from 21 Jan 2008, the central bank target rate is used, which can be considered the official policy rate. From 3 Nov 1998 until 20 Jan 2008: the bank funding rate. ", Central bank policy rates - Mexico - Monthly - End of period,2015-03,3,A,F,
M,MX,368,0,,"From 21 Jan 2008 onwards: Central Bank target, money-market overnight rate; from 3 Nov 1998 to 20 Jan 2008: bank funding rate.",4,Bank of Mexico,"As from 21 Jan 2008, the central bank target rate is used, which can be considered the official policy rate. From 3 Nov 1998 until 20 Jan 2008: the bank funding rate. ", Central bank policy rates - Mexico - Monthly - End of period,2015-04,3,A,F,
M,MX,368,0,,"From 21 Jan 2008 onwards: Central Bank target, money-market overnight rate; from 3 Nov 1998 to 20 Jan 2008: bank funding rate.",4,Bank of Mexico,"As from 21 Jan 2008, the central bank target rate is used, which can be considered the official policy rate. From 3 Nov 1998 until 20 Jan 2008: the bank funding rate. ", Central bank policy rates - Mexico - Monthly - End of period,2015-05,3,A,F,
M,MX,368,0,,"From 21 Jan 2008 onwards: Central Bank target, money-market overnight rate; from 3 Nov 1998 to 20 Jan 2008: bank funding rate.",4,Bank of Mexico,"As from 21 Jan 2008, the central bank target rate is used, which can be considered the official policy rate. From 3 Nov 1998 until 20 Jan 2008: the bank funding rate. ", Central bank policy rates - Mexico - Monthly - End of period,2015-06,3,A,F,
M,MX,368,0,,"From 21 Jan 2008 onwards: Central Bank target, money-market overnight rate; from 3 Nov 1998 to 20 Jan 2008: bank funding rate.",4,Bank of Mexico,"As from 21 Jan 2008, the central bank target rate is used, which can be considered the official policy rate. From 3 Nov 1998 until 20 Jan 2008: the bank funding rate. ", Central bank policy rates - Mexico - Monthly - End of period,2015-07,3,A,F,
M,MX,368,0,,"From 21 Jan 2008 onwards: Central Bank target, money-market overnight rate; from 3 Nov 1998 to 20 Jan 2008: bank funding rate.",4,Bank of Mexico,"As from 21 Jan 2008, the central bank target rate is used, which can be considered the official policy rate. From 3 Nov 1998 until 20 Jan 2008: the bank funding rate. ", Central bank policy rates - Mexico - Monthly - End of period,2015-08,3,A,F,
M,MX,368,0,,"From 21 Jan 2008 onwards: Central Bank target, money-market overnight rate; from 3 Nov 1998 to 20 Jan 2008: bank funding rate.",4,Bank of Mexico,"As from 21 Jan 2008, the central bank target rate is used, which can be considered the official policy rate. From 3 Nov 1998 until 20 Jan 2008: the bank funding rate. ", Central bank policy rates - Mexico - Monthly - End of period,2015-09,3,A,F,
M,MX,368,0,,"From 21 Jan 2008 onwards: Central Bank target, money-market overnight rate; from 3 Nov 1998 to 20 Jan 2008: bank funding rate.",4,Bank of Mexico,"As from 21 Jan 2008, the central bank target rate is used, which can be considered the official policy rate. From 3 Nov 1998 until 20 Jan 2008: the bank funding rate. ", Central bank policy rates - Mexico - Monthly - End of period,2015-10,3,A,F,
M,MX,368,0,,"From 21 Jan 2008 onwards: Central Bank target, money-market overnight rate; from 3 Nov 1998 to 20 Jan 2008: bank funding rate.",4,Bank of Mexico,"As from 21 Jan 2008, the central bank target rate is used, which can be considered the official policy rate. From 3 Nov 1998 until 20 Jan 2008: the bank funding rate. ", Central bank policy rates - Mexico - Monthly - End of period,2015-11,3,A,F,
M,MX,368,0,,"From 21 Jan 2008 onwards: Central Bank target, money-market overnight rate; from 3 Nov 1998 to 20 Jan 2008: bank funding rate.",4,Bank of Mexico,"As from 21 Jan 2008, the central bank target rate is used, which can be considered the official policy rate. From 3 Nov 1998 until 20 Jan 2008: the bank funding rate. ", Central bank policy rates - Mexico - Monthly - End of period,2015-12,3.25,A,F,
M,MX,368,0,,"From 21 Jan 2008 onwards: Central Bank target, money-market overnight rate; from 3 Nov 1998 to 20 Jan 2008: bank funding rate.",4,Bank of Mexico,"As from 21 Jan 2008, the central bank target rate is used, which can be considered the official policy rate. From 3 Nov 1998 until 20 Jan 2008: the bank funding rate. ", Central bank policy rates - Mexico - Monthly - End of period,2016-01,3.25,A,F,
M,MX,368,0,,"From 21 Jan 2008 onwards: Central Bank target, money-market overnight rate; from 3 Nov 1998 to 20 Jan 2008: bank funding rate.",4,Bank of Mexico,"As from 21 Jan 2008, the central bank target rate is used, which can be considered the official policy rate. From 3 Nov 1998 until 20 Jan 2008: the bank funding rate. ", Central bank policy rates - Mexico - Monthly - End of period,2016-02,3.75,A,F,
M,MX,368,0,,"From 21 Jan 2008 onwards: Central Bank target, money-market overnight rate; from 3 Nov 1998 to 20 Jan 2008: bank funding rate.",4,Bank of Mexico,"As from 21 Jan 2008, the central bank target rate is used, which can be considered the official policy rate. From 3 Nov 1998 until 20 Jan 2008: the bank funding rate. ", Central bank policy rates - Mexico - Monthly - End of period,2016-03,3.75,A,F,
M,MX,368,0,,"From 21 Jan 2008 onwards: Central Bank target, money-market overnight rate; from 3 Nov 1998 to 20 Jan 2008: bank funding rate.",4,Bank of Mexico,"As from 21 Jan 2008, the central bank target rate is used, which can be considered the official policy rate. From 3 Nov 1998 until 20 Jan 2008: the bank funding rate. ", Central bank policy rates - Mexico - Monthly - End of period,2016-04,3.75,A,F,
M,MX,368,0,,"From 21 Jan 2008 onwards: Central Bank target, money-market overnight rate; from 3 Nov 1998 to 20 Jan 2008: bank funding rate.",4,Bank of Mexico,"As from 21 Jan 2008, the central bank target rate is used, which can be considered the official policy rate. From 3 Nov 1998 until 20 Jan 2008: the bank funding rate. ", Central bank policy rates - Mexico - Monthly - End of period,2016-05,3.75,A,F,
M,MX,368,0,,"From 21 Jan 2008 onwards: Central Bank target, money-market overnight rate; from 3 Nov 1998 to 20 Jan 2008: bank funding rate.",4,Bank of Mexico,"As from 21 Jan 2008, the central bank target rate is used, which can be considered the official policy rate. From 3 Nov 1998 until 20 Jan 2008: the bank funding rate. ", Central bank policy rates - Mexico - Monthly - End of period,2016-06,4.25,A,F,
M,MX,368,0,,"From 21 Jan 2008 onwards: Central Bank target, money-market overnight rate; from 3 Nov 1998 to 20 Jan 2008: bank funding rate.",4,Bank of Mexico,"As from 21 Jan 2008, the central bank target rate is used, which can be considered the official policy rate. From 3 Nov 1998 until 20 Jan 2008: the bank funding rate. ", Central bank policy rates - Mexico - Monthly - End of period,2016-07,4.25,A,F,
M,MX,368,0,,"From 21 Jan 2008 onwards: Central Bank target, money-market overnight rate; from 3 Nov 1998 to 20 Jan 2008: bank funding rate.",4,Bank of Mexico,"As from 21 Jan 2008, the central bank target rate is used, which can be considered the official policy rate. From 3 Nov 1998 until 20 Jan 2008: the bank funding rate. ", Central bank policy rates - Mexico - Monthly - End of period,2016-08,4.25,A,F,
M,MX,368,0,,"From 21 Jan 2008 onwards: Central Bank target, money-market overnight rate; from 3 Nov 1998 to 20 Jan 2008: bank funding rate.",4,Bank of Mexico,"As from 21 Jan 2008, the central bank target rate is used, which can be considered the official policy rate. From 3 Nov 1998 until 20 Jan 2008: the bank funding rate. ", Central bank policy rates - Mexico - Monthly - End of period,2016-09,4.75,A,F,
M,MX,368,0,,"From 21 Jan 2008 onwards: Central Bank target, money-market overnight rate; from 3 Nov 1998 to 20 Jan 2008: bank funding rate.",4,Bank of Mexico,"As from 21 Jan 2008, the central bank target rate is used, which can be considered the official policy rate. From 3 Nov 1998 until 20 Jan 2008: the bank funding rate. ", Central bank policy rates - Mexico - Monthly - End of period,2016-10,4.75,A,F,
M,MX,368,0,,"From 21 Jan 2008 onwards: Central Bank target, money-market overnight rate; from 3 Nov 1998 to 20 Jan 2008: bank funding rate.",4,Bank of Mexico,"As from 21 Jan 2008, the central bank target rate is used, which can be considered the official policy rate. From 3 Nov 1998 until 20 Jan 2008: the bank funding rate. ", Central bank policy rates - Mexico - Monthly - End of period,2016-11,5.25,A,F,
M,MX,368,0,,"From 21 Jan 2008 onwards: Central Bank target, money-market overnight rate; from 3 Nov 1998 to 20 Jan 2008: bank funding rate.",4,Bank of Mexico,"As from 21 Jan 2008, the central bank target rate is used, which can be considered the official policy rate. From 3 Nov 1998 until 20 Jan 2008: the bank funding rate. ", Central bank policy rates - Mexico - Monthly - End of period,2016-12,5.75,A,F,
M,MX,368,0,,"From 21 Jan 2008 onwards: Central Bank target, money-market overnight rate; from 3 Nov 1998 to 20 Jan 2008: bank funding rate.",4,Bank of Mexico,"As from 21 Jan 2008, the central bank target rate is used, which can be considered the official policy rate. From 3 Nov 1998 until 20 Jan 2008: the bank funding rate. ", Central bank policy rates - Mexico - Monthly - End of period,2017-01,5.75,A,F,
M,MX,368,0,,"From 21 Jan 2008 onwards: Central Bank target, money-market overnight rate; from 3 Nov 1998 to 20 Jan 2008: bank funding rate.",4,Bank of Mexico,"As from 21 Jan 2008, the central bank target rate is used, which can be considered the official policy rate. From 3 Nov 1998 until 20 Jan 2008: the bank funding rate. ", Central bank policy rates - Mexico - Monthly - End of period,2017-02,6.25,A,F,
M,MX,368,0,,"From 21 Jan 2008 onwards: Central Bank target, money-market overnight rate; from 3 Nov 1998 to 20 Jan 2008: bank funding rate.",4,Bank of Mexico,"As from 21 Jan 2008, the central bank target rate is used, which can be considered the official policy rate. From 3 Nov 1998 until 20 Jan 2008: the bank funding rate. ", Central bank policy rates - Mexico - Monthly - End of period,2017-03,6.5,A,F,
M,MX,368,0,,"From 21 Jan 2008 onwards: Central Bank target, money-market overnight rate; from 3 Nov 1998 to 20 Jan 2008: bank funding rate.",4,Bank of Mexico,"As from 21 Jan 2008, the central bank target rate is used, which can be considered the official policy rate. From 3 Nov 1998 until 20 Jan 2008: the bank funding rate. ", Central bank policy rates - Mexico - Monthly - End of period,2017-04,6.5,A,F,
M,MX,368,0,,"From 21 Jan 2008 onwards: Central Bank target, money-market overnight rate; from 3 Nov 1998 to 20 Jan 2008: bank funding rate.",4,Bank of Mexico,"As from 21 Jan 2008, the central bank target rate is used, which can be considered the official policy rate. From 3 Nov 1998 until 20 Jan 2008: the bank funding rate. ", Central bank policy rates - Mexico - Monthly - End of period,2017-05,6.75,A,F,
M,MX,368,0,,"From 21 Jan 2008 onwards: Central Bank target, money-market overnight rate; from 3 Nov 1998 to 20 Jan 2008: bank funding rate.",4,Bank of Mexico,"As from 21 Jan 2008, the central bank target rate is used, which can be considered the official policy rate. From 3 Nov 1998 until 20 Jan 2008: the bank funding rate. ", Central bank policy rates - Mexico - Monthly - End of period,2017-06,7,A,F,
M,MX,368,0,,"From 21 Jan 2008 onwards: Central Bank target, money-market overnight rate; from 3 Nov 1998 to 20 Jan 2008: bank funding rate.",4,Bank of Mexico,"As from 21 Jan 2008, the central bank target rate is used, which can be considered the official policy rate. From 3 Nov 1998 until 20 Jan 2008: the bank funding rate. ", Central bank policy rates - Mexico - Monthly - End of period,2017-07,7,A,F,
M,MX,368,0,,"From 21 Jan 2008 onwards: Central Bank target, money-market overnight rate; from 3 Nov 1998 to 20 Jan 2008: bank funding rate.",4,Bank of Mexico,"As from 21 Jan 2008, the central bank target rate is used, which can be considered the official policy rate. From 3 Nov 1998 until 20 Jan 2008: the bank funding rate. ", Central bank policy rates - Mexico - Monthly - End of period,2017-08,7,A,F,
M,MX,368,0,,"From 21 Jan 2008 onwards: Central Bank target, money-market overnight rate; from 3 Nov 1998 to 20 Jan 2008: bank funding rate.",4,Bank of Mexico,"As from 21 Jan 2008, the central bank target rate is used, which can be considered the official policy rate. From 3 Nov 1998 until 20 Jan 2008: the bank funding rate. ", Central bank policy rates - Mexico - Monthly - End of period,2017-09,7,A,F,
M,MX,368,0,,"From 21 Jan 2008 onwards: Central Bank target, money-market overnight rate; from 3 Nov 1998 to 20 Jan 2008: bank funding rate.",4,Bank of Mexico,"As from 21 Jan 2008, the central bank target rate is used, which can be considered the official policy rate. From 3 Nov 1998 until 20 Jan 2008: the bank funding rate. ", Central bank policy rates - Mexico - Monthly - End of period,2017-10,7,A,F,
M,MX,368,0,,"From 21 Jan 2008 onwards: Central Bank target, money-market overnight rate; from 3 Nov 1998 to 20 Jan 2008: bank funding rate.",4,Bank of Mexico,"As from 21 Jan 2008, the central bank target rate is used, which can be considered the official policy rate. From 3 Nov 1998 until 20 Jan 2008: the bank funding rate. ", Central bank policy rates - Mexico - Monthly - End of period,2017-11,7,A,F,
M,MX,368,0,,"From 21 Jan 2008 onwards: Central Bank target, money-market overnight rate; from 3 Nov 1998 to 20 Jan 2008: bank funding rate.",4,Bank of Mexico,"As from 21 Jan 2008, the central bank target rate is used, which can be considered the official policy rate. From 3 Nov 1998 until 20 Jan 2008: the bank funding rate. ", Central bank policy rates - Mexico - Monthly - End of period,2017-12,7.25,A,F,
M,MX,368,0,,"From 21 Jan 2008 onwards: Central Bank target, money-market overnight rate; from 3 Nov 1998 to 20 Jan 2008: bank funding rate.",4,Bank of Mexico,"As from 21 Jan 2008, the central bank target rate is used, which can be considered the official policy rate. From 3 Nov 1998 until 20 Jan 2008: the bank funding rate. ", Central bank policy rates - Mexico - Monthly - End of period,2018-01,7.25,A,F,
M,MX,368,0,,"From 21 Jan 2008 onwards: Central Bank target, money-market overnight rate; from 3 Nov 1998 to 20 Jan 2008: bank funding rate.",4,Bank of Mexico,"As from 21 Jan 2008, the central bank target rate is used, which can be considered the official policy rate. From 3 Nov 1998 until 20 Jan 2008: the bank funding rate. ", Central bank policy rates - Mexico - Monthly - End of period,2018-02,7.5,A,F,
M,MX,368,0,,"From 21 Jan 2008 onwards: Central Bank target, money-market overnight rate; from 3 Nov 1998 to 20 Jan 2008: bank funding rate.",4,Bank of Mexico,"As from 21 Jan 2008, the central bank target rate is used, which can be considered the official policy rate. From 3 Nov 1998 until 20 Jan 2008: the bank funding rate. ", Central bank policy rates - Mexico - Monthly - End of period,2018-03,7.5,A,F,
M,MX,368,0,,"From 21 Jan 2008 onwards: Central Bank target, money-market overnight rate; from 3 Nov 1998 to 20 Jan 2008: bank funding rate.",4,Bank of Mexico,"As from 21 Jan 2008, the central bank target rate is used, which can be considered the official policy rate. From 3 Nov 1998 until 20 Jan 2008: the bank funding rate. ", Central bank policy rates - Mexico - Monthly - End of period,2018-04,7.5,A,F,
M,MX,368,0,,"From 21 Jan 2008 onwards: Central Bank target, money-market overnight rate; from 3 Nov 1998 to 20 Jan 2008: bank funding rate.",4,Bank of Mexico,"As from 21 Jan 2008, the central bank target rate is used, which can be considered the official policy rate. From 3 Nov 1998 until 20 Jan 2008: the bank funding rate. ", Central bank policy rates - Mexico - Monthly - End of period,2018-05,7.5,A,F,
M,MX,368,0,,"From 21 Jan 2008 onwards: Central Bank target, money-market overnight rate; from 3 Nov 1998 to 20 Jan 2008: bank funding rate.",4,Bank of Mexico,"As from 21 Jan 2008, the central bank target rate is used, which can be considered the official policy rate. From 3 Nov 1998 until 20 Jan 2008: the bank funding rate. ", Central bank policy rates - Mexico - Monthly - End of period,2018-06,7.75,A,F,
M,MX,368,0,,"From 21 Jan 2008 onwards: Central Bank target, money-market overnight rate; from 3 Nov 1998 to 20 Jan 2008: bank funding rate.",4,Bank of Mexico,"As from 21 Jan 2008, the central bank target rate is used, which can be considered the official policy rate. From 3 Nov 1998 until 20 Jan 2008: the bank funding rate. ", Central bank policy rates - Mexico - Monthly - End of period,2018-07,7.75,A,F,
M,MX,368,0,,"From 21 Jan 2008 onwards: Central Bank target, money-market overnight rate; from 3 Nov 1998 to 20 Jan 2008: bank funding rate.",4,Bank of Mexico,"As from 21 Jan 2008, the central bank target rate is used, which can be considered the official policy rate. From 3 Nov 1998 until 20 Jan 2008: the bank funding rate. ", Central bank policy rates - Mexico - Monthly - End of period,2018-08,7.75,A,F,
M,MX,368,0,,"From 21 Jan 2008 onwards: Central Bank target, money-market overnight rate; from 3 Nov 1998 to 20 Jan 2008: bank funding rate.",4,Bank of Mexico,"As from 21 Jan 2008, the central bank target rate is used, which can be considered the official policy rate. From 3 Nov 1998 until 20 Jan 2008: the bank funding rate. ", Central bank policy rates - Mexico - Monthly - End of period,2018-09,7.75,A,F,
M,MX,368,0,,"From 21 Jan 2008 onwards: Central Bank target, money-market overnight rate; from 3 Nov 1998 to 20 Jan 2008: bank funding rate.",4,Bank of Mexico,"As from 21 Jan 2008, the central bank target rate is used, which can be considered the official policy rate. From 3 Nov 1998 until 20 Jan 2008: the bank funding rate. ", Central bank policy rates - Mexico - Monthly - End of period,2018-10,7.75,A,F,
M,MX,368,0,,"From 21 Jan 2008 onwards: Central Bank target, money-market overnight rate; from 3 Nov 1998 to 20 Jan 2008: bank funding rate.",4,Bank of Mexico,"As from 21 Jan 2008, the central bank target rate is used, which can be considered the official policy rate. From 3 Nov 1998 until 20 Jan 2008: the bank funding rate. ", Central bank policy rates - Mexico - Monthly - End of period,2018-11,8,A,F,
M,MX,368,0,,"From 21 Jan 2008 onwards: Central Bank target, money-market overnight rate; from 3 Nov 1998 to 20 Jan 2008: bank funding rate.",4,Bank of Mexico,"As from 21 Jan 2008, the central bank target rate is used, which can be considered the official policy rate. From 3 Nov 1998 until 20 Jan 2008: the bank funding rate. ", Central bank policy rates - Mexico - Monthly - End of period,2018-12,8.25,A,F,
M,MX,368,0,,"From 21 Jan 2008 onwards: Central Bank target, money-market overnight rate; from 3 Nov 1998 to 20 Jan 2008: bank funding rate.",4,Bank of Mexico,"As from 21 Jan 2008, the central bank target rate is used, which can be considered the official policy rate. From 3 Nov 1998 until 20 Jan 2008: the bank funding rate. ", Central bank policy rates - Mexico - Monthly - End of period,2019-01,8.25,A,F,
M,MX,368,0,,"From 21 Jan 2008 onwards: Central Bank target, money-market overnight rate; from 3 Nov 1998 to 20 Jan 2008: bank funding rate.",4,Bank of Mexico,"As from 21 Jan 2008, the central bank target rate is used, which can be considered the official policy rate. From 3 Nov 1998 until 20 Jan 2008: the bank funding rate. ", Central bank policy rates - Mexico - Monthly - End of period,2019-02,8.25,A,F,
M,MX,368,0,,"From 21 Jan 2008 onwards: Central Bank target, money-market overnight rate; from 3 Nov 1998 to 20 Jan 2008: bank funding rate.",4,Bank of Mexico,"As from 21 Jan 2008, the central bank target rate is used, which can be considered the official policy rate. From 3 Nov 1998 until 20 Jan 2008: the bank funding rate. ", Central bank policy rates - Mexico - Monthly - End of period,2019-03,8.25,A,F,
M,MX,368,0,,"From 21 Jan 2008 onwards: Central Bank target, money-market overnight rate; from 3 Nov 1998 to 20 Jan 2008: bank funding rate.",4,Bank of Mexico,"As from 21 Jan 2008, the central bank target rate is used, which can be considered the official policy rate. From 3 Nov 1998 until 20 Jan 2008: the bank funding rate. ", Central bank policy rates - Mexico - Monthly - End of period,2019-04,8.25,A,F,
M,MX,368,0,,"From 21 Jan 2008 onwards: Central Bank target, money-market overnight rate; from 3 Nov 1998 to 20 Jan 2008: bank funding rate.",4,Bank of Mexico,"As from 21 Jan 2008, the central bank target rate is used, which can be considered the official policy rate. From 3 Nov 1998 until 20 Jan 2008: the bank funding rate. ", Central bank policy rates - Mexico - Monthly - End of period,2019-05,8.25,A,F,
M,MX,368,0,,"From 21 Jan 2008 onwards: Central Bank target, money-market overnight rate; from 3 Nov 1998 to 20 Jan 2008: bank funding rate.",4,Bank of Mexico,"As from 21 Jan 2008, the central bank target rate is used, which can be considered the official policy rate. From 3 Nov 1998 until 20 Jan 2008: the bank funding rate. ", Central bank policy rates - Mexico - Monthly - End of period,2019-06,8.25,A,F,
M,MX,368,0,,"From 21 Jan 2008 onwards: Central Bank target, money-market overnight rate; from 3 Nov 1998 to 20 Jan 2008: bank funding rate.",4,Bank of Mexico,"As from 21 Jan 2008, the central bank target rate is used, which can be considered the official policy rate. From 3 Nov 1998 until 20 Jan 2008: the bank funding rate. ", Central bank policy rates - Mexico - Monthly - End of period,2019-07,8.25,A,F,
M,MX,368,0,,"From 21 Jan 2008 onwards: Central Bank target, money-market overnight rate; from 3 Nov 1998 to 20 Jan 2008: bank funding rate.",4,Bank of Mexico,"As from 21 Jan 2008, the central bank target rate is used, which can be considered the official policy rate. From 3 Nov 1998 until 20 Jan 2008: the bank funding rate. ", Central bank policy rates - Mexico - Monthly - End of period,2019-08,8,A,F,
M,MX,368,0,,"From 21 Jan 2008 onwards: Central Bank target, money-market overnight rate; from 3 Nov 1998 to 20 Jan 2008: bank funding rate.",4,Bank of Mexico,"As from 21 Jan 2008, the central bank target rate is used, which can be considered the official policy rate. From 3 Nov 1998 until 20 Jan 2008: the bank funding rate. ", Central bank policy rates - Mexico - Monthly - End of period,2019-09,7.75,A,F,
M,MX,368,0,,"From 21 Jan 2008 onwards: Central Bank target, money-market overnight rate; from 3 Nov 1998 to 20 Jan 2008: bank funding rate.",4,Bank of Mexico,"As from 21 Jan 2008, the central bank target rate is used, which can be considered the official policy rate. From 3 Nov 1998 until 20 Jan 2008: the bank funding rate. ", Central bank policy rates - Mexico - Monthly - End of period,2019-10,7.75,A,F,
M,MX,368,0,,"From 21 Jan 2008 onwards: Central Bank target, money-market overnight rate; from 3 Nov 1998 to 20 Jan 2008: bank funding rate.",4,Bank of Mexico,"As from 21 Jan 2008, the central bank target rate is used, which can be considered the official policy rate. From 3 Nov 1998 until 20 Jan 2008: the bank funding rate. ", Central bank policy rates - Mexico - Monthly - End of period,2019-11,7.5,A,F,
M,MX,368,0,,"From 21 Jan 2008 onwards: Central Bank target, money-market overnight rate; from 3 Nov 1998 to 20 Jan 2008: bank funding rate.",4,Bank of Mexico,"As from 21 Jan 2008, the central bank target rate is used, which can be considered the official policy rate. From 3 Nov 1998 until 20 Jan 2008: the bank funding rate. ", Central bank policy rates - Mexico - Monthly - End of period,2019-12,7.25,A,F,
M,MX,368,0,,"From 21 Jan 2008 onwards: Central Bank target, money-market overnight rate; from 3 Nov 1998 to 20 Jan 2008: bank funding rate.",4,Bank of Mexico,"As from 21 Jan 2008, the central bank target rate is used, which can be considered the official policy rate. From 3 Nov 1998 until 20 Jan 2008: the bank funding rate. ", Central bank policy rates - Mexico - Monthly - End of period,2020-01,7.25,A,F,
M,MX,368,0,,"From 21 Jan 2008 onwards: Central Bank target, money-market overnight rate; from 3 Nov 1998 to 20 Jan 2008: bank funding rate.",4,Bank of Mexico,"As from 21 Jan 2008, the central bank target rate is used, which can be considered the official policy rate. From 3 Nov 1998 until 20 Jan 2008: the bank funding rate. ", Central bank policy rates - Mexico - Monthly - End of period,2020-02,7,A,F,
M,MX,368,0,,"From 21 Jan 2008 onwards: Central Bank target, money-market overnight rate; from 3 Nov 1998 to 20 Jan 2008: bank funding rate.",4,Bank of Mexico,"As from 21 Jan 2008, the central bank target rate is used, which can be considered the official policy rate. From 3 Nov 1998 until 20 Jan 2008: the bank funding rate. ", Central bank policy rates - Mexico - Monthly - End of period,2020-03,6.5,A,F,
M,MX,368,0,,"From 21 Jan 2008 onwards: Central Bank target, money-market overnight rate; from 3 Nov 1998 to 20 Jan 2008: bank funding rate.",4,Bank of Mexico,"As from 21 Jan 2008, the central bank target rate is used, which can be considered the official policy rate. From 3 Nov 1998 until 20 Jan 2008: the bank funding rate. ", Central bank policy rates - Mexico - Monthly - End of period,2020-04,6,A,F,
M,MX,368,0,,"From 21 Jan 2008 onwards: Central Bank target, money-market overnight rate; from 3 Nov 1998 to 20 Jan 2008: bank funding rate.",4,Bank of Mexico,"As from 21 Jan 2008, the central bank target rate is used, which can be considered the official policy rate. From 3 Nov 1998 until 20 Jan 2008: the bank funding rate. ", Central bank policy rates - Mexico - Monthly - End of period,2020-05,5.5,A,F,
M,MX,368,0,,"From 21 Jan 2008 onwards: Central Bank target, money-market overnight rate; from 3 Nov 1998 to 20 Jan 2008: bank funding rate.",4,Bank of Mexico,"As from 21 Jan 2008, the central bank target rate is used, which can be considered the official policy rate. From 3 Nov 1998 until 20 Jan 2008: the bank funding rate. ", Central bank policy rates - Mexico - Monthly - End of period,2020-06,5,A,F,
M,MX,368,0,,"From 21 Jan 2008 onwards: Central Bank target, money-market overnight rate; from 3 Nov 1998 to 20 Jan 2008: bank funding rate.",4,Bank of Mexico,"As from 21 Jan 2008, the central bank target rate is used, which can be considered the official policy rate. From 3 Nov 1998 until 20 Jan 2008: the bank funding rate. ", Central bank policy rates - Mexico - Monthly - End of period,2020-07,5,A,F,
M,MX,368,0,,"From 21 Jan 2008 onwards: Central Bank target, money-market overnight rate; from 3 Nov 1998 to 20 Jan 2008: bank funding rate.",4,Bank of Mexico,"As from 21 Jan 2008, the central bank target rate is used, which can be considered the official policy rate. From 3 Nov 1998 until 20 Jan 2008: the bank funding rate. ", Central bank policy rates - Mexico - Monthly - End of period,2020-08,4.5,A,F,
M,MX,368,0,,"From 21 Jan 2008 onwards: Central Bank target, money-market overnight rate; from 3 Nov 1998 to 20 Jan 2008: bank funding rate.",4,Bank of Mexico,"As from 21 Jan 2008, the central bank target rate is used, which can be considered the official policy rate. From 3 Nov 1998 until 20 Jan 2008: the bank funding rate. ", Central bank policy rates - Mexico - Monthly - End of period,2020-09,4.25,A,F,
M,MX,368,0,,"From 21 Jan 2008 onwards: Central Bank target, money-market overnight rate; from 3 Nov 1998 to 20 Jan 2008: bank funding rate.",4,Bank of Mexico,"As from 21 Jan 2008, the central bank target rate is used, which can be considered the official policy rate. From 3 Nov 1998 until 20 Jan 2008: the bank funding rate. ", Central bank policy rates - Mexico - Monthly - End of period,2020-10,4.25,A,F,
M,MX,368,0,,"From 21 Jan 2008 onwards: Central Bank target, money-market overnight rate; from 3 Nov 1998 to 20 Jan 2008: bank funding rate.",4,Bank of Mexico,"As from 21 Jan 2008, the central bank target rate is used, which can be considered the official policy rate. From 3 Nov 1998 until 20 Jan 2008: the bank funding rate. ", Central bank policy rates - Mexico - Monthly - End of period,2020-11,4.25,A,F,
M,MX,368,0,,"From 21 Jan 2008 onwards: Central Bank target, money-market overnight rate; from 3 Nov 1998 to 20 Jan 2008: bank funding rate.",4,Bank of Mexico,"As from 21 Jan 2008, the central bank target rate is used, which can be considered the official policy rate. From 3 Nov 1998 until 20 Jan 2008: the bank funding rate. ", Central bank policy rates - Mexico - Monthly - End of period,2020-12,4.25,A,F,
M,MX,368,0,,"From 21 Jan 2008 onwards: Central Bank target, money-market overnight rate; from 3 Nov 1998 to 20 Jan 2008: bank funding rate.",4,Bank of Mexico,"As from 21 Jan 2008, the central bank target rate is used, which can be considered the official policy rate. From 3 Nov 1998 until 20 Jan 2008: the bank funding rate. ", Central bank policy rates - Mexico - Monthly - End of period,2021-01,4.25,A,F,
M,MX,368,0,,"From 21 Jan 2008 onwards: Central Bank target, money-market overnight rate; from 3 Nov 1998 to 20 Jan 2008: bank funding rate.",4,Bank of Mexico,"As from 21 Jan 2008, the central bank target rate is used, which can be considered the official policy rate. From 3 Nov 1998 until 20 Jan 2008: the bank funding rate. ", Central bank policy rates - Mexico - Monthly - End of period,2021-02,4,A,F,
M,MX,368,0,,"From 21 Jan 2008 onwards: Central Bank target, money-market overnight rate; from 3 Nov 1998 to 20 Jan 2008: bank funding rate.",4,Bank of Mexico,"As from 21 Jan 2008, the central bank target rate is used, which can be considered the official policy rate. From 3 Nov 1998 until 20 Jan 2008: the bank funding rate. ", Central bank policy rates - Mexico - Monthly - End of period,2021-03,4,A,F,
M,MX,368,0,,"From 21 Jan 2008 onwards: Central Bank target, money-market overnight rate; from 3 Nov 1998 to 20 Jan 2008: bank funding rate.",4,Bank of Mexico,"As from 21 Jan 2008, the central bank target rate is used, which can be considered the official policy rate. From 3 Nov 1998 until 20 Jan 2008: the bank funding rate. ", Central bank policy rates - Mexico - Monthly - End of period,2021-04,4,A,F,
M,MX,368,0,,"From 21 Jan 2008 onwards: Central Bank target, money-market overnight rate; from 3 Nov 1998 to 20 Jan 2008: bank funding rate.",4,Bank of Mexico,"As from 21 Jan 2008, the central bank target rate is used, which can be considered the official policy rate. From 3 Nov 1998 until 20 Jan 2008: the bank funding rate. ", Central bank policy rates - Mexico - Monthly - End of period,2021-05,4,A,F,
M,MX,368,0,,"From 21 Jan 2008 onwards: Central Bank target, money-market overnight rate; from 3 Nov 1998 to 20 Jan 2008: bank funding rate.",4,Bank of Mexico,"As from 21 Jan 2008, the central bank target rate is used, which can be considered the official policy rate. From 3 Nov 1998 until 20 Jan 2008: the bank funding rate. ", Central bank policy rates - Mexico - Monthly - End of period,2021-06,4.25,A,F,
M,MX,368,0,,"From 21 Jan 2008 onwards: Central Bank target, money-market overnight rate; from 3 Nov 1998 to 20 Jan 2008: bank funding rate.",4,Bank of Mexico,"As from 21 Jan 2008, the central bank target rate is used, which can be considered the official policy rate. From 3 Nov 1998 until 20 Jan 2008: the bank funding rate. ", Central bank policy rates - Mexico - Monthly - End of period,2021-07,4.25,A,F,
M,MX,368,0,,"From 21 Jan 2008 onwards: Central Bank target, money-market overnight rate; from 3 Nov 1998 to 20 Jan 2008: bank funding rate.",4,Bank of Mexico,"As from 21 Jan 2008, the central bank target rate is used, which can be considered the official policy rate. From 3 Nov 1998 until 20 Jan 2008: the bank funding rate. ", Central bank policy rates - Mexico - Monthly - End of period,2021-08,4.5,A,F,
M,MX,368,0,,"From 21 Jan 2008 onwards: Central Bank target, money-market overnight rate; from 3 Nov 1998 to 20 Jan 2008: bank funding rate.",4,Bank of Mexico,"As from 21 Jan 2008, the central bank target rate is used, which can be considered the official policy rate. From 3 Nov 1998 until 20 Jan 2008: the bank funding rate. ", Central bank policy rates - Mexico - Monthly - End of period,2021-09,4.5,A,F,
M,MX,368,0,,"From 21 Jan 2008 onwards: Central Bank target, money-market overnight rate; from 3 Nov 1998 to 20 Jan 2008: bank funding rate.",4,Bank of Mexico,"As from 21 Jan 2008, the central bank target rate is used, which can be considered the official policy rate. From 3 Nov 1998 until 20 Jan 2008: the bank funding rate. ", Central bank policy rates - Mexico - Monthly - End of period,2021-10,4.75,A,F,
M,MX,368,0,,"From 21 Jan 2008 onwards: Central Bank target, money-market overnight rate; from 3 Nov 1998 to 20 Jan 2008: bank funding rate.",4,Bank of Mexico,"As from 21 Jan 2008, the central bank target rate is used, which can be considered the official policy rate. From 3 Nov 1998 until 20 Jan 2008: the bank funding rate. ", Central bank policy rates - Mexico - Monthly - End of period,2021-11,5,A,F,
M,MX,368,0,,"From 21 Jan 2008 onwards: Central Bank target, money-market overnight rate; from 3 Nov 1998 to 20 Jan 2008: bank funding rate.",4,Bank of Mexico,"As from 21 Jan 2008, the central bank target rate is used, which can be considered the official policy rate. From 3 Nov 1998 until 20 Jan 2008: the bank funding rate. ", Central bank policy rates - Mexico - Monthly - End of period,2021-12,5.5,A,F,
M,MX,368,0,,"From 21 Jan 2008 onwards: Central Bank target, money-market overnight rate; from 3 Nov 1998 to 20 Jan 2008: bank funding rate.",4,Bank of Mexico,"As from 21 Jan 2008, the central bank target rate is used, which can be considered the official policy rate. From 3 Nov 1998 until 20 Jan 2008: the bank funding rate. ", Central bank policy rates - Mexico - Monthly - End of period,2022-01,5.5,A,F,
M,MX,368,0,,"From 21 Jan 2008 onwards: Central Bank target, money-market overnight rate; from 3 Nov 1998 to 20 Jan 2008: bank funding rate.",4,Bank of Mexico,"As from 21 Jan 2008, the central bank target rate is used, which can be considered the official policy rate. From 3 Nov 1998 until 20 Jan 2008: the bank funding rate. ", Central bank policy rates - Mexico - Monthly - End of period,2022-02,6,A,F,
M,MX,368,0,,"From 21 Jan 2008 onwards: Central Bank target, money-market overnight rate; from 3 Nov 1998 to 20 Jan 2008: bank funding rate.",4,Bank of Mexico,"As from 21 Jan 2008, the central bank target rate is used, which can be considered the official policy rate. From 3 Nov 1998 until 20 Jan 2008: the bank funding rate. ", Central bank policy rates - Mexico - Monthly - End of period,2022-03,6.5,A,F,
M,MX,368,0,,"From 21 Jan 2008 onwards: Central Bank target, money-market overnight rate; from 3 Nov 1998 to 20 Jan 2008: bank funding rate.",4,Bank of Mexico,"As from 21 Jan 2008, the central bank target rate is used, which can be considered the official policy rate. From 3 Nov 1998 until 20 Jan 2008: the bank funding rate. ", Central bank policy rates - Mexico - Monthly - End of period,2022-04,6.5,A,F,
M,MX,368,0,,"From 21 Jan 2008 onwards: Central Bank target, money-market overnight rate; from 3 Nov 1998 to 20 Jan 2008: bank funding rate.",4,Bank of Mexico,"As from 21 Jan 2008, the central bank target rate is used, which can be considered the official policy rate. From 3 Nov 1998 until 20 Jan 2008: the bank funding rate. ", Central bank policy rates - Mexico - Monthly - End of period,2022-05,7,A,F,
M,MX,368,0,,"From 21 Jan 2008 onwards: Central Bank target, money-market overnight rate; from 3 Nov 1998 to 20 Jan 2008: bank funding rate.",4,Bank of Mexico,"As from 21 Jan 2008, the central bank target rate is used, which can be considered the official policy rate. From 3 Nov 1998 until 20 Jan 2008: the bank funding rate. ", Central bank policy rates - Mexico - Monthly - End of period,2022-06,7.75,A,F,
M,MX,368,0,,"From 21 Jan 2008 onwards: Central Bank target, money-market overnight rate; from 3 Nov 1998 to 20 Jan 2008: bank funding rate.",4,Bank of Mexico,"As from 21 Jan 2008, the central bank target rate is used, which can be considered the official policy rate. From 3 Nov 1998 until 20 Jan 2008: the bank funding rate. ", Central bank policy rates - Mexico - Monthly - End of period,2022-07,7.75,A,F,
M,MX,368,0,,"From 21 Jan 2008 onwards: Central Bank target, money-market overnight rate; from 3 Nov 1998 to 20 Jan 2008: bank funding rate.",4,Bank of Mexico,"As from 21 Jan 2008, the central bank target rate is used, which can be considered the official policy rate. From 3 Nov 1998 until 20 Jan 2008: the bank funding rate. ", Central bank policy rates - Mexico - Monthly - End of period,2022-08,8.5,A,F,
M,MX,368,0,,"From 21 Jan 2008 onwards: Central Bank target, money-market overnight rate; from 3 Nov 1998 to 20 Jan 2008: bank funding rate.",4,Bank of Mexico,"As from 21 Jan 2008, the central bank target rate is used, which can be considered the official policy rate. From 3 Nov 1998 until 20 Jan 2008: the bank funding rate. ", Central bank policy rates - Mexico - Monthly - End of period,2022-09,9.25,A,F,
M,MX,368,0,,"From 21 Jan 2008 onwards: Central Bank target, money-market overnight rate; from 3 Nov 1998 to 20 Jan 2008: bank funding rate.",4,Bank of Mexico,"As from 21 Jan 2008, the central bank target rate is used, which can be considered the official policy rate. From 3 Nov 1998 until 20 Jan 2008: the bank funding rate. ", Central bank policy rates - Mexico - Monthly - End of period,2022-10,9.25,A,F,
M,MX,368,0,,"From 21 Jan 2008 onwards: Central Bank target, money-market overnight rate; from 3 Nov 1998 to 20 Jan 2008: bank funding rate.",4,Bank of Mexico,"As from 21 Jan 2008, the central bank target rate is used, which can be considered the official policy rate. From 3 Nov 1998 until 20 Jan 2008: the bank funding rate. ", Central bank policy rates - Mexico - Monthly - End of period,2022-11,10,A,F,
M,MX,368,0,,"From 21 Jan 2008 onwards: Central Bank target, money-market overnight rate; from 3 Nov 1998 to 20 Jan 2008: bank funding rate.",4,Bank of Mexico,"As from 21 Jan 2008, the central bank target rate is used, which can be considered the official policy rate. From 3 Nov 1998 until 20 Jan 2008: the bank funding rate. ", Central bank policy rates - Mexico - Monthly - End of period,2022-12,10.5,A,F,
M,MX,368,0,,"From 21 Jan 2008 onwards: Central Bank target, money-market overnight rate; from 3 Nov 1998 to 20 Jan 2008: bank funding rate.",4,Bank of Mexico,"As from 21 Jan 2008, the central bank target rate is used, which can be considered the official policy rate. From 3 Nov 1998 until 20 Jan 2008: the bank funding rate. ", Central bank policy rates - Mexico - Monthly - End of period,2023-01,10.5,A,F,
M,MX,368,0,,"From 21 Jan 2008 onwards: Central Bank target, money-market overnight rate; from 3 Nov 1998 to 20 Jan 2008: bank funding rate.",4,Bank of Mexico,"As from 21 Jan 2008, the central bank target rate is used, which can be considered the official policy rate. From 3 Nov 1998 until 20 Jan 2008: the bank funding rate. ", Central bank policy rates - Mexico - Monthly - End of period,2023-02,11,A,F,
M,MX,368,0,,"From 21 Jan 2008 onwards: Central Bank target, money-market overnight rate; from 3 Nov 1998 to 20 Jan 2008: bank funding rate.",4,Bank of Mexico,"As from 21 Jan 2008, the central bank target rate is used, which can be considered the official policy rate. From 3 Nov 1998 until 20 Jan 2008: the bank funding rate. ", Central bank policy rates - Mexico - Monthly - End of period,2023-03,11.25,A,F,
M,MX,368,0,,"From 21 Jan 2008 onwards: Central Bank target, money-market overnight rate; from 3 Nov 1998 to 20 Jan 2008: bank funding rate.",4,Bank of Mexico,"As from 21 Jan 2008, the central bank target rate is used, which can be considered the official policy rate. From 3 Nov 1998 until 20 Jan 2008: the bank funding rate. ", Central bank policy rates - Mexico - Monthly - End of period,2023-04,11.25,A,F,
M,MX,368,0,,"From 21 Jan 2008 onwards: Central Bank target, money-market overnight rate; from 3 Nov 1998 to 20 Jan 2008: bank funding rate.",4,Bank of Mexico,"As from 21 Jan 2008, the central bank target rate is used, which can be considered the official policy rate. From 3 Nov 1998 until 20 Jan 2008: the bank funding rate. ", Central bank policy rates - Mexico - Monthly - End of period,2023-05,11.25,A,F,
M,MX,368,0,,"From 21 Jan 2008 onwards: Central Bank target, money-market overnight rate; from 3 Nov 1998 to 20 Jan 2008: bank funding rate.",4,Bank of Mexico,"As from 21 Jan 2008, the central bank target rate is used, which can be considered the official policy rate. From 3 Nov 1998 until 20 Jan 2008: the bank funding rate. ", Central bank policy rates - Mexico - Monthly - End of period,2023-06,11.25,A,F,
M,MX,368,0,,"From 21 Jan 2008 onwards: Central Bank target, money-market overnight rate; from 3 Nov 1998 to 20 Jan 2008: bank funding rate.",4,Bank of Mexico,"As from 21 Jan 2008, the central bank target rate is used, which can be considered the official policy rate. From 3 Nov 1998 until 20 Jan 2008: the bank funding rate. ", Central bank policy rates - Mexico - Monthly - End of period,2023-07,11.25,A,F,
M,MX,368,0,,"From 21 Jan 2008 onwards: Central Bank target, money-market overnight rate; from 3 Nov 1998 to 20 Jan 2008: bank funding rate.",4,Bank of Mexico,"As from 21 Jan 2008, the central bank target rate is used, which can be considered the official policy rate. From 3 Nov 1998 until 20 Jan 2008: the bank funding rate. ", Central bank policy rates - Mexico - Monthly - End of period,2023-08,11.25,A,F,
M,MX,368,0,,"From 21 Jan 2008 onwards: Central Bank target, money-market overnight rate; from 3 Nov 1998 to 20 Jan 2008: bank funding rate.",4,Bank of Mexico,"As from 21 Jan 2008, the central bank target rate is used, which can be considered the official policy rate. From 3 Nov 1998 until 20 Jan 2008: the bank funding rate. ", Central bank policy rates - Mexico - Monthly - End of period,2023-09,11.25,A,F,
M,MX,368,0,,"From 21 Jan 2008 onwards: Central Bank target, money-market overnight rate; from 3 Nov 1998 to 20 Jan 2008: bank funding rate.",4,Bank of Mexico,"As from 21 Jan 2008, the central bank target rate is used, which can be considered the official policy rate. From 3 Nov 1998 until 20 Jan 2008: the bank funding rate. ", Central bank policy rates - Mexico - Monthly - End of period,2023-10,11.25,A,F,
M,MX,368,0,,"From 21 Jan 2008 onwards: Central Bank target, money-market overnight rate; from 3 Nov 1998 to 20 Jan 2008: bank funding rate.",4,Bank of Mexico,"As from 21 Jan 2008, the central bank target rate is used, which can be considered the official policy rate. From 3 Nov 1998 until 20 Jan 2008: the bank funding rate. ", Central bank policy rates - Mexico - Monthly - End of period,2023-11,11.25,A,F,
M,MX,368,0,,"From 21 Jan 2008 onwards: Central Bank target, money-market overnight rate; from 3 Nov 1998 to 20 Jan 2008: bank funding rate.",4,Bank of Mexico,"As from 21 Jan 2008, the central bank target rate is used, which can be considered the official policy rate. From 3 Nov 1998 until 20 Jan 2008: the bank funding rate. ", Central bank policy rates - Mexico - Monthly - End of period,2023-12,11.25,A,F,
M,MX,368,0,,"From 21 Jan 2008 onwards: Central Bank target, money-market overnight rate; from 3 Nov 1998 to 20 Jan 2008: bank funding rate.",4,Bank of Mexico,"As from 21 Jan 2008, the central bank target rate is used, which can be considered the official policy rate. From 3 Nov 1998 until 20 Jan 2008: the bank funding rate. ", Central bank policy rates - Mexico - Monthly - End of period,2024-01,11.25,A,F,
M,MX,368,0,,"From 21 Jan 2008 onwards: Central Bank target, money-market overnight rate; from 3 Nov 1998 to 20 Jan 2008: bank funding rate.",4,Bank of Mexico,"As from 21 Jan 2008, the central bank target rate is used, which can be considered the official policy rate. From 3 Nov 1998 until 20 Jan 2008: the bank funding rate. ", Central bank policy rates - Mexico - Monthly - End of period,2024-02,11.25,A,F,
M,MX,368,0,,"From 21 Jan 2008 onwards: Central Bank target, money-market overnight rate; from 3 Nov 1998 to 20 Jan 2008: bank funding rate.",4,Bank of Mexico,"As from 21 Jan 2008, the central bank target rate is used, which can be considered the official policy rate. From 3 Nov 1998 until 20 Jan 2008: the bank funding rate. ", Central bank policy rates - Mexico - Monthly - End of period,2024-03,11,A,F,
M,MX,368,0,,"From 21 Jan 2008 onwards: Central Bank target, money-market overnight rate; from 3 Nov 1998 to 20 Jan 2008: bank funding rate.",4,Bank of Mexico,"As from 21 Jan 2008, the central bank target rate is used, which can be considered the official policy rate. From 3 Nov 1998 until 20 Jan 2008: the bank funding rate. ", Central bank policy rates - Mexico - Monthly - End of period,2024-04,11,A,F,
M,MX,368,0,,"From 21 Jan 2008 onwards: Central Bank target, money-market overnight rate; from 3 Nov 1998 to 20 Jan 2008: bank funding rate.",4,Bank of Mexico,"As from 21 Jan 2008, the central bank target rate is used, which can be considered the official policy rate. From 3 Nov 1998 until 20 Jan 2008: the bank funding rate. ", Central bank policy rates - Mexico - Monthly - End of period,2024-05,11,A,F,
M,MX,368,0,,"From 21 Jan 2008 onwards: Central Bank target, money-market overnight rate; from 3 Nov 1998 to 20 Jan 2008: bank funding rate.",4,Bank of Mexico,"As from 21 Jan 2008, the central bank target rate is used, which can be considered the official policy rate. From 3 Nov 1998 until 20 Jan 2008: the bank funding rate. ", Central bank policy rates - Mexico - Monthly - End of period,2024-06,11,A,F,
M,MX,368,0,,"From 21 Jan 2008 onwards: Central Bank target, money-market overnight rate; from 3 Nov 1998 to 20 Jan 2008: bank funding rate.",4,Bank of Mexico,"As from 21 Jan 2008, the central bank target rate is used, which can be considered the official policy rate. From 3 Nov 1998 until 20 Jan 2008: the bank funding rate. ", Central bank policy rates - Mexico - Monthly - End of period,2024-07,11,A,F,
M,MX,368,0,,"From 21 Jan 2008 onwards: Central Bank target, money-market overnight rate; from 3 Nov 1998 to 20 Jan 2008: bank funding rate.",4,Bank of Mexico,"As from 21 Jan 2008, the central bank target rate is used, which can be considered the official policy rate. From 3 Nov 1998 until 20 Jan 2008: the bank funding rate. ", Central bank policy rates - Mexico - Monthly - End of period,2024-08,10.75,A,F,
M,MX,368,0,,"From 21 Jan 2008 onwards: Central Bank target, money-market overnight rate; from 3 Nov 1998 to 20 Jan 2008: bank funding rate.",4,Bank of Mexico,"As from 21 Jan 2008, the central bank target rate is used, which can be considered the official policy rate. From 3 Nov 1998 until 20 Jan 2008: the bank funding rate. ", Central bank policy rates - Mexico - Monthly - End of period,2024-09,10.5,A,F,
M,MX,368,0,,"From 21 Jan 2008 onwards: Central Bank target, money-market overnight rate; from 3 Nov 1998 to 20 Jan 2008: bank funding rate.",4,Bank of Mexico,"As from 21 Jan 2008, the central bank target rate is used, which can be considered the official policy rate. From 3 Nov 1998 until 20 Jan 2008: the bank funding rate. ", Central bank policy rates - Mexico - Monthly - End of period,2024-10,10.5,A,F,
M,MX,368,0,,"From 21 Jan 2008 onwards: Central Bank target, money-market overnight rate; from 3 Nov 1998 to 20 Jan 2008: bank funding rate.",4,Bank of Mexico,"As from 21 Jan 2008, the central bank target rate is used, which can be considered the official policy rate. From 3 Nov 1998 until 20 Jan 2008: the bank funding rate. ", Central bank policy rates - Mexico - Monthly - End of period,2024-11,10.25,A,F,
M,MX,368,0,,"From 21 Jan 2008 onwards: Central Bank target, money-market overnight rate; from 3 Nov 1998 to 20 Jan 2008: bank funding rate.",4,Bank of Mexico,"As from 21 Jan 2008, the central bank target rate is used, which can be considered the official policy rate. From 3 Nov 1998 until 20 Jan 2008: the bank funding rate. ", Central bank policy rates - Mexico - Monthly - End of period,2024-12,10,A,F,
M,MX,368,0,,"From 21 Jan 2008 onwards: Central Bank target, money-market overnight rate; from 3 Nov 1998 to 20 Jan 2008: bank funding rate.",4,Bank of Mexico,"As from 21 Jan 2008, the central bank target rate is used, which can be considered the official policy rate. From 3 Nov 1998 until 20 Jan 2008: the bank funding rate. ", Central bank policy rates - Mexico - Monthly - End of period,2025-01,10,A,F,
M,MX,368,0,,"From 21 Jan 2008 onwards: Central Bank target, money-market overnight rate; from 3 Nov 1998 to 20 Jan 2008: bank funding rate.",4,Bank of Mexico,"As from 21 Jan 2008, the central bank target rate is used, which can be considered the official policy rate. From 3 Nov 1998 until 20 Jan 2008: the bank funding rate. ", Central bank policy rates - Mexico - Monthly - End of period,2025-02,9.5,A,F,
M,MX,368,0,,"From 21 Jan 2008 onwards: Central Bank target, money-market overnight rate; from 3 Nov 1998 to 20 Jan 2008: bank funding rate.",4,Bank of Mexico,"As from 21 Jan 2008, the central bank target rate is used, which can be considered the official policy rate. From 3 Nov 1998 until 20 Jan 2008: the bank funding rate. ", Central bank policy rates - Mexico - Monthly - End of period,2025-03,9,A,F,
M,MX,368,0,,"From 21 Jan 2008 onwards: Central Bank target, money-market overnight rate; from 3 Nov 1998 to 20 Jan 2008: bank funding rate.",4,Bank of Mexico,"As from 21 Jan 2008, the central bank target rate is used, which can be considered the official policy rate. From 3 Nov 1998 until 20 Jan 2008: the bank funding rate. ", Central bank policy rates - Mexico - Monthly - End of period,2025-04,9,A,F,
M,MX,368,0,,"From 21 Jan 2008 onwards: Central Bank target, money-market overnight rate; from 3 Nov 1998 to 20 Jan 2008: bank funding rate.",4,Bank of Mexico,"As from 21 Jan 2008, the central bank target rate is used, which can be considered the official policy rate. From 3 Nov 1998 until 20 Jan 2008: the bank funding rate. ", Central bank policy rates - Mexico - Monthly - End of period,2025-05,8.5,A,F,
M,MX,368,0,,"From 21 Jan 2008 onwards: Central Bank target, money-market overnight rate; from 3 Nov 1998 to 20 Jan 2008: bank funding rate.",4,Bank of Mexico,"As from 21 Jan 2008, the central bank target rate is used, which can be considered the official policy rate. From 3 Nov 1998 until 20 Jan 2008: the bank funding rate. ", Central bank policy rates - Mexico - Monthly - End of period,2025-06,8,A,F,
M,MX,368,0,,"From 21 Jan 2008 onwards: Central Bank target, money-market overnight rate; from 3 Nov 1998 to 20 Jan 2008: bank funding rate.",4,Bank of Mexico,"As from 21 Jan 2008, the central bank target rate is used, which can be considered the official policy rate. From 3 Nov 1998 until 20 Jan 2008: the bank funding rate. ", Central bank policy rates - Mexico - Monthly - End of period,2025-07,8,A,F,
M,MX,368,0,,"From 21 Jan 2008 onwards: Central Bank target, money-market overnight rate; from 3 Nov 1998 to 20 Jan 2008: bank funding rate.",4,Bank of Mexico,"As from 21 Jan 2008, the central bank target rate is used, which can be considered the official policy rate. From 3 Nov 1998 until 20 Jan 2008: the bank funding rate. ", Central bank policy rates - Mexico - Monthly - End of period,2025-08,7.75,A,F,
M,MX,368,0,,"From 21 Jan 2008 onwards: Central Bank target, money-market overnight rate; from 3 Nov 1998 to 20 Jan 2008: bank funding rate.",4,Bank of Mexico,"As from 21 Jan 2008, the central bank target rate is used, which can be considered the official policy rate. From 3 Nov 1998 until 20 Jan 2008: the bank funding rate. ", Central bank policy rates - Mexico - Monthly - End of period,2025-09,7.5,A,F,
M,MX,368,0,,"From 21 Jan 2008 onwards: Central Bank target, money-market overnight rate; from 3 Nov 1998 to 20 Jan 2008: bank funding rate.",4,Bank of Mexico,"As from 21 Jan 2008, the central bank target rate is used, which can be considered the official policy rate. From 3 Nov 1998 until 20 Jan 2008: the bank funding rate. ", Central bank policy rates - Mexico - Monthly - End of period,2025-10,7.5,A,F,
M,MX,368,0,,"From 21 Jan 2008 onwards: Central Bank target, money-market overnight rate; from 3 Nov 1998 to 20 Jan 2008: bank funding rate.",4,Bank of Mexico,"As from 21 Jan 2008, the central bank target rate is used, which can be considered the official policy rate. From 3 Nov 1998 until 20 Jan 2008: the bank funding rate. ", Central bank policy rates - Mexico - Monthly - End of period,2025-11,7.25,A,F,
M,MX,368,0,,"From 21 Jan 2008 onwards: Central Bank target, money-market overnight rate; from 3 Nov 1998 to 20 Jan 2008: bank funding rate.",4,Bank of Mexico,"As from 21 Jan 2008, the central bank target rate is used, which can be considered the official policy rate. From 3 Nov 1998 until 20 Jan 2008: the bank funding rate. ", Central bank policy rates - Mexico - Monthly - End of period,2025-12,7,A,F,
M,MX,368,0,,"From 21 Jan 2008 onwards: Central Bank target, money-market overnight rate; from 3 Nov 1998 to 20 Jan 2008: bank funding rate.",4,Bank of Mexico,"As from 21 Jan 2008, the central bank target rate is used, which can be considered the official policy rate. From 3 Nov 1998 until 20 Jan 2008: the bank funding rate. ", Central bank policy rates - Mexico - Monthly - End of period,2026-01,7,A,F,
M,MX,368,0,,"From 21 Jan 2008 onwards: Central Bank target, money-market overnight rate; from 3 Nov 1998 to 20 Jan 2008: bank funding rate.",4,Bank of Mexico,"As from 21 Jan 2008, the central bank target rate is used, which can be considered the official policy rate. From 3 Nov 1998 until 20 Jan 2008: the bank funding rate. ", Central bank policy rates - Mexico - Monthly - End of period,2026-02,7,A,F,
M,MX,368,0,,"From 21 Jan 2008 onwards: Central Bank target, money-market overnight rate; from 3 Nov 1998 to 20 Jan 2008: bank funding rate.",4,Bank of Mexico,"As from 21 Jan 2008, the central bank target rate is used, which can be considered the official policy rate. From 3 Nov 1998 until 20 Jan 2008: the bank funding rate. ", Central bank policy rates - Mexico - Monthly - End of period,2026-03,6.75,A,F,
M,MX,368,0,,"From 21 Jan 2008 onwards: Central Bank target, money-market overnight rate; from 3 Nov 1998 to 20 Jan 2008: bank funding rate.",4,Bank of Mexico,"As from 21 Jan 2008, the central bank target rate is used, which can be considered the official policy rate. From 3 Nov 1998 until 20 Jan 2008: the bank funding rate. ", Central bank policy rates - Mexico - Monthly - End of period,2026-04,6.75,A,F,
M,MX,368,0,,"From 21 Jan 2008 onwards: Central Bank target, money-market overnight rate; from 3 Nov 1998 to 20 Jan 2008: bank funding rate.",4,Bank of Mexico,"As from 21 Jan 2008, the central bank target rate is used, which can be considered the official policy rate. From 3 Nov 1998 until 20 Jan 2008: the bank funding rate. ", Central bank policy rates - Mexico - Monthly - End of period,2026-05,6.5,A,F,
M,MX,368,0,,"From 21 Jan 2008 onwards: Central Bank target, money-market overnight rate; from 3 Nov 1998 to 20 Jan 2008: bank funding rate.",4,Bank of Mexico,"As from 21 Jan 2008, the central bank target rate is used, which can be considered the official policy rate. From 3 Nov 1998 until 20 Jan 2008: the bank funding rate. ", Central bank policy rates - Mexico - Monthly - End of period,2026-06,6.5,A,F,
M,MX,368,0,,"From 21 Jan 2008 onwards: Central Bank target, money-market overnight rate; from 3 Nov 1998 to 20 Jan 2008: bank funding rate.",4,Bank of Mexico,"As from 21 Jan 2008, the central bank target rate is used, which can be considered the official policy rate. From 3 Nov 1998 until 20 Jan 2008: the bank funding rate. ", Central bank policy rates - Mexico - Monthly - End of period,2026-07,6.5,A,F,
M,MX,368,0,,"From 21 Jan 2008 onwards: Central Bank target, money-market overnight rate; from 3 Nov 1998 to 20 Jan 2008: bank funding rate.",4,Bank of Mexico,"As from 21 Jan 2008, the central bank target rate is used, which can be considered the official policy rate. From 3 Nov 1998 until 20 Jan 2008: the bank funding rate. ", Central bank policy rates - Mexico - Monthly - End of period,2026-08,6.5,A,F,
