FREQ,REF_AREA,UNIT_MEASURE,UNIT_MULT,TIME_FORMAT,COMPILATION,DECIMALS,SOURCE_REF,SUPP_INFO_BREAKS,TITLE,TIME_PERIOD,OBS_VALUE,OBS_STATUS,OBS_CONF,OBS_PRE_BREAK
M,TR,368,0,,From 20 May 2010 onwards: 1 week official repo rate; from 20 Feb 2002 to 19 May 2010: Central Bank overnight borrowing rate.,4,Central Bank of the Republic of Turkey,This rate can be considered the official policy rate as from 20 May 2010.  http://www.tcmb.gov.tr/wps/wcm/connect/en/tcmb+en/main+menu/announcements/press+releases/2018/ano2018-21, Central bank policy rates - Türkiye - Monthly - End of period,2002-02,57,A,F,
M,TR,368,0,,From 20 May 2010 onwards: 1 week official repo rate; from 20 Feb 2002 to 19 May 2010: Central Bank overnight borrowing rate.,4,Central Bank of the Republic of Turkey,This rate can be considered the official policy rate as from 20 May 2010.  http://www.tcmb.gov.tr/wps/wcm/connect/en/tcmb+en/main+menu/announcements/press+releases/2018/ano2018-21, Central bank policy rates - Türkiye - Monthly - End of period,2002-03,54,A,F,
M,TR,368,0,,From 20 May 2010 onwards: 1 week official repo rate; from 20 Feb 2002 to 19 May 2010: Central Bank overnight borrowing rate.,4,Central Bank of the Republic of Turkey,This rate can be considered the official policy rate as from 20 May 2010.  http://www.tcmb.gov.tr/wps/wcm/connect/en/tcmb+en/main+menu/announcements/press+releases/2018/ano2018-21, Central bank policy rates - Türkiye - Monthly - End of period,2002-04,48,A,F,
M,TR,368,0,,From 20 May 2010 onwards: 1 week official repo rate; from 20 Feb 2002 to 19 May 2010: Central Bank overnight borrowing rate.,4,Central Bank of the Republic of Turkey,This rate can be considered the official policy rate as from 20 May 2010.  http://www.tcmb.gov.tr/wps/wcm/connect/en/tcmb+en/main+menu/announcements/press+releases/2018/ano2018-21, Central bank policy rates - Türkiye - Monthly - End of period,2002-05,48,A,F,
M,TR,368,0,,From 20 May 2010 onwards: 1 week official repo rate; from 20 Feb 2002 to 19 May 2010: Central Bank overnight borrowing rate.,4,Central Bank of the Republic of Turkey,This rate can be considered the official policy rate as from 20 May 2010.  http://www.tcmb.gov.tr/wps/wcm/connect/en/tcmb+en/main+menu/announcements/press+releases/2018/ano2018-21, Central bank policy rates - Türkiye - Monthly - End of period,2002-06,48,A,F,
M,TR,368,0,,From 20 May 2010 onwards: 1 week official repo rate; from 20 Feb 2002 to 19 May 2010: Central Bank overnight borrowing rate.,4,Central Bank of the Republic of Turkey,This rate can be considered the official policy rate as from 20 May 2010.  http://www.tcmb.gov.tr/wps/wcm/connect/en/tcmb+en/main+menu/announcements/press+releases/2018/ano2018-21, Central bank policy rates - Türkiye - Monthly - End of period,2002-07,48,A,F,
M,TR,368,0,,From 20 May 2010 onwards: 1 week official repo rate; from 20 Feb 2002 to 19 May 2010: Central Bank overnight borrowing rate.,4,Central Bank of the Republic of Turkey,This rate can be considered the official policy rate as from 20 May 2010.  http://www.tcmb.gov.tr/wps/wcm/connect/en/tcmb+en/main+menu/announcements/press+releases/2018/ano2018-21, Central bank policy rates - Türkiye - Monthly - End of period,2002-08,46,A,F,
M,TR,368,0,,From 20 May 2010 onwards: 1 week official repo rate; from 20 Feb 2002 to 19 May 2010: Central Bank overnight borrowing rate.,4,Central Bank of the Republic of Turkey,This rate can be considered the official policy rate as from 20 May 2010.  http://www.tcmb.gov.tr/wps/wcm/connect/en/tcmb+en/main+menu/announcements/press+releases/2018/ano2018-21, Central bank policy rates - Türkiye - Monthly - End of period,2002-09,46,A,F,
M,TR,368,0,,From 20 May 2010 onwards: 1 week official repo rate; from 20 Feb 2002 to 19 May 2010: Central Bank overnight borrowing rate.,4,Central Bank of the Republic of Turkey,This rate can be considered the official policy rate as from 20 May 2010.  http://www.tcmb.gov.tr/wps/wcm/connect/en/tcmb+en/main+menu/announcements/press+releases/2018/ano2018-21, Central bank policy rates - Türkiye - Monthly - End of period,2002-10,46,A,F,
M,TR,368,0,,From 20 May 2010 onwards: 1 week official repo rate; from 20 Feb 2002 to 19 May 2010: Central Bank overnight borrowing rate.,4,Central Bank of the Republic of Turkey,This rate can be considered the official policy rate as from 20 May 2010.  http://www.tcmb.gov.tr/wps/wcm/connect/en/tcmb+en/main+menu/announcements/press+releases/2018/ano2018-21, Central bank policy rates - Türkiye - Monthly - End of period,2002-11,44,A,F,
M,TR,368,0,,From 20 May 2010 onwards: 1 week official repo rate; from 20 Feb 2002 to 19 May 2010: Central Bank overnight borrowing rate.,4,Central Bank of the Republic of Turkey,This rate can be considered the official policy rate as from 20 May 2010.  http://www.tcmb.gov.tr/wps/wcm/connect/en/tcmb+en/main+menu/announcements/press+releases/2018/ano2018-21, Central bank policy rates - Türkiye - Monthly - End of period,2002-12,44,A,F,
M,TR,368,0,,From 20 May 2010 onwards: 1 week official repo rate; from 20 Feb 2002 to 19 May 2010: Central Bank overnight borrowing rate.,4,Central Bank of the Republic of Turkey,This rate can be considered the official policy rate as from 20 May 2010.  http://www.tcmb.gov.tr/wps/wcm/connect/en/tcmb+en/main+menu/announcements/press+releases/2018/ano2018-21, Central bank policy rates - Türkiye - Monthly - End of period,2003-01,44,A,F,
M,TR,368,0,,From 20 May 2010 onwards: 1 week official repo rate; from 20 Feb 2002 to 19 May 2010: Central Bank overnight borrowing rate.,4,Central Bank of the Republic of Turkey,This rate can be considered the official policy rate as from 20 May 2010.  http://www.tcmb.gov.tr/wps/wcm/connect/en/tcmb+en/main+menu/announcements/press+releases/2018/ano2018-21, Central bank policy rates - Türkiye - Monthly - End of period,2003-02,44,A,F,
M,TR,368,0,,From 20 May 2010 onwards: 1 week official repo rate; from 20 Feb 2002 to 19 May 2010: Central Bank overnight borrowing rate.,4,Central Bank of the Republic of Turkey,This rate can be considered the official policy rate as from 20 May 2010.  http://www.tcmb.gov.tr/wps/wcm/connect/en/tcmb+en/main+menu/announcements/press+releases/2018/ano2018-21, Central bank policy rates - Türkiye - Monthly - End of period,2003-03,44,A,F,
M,TR,368,0,,From 20 May 2010 onwards: 1 week official repo rate; from 20 Feb 2002 to 19 May 2010: Central Bank overnight borrowing rate.,4,Central Bank of the Republic of Turkey,This rate can be considered the official policy rate as from 20 May 2010.  http://www.tcmb.gov.tr/wps/wcm/connect/en/tcmb+en/main+menu/announcements/press+releases/2018/ano2018-21, Central bank policy rates - Türkiye - Monthly - End of period,2003-04,41,A,F,
M,TR,368,0,,From 20 May 2010 onwards: 1 week official repo rate; from 20 Feb 2002 to 19 May 2010: Central Bank overnight borrowing rate.,4,Central Bank of the Republic of Turkey,This rate can be considered the official policy rate as from 20 May 2010.  http://www.tcmb.gov.tr/wps/wcm/connect/en/tcmb+en/main+menu/announcements/press+releases/2018/ano2018-21, Central bank policy rates - Türkiye - Monthly - End of period,2003-05,41,A,F,
M,TR,368,0,,From 20 May 2010 onwards: 1 week official repo rate; from 20 Feb 2002 to 19 May 2010: Central Bank overnight borrowing rate.,4,Central Bank of the Republic of Turkey,This rate can be considered the official policy rate as from 20 May 2010.  http://www.tcmb.gov.tr/wps/wcm/connect/en/tcmb+en/main+menu/announcements/press+releases/2018/ano2018-21, Central bank policy rates - Türkiye - Monthly - End of period,2003-06,38,A,F,
M,TR,368,0,,From 20 May 2010 onwards: 1 week official repo rate; from 20 Feb 2002 to 19 May 2010: Central Bank overnight borrowing rate.,4,Central Bank of the Republic of Turkey,This rate can be considered the official policy rate as from 20 May 2010.  http://www.tcmb.gov.tr/wps/wcm/connect/en/tcmb+en/main+menu/announcements/press+releases/2018/ano2018-21, Central bank policy rates - Türkiye - Monthly - End of period,2003-07,35,A,F,
M,TR,368,0,,From 20 May 2010 onwards: 1 week official repo rate; from 20 Feb 2002 to 19 May 2010: Central Bank overnight borrowing rate.,4,Central Bank of the Republic of Turkey,This rate can be considered the official policy rate as from 20 May 2010.  http://www.tcmb.gov.tr/wps/wcm/connect/en/tcmb+en/main+menu/announcements/press+releases/2018/ano2018-21, Central bank policy rates - Türkiye - Monthly - End of period,2003-08,32,A,F,
M,TR,368,0,,From 20 May 2010 onwards: 1 week official repo rate; from 20 Feb 2002 to 19 May 2010: Central Bank overnight borrowing rate.,4,Central Bank of the Republic of Turkey,This rate can be considered the official policy rate as from 20 May 2010.  http://www.tcmb.gov.tr/wps/wcm/connect/en/tcmb+en/main+menu/announcements/press+releases/2018/ano2018-21, Central bank policy rates - Türkiye - Monthly - End of period,2003-09,29,A,F,
M,TR,368,0,,From 20 May 2010 onwards: 1 week official repo rate; from 20 Feb 2002 to 19 May 2010: Central Bank overnight borrowing rate.,4,Central Bank of the Republic of Turkey,This rate can be considered the official policy rate as from 20 May 2010.  http://www.tcmb.gov.tr/wps/wcm/connect/en/tcmb+en/main+menu/announcements/press+releases/2018/ano2018-21, Central bank policy rates - Türkiye - Monthly - End of period,2003-10,26,A,F,
M,TR,368,0,,From 20 May 2010 onwards: 1 week official repo rate; from 20 Feb 2002 to 19 May 2010: Central Bank overnight borrowing rate.,4,Central Bank of the Republic of Turkey,This rate can be considered the official policy rate as from 20 May 2010.  http://www.tcmb.gov.tr/wps/wcm/connect/en/tcmb+en/main+menu/announcements/press+releases/2018/ano2018-21, Central bank policy rates - Türkiye - Monthly - End of period,2003-11,26,A,F,
M,TR,368,0,,From 20 May 2010 onwards: 1 week official repo rate; from 20 Feb 2002 to 19 May 2010: Central Bank overnight borrowing rate.,4,Central Bank of the Republic of Turkey,This rate can be considered the official policy rate as from 20 May 2010.  http://www.tcmb.gov.tr/wps/wcm/connect/en/tcmb+en/main+menu/announcements/press+releases/2018/ano2018-21, Central bank policy rates - Türkiye - Monthly - End of period,2003-12,26,A,F,
M,TR,368,0,,From 20 May 2010 onwards: 1 week official repo rate; from 20 Feb 2002 to 19 May 2010: Central Bank overnight borrowing rate.,4,Central Bank of the Republic of Turkey,This rate can be considered the official policy rate as from 20 May 2010.  http://www.tcmb.gov.tr/wps/wcm/connect/en/tcmb+en/main+menu/announcements/press+releases/2018/ano2018-21, Central bank policy rates - Türkiye - Monthly - End of period,2004-01,26,A,F,
M,TR,368,0,,From 20 May 2010 onwards: 1 week official repo rate; from 20 Feb 2002 to 19 May 2010: Central Bank overnight borrowing rate.,4,Central Bank of the Republic of Turkey,This rate can be considered the official policy rate as from 20 May 2010.  http://www.tcmb.gov.tr/wps/wcm/connect/en/tcmb+en/main+menu/announcements/press+releases/2018/ano2018-21, Central bank policy rates - Türkiye - Monthly - End of period,2004-02,24,A,F,
M,TR,368,0,,From 20 May 2010 onwards: 1 week official repo rate; from 20 Feb 2002 to 19 May 2010: Central Bank overnight borrowing rate.,4,Central Bank of the Republic of Turkey,This rate can be considered the official policy rate as from 20 May 2010.  http://www.tcmb.gov.tr/wps/wcm/connect/en/tcmb+en/main+menu/announcements/press+releases/2018/ano2018-21, Central bank policy rates - Türkiye - Monthly - End of period,2004-03,22,A,F,
M,TR,368,0,,From 20 May 2010 onwards: 1 week official repo rate; from 20 Feb 2002 to 19 May 2010: Central Bank overnight borrowing rate.,4,Central Bank of the Republic of Turkey,This rate can be considered the official policy rate as from 20 May 2010.  http://www.tcmb.gov.tr/wps/wcm/connect/en/tcmb+en/main+menu/announcements/press+releases/2018/ano2018-21, Central bank policy rates - Türkiye - Monthly - End of period,2004-04,22,A,F,
M,TR,368,0,,From 20 May 2010 onwards: 1 week official repo rate; from 20 Feb 2002 to 19 May 2010: Central Bank overnight borrowing rate.,4,Central Bank of the Republic of Turkey,This rate can be considered the official policy rate as from 20 May 2010.  http://www.tcmb.gov.tr/wps/wcm/connect/en/tcmb+en/main+menu/announcements/press+releases/2018/ano2018-21, Central bank policy rates - Türkiye - Monthly - End of period,2004-05,22,A,F,
M,TR,368,0,,From 20 May 2010 onwards: 1 week official repo rate; from 20 Feb 2002 to 19 May 2010: Central Bank overnight borrowing rate.,4,Central Bank of the Republic of Turkey,This rate can be considered the official policy rate as from 20 May 2010.  http://www.tcmb.gov.tr/wps/wcm/connect/en/tcmb+en/main+menu/announcements/press+releases/2018/ano2018-21, Central bank policy rates - Türkiye - Monthly - End of period,2004-06,22,A,F,
M,TR,368,0,,From 20 May 2010 onwards: 1 week official repo rate; from 20 Feb 2002 to 19 May 2010: Central Bank overnight borrowing rate.,4,Central Bank of the Republic of Turkey,This rate can be considered the official policy rate as from 20 May 2010.  http://www.tcmb.gov.tr/wps/wcm/connect/en/tcmb+en/main+menu/announcements/press+releases/2018/ano2018-21, Central bank policy rates - Türkiye - Monthly - End of period,2004-07,22,A,F,
M,TR,368,0,,From 20 May 2010 onwards: 1 week official repo rate; from 20 Feb 2002 to 19 May 2010: Central Bank overnight borrowing rate.,4,Central Bank of the Republic of Turkey,This rate can be considered the official policy rate as from 20 May 2010.  http://www.tcmb.gov.tr/wps/wcm/connect/en/tcmb+en/main+menu/announcements/press+releases/2018/ano2018-21, Central bank policy rates - Türkiye - Monthly - End of period,2004-08,22,A,F,
M,TR,368,0,,From 20 May 2010 onwards: 1 week official repo rate; from 20 Feb 2002 to 19 May 2010: Central Bank overnight borrowing rate.,4,Central Bank of the Republic of Turkey,This rate can be considered the official policy rate as from 20 May 2010.  http://www.tcmb.gov.tr/wps/wcm/connect/en/tcmb+en/main+menu/announcements/press+releases/2018/ano2018-21, Central bank policy rates - Türkiye - Monthly - End of period,2004-09,20,A,F,
M,TR,368,0,,From 20 May 2010 onwards: 1 week official repo rate; from 20 Feb 2002 to 19 May 2010: Central Bank overnight borrowing rate.,4,Central Bank of the Republic of Turkey,This rate can be considered the official policy rate as from 20 May 2010.  http://www.tcmb.gov.tr/wps/wcm/connect/en/tcmb+en/main+menu/announcements/press+releases/2018/ano2018-21, Central bank policy rates - Türkiye - Monthly - End of period,2004-10,20,A,F,
M,TR,368,0,,From 20 May 2010 onwards: 1 week official repo rate; from 20 Feb 2002 to 19 May 2010: Central Bank overnight borrowing rate.,4,Central Bank of the Republic of Turkey,This rate can be considered the official policy rate as from 20 May 2010.  http://www.tcmb.gov.tr/wps/wcm/connect/en/tcmb+en/main+menu/announcements/press+releases/2018/ano2018-21, Central bank policy rates - Türkiye - Monthly - End of period,2004-11,20,A,F,
M,TR,368,0,,From 20 May 2010 onwards: 1 week official repo rate; from 20 Feb 2002 to 19 May 2010: Central Bank overnight borrowing rate.,4,Central Bank of the Republic of Turkey,This rate can be considered the official policy rate as from 20 May 2010.  http://www.tcmb.gov.tr/wps/wcm/connect/en/tcmb+en/main+menu/announcements/press+releases/2018/ano2018-21, Central bank policy rates - Türkiye - Monthly - End of period,2004-12,18,A,F,
M,TR,368,0,,From 20 May 2010 onwards: 1 week official repo rate; from 20 Feb 2002 to 19 May 2010: Central Bank overnight borrowing rate.,4,Central Bank of the Republic of Turkey,This rate can be considered the official policy rate as from 20 May 2010.  http://www.tcmb.gov.tr/wps/wcm/connect/en/tcmb+en/main+menu/announcements/press+releases/2018/ano2018-21, Central bank policy rates - Türkiye - Monthly - End of period,2005-01,17,A,F,
M,TR,368,0,,From 20 May 2010 onwards: 1 week official repo rate; from 20 Feb 2002 to 19 May 2010: Central Bank overnight borrowing rate.,4,Central Bank of the Republic of Turkey,This rate can be considered the official policy rate as from 20 May 2010.  http://www.tcmb.gov.tr/wps/wcm/connect/en/tcmb+en/main+menu/announcements/press+releases/2018/ano2018-21, Central bank policy rates - Türkiye - Monthly - End of period,2005-02,16.5,A,F,
M,TR,368,0,,From 20 May 2010 onwards: 1 week official repo rate; from 20 Feb 2002 to 19 May 2010: Central Bank overnight borrowing rate.,4,Central Bank of the Republic of Turkey,This rate can be considered the official policy rate as from 20 May 2010.  http://www.tcmb.gov.tr/wps/wcm/connect/en/tcmb+en/main+menu/announcements/press+releases/2018/ano2018-21, Central bank policy rates - Türkiye - Monthly - End of period,2005-03,15.5,A,F,
M,TR,368,0,,From 20 May 2010 onwards: 1 week official repo rate; from 20 Feb 2002 to 19 May 2010: Central Bank overnight borrowing rate.,4,Central Bank of the Republic of Turkey,This rate can be considered the official policy rate as from 20 May 2010.  http://www.tcmb.gov.tr/wps/wcm/connect/en/tcmb+en/main+menu/announcements/press+releases/2018/ano2018-21, Central bank policy rates - Türkiye - Monthly - End of period,2005-04,15,A,F,
M,TR,368,0,,From 20 May 2010 onwards: 1 week official repo rate; from 20 Feb 2002 to 19 May 2010: Central Bank overnight borrowing rate.,4,Central Bank of the Republic of Turkey,This rate can be considered the official policy rate as from 20 May 2010.  http://www.tcmb.gov.tr/wps/wcm/connect/en/tcmb+en/main+menu/announcements/press+releases/2018/ano2018-21, Central bank policy rates - Türkiye - Monthly - End of period,2005-05,14.5,A,F,
M,TR,368,0,,From 20 May 2010 onwards: 1 week official repo rate; from 20 Feb 2002 to 19 May 2010: Central Bank overnight borrowing rate.,4,Central Bank of the Republic of Turkey,This rate can be considered the official policy rate as from 20 May 2010.  http://www.tcmb.gov.tr/wps/wcm/connect/en/tcmb+en/main+menu/announcements/press+releases/2018/ano2018-21, Central bank policy rates - Türkiye - Monthly - End of period,2005-06,14.25,A,F,
M,TR,368,0,,From 20 May 2010 onwards: 1 week official repo rate; from 20 Feb 2002 to 19 May 2010: Central Bank overnight borrowing rate.,4,Central Bank of the Republic of Turkey,This rate can be considered the official policy rate as from 20 May 2010.  http://www.tcmb.gov.tr/wps/wcm/connect/en/tcmb+en/main+menu/announcements/press+releases/2018/ano2018-21, Central bank policy rates - Türkiye - Monthly - End of period,2005-07,14.25,A,F,
M,TR,368,0,,From 20 May 2010 onwards: 1 week official repo rate; from 20 Feb 2002 to 19 May 2010: Central Bank overnight borrowing rate.,4,Central Bank of the Republic of Turkey,This rate can be considered the official policy rate as from 20 May 2010.  http://www.tcmb.gov.tr/wps/wcm/connect/en/tcmb+en/main+menu/announcements/press+releases/2018/ano2018-21, Central bank policy rates - Türkiye - Monthly - End of period,2005-08,14.25,A,F,
M,TR,368,0,,From 20 May 2010 onwards: 1 week official repo rate; from 20 Feb 2002 to 19 May 2010: Central Bank overnight borrowing rate.,4,Central Bank of the Republic of Turkey,This rate can be considered the official policy rate as from 20 May 2010.  http://www.tcmb.gov.tr/wps/wcm/connect/en/tcmb+en/main+menu/announcements/press+releases/2018/ano2018-21, Central bank policy rates - Türkiye - Monthly - End of period,2005-09,14.25,A,F,
M,TR,368,0,,From 20 May 2010 onwards: 1 week official repo rate; from 20 Feb 2002 to 19 May 2010: Central Bank overnight borrowing rate.,4,Central Bank of the Republic of Turkey,This rate can be considered the official policy rate as from 20 May 2010.  http://www.tcmb.gov.tr/wps/wcm/connect/en/tcmb+en/main+menu/announcements/press+releases/2018/ano2018-21, Central bank policy rates - Türkiye - Monthly - End of period,2005-10,14,A,F,
M,TR,368,0,,From 20 May 2010 onwards: 1 week official repo rate; from 20 Feb 2002 to 19 May 2010: Central Bank overnight borrowing rate.,4,Central Bank of the Republic of Turkey,This rate can be considered the official policy rate as from 20 May 2010.  http://www.tcmb.gov.tr/wps/wcm/connect/en/tcmb+en/main+menu/announcements/press+releases/2018/ano2018-21, Central bank policy rates - Türkiye - Monthly - End of period,2005-11,13.75,A,F,
M,TR,368,0,,From 20 May 2010 onwards: 1 week official repo rate; from 20 Feb 2002 to 19 May 2010: Central Bank overnight borrowing rate.,4,Central Bank of the Republic of Turkey,This rate can be considered the official policy rate as from 20 May 2010.  http://www.tcmb.gov.tr/wps/wcm/connect/en/tcmb+en/main+menu/announcements/press+releases/2018/ano2018-21, Central bank policy rates - Türkiye - Monthly - End of period,2005-12,13.5,A,F,
M,TR,368,0,,From 20 May 2010 onwards: 1 week official repo rate; from 20 Feb 2002 to 19 May 2010: Central Bank overnight borrowing rate.,4,Central Bank of the Republic of Turkey,This rate can be considered the official policy rate as from 20 May 2010.  http://www.tcmb.gov.tr/wps/wcm/connect/en/tcmb+en/main+menu/announcements/press+releases/2018/ano2018-21, Central bank policy rates - Türkiye - Monthly - End of period,2006-01,13.5,A,F,
M,TR,368,0,,From 20 May 2010 onwards: 1 week official repo rate; from 20 Feb 2002 to 19 May 2010: Central Bank overnight borrowing rate.,4,Central Bank of the Republic of Turkey,This rate can be considered the official policy rate as from 20 May 2010.  http://www.tcmb.gov.tr/wps/wcm/connect/en/tcmb+en/main+menu/announcements/press+releases/2018/ano2018-21, Central bank policy rates - Türkiye - Monthly - End of period,2006-02,13.5,A,F,
M,TR,368,0,,From 20 May 2010 onwards: 1 week official repo rate; from 20 Feb 2002 to 19 May 2010: Central Bank overnight borrowing rate.,4,Central Bank of the Republic of Turkey,This rate can be considered the official policy rate as from 20 May 2010.  http://www.tcmb.gov.tr/wps/wcm/connect/en/tcmb+en/main+menu/announcements/press+releases/2018/ano2018-21, Central bank policy rates - Türkiye - Monthly - End of period,2006-03,13.5,A,F,
M,TR,368,0,,From 20 May 2010 onwards: 1 week official repo rate; from 20 Feb 2002 to 19 May 2010: Central Bank overnight borrowing rate.,4,Central Bank of the Republic of Turkey,This rate can be considered the official policy rate as from 20 May 2010.  http://www.tcmb.gov.tr/wps/wcm/connect/en/tcmb+en/main+menu/announcements/press+releases/2018/ano2018-21, Central bank policy rates - Türkiye - Monthly - End of period,2006-04,13.25,A,F,
M,TR,368,0,,From 20 May 2010 onwards: 1 week official repo rate; from 20 Feb 2002 to 19 May 2010: Central Bank overnight borrowing rate.,4,Central Bank of the Republic of Turkey,This rate can be considered the official policy rate as from 20 May 2010.  http://www.tcmb.gov.tr/wps/wcm/connect/en/tcmb+en/main+menu/announcements/press+releases/2018/ano2018-21, Central bank policy rates - Türkiye - Monthly - End of period,2006-05,13.25,A,F,
M,TR,368,0,,From 20 May 2010 onwards: 1 week official repo rate; from 20 Feb 2002 to 19 May 2010: Central Bank overnight borrowing rate.,4,Central Bank of the Republic of Turkey,This rate can be considered the official policy rate as from 20 May 2010.  http://www.tcmb.gov.tr/wps/wcm/connect/en/tcmb+en/main+menu/announcements/press+releases/2018/ano2018-21, Central bank policy rates - Türkiye - Monthly - End of period,2006-06,17.25,A,F,
M,TR,368,0,,From 20 May 2010 onwards: 1 week official repo rate; from 20 Feb 2002 to 19 May 2010: Central Bank overnight borrowing rate.,4,Central Bank of the Republic of Turkey,This rate can be considered the official policy rate as from 20 May 2010.  http://www.tcmb.gov.tr/wps/wcm/connect/en/tcmb+en/main+menu/announcements/press+releases/2018/ano2018-21, Central bank policy rates - Türkiye - Monthly - End of period,2006-07,17.5,A,F,
M,TR,368,0,,From 20 May 2010 onwards: 1 week official repo rate; from 20 Feb 2002 to 19 May 2010: Central Bank overnight borrowing rate.,4,Central Bank of the Republic of Turkey,This rate can be considered the official policy rate as from 20 May 2010.  http://www.tcmb.gov.tr/wps/wcm/connect/en/tcmb+en/main+menu/announcements/press+releases/2018/ano2018-21, Central bank policy rates - Türkiye - Monthly - End of period,2006-08,17.5,A,F,
M,TR,368,0,,From 20 May 2010 onwards: 1 week official repo rate; from 20 Feb 2002 to 19 May 2010: Central Bank overnight borrowing rate.,4,Central Bank of the Republic of Turkey,This rate can be considered the official policy rate as from 20 May 2010.  http://www.tcmb.gov.tr/wps/wcm/connect/en/tcmb+en/main+menu/announcements/press+releases/2018/ano2018-21, Central bank policy rates - Türkiye - Monthly - End of period,2006-09,17.5,A,F,
M,TR,368,0,,From 20 May 2010 onwards: 1 week official repo rate; from 20 Feb 2002 to 19 May 2010: Central Bank overnight borrowing rate.,4,Central Bank of the Republic of Turkey,This rate can be considered the official policy rate as from 20 May 2010.  http://www.tcmb.gov.tr/wps/wcm/connect/en/tcmb+en/main+menu/announcements/press+releases/2018/ano2018-21, Central bank policy rates - Türkiye - Monthly - End of period,2006-10,17.5,A,F,
M,TR,368,0,,From 20 May 2010 onwards: 1 week official repo rate; from 20 Feb 2002 to 19 May 2010: Central Bank overnight borrowing rate.,4,Central Bank of the Republic of Turkey,This rate can be considered the official policy rate as from 20 May 2010.  http://www.tcmb.gov.tr/wps/wcm/connect/en/tcmb+en/main+menu/announcements/press+releases/2018/ano2018-21, Central bank policy rates - Türkiye - Monthly - End of period,2006-11,17.5,A,F,
M,TR,368,0,,From 20 May 2010 onwards: 1 week official repo rate; from 20 Feb 2002 to 19 May 2010: Central Bank overnight borrowing rate.,4,Central Bank of the Republic of Turkey,This rate can be considered the official policy rate as from 20 May 2010.  http://www.tcmb.gov.tr/wps/wcm/connect/en/tcmb+en/main+menu/announcements/press+releases/2018/ano2018-21, Central bank policy rates - Türkiye - Monthly - End of period,2006-12,17.5,A,F,
M,TR,368,0,,From 20 May 2010 onwards: 1 week official repo rate; from 20 Feb 2002 to 19 May 2010: Central Bank overnight borrowing rate.,4,Central Bank of the Republic of Turkey,This rate can be considered the official policy rate as from 20 May 2010.  http://www.tcmb.gov.tr/wps/wcm/connect/en/tcmb+en/main+menu/announcements/press+releases/2018/ano2018-21, Central bank policy rates - Türkiye - Monthly - End of period,2007-01,17.5,A,F,
M,TR,368,0,,From 20 May 2010 onwards: 1 week official repo rate; from 20 Feb 2002 to 19 May 2010: Central Bank overnight borrowing rate.,4,Central Bank of the Republic of Turkey,This rate can be considered the official policy rate as from 20 May 2010.  http://www.tcmb.gov.tr/wps/wcm/connect/en/tcmb+en/main+menu/announcements/press+releases/2018/ano2018-21, Central bank policy rates - Türkiye - Monthly - End of period,2007-02,17.5,A,F,
M,TR,368,0,,From 20 May 2010 onwards: 1 week official repo rate; from 20 Feb 2002 to 19 May 2010: Central Bank overnight borrowing rate.,4,Central Bank of the Republic of Turkey,This rate can be considered the official policy rate as from 20 May 2010.  http://www.tcmb.gov.tr/wps/wcm/connect/en/tcmb+en/main+menu/announcements/press+releases/2018/ano2018-21, Central bank policy rates - Türkiye - Monthly - End of period,2007-03,17.5,A,F,
M,TR,368,0,,From 20 May 2010 onwards: 1 week official repo rate; from 20 Feb 2002 to 19 May 2010: Central Bank overnight borrowing rate.,4,Central Bank of the Republic of Turkey,This rate can be considered the official policy rate as from 20 May 2010.  http://www.tcmb.gov.tr/wps/wcm/connect/en/tcmb+en/main+menu/announcements/press+releases/2018/ano2018-21, Central bank policy rates - Türkiye - Monthly - End of period,2007-04,17.5,A,F,
M,TR,368,0,,From 20 May 2010 onwards: 1 week official repo rate; from 20 Feb 2002 to 19 May 2010: Central Bank overnight borrowing rate.,4,Central Bank of the Republic of Turkey,This rate can be considered the official policy rate as from 20 May 2010.  http://www.tcmb.gov.tr/wps/wcm/connect/en/tcmb+en/main+menu/announcements/press+releases/2018/ano2018-21, Central bank policy rates - Türkiye - Monthly - End of period,2007-05,17.5,A,F,
M,TR,368,0,,From 20 May 2010 onwards: 1 week official repo rate; from 20 Feb 2002 to 19 May 2010: Central Bank overnight borrowing rate.,4,Central Bank of the Republic of Turkey,This rate can be considered the official policy rate as from 20 May 2010.  http://www.tcmb.gov.tr/wps/wcm/connect/en/tcmb+en/main+menu/announcements/press+releases/2018/ano2018-21, Central bank policy rates - Türkiye - Monthly - End of period,2007-06,17.5,A,F,
M,TR,368,0,,From 20 May 2010 onwards: 1 week official repo rate; from 20 Feb 2002 to 19 May 2010: Central Bank overnight borrowing rate.,4,Central Bank of the Republic of Turkey,This rate can be considered the official policy rate as from 20 May 2010.  http://www.tcmb.gov.tr/wps/wcm/connect/en/tcmb+en/main+menu/announcements/press+releases/2018/ano2018-21, Central bank policy rates - Türkiye - Monthly - End of period,2007-07,17.5,A,F,
M,TR,368,0,,From 20 May 2010 onwards: 1 week official repo rate; from 20 Feb 2002 to 19 May 2010: Central Bank overnight borrowing rate.,4,Central Bank of the Republic of Turkey,This rate can be considered the official policy rate as from 20 May 2010.  http://www.tcmb.gov.tr/wps/wcm/connect/en/tcmb+en/main+menu/announcements/press+releases/2018/ano2018-21, Central bank policy rates - Türkiye - Monthly - End of period,2007-08,17.5,A,F,
M,TR,368,0,,From 20 May 2010 onwards: 1 week official repo rate; from 20 Feb 2002 to 19 May 2010: Central Bank overnight borrowing rate.,4,Central Bank of the Republic of Turkey,This rate can be considered the official policy rate as from 20 May 2010.  http://www.tcmb.gov.tr/wps/wcm/connect/en/tcmb+en/main+menu/announcements/press+releases/2018/ano2018-21, Central bank policy rates - Türkiye - Monthly - End of period,2007-09,17.25,A,F,
M,TR,368,0,,From 20 May 2010 onwards: 1 week official repo rate; from 20 Feb 2002 to 19 May 2010: Central Bank overnight borrowing rate.,4,Central Bank of the Republic of Turkey,This rate can be considered the official policy rate as from 20 May 2010.  http://www.tcmb.gov.tr/wps/wcm/connect/en/tcmb+en/main+menu/announcements/press+releases/2018/ano2018-21, Central bank policy rates - Türkiye - Monthly - End of period,2007-10,16.75,A,F,
M,TR,368,0,,From 20 May 2010 onwards: 1 week official repo rate; from 20 Feb 2002 to 19 May 2010: Central Bank overnight borrowing rate.,4,Central Bank of the Republic of Turkey,This rate can be considered the official policy rate as from 20 May 2010.  http://www.tcmb.gov.tr/wps/wcm/connect/en/tcmb+en/main+menu/announcements/press+releases/2018/ano2018-21, Central bank policy rates - Türkiye - Monthly - End of period,2007-11,16.25,A,F,
M,TR,368,0,,From 20 May 2010 onwards: 1 week official repo rate; from 20 Feb 2002 to 19 May 2010: Central Bank overnight borrowing rate.,4,Central Bank of the Republic of Turkey,This rate can be considered the official policy rate as from 20 May 2010.  http://www.tcmb.gov.tr/wps/wcm/connect/en/tcmb+en/main+menu/announcements/press+releases/2018/ano2018-21, Central bank policy rates - Türkiye - Monthly - End of period,2007-12,15.75,A,F,
M,TR,368,0,,From 20 May 2010 onwards: 1 week official repo rate; from 20 Feb 2002 to 19 May 2010: Central Bank overnight borrowing rate.,4,Central Bank of the Republic of Turkey,This rate can be considered the official policy rate as from 20 May 2010.  http://www.tcmb.gov.tr/wps/wcm/connect/en/tcmb+en/main+menu/announcements/press+releases/2018/ano2018-21, Central bank policy rates - Türkiye - Monthly - End of period,2008-01,15.5,A,F,
M,TR,368,0,,From 20 May 2010 onwards: 1 week official repo rate; from 20 Feb 2002 to 19 May 2010: Central Bank overnight borrowing rate.,4,Central Bank of the Republic of Turkey,This rate can be considered the official policy rate as from 20 May 2010.  http://www.tcmb.gov.tr/wps/wcm/connect/en/tcmb+en/main+menu/announcements/press+releases/2018/ano2018-21, Central bank policy rates - Türkiye - Monthly - End of period,2008-02,15.25,A,F,
M,TR,368,0,,From 20 May 2010 onwards: 1 week official repo rate; from 20 Feb 2002 to 19 May 2010: Central Bank overnight borrowing rate.,4,Central Bank of the Republic of Turkey,This rate can be considered the official policy rate as from 20 May 2010.  http://www.tcmb.gov.tr/wps/wcm/connect/en/tcmb+en/main+menu/announcements/press+releases/2018/ano2018-21, Central bank policy rates - Türkiye - Monthly - End of period,2008-03,15.25,A,F,
M,TR,368,0,,From 20 May 2010 onwards: 1 week official repo rate; from 20 Feb 2002 to 19 May 2010: Central Bank overnight borrowing rate.,4,Central Bank of the Republic of Turkey,This rate can be considered the official policy rate as from 20 May 2010.  http://www.tcmb.gov.tr/wps/wcm/connect/en/tcmb+en/main+menu/announcements/press+releases/2018/ano2018-21, Central bank policy rates - Türkiye - Monthly - End of period,2008-04,15.25,A,F,
M,TR,368,0,,From 20 May 2010 onwards: 1 week official repo rate; from 20 Feb 2002 to 19 May 2010: Central Bank overnight borrowing rate.,4,Central Bank of the Republic of Turkey,This rate can be considered the official policy rate as from 20 May 2010.  http://www.tcmb.gov.tr/wps/wcm/connect/en/tcmb+en/main+menu/announcements/press+releases/2018/ano2018-21, Central bank policy rates - Türkiye - Monthly - End of period,2008-05,15.75,A,F,
M,TR,368,0,,From 20 May 2010 onwards: 1 week official repo rate; from 20 Feb 2002 to 19 May 2010: Central Bank overnight borrowing rate.,4,Central Bank of the Republic of Turkey,This rate can be considered the official policy rate as from 20 May 2010.  http://www.tcmb.gov.tr/wps/wcm/connect/en/tcmb+en/main+menu/announcements/press+releases/2018/ano2018-21, Central bank policy rates - Türkiye - Monthly - End of period,2008-06,16.25,A,F,
M,TR,368,0,,From 20 May 2010 onwards: 1 week official repo rate; from 20 Feb 2002 to 19 May 2010: Central Bank overnight borrowing rate.,4,Central Bank of the Republic of Turkey,This rate can be considered the official policy rate as from 20 May 2010.  http://www.tcmb.gov.tr/wps/wcm/connect/en/tcmb+en/main+menu/announcements/press+releases/2018/ano2018-21, Central bank policy rates - Türkiye - Monthly - End of period,2008-07,16.75,A,F,
M,TR,368,0,,From 20 May 2010 onwards: 1 week official repo rate; from 20 Feb 2002 to 19 May 2010: Central Bank overnight borrowing rate.,4,Central Bank of the Republic of Turkey,This rate can be considered the official policy rate as from 20 May 2010.  http://www.tcmb.gov.tr/wps/wcm/connect/en/tcmb+en/main+menu/announcements/press+releases/2018/ano2018-21, Central bank policy rates - Türkiye - Monthly - End of period,2008-08,16.75,A,F,
M,TR,368,0,,From 20 May 2010 onwards: 1 week official repo rate; from 20 Feb 2002 to 19 May 2010: Central Bank overnight borrowing rate.,4,Central Bank of the Republic of Turkey,This rate can be considered the official policy rate as from 20 May 2010.  http://www.tcmb.gov.tr/wps/wcm/connect/en/tcmb+en/main+menu/announcements/press+releases/2018/ano2018-21, Central bank policy rates - Türkiye - Monthly - End of period,2008-09,16.75,A,F,
M,TR,368,0,,From 20 May 2010 onwards: 1 week official repo rate; from 20 Feb 2002 to 19 May 2010: Central Bank overnight borrowing rate.,4,Central Bank of the Republic of Turkey,This rate can be considered the official policy rate as from 20 May 2010.  http://www.tcmb.gov.tr/wps/wcm/connect/en/tcmb+en/main+menu/announcements/press+releases/2018/ano2018-21, Central bank policy rates - Türkiye - Monthly - End of period,2008-10,16.75,A,F,
M,TR,368,0,,From 20 May 2010 onwards: 1 week official repo rate; from 20 Feb 2002 to 19 May 2010: Central Bank overnight borrowing rate.,4,Central Bank of the Republic of Turkey,This rate can be considered the official policy rate as from 20 May 2010.  http://www.tcmb.gov.tr/wps/wcm/connect/en/tcmb+en/main+menu/announcements/press+releases/2018/ano2018-21, Central bank policy rates - Türkiye - Monthly - End of period,2008-11,16.25,A,F,
M,TR,368,0,,From 20 May 2010 onwards: 1 week official repo rate; from 20 Feb 2002 to 19 May 2010: Central Bank overnight borrowing rate.,4,Central Bank of the Republic of Turkey,This rate can be considered the official policy rate as from 20 May 2010.  http://www.tcmb.gov.tr/wps/wcm/connect/en/tcmb+en/main+menu/announcements/press+releases/2018/ano2018-21, Central bank policy rates - Türkiye - Monthly - End of period,2008-12,15,A,F,
M,TR,368,0,,From 20 May 2010 onwards: 1 week official repo rate; from 20 Feb 2002 to 19 May 2010: Central Bank overnight borrowing rate.,4,Central Bank of the Republic of Turkey,This rate can be considered the official policy rate as from 20 May 2010.  http://www.tcmb.gov.tr/wps/wcm/connect/en/tcmb+en/main+menu/announcements/press+releases/2018/ano2018-21, Central bank policy rates - Türkiye - Monthly - End of period,2009-01,13,A,F,
M,TR,368,0,,From 20 May 2010 onwards: 1 week official repo rate; from 20 Feb 2002 to 19 May 2010: Central Bank overnight borrowing rate.,4,Central Bank of the Republic of Turkey,This rate can be considered the official policy rate as from 20 May 2010.  http://www.tcmb.gov.tr/wps/wcm/connect/en/tcmb+en/main+menu/announcements/press+releases/2018/ano2018-21, Central bank policy rates - Türkiye - Monthly - End of period,2009-02,11.5,A,F,
M,TR,368,0,,From 20 May 2010 onwards: 1 week official repo rate; from 20 Feb 2002 to 19 May 2010: Central Bank overnight borrowing rate.,4,Central Bank of the Republic of Turkey,This rate can be considered the official policy rate as from 20 May 2010.  http://www.tcmb.gov.tr/wps/wcm/connect/en/tcmb+en/main+menu/announcements/press+releases/2018/ano2018-21, Central bank policy rates - Türkiye - Monthly - End of period,2009-03,10.5,A,F,
M,TR,368,0,,From 20 May 2010 onwards: 1 week official repo rate; from 20 Feb 2002 to 19 May 2010: Central Bank overnight borrowing rate.,4,Central Bank of the Republic of Turkey,This rate can be considered the official policy rate as from 20 May 2010.  http://www.tcmb.gov.tr/wps/wcm/connect/en/tcmb+en/main+menu/announcements/press+releases/2018/ano2018-21, Central bank policy rates - Türkiye - Monthly - End of period,2009-04,9.75,A,F,
M,TR,368,0,,From 20 May 2010 onwards: 1 week official repo rate; from 20 Feb 2002 to 19 May 2010: Central Bank overnight borrowing rate.,4,Central Bank of the Republic of Turkey,This rate can be considered the official policy rate as from 20 May 2010.  http://www.tcmb.gov.tr/wps/wcm/connect/en/tcmb+en/main+menu/announcements/press+releases/2018/ano2018-21, Central bank policy rates - Türkiye - Monthly - End of period,2009-05,9.25,A,F,
M,TR,368,0,,From 20 May 2010 onwards: 1 week official repo rate; from 20 Feb 2002 to 19 May 2010: Central Bank overnight borrowing rate.,4,Central Bank of the Republic of Turkey,This rate can be considered the official policy rate as from 20 May 2010.  http://www.tcmb.gov.tr/wps/wcm/connect/en/tcmb+en/main+menu/announcements/press+releases/2018/ano2018-21, Central bank policy rates - Türkiye - Monthly - End of period,2009-06,8.75,A,F,
M,TR,368,0,,From 20 May 2010 onwards: 1 week official repo rate; from 20 Feb 2002 to 19 May 2010: Central Bank overnight borrowing rate.,4,Central Bank of the Republic of Turkey,This rate can be considered the official policy rate as from 20 May 2010.  http://www.tcmb.gov.tr/wps/wcm/connect/en/tcmb+en/main+menu/announcements/press+releases/2018/ano2018-21, Central bank policy rates - Türkiye - Monthly - End of period,2009-07,8.25,A,F,
M,TR,368,0,,From 20 May 2010 onwards: 1 week official repo rate; from 20 Feb 2002 to 19 May 2010: Central Bank overnight borrowing rate.,4,Central Bank of the Republic of Turkey,This rate can be considered the official policy rate as from 20 May 2010.  http://www.tcmb.gov.tr/wps/wcm/connect/en/tcmb+en/main+menu/announcements/press+releases/2018/ano2018-21, Central bank policy rates - Türkiye - Monthly - End of period,2009-08,7.75,A,F,
M,TR,368,0,,From 20 May 2010 onwards: 1 week official repo rate; from 20 Feb 2002 to 19 May 2010: Central Bank overnight borrowing rate.,4,Central Bank of the Republic of Turkey,This rate can be considered the official policy rate as from 20 May 2010.  http://www.tcmb.gov.tr/wps/wcm/connect/en/tcmb+en/main+menu/announcements/press+releases/2018/ano2018-21, Central bank policy rates - Türkiye - Monthly - End of period,2009-09,7.25,A,F,
M,TR,368,0,,From 20 May 2010 onwards: 1 week official repo rate; from 20 Feb 2002 to 19 May 2010: Central Bank overnight borrowing rate.,4,Central Bank of the Republic of Turkey,This rate can be considered the official policy rate as from 20 May 2010.  http://www.tcmb.gov.tr/wps/wcm/connect/en/tcmb+en/main+menu/announcements/press+releases/2018/ano2018-21, Central bank policy rates - Türkiye - Monthly - End of period,2009-10,6.75,A,F,
M,TR,368,0,,From 20 May 2010 onwards: 1 week official repo rate; from 20 Feb 2002 to 19 May 2010: Central Bank overnight borrowing rate.,4,Central Bank of the Republic of Turkey,This rate can be considered the official policy rate as from 20 May 2010.  http://www.tcmb.gov.tr/wps/wcm/connect/en/tcmb+en/main+menu/announcements/press+releases/2018/ano2018-21, Central bank policy rates - Türkiye - Monthly - End of period,2009-11,6.5,A,F,
M,TR,368,0,,From 20 May 2010 onwards: 1 week official repo rate; from 20 Feb 2002 to 19 May 2010: Central Bank overnight borrowing rate.,4,Central Bank of the Republic of Turkey,This rate can be considered the official policy rate as from 20 May 2010.  http://www.tcmb.gov.tr/wps/wcm/connect/en/tcmb+en/main+menu/announcements/press+releases/2018/ano2018-21, Central bank policy rates - Türkiye - Monthly - End of period,2009-12,6.5,A,F,
M,TR,368,0,,From 20 May 2010 onwards: 1 week official repo rate; from 20 Feb 2002 to 19 May 2010: Central Bank overnight borrowing rate.,4,Central Bank of the Republic of Turkey,This rate can be considered the official policy rate as from 20 May 2010.  http://www.tcmb.gov.tr/wps/wcm/connect/en/tcmb+en/main+menu/announcements/press+releases/2018/ano2018-21, Central bank policy rates - Türkiye - Monthly - End of period,2010-01,6.5,A,F,
M,TR,368,0,,From 20 May 2010 onwards: 1 week official repo rate; from 20 Feb 2002 to 19 May 2010: Central Bank overnight borrowing rate.,4,Central Bank of the Republic of Turkey,This rate can be considered the official policy rate as from 20 May 2010.  http://www.tcmb.gov.tr/wps/wcm/connect/en/tcmb+en/main+menu/announcements/press+releases/2018/ano2018-21, Central bank policy rates - Türkiye - Monthly - End of period,2010-02,6.5,A,F,
M,TR,368,0,,From 20 May 2010 onwards: 1 week official repo rate; from 20 Feb 2002 to 19 May 2010: Central Bank overnight borrowing rate.,4,Central Bank of the Republic of Turkey,This rate can be considered the official policy rate as from 20 May 2010.  http://www.tcmb.gov.tr/wps/wcm/connect/en/tcmb+en/main+menu/announcements/press+releases/2018/ano2018-21, Central bank policy rates - Türkiye - Monthly - End of period,2010-03,6.5,A,F,
M,TR,368,0,,From 20 May 2010 onwards: 1 week official repo rate; from 20 Feb 2002 to 19 May 2010: Central Bank overnight borrowing rate.,4,Central Bank of the Republic of Turkey,This rate can be considered the official policy rate as from 20 May 2010.  http://www.tcmb.gov.tr/wps/wcm/connect/en/tcmb+en/main+menu/announcements/press+releases/2018/ano2018-21, Central bank policy rates - Türkiye - Monthly - End of period,2010-04,6.5,A,F,
M,TR,368,0,,From 20 May 2010 onwards: 1 week official repo rate; from 20 Feb 2002 to 19 May 2010: Central Bank overnight borrowing rate.,4,Central Bank of the Republic of Turkey,This rate can be considered the official policy rate as from 20 May 2010.  http://www.tcmb.gov.tr/wps/wcm/connect/en/tcmb+en/main+menu/announcements/press+releases/2018/ano2018-21, Central bank policy rates - Türkiye - Monthly - End of period,2010-05,7,A,F,
M,TR,368,0,,From 20 May 2010 onwards: 1 week official repo rate; from 20 Feb 2002 to 19 May 2010: Central Bank overnight borrowing rate.,4,Central Bank of the Republic of Turkey,This rate can be considered the official policy rate as from 20 May 2010.  http://www.tcmb.gov.tr/wps/wcm/connect/en/tcmb+en/main+menu/announcements/press+releases/2018/ano2018-21, Central bank policy rates - Türkiye - Monthly - End of period,2010-06,7,A,F,
M,TR,368,0,,From 20 May 2010 onwards: 1 week official repo rate; from 20 Feb 2002 to 19 May 2010: Central Bank overnight borrowing rate.,4,Central Bank of the Republic of Turkey,This rate can be considered the official policy rate as from 20 May 2010.  http://www.tcmb.gov.tr/wps/wcm/connect/en/tcmb+en/main+menu/announcements/press+releases/2018/ano2018-21, Central bank policy rates - Türkiye - Monthly - End of period,2010-07,7,A,F,
M,TR,368,0,,From 20 May 2010 onwards: 1 week official repo rate; from 20 Feb 2002 to 19 May 2010: Central Bank overnight borrowing rate.,4,Central Bank of the Republic of Turkey,This rate can be considered the official policy rate as from 20 May 2010.  http://www.tcmb.gov.tr/wps/wcm/connect/en/tcmb+en/main+menu/announcements/press+releases/2018/ano2018-21, Central bank policy rates - Türkiye - Monthly - End of period,2010-08,7,A,F,
M,TR,368,0,,From 20 May 2010 onwards: 1 week official repo rate; from 20 Feb 2002 to 19 May 2010: Central Bank overnight borrowing rate.,4,Central Bank of the Republic of Turkey,This rate can be considered the official policy rate as from 20 May 2010.  http://www.tcmb.gov.tr/wps/wcm/connect/en/tcmb+en/main+menu/announcements/press+releases/2018/ano2018-21, Central bank policy rates - Türkiye - Monthly - End of period,2010-09,7,A,F,
M,TR,368,0,,From 20 May 2010 onwards: 1 week official repo rate; from 20 Feb 2002 to 19 May 2010: Central Bank overnight borrowing rate.,4,Central Bank of the Republic of Turkey,This rate can be considered the official policy rate as from 20 May 2010.  http://www.tcmb.gov.tr/wps/wcm/connect/en/tcmb+en/main+menu/announcements/press+releases/2018/ano2018-21, Central bank policy rates - Türkiye - Monthly - End of period,2010-10,7,A,F,
M,TR,368,0,,From 20 May 2010 onwards: 1 week official repo rate; from 20 Feb 2002 to 19 May 2010: Central Bank overnight borrowing rate.,4,Central Bank of the Republic of Turkey,This rate can be considered the official policy rate as from 20 May 2010.  http://www.tcmb.gov.tr/wps/wcm/connect/en/tcmb+en/main+menu/announcements/press+releases/2018/ano2018-21, Central bank policy rates - Türkiye - Monthly - End of period,2010-11,7,A,F,
M,TR,368,0,,From 20 May 2010 onwards: 1 week official repo rate; from 20 Feb 2002 to 19 May 2010: Central Bank overnight borrowing rate.,4,Central Bank of the Republic of Turkey,This rate can be considered the official policy rate as from 20 May 2010.  http://www.tcmb.gov.tr/wps/wcm/connect/en/tcmb+en/main+menu/announcements/press+releases/2018/ano2018-21, Central bank policy rates - Türkiye - Monthly - End of period,2010-12,6.5,A,F,
M,TR,368,0,,From 20 May 2010 onwards: 1 week official repo rate; from 20 Feb 2002 to 19 May 2010: Central Bank overnight borrowing rate.,4,Central Bank of the Republic of Turkey,This rate can be considered the official policy rate as from 20 May 2010.  http://www.tcmb.gov.tr/wps/wcm/connect/en/tcmb+en/main+menu/announcements/press+releases/2018/ano2018-21, Central bank policy rates - Türkiye - Monthly - End of period,2011-01,6.25,A,F,
M,TR,368,0,,From 20 May 2010 onwards: 1 week official repo rate; from 20 Feb 2002 to 19 May 2010: Central Bank overnight borrowing rate.,4,Central Bank of the Republic of Turkey,This rate can be considered the official policy rate as from 20 May 2010.  http://www.tcmb.gov.tr/wps/wcm/connect/en/tcmb+en/main+menu/announcements/press+releases/2018/ano2018-21, Central bank policy rates - Türkiye - Monthly - End of period,2011-02,6.25,A,F,
M,TR,368,0,,From 20 May 2010 onwards: 1 week official repo rate; from 20 Feb 2002 to 19 May 2010: Central Bank overnight borrowing rate.,4,Central Bank of the Republic of Turkey,This rate can be considered the official policy rate as from 20 May 2010.  http://www.tcmb.gov.tr/wps/wcm/connect/en/tcmb+en/main+menu/announcements/press+releases/2018/ano2018-21, Central bank policy rates - Türkiye - Monthly - End of period,2011-03,6.25,A,F,
M,TR,368,0,,From 20 May 2010 onwards: 1 week official repo rate; from 20 Feb 2002 to 19 May 2010: Central Bank overnight borrowing rate.,4,Central Bank of the Republic of Turkey,This rate can be considered the official policy rate as from 20 May 2010.  http://www.tcmb.gov.tr/wps/wcm/connect/en/tcmb+en/main+menu/announcements/press+releases/2018/ano2018-21, Central bank policy rates - Türkiye - Monthly - End of period,2011-04,6.25,A,F,
M,TR,368,0,,From 20 May 2010 onwards: 1 week official repo rate; from 20 Feb 2002 to 19 May 2010: Central Bank overnight borrowing rate.,4,Central Bank of the Republic of Turkey,This rate can be considered the official policy rate as from 20 May 2010.  http://www.tcmb.gov.tr/wps/wcm/connect/en/tcmb+en/main+menu/announcements/press+releases/2018/ano2018-21, Central bank policy rates - Türkiye - Monthly - End of period,2011-05,6.25,A,F,
M,TR,368,0,,From 20 May 2010 onwards: 1 week official repo rate; from 20 Feb 2002 to 19 May 2010: Central Bank overnight borrowing rate.,4,Central Bank of the Republic of Turkey,This rate can be considered the official policy rate as from 20 May 2010.  http://www.tcmb.gov.tr/wps/wcm/connect/en/tcmb+en/main+menu/announcements/press+releases/2018/ano2018-21, Central bank policy rates - Türkiye - Monthly - End of period,2011-06,6.25,A,F,
M,TR,368,0,,From 20 May 2010 onwards: 1 week official repo rate; from 20 Feb 2002 to 19 May 2010: Central Bank overnight borrowing rate.,4,Central Bank of the Republic of Turkey,This rate can be considered the official policy rate as from 20 May 2010.  http://www.tcmb.gov.tr/wps/wcm/connect/en/tcmb+en/main+menu/announcements/press+releases/2018/ano2018-21, Central bank policy rates - Türkiye - Monthly - End of period,2011-07,6.25,A,F,
M,TR,368,0,,From 20 May 2010 onwards: 1 week official repo rate; from 20 Feb 2002 to 19 May 2010: Central Bank overnight borrowing rate.,4,Central Bank of the Republic of Turkey,This rate can be considered the official policy rate as from 20 May 2010.  http://www.tcmb.gov.tr/wps/wcm/connect/en/tcmb+en/main+menu/announcements/press+releases/2018/ano2018-21, Central bank policy rates - Türkiye - Monthly - End of period,2011-08,5.75,A,F,
M,TR,368,0,,From 20 May 2010 onwards: 1 week official repo rate; from 20 Feb 2002 to 19 May 2010: Central Bank overnight borrowing rate.,4,Central Bank of the Republic of Turkey,This rate can be considered the official policy rate as from 20 May 2010.  http://www.tcmb.gov.tr/wps/wcm/connect/en/tcmb+en/main+menu/announcements/press+releases/2018/ano2018-21, Central bank policy rates - Türkiye - Monthly - End of period,2011-09,5.75,A,F,
M,TR,368,0,,From 20 May 2010 onwards: 1 week official repo rate; from 20 Feb 2002 to 19 May 2010: Central Bank overnight borrowing rate.,4,Central Bank of the Republic of Turkey,This rate can be considered the official policy rate as from 20 May 2010.  http://www.tcmb.gov.tr/wps/wcm/connect/en/tcmb+en/main+menu/announcements/press+releases/2018/ano2018-21, Central bank policy rates - Türkiye - Monthly - End of period,2011-10,5.75,A,F,
M,TR,368,0,,From 20 May 2010 onwards: 1 week official repo rate; from 20 Feb 2002 to 19 May 2010: Central Bank overnight borrowing rate.,4,Central Bank of the Republic of Turkey,This rate can be considered the official policy rate as from 20 May 2010.  http://www.tcmb.gov.tr/wps/wcm/connect/en/tcmb+en/main+menu/announcements/press+releases/2018/ano2018-21, Central bank policy rates - Türkiye - Monthly - End of period,2011-11,5.75,A,F,
M,TR,368,0,,From 20 May 2010 onwards: 1 week official repo rate; from 20 Feb 2002 to 19 May 2010: Central Bank overnight borrowing rate.,4,Central Bank of the Republic of Turkey,This rate can be considered the official policy rate as from 20 May 2010.  http://www.tcmb.gov.tr/wps/wcm/connect/en/tcmb+en/main+menu/announcements/press+releases/2018/ano2018-21, Central bank policy rates - Türkiye - Monthly - End of period,2011-12,5.75,A,F,
M,TR,368,0,,From 20 May 2010 onwards: 1 week official repo rate; from 20 Feb 2002 to 19 May 2010: Central Bank overnight borrowing rate.,4,Central Bank of the Republic of Turkey,This rate can be considered the official policy rate as from 20 May 2010.  http://www.tcmb.gov.tr/wps/wcm/connect/en/tcmb+en/main+menu/announcements/press+releases/2018/ano2018-21, Central bank policy rates - Türkiye - Monthly - End of period,2012-01,5.75,A,F,
M,TR,368,0,,From 20 May 2010 onwards: 1 week official repo rate; from 20 Feb 2002 to 19 May 2010: Central Bank overnight borrowing rate.,4,Central Bank of the Republic of Turkey,This rate can be considered the official policy rate as from 20 May 2010.  http://www.tcmb.gov.tr/wps/wcm/connect/en/tcmb+en/main+menu/announcements/press+releases/2018/ano2018-21, Central bank policy rates - Türkiye - Monthly - End of period,2012-02,5.75,A,F,
M,TR,368,0,,From 20 May 2010 onwards: 1 week official repo rate; from 20 Feb 2002 to 19 May 2010: Central Bank overnight borrowing rate.,4,Central Bank of the Republic of Turkey,This rate can be considered the official policy rate as from 20 May 2010.  http://www.tcmb.gov.tr/wps/wcm/connect/en/tcmb+en/main+menu/announcements/press+releases/2018/ano2018-21, Central bank policy rates - Türkiye - Monthly - End of period,2012-03,5.75,A,F,
M,TR,368,0,,From 20 May 2010 onwards: 1 week official repo rate; from 20 Feb 2002 to 19 May 2010: Central Bank overnight borrowing rate.,4,Central Bank of the Republic of Turkey,This rate can be considered the official policy rate as from 20 May 2010.  http://www.tcmb.gov.tr/wps/wcm/connect/en/tcmb+en/main+menu/announcements/press+releases/2018/ano2018-21, Central bank policy rates - Türkiye - Monthly - End of period,2012-04,5.75,A,F,
M,TR,368,0,,From 20 May 2010 onwards: 1 week official repo rate; from 20 Feb 2002 to 19 May 2010: Central Bank overnight borrowing rate.,4,Central Bank of the Republic of Turkey,This rate can be considered the official policy rate as from 20 May 2010.  http://www.tcmb.gov.tr/wps/wcm/connect/en/tcmb+en/main+menu/announcements/press+releases/2018/ano2018-21, Central bank policy rates - Türkiye - Monthly - End of period,2012-05,5.75,A,F,
M,TR,368,0,,From 20 May 2010 onwards: 1 week official repo rate; from 20 Feb 2002 to 19 May 2010: Central Bank overnight borrowing rate.,4,Central Bank of the Republic of Turkey,This rate can be considered the official policy rate as from 20 May 2010.  http://www.tcmb.gov.tr/wps/wcm/connect/en/tcmb+en/main+menu/announcements/press+releases/2018/ano2018-21, Central bank policy rates - Türkiye - Monthly - End of period,2012-06,5.75,A,F,
M,TR,368,0,,From 20 May 2010 onwards: 1 week official repo rate; from 20 Feb 2002 to 19 May 2010: Central Bank overnight borrowing rate.,4,Central Bank of the Republic of Turkey,This rate can be considered the official policy rate as from 20 May 2010.  http://www.tcmb.gov.tr/wps/wcm/connect/en/tcmb+en/main+menu/announcements/press+releases/2018/ano2018-21, Central bank policy rates - Türkiye - Monthly - End of period,2012-07,5.75,A,F,
M,TR,368,0,,From 20 May 2010 onwards: 1 week official repo rate; from 20 Feb 2002 to 19 May 2010: Central Bank overnight borrowing rate.,4,Central Bank of the Republic of Turkey,This rate can be considered the official policy rate as from 20 May 2010.  http://www.tcmb.gov.tr/wps/wcm/connect/en/tcmb+en/main+menu/announcements/press+releases/2018/ano2018-21, Central bank policy rates - Türkiye - Monthly - End of period,2012-08,5.75,A,F,
M,TR,368,0,,From 20 May 2010 onwards: 1 week official repo rate; from 20 Feb 2002 to 19 May 2010: Central Bank overnight borrowing rate.,4,Central Bank of the Republic of Turkey,This rate can be considered the official policy rate as from 20 May 2010.  http://www.tcmb.gov.tr/wps/wcm/connect/en/tcmb+en/main+menu/announcements/press+releases/2018/ano2018-21, Central bank policy rates - Türkiye - Monthly - End of period,2012-09,5.75,A,F,
M,TR,368,0,,From 20 May 2010 onwards: 1 week official repo rate; from 20 Feb 2002 to 19 May 2010: Central Bank overnight borrowing rate.,4,Central Bank of the Republic of Turkey,This rate can be considered the official policy rate as from 20 May 2010.  http://www.tcmb.gov.tr/wps/wcm/connect/en/tcmb+en/main+menu/announcements/press+releases/2018/ano2018-21, Central bank policy rates - Türkiye - Monthly - End of period,2012-10,5.75,A,F,
M,TR,368,0,,From 20 May 2010 onwards: 1 week official repo rate; from 20 Feb 2002 to 19 May 2010: Central Bank overnight borrowing rate.,4,Central Bank of the Republic of Turkey,This rate can be considered the official policy rate as from 20 May 2010.  http://www.tcmb.gov.tr/wps/wcm/connect/en/tcmb+en/main+menu/announcements/press+releases/2018/ano2018-21, Central bank policy rates - Türkiye - Monthly - End of period,2012-11,5.75,A,F,
M,TR,368,0,,From 20 May 2010 onwards: 1 week official repo rate; from 20 Feb 2002 to 19 May 2010: Central Bank overnight borrowing rate.,4,Central Bank of the Republic of Turkey,This rate can be considered the official policy rate as from 20 May 2010.  http://www.tcmb.gov.tr/wps/wcm/connect/en/tcmb+en/main+menu/announcements/press+releases/2018/ano2018-21, Central bank policy rates - Türkiye - Monthly - End of period,2012-12,5.5,A,F,
M,TR,368,0,,From 20 May 2010 onwards: 1 week official repo rate; from 20 Feb 2002 to 19 May 2010: Central Bank overnight borrowing rate.,4,Central Bank of the Republic of Turkey,This rate can be considered the official policy rate as from 20 May 2010.  http://www.tcmb.gov.tr/wps/wcm/connect/en/tcmb+en/main+menu/announcements/press+releases/2018/ano2018-21, Central bank policy rates - Türkiye - Monthly - End of period,2013-01,5.5,A,F,
M,TR,368,0,,From 20 May 2010 onwards: 1 week official repo rate; from 20 Feb 2002 to 19 May 2010: Central Bank overnight borrowing rate.,4,Central Bank of the Republic of Turkey,This rate can be considered the official policy rate as from 20 May 2010.  http://www.tcmb.gov.tr/wps/wcm/connect/en/tcmb+en/main+menu/announcements/press+releases/2018/ano2018-21, Central bank policy rates - Türkiye - Monthly - End of period,2013-02,5.5,A,F,
M,TR,368,0,,From 20 May 2010 onwards: 1 week official repo rate; from 20 Feb 2002 to 19 May 2010: Central Bank overnight borrowing rate.,4,Central Bank of the Republic of Turkey,This rate can be considered the official policy rate as from 20 May 2010.  http://www.tcmb.gov.tr/wps/wcm/connect/en/tcmb+en/main+menu/announcements/press+releases/2018/ano2018-21, Central bank policy rates - Türkiye - Monthly - End of period,2013-03,5.5,A,F,
M,TR,368,0,,From 20 May 2010 onwards: 1 week official repo rate; from 20 Feb 2002 to 19 May 2010: Central Bank overnight borrowing rate.,4,Central Bank of the Republic of Turkey,This rate can be considered the official policy rate as from 20 May 2010.  http://www.tcmb.gov.tr/wps/wcm/connect/en/tcmb+en/main+menu/announcements/press+releases/2018/ano2018-21, Central bank policy rates - Türkiye - Monthly - End of period,2013-04,5,A,F,
M,TR,368,0,,From 20 May 2010 onwards: 1 week official repo rate; from 20 Feb 2002 to 19 May 2010: Central Bank overnight borrowing rate.,4,Central Bank of the Republic of Turkey,This rate can be considered the official policy rate as from 20 May 2010.  http://www.tcmb.gov.tr/wps/wcm/connect/en/tcmb+en/main+menu/announcements/press+releases/2018/ano2018-21, Central bank policy rates - Türkiye - Monthly - End of period,2013-05,4.5,A,F,
M,TR,368,0,,From 20 May 2010 onwards: 1 week official repo rate; from 20 Feb 2002 to 19 May 2010: Central Bank overnight borrowing rate.,4,Central Bank of the Republic of Turkey,This rate can be considered the official policy rate as from 20 May 2010.  http://www.tcmb.gov.tr/wps/wcm/connect/en/tcmb+en/main+menu/announcements/press+releases/2018/ano2018-21, Central bank policy rates - Türkiye - Monthly - End of period,2013-06,4.5,A,F,
M,TR,368,0,,From 20 May 2010 onwards: 1 week official repo rate; from 20 Feb 2002 to 19 May 2010: Central Bank overnight borrowing rate.,4,Central Bank of the Republic of Turkey,This rate can be considered the official policy rate as from 20 May 2010.  http://www.tcmb.gov.tr/wps/wcm/connect/en/tcmb+en/main+menu/announcements/press+releases/2018/ano2018-21, Central bank policy rates - Türkiye - Monthly - End of period,2013-07,4.5,A,F,
M,TR,368,0,,From 20 May 2010 onwards: 1 week official repo rate; from 20 Feb 2002 to 19 May 2010: Central Bank overnight borrowing rate.,4,Central Bank of the Republic of Turkey,This rate can be considered the official policy rate as from 20 May 2010.  http://www.tcmb.gov.tr/wps/wcm/connect/en/tcmb+en/main+menu/announcements/press+releases/2018/ano2018-21, Central bank policy rates - Türkiye - Monthly - End of period,2013-08,4.5,A,F,
M,TR,368,0,,From 20 May 2010 onwards: 1 week official repo rate; from 20 Feb 2002 to 19 May 2010: Central Bank overnight borrowing rate.,4,Central Bank of the Republic of Turkey,This rate can be considered the official policy rate as from 20 May 2010.  http://www.tcmb.gov.tr/wps/wcm/connect/en/tcmb+en/main+menu/announcements/press+releases/2018/ano2018-21, Central bank policy rates - Türkiye - Monthly - End of period,2013-09,4.5,A,F,
M,TR,368,0,,From 20 May 2010 onwards: 1 week official repo rate; from 20 Feb 2002 to 19 May 2010: Central Bank overnight borrowing rate.,4,Central Bank of the Republic of Turkey,This rate can be considered the official policy rate as from 20 May 2010.  http://www.tcmb.gov.tr/wps/wcm/connect/en/tcmb+en/main+menu/announcements/press+releases/2018/ano2018-21, Central bank policy rates - Türkiye - Monthly - End of period,2013-10,4.5,A,F,
M,TR,368,0,,From 20 May 2010 onwards: 1 week official repo rate; from 20 Feb 2002 to 19 May 2010: Central Bank overnight borrowing rate.,4,Central Bank of the Republic of Turkey,This rate can be considered the official policy rate as from 20 May 2010.  http://www.tcmb.gov.tr/wps/wcm/connect/en/tcmb+en/main+menu/announcements/press+releases/2018/ano2018-21, Central bank policy rates - Türkiye - Monthly - End of period,2013-11,4.5,A,F,
M,TR,368,0,,From 20 May 2010 onwards: 1 week official repo rate; from 20 Feb 2002 to 19 May 2010: Central Bank overnight borrowing rate.,4,Central Bank of the Republic of Turkey,This rate can be considered the official policy rate as from 20 May 2010.  http://www.tcmb.gov.tr/wps/wcm/connect/en/tcmb+en/main+menu/announcements/press+releases/2018/ano2018-21, Central bank policy rates - Türkiye - Monthly - End of period,2013-12,4.5,A,F,
M,TR,368,0,,From 20 May 2010 onwards: 1 week official repo rate; from 20 Feb 2002 to 19 May 2010: Central Bank overnight borrowing rate.,4,Central Bank of the Republic of Turkey,This rate can be considered the official policy rate as from 20 May 2010.  http://www.tcmb.gov.tr/wps/wcm/connect/en/tcmb+en/main+menu/announcements/press+releases/2018/ano2018-21, Central bank policy rates - Türkiye - Monthly - End of period,2014-01,10,A,F,
M,TR,368,0,,From 20 May 2010 onwards: 1 week official repo rate; from 20 Feb 2002 to 19 May 2010: Central Bank overnight borrowing rate.,4,Central Bank of the Republic of Turkey,This rate can be considered the official policy rate as from 20 May 2010.  http://www.tcmb.gov.tr/wps/wcm/connect/en/tcmb+en/main+menu/announcements/press+releases/2018/ano2018-21, Central bank policy rates - Türkiye - Monthly - End of period,2014-02,10,A,F,
M,TR,368,0,,From 20 May 2010 onwards: 1 week official repo rate; from 20 Feb 2002 to 19 May 2010: Central Bank overnight borrowing rate.,4,Central Bank of the Republic of Turkey,This rate can be considered the official policy rate as from 20 May 2010.  http://www.tcmb.gov.tr/wps/wcm/connect/en/tcmb+en/main+menu/announcements/press+releases/2018/ano2018-21, Central bank policy rates - Türkiye - Monthly - End of period,2014-03,10,A,F,
M,TR,368,0,,From 20 May 2010 onwards: 1 week official repo rate; from 20 Feb 2002 to 19 May 2010: Central Bank overnight borrowing rate.,4,Central Bank of the Republic of Turkey,This rate can be considered the official policy rate as from 20 May 2010.  http://www.tcmb.gov.tr/wps/wcm/connect/en/tcmb+en/main+menu/announcements/press+releases/2018/ano2018-21, Central bank policy rates - Türkiye - Monthly - End of period,2014-04,10,A,F,
M,TR,368,0,,From 20 May 2010 onwards: 1 week official repo rate; from 20 Feb 2002 to 19 May 2010: Central Bank overnight borrowing rate.,4,Central Bank of the Republic of Turkey,This rate can be considered the official policy rate as from 20 May 2010.  http://www.tcmb.gov.tr/wps/wcm/connect/en/tcmb+en/main+menu/announcements/press+releases/2018/ano2018-21, Central bank policy rates - Türkiye - Monthly - End of period,2014-05,9.5,A,F,
M,TR,368,0,,From 20 May 2010 onwards: 1 week official repo rate; from 20 Feb 2002 to 19 May 2010: Central Bank overnight borrowing rate.,4,Central Bank of the Republic of Turkey,This rate can be considered the official policy rate as from 20 May 2010.  http://www.tcmb.gov.tr/wps/wcm/connect/en/tcmb+en/main+menu/announcements/press+releases/2018/ano2018-21, Central bank policy rates - Türkiye - Monthly - End of period,2014-06,8.75,A,F,
M,TR,368,0,,From 20 May 2010 onwards: 1 week official repo rate; from 20 Feb 2002 to 19 May 2010: Central Bank overnight borrowing rate.,4,Central Bank of the Republic of Turkey,This rate can be considered the official policy rate as from 20 May 2010.  http://www.tcmb.gov.tr/wps/wcm/connect/en/tcmb+en/main+menu/announcements/press+releases/2018/ano2018-21, Central bank policy rates - Türkiye - Monthly - End of period,2014-07,8.25,A,F,
M,TR,368,0,,From 20 May 2010 onwards: 1 week official repo rate; from 20 Feb 2002 to 19 May 2010: Central Bank overnight borrowing rate.,4,Central Bank of the Republic of Turkey,This rate can be considered the official policy rate as from 20 May 2010.  http://www.tcmb.gov.tr/wps/wcm/connect/en/tcmb+en/main+menu/announcements/press+releases/2018/ano2018-21, Central bank policy rates - Türkiye - Monthly - End of period,2014-08,8.25,A,F,
M,TR,368,0,,From 20 May 2010 onwards: 1 week official repo rate; from 20 Feb 2002 to 19 May 2010: Central Bank overnight borrowing rate.,4,Central Bank of the Republic of Turkey,This rate can be considered the official policy rate as from 20 May 2010.  http://www.tcmb.gov.tr/wps/wcm/connect/en/tcmb+en/main+menu/announcements/press+releases/2018/ano2018-21, Central bank policy rates - Türkiye - Monthly - End of period,2014-09,8.25,A,F,
M,TR,368,0,,From 20 May 2010 onwards: 1 week official repo rate; from 20 Feb 2002 to 19 May 2010: Central Bank overnight borrowing rate.,4,Central Bank of the Republic of Turkey,This rate can be considered the official policy rate as from 20 May 2010.  http://www.tcmb.gov.tr/wps/wcm/connect/en/tcmb+en/main+menu/announcements/press+releases/2018/ano2018-21, Central bank policy rates - Türkiye - Monthly - End of period,2014-10,8.25,A,F,
M,TR,368,0,,From 20 May 2010 onwards: 1 week official repo rate; from 20 Feb 2002 to 19 May 2010: Central Bank overnight borrowing rate.,4,Central Bank of the Republic of Turkey,This rate can be considered the official policy rate as from 20 May 2010.  http://www.tcmb.gov.tr/wps/wcm/connect/en/tcmb+en/main+menu/announcements/press+releases/2018/ano2018-21, Central bank policy rates - Türkiye - Monthly - End of period,2014-11,8.25,A,F,
M,TR,368,0,,From 20 May 2010 onwards: 1 week official repo rate; from 20 Feb 2002 to 19 May 2010: Central Bank overnight borrowing rate.,4,Central Bank of the Republic of Turkey,This rate can be considered the official policy rate as from 20 May 2010.  http://www.tcmb.gov.tr/wps/wcm/connect/en/tcmb+en/main+menu/announcements/press+releases/2018/ano2018-21, Central bank policy rates - Türkiye - Monthly - End of period,2014-12,8.25,A,F,
M,TR,368,0,,From 20 May 2010 onwards: 1 week official repo rate; from 20 Feb 2002 to 19 May 2010: Central Bank overnight borrowing rate.,4,Central Bank of the Republic of Turkey,This rate can be considered the official policy rate as from 20 May 2010.  http://www.tcmb.gov.tr/wps/wcm/connect/en/tcmb+en/main+menu/announcements/press+releases/2018/ano2018-21, Central bank policy rates - Türkiye - Monthly - End of period,2015-01,7.75,A,F,
M,TR,368,0,,From 20 May 2010 onwards: 1 week official repo rate; from 20 Feb 2002 to 19 May 2010: Central Bank overnight borrowing rate.,4,Central Bank of the Republic of Turkey,This rate can be considered the official policy rate as from 20 May 2010.  http://www.tcmb.gov.tr/wps/wcm/connect/en/tcmb+en/main+menu/announcements/press+releases/2018/ano2018-21, Central bank policy rates - Türkiye - Monthly - End of period,2015-02,7.5,A,F,
M,TR,368,0,,From 20 May 2010 onwards: 1 week official repo rate; from 20 Feb 2002 to 19 May 2010: Central Bank overnight borrowing rate.,4,Central Bank of the Republic of Turkey,This rate can be considered the official policy rate as from 20 May 2010.  http://www.tcmb.gov.tr/wps/wcm/connect/en/tcmb+en/main+menu/announcements/press+releases/2018/ano2018-21, Central bank policy rates - Türkiye - Monthly - End of period,2015-03,7.5,A,F,
M,TR,368,0,,From 20 May 2010 onwards: 1 week official repo rate; from 20 Feb 2002 to 19 May 2010: Central Bank overnight borrowing rate.,4,Central Bank of the Republic of Turkey,This rate can be considered the official policy rate as from 20 May 2010.  http://www.tcmb.gov.tr/wps/wcm/connect/en/tcmb+en/main+menu/announcements/press+releases/2018/ano2018-21, Central bank policy rates - Türkiye - Monthly - End of period,2015-04,7.5,A,F,
M,TR,368,0,,From 20 May 2010 onwards: 1 week official repo rate; from 20 Feb 2002 to 19 May 2010: Central Bank overnight borrowing rate.,4,Central Bank of the Republic of Turkey,This rate can be considered the official policy rate as from 20 May 2010.  http://www.tcmb.gov.tr/wps/wcm/connect/en/tcmb+en/main+menu/announcements/press+releases/2018/ano2018-21, Central bank policy rates - Türkiye - Monthly - End of period,2015-05,7.5,A,F,
M,TR,368,0,,From 20 May 2010 onwards: 1 week official repo rate; from 20 Feb 2002 to 19 May 2010: Central Bank overnight borrowing rate.,4,Central Bank of the Republic of Turkey,This rate can be considered the official policy rate as from 20 May 2010.  http://www.tcmb.gov.tr/wps/wcm/connect/en/tcmb+en/main+menu/announcements/press+releases/2018/ano2018-21, Central bank policy rates - Türkiye - Monthly - End of period,2015-06,7.5,A,F,
M,TR,368,0,,From 20 May 2010 onwards: 1 week official repo rate; from 20 Feb 2002 to 19 May 2010: Central Bank overnight borrowing rate.,4,Central Bank of the Republic of Turkey,This rate can be considered the official policy rate as from 20 May 2010.  http://www.tcmb.gov.tr/wps/wcm/connect/en/tcmb+en/main+menu/announcements/press+releases/2018/ano2018-21, Central bank policy rates - Türkiye - Monthly - End of period,2015-07,7.5,A,F,
M,TR,368,0,,From 20 May 2010 onwards: 1 week official repo rate; from 20 Feb 2002 to 19 May 2010: Central Bank overnight borrowing rate.,4,Central Bank of the Republic of Turkey,This rate can be considered the official policy rate as from 20 May 2010.  http://www.tcmb.gov.tr/wps/wcm/connect/en/tcmb+en/main+menu/announcements/press+releases/2018/ano2018-21, Central bank policy rates - Türkiye - Monthly - End of period,2015-08,7.5,A,F,
M,TR,368,0,,From 20 May 2010 onwards: 1 week official repo rate; from 20 Feb 2002 to 19 May 2010: Central Bank overnight borrowing rate.,4,Central Bank of the Republic of Turkey,This rate can be considered the official policy rate as from 20 May 2010.  http://www.tcmb.gov.tr/wps/wcm/connect/en/tcmb+en/main+menu/announcements/press+releases/2018/ano2018-21, Central bank policy rates - Türkiye - Monthly - End of period,2015-09,7.5,A,F,
M,TR,368,0,,From 20 May 2010 onwards: 1 week official repo rate; from 20 Feb 2002 to 19 May 2010: Central Bank overnight borrowing rate.,4,Central Bank of the Republic of Turkey,This rate can be considered the official policy rate as from 20 May 2010.  http://www.tcmb.gov.tr/wps/wcm/connect/en/tcmb+en/main+menu/announcements/press+releases/2018/ano2018-21, Central bank policy rates - Türkiye - Monthly - End of period,2015-10,7.5,A,F,
M,TR,368,0,,From 20 May 2010 onwards: 1 week official repo rate; from 20 Feb 2002 to 19 May 2010: Central Bank overnight borrowing rate.,4,Central Bank of the Republic of Turkey,This rate can be considered the official policy rate as from 20 May 2010.  http://www.tcmb.gov.tr/wps/wcm/connect/en/tcmb+en/main+menu/announcements/press+releases/2018/ano2018-21, Central bank policy rates - Türkiye - Monthly - End of period,2015-11,7.5,A,F,
M,TR,368,0,,From 20 May 2010 onwards: 1 week official repo rate; from 20 Feb 2002 to 19 May 2010: Central Bank overnight borrowing rate.,4,Central Bank of the Republic of Turkey,This rate can be considered the official policy rate as from 20 May 2010.  http://www.tcmb.gov.tr/wps/wcm/connect/en/tcmb+en/main+menu/announcements/press+releases/2018/ano2018-21, Central bank policy rates - Türkiye - Monthly - End of period,2015-12,7.5,A,F,
M,TR,368,0,,From 20 May 2010 onwards: 1 week official repo rate; from 20 Feb 2002 to 19 May 2010: Central Bank overnight borrowing rate.,4,Central Bank of the Republic of Turkey,This rate can be considered the official policy rate as from 20 May 2010.  http://www.tcmb.gov.tr/wps/wcm/connect/en/tcmb+en/main+menu/announcements/press+releases/2018/ano2018-21, Central bank policy rates - Türkiye - Monthly - End of period,2016-01,7.5,A,F,
M,TR,368,0,,From 20 May 2010 onwards: 1 week official repo rate; from 20 Feb 2002 to 19 May 2010: Central Bank overnight borrowing rate.,4,Central Bank of the Republic of Turkey,This rate can be considered the official policy rate as from 20 May 2010.  http://www.tcmb.gov.tr/wps/wcm/connect/en/tcmb+en/main+menu/announcements/press+releases/2018/ano2018-21, Central bank policy rates - Türkiye - Monthly - End of period,2016-02,7.5,A,F,
M,TR,368,0,,From 20 May 2010 onwards: 1 week official repo rate; from 20 Feb 2002 to 19 May 2010: Central Bank overnight borrowing rate.,4,Central Bank of the Republic of Turkey,This rate can be considered the official policy rate as from 20 May 2010.  http://www.tcmb.gov.tr/wps/wcm/connect/en/tcmb+en/main+menu/announcements/press+releases/2018/ano2018-21, Central bank policy rates - Türkiye - Monthly - End of period,2016-03,7.5,A,F,
M,TR,368,0,,From 20 May 2010 onwards: 1 week official repo rate; from 20 Feb 2002 to 19 May 2010: Central Bank overnight borrowing rate.,4,Central Bank of the Republic of Turkey,This rate can be considered the official policy rate as from 20 May 2010.  http://www.tcmb.gov.tr/wps/wcm/connect/en/tcmb+en/main+menu/announcements/press+releases/2018/ano2018-21, Central bank policy rates - Türkiye - Monthly - End of period,2016-04,7.5,A,F,
M,TR,368,0,,From 20 May 2010 onwards: 1 week official repo rate; from 20 Feb 2002 to 19 May 2010: Central Bank overnight borrowing rate.,4,Central Bank of the Republic of Turkey,This rate can be considered the official policy rate as from 20 May 2010.  http://www.tcmb.gov.tr/wps/wcm/connect/en/tcmb+en/main+menu/announcements/press+releases/2018/ano2018-21, Central bank policy rates - Türkiye - Monthly - End of period,2016-05,7.5,A,F,
M,TR,368,0,,From 20 May 2010 onwards: 1 week official repo rate; from 20 Feb 2002 to 19 May 2010: Central Bank overnight borrowing rate.,4,Central Bank of the Republic of Turkey,This rate can be considered the official policy rate as from 20 May 2010.  http://www.tcmb.gov.tr/wps/wcm/connect/en/tcmb+en/main+menu/announcements/press+releases/2018/ano2018-21, Central bank policy rates - Türkiye - Monthly - End of period,2016-06,7.5,A,F,
M,TR,368,0,,From 20 May 2010 onwards: 1 week official repo rate; from 20 Feb 2002 to 19 May 2010: Central Bank overnight borrowing rate.,4,Central Bank of the Republic of Turkey,This rate can be considered the official policy rate as from 20 May 2010.  http://www.tcmb.gov.tr/wps/wcm/connect/en/tcmb+en/main+menu/announcements/press+releases/2018/ano2018-21, Central bank policy rates - Türkiye - Monthly - End of period,2016-07,7.5,A,F,
M,TR,368,0,,From 20 May 2010 onwards: 1 week official repo rate; from 20 Feb 2002 to 19 May 2010: Central Bank overnight borrowing rate.,4,Central Bank of the Republic of Turkey,This rate can be considered the official policy rate as from 20 May 2010.  http://www.tcmb.gov.tr/wps/wcm/connect/en/tcmb+en/main+menu/announcements/press+releases/2018/ano2018-21, Central bank policy rates - Türkiye - Monthly - End of period,2016-08,7.5,A,F,
M,TR,368,0,,From 20 May 2010 onwards: 1 week official repo rate; from 20 Feb 2002 to 19 May 2010: Central Bank overnight borrowing rate.,4,Central Bank of the Republic of Turkey,This rate can be considered the official policy rate as from 20 May 2010.  http://www.tcmb.gov.tr/wps/wcm/connect/en/tcmb+en/main+menu/announcements/press+releases/2018/ano2018-21, Central bank policy rates - Türkiye - Monthly - End of period,2016-09,7.5,A,F,
M,TR,368,0,,From 20 May 2010 onwards: 1 week official repo rate; from 20 Feb 2002 to 19 May 2010: Central Bank overnight borrowing rate.,4,Central Bank of the Republic of Turkey,This rate can be considered the official policy rate as from 20 May 2010.  http://www.tcmb.gov.tr/wps/wcm/connect/en/tcmb+en/main+menu/announcements/press+releases/2018/ano2018-21, Central bank policy rates - Türkiye - Monthly - End of period,2016-10,7.5,A,F,
M,TR,368,0,,From 20 May 2010 onwards: 1 week official repo rate; from 20 Feb 2002 to 19 May 2010: Central Bank overnight borrowing rate.,4,Central Bank of the Republic of Turkey,This rate can be considered the official policy rate as from 20 May 2010.  http://www.tcmb.gov.tr/wps/wcm/connect/en/tcmb+en/main+menu/announcements/press+releases/2018/ano2018-21, Central bank policy rates - Türkiye - Monthly - End of period,2016-11,8,A,F,
M,TR,368,0,,From 20 May 2010 onwards: 1 week official repo rate; from 20 Feb 2002 to 19 May 2010: Central Bank overnight borrowing rate.,4,Central Bank of the Republic of Turkey,This rate can be considered the official policy rate as from 20 May 2010.  http://www.tcmb.gov.tr/wps/wcm/connect/en/tcmb+en/main+menu/announcements/press+releases/2018/ano2018-21, Central bank policy rates - Türkiye - Monthly - End of period,2016-12,8,A,F,
M,TR,368,0,,From 20 May 2010 onwards: 1 week official repo rate; from 20 Feb 2002 to 19 May 2010: Central Bank overnight borrowing rate.,4,Central Bank of the Republic of Turkey,This rate can be considered the official policy rate as from 20 May 2010.  http://www.tcmb.gov.tr/wps/wcm/connect/en/tcmb+en/main+menu/announcements/press+releases/2018/ano2018-21, Central bank policy rates - Türkiye - Monthly - End of period,2017-01,8,A,F,
M,TR,368,0,,From 20 May 2010 onwards: 1 week official repo rate; from 20 Feb 2002 to 19 May 2010: Central Bank overnight borrowing rate.,4,Central Bank of the Republic of Turkey,This rate can be considered the official policy rate as from 20 May 2010.  http://www.tcmb.gov.tr/wps/wcm/connect/en/tcmb+en/main+menu/announcements/press+releases/2018/ano2018-21, Central bank policy rates - Türkiye - Monthly - End of period,2017-02,8,A,F,
M,TR,368,0,,From 20 May 2010 onwards: 1 week official repo rate; from 20 Feb 2002 to 19 May 2010: Central Bank overnight borrowing rate.,4,Central Bank of the Republic of Turkey,This rate can be considered the official policy rate as from 20 May 2010.  http://www.tcmb.gov.tr/wps/wcm/connect/en/tcmb+en/main+menu/announcements/press+releases/2018/ano2018-21, Central bank policy rates - Türkiye - Monthly - End of period,2017-03,8,A,F,
M,TR,368,0,,From 20 May 2010 onwards: 1 week official repo rate; from 20 Feb 2002 to 19 May 2010: Central Bank overnight borrowing rate.,4,Central Bank of the Republic of Turkey,This rate can be considered the official policy rate as from 20 May 2010.  http://www.tcmb.gov.tr/wps/wcm/connect/en/tcmb+en/main+menu/announcements/press+releases/2018/ano2018-21, Central bank policy rates - Türkiye - Monthly - End of period,2017-04,8,A,F,
M,TR,368,0,,From 20 May 2010 onwards: 1 week official repo rate; from 20 Feb 2002 to 19 May 2010: Central Bank overnight borrowing rate.,4,Central Bank of the Republic of Turkey,This rate can be considered the official policy rate as from 20 May 2010.  http://www.tcmb.gov.tr/wps/wcm/connect/en/tcmb+en/main+menu/announcements/press+releases/2018/ano2018-21, Central bank policy rates - Türkiye - Monthly - End of period,2017-05,8,A,F,
M,TR,368,0,,From 20 May 2010 onwards: 1 week official repo rate; from 20 Feb 2002 to 19 May 2010: Central Bank overnight borrowing rate.,4,Central Bank of the Republic of Turkey,This rate can be considered the official policy rate as from 20 May 2010.  http://www.tcmb.gov.tr/wps/wcm/connect/en/tcmb+en/main+menu/announcements/press+releases/2018/ano2018-21, Central bank policy rates - Türkiye - Monthly - End of period,2017-06,8,A,F,
M,TR,368,0,,From 20 May 2010 onwards: 1 week official repo rate; from 20 Feb 2002 to 19 May 2010: Central Bank overnight borrowing rate.,4,Central Bank of the Republic of Turkey,This rate can be considered the official policy rate as from 20 May 2010.  http://www.tcmb.gov.tr/wps/wcm/connect/en/tcmb+en/main+menu/announcements/press+releases/2018/ano2018-21, Central bank policy rates - Türkiye - Monthly - End of period,2017-07,8,A,F,
M,TR,368,0,,From 20 May 2010 onwards: 1 week official repo rate; from 20 Feb 2002 to 19 May 2010: Central Bank overnight borrowing rate.,4,Central Bank of the Republic of Turkey,This rate can be considered the official policy rate as from 20 May 2010.  http://www.tcmb.gov.tr/wps/wcm/connect/en/tcmb+en/main+menu/announcements/press+releases/2018/ano2018-21, Central bank policy rates - Türkiye - Monthly - End of period,2017-08,8,A,F,
M,TR,368,0,,From 20 May 2010 onwards: 1 week official repo rate; from 20 Feb 2002 to 19 May 2010: Central Bank overnight borrowing rate.,4,Central Bank of the Republic of Turkey,This rate can be considered the official policy rate as from 20 May 2010.  http://www.tcmb.gov.tr/wps/wcm/connect/en/tcmb+en/main+menu/announcements/press+releases/2018/ano2018-21, Central bank policy rates - Türkiye - Monthly - End of period,2017-09,8,A,F,
M,TR,368,0,,From 20 May 2010 onwards: 1 week official repo rate; from 20 Feb 2002 to 19 May 2010: Central Bank overnight borrowing rate.,4,Central Bank of the Republic of Turkey,This rate can be considered the official policy rate as from 20 May 2010.  http://www.tcmb.gov.tr/wps/wcm/connect/en/tcmb+en/main+menu/announcements/press+releases/2018/ano2018-21, Central bank policy rates - Türkiye - Monthly - End of period,2017-10,8,A,F,
M,TR,368,0,,From 20 May 2010 onwards: 1 week official repo rate; from 20 Feb 2002 to 19 May 2010: Central Bank overnight borrowing rate.,4,Central Bank of the Republic of Turkey,This rate can be considered the official policy rate as from 20 May 2010.  http://www.tcmb.gov.tr/wps/wcm/connect/en/tcmb+en/main+menu/announcements/press+releases/2018/ano2018-21, Central bank policy rates - Türkiye - Monthly - End of period,2017-11,8,A,F,
M,TR,368,0,,From 20 May 2010 onwards: 1 week official repo rate; from 20 Feb 2002 to 19 May 2010: Central Bank overnight borrowing rate.,4,Central Bank of the Republic of Turkey,This rate can be considered the official policy rate as from 20 May 2010.  http://www.tcmb.gov.tr/wps/wcm/connect/en/tcmb+en/main+menu/announcements/press+releases/2018/ano2018-21, Central bank policy rates - Türkiye - Monthly - End of period,2017-12,8,A,F,
M,TR,368,0,,From 20 May 2010 onwards: 1 week official repo rate; from 20 Feb 2002 to 19 May 2010: Central Bank overnight borrowing rate.,4,Central Bank of the Republic of Turkey,This rate can be considered the official policy rate as from 20 May 2010.  http://www.tcmb.gov.tr/wps/wcm/connect/en/tcmb+en/main+menu/announcements/press+releases/2018/ano2018-21, Central bank policy rates - Türkiye - Monthly - End of period,2018-01,8,A,F,
M,TR,368,0,,From 20 May 2010 onwards: 1 week official repo rate; from 20 Feb 2002 to 19 May 2010: Central Bank overnight borrowing rate.,4,Central Bank of the Republic of Turkey,This rate can be considered the official policy rate as from 20 May 2010.  http://www.tcmb.gov.tr/wps/wcm/connect/en/tcmb+en/main+menu/announcements/press+releases/2018/ano2018-21, Central bank policy rates - Türkiye - Monthly - End of period,2018-02,8,A,F,
M,TR,368,0,,From 20 May 2010 onwards: 1 week official repo rate; from 20 Feb 2002 to 19 May 2010: Central Bank overnight borrowing rate.,4,Central Bank of the Republic of Turkey,This rate can be considered the official policy rate as from 20 May 2010.  http://www.tcmb.gov.tr/wps/wcm/connect/en/tcmb+en/main+menu/announcements/press+releases/2018/ano2018-21, Central bank policy rates - Türkiye - Monthly - End of period,2018-03,8,A,F,
M,TR,368,0,,From 20 May 2010 onwards: 1 week official repo rate; from 20 Feb 2002 to 19 May 2010: Central Bank overnight borrowing rate.,4,Central Bank of the Republic of Turkey,This rate can be considered the official policy rate as from 20 May 2010.  http://www.tcmb.gov.tr/wps/wcm/connect/en/tcmb+en/main+menu/announcements/press+releases/2018/ano2018-21, Central bank policy rates - Türkiye - Monthly - End of period,2018-04,8,A,F,
M,TR,368,0,,From 20 May 2010 onwards: 1 week official repo rate; from 20 Feb 2002 to 19 May 2010: Central Bank overnight borrowing rate.,4,Central Bank of the Republic of Turkey,This rate can be considered the official policy rate as from 20 May 2010.  http://www.tcmb.gov.tr/wps/wcm/connect/en/tcmb+en/main+menu/announcements/press+releases/2018/ano2018-21, Central bank policy rates - Türkiye - Monthly - End of period,2018-05,8,A,F,
M,TR,368,0,,From 20 May 2010 onwards: 1 week official repo rate; from 20 Feb 2002 to 19 May 2010: Central Bank overnight borrowing rate.,4,Central Bank of the Republic of Turkey,This rate can be considered the official policy rate as from 20 May 2010.  http://www.tcmb.gov.tr/wps/wcm/connect/en/tcmb+en/main+menu/announcements/press+releases/2018/ano2018-21, Central bank policy rates - Türkiye - Monthly - End of period,2018-06,17.75,A,F,
M,TR,368,0,,From 20 May 2010 onwards: 1 week official repo rate; from 20 Feb 2002 to 19 May 2010: Central Bank overnight borrowing rate.,4,Central Bank of the Republic of Turkey,This rate can be considered the official policy rate as from 20 May 2010.  http://www.tcmb.gov.tr/wps/wcm/connect/en/tcmb+en/main+menu/announcements/press+releases/2018/ano2018-21, Central bank policy rates - Türkiye - Monthly - End of period,2018-07,17.75,A,F,
M,TR,368,0,,From 20 May 2010 onwards: 1 week official repo rate; from 20 Feb 2002 to 19 May 2010: Central Bank overnight borrowing rate.,4,Central Bank of the Republic of Turkey,This rate can be considered the official policy rate as from 20 May 2010.  http://www.tcmb.gov.tr/wps/wcm/connect/en/tcmb+en/main+menu/announcements/press+releases/2018/ano2018-21, Central bank policy rates - Türkiye - Monthly - End of period,2018-08,17.75,A,F,
M,TR,368,0,,From 20 May 2010 onwards: 1 week official repo rate; from 20 Feb 2002 to 19 May 2010: Central Bank overnight borrowing rate.,4,Central Bank of the Republic of Turkey,This rate can be considered the official policy rate as from 20 May 2010.  http://www.tcmb.gov.tr/wps/wcm/connect/en/tcmb+en/main+menu/announcements/press+releases/2018/ano2018-21, Central bank policy rates - Türkiye - Monthly - End of period,2018-09,24,A,F,
M,TR,368,0,,From 20 May 2010 onwards: 1 week official repo rate; from 20 Feb 2002 to 19 May 2010: Central Bank overnight borrowing rate.,4,Central Bank of the Republic of Turkey,This rate can be considered the official policy rate as from 20 May 2010.  http://www.tcmb.gov.tr/wps/wcm/connect/en/tcmb+en/main+menu/announcements/press+releases/2018/ano2018-21, Central bank policy rates - Türkiye - Monthly - End of period,2018-10,24,A,F,
M,TR,368,0,,From 20 May 2010 onwards: 1 week official repo rate; from 20 Feb 2002 to 19 May 2010: Central Bank overnight borrowing rate.,4,Central Bank of the Republic of Turkey,This rate can be considered the official policy rate as from 20 May 2010.  http://www.tcmb.gov.tr/wps/wcm/connect/en/tcmb+en/main+menu/announcements/press+releases/2018/ano2018-21, Central bank policy rates - Türkiye - Monthly - End of period,2018-11,24,A,F,
M,TR,368,0,,From 20 May 2010 onwards: 1 week official repo rate; from 20 Feb 2002 to 19 May 2010: Central Bank overnight borrowing rate.,4,Central Bank of the Republic of Turkey,This rate can be considered the official policy rate as from 20 May 2010.  http://www.tcmb.gov.tr/wps/wcm/connect/en/tcmb+en/main+menu/announcements/press+releases/2018/ano2018-21, Central bank policy rates - Türkiye - Monthly - End of period,2018-12,24,A,F,
M,TR,368,0,,From 20 May 2010 onwards: 1 week official repo rate; from 20 Feb 2002 to 19 May 2010: Central Bank overnight borrowing rate.,4,Central Bank of the Republic of Turkey,This rate can be considered the official policy rate as from 20 May 2010.  http://www.tcmb.gov.tr/wps/wcm/connect/en/tcmb+en/main+menu/announcements/press+releases/2018/ano2018-21, Central bank policy rates - Türkiye - Monthly - End of period,2019-01,24,A,F,
M,TR,368,0,,From 20 May 2010 onwards: 1 week official repo rate; from 20 Feb 2002 to 19 May 2010: Central Bank overnight borrowing rate.,4,Central Bank of the Republic of Turkey,This rate can be considered the official policy rate as from 20 May 2010.  http://www.tcmb.gov.tr/wps/wcm/connect/en/tcmb+en/main+menu/announcements/press+releases/2018/ano2018-21, Central bank policy rates - Türkiye - Monthly - End of period,2019-02,24,A,F,
M,TR,368,0,,From 20 May 2010 onwards: 1 week official repo rate; from 20 Feb 2002 to 19 May 2010: Central Bank overnight borrowing rate.,4,Central Bank of the Republic of Turkey,This rate can be considered the official policy rate as from 20 May 2010.  http://www.tcmb.gov.tr/wps/wcm/connect/en/tcmb+en/main+menu/announcements/press+releases/2018/ano2018-21, Central bank policy rates - Türkiye - Monthly - End of period,2019-03,24,A,F,
M,TR,368,0,,From 20 May 2010 onwards: 1 week official repo rate; from 20 Feb 2002 to 19 May 2010: Central Bank overnight borrowing rate.,4,Central Bank of the Republic of Turkey,This rate can be considered the official policy rate as from 20 May 2010.  http://www.tcmb.gov.tr/wps/wcm/connect/en/tcmb+en/main+menu/announcements/press+releases/2018/ano2018-21, Central bank policy rates - Türkiye - Monthly - End of period,2019-04,24,A,F,
M,TR,368,0,,From 20 May 2010 onwards: 1 week official repo rate; from 20 Feb 2002 to 19 May 2010: Central Bank overnight borrowing rate.,4,Central Bank of the Republic of Turkey,This rate can be considered the official policy rate as from 20 May 2010.  http://www.tcmb.gov.tr/wps/wcm/connect/en/tcmb+en/main+menu/announcements/press+releases/2018/ano2018-21, Central bank policy rates - Türkiye - Monthly - End of period,2019-05,24,A,F,
M,TR,368,0,,From 20 May 2010 onwards: 1 week official repo rate; from 20 Feb 2002 to 19 May 2010: Central Bank overnight borrowing rate.,4,Central Bank of the Republic of Turkey,This rate can be considered the official policy rate as from 20 May 2010.  http://www.tcmb.gov.tr/wps/wcm/connect/en/tcmb+en/main+menu/announcements/press+releases/2018/ano2018-21, Central bank policy rates - Türkiye - Monthly - End of period,2019-06,24,A,F,
M,TR,368,0,,From 20 May 2010 onwards: 1 week official repo rate; from 20 Feb 2002 to 19 May 2010: Central Bank overnight borrowing rate.,4,Central Bank of the Republic of Turkey,This rate can be considered the official policy rate as from 20 May 2010.  http://www.tcmb.gov.tr/wps/wcm/connect/en/tcmb+en/main+menu/announcements/press+releases/2018/ano2018-21, Central bank policy rates - Türkiye - Monthly - End of period,2019-07,19.75,A,F,
M,TR,368,0,,From 20 May 2010 onwards: 1 week official repo rate; from 20 Feb 2002 to 19 May 2010: Central Bank overnight borrowing rate.,4,Central Bank of the Republic of Turkey,This rate can be considered the official policy rate as from 20 May 2010.  http://www.tcmb.gov.tr/wps/wcm/connect/en/tcmb+en/main+menu/announcements/press+releases/2018/ano2018-21, Central bank policy rates - Türkiye - Monthly - End of period,2019-08,19.75,A,F,
M,TR,368,0,,From 20 May 2010 onwards: 1 week official repo rate; from 20 Feb 2002 to 19 May 2010: Central Bank overnight borrowing rate.,4,Central Bank of the Republic of Turkey,This rate can be considered the official policy rate as from 20 May 2010.  http://www.tcmb.gov.tr/wps/wcm/connect/en/tcmb+en/main+menu/announcements/press+releases/2018/ano2018-21, Central bank policy rates - Türkiye - Monthly - End of period,2019-09,16.5,A,F,
M,TR,368,0,,From 20 May 2010 onwards: 1 week official repo rate; from 20 Feb 2002 to 19 May 2010: Central Bank overnight borrowing rate.,4,Central Bank of the Republic of Turkey,This rate can be considered the official policy rate as from 20 May 2010.  http://www.tcmb.gov.tr/wps/wcm/connect/en/tcmb+en/main+menu/announcements/press+releases/2018/ano2018-21, Central bank policy rates - Türkiye - Monthly - End of period,2019-10,14,A,F,
M,TR,368,0,,From 20 May 2010 onwards: 1 week official repo rate; from 20 Feb 2002 to 19 May 2010: Central Bank overnight borrowing rate.,4,Central Bank of the Republic of Turkey,This rate can be considered the official policy rate as from 20 May 2010.  http://www.tcmb.gov.tr/wps/wcm/connect/en/tcmb+en/main+menu/announcements/press+releases/2018/ano2018-21, Central bank policy rates - Türkiye - Monthly - End of period,2019-11,14,A,F,
M,TR,368,0,,From 20 May 2010 onwards: 1 week official repo rate; from 20 Feb 2002 to 19 May 2010: Central Bank overnight borrowing rate.,4,Central Bank of the Republic of Turkey,This rate can be considered the official policy rate as from 20 May 2010.  http://www.tcmb.gov.tr/wps/wcm/connect/en/tcmb+en/main+menu/announcements/press+releases/2018/ano2018-21, Central bank policy rates - Türkiye - Monthly - End of period,2019-12,12,A,F,
M,TR,368,0,,From 20 May 2010 onwards: 1 week official repo rate; from 20 Feb 2002 to 19 May 2010: Central Bank overnight borrowing rate.,4,Central Bank of the Republic of Turkey,This rate can be considered the official policy rate as from 20 May 2010.  http://www.tcmb.gov.tr/wps/wcm/connect/en/tcmb+en/main+menu/announcements/press+releases/2018/ano2018-21, Central bank policy rates - Türkiye - Monthly - End of period,2020-01,11.25,A,F,
M,TR,368,0,,From 20 May 2010 onwards: 1 week official repo rate; from 20 Feb 2002 to 19 May 2010: Central Bank overnight borrowing rate.,4,Central Bank of the Republic of Turkey,This rate can be considered the official policy rate as from 20 May 2010.  http://www.tcmb.gov.tr/wps/wcm/connect/en/tcmb+en/main+menu/announcements/press+releases/2018/ano2018-21, Central bank policy rates - Türkiye - Monthly - End of period,2020-02,10.75,A,F,
M,TR,368,0,,From 20 May 2010 onwards: 1 week official repo rate; from 20 Feb 2002 to 19 May 2010: Central Bank overnight borrowing rate.,4,Central Bank of the Republic of Turkey,This rate can be considered the official policy rate as from 20 May 2010.  http://www.tcmb.gov.tr/wps/wcm/connect/en/tcmb+en/main+menu/announcements/press+releases/2018/ano2018-21, Central bank policy rates - Türkiye - Monthly - End of period,2020-03,9.75,A,F,
M,TR,368,0,,From 20 May 2010 onwards: 1 week official repo rate; from 20 Feb 2002 to 19 May 2010: Central Bank overnight borrowing rate.,4,Central Bank of the Republic of Turkey,This rate can be considered the official policy rate as from 20 May 2010.  http://www.tcmb.gov.tr/wps/wcm/connect/en/tcmb+en/main+menu/announcements/press+releases/2018/ano2018-21, Central bank policy rates - Türkiye - Monthly - End of period,2020-04,8.75,A,F,
M,TR,368,0,,From 20 May 2010 onwards: 1 week official repo rate; from 20 Feb 2002 to 19 May 2010: Central Bank overnight borrowing rate.,4,Central Bank of the Republic of Turkey,This rate can be considered the official policy rate as from 20 May 2010.  http://www.tcmb.gov.tr/wps/wcm/connect/en/tcmb+en/main+menu/announcements/press+releases/2018/ano2018-21, Central bank policy rates - Türkiye - Monthly - End of period,2020-05,8.25,A,F,
M,TR,368,0,,From 20 May 2010 onwards: 1 week official repo rate; from 20 Feb 2002 to 19 May 2010: Central Bank overnight borrowing rate.,4,Central Bank of the Republic of Turkey,This rate can be considered the official policy rate as from 20 May 2010.  http://www.tcmb.gov.tr/wps/wcm/connect/en/tcmb+en/main+menu/announcements/press+releases/2018/ano2018-21, Central bank policy rates - Türkiye - Monthly - End of period,2020-06,8.25,A,F,
M,TR,368,0,,From 20 May 2010 onwards: 1 week official repo rate; from 20 Feb 2002 to 19 May 2010: Central Bank overnight borrowing rate.,4,Central Bank of the Republic of Turkey,This rate can be considered the official policy rate as from 20 May 2010.  http://www.tcmb.gov.tr/wps/wcm/connect/en/tcmb+en/main+menu/announcements/press+releases/2018/ano2018-21, Central bank policy rates - Türkiye - Monthly - End of period,2020-07,8.25,A,F,
M,TR,368,0,,From 20 May 2010 onwards: 1 week official repo rate; from 20 Feb 2002 to 19 May 2010: Central Bank overnight borrowing rate.,4,Central Bank of the Republic of Turkey,This rate can be considered the official policy rate as from 20 May 2010.  http://www.tcmb.gov.tr/wps/wcm/connect/en/tcmb+en/main+menu/announcements/press+releases/2018/ano2018-21, Central bank policy rates - Türkiye - Monthly - End of period,2020-08,8.25,A,F,
M,TR,368,0,,From 20 May 2010 onwards: 1 week official repo rate; from 20 Feb 2002 to 19 May 2010: Central Bank overnight borrowing rate.,4,Central Bank of the Republic of Turkey,This rate can be considered the official policy rate as from 20 May 2010.  http://www.tcmb.gov.tr/wps/wcm/connect/en/tcmb+en/main+menu/announcements/press+releases/2018/ano2018-21, Central bank policy rates - Türkiye - Monthly - End of period,2020-09,10.25,A,F,
M,TR,368,0,,From 20 May 2010 onwards: 1 week official repo rate; from 20 Feb 2002 to 19 May 2010: Central Bank overnight borrowing rate.,4,Central Bank of the Republic of Turkey,This rate can be considered the official policy rate as from 20 May 2010.  http://www.tcmb.gov.tr/wps/wcm/connect/en/tcmb+en/main+menu/announcements/press+releases/2018/ano2018-21, Central bank policy rates - Türkiye - Monthly - End of period,2020-10,10.25,A,F,
M,TR,368,0,,From 20 May 2010 onwards: 1 week official repo rate; from 20 Feb 2002 to 19 May 2010: Central Bank overnight borrowing rate.,4,Central Bank of the Republic of Turkey,This rate can be considered the official policy rate as from 20 May 2010.  http://www.tcmb.gov.tr/wps/wcm/connect/en/tcmb+en/main+menu/announcements/press+releases/2018/ano2018-21, Central bank policy rates - Türkiye - Monthly - End of period,2020-11,15,A,F,
M,TR,368,0,,From 20 May 2010 onwards: 1 week official repo rate; from 20 Feb 2002 to 19 May 2010: Central Bank overnight borrowing rate.,4,Central Bank of the Republic of Turkey,This rate can be considered the official policy rate as from 20 May 2010.  http://www.tcmb.gov.tr/wps/wcm/connect/en/tcmb+en/main+menu/announcements/press+releases/2018/ano2018-21, Central bank policy rates - Türkiye - Monthly - End of period,2020-12,17,A,F,
M,TR,368,0,,From 20 May 2010 onwards: 1 week official repo rate; from 20 Feb 2002 to 19 May 2010: Central Bank overnight borrowing rate.,4,Central Bank of the Republic of Turkey,This rate can be considered the official policy rate as from 20 May 2010.  http://www.tcmb.gov.tr/wps/wcm/connect/en/tcmb+en/main+menu/announcements/press+releases/2018/ano2018-21, Central bank policy rates - Türkiye - Monthly - End of period,2021-01,17,A,F,
M,TR,368,0,,From 20 May 2010 onwards: 1 week official repo rate; from 20 Feb 2002 to 19 May 2010: Central Bank overnight borrowing rate.,4,Central Bank of the Republic of Turkey,This rate can be considered the official policy rate as from 20 May 2010.  http://www.tcmb.gov.tr/wps/wcm/connect/en/tcmb+en/main+menu/announcements/press+releases/2018/ano2018-21, Central bank policy rates - Türkiye - Monthly - End of period,2021-02,17,A,F,
M,TR,368,0,,From 20 May 2010 onwards: 1 week official repo rate; from 20 Feb 2002 to 19 May 2010: Central Bank overnight borrowing rate.,4,Central Bank of the Republic of Turkey,This rate can be considered the official policy rate as from 20 May 2010.  http://www.tcmb.gov.tr/wps/wcm/connect/en/tcmb+en/main+menu/announcements/press+releases/2018/ano2018-21, Central bank policy rates - Türkiye - Monthly - End of period,2021-03,19,A,F,
M,TR,368,0,,From 20 May 2010 onwards: 1 week official repo rate; from 20 Feb 2002 to 19 May 2010: Central Bank overnight borrowing rate.,4,Central Bank of the Republic of Turkey,This rate can be considered the official policy rate as from 20 May 2010.  http://www.tcmb.gov.tr/wps/wcm/connect/en/tcmb+en/main+menu/announcements/press+releases/2018/ano2018-21, Central bank policy rates - Türkiye - Monthly - End of period,2021-04,19,A,F,
M,TR,368,0,,From 20 May 2010 onwards: 1 week official repo rate; from 20 Feb 2002 to 19 May 2010: Central Bank overnight borrowing rate.,4,Central Bank of the Republic of Turkey,This rate can be considered the official policy rate as from 20 May 2010.  http://www.tcmb.gov.tr/wps/wcm/connect/en/tcmb+en/main+menu/announcements/press+releases/2018/ano2018-21, Central bank policy rates - Türkiye - Monthly - End of period,2021-05,19,A,F,
M,TR,368,0,,From 20 May 2010 onwards: 1 week official repo rate; from 20 Feb 2002 to 19 May 2010: Central Bank overnight borrowing rate.,4,Central Bank of the Republic of Turkey,This rate can be considered the official policy rate as from 20 May 2010.  http://www.tcmb.gov.tr/wps/wcm/connect/en/tcmb+en/main+menu/announcements/press+releases/2018/ano2018-21, Central bank policy rates - Türkiye - Monthly - End of period,2021-06,19,A,F,
M,TR,368,0,,From 20 May 2010 onwards: 1 week official repo rate; from 20 Feb 2002 to 19 May 2010: Central Bank overnight borrowing rate.,4,Central Bank of the Republic of Turkey,This rate can be considered the official policy rate as from 20 May 2010.  http://www.tcmb.gov.tr/wps/wcm/connect/en/tcmb+en/main+menu/announcements/press+releases/2018/ano2018-21, Central bank policy rates - Türkiye - Monthly - End of period,2021-07,19,A,F,
M,TR,368,0,,From 20 May 2010 onwards: 1 week official repo rate; from 20 Feb 2002 to 19 May 2010: Central Bank overnight borrowing rate.,4,Central Bank of the Republic of Turkey,This rate can be considered the official policy rate as from 20 May 2010.  http://www.tcmb.gov.tr/wps/wcm/connect/en/tcmb+en/main+menu/announcements/press+releases/2018/ano2018-21, Central bank policy rates - Türkiye - Monthly - End of period,2021-08,19,A,F,
M,TR,368,0,,From 20 May 2010 onwards: 1 week official repo rate; from 20 Feb 2002 to 19 May 2010: Central Bank overnight borrowing rate.,4,Central Bank of the Republic of Turkey,This rate can be considered the official policy rate as from 20 May 2010.  http://www.tcmb.gov.tr/wps/wcm/connect/en/tcmb+en/main+menu/announcements/press+releases/2018/ano2018-21, Central bank policy rates - Türkiye - Monthly - End of period,2021-09,18,A,F,
M,TR,368,0,,From 20 May 2010 onwards: 1 week official repo rate; from 20 Feb 2002 to 19 May 2010: Central Bank overnight borrowing rate.,4,Central Bank of the Republic of Turkey,This rate can be considered the official policy rate as from 20 May 2010.  http://www.tcmb.gov.tr/wps/wcm/connect/en/tcmb+en/main+menu/announcements/press+releases/2018/ano2018-21, Central bank policy rates - Türkiye - Monthly - End of period,2021-10,16,A,F,
M,TR,368,0,,From 20 May 2010 onwards: 1 week official repo rate; from 20 Feb 2002 to 19 May 2010: Central Bank overnight borrowing rate.,4,Central Bank of the Republic of Turkey,This rate can be considered the official policy rate as from 20 May 2010.  http://www.tcmb.gov.tr/wps/wcm/connect/en/tcmb+en/main+menu/announcements/press+releases/2018/ano2018-21, Central bank policy rates - Türkiye - Monthly - End of period,2021-11,15,A,F,
M,TR,368,0,,From 20 May 2010 onwards: 1 week official repo rate; from 20 Feb 2002 to 19 May 2010: Central Bank overnight borrowing rate.,4,Central Bank of the Republic of Turkey,This rate can be considered the official policy rate as from 20 May 2010.  http://www.tcmb.gov.tr/wps/wcm/connect/en/tcmb+en/main+menu/announcements/press+releases/2018/ano2018-21, Central bank policy rates - Türkiye - Monthly - End of period,2021-12,14,A,F,
M,TR,368,0,,From 20 May 2010 onwards: 1 week official repo rate; from 20 Feb 2002 to 19 May 2010: Central Bank overnight borrowing rate.,4,Central Bank of the Republic of Turkey,This rate can be considered the official policy rate as from 20 May 2010.  http://www.tcmb.gov.tr/wps/wcm/connect/en/tcmb+en/main+menu/announcements/press+releases/2018/ano2018-21, Central bank policy rates - Türkiye - Monthly - End of period,2022-01,14,A,F,
M,TR,368,0,,From 20 May 2010 onwards: 1 week official repo rate; from 20 Feb 2002 to 19 May 2010: Central Bank overnight borrowing rate.,4,Central Bank of the Republic of Turkey,This rate can be considered the official policy rate as from 20 May 2010.  http://www.tcmb.gov.tr/wps/wcm/connect/en/tcmb+en/main+menu/announcements/press+releases/2018/ano2018-21, Central bank policy rates - Türkiye - Monthly - End of period,2022-02,14,A,F,
M,TR,368,0,,From 20 May 2010 onwards: 1 week official repo rate; from 20 Feb 2002 to 19 May 2010: Central Bank overnight borrowing rate.,4,Central Bank of the Republic of Turkey,This rate can be considered the official policy rate as from 20 May 2010.  http://www.tcmb.gov.tr/wps/wcm/connect/en/tcmb+en/main+menu/announcements/press+releases/2018/ano2018-21, Central bank policy rates - Türkiye - Monthly - End of period,2022-03,14,A,F,
M,TR,368,0,,From 20 May 2010 onwards: 1 week official repo rate; from 20 Feb 2002 to 19 May 2010: Central Bank overnight borrowing rate.,4,Central Bank of the Republic of Turkey,This rate can be considered the official policy rate as from 20 May 2010.  http://www.tcmb.gov.tr/wps/wcm/connect/en/tcmb+en/main+menu/announcements/press+releases/2018/ano2018-21, Central bank policy rates - Türkiye - Monthly - End of period,2022-04,14,A,F,
M,TR,368,0,,From 20 May 2010 onwards: 1 week official repo rate; from 20 Feb 2002 to 19 May 2010: Central Bank overnight borrowing rate.,4,Central Bank of the Republic of Turkey,This rate can be considered the official policy rate as from 20 May 2010.  http://www.tcmb.gov.tr/wps/wcm/connect/en/tcmb+en/main+menu/announcements/press+releases/2018/ano2018-21, Central bank policy rates - Türkiye - Monthly - End of period,2022-05,14,A,F,
M,TR,368,0,,From 20 May 2010 onwards: 1 week official repo rate; from 20 Feb 2002 to 19 May 2010: Central Bank overnight borrowing rate.,4,Central Bank of the Republic of Turkey,This rate can be considered the official policy rate as from 20 May 2010.  http://www.tcmb.gov.tr/wps/wcm/connect/en/tcmb+en/main+menu/announcements/press+releases/2018/ano2018-21, Central bank policy rates - Türkiye - Monthly - End of period,2022-06,14,A,F,
M,TR,368,0,,From 20 May 2010 onwards: 1 week official repo rate; from 20 Feb 2002 to 19 May 2010: Central Bank overnight borrowing rate.,4,Central Bank of the Republic of Turkey,This rate can be considered the official policy rate as from 20 May 2010.  http://www.tcmb.gov.tr/wps/wcm/connect/en/tcmb+en/main+menu/announcements/press+releases/2018/ano2018-21, Central bank policy rates - Türkiye - Monthly - End of period,2022-07,14,A,F,
M,TR,368,0,,From 20 May 2010 onwards: 1 week official repo rate; from 20 Feb 2002 to 19 May 2010: Central Bank overnight borrowing rate.,4,Central Bank of the Republic of Turkey,This rate can be considered the official policy rate as from 20 May 2010.  http://www.tcmb.gov.tr/wps/wcm/connect/en/tcmb+en/main+menu/announcements/press+releases/2018/ano2018-21, Central bank policy rates - Türkiye - Monthly - End of period,2022-08,13,A,F,
M,TR,368,0,,From 20 May 2010 onwards: 1 week official repo rate; from 20 Feb 2002 to 19 May 2010: Central Bank overnight borrowing rate.,4,Central Bank of the Republic of Turkey,This rate can be considered the official policy rate as from 20 May 2010.  http://www.tcmb.gov.tr/wps/wcm/connect/en/tcmb+en/main+menu/announcements/press+releases/2018/ano2018-21, Central bank policy rates - Türkiye - Monthly - End of period,2022-09,12,A,F,
M,TR,368,0,,From 20 May 2010 onwards: 1 week official repo rate; from 20 Feb 2002 to 19 May 2010: Central Bank overnight borrowing rate.,4,Central Bank of the Republic of Turkey,This rate can be considered the official policy rate as from 20 May 2010.  http://www.tcmb.gov.tr/wps/wcm/connect/en/tcmb+en/main+menu/announcements/press+releases/2018/ano2018-21, Central bank policy rates - Türkiye - Monthly - End of period,2022-10,10.5,A,F,
M,TR,368,0,,From 20 May 2010 onwards: 1 week official repo rate; from 20 Feb 2002 to 19 May 2010: Central Bank overnight borrowing rate.,4,Central Bank of the Republic of Turkey,This rate can be considered the official policy rate as from 20 May 2010.  http://www.tcmb.gov.tr/wps/wcm/connect/en/tcmb+en/main+menu/announcements/press+releases/2018/ano2018-21, Central bank policy rates - Türkiye - Monthly - End of period,2022-11,9,A,F,
M,TR,368,0,,From 20 May 2010 onwards: 1 week official repo rate; from 20 Feb 2002 to 19 May 2010: Central Bank overnight borrowing rate.,4,Central Bank of the Republic of Turkey,This rate can be considered the official policy rate as from 20 May 2010.  http://www.tcmb.gov.tr/wps/wcm/connect/en/tcmb+en/main+menu/announcements/press+releases/2018/ano2018-21, Central bank policy rates - Türkiye - Monthly - End of period,2022-12,9,A,F,
M,TR,368,0,,From 20 May 2010 onwards: 1 week official repo rate; from 20 Feb 2002 to 19 May 2010: Central Bank overnight borrowing rate.,4,Central Bank of the Republic of Turkey,This rate can be considered the official policy rate as from 20 May 2010.  http://www.tcmb.gov.tr/wps/wcm/connect/en/tcmb+en/main+menu/announcements/press+releases/2018/ano2018-21, Central bank policy rates - Türkiye - Monthly - End of period,2023-01,9,A,F,
M,TR,368,0,,From 20 May 2010 onwards: 1 week official repo rate; from 20 Feb 2002 to 19 May 2010: Central Bank overnight borrowing rate.,4,Central Bank of the Republic of Turkey,This rate can be considered the official policy rate as from 20 May 2010.  http://www.tcmb.gov.tr/wps/wcm/connect/en/tcmb+en/main+menu/announcements/press+releases/2018/ano2018-21, Central bank policy rates - Türkiye - Monthly - End of period,2023-02,8.5,A,F,
M,TR,368,0,,From 20 May 2010 onwards: 1 week official repo rate; from 20 Feb 2002 to 19 May 2010: Central Bank overnight borrowing rate.,4,Central Bank of the Republic of Turkey,This rate can be considered the official policy rate as from 20 May 2010.  http://www.tcmb.gov.tr/wps/wcm/connect/en/tcmb+en/main+menu/announcements/press+releases/2018/ano2018-21, Central bank policy rates - Türkiye - Monthly - End of period,2023-03,8.5,A,F,
M,TR,368,0,,From 20 May 2010 onwards: 1 week official repo rate; from 20 Feb 2002 to 19 May 2010: Central Bank overnight borrowing rate.,4,Central Bank of the Republic of Turkey,This rate can be considered the official policy rate as from 20 May 2010.  http://www.tcmb.gov.tr/wps/wcm/connect/en/tcmb+en/main+menu/announcements/press+releases/2018/ano2018-21, Central bank policy rates - Türkiye - Monthly - End of period,2023-04,8.5,A,F,
M,TR,368,0,,From 20 May 2010 onwards: 1 week official repo rate; from 20 Feb 2002 to 19 May 2010: Central Bank overnight borrowing rate.,4,Central Bank of the Republic of Turkey,This rate can be considered the official policy rate as from 20 May 2010.  http://www.tcmb.gov.tr/wps/wcm/connect/en/tcmb+en/main+menu/announcements/press+releases/2018/ano2018-21, Central bank policy rates - Türkiye - Monthly - End of period,2023-05,8.5,A,F,
M,TR,368,0,,From 20 May 2010 onwards: 1 week official repo rate; from 20 Feb 2002 to 19 May 2010: Central Bank overnight borrowing rate.,4,Central Bank of the Republic of Turkey,This rate can be considered the official policy rate as from 20 May 2010.  http://www.tcmb.gov.tr/wps/wcm/connect/en/tcmb+en/main+menu/announcements/press+releases/2018/ano2018-21, Central bank policy rates - Türkiye - Monthly - End of period,2023-06,15,A,F,
M,TR,368,0,,From 20 May 2010 onwards: 1 week official repo rate; from 20 Feb 2002 to 19 May 2010: Central Bank overnight borrowing rate.,4,Central Bank of the Republic of Turkey,This rate can be considered the official policy rate as from 20 May 2010.  http://www.tcmb.gov.tr/wps/wcm/connect/en/tcmb+en/main+menu/announcements/press+releases/2018/ano2018-21, Central bank policy rates - Türkiye - Monthly - End of period,2023-07,17.5,A,F,
M,TR,368,0,,From 20 May 2010 onwards: 1 week official repo rate; from 20 Feb 2002 to 19 May 2010: Central Bank overnight borrowing rate.,4,Central Bank of the Republic of Turkey,This rate can be considered the official policy rate as from 20 May 2010.  http://www.tcmb.gov.tr/wps/wcm/connect/en/tcmb+en/main+menu/announcements/press+releases/2018/ano2018-21, Central bank policy rates - Türkiye - Monthly - End of period,2023-08,25,A,F,
M,TR,368,0,,From 20 May 2010 onwards: 1 week official repo rate; from 20 Feb 2002 to 19 May 2010: Central Bank overnight borrowing rate.,4,Central Bank of the Republic of Turkey,This rate can be considered the official policy rate as from 20 May 2010.  http://www.tcmb.gov.tr/wps/wcm/connect/en/tcmb+en/main+menu/announcements/press+releases/2018/ano2018-21, Central bank policy rates - Türkiye - Monthly - End of period,2023-09,30,A,F,
M,TR,368,0,,From 20 May 2010 onwards: 1 week official repo rate; from 20 Feb 2002 to 19 May 2010: Central Bank overnight borrowing rate.,4,Central Bank of the Republic of Turkey,This rate can be considered the official policy rate as from 20 May 2010.  http://www.tcmb.gov.tr/wps/wcm/connect/en/tcmb+en/main+menu/announcements/press+releases/2018/ano2018-21, Central bank policy rates - Türkiye - Monthly - End of period,2023-10,35,A,F,
M,TR,368,0,,From 20 May 2010 onwards: 1 week official repo rate; from 20 Feb 2002 to 19 May 2010: Central Bank overnight borrowing rate.,4,Central Bank of the Republic of Turkey,This rate can be considered the official policy rate as from 20 May 2010.  http://www.tcmb.gov.tr/wps/wcm/connect/en/tcmb+en/main+menu/announcements/press+releases/2018/ano2018-21, Central bank policy rates - Türkiye - Monthly - End of period,2023-11,40,A,F,
M,TR,368,0,,From 20 May 2010 onwards: 1 week official repo rate; from 20 Feb 2002 to 19 May 2010: Central Bank overnight borrowing rate.,4,Central Bank of the Republic of Turkey,This rate can be considered the official policy rate as from 20 May 2010.  http://www.tcmb.gov.tr/wps/wcm/connect/en/tcmb+en/main+menu/announcements/press+releases/2018/ano2018-21, Central bank policy rates - Türkiye - Monthly - End of period,2023-12,42.5,A,F,
M,TR,368,0,,From 20 May 2010 onwards: 1 week official repo rate; from 20 Feb 2002 to 19 May 2010: Central Bank overnight borrowing rate.,4,Central Bank of the Republic of Turkey,This rate can be considered the official policy rate as from 20 May 2010.  http://www.tcmb.gov.tr/wps/wcm/connect/en/tcmb+en/main+menu/announcements/press+releases/2018/ano2018-21, Central bank policy rates - Türkiye - Monthly - End of period,2024-01,45,A,F,
M,TR,368,0,,From 20 May 2010 onwards: 1 week official repo rate; from 20 Feb 2002 to 19 May 2010: Central Bank overnight borrowing rate.,4,Central Bank of the Republic of Turkey,This rate can be considered the official policy rate as from 20 May 2010.  http://www.tcmb.gov.tr/wps/wcm/connect/en/tcmb+en/main+menu/announcements/press+releases/2018/ano2018-21, Central bank policy rates - Türkiye - Monthly - End of period,2024-02,45,A,F,
M,TR,368,0,,From 20 May 2010 onwards: 1 week official repo rate; from 20 Feb 2002 to 19 May 2010: Central Bank overnight borrowing rate.,4,Central Bank of the Republic of Turkey,This rate can be considered the official policy rate as from 20 May 2010.  http://www.tcmb.gov.tr/wps/wcm/connect/en/tcmb+en/main+menu/announcements/press+releases/2018/ano2018-21, Central bank policy rates - Türkiye - Monthly - End of period,2024-03,50,A,F,
M,TR,368,0,,From 20 May 2010 onwards: 1 week official repo rate; from 20 Feb 2002 to 19 May 2010: Central Bank overnight borrowing rate.,4,Central Bank of the Republic of Turkey,This rate can be considered the official policy rate as from 20 May 2010.  http://www.tcmb.gov.tr/wps/wcm/connect/en/tcmb+en/main+menu/announcements/press+releases/2018/ano2018-21, Central bank policy rates - Türkiye - Monthly - End of period,2024-04,50,A,F,
M,TR,368,0,,From 20 May 2010 onwards: 1 week official repo rate; from 20 Feb 2002 to 19 May 2010: Central Bank overnight borrowing rate.,4,Central Bank of the Republic of Turkey,This rate can be considered the official policy rate as from 20 May 2010.  http://www.tcmb.gov.tr/wps/wcm/connect/en/tcmb+en/main+menu/announcements/press+releases/2018/ano2018-21, Central bank policy rates - Türkiye - Monthly - End of period,2024-05,50,A,F,
M,TR,368,0,,From 20 May 2010 onwards: 1 week official repo rate; from 20 Feb 2002 to 19 May 2010: Central Bank overnight borrowing rate.,4,Central Bank of the Republic of Turkey,This rate can be considered the official policy rate as from 20 May 2010.  http://www.tcmb.gov.tr/wps/wcm/connect/en/tcmb+en/main+menu/announcements/press+releases/2018/ano2018-21, Central bank policy rates - Türkiye - Monthly - End of period,2024-06,50,A,F,
M,TR,368,0,,From 20 May 2010 onwards: 1 week official repo rate; from 20 Feb 2002 to 19 May 2010: Central Bank overnight borrowing rate.,4,Central Bank of the Republic of Turkey,This rate can be considered the official policy rate as from 20 May 2010.  http://www.tcmb.gov.tr/wps/wcm/connect/en/tcmb+en/main+menu/announcements/press+releases/2018/ano2018-21, Central bank policy rates - Türkiye - Monthly - End of period,2024-07,50,A,F,
M,TR,368,0,,From 20 May 2010 onwards: 1 week official repo rate; from 20 Feb 2002 to 19 May 2010: Central Bank overnight borrowing rate.,4,Central Bank of the Republic of Turkey,This rate can be considered the official policy rate as from 20 May 2010.  http://www.tcmb.gov.tr/wps/wcm/connect/en/tcmb+en/main+menu/announcements/press+releases/2018/ano2018-21, Central bank policy rates - Türkiye - Monthly - End of period,2024-08,50,A,F,
M,TR,368,0,,From 20 May 2010 onwards: 1 week official repo rate; from 20 Feb 2002 to 19 May 2010: Central Bank overnight borrowing rate.,4,Central Bank of the Republic of Turkey,This rate can be considered the official policy rate as from 20 May 2010.  http://www.tcmb.gov.tr/wps/wcm/connect/en/tcmb+en/main+menu/announcements/press+releases/2018/ano2018-21, Central bank policy rates - Türkiye - Monthly - End of period,2024-09,50,A,F,
M,TR,368,0,,From 20 May 2010 onwards: 1 week official repo rate; from 20 Feb 2002 to 19 May 2010: Central Bank overnight borrowing rate.,4,Central Bank of the Republic of Turkey,This rate can be considered the official policy rate as from 20 May 2010.  http://www.tcmb.gov.tr/wps/wcm/connect/en/tcmb+en/main+menu/announcements/press+releases/2018/ano2018-21, Central bank policy rates - Türkiye - Monthly - End of period,2024-10,50,A,F,
M,TR,368,0,,From 20 May 2010 onwards: 1 week official repo rate; from 20 Feb 2002 to 19 May 2010: Central Bank overnight borrowing rate.,4,Central Bank of the Republic of Turkey,This rate can be considered the official policy rate as from 20 May 2010.  http://www.tcmb.gov.tr/wps/wcm/connect/en/tcmb+en/main+menu/announcements/press+releases/2018/ano2018-21, Central bank policy rates - Türkiye - Monthly - End of period,2024-11,50,A,F,
M,TR,368,0,,From 20 May 2010 onwards: 1 week official repo rate; from 20 Feb 2002 to 19 May 2010: Central Bank overnight borrowing rate.,4,Central Bank of the Republic of Turkey,This rate can be considered the official policy rate as from 20 May 2010.  http://www.tcmb.gov.tr/wps/wcm/connect/en/tcmb+en/main+menu/announcements/press+releases/2018/ano2018-21, Central bank policy rates - Türkiye - Monthly - End of period,2024-12,47.5,A,F,
M,TR,368,0,,From 20 May 2010 onwards: 1 week official repo rate; from 20 Feb 2002 to 19 May 2010: Central Bank overnight borrowing rate.,4,Central Bank of the Republic of Turkey,This rate can be considered the official policy rate as from 20 May 2010.  http://www.tcmb.gov.tr/wps/wcm/connect/en/tcmb+en/main+menu/announcements/press+releases/2018/ano2018-21, Central bank policy rates - Türkiye - Monthly - End of period,2025-01,45,A,F,
M,TR,368,0,,From 20 May 2010 onwards: 1 week official repo rate; from 20 Feb 2002 to 19 May 2010: Central Bank overnight borrowing rate.,4,Central Bank of the Republic of Turkey,This rate can be considered the official policy rate as from 20 May 2010.  http://www.tcmb.gov.tr/wps/wcm/connect/en/tcmb+en/main+menu/announcements/press+releases/2018/ano2018-21, Central bank policy rates - Türkiye - Monthly - End of period,2025-02,45,A,F,
M,TR,368,0,,From 20 May 2010 onwards: 1 week official repo rate; from 20 Feb 2002 to 19 May 2010: Central Bank overnight borrowing rate.,4,Central Bank of the Republic of Turkey,This rate can be considered the official policy rate as from 20 May 2010.  http://www.tcmb.gov.tr/wps/wcm/connect/en/tcmb+en/main+menu/announcements/press+releases/2018/ano2018-21, Central bank policy rates - Türkiye - Monthly - End of period,2025-03,42.5,A,F,
M,TR,368,0,,From 20 May 2010 onwards: 1 week official repo rate; from 20 Feb 2002 to 19 May 2010: Central Bank overnight borrowing rate.,4,Central Bank of the Republic of Turkey,This rate can be considered the official policy rate as from 20 May 2010.  http://www.tcmb.gov.tr/wps/wcm/connect/en/tcmb+en/main+menu/announcements/press+releases/2018/ano2018-21, Central bank policy rates - Türkiye - Monthly - End of period,2025-04,46,A,F,
M,TR,368,0,,From 20 May 2010 onwards: 1 week official repo rate; from 20 Feb 2002 to 19 May 2010: Central Bank overnight borrowing rate.,4,Central Bank of the Republic of Turkey,This rate can be considered the official policy rate as from 20 May 2010.  http://www.tcmb.gov.tr/wps/wcm/connect/en/tcmb+en/main+menu/announcements/press+releases/2018/ano2018-21, Central bank policy rates - Türkiye - Monthly - End of period,2025-05,46,A,F,
M,TR,368,0,,From 20 May 2010 onwards: 1 week official repo rate; from 20 Feb 2002 to 19 May 2010: Central Bank overnight borrowing rate.,4,Central Bank of the Republic of Turkey,This rate can be considered the official policy rate as from 20 May 2010.  http://www.tcmb.gov.tr/wps/wcm/connect/en/tcmb+en/main+menu/announcements/press+releases/2018/ano2018-21, Central bank policy rates - Türkiye - Monthly - End of period,2025-06,46,A,F,
M,TR,368,0,,From 20 May 2010 onwards: 1 week official repo rate; from 20 Feb 2002 to 19 May 2010: Central Bank overnight borrowing rate.,4,Central Bank of the Republic of Turkey,This rate can be considered the official policy rate as from 20 May 2010.  http://www.tcmb.gov.tr/wps/wcm/connect/en/tcmb+en/main+menu/announcements/press+releases/2018/ano2018-21, Central bank policy rates - Türkiye - Monthly - End of period,2025-07,43,A,F,
M,TR,368,0,,From 20 May 2010 onwards: 1 week official repo rate; from 20 Feb 2002 to 19 May 2010: Central Bank overnight borrowing rate.,4,Central Bank of the Republic of Turkey,This rate can be considered the official policy rate as from 20 May 2010.  http://www.tcmb.gov.tr/wps/wcm/connect/en/tcmb+en/main+menu/announcements/press+releases/2018/ano2018-21, Central bank policy rates - Türkiye - Monthly - End of period,2025-08,43,A,F,
M,TR,368,0,,From 20 May 2010 onwards: 1 week official repo rate; from 20 Feb 2002 to 19 May 2010: Central Bank overnight borrowing rate.,4,Central Bank of the Republic of Turkey,This rate can be considered the official policy rate as from 20 May 2010.  http://www.tcmb.gov.tr/wps/wcm/connect/en/tcmb+en/main+menu/announcements/press+releases/2018/ano2018-21, Central bank policy rates - Türkiye - Monthly - End of period,2025-09,40.5,A,F,
M,TR,368,0,,From 20 May 2010 onwards: 1 week official repo rate; from 20 Feb 2002 to 19 May 2010: Central Bank overnight borrowing rate.,4,Central Bank of the Republic of Turkey,This rate can be considered the official policy rate as from 20 May 2010.  http://www.tcmb.gov.tr/wps/wcm/connect/en/tcmb+en/main+menu/announcements/press+releases/2018/ano2018-21, Central bank policy rates - Türkiye - Monthly - End of period,2025-10,39.5,A,F,
M,TR,368,0,,From 20 May 2010 onwards: 1 week official repo rate; from 20 Feb 2002 to 19 May 2010: Central Bank overnight borrowing rate.,4,Central Bank of the Republic of Turkey,This rate can be considered the official policy rate as from 20 May 2010.  http://www.tcmb.gov.tr/wps/wcm/connect/en/tcmb+en/main+menu/announcements/press+releases/2018/ano2018-21, Central bank policy rates - Türkiye - Monthly - End of period,2025-11,39.5,A,F,
M,TR,368,0,,From 20 May 2010 onwards: 1 week official repo rate; from 20 Feb 2002 to 19 May 2010: Central Bank overnight borrowing rate.,4,Central Bank of the Republic of Turkey,This rate can be considered the official policy rate as from 20 May 2010.  http://www.tcmb.gov.tr/wps/wcm/connect/en/tcmb+en/main+menu/announcements/press+releases/2018/ano2018-21, Central bank policy rates - Türkiye - Monthly - End of period,2025-12,38,A,F,
M,TR,368,0,,From 20 May 2010 onwards: 1 week official repo rate; from 20 Feb 2002 to 19 May 2010: Central Bank overnight borrowing rate.,4,Central Bank of the Republic of Turkey,This rate can be considered the official policy rate as from 20 May 2010.  http://www.tcmb.gov.tr/wps/wcm/connect/en/tcmb+en/main+menu/announcements/press+releases/2018/ano2018-21, Central bank policy rates - Türkiye - Monthly - End of period,2026-01,37,A,F,
M,TR,368,0,,From 20 May 2010 onwards: 1 week official repo rate; from 20 Feb 2002 to 19 May 2010: Central Bank overnight borrowing rate.,4,Central Bank of the Republic of Turkey,This rate can be considered the official policy rate as from 20 May 2010.  http://www.tcmb.gov.tr/wps/wcm/connect/en/tcmb+en/main+menu/announcements/press+releases/2018/ano2018-21, Central bank policy rates - Türkiye - Monthly - End of period,2026-02,37,A,F,
M,TR,368,0,,From 20 May 2010 onwards: 1 week official repo rate; from 20 Feb 2002 to 19 May 2010: Central Bank overnight borrowing rate.,4,Central Bank of the Republic of Turkey,This rate can be considered the official policy rate as from 20 May 2010.  http://www.tcmb.gov.tr/wps/wcm/connect/en/tcmb+en/main+menu/announcements/press+releases/2018/ano2018-21, Central bank policy rates - Türkiye - Monthly - End of period,2026-03,37,A,F,
M,TR,368,0,,From 20 May 2010 onwards: 1 week official repo rate; from 20 Feb 2002 to 19 May 2010: Central Bank overnight borrowing rate.,4,Central Bank of the Republic of Turkey,This rate can be considered the official policy rate as from 20 May 2010.  http://www.tcmb.gov.tr/wps/wcm/connect/en/tcmb+en/main+menu/announcements/press+releases/2018/ano2018-21, Central bank policy rates - Türkiye - Monthly - End of period,2026-04,37,A,F,
M,TR,368,0,,From 20 May 2010 onwards: 1 week official repo rate; from 20 Feb 2002 to 19 May 2010: Central Bank overnight borrowing rate.,4,Central Bank of the Republic of Turkey,This rate can be considered the official policy rate as from 20 May 2010.  http://www.tcmb.gov.tr/wps/wcm/connect/en/tcmb+en/main+menu/announcements/press+releases/2018/ano2018-21, Central bank policy rates - Türkiye - Monthly - End of period,2026-05,37,A,F,
M,TR,368,0,,From 20 May 2010 onwards: 1 week official repo rate; from 20 Feb 2002 to 19 May 2010: Central Bank overnight borrowing rate.,4,Central Bank of the Republic of Turkey,This rate can be considered the official policy rate as from 20 May 2010.  http://www.tcmb.gov.tr/wps/wcm/connect/en/tcmb+en/main+menu/announcements/press+releases/2018/ano2018-21, Central bank policy rates - Türkiye - Monthly - End of period,2026-06,37,A,F,
M,TR,368,0,,From 20 May 2010 onwards: 1 week official repo rate; from 20 Feb 2002 to 19 May 2010: Central Bank overnight borrowing rate.,4,Central Bank of the Republic of Turkey,This rate can be considered the official policy rate as from 20 May 2010.  http://www.tcmb.gov.tr/wps/wcm/connect/en/tcmb+en/main+menu/announcements/press+releases/2018/ano2018-21, Central bank policy rates - Türkiye - Monthly - End of period,2026-07,37,A,F,
M,TR,368,0,,From 20 May 2010 onwards: 1 week official repo rate; from 20 Feb 2002 to 19 May 2010: Central Bank overnight borrowing rate.,4,Central Bank of the Republic of Turkey,This rate can be considered the official policy rate as from 20 May 2010.  http://www.tcmb.gov.tr/wps/wcm/connect/en/tcmb+en/main+menu/announcements/press+releases/2018/ano2018-21, Central bank policy rates - Türkiye - Monthly - End of period,2026-08,37,A,F,
